potentiometer0,potentiometer1,potentiometer2,potentiometer3,potentiometer4,potentiometer5,potentiometer6,encoder0,encoder1,encoder2,encoder3,encoder4,encoder5,encoder6
-1.0437031657455749,-0.34124014084903637,-0.5026515236985256,-2.8035495381108566,-2.794243523315676,-1.2672320347322918,-3.3497076744537813
-1.0437031657455749,-0.34124014084903637,-0.5027425799488308,-2.8035188997313805,-2.7941488295655996,-1.2669485909829785,-3.3497076744537813
-1.0439771032462613,-0.3413303345991125,-0.502923829949212,-2.8036714988525153,-2.794243523315676,-1.2672320347322918,-3.349851976327866
-1.0437944782458035,-0.34127163235518737,-0.5030157486997462,-2.803976697094784,-2.7938647483153707,-1.266570665983894,-3.3496595738290864
-1.0436118532453458,-0.3413618261052635,-0.502923829949212,-2.8038547363531254,-2.7940541358155233,-1.2669485909829785,-3.349755775078476
-1.0437031657455749,-0.34109124485503467,-0.5028353611995935,-2.8038850783444795,-2.7943382170657523,-1.2672320347322918,-3.3497076744537813
-1.0438857907460326,-0.34109124485503467,-0.5026532486989832,-2.8036714988525153,-2.7940541358155233,-1.2669485909829785,-3.349803875703171
-1.0437944782458035,-0.34109124485503467,-0.5026532486989832,-2.8036714988525153,-2.794243523315676,-1.2669485909829785,-3.3497076744537813
-1.0438857907460326,-0.3413031238613384,-0.5028336361991359,-2.8036714988525153,-2.7943382170657523,-1.2669485909829785,-3.3497076744537813
-1.0437031657455749,-0.3413031238613384,-0.5028336361991359,-2.8036714988525153,-2.7941488295655996,-1.2672320347322918,-3.3496114732043916
-1.0438857907460326,-0.3413031238613384,-0.5027425799488308,-2.803610518481686,-2.7944329108158286,-1.2671375534825207,-3.349755775078476
-1.0440684157464903,-0.3413933176114145,-0.5028327736989069,-2.8037021372319915,-2.7944329108158286,-1.2671375534825207,-3.3497076744537813
-1.0438857907460326,-0.3413031238613384,-0.5025604674482205,-2.8034885577400273,-2.794243523315676,-1.2669485909829785,-3.349803875703171
-1.0439771032462613,-0.3413031238613384,-0.502924692449441,-2.80382409797365,-2.794811685816134,-1.267326515982063,-3.3499000769525606
-1.0437031657455749,-0.3413933176114145,-0.5027417174486017,-2.803824394361772,-2.794527604565905,-1.2672320347322918,-3.3499481775772555
-1.0437944782458035,-0.3413031238613384,-0.502924692449441,-2.8037324792233447,-2.7941488295655996,-1.2670430722327497,-3.3497076744537813
-1.0440684157464903,-0.34121293011126225,-0.5024702736981443,-2.8036717952406374,-2.794243523315676,-1.2668541097332073,-3.3496595738290864
-1.0438857907460326,-0.34121293011126225,-0.5024702736981443,-2.8034885577400273,-2.794243523315676,-1.2669485909829785,-3.349851976327866
-1.0438857907460326,-0.3413933176114145,-0.5028327736989069,-2.8037021372319915,-2.7940541358155233,-1.2669485909829785,-3.3496114732043916
-1.0438857907460326,-0.3411227363611857,-0.5025621924486781,-2.803610518481686,-2.794527604565905,-1.2668541097332073,-3.349851976327866
-1.0437031657455749,-0.3413031238613384,-0.5026515236985256,-2.8037327756114667,-2.7944329108158286,-1.267326515982063,-3.3496595738290864
-1.0437944782458035,-0.34121293011126225,-0.5027434424490598,-2.80357988010221,-2.794527604565905,-1.2672320347322918,-3.3497076744537813
-1.0439771032462613,-0.3413933176114145,-0.5028327736989069,-2.8037021372319915,-2.7944329108158286,-1.267326515982063,-3.3496114732043916
-1.0437944782458035,-0.34121293011126225,-0.5026523861987546,-2.8037021372319915,-2.794527604565905,-1.2669485909829785,-3.349851976327866
-1.0436118532453458,-0.3413031238613384,-0.5028336361991359,-2.8038547363531254,-2.7943382170657523,-1.2667596284834364,-3.3496595738290864
-1.0437944782458035,-0.34121293011126225,-0.5026523861987546,-2.803976993482907,-2.7940541358155233,-1.2671375534825207,-3.349755775078476
-1.0438857907460326,-0.3413031238613384,-0.5027425799488308,-2.8035188997313805,-2.794243523315676,-1.2671375534825207,-3.349803875703171
-1.0437031657455749,-0.3413346153674893,-0.5027425799488308,-2.803610518481686,-2.794527604565905,-1.2669485909829785,-3.3497076744537813
-1.0439771032462613,-0.341515002867642,-0.5030140236992886,-2.803488261351905,-2.793959442065447,-1.2667596284834364,-3.349563372579697
-1.0437031657455749,-0.3412444216174132,-0.5028344986993649,-2.8035492417227346,-2.793959442065447,-1.2660982597350385,-3.349851976327866
-1.0437031657455749,-0.34142480911756545,-0.5028327736989069,-2.8038853747326016,-2.7947169920660575,-1.2672320347322918,-3.3497076744537813
-1.0438857907460326,-0.34142480911756545,-0.5028327736989069,-2.8035188997313805,-2.794527604565905,-1.2675154784816052,-3.3499481775772555
-1.0437031657455749,-0.34160519661771815,-0.5031952736996699,-2.803915716723955,-2.794527604565905,-1.267326515982063,-3.349803875703171
-1.0438857907460326,-0.3413346153674893,-0.5028336361991359,-2.8038547363531254,-2.7943382170657523,-1.2671375534825207,-3.3499000769525606
-1.0437031657455749,-0.34142480911756545,-0.5025596049479915,-2.803610814869808,-2.7944329108158286,-1.2672320347322918,-3.3497076744537813
-1.0437944782458035,-0.3416953903677943,-0.5031033549491357,-2.8035188997313805,-2.794527604565905,-1.2672320347322918,-3.349851976327866
-1.0435205407451171,-0.341515002867642,-0.5031961361998989,-2.803976697094784,-2.794527604565905,-1.2669485909829785,-3.3496595738290864
-1.0438857907460326,-0.341515002867642,-0.5029229674489835,-2.8037021372319915,-2.7940541358155233,-1.2666651472336652,-3.3495152719550023
-1.0437031657455749,-0.341515002867642,-0.5031050799495937,-2.8037324792233447,-2.794527604565905,-1.2669485909829785,-3.349851976327866
-1.0440684157464903,-0.341515002867642,-0.5030140236992886,-2.803763117602821,-2.794243523315676,-1.2672320347322918,-3.3499481775772555
-1.0437944782458035,-0.34145630062371646,-0.5027417174486017,-2.8037327756114667,-2.7944329108158286,-1.2671375534825207,-3.3496595738290864
-1.0438857907460326,-0.34154649437379303,-0.5029229674489835,-2.803793755982296,-2.794243523315676,-1.2672320347322918,-3.349851976327866
-1.0437944782458035,-0.34154649437379303,-0.5031050799495937,-2.80382409797365,-2.794243523315676,-1.2670430722327497,-3.3497076744537813
-1.0440684157464903,-0.34136610687364033,-0.5026515236985256,-2.8037327756114667,-2.7943382170657523,-1.2671375534825207,-3.3496114732043916
-1.0437944782458035,-0.34145630062371646,-0.5028327736989069,-2.803610518481686,-2.794243523315676,-1.2671375534825207,-3.349851976327866
-1.0437031657455749,-0.34136610687364033,-0.5026515236985256,-2.803641156861162,-2.794622298315981,-1.2672320347322918,-3.3496114732043916
-1.0437031657455749,-0.3412759131235642,-0.5025613299484495,-2.8037327756114667,-2.7944329108158286,-1.2672320347322918,-3.349803875703171
-1.0436118532453458,-0.34154649437379303,-0.5031050799495937,-2.803915716723955,-2.794527604565905,-1.267326515982063,-3.3499481775772555
-1.0438857907460326,-0.34145630062371646,-0.5026506611982966,-2.8035801764903328,-2.794811685816134,-1.267326515982063,-3.3499962782019503
-1.0437031657455749,-0.34145630062371646,-0.5031059424498223,-2.8037018408438685,-2.794622298315981,-1.2671375534825207,-3.3499000769525606
-1.0436118532453458,-0.34136610687364033,-0.5026515236985256,-2.803641156861162,-2.7947169920660575,-1.267326515982063,-3.349851976327866
-1.0439771032462613,-0.34154649437379303,-0.5029229674489835,-2.803610518481686,-2.794527604565905,-1.267326515982063,-3.3499481775772555
-1.0436118532453458,-0.34136610687364033,-0.5025604674482205,-2.8036717952406374,-2.794811685816134,-1.2675154784816052,-3.3499481775772555
-1.0437031657455749,-0.3412759131235642,-0.5025613299484495,-2.803641156861162,-2.7947169920660575,-1.2676099597313764,-3.3499481775772555
-1.0438857907460326,-0.34136610687364033,-0.5027425799488308,-2.8037021372319915,-2.794527604565905,-1.2669485909829785,-3.3496114732043916
-1.0437031657455749,-0.34136610687364033,-0.5027162816677857,-2.8037021372319915,-2.7944329108158286,-1.2669485909829785,-3.3496114732043916
-1.0438857907460326,-0.34154649437379303,-0.5029877254182435,-2.8036714988525153,-2.794527604565905,-1.2672320347322918,-3.349803875703171
-1.0438857907460326,-0.34145630062371646,-0.502897531668167,-2.8038547363531254,-2.7944329108158286,-1.2670430722327497,-3.3496595738290864
-1.0437031657455749,-0.34136610687364033,-0.5026252254174806,-2.8035495381108566,-2.7944329108158286,-1.2672320347322918,-3.349803875703171
-1.0439771032462613,-0.34148779212986746,-0.5025333066669464,-2.8033359586188924,-2.794243523315676,-1.2669485909829785,-3.349755775078476
-1.0437031657455749,-0.34121721087963863,-0.5023537816670227,-2.8035801764903328,-2.7944329108158286,-1.2671375534825207,-3.3496114732043916
-1.0438857907460326,-0.34157798587994403,-0.5028056129176333,-2.8035495381108566,-2.794243523315676,-1.2672320347322918,-3.349755775078476
-1.0439771032462613,-0.34157798587994403,-0.5028966691679384,-2.8037021372319915,-2.7943382170657523,-1.2671375534825207,-3.349755775078476
-1.0438857907460326,-0.34148779212986746,-0.5025333066669464,-2.803610814869808,-2.7944329108158286,-1.2671375534825207,-3.3496595738290864
-1.0437031657455749,-0.34139759837979133,-0.5025341691671754,-2.8034885577400273,-2.7944329108158286,-1.2672320347322918,-3.349803875703171
-1.0438857907460326,-0.3413074046297152,-0.502261862916489,-2.8033665969983685,-2.7941488295655996,-1.2669485909829785,-3.3496114732043916
-1.0439105628060674,-0.34148779212986746,-0.5028064754178618,-2.8035188997313805,-2.794527604565905,-1.2674209972318342,-3.3496114732043916
-1.0439105628060674,-0.34157798587994403,-0.5028056129176333,-2.803457919360551,-2.794527604565905,-1.2672320347322918,-3.349803875703171
-1.0437279378056097,-0.34139759837979133,-0.5025341691671754,-2.8036717952406374,-2.794243523315676,-1.2672320347322918,-3.3496595738290864
-1.0437279378056097,-0.34139759837979133,-0.5026252254174806,-2.803641156861162,-2.794527604565905,-1.2671375534825207,-3.349803875703171
-1.0439105628060674,-0.34148779212986746,-0.5026243629172515,-2.803305320239417,-2.7944329108158286,-1.2675154784816052,-3.349851976327866
-1.0437279378056097,-0.34139759837979133,-0.5028073379180908,-2.8038547363531254,-2.793959442065447,-1.2669485909829785,-3.3494671713303075
-1.0439105628060674,-0.34139759837979133,-0.5025341691671754,-2.803763413990943,-2.794527604565905,-1.2675154784816052,-3.3499481775772555
-1.0437279378056097,-0.34157798587994403,-0.5027145566673281,-2.8036717952406374,-2.7947169920660575,-1.2671375534825207,-3.349755775078476
-1.0439105628060674,-0.34157798587994403,-0.5028056129176333,-2.803457919360551,-2.7944329108158286,-1.267326515982063,-3.3497076744537813
-1.0438192503058383,-0.34157798587994403,-0.5028966691679384,-2.803610518481686,-2.79490637956621,-1.2675154784816052,-3.3499000769525606
-1.044001875306296,-0.34148779212986746,-0.5028064754178618,-2.803610518481686,-2.79490637956621,-1.2671375534825207,-3.349851976327866
-1.0438192503058383,-0.34148779212986746,-0.5027154191675567,-2.8037327756114667,-2.7944329108158286,-1.2672320347322918,-3.3496114732043916
-1.0439105628060674,-0.34166817963002016,-0.5028047504174042,-2.8033969389897218,-2.794622298315981,-1.2672320347322918,-3.3497076744537813
-1.0439105628060674,-0.34139759837979133,-0.5027162816677857,-2.803793755982296,-2.794622298315981,-1.267326515982063,-3.349851976327866
-1.043545312805152,-0.34148779212986746,-0.5026243629172515,-2.803763413990943,-2.7943382170657523,-1.2674209972318342,-3.349755775078476
-1.0439105628060674,-0.3413074046297152,-0.5025350316674044,-2.8034919834208205,-2.7947169920660575,-1.267326515982063,-3.3497076744537813
-1.0437279378056097,-0.34139759837979133,-0.5023520566665651,-2.803217423558027,-2.7940541358155233,-1.2666651472336652,-3.349563372579697
-1.0438192503058383,-0.34151928363601847,-0.5025333066669464,-2.803370022679162,-2.794527604565905,-1.266570665983894,-3.349563372579697
-1.0438192503058383,-0.34160947738609504,-0.5028966691679384,-2.80355296379165,-2.794243523315676,-1.2667596284834364,-3.3495152719550023
-1.0437279378056097,-0.34151928363601847,-0.5027154191675567,-2.803400364670515,-2.7940541358155233,-1.2669485909829785,-3.349803875703171
-1.0436366253053806,-0.34151928363601847,-0.502897531668167,-2.8035223254121737,-2.7943382170657523,-1.2674209972318342,-3.349803875703171
-1.0434540003049229,-0.3417898648862473,-0.5030770566680907,-2.8036445825419545,-2.794243523315676,-1.2671375534825207,-3.349803875703171
-1.0438192503058383,-0.34124870238578964,-0.5023537816670227,-2.8035226218002958,-2.794527604565905,-1.2671375534825207,-3.3499000769525606
-1.0438192503058383,-0.3417898648862473,-0.5030770566680907,-2.80355296379165,-2.7947169920660575,-1.2672320347322918,-3.349851976327866
-1.0440931878065252,-0.34160947738609504,-0.5028056129176333,-2.803766839671736,-2.794527604565905,-1.267326515982063,-3.349851976327866
-1.043545312805152,-0.34124870238578964,-0.5024448379173279,-2.803583602171125,-2.794622298315981,-1.267326515982063,-3.349851976327866
-1.0437279378056097,-0.34160947738609504,-0.5030787816685487,-2.8036749245333086,-2.7943382170657523,-1.2670430722327497,-3.3496595738290864
-1.0438192503058383,-0.34151928363601847,-0.5028064754178618,-2.803369726291039,-2.7944329108158286,-1.2671375534825207,-3.3496595738290864
-1.044001875306296,-0.34142908988594234,-0.5026252254174806,-2.803583602171125,-2.794527604565905,-1.2671375534825207,-3.3496595738290864
-1.0436366253053806,-0.34160947738609504,-0.5028056129176333,-2.803400364670515,-2.794527604565905,-1.267326515982063,-3.349803875703171
-1.0437279378056097,-0.34142908988594234,-0.5027162816677857,-2.80355296379165,-2.794622298315981,-1.2674209972318342,-3.349803875703171
-1.0438192503058383,-0.34160947738609504,-0.5027145566673281,-2.803431003049991,-2.794527604565905,-1.2668541097332073,-3.3496595738290864
-1.044001875306296,-0.34151928363601847,-0.5027154191675567,-2.803583602171125,-2.794811685816134,-1.2674209972318342,-3.3499481775772555
-1.0436366253053806,-0.34160947738609504,-0.5027145566673281,-2.8037058593009068,-2.794622298315981,-1.2669485909829785,-3.3499000769525606
-1.0438192503058383,-0.34142908988594234,-0.5025341691671754,-2.803431003049991,-2.7944329108158286,-1.2672320347322918,-3.3496114732043916
-1.0437279378056097,-0.3413703876420172,-0.5024439754170993,-2.8035226218002958,-2.794527604565905,-1.267326515982063,-3.349803875703171
-1.0437279378056097,-0.34155077514216947,-0.5026243629172515,-2.80324776554938,-2.794527604565905,-1.2669485909829785,-3.349755775078476
-1.0439105628060674,-0.3418213563923983,-0.5029860004177855,-2.803400364670515,-2.7944329108158286,-1.2670430722327497,-3.3497076744537813
-1.0439105628060674,-0.34155077514216947,-0.5025333066669464,-2.8032784039288563,-2.7944329108158286,-1.267326515982063,-3.349851976327866
-1.0440931878065252,-0.3417311626423222,-0.5027136941670991,-2.803553260179772,-2.7941488295655996,-1.2668541097332073,-3.3496114732043916
-1.0437279378056097,-0.34164096889224604,-0.5027145566673281,-2.8035226218002958,-2.7947169920660575,-1.2669485909829785,-3.349851976327866
-1.0438192503058383,-0.34146058139209334,-0.5025341691671754,-2.803431003049991,-2.7947169920660575,-1.267326515982063,-3.349851976327866
-1.0438192503058383,-0.34155077514216947,-0.5026243629172515,-2.803431003049991,-2.794622298315981,-1.2675154784816052,-3.3499481775772555
-1.0439105628060674,-0.34164096889224604,-0.5027145566673281,-2.803431003049991,-2.794811685816134,-1.2674209972318342,-3.3499481775772555
-1.044001875306296,-0.3418213563923983,-0.5030770566680907,-2.8034613450413444,-2.794811685816134,-1.2672320347322918,-3.3496595738290864
-1.0437279378056097,-0.34164096889224604,-0.5029877254182435,-2.803430706661868,-2.7943382170657523,-1.2669485909829785,-3.3497076744537813
-1.0439105628060674,-0.34164096889224604,-0.5028056129176333,-2.803583602171125,-2.7944329108158286,-1.2671375534825207,-3.349803875703171
-1.044001875306296,-0.34155077514216947,-0.5024422504166413,-2.803583898559248,-2.7947169920660575,-1.267326515982063,-3.3497076744537813
-1.0439105628060674,-0.3418213563923983,-0.5027128316668701,-2.8033090423083324,-2.794527604565905,-1.2672320347322918,-3.349803875703171
-1.0439105628060674,-0.3417311626423222,-0.5027136941670991,-2.803370022679162,-2.7947169920660575,-1.2672320347322918,-3.349851976327866
-1.0438192503058383,-0.34146058139209334,-0.5025341691671754,-2.8033393842996857,-2.794527604565905,-1.2674209972318342,-3.3496114732043916
-1.043545312805152,-0.34164096889224604,-0.5028056129176333,-2.8036752209214306,-2.794622298315981,-1.2672320347322918,-3.3497076744537813
-1.0437279378056097,-0.34164096889224604,-0.5027145566673281,-2.803431003049991,-2.7940541358155233,-1.2668541097332073,-3.3495152719550023
-1.0437279378056097,-0.34164096889224604,-0.5029877254182435,-2.803888800413395,-2.794527604565905,-1.2671375534825207,-3.3496114732043916
-1.043545312805152,-0.3417311626423222,-0.5027136941670991,-2.8032784039288563,-2.794527604565905,-1.2671375534825207,-3.349803875703171
-1.0438192503058383,-0.34155077514216947,-0.5023511941663361,-2.803431299438113,-2.794243523315676,-1.2669485909829785,-3.349563372579697
-1.044001875306296,-0.3418213563923983,-0.5030770566680907,-2.8036445825419545,-2.794622298315981,-1.2672320347322918,-3.3494190707056126
-1.043545312805152,-0.34164096889224604,-0.5027145566673281,-2.8033393842996857,-2.794622298315981,-1.2671375534825207,-3.3496114732043916
-1.044001875306296,-0.3417311626423222,-0.5028958066677094,-2.8033087459202095,-2.794811685816134,-1.2670430722327497,-3.349803875703171
-1.0439105628060674,-0.34146058139209334,-0.5025341691671754,-2.8036142405506013,-2.794811685816134,-1.267326515982063,-3.349851976327866
-1.0439105628060674,-0.34164096889224604,-0.502623500417023,-2.803186785178551,-2.79490637956621,-1.267326515982063,-3.3499000769525606
-1.0437279378056097,-0.34164096889224604,-0.5027145566673281,-2.8037058593009068,-2.794622298315981,-1.267326515982063,-3.3496595738290864
-1.0439105628060674,-0.34155077514216947,-0.5027154191675567,-2.803400364670515,-2.794527604565905,-1.2671375534825207,-3.3499481775772555
-1.0438192503058383,-0.34155077514216947,-0.502897531668167,-2.8035223254121737,-2.7973935492484188,-1.2671375534825207,-3.3496595738290864
-1.0439105628060674,-0.34164096889224604,-0.502623500417023,-2.8034616414294664,-2.7976776304986473,-1.267326515982063,-3.349851976327866
-1.0436366253053806,-0.3417311626423222,-0.5028047504174042,-2.803431003049991,-2.7978670179988,-1.2675154784816052,-3.349851976327866
-1.0437279378056097,-0.34155077514216947,-0.5028064754178618,-2.8034613450413444,-2.7974882429984946,-1.267326515982063,-3.349851976327866
-1.0438192503058383,-0.3415822666483205,-0.5027154191675567,-2.8036752209214306,-2.7973935492484188,-1.2668541097332073,-3.3496114732043916
-1.0438192503058383,-0.3415822666483205,-0.5027154191675567,-2.803766839671736,-2.7975829367485714,-1.2671375534825207,-3.3497076744537813
-1.0439105628060674,-0.34167246039839705,-0.502623500417023,-2.8036448789300774,-2.7975829367485714,-1.2676099597313764,-3.349755775078476
-1.0437279378056097,-0.34167246039839705,-0.5027145566673281,-2.8033393842996857,-2.7974882429984946,-1.2672320347322918,-3.349803875703171
-1.0439105628060674,-0.34167246039839705,-0.5028056129176333,-2.8034919834208205,-2.7976776304986473,-1.2671375534825207,-3.3497076744537813
-1.0438192503058383,-0.34167246039839705,-0.5028056129176333,-2.803400364670515,-2.7975829367485714,-1.2672320347322918,-3.3497076744537813
-1.0439105628060674,-0.34149207289824435,-0.5023520566665651,-2.8034922798089426,-2.7973935492484188,-1.2669485909829785,-3.3497076744537813
-1.0438192503058383,-0.3417626541484732,-0.5027136941670991,-2.8034616414294664,-2.7973935492484188,-1.266570665983894,-3.3494671713303075
-1.0437279378056097,-0.34167246039839705,-0.5027145566673281,-2.803431003049991,-2.797204161748266,-1.2668541097332073,-3.3496114732043916
-1.0440931878065252,-0.34167246039839705,-0.5028056129176333,-2.803217127169905,-2.7976776304986473,-1.2671375534825207,-3.349755775078476
-1.0438192503058383,-0.3415822666483205,-0.5024422504166413,-2.8034922798089426,-2.7973935492484188,-1.2672320347322918,-3.349803875703171
-1.0439105628060674,-0.3415822666483205,-0.5026243629172515,-2.803431003049991,-2.7975829367485714,-1.267326515982063,-3.3497076744537813
-1.0438192503058383,-0.3415822666483205,-0.502897531668167,-2.803430706661868,-2.7976776304986473,-1.2669485909829785,-3.349851976327866
-1.0440931878065252,-0.3415822666483205,-0.5024422504166413,-2.8033090423083324,-2.7974882429984946,-1.2670430722327497,-3.3496114732043916
-1.0439105628060674,-0.3418528478985493,-0.5028038879171752,-2.8034616414294664,-2.7973935492484188,-1.2669485909829785,-3.3497076744537813
-1.0439105628060674,-0.3418528478985493,-0.5030770566680907,-2.8034613450413444,-2.797298855498342,-1.2668541097332073,-3.3496114732043916
-1.044001875306296,-0.3418528478985493,-0.5029860004177855,-2.803400364670515,-2.7974882429984946,-1.2674209972318342,-3.349803875703171
-1.0438192503058383,-0.34167246039839705,-0.5028056129176333,-2.8031255084195994,-2.7975829367485714,-1.2671375534825207,-3.3497076744537813
-1.0437279378056097,-0.3418528478985493,-0.5028949441674804,-2.8033393842996857,-2.7976776304986473,-1.2675154784816052,-3.349851976327866
-1.0437279378056097,-0.3417626541484732,-0.5028958066677094,-2.803583602171125,-2.797772324248724,-1.2671375534825207,-3.3497076744537813
-1.044001875306296,-0.34149207289824435,-0.5025341691671754,-2.8033393842996857,-2.797772324248724,-1.2671375534825207,-3.3497076744537813
-1.0439105628060674,-0.3417626541484732,-0.5028958066677094,-2.803400364670515,-2.7975829367485714,-1.2671375534825207,-3.349851976327866
-1.044001875306296,-0.3415822666483205,-0.5024422504166413,-2.8031258048077214,-2.7973935492484188,-1.2671375534825207,-3.3497076744537813
-1.044001875306296,-0.3419430416486259,-0.502985137917557,-2.8033393842996857,-2.7976776304986473,-1.2670430722327497,-3.349803875703171
-1.044001875306296,-0.3417626541484732,-0.502622637916794,-2.803217423558027,-2.797772324248724,-1.2671375534825207,-3.349851976327866
-1.0439105628060674,-0.3417626541484732,-0.502622637916794,-2.803400661058637,-2.797772324248724,-1.2669485909829785,-3.349851976327866
-1.0440931878065252,-0.3419430416486259,-0.5031672504181672,-2.8034613450413444,-2.797961711748876,-1.2675154784816052,-3.350044378826645
-1.044001875306296,-0.3415822666483205,-0.5026243629172515,-2.803431003049991,-2.797772324248724,-1.2672320347322918,-3.349851976327866
-1.044001875306296,-0.34167246039839705,-0.5027145566673281,-2.8036142405506013,-2.798245792999105,-1.2676099597313764,-3.350044378826645
-1.044001875306296,-0.3419430416486259,-0.5028940816672518,-2.8034616414294664,-2.7976776304986473,-1.267326515982063,-3.349851976327866
-1.0439105628060674,-0.3418528478985493,-0.5028038879171752,-2.803370022679162,-2.797772324248724,-1.2672320347322918,-3.349851976327866
-1.0438192503058383,-0.34170395190454805,-0.5029877254182435,-2.803613944162479,-2.7973935492484188,-1.2672320347322918,-3.349803875703171
-1.0438192503058383,-0.3418843394047003,-0.5028038879171752,-2.803553260179772,-2.797961711748876,-1.2675154784816052,-3.350044378826645
-1.0439353348661027,-0.3416137581544715,-0.5025333066669464,-2.8032784039288563,-2.7970147742481135,-1.2669485909829785,-3.3496595738290864
-1.0439353348661027,-0.3417941456546242,-0.5028958066677094,-2.803217127169905,-2.7971094679981894,-1.2669485909829785,-3.349563372579697
-1.0439353348661027,-0.34170395190454805,-0.502623500417023,-2.8034616414294664,-2.7976776304986473,-1.267326515982063,-3.3496114732043916
-1.043752709865645,-0.34170395190454805,-0.502623500417023,-2.803553260179772,-2.7976776304986473,-1.267326515982063,-3.3497076744537813
-1.0438440223658736,-0.3417941456546242,-0.5028958066677094,-2.8034919834208205,-2.7975829367485714,-1.267326515982063,-3.3497076744537813
-1.0438440223658736,-0.3416137581544715,-0.5027154191675567,-2.803583602171125,-2.7975829367485714,-1.267326515982063,-3.3499000769525606
-1.0440266473663313,-0.3419745331547769,-0.5028940816672518,-2.8034616414294664,-2.7976776304986473,-1.2669485909829785,-3.3496114732043916
-1.0440266473663313,-0.3418843394047003,-0.5028949441674804,-2.8035226218002958,-2.7974882429984946,-1.2671375534825207,-3.349803875703171
-1.0440266473663313,-0.3416137581544715,-0.5026243629172515,-2.8033393842996857,-2.797772324248724,-1.2671375534825207,-3.349803875703171
-1.0435700848651872,-0.34170395190454805,-0.5027145566673281,-2.8035226218002958,-2.7974882429984946,-1.2669485909829785,-3.349755775078476
-1.0441179598665604,-0.34170395190454805,-0.5027145566673281,-2.80324776554938,-2.7974882429984946,-1.2669485909829785,-3.349803875703171
-1.043752709865645,-0.3417941456546242,-0.502622637916794,-2.8033090423083324,-2.7970147742481135,-1.2668541097332073,-3.349563372579697
-1.0438440223658736,-0.34170395190454805,-0.502623500417023,-2.803186785178551,-2.7974882429984946,-1.2672320347322918,-3.3497076744537813
-1.0439353348661027,-0.34170395190454805,-0.502623500417023,-2.803370022679162,-2.7974882429984946,-1.2672320347322918,-3.349851976327866
-1.0439353348661027,-0.34170395190454805,-0.502623500417023,-2.8034616414294664,-2.7974882429984946,-1.2672320347322918,-3.3499000769525606
-1.0441179598665604,-0.34170395190454805,-0.5028056129176333,-2.8034919834208205,-2.7973935492484188,-1.267326515982063,-3.349563372579697
-1.0441179598665604,-0.3418843394047003,-0.5030770566680907,-2.8032781075407343,-2.7974882429984946,-1.2669485909829785,-3.349803875703171
-1.0438440223658736,-0.34152356440439535,-0.5024431129168703,-2.803553260179772,-2.797772324248724,-1.2674209972318342,-3.349851976327866
-1.043752709865645,-0.3416137581544715,-0.5025333066669464,-2.8034616414294664,-2.7976776304986473,-1.2674209972318342,-3.3497076744537813
-1.043752709865645,-0.3416137581544715,-0.5026243629172515,-2.8035226218002958,-2.7976776304986473,-1.2674209972318342,-3.349851976327866
-1.0439353348661027,-0.34152356440439535,-0.5025341691671754,-2.803431003049991,-2.7974882429984946,-1.2672320347322918,-3.3497076744537813
-1.043752709865645,-0.3418843394047003,-0.5028949441674804,-2.8035226218002958,-2.797204161748266,-1.2670430722327497,-3.349755775078476
-1.043752709865645,-0.34152356440439535,-0.5025341691671754,-2.80324776554938,-2.7975829367485714,-1.2672320347322918,-3.349803875703171
-1.0440266473663313,-0.3416137581544715,-0.5026243629172515,-2.803431003049991,-2.797298855498342,-1.2671375534825207,-3.349803875703171
-1.0440266473663313,-0.3416137581544715,-0.5024422504166413,-2.803217423558027,-2.797204161748266,-1.2669485909829785,-3.349803875703171
-1.0439353348661027,-0.34170395190454805,-0.502623500417023,-2.8032784039288563,-2.7973935492484188,-1.2669485909829785,-3.3495152719550023
-1.043752709865645,-0.3417941456546242,-0.5028047504174042,-2.8035226218002958,-2.7975829367485714,-1.2672320347322918,-3.3497076744537813
-1.0438440223658736,-0.34170395190454805,-0.5025324441667178,-2.8033090423083324,-2.7974882429984946,-1.2672320347322918,-3.3497076744537813
-1.043752709865645,-0.3416137581544715,-0.5027154191675567,-2.803400364670515,-2.7974882429984946,-1.2668541097332073,-3.3497076744537813
-1.043752709865645,-0.34170395190454805,-0.5027145566673281,-2.803431003049991,-2.7978670179988,-1.2675154784816052,-3.349851976327866
-1.0441179598665604,-0.3417941456546242,-0.5028047504174042,-2.8035226218002958,-2.7974882429984946,-1.2670430722327497,-3.3496114732043916
-1.0440266473663313,-0.3418843394047003,-0.5028038879171752,-2.8034616414294664,-2.7974882429984946,-1.2669485909829785,-3.3497076744537813
-1.0439353348661027,-0.3416137581544715,-0.5027154191675567,-2.8034919834208205,-2.7973935492484188,-1.2672320347322918,-3.3496114732043916
-1.0439353348661027,-0.3416452496606225,-0.5024422504166413,-2.8033090423083324,-2.7976776304986473,-1.2669485909829785,-3.3497076744537813
-1.0439353348661027,-0.3416452496606225,-0.5024422504166413,-2.8033090423083324,-2.7976776304986473,-1.2670430722327497,-3.349851976327866
-1.0439353348661027,-0.34173544341069906,-0.502623500417023,-2.803370022679162,-2.7970147742481135,-1.2671375534825207,-3.3496114732043916
-1.0439353348661027,-0.3419158309108513,-0.5027128316668701,-2.8033090423083324,-2.797772324248724,-1.2676099597313764,-3.3499962782019503
-1.043752709865645,-0.3418256371607752,-0.5027136941670991,-2.803186785178551,-2.7975829367485714,-1.2672320347322918,-3.3497076744537813
-1.0439353348661027,-0.3418256371607752,-0.502622637916794,-2.803034186057417,-2.797204161748266,-1.2671375534825207,-3.3496114732043916
-1.0438440223658736,-0.3418256371607752,-0.5027136941670991,-2.8036448789300774,-2.7975829367485714,-1.2672320347322918,-3.349851976327866
-1.043752709865645,-0.3418256371607752,-0.5027136941670991,-2.803370022679162,-2.797298855498342,-1.2672320347322918,-3.349803875703171
-1.0439353348661027,-0.34155505591054636,-0.5023520566665651,-2.8034922798089426,-2.7973935492484188,-1.2672320347322918,-3.349851976327866
-1.043752709865645,-0.34173544341069906,-0.5028056129176333,-2.803766839671736,-2.7976776304986473,-1.267326515982063,-3.349851976327866
-1.043752709865645,-0.3418256371607752,-0.502622637916794,-2.803400661058637,-2.7970147742481135,-1.2667596284834364,-3.3495152719550023
-1.044209272366789,-0.3416452496606225,-0.5026243629172515,-2.8035226218002958,-2.7976776304986473,-1.2674209972318342,-3.3499481775772555
-1.043752709865645,-0.34173544341069906,-0.5027145566673281,-2.80324776554938,-2.7974882429984946,-1.2667596284834364,-3.349322869456223
-1.0439353348661027,-0.3416452496606225,-0.5025333066669464,-2.8034616414294664,-2.7976776304986473,-1.2671375534825207,-3.3496595738290864
-1.0439353348661027,-0.3418256371607752,-0.5028047504174042,-2.8033393842996857,-2.7974882429984946,-1.267326515982063,-3.3496595738290864
-1.0441179598665604,-0.34173544341069906,-0.5027145566673281,-2.8036142405506013,-2.7971094679981894,-1.2668541097332073,-3.3496114732043916
-1.0440266473663313,-0.3419158309108513,-0.5028038879171752,-2.8032784039288563,-2.7973935492484188,-1.2670430722327497,-3.3496595738290864
-1.043752709865645,-0.3418256371607752,-0.502622637916794,-2.803583898559248,-2.7973935492484188,-1.267326515982063,-3.349803875703171
-1.043752709865645,-0.3419158309108513,-0.5028038879171752,-2.803370022679162,-2.7973935492484188,-1.267326515982063,-3.3496114732043916
-1.0439353348661027,-0.3416452496606225,-0.5024422504166413,-2.803583898559248,-2.7974882429984946,-1.2674209972318342,-3.3499481775772555
-1.0439353348661027,-0.3419158309108513,-0.5027128316668701,-2.803400661058637,-2.7976776304986473,-1.2674209972318342,-3.349803875703171
-1.0439353348661027,-0.3418256371607752,-0.5027136941670991,-2.8032784039288563,-2.797204161748266,-1.2667596284834364,-3.3494190707056126
-1.0441179598665604,-0.34173544341069906,-0.5027145566673281,-2.80324776554938,-2.7975829367485714,-1.2672320347322918,-3.3496595738290864
-1.043752709865645,-0.3418256371607752,-0.5027136941670991,-2.803095166428246,-2.7976776304986473,-1.267326515982063,-3.3496114732043916
-1.0440266473663313,-0.3418256371607752,-0.502622637916794,-2.8033090423083324,-2.7975829367485714,-1.2675154784816052,-3.3499481775772555
-1.0439353348661027,-0.3419158309108513,-0.5029860004177855,-2.8034919834208205,-2.7974882429984946,-1.2672320347322918,-3.3497076744537813
-1.0440266473663313,-0.34173544341069906,-0.5028056129176333,-2.803217127169905,-2.7974882429984946,-1.2670430722327497,-3.349563372579697
-1.043752709865645,-0.3418256371607752,-0.502622637916794,-2.8033090423083324,-2.7976776304986473,-1.2671375534825207,-3.349755775078476
-1.0441179598665604,-0.3419158309108513,-0.5028949441674804,-2.8031561467990755,-2.797772324248724,-1.267326515982063,-3.3497076744537813
-1.0440266473663313,-0.34146486216047023,-0.502261862916489,-2.8033090423083324,-2.7974882429984946,-1.267326515982063,-3.349851976327866
-1.0438440223658736,-0.3416452496606225,-0.5024422504166413,-2.8033090423083324,-2.7974882429984946,-1.2671375534825207,-3.3496114732043916
-1.043752709865645,-0.3419158309108513,-0.5028949441674804,-2.8035226218002958,-2.7973935492484188,-1.2671375534825207,-3.349803875703171
-1.0438440223658736,-0.34173544341069906,-0.5028056129176333,-2.803583602171125,-2.7976776304986473,-1.2671375534825207,-3.3497076744537813
-1.043752709865645,-0.3419158309108513,-0.5029860004177855,-2.803766839671736,-2.7975829367485714,-1.267326515982063,-3.349803875703171
-1.043752709865645,-0.34173544341069906,-0.502623500417023,-2.803553260179772,-2.7973935492484188,-1.2672320347322918,-3.349851976327866
-1.0440266473663313,-0.34173544341069906,-0.5024413879164127,-2.803248061937503,-2.797772324248724,-1.267326515982063,-3.3496595738290864
-1.0439353348661027,-0.3418256371607752,-0.5028958066677094,-2.8033087459202095,-2.7975829367485714,-1.2674209972318342,-3.3496595738290864
-1.0439353348661027,-0.34173544341069906,-0.5027145566673281,-2.8033393842996857,-2.7975829367485714,-1.2669485909829785,-3.349803875703171
-1.0440266473663313,-0.34173544341069906,-0.502623500417023,-2.8034616414294664,-2.797204161748266,-1.2667596284834364,-3.3496595738290864
-1.043752709865645,-0.3420060246609279,-0.5028030254169467,-2.803217423558027,-2.797772324248724,-1.267326515982063,-3.3497076744537813
-1.0439353348661027,-0.3420060246609279,-0.502985137917557,-2.8036142405506013,-2.7974882429984946,-1.2675154784816052,-3.3496114732043916
-1.0439353348661027,-0.34173544341069906,-0.5028056129176333,-2.803583602171125,-2.7973935492484188,-1.267326515982063,-3.349755775078476
-1.043752709865645,-0.3419158309108513,-0.5027128316668701,-2.803217423558027,-2.7975829367485714,-1.267326515982063,-3.349851976327866
-1.0440266473663313,-0.3419158309108513,-0.5027128316668701,-2.8033090423083324,-2.7971094679981894,-1.266570665983894,-3.349563372579697
-1.0435700848651872,-0.3418256371607752,-0.502622637916794,-2.8033090423083324,-2.7974882429984946,-1.267326515982063,-3.3496595738290864
-1.0440266473663313,-0.3419158309108513,-0.5028949441674804,-2.8033393842996857,-2.7976776304986473,-1.2672320347322918,-3.3499000769525606
-1.0440266473663313,-0.3416452496606225,-0.5027154191675567,-2.803400364670515,-2.7976776304986473,-1.2676099597313764,-3.3499481775772555
-1.043752709865645,-0.34176693491685006,-0.5024413879164127,-2.803248061937503,-2.7976776304986473,-1.2672320347322918,-3.3497076744537813
-1.043752709865645,-0.34176693491685006,-0.5025324441667178,-2.8033090423083324,-2.7973935492484188,-1.2669485909829785,-3.3497076744537813
-1.043752709865645,-0.34176693491685006,-0.502623500417023,-2.803186785178551,-2.7976776304986473,-1.2670430722327497,-3.3496595738290864
-1.0439353348661027,-0.3418571286669262,-0.502622637916794,-2.803217423558027,-2.7974882429984946,-1.2672320347322918,-3.349755775078476
-0.9683404615784498,-0.3011756881149328,-0.49978326703343234,-2.7721658313952626,-2.406543512540008,-1.2671375534825207,-3.122233120939298
-0.9682491490782207,-0.30108549436485665,-0.49996624203427165,-2.7723487725077507,-2.4057859625393974,-1.2663817034843519,-3.1218964165664347
-0.968066524077763,-0.30108549436485665,-0.4998751857839665,-2.772562648387837,-2.406259431289779,-1.2669485909829785,-3.1221369196899085
-0.9682491490782207,-0.30108549436485665,-0.4996930732833562,-2.7722574501455672,-2.406543512540008,-1.2672320347322918,-3.122233120939298
-0.9683404615784498,-0.3011756881149328,-0.49996537953404263,-2.772196173386616,-2.4057859625393974,-1.266570665983894,-3.1217040140676553
-0.968157836577992,-0.3011756881149328,-0.4998743232837375,-2.7721351930157865,-2.4063541250398552,-1.2669485909829785,-3.1220888190652136
-0.9682491490782207,-0.3011756881149328,-0.5001474920346529,-2.7723181341282745,-2.4060700437896267,-1.2667596284834364,-3.1219445171911295
-0.968041752017728,-0.30108549436485665,-0.4996930732833562,-2.7724406876461782,-2.406259431289779,-1.2670430722327497,-3.1221369196899085
-0.9681330645179571,-0.30108549436485665,-0.4999014840650115,-2.772379410887226,-2.4061647375397026,-1.266570665983894,-3.1218964165664347
-0.9682243770181858,-0.3011756881149328,-0.49999167781508763,-2.772196173386616,-2.406259431289779,-1.2668541097332073,-3.1219445171911295
-0.9683156895184148,-0.30090510686470395,-0.49981215281516395,-2.7724403912580553,-2.4057859625393974,-1.266570665983894,-3.12184831594174
-0.9681330645179571,-0.30108549436485665,-0.5000835965656218,-2.7725013716288847,-2.4061647375397026,-1.2667596284834364,-3.1219445171911295
-0.9681330645179571,-0.3013560756150855,-0.5001720653152404,-2.772379410887226,-2.4061647375397026,-1.2668541097332073,-3.1219445171911295
-0.9683156895184148,-0.3008149131146278,-0.4996309028147827,-2.772379410887226,-2.4057859625393974,-1.2668541097332073,-3.1218964165664347
-0.9681330645179571,-0.30090510686470395,-0.4997210965648588,-2.772562648387837,-2.4063541250398552,-1.2667596284834364,-3.1221369196899085
-0.9682243770181858,-0.30108549436485665,-0.49981042781470636,-2.7723184305163966,-2.4057859625393974,-1.266570665983894,-3.1218964165664347
-0.9683156895184148,-0.3011756881149328,-0.4999006215647825,-2.772226811766092,-2.4063541250398552,-1.2669485909829785,-3.1219445171911295
-0.9682243770181858,-0.3009953006147805,-0.4996291778143251,-2.7724406876461782,-2.4060700437896267,-1.2669485909829785,-3.1219445171911295
-0.9682243770181858,-0.30090510686470395,-0.49963004031455366,-2.7723184305163966,-2.4061647375397026,-1.2669485909829785,-3.1219445171911295
-0.9684070020186435,-0.3011756881149328,-0.500173790315698,-2.77240975287858,-2.406259431289779,-1.2668541097332073,-3.1220888190652136
-0.9683156895184148,-0.30108549436485665,-0.4999014840650115,-2.772379410887226,-2.4063541250398552,-1.2667596284834364,-3.12184831594174
-0.9682243770181858,-0.3008149131146278,-0.4996309028147827,-2.772379410887226,-2.4064488187899316,-1.2671375534825207,-3.1221850203146033
-0.9681330645179571,-0.3011756881149328,-0.49999167781508763,-2.7719213171357002,-2.4061647375397026,-1.266570665983894,-3.12175211469235
-0.968041752017728,-0.3011756881149328,-0.4999006215647825,-2.772226811766092,-2.4060700437896267,-1.2669485909829785,-3.1219445171911295
-0.9683156895184148,-0.30090510686470395,-0.4997210965648588,-2.7721045546363103,-2.406543512540008,-1.2671375534825207,-3.1220888190652136
-0.9681330645179571,-0.30126588186500936,-0.5000818715651643,-2.772196173386616,-2.406259431289779,-1.2668541097332073,-3.12184831594174
-0.9682243770181858,-0.3011756881149328,-0.4999006215647825,-2.7723184305163966,-2.4061647375397026,-1.2666651472336652,-3.1218964165664347
-0.9683156895184148,-0.3011756881149328,-0.49971850906417176,-2.7723797072753484,-2.4063541250398552,-1.2668541097332073,-3.121800215317045
-0.9682243770181858,-0.30090510686470395,-0.4997210965648588,-2.772379410887226,-2.4063541250398552,-1.2669485909829785,-3.1221369196899085
-0.9683156895184148,-0.3009953006147805,-0.4996291778143251,-2.7724406876461782,-2.405880656289474,-1.2667596284834364,-3.121800215317045
-0.9684070020186435,-0.30108549436485665,-0.49981042781470636,-2.7723184305163966,-2.406543512540008,-1.2669485909829785,-3.1219445171911295
-0.9681330645179571,-0.3008149131146278,-0.4994487903141724,-2.7721658313952626,-2.4060700437896267,-1.266570665983894,-3.1219445171911295
-0.9682243770181858,-0.3009953006147805,-0.49972023406463023,-2.7721351930157865,-2.4061647375397026,-1.2667596284834364,-3.1219445171911295
-0.9682243770181858,-0.3011756881149328,-0.49980956531447734,-2.7722574501455672,-2.4063541250398552,-1.2671375534825207,-3.1219445171911295
-0.9684983145188726,-0.30108549436485665,-0.49999254031531665,-2.772257153757445,-2.40597535003955,-1.266570665983894,-3.121800215317045
-0.9681330645179571,-0.3009953006147805,-0.49972023406463023,-2.7723184305163966,-2.406543512540008,-1.2669485909829785,-3.122040718440519
-0.9682243770181858,-0.30108549436485665,-0.49981042781470636,-2.7721351930157865,-2.406259431289779,-1.2667596284834364,-3.12175211469235
-0.9681330645179571,-0.30108549436485665,-0.49981042781470636,-2.772226811766092,-2.4061647375397026,-1.2669485909829785,-3.12184831594174
-0.9681330645179571,-0.3007834216084768,-0.49953984656447753,-2.772593286767312,-2.4063541250398552,-1.2669485909829785,-3.1217040140676553
-0.9684070020186435,-0.30105400285870565,-0.49999254031531665,-2.772257153757445,-2.40597535003955,-1.2668541097332073,-3.12175211469235
-0.9684070020186435,-0.3009638091086295,-0.4996291778143251,-2.7722574501455672,-2.406259431289779,-1.2668541097332073,-3.1219445171911295
-0.9681330645179571,-0.30087361535855295,-0.4997210965648588,-2.772379410887226,-2.4061647375397026,-1.2668541097332073,-3.121800215317045
-0.9682243770181858,-0.3009638091086295,-0.49972023406463023,-2.7725016680170076,-2.4061647375397026,-1.2666651472336652,-3.12184831594174
-0.968041752017728,-0.30087361535855295,-0.4999032090654691,-2.7723181341282745,-2.4061647375397026,-1.2667596284834364,-3.12184831594174
-0.968041752017728,-0.30105400285870565,-0.49981042781470636,-2.772410049266702,-2.406543512540008,-1.2669485909829785,-3.121992617815824
-0.9681330645179571,-0.30087361535855295,-0.4994479278139429,-2.7723797072753484,-2.4061647375397026,-1.2668541097332073,-3.12184831594174
-0.9681330645179571,-0.3009638091086295,-0.49972023406463023,-2.772593286767312,-2.4066382062900837,-1.2671375534825207,-3.121992617815824
-0.9682243770181858,-0.3009638091086295,-0.49972023406463023,-2.7721351930157865,-2.40597535003955,-1.2663817034843519,-3.1216078128182656
-0.9682243770181858,-0.30087361535855295,-0.49999426531577423,-2.772562351999714,-2.406259431289779,-1.2669485909829785,-3.121800215317045
-0.9681330645179571,-0.30069322785840025,-0.4995407090647061,-2.7722877921369213,-2.4061647375397026,-1.2667596284834364,-3.121800215317045
-0.9681330645179571,-0.3011441966087818,-0.4999006215647825,-2.7725016680170076,-2.40597535003955,-1.2668541097332073,-3.1217040140676553
-0.9684983145188726,-0.3011441966087818,-0.49971850906417176,-2.7721964697747374,-2.4061647375397026,-1.2669485909829785,-3.121800215317045
-0.968041752017728,-0.3009638091086295,-0.49972023406463023,-2.7721351930157865,-2.405880656289474,-1.2667596284834364,-3.121559712193571
-0.9681330645179571,-0.30087361535855295,-0.4997210965648588,-2.772196173386616,-2.4060700437896267,-1.2667596284834364,-3.12175211469235
-0.9681330645179571,-0.30123439035885835,-0.49999081531485906,-2.7721351930157865,-2.406259431289779,-1.2666651472336652,-3.1216078128182656
-0.9682243770181858,-0.3011441966087818,-0.4999006215647825,-2.772226811766092,-2.4060700437896267,-1.266570665983894,-3.1216559134429605
-0.9682243770181858,-0.3009638091086295,-0.49972023406463023,-2.7721351930157865,-2.4061647375397026,-1.2667596284834364,-3.1216078128182656
-0.9681996049581507,-0.30123439035885835,-0.4998997590645539,-2.771890975144347,-2.405880656289474,-1.2667596284834364,-3.1216078128182656
-0.9681082924579221,-0.3009638091086295,-0.4996291778143251,-2.772074212644957,-2.4061647375397026,-1.2668541097332073,-3.1216559134429605
-0.9681082924579221,-0.30087361535855295,-0.4997210965648588,-2.772379410887226,-2.4061647375397026,-1.2667596284834364,-3.1216559134429605
-0.9681082924579221,-0.3011441966087818,-0.5002648465660031,-2.7724707332494094,-2.4063541250398552,-1.2669485909829785,-3.1217040140676553
-0.968016979957693,-0.3013245841089345,-0.5002631215655455,-2.772532010008361,-2.4060700437896267,-1.2668541097332073,-3.1216559134429605
-0.9681082924579221,-0.3011441966087818,-0.4996274528138666,-2.772318726904519,-2.405880656289474,-1.2666651472336652,-3.121559712193571
-0.9681082924579221,-0.3007834216084768,-0.4994487903141724,-2.772074212644957,-2.4057859625393974,-1.2666651472336652,-3.12175211469235
-0.9682909174583798,-0.30087361535855295,-0.49963004031455366,-2.7721351930157865,-2.4061647375397026,-1.2668541097332073,-3.1216078128182656
-0.9681082924579221,-0.3011441966087818,-0.49999167781508763,-2.7722877921369213,-2.4060700437896267,-1.2668541097332073,-3.12175211469235
-0.9681996049581507,-0.30105400285870565,-0.4999014840650115,-2.772196173386616,-2.4060700437896267,-1.2667596284834364,-3.1214635109441815
-0.9681996049581507,-0.3007834216084768,-0.49953984656447753,-2.772043574265481,-2.4061647375397026,-1.2667596284834364,-3.1217040140676553
-0.9682909174583798,-0.3009638091086295,-0.4996291778143251,-2.7722574501455672,-2.406259431289779,-1.2667596284834364,-3.121559712193571
-0.9681082924579221,-0.30105400285870565,-0.49981042781470636,-2.7721351930157865,-2.4061647375397026,-1.2668541097332073,-3.1216559134429605
-0.9681996049581507,-0.30087361535855295,-0.4997210965648588,-2.7722877921369213,-2.4063541250398552,-1.2669485909829785,-3.12184831594174
-0.9681996049581507,-0.30087361535855295,-0.49963004031455366,-2.7723184305163966,-2.4057859625393974,-1.266570665983894,-3.121559712193571
-0.9683822299586085,-0.30105400285870565,-0.5000835965656218,-2.7723181341282745,-2.406259431289779,-1.2671375534825207,-3.1217040140676553
-0.968016979957693,-0.30105400285870565,-0.4997193715644012,-2.772074212644957,-2.4061647375397026,-1.2666651472336652,-3.1216078128182656
-0.9678343549572352,-0.3011441966087818,-0.4999006215647825,-2.772410049266702,-2.4061647375397026,-1.2668541097332073,-3.121559712193571
-0.9681082924579221,-0.30087361535855295,-0.49963004031455366,-2.7723184305163966,-2.406259431289779,-1.2667596284834364,-3.1216559134429605
-0.9682909174583798,-0.30087361535855295,-0.49963004031455366,-2.772226811766092,-2.406259431289779,-1.2668541097332073,-3.1217040140676553
-0.9681996049581507,-0.3009638091086295,-0.5000844590658509,-2.772745589500325,-2.4066382062900837,-1.2671375534825207,-3.121800215317045
-0.968016979957693,-0.30087361535855295,-0.4995389840642485,-2.7724406876461782,-2.4056912687893215,-1.2664761847341228,-3.1214154103194867
-0.9679256674574643,-0.30105400285870565,-0.49981042781470636,-2.7723184305163966,-2.406259431289779,-1.2669485909829785,-3.1216078128182656
-0.9681996049581507,-0.30105400285870565,-0.49981042781470636,-2.7721351930157865,-2.4057859625393974,-1.2661927409848095,-3.1212230078207073
-0.9681996049581507,-0.30105400285870565,-0.4999014840650115,-2.772379410887226,-2.4060700437896267,-1.2670430722327497,-3.1214154103194867
-0.9682909174583798,-0.3009638091086295,-0.4998112903149354,-2.772562648387837,-2.4063541250398552,-1.2667596284834364,-3.1214635109441815
-0.9681996049581507,-0.30069322785840025,-0.49944965281440096,-2.7721351930157865,-2.406259431289779,-1.266570665983894,-3.121367309694792
-0.9682909174583798,-0.30087361535855295,-0.4997210965648588,-2.772379410887226,-2.40597535003955,-1.2667596284834364,-3.1214154103194867
-0.9682909174583798,-0.30105400285870565,-0.4999014840650115,-2.772379410887226,-2.4061647375397026,-1.2666651472336652,-3.121367309694792
-0.9681082924579221,-0.3007834216084768,-0.4996309028147827,-2.7722877921369213,-2.4060700437896267,-1.2668541097332073,-3.1214635109441815
-0.9682909174583798,-0.3009638091086295,-0.4998112903149354,-2.772562648387837,-2.40597535003955,-1.2666651472336652,-3.121367309694792
-0.9681082924579221,-0.30105400285870565,-0.49962831531409563,-2.7721964697747374,-2.40597535003955,-1.2667596284834364,-3.121319209070097
-0.9681996049581507,-0.3007834216084768,-0.4994487903141724,-2.7723490688958727,-2.4061647375397026,-1.2667596284834364,-3.1214154103194867
-0.9681996049581507,-0.30087361535855295,-0.4997210965648588,-2.772196173386616,-2.4061647375397026,-1.2667596284834364,-3.1212230078207073
-0.9681996049581507,-0.30105400285870565,-0.4997193715644012,-2.7722574501455672,-2.4061647375397026,-1.2668541097332073,-3.1214635109441815
-0.9681996049581507,-0.30087361535855295,-0.4997210965648588,-2.7726202030778726,-2.406259431289779,-1.2666651472336652,-3.121319209070097
-0.9681082924579221,-0.3009638091086295,-0.4999023465652405,-2.772681183448702,-2.4057859625393974,-1.2662872222345807,-3.1210787059466227
-0.9681082924579221,-0.3011441966087818,-0.49999167781508763,-2.7724369655772625,-2.4060700437896267,-1.2666651472336652,-3.121367309694792
-0.9681996049581507,-0.3011441966087818,-0.49999167781508763,-2.772345346826957,-2.4061647375397026,-1.266570665983894,-3.1214154103194867
-0.9682909174583798,-0.3007834216084768,-0.4996309028147827,-2.772528584327567,-2.406259431289779,-1.2669485909829785,-3.121559712193571
-0.9681082924579221,-0.3006030341083241,-0.49945051531463,-2.7724369655772625,-2.4060700437896267,-1.266570665983894,-3.121319209070097
-0.9683822299586085,-0.3011441966087818,-0.49999167781508763,-2.772162109326347,-2.406259431289779,-1.2667596284834364,-3.121271108445402
-0.968016979957693,-0.3011441966087818,-0.49999167781508763,-2.772528584327567,-2.4057859625393974,-1.2664761847341228,-3.121030605321928
-0.9681082924579221,-0.30087361535855295,-0.4999032090654691,-2.7724673075686157,-2.4064488187899316,-1.2667596284834364,-3.1214635109441815
-0.9681996049581507,-0.30087361535855295,-0.4997210965648588,-2.7724369655772625,-2.4060700437896267,-1.2666651472336652,-3.121271108445402
-0.9681082924579221,-0.3007834216084768,-0.49953984656447753,-2.772375985206433,-2.4061647375397026,-1.2667596284834364,-3.1214154103194867
-0.9681082924579221,-0.30105400285870565,-0.49981042781470636,-2.7724676039567377,-2.4061647375397026,-1.266570665983894,-3.121271108445402
-0.9681082924579221,-0.30087361535855295,-0.4999032090654691,-2.772558926318921,-2.40597535003955,-1.2668541097332073,-3.1211749071960124
-0.9681996049581507,-0.30069322785840025,-0.4995407090647061,-2.7724369655772625,-2.4063541250398552,-1.2669485909829785,-3.1214154103194867
-0.9681996049581507,-0.30087361535855295,-0.4995389840642485,-2.7724066235859084,-2.4061647375397026,-1.2667596284834364,-3.1214154103194867
-0.9681996049581507,-0.3009638091086295,-0.4996291778143251,-2.7724066235859084,-2.4060700437896267,-1.2668541097332073,-3.1211749071960124
-0.968016979957693,-0.30105400285870565,-0.4999014840650115,-2.772528584327567,-2.4060700437896267,-1.2667596284834364,-3.1212230078207073
-0.9681996049581507,-0.3009323176024785,-0.4998112903149354,-2.7724369655772625,-2.4060700437896267,-1.2667596284834364,-3.121367309694792
-0.9681082924579221,-0.30084212385240194,-0.4997210965648588,-2.772528584327567,-2.4063541250398552,-1.2669485909829785,-3.1214635109441815
-0.9681996049581507,-0.30084212385240194,-0.4997210965648588,-2.7724369655772625,-2.4061647375397026,-1.2667596284834364,-3.121319209070097
-0.9679256674574643,-0.30084212385240194,-0.49963004031455366,-2.7722843664561276,-2.4064488187899316,-1.2669485909829785,-3.1215116115688764
-0.9681996049581507,-0.30102251135255464,-0.49981042781470636,-2.7726508414573487,-2.406259431289779,-1.2667596284834364,-3.121367309694792
-0.9681082924579221,-0.30084212385240194,-0.4997210965648588,-2.772345346826957,-2.4066382062900837,-1.2668541097332073,-3.1215116115688764
-0.9682909174583798,-0.3007519301023258,-0.4999040715656981,-2.772528287939445,-2.4061647375397026,-1.266570665983894,-3.1210787059466227
-0.9681996049581507,-0.3011127051026308,-0.49999167781508763,-2.772162109326347,-2.4061647375397026,-1.2668541097332073,-3.1211749071960124
-0.9681082924579221,-0.30066173635224924,-0.49944965281440096,-2.7725592227070432,-2.406259431289779,-1.2667596284834364,-3.121271108445402
-0.9681082924579221,-0.3009323176024785,-0.49972023406463023,-2.7725592227070432,-2.4063541250398552,-1.2671375534825207,-3.1214154103194867
-0.968016979957693,-0.3007519301023258,-0.4997219590650878,-2.772497945948092,-2.4061647375397026,-1.2667596284834364,-3.121319209070097
-0.9681996049581507,-0.3011127051026308,-0.49999167781508763,-2.7724369655772625,-2.4057859625393974,-1.2660982597350385,-3.121319209070097
-0.9679256674574643,-0.30102251135255464,-0.500174652815927,-2.772528287939445,-2.406259431289779,-1.2669485909829785,-3.121271108445402
-0.9681082924579221,-0.3009323176024785,-0.49972023406463023,-2.7724676039567377,-2.406259431289779,-1.2667596284834364,-3.1214635109441815
-0.9681996049581507,-0.30102251135255464,-0.4999014840650115,-2.7724369655772625,-2.4061647375397026,-1.2667596284834364,-3.1210787059466227
-0.9681996049581507,-0.30102251135255464,-0.4999014840650115,-2.772345346826957,-2.406543512540008,-1.2672320347322918,-3.1214154103194867
-0.9681996049581507,-0.3009323176024785,-0.5000844590658509,-2.772528287939445,-2.405880656289474,-1.2667596284834364,-3.1210787059466227
-0.9681996049581507,-0.3009323176024785,-0.4996291778143251,-2.772315004835604,-2.4060700437896267,-1.2669485909829785,-3.121319209070097
-0.9681996049581507,-0.30084212385240194,-0.4997210965648588,-2.772345346826957,-2.4061647375397026,-1.2668541097332073,-3.1212230078207073
-0.9681082924579221,-0.3007519301023258,-0.4996309028147827,-2.7724369655772625,-2.4061647375397026,-1.2668541097332073,-3.121271108445402
-0.9681996049581507,-0.30084212385240194,-0.4997210965648588,-2.7722537280766515,-2.4061647375397026,-1.2666651472336652,-3.1211749071960124
-0.9681082924579221,-0.30102251135255464,-0.4999014840650115,-2.772345346826957,-2.40597535003955,-1.2667596284834364,-3.121367309694792
-0.968083520397887,-0.30084212385240194,-0.4997210965648588,-2.772528584327567,-2.4066382062900837,-1.267326515982063,-3.1214154103194867
-0.968083520397887,-0.3009323176024785,-0.4998112903149354,-2.7724369655772625,-2.4061647375397026,-1.2667596284834364,-3.1211749071960124
-0.9679922078976579,-0.30102251135255464,-0.49981042781470636,-2.7722843664561276,-2.4061647375397026,-1.2666651472336652,-3.1211268065713176
-0.968083520397887,-0.30084212385240194,-0.4997210965648588,-2.772528584327567,-2.4064488187899316,-1.2668541097332073,-3.121367309694792
-0.968083520397887,-0.30066173635224924,-0.49944965281440096,-2.772375985206433,-2.4060700437896267,-1.2667596284834364,-3.1211749071960124
-0.9681748328981157,-0.30102251135255464,-0.5000835965656218,-2.7727421638195313,-2.40597535003955,-1.2668541097332073,-3.121271108445402
-0.9682661453983448,-0.3011127051026308,-0.5003559028163083,-2.77268088706058,-2.4064488187899316,-1.2669485909829785,-3.1214154103194867
-0.968083520397887,-0.3009323176024785,-0.49972023406463023,-2.7721011289555175,-2.406259431289779,-1.2667596284834364,-3.121319209070097
-0.9681748328981157,-0.3011127051026308,-0.49999167781508763,-2.772345346826957,-2.406259431289779,-1.2672320347322918,-3.121319209070097
-0.9681748328981157,-0.30084212385240194,-0.4999032090654691,-2.772650545069226,-2.4055965750392447,-1.2664761847341228,-3.120934404072538
-0.968083520397887,-0.3007519301023258,-0.49953984656447753,-2.7722843664561276,-2.406259431289779,-1.2669485909829785,-3.121319209070097
-0.9681748328981157,-0.30102251135255464,-0.49999254031531665,-2.7721314709468707,-2.4060700437896267,-1.2668541097332073,-3.1211749071960124
-0.9681748328981157,-0.3009323176024785,-0.4996291778143251,-2.772498242336214,-2.406259431289779,-1.2669485909829785,-3.121271108445402
-0.9679922078976579,-0.30084212385240194,-0.4999032090654691,-2.7724673075686157,-2.4061647375397026,-1.2667596284834364,-3.121271108445402
-0.968083520397887,-0.30102251135255464,-0.4999014840650115,-2.772528584327567,-2.40597535003955,-1.2668541097332073,-3.1211749071960124
-0.968083520397887,-0.30120289885270735,-0.5002639840657745,-2.7724673075686157,-2.4063541250398552,-1.2669485909829785,-3.121271108445402
-0.968083520397887,-0.30084212385240194,-0.4999032090654691,-2.772833782569837,-2.4064488187899316,-1.2672320347322918,-3.1214154103194867
-0.968083520397887,-0.3007519301023258,-0.49953984656447753,-2.7722843664561276,-2.4063541250398552,-1.2666651472336652,-3.1211749071960124
-0.9679922078976579,-0.3011127051026308,-0.49999167781508763,-2.7724369655772625,-2.406259431289779,-1.2672320347322918,-3.121319209070097
-0.9681748328981157,-0.3011127051026308,-0.49999167781508763,-2.772345346826957,-2.4056912687893215,-1.2664761847341228,-3.1210787059466227
-0.968083520397887,-0.30084212385240194,-0.4997210965648588,-2.772345346826957,-2.406259431289779,-1.2669485909829785,-3.1212230078207073
-0.9682661453983448,-0.30066173635224924,-0.4995407090647061,-2.772711821828178,-2.40597535003955,-1.266570665983894,-3.1210787059466227
-0.9681748328981157,-0.3009323176024785,-0.4998112903149354,-2.772345346826957,-2.4060700437896267,-1.2666651472336652,-3.1211749071960124
-0.9681748328981157,-0.30102251135255464,-0.5000835965656218,-2.772650545069226,-2.405880656289474,-1.2664761847341228,-3.1210787059466227
-0.968083520397887,-0.30084212385240194,-0.4997210965648588,-2.772528584327567,-2.4061647375397026,-1.266570665983894,-3.1212230078207073
-0.968083520397887,-0.3009323176024785,-0.4998112903149354,-2.772345346826957,-2.4061647375397026,-1.2669485909829785,-3.121030605321928
-0.9682661453983448,-0.3007519301023258,-0.4997219590650878,-2.7725895646983965,-2.40597535003955,-1.2667596284834364,-3.121319209070097
-0.968083520397887,-0.3007519301023258,-0.4996309028147827,-2.7724369655772625,-2.4064488187899316,-1.2667596284834364,-3.121271108445402
-0.9681748328981157,-0.3011127051026308,-0.500173790315698,-2.772833782569837,-2.4061647375397026,-1.2668541097332073,-3.1212230078207073
-0.9682661453983448,-0.30102251135255464,-0.49962831531409563,-2.77252888071569,-2.406259431289779,-1.2668541097332073,-3.1211749071960124
-0.968083520397887,-0.30084212385240194,-0.4995389840642485,-2.7724066235859084,-2.405501881289169,-1.2664761847341228,-3.121030605321928
-0.9681748328981157,-0.3009323176024785,-0.49972023406463023,-2.7722843664561276,-2.406543512540008,-1.2669485909829785,-3.121271108445402
-0.9681748328981157,-0.30102251135255464,-0.4999014840650115,-2.7724369655772625,-2.4057859625393974,-1.2668541097332073,-3.1211749071960124
-0.9679922078976579,-0.30084212385240194,-0.49981215281516395,-2.7724063271977863,-2.4063541250398552,-1.2669485909829785,-3.121319209070097
-0.9681748328981157,-0.30084212385240194,-0.4997210965648588,-2.7724369655772625,-2.4057859625393974,-1.266570665983894,-3.1211749071960124
-0.9682661453983448,-0.3011127051026308,-0.49999167781508763,-2.772345346826957,-2.4063541250398552,-1.2667596284834364,-3.1212230078207073
-0.9681748328981157,-0.30102251135255464,-0.4999014840650115,-2.772528584327567,-2.4061647375397026,-1.266570665983894,-3.1211749071960124
-0.968083520397887,-0.30066173635224924,-0.4995407090647061,-2.772528584327567,-2.40597535003955,-1.2667596284834364,-3.1212230078207073
-0.9681748328981157,-0.3009323176024785,-0.4996291778143251,-2.772131767334993,-2.4060700437896267,-1.2669485909829785,-3.1210787059466227
-0.968083520397887,-0.30066173635224924,-0.49944965281440096,-2.7727424602076534,-2.4057859625393974,-1.266570665983894,-3.1210787059466227
-0.9679922078976579,-0.30102251135255464,-0.4999014840650115,-2.772528584327567,-2.4063541250398552,-1.2669485909829785,-3.121367309694792
-0.9681748328981157,-0.3007519301023258,-0.4997219590650878,-2.7725895646983965,-2.4060700437896267,-1.266570665983894,-3.1211268065713176
-0.968083520397887,-0.3009323176024785,-0.49972023406463023,-2.7726508414573487,-2.4061647375397026,-1.2668541097332073,-3.121271108445402
-0.968083520397887,-0.3009323176024785,-0.49972023406463023,-2.7721011289555175,-2.4061647375397026,-1.2667596284834364,-3.121271108445402
-0.9682661453983448,-0.3009323176024785,-0.4998112903149354,-2.7726202030778726,-2.4063541250398552,-1.2669485909829785,-3.1210787059466227
-0.9679922078976579,-0.30102251135255464,-0.4997193715644012,-2.7724066235859084,-2.406259431289779,-1.2672320347322918,-3.1214154103194867
-0.9679922078976579,-0.3005715426021731,-0.4995415715649351,-2.7727728021990075,-2.4057859625393974,-1.2664761847341228,-3.120982504697233
-0.9682661453983448,-0.3009323176024785,-0.49972023406463023,-2.772375985206433,-2.406259431289779,-1.2666651472336652,-3.1211749071960124
-0.968083520397887,-0.3011127051026308,-0.5000827340653928,-2.772497945948092,-2.4063541250398552,-1.2667596284834364,-3.1212230078207073
-0.9677182703969716,-0.3009323176024785,-0.4998112903149354,-2.7722537280766515,-2.4064488187899316,-1.2669485909829785,-3.121367309694792
-0.9681748328981157,-0.30084212385240194,-0.4997210965648588,-2.7726202030778726,-2.405880656289474,-1.2661927409848095,-3.121030605321928
-0.9679008953974293,-0.30102251135255464,-0.4999014840650115,-2.7726202030778726,-2.4063541250398552,-1.2669485909829785,-3.1214635109441815
-0.9681748328981157,-0.30102251135255464,-0.49981042781470636,-2.772375985206433,-2.4060700437896267,-1.2667596284834364,-3.1211749071960124
-0.9681748328981157,-0.30084212385240194,-0.49963004031455366,-2.7722843664561276,-2.406543512540008,-1.2670430722327497,-3.1214635109441815
-0.9681748328981157,-0.30102251135255464,-0.4999014840650115,-2.7724369655772625,-2.4061647375397026,-1.2668541097332073,-3.1212230078207073
-0.9679922078976579,-0.3007519301023258,-0.49953984656447753,-2.7724676039567377,-2.40597535003955,-1.2667596284834364,-3.121319209070097
-0.968083520397887,-0.3007519301023258,-0.49953984656447753,-2.7726508414573487,-2.4066382062900837,-1.2667596284834364,-3.1212230078207073
-0.9679922078976579,-0.30066173635224924,-0.4995407090647061,-2.7724369655772625,-2.4057859625393974,-1.2667596284834364,-3.1211749071960124
-0.9682661453983448,-0.3007519301023258,-0.4996309028147827,-2.7724369655772625,-2.40597535003955,-1.2667596284834364,-3.1212230078207073
-0.9681748328981157,-0.3007519301023258,-0.4996309028147827,-2.772345346826957,-2.405880656289474,-1.2664761847341228,-3.121030605321928
-0.9681748328981157,-0.30102251135255464,-0.5000835965656218,-2.772833782569837,-2.4064488187899316,-1.2672320347322918,-3.1211749071960124
-0.968083520397887,-0.30084212385240194,-0.4995389840642485,-2.7725898610865194,-2.4060700437896267,-1.2669485909829785,-3.121271108445402
-0.968083520397887,-0.30084212385240194,-0.49963004031455366,-2.7724676039567377,-2.4061647375397026,-1.2667596284834364,-3.1211749071960124
-0.968083520397887,-0.3007519301023258,-0.4996309028147827,-2.7724369655772625,-2.4061647375397026,-1.2668541097332073,-3.1210787059466227
-0.9679922078976579,-0.3009323176024785,-0.4998112903149354,-2.772711821828178,-2.4061647375397026,-1.2668541097332073,-3.1211749071960124
-0.9679922078976579,-0.30066173635224924,-0.49944965281440096,-2.7722843664561276,-2.406259431289779,-1.2667596284834364,-3.121271108445402
-0.9681748328981157,-0.30102251135255464,-0.5002657090662321,-2.7725892683102744,-2.4060700437896267,-1.2668541097332073,-3.121271108445402
-0.9679008953974293,-0.30084212385240194,-0.4997210965648588,-2.772528584327567,-2.4060700437896267,-1.2668541097332073,-3.1212230078207073
-0.9679922078976579,-0.3009323176024785,-0.4999023465652405,-2.7725895646983965,-2.4066382062900837,-1.267326515982063,-3.121367309694792
-0.9679922078976579,-0.30084212385240194,-0.4997210965648588,-2.772711821828178,-2.4060700437896267,-1.266570665983894,-3.121271108445402
-0.9679922078976579,-0.30102251135255464,-0.4999014840650115,-2.7724369655772625,-2.405880656289474,-1.2669485909829785,-3.1212230078207073
-0.9679922078976579,-0.3009323176024785,-0.49999340281554566,-2.7724673075686157,-2.4060700437896267,-1.2666651472336652,-3.1211749071960124
-0.9681748328981157,-0.3011127051026308,-0.49999167781508763,-2.772528584327567,-2.406259431289779,-1.2666651472336652,-3.1212230078207073
-0.9681748328981157,-0.30084212385240194,-0.49981215281516395,-2.7725895646983965,-2.40597535003955,-1.266570665983894,-3.1210787059466227
-0.9679922078976579,-0.3005715426021731,-0.49945051531463,-2.7726202030778726,-2.40597535003955,-1.2668541097332073,-3.1212230078207073
-0.968083520397887,-0.30084212385240194,-0.4997210965648588,-2.772345346826957,-2.406259431289779,-1.2666651472336652,-3.1211749071960124
-0.9681748328981157,-0.30102251135255464,-0.4999014840650115,-2.772711821828178,-2.4061647375397026,-1.2667596284834364,-3.1212230078207073
-0.9681748328981157,-0.30084212385240194,-0.49963004031455366,-2.772375985206433,-2.406259431289779,-1.2666651472336652,-3.1212230078207073
-0.968083520397887,-0.3009323176024785,-0.4998112903149354,-2.772345346826957,-2.4055965750392447,-1.2663817034843519,-3.1211749071960124
-0.968083520397887,-0.3009323176024785,-0.4999023465652405,-2.772314708447481,-2.406543512540008,-1.2669485909829785,-3.1214154103194867
-0.968083520397887,-0.30084212385240194,-0.4999032090654691,-2.772558926318921,-2.4060700437896267,-1.2667596284834364,-3.1212230078207073
-0.968083520397887,-0.30084212385240194,-0.49981215281516395,-2.7725895646983965,-2.4061647375397026,-1.2666651472336652,-3.121367309694792
-0.968083520397887,-0.3007519301023258,-0.49953984656447753,-2.772375985206433,-2.4061647375397026,-1.2669485909829785,-3.1211749071960124
-0.968083520397887,-0.30084212385240194,-0.4999032090654691,-2.772558926318921,-2.4063541250398552,-1.2669485909829785,-3.1211749071960124
-0.9681748328981157,-0.3007519301023258,-0.4996309028147827,-2.7724369655772625,-2.4061647375397026,-1.2667596284834364,-3.1211749071960124
-0.9681748328981157,-0.3011127051026308,-0.4999006215647825,-2.7724676039567377,-2.4066382062900837,-1.2672320347322918,-3.1214635109441815
-0.968083520397887,-0.3011127051026308,-0.500173790315698,-2.772558926318921,-2.4060700437896267,-1.2666651472336652,-3.1211749071960124
-0.968083520397887,-0.3009323176024785,-0.4998112903149354,-2.7722537280766515,-2.40597535003955,-1.2667596284834364,-3.1211749071960124
-0.968083520397887,-0.30066173635224924,-0.4993585965640958,-2.7725898610865194,-2.4061647375397026,-1.2666651472336652,-3.1212230078207073
-0.9681748328981157,-0.30102251135255464,-0.4997193715644012,-2.772315004835604,-2.4061647375397026,-1.2666651472336652,-3.1211749071960124
-0.9681748328981157,-0.30102251135255464,-0.49981042781470636,-2.7724676039567377,-2.4060700437896267,-1.2669485909829785,-3.121367309694792
-0.9679008953974293,-0.30102251135255464,-0.49981042781470636,-2.7726508414573487,-2.4061647375397026,-1.2668541097332073,-3.1211749071960124
-0.968083520397887,-0.3009323176024785,-0.49972023406463023,-2.7727424602076534,-2.4061647375397026,-1.2668541097332073,-3.121367309694792
-0.9681748328981157,-0.30102251135255464,-0.4999014840650115,-2.772528584327567,-2.4064488187899316,-1.2666651472336652,-3.1211749071960124
-0.9679922078976579,-0.30102251135255464,-0.4999014840650115,-2.7724369655772625,-2.4061647375397026,-1.2667596284834364,-3.121271108445402
-0.9681748328981157,-0.3011127051026308,-0.500173790315698,-2.772833782569837,-2.4057859625393974,-1.266570665983894,-3.1210787059466227
-0.9682661453983448,-0.30102251135255464,-0.5000835965656218,-2.77237568881831,-2.4060700437896267,-1.2667596284834364,-3.1211268065713176
-0.968083520397887,-0.30084212385240194,-0.4997210965648588,-2.7722537280766515,-2.4063541250398552,-1.2668541097332073,-3.121319209070097
-0.9682661453983448,-0.30084212385240194,-0.4997210965648588,-2.772528584327567,-2.4061647375397026,-1.2668541097332073,-3.121271108445402
-0.9679922078976579,-0.30084212385240194,-0.49963004031455366,-2.772375985206433,-2.406259431289779,-1.2667596284834364,-3.1212230078207073
-0.968083520397887,-0.30102251135255464,-0.4999014840650115,-2.772528584327567,-2.405880656289474,-1.2669485909829785,-3.1212230078207073
-0.9679922078976579,-0.3009323176024785,-0.4998112903149354,-2.772345346826957,-2.4063541250398552,-1.2672320347322918,-3.121271108445402
-0.9679922078976579,-0.3009323176024785,-0.4998112903149354,-2.772345346826957,-2.4060700437896267,-1.2669485909829785,-3.1212230078207073
-0.9683574578985734,-0.30102251135255464,-0.4999014840650115,-2.772345346826957,-2.4060700437896267,-1.2668541097332073,-3.121271108445402
-0.9681748328981157,-0.30102251135255464,-0.49981042781470636,-2.7724676039567377,-2.405880656289474,-1.2669485909829785,-3.1210787059466227
-0.9679922078976579,-0.3007519301023258,-0.4996309028147827,-2.772345346826957,-2.4060700437896267,-1.2667596284834364,-3.1211749071960124
-0.968083520397887,-0.3009323176024785,-0.4998112903149354,-2.7724369655772625,-2.4060700437896267,-1.2670430722327497,-3.1212230078207073
-0.968083520397887,-0.30084212385240194,-0.49963004031455366,-2.7726508414573487,-2.406259431289779,-1.2671375534825207,-3.1211749071960124
-0.9681748328981157,-0.3007519301023258,-0.4996309028147827,-2.7724369655772625,-2.4063541250398552,-1.2671375534825207,-3.1214154103194867
-0.9682661453983448,-0.3007519301023258,-0.49953984656447753,-2.7725592227070432,-2.406259431289779,-1.2672320347322918,-3.121271108445402
-0.9683574578985734,-0.3009323176024785,-0.4998112903149354,-2.772345346826957,-2.4063541250398552,-1.2669485909829785,-3.1214154103194867
-0.9681748328981157,-0.30102251135255464,-0.5000835965656218,-2.77237568881831,-2.4061647375397026,-1.2667596284834364,-3.1211749071960124
-0.9681748328981157,-0.30084212385240194,-0.49981215281516395,-2.7724063271977863,-2.4060700437896267,-1.2667596284834364,-3.121319209070097
-0.9681748328981157,-0.3007519301023258,-0.4999040715656981,-2.772528287939445,-2.4060700437896267,-1.2669485909829785,-3.1212230078207073
-0.9679922078976579,-0.30120289885270735,-0.5002639840657745,-2.7724673075686157,-2.4060700437896267,-1.2668541097332073,-3.1211268065713176
-0.9683574578985734,-0.3007519301023258,-0.49999512781600325,-2.77268088706058,-2.406259431289779,-1.2667596284834364,-3.1211749071960124
-0.9679922078976579,-0.30102251135255464,-0.49999254031531665,-2.7727728021990075,-2.4061647375397026,-1.2667596284834364,-3.1211749071960124
-0.968083520397887,-0.3007519301023258,-0.4997219590650878,-2.7722230896971762,-2.4063541250398552,-1.2668541097332073,-3.1214154103194867
-0.968083520397887,-0.30084212385240194,-0.4999032090654691,-2.772558926318921,-2.406543512540008,-1.2669485909829785,-3.121319209070097
-0.8897302794045392,-0.24955143365340232,-0.49818374287970796,-2.3242765961612974,-1.9791802827209508,-1.1686529824349061,-2.767103509859997
-0.8897302794045392,-0.24946123990332575,-0.4980935491296314,-2.3242765961612974,-1.9789908952207982,-1.1684640199353638,-2.7671997111093867
-0.8895476544040815,-0.24924936089702204,-0.4979131616294787,-2.324368214911602,-1.9786121202204932,-1.1682750574358214,-2.767103509859997
-0.8897302794045392,-0.24942974839717474,-0.4982756616302421,-2.324215319402346,-1.9790855889708745,-1.1683695386855928,-2.767103509859997
-0.8895476544040815,-0.24942974839717474,-0.4980935491296314,-2.3244938977221765,-1.9786121202204932,-1.1678026511869657,-2.7667187048624386
-0.8897302794045392,-0.24924936089702204,-0.49800421787978427,-2.324371640592396,-1.9790855889708745,-1.1690309074339904,-2.767103509859997
-0.8895476544040815,-0.24942974839717474,-0.49800249287932624,-2.3241580611004315,-1.9790855889708745,-1.1684640199353638,-2.767151610484692
-0.8896389669043105,-0.24961013589732745,-0.4982739366297841,-2.324219041471261,-1.9792749764710271,-1.1684640199353638,-2.767055409235302
-0.8896389669043105,-0.24924936089702204,-0.49800421787978427,-2.3242800218420907,-1.9791802827209508,-1.1685585011851347,-2.767103509859997
-0.8895476544040815,-0.24942974839717474,-0.4982756616302421,-2.32434100221292,-1.9793696702211034,-1.1685585011851347,-2.767103509859997
-0.8895476544040815,-0.24924936089702204,-0.4979131616294787,-2.3241274227209563,-1.9789908952207982,-1.1685585011851347,-2.7671997111093867
-0.8898215919047683,-0.24924936089702204,-0.49763999287856325,-2.3243109566096884,-1.9790855889708745,-1.1684640199353638,-2.767103509859997
-0.8896389669043105,-0.24933955464709862,-0.498185467880166,-2.32434100221292,-1.9792749764710271,-1.1684640199353638,-2.767103509859997
-0.8896389669043105,-0.24933955464709862,-0.49800335537955526,-2.3241274227209563,-1.9790855889708745,-1.1683695386855928,-2.767103509859997
-0.8895476544040815,-0.24951994214725132,-0.49827479913001355,-2.324371640592396,-1.9790855889708745,-1.1683695386855928,-2.767103509859997
-0.8895476544040815,-0.24933955464709862,-0.4979122991292501,-2.324249679850737,-1.9793696702211034,-1.1686529824349061,-2.767247811734081
-0.8894563419038528,-0.24951994214725132,-0.49827479913001355,-2.324188403091786,-1.9789908952207982,-1.1683695386855928,-2.767103509859997
-0.8898215919047683,-0.24933955464709862,-0.49800335537955526,-2.3243106602215664,-1.9789908952207982,-1.1683695386855928,-2.767055409235302
-0.8897302794045392,-0.24951994214725132,-0.4983658553803187,-2.3244326209632256,-1.9793696702211034,-1.168747463684677,-2.767151610484692
-0.8895476544040815,-0.24924936089702204,-0.49800421787978427,-2.3240967843414806,-1.9789908952207982,-1.1685585011851347,-2.767103509859997
-0.8893650294036237,-0.24906897339686979,-0.49757695990976114,-2.3240054619792976,-1.9794643639711798,-1.1685585011851347,-2.767295912358776
-0.8894563419038528,-0.24933955464709862,-0.49802965366060026,-2.3241274227209563,-1.9790855889708745,-1.1684640199353638,-2.767103509859997
-0.8896389669043105,-0.24924936089702204,-0.49766629115960825,-2.324036100358773,-1.9789908952207982,-1.168747463684677,-2.767295912358776
-0.8897302794045392,-0.24933955464709862,-0.4979385974102951,-2.3243412986010425,-1.9790855889708745,-1.168747463684677,-2.767247811734081
-0.8897302794045392,-0.24906897339686979,-0.49794118491098216,-2.3242493834626154,-1.9789908952207982,-1.1686529824349061,-2.7671997111093867
-0.8896389669043105,-0.24924936089702204,-0.49821262866143956,-2.3244019825837494,-1.9792749764710271,-1.1684640199353638,-2.767103509859997
-0.8896389669043105,-0.24924936089702204,-0.49784840366021854,-2.324249679850737,-1.9791802827209508,-1.1684640199353638,-2.767103509859997
-0.8893650294036237,-0.24951994214725132,-0.49830109741105855,-2.3242800218420907,-1.9793696702211034,-1.168747463684677,-2.767295912358776
-0.8895476544040815,-0.24933955464709862,-0.498211766161211,-2.32434100221292,-1.9792749764710271,-1.1686529824349061,-2.767103509859997
-0.8897302794045392,-0.24924936089702204,-0.4981215724111344,-2.32434100221292,-1.9788015077206458,-1.1681805761860504,-2.767103509859997
-0.8895476544040815,-0.24924936089702204,-0.4979394599105237,-2.3241274227209563,-1.9791802827209508,-1.1682750574358214,-2.767103509859997
-0.8895476544040815,-0.24924936089702204,-0.4980305161608293,-2.3241308484017495,-1.9789908952207982,-1.1684640199353638,-2.7671997111093867
-0.8896389669043105,-0.24942974839717474,-0.4979377349100661,-2.323947907289261,-1.9789908952207982,-1.1683695386855928,-2.767055409235302
-0.8897302794045392,-0.24942974839717474,-0.4983019599112871,-2.324008591271969,-1.9792749764710271,-1.1684640199353638,-2.767151610484692
-0.8897302794045392,-0.24933955464709862,-0.49812070991090585,-2.3239476109011394,-1.9790855889708745,-1.1685585011851347,-2.767247811734081
-0.8893650294036237,-0.24933955464709862,-0.49802965366060026,-2.3241614867812252,-1.9790855889708745,-1.1683695386855928,-2.767103509859997
-0.8895476544040815,-0.24933955464709862,-0.49812070991090585,-2.324039229651445,-1.9792749764710271,-1.1684640199353638,-2.7673440129834708
-0.8896389669043105,-0.24921786939087104,-0.4977573474099134,-2.3240395260395665,-1.9780439577200353,-1.1674247261878814,-2.7667668054871335
-0.8895476544040815,-0.24921786939087104,-0.4980305161608293,-2.3239476109011394,-1.9792749764710271,-1.1685585011851347,-2.767103509859997
-0.8897302794045392,-0.24921786939087104,-0.49784840366021854,-2.323917268909786,-1.9793696702211034,-1.1684640199353638,-2.767103509859997
-0.8894563419038528,-0.2491276756407949,-0.49794032241075314,-2.3241308484017495,-1.9792749764710271,-1.1683695386855928,-2.7671997111093867
-0.8895476544040815,-0.2493080631409476,-0.49812070991090585,-2.324039229651445,-1.9788015077206458,-1.1684640199353638,-2.767103509859997
-0.8895476544040815,-0.24939825689102374,-0.4981198474106764,-2.3238866305303096,-1.9790855889708745,-1.1683695386855928,-2.767103509859997
-0.8893650294036237,-0.24921786939087104,-0.4977573474099134,-2.3240395260395665,-1.9792749764710271,-1.1682750574358214,-2.767247811734081
-0.8896389669043105,-0.24903748189071878,-0.49775907241037143,-2.323978249280615,-1.9786121202204932,-1.168086094936279,-2.767103509859997
-0.8896389669043105,-0.24921786939087104,-0.49784840366021854,-2.3240088876600904,-1.9791802827209508,-1.1686529824349061,-2.7671997111093867
-0.8898215919047683,-0.2493080631409476,-0.49784754115998997,-2.3238562885389564,-1.9786121202204932,-1.1683695386855928,-2.767151610484692
-0.8897302794045392,-0.24939825689102374,-0.498210903660982,-2.323855992150835,-1.9791802827209508,-1.168841944934448,-2.767103509859997
-0.8896389669043105,-0.24939825689102374,-0.498210903660982,-2.3237643734005293,-1.9789908952207982,-1.1685585011851347,-2.7671997111093867
-0.8894563419038528,-0.24903748189071878,-0.49775907241037143,-2.323795011780005,-1.9789908952207982,-1.1684640199353638,-2.767295912358776
-0.8895476544040815,-0.24939825689102374,-0.4981198474106764,-2.323795011780005,-1.9789908952207982,-1.1685585011851347,-2.767103509859997
-0.8895476544040815,-0.2493080631409476,-0.4979385974102951,-2.3238256501594803,-1.9790855889708745,-1.1683695386855928,-2.767103509859997
-0.8896389669043105,-0.24921786939087104,-0.4980305161608293,-2.3237643734005293,-1.9793696702211034,-1.1685585011851347,-2.767247811734081
-0.8897302794045392,-0.24921786939087104,-0.4977573474099134,-2.3236730510383463,-1.9790855889708745,-1.1682750574358214,-2.7671997111093867
-0.8897302794045392,-0.2493080631409476,-0.498211766161211,-2.323733735021053,-1.9789908952207982,-1.1682750574358214,-2.767151610484692
-0.8897302794045392,-0.2493080631409476,-0.49812070991090585,-2.3239476109011394,-1.9789908952207982,-1.1684640199353638,-2.767151610484692
-0.8895476544040815,-0.24921786939087104,-0.4979394599105237,-2.323978249280615,-1.978896201470722,-1.1685585011851347,-2.767103509859997
-0.8897302794045392,-0.24921786939087104,-0.4980305161608293,-2.3239476109011394,-1.9790855889708745,-1.168747463684677,-2.767295912358776
-0.8897302794045392,-0.24921786939087104,-0.4981215724111344,-2.3241002100222743,-1.9789908952207982,-1.1685585011851347,-2.767103509859997
-0.8896389669043105,-0.24939825689102374,-0.4981198474106764,-2.323795011780005,-1.9786121202204932,-1.1683695386855928,-2.767055409235302
-0.8896389669043105,-0.24903748189071878,-0.49757695990976114,-2.3238562885389564,-1.979559057721256,-1.1686529824349061,-2.7673440129834708
-0.8895476544040815,-0.2493080631409476,-0.49812070991090585,-2.324222467152055,-1.9786121202204932,-1.1682750574358214,-2.767055409235302
-0.8894563419038528,-0.2493080631409476,-0.49802965366060026,-2.323795011780005,-1.9793696702211034,-1.1684640199353638,-2.767295912358776
-0.8895476544040815,-0.24921786939087104,-0.4979394599105237,-2.3237033930296995,-1.9789908952207982,-1.1684640199353638,-2.7671997111093867
-0.8893650294036237,-0.24921786939087104,-0.4979394599105237,-2.323978249280615,-1.9792749764710271,-1.1684640199353638,-2.7671997111093867
-0.8893650294036237,-0.24921786939087104,-0.4979394599105237,-2.323611774279394,-1.9789908952207982,-1.1684640199353638,-2.767103509859997
-0.8894563419038528,-0.2491276756407949,-0.49794032241075314,-2.323855992150835,-1.9792749764710271,-1.168747463684677,-2.7671997111093867
-0.8895476544040815,-0.2493080631409476,-0.49812070991090585,-2.3237643734005293,-1.9791802827209508,-1.1686529824349061,-2.7671997111093867
-0.8897302794045392,-0.24921786939087104,-0.4980305161608293,-2.323855992150835,-1.9793696702211034,-1.168747463684677,-2.767247811734081
-0.8893650294036237,-0.24900599038456778,-0.49775907241037143,-2.3238866305303096,-1.9791802827209508,-1.1685585011851347,-2.7671997111093867
-0.8897302794045392,-0.2492765716347966,-0.49802965366060026,-2.3238866305303096,-1.9789908952207982,-1.1683695386855928,-2.767103509859997
-0.8896389669043105,-0.2490961841346439,-0.4980313786610583,-2.3238253537713587,-1.9790855889708745,-1.168747463684677,-2.7673440129834708
-0.8893650294036237,-0.24900599038456778,-0.497850128660677,-2.3239476109011394,-1.9787068139705695,-1.167897132436737,-2.7670073086106073
-0.8896389669043105,-0.24918637788472003,-0.4977573474099134,-2.3236730510383463,-1.9793696702211034,-1.1686529824349061,-2.767295912358776
-0.8896389669043105,-0.24918637788472003,-0.4979394599105237,-2.3237033930296995,-1.9786121202204932,-1.1682750574358214,-2.767103509859997
-0.8896389669043105,-0.2492765716347966,-0.49812070991090585,-2.3239816749614084,-1.9789908952207982,-1.1684640199353638,-2.7671997111093867
-0.8897302794045392,-0.24918637788472003,-0.49784840366021854,-2.323584857968835,-1.9789908952207982,-1.1686529824349061,-2.767103509859997
-0.8896389669043105,-0.24918637788472003,-0.4979394599105237,-2.323554219589359,-1.9789908952207982,-1.1685585011851347,-2.767247811734081
-0.8895476544040815,-0.24918637788472003,-0.4981215724111344,-2.3236761803310175,-1.9792749764710271,-1.1686529824349061,-2.7673921136081656
-0.8895476544040815,-0.2492765716347966,-0.49812070991090585,-2.3237068187104937,-1.9786121202204932,-1.167991613686508,-2.767055409235302
-0.8896389669043105,-0.2494569591349493,-0.49848320991166883,-2.323737160701847,-1.9786121202204932,-1.1683695386855928,-2.767055409235302
-0.8896389669043105,-0.24918637788472003,-0.49821262866143956,-2.3240120169527625,-1.9790855889708745,-1.1685585011851347,-2.767295912358776
-0.8895476544040815,-0.24918637788472003,-0.4980305161608293,-2.3237068187104937,-1.9790855889708745,-1.1683695386855928,-2.7671997111093867
-0.8896389669043105,-0.2492765716347966,-0.49812070991090585,-2.3237068187104937,-1.9791802827209508,-1.1683695386855928,-2.767295912358776
-0.8897302794045392,-0.2490961841346439,-0.49794032241075314,-2.3237068187104937,-1.9794643639711798,-1.168841944934448,-2.7674883148575553
-0.8895476544040815,-0.24900599038456778,-0.4976680161600663,-2.323584857968835,-1.9791802827209508,-1.1684640199353638,-2.767103509859997
-0.8895476544040815,-0.2490961841346439,-0.4980313786610583,-2.3238594178316276,-1.9792749764710271,-1.1684640199353638,-2.767295912358776
-0.8894563419038528,-0.24918637788472003,-0.4980305161608293,-2.3235235812098827,-1.9786121202204932,-1.1681805761860504,-2.767103509859997
-0.8896389669043105,-0.2492765716347966,-0.49802965366060026,-2.3234626008390533,-1.9793696702211034,-1.1689364261842194,-2.767247811734081
-0.8894563419038528,-0.2492765716347966,-0.49812070991090585,-2.323615199960188,-1.9792749764710271,-1.1686529824349061,-2.767247811734081
-0.8899129044049969,-0.2494569591349493,-0.4981189849104478,-2.323401620468224,-1.9792749764710271,-1.1684640199353638,-2.7671997111093867
-0.8897302794045392,-0.2490961841346439,-0.4980313786610583,-2.3236761803310175,-1.9789908952207982,-1.1685585011851347,-2.767295912358776
-0.8895476544040815,-0.2490961841346439,-0.4980313786610583,-2.323767799081323,-1.9790855889708745,-1.1686529824349061,-2.767151610484692
-0.8895476544040815,-0.2492765716347966,-0.49802965366060026,-2.3234626008390533,-1.9786121202204932,-1.167991613686508,-2.767055409235302
-0.8893650294036237,-0.24918637788472003,-0.4977573474099134,-2.3233406400973946,-1.9794643639711798,-1.1686529824349061,-2.7673440129834708
-0.8896389669043105,-0.2490961841346439,-0.49794032241075314,-2.3235235812098827,-1.9789908952207982,-1.1685585011851347,-2.7671997111093867
-0.8895476544040815,-0.2492765716347966,-0.49812070991090585,-2.323615199960188,-1.9790855889708745,-1.168747463684677,-2.7674883148575553
-0.8896389669043105,-0.2490961841346439,-0.49794032241075314,-2.3237984374607983,-1.9789908952207982,-1.1684640199353638,-2.767103509859997
-0.8895476544040815,-0.2490961841346439,-0.4977582099101424,-2.3234932392185295,-1.9789908952207982,-1.1683695386855928,-2.767247811734081
-0.8897302794045392,-0.24918637788472003,-0.4983036849117447,-2.323614903572066,-1.9790855889708745,-1.1686529824349061,-2.7671997111093867
-0.8897302794045392,-0.2490961841346439,-0.49784926616044756,-2.3236458383396643,-1.9790855889708745,-1.1681805761860504,-2.767103509859997
-0.8894563419038528,-0.24918637788472003,-0.4979394599105237,-2.3236458383396643,-1.9789908952207982,-1.1686529824349061,-2.7671997111093867
-0.8893650294036237,-0.24936676538487274,-0.498210903660982,-2.323615199960188,-1.9793696702211034,-1.168747463684677,-2.7673440129834708
-0.8896389669043105,-0.24918637788472003,-0.4980305161608293,-2.3237068187104937,-1.9788015077206458,-1.1684640199353638,-2.767151610484692
-0.8896389669043105,-0.24900599038456778,-0.49775907241037143,-2.3236458383396643,-1.9792749764710271,-1.1685585011851347,-2.767295912358776
-0.8894563419038528,-0.2492765716347966,-0.498211766161211,-2.3236761803310175,-1.9788015077206458,-1.1684640199353638,-2.767247811734081
-0.8893650294036237,-0.2490961841346439,-0.49784926616044756,-2.323554219589359,-1.9791802827209508,-1.1685585011851347,-2.767247811734081
-0.8895476544040815,-0.24900599038456778,-0.49775907241037143,-2.3234626008390533,-1.9789908952207982,-1.168841944934448,-2.767295912358776
-0.8893650294036237,-0.2490961841346439,-0.4980313786610583,-2.323584561580712,-1.9786121202204932,-1.168086094936279,-2.767055409235302
-0.8895476544040815,-0.2492765716347966,-0.498211766161211,-2.323584561580712,-1.9793696702211034,-1.1689364261842194,-2.7674402142328605
-0.8896389669043105,-0.2492765716347966,-0.4979385974102951,-2.323401620468224,-1.9791802827209508,-1.1684640199353638,-2.767103509859997
-0.8897302794045392,-0.2490961841346439,-0.4977582099101424,-2.3234932392185295,-1.9793696702211034,-1.168747463684677,-2.7674402142328605
-0.8896389669043105,-0.24936676538487274,-0.4981198474106764,-2.3234626008390533,-1.9789908952207982,-1.1684640199353638,-2.7671997111093867
-0.8894563419038528,-0.24882560288441508,-0.4976697411605243,-2.3235235812098827,-1.9792749764710271,-1.1684640199353638,-2.7671997111093867
-0.8893650294036237,-0.2492765716347966,-0.49812070991090585,-2.3235235812098827,-1.9791802827209508,-1.1686529824349061,-2.767295912358776
-0.8895476544040815,-0.24918637788472003,-0.4980305161608293,-2.3235235812098827,-1.9793696702211034,-1.168747463684677,-2.7674402142328605
-0.8894563419038528,-0.2490961841346439,-0.49794032241075314,-2.323615199960188,-1.9783280389702642,-1.167897132436737,-2.7669111073612176
-0.8896389669043105,-0.2490961841346439,-0.4980313786610583,-2.323584561580712,-1.9792749764710271,-1.1683695386855928,-2.767295912358776
-0.8895476544040815,-0.24900599038456778,-0.4976680161600663,-2.3233100017179193,-1.978896201470722,-1.1682750574358214,-2.767103509859997
-0.8894563419038528,-0.2492765716347966,-0.4979385974102951,-2.323401620468224,-1.9789908952207982,-1.1685585011851347,-2.767295912358776
-0.8894563419038528,-0.2490961841346439,-0.49812243491136343,-2.323587987261506,-1.9792749764710271,-1.1686529824349061,-2.7671997111093867
-0.8893650294036237,-0.24918637788472003,-0.4981215724111344,-2.3236186256409823,-1.9786121202204932,-1.1681805761860504,-2.767247811734081
-0.8897302794045392,-0.24900599038456778,-0.49794118491098216,-2.3236186256409823,-1.9793696702211034,-1.1686529824349061,-2.767295912358776
-0.8896389669043105,-0.2492765716347966,-0.498211766161211,-2.3231605318894557,-1.9790855889708745,-1.1684640199353638,-2.767247811734081
-0.8896389669043105,-0.2492765716347966,-0.49812070991090585,-2.323374407769542,-1.9789908952207982,-1.1684640199353638,-2.767247811734081
-0.8894563419038528,-0.2490961841346439,-0.49794032241075314,-2.3234660265198475,-1.9792749764710271,-1.168841944934448,-2.7673921136081656
-0.8896389669043105,-0.24918637788472003,-0.49821262866143956,-2.3233131310105906,-1.9790855889708745,-1.1683695386855928,-2.767247811734081
-0.8898215919047683,-0.24900599038456778,-0.49794118491098216,-2.3234353881403713,-1.9788015077206458,-1.168747463684677,-2.767295912358776
-0.8893650294036237,-0.24915488637856903,-0.49784840366021854,-2.323252447027883,-1.978896201470722,-1.1685585011851347,-2.7671997111093867
-0.8894563419038528,-0.24915488637856903,-0.4979394599105237,-2.323313427398712,-1.9792749764710271,-1.1686529824349061,-2.767247811734081
-0.8897302794045392,-0.24897449887841677,-0.49794118491098216,-2.3233437693900667,-1.9790855889708745,-1.1684640199353638,-2.7673440129834708
-0.8897302794045392,-0.24897449887841677,-0.49775907241037143,-2.322946952397492,-1.979559057721256,-1.1692198699335328,-2.7674883148575553
-0.8895476544040815,-0.2490646926284929,-0.4980313786610583,-2.323252150639761,-1.9786121202204932,-1.167991613686508,-2.7669592079859124
-0.8896389669043105,-0.24915488637856903,-0.4979394599105237,-2.323313427398712,-1.9790855889708745,-1.1685585011851347,-2.7673440129834708
-0.8899129044049969,-0.24933527387872173,-0.49839301616159226,-2.3234963685112007,-1.9790855889708745,-1.1684640199353638,-2.767247811734081
-0.8895476544040815,-0.2492450801286456,-0.49830282241151613,-2.323221512260285,-1.9792749764710271,-1.1686529824349061,-2.7671997111093867
-0.8895476544040815,-0.24897449887841677,-0.497850128660677,-2.3234660265198475,-1.9790855889708745,-1.1685585011851347,-2.767247811734081
-0.8895476544040815,-0.2490646926284929,-0.49784926616044756,-2.323313427398712,-1.9787068139705695,-1.1683695386855928,-2.767055409235302
-0.8897302794045392,-0.24915488637856903,-0.4980305161608293,-2.323191170268932,-1.9788015077206458,-1.1682750574358214,-2.7671997111093867
-0.8894563419038528,-0.24915488637856903,-0.4981215724111344,-2.3233437693900667,-1.9791802827209508,-1.1683695386855928,-2.767295912358776
-0.8895476544040815,-0.2490646926284929,-0.4977582099101424,-2.323252447027883,-1.9792749764710271,-1.1686529824349061,-2.767247811734081
-0.8897302794045392,-0.2490646926284929,-0.4980313786610583,-2.3234353881403713,-1.9785174264704168,-1.167897132436737,-2.7669111073612176
-0.8893650294036237,-0.2492450801286456,-0.49784754115998997,-2.3231914666570535,-1.9792749764710271,-1.1684640199353638,-2.7671997111093867
-0.8897302794045392,-0.24915488637856903,-0.4981215724111344,-2.323252150639761,-1.9789908952207982,-1.1685585011851347,-2.7671997111093867
-0.8895476544040815,-0.2490646926284929,-0.49766715365983727,-2.3231914666570535,-1.9790855889708745,-1.1685585011851347,-2.7671997111093867
-0.8896389669043105,-0.24933527387872173,-0.498210903660982,-2.3230995515186263,-1.9793696702211034,-1.1684640199353638,-2.767295912358776
-0.8893650294036237,-0.24879411137826407,-0.4975786849102187,-2.323130189898102,-1.9793696702211034,-1.168841944934448,-2.7674883148575553
-0.8897302794045392,-0.2490646926284929,-0.4980313786610583,-2.323252150639761,-1.9786121202204932,-1.1678026511869657,-2.767055409235302
-0.8895476544040815,-0.24915488637856903,-0.49821262866143956,-2.3231298935099804,-1.9790855889708745,-1.168747463684677,-2.767295912358776
-0.8895476544040815,-0.2490646926284929,-0.49784926616044756,-2.323130189898102,-1.9789908952207982,-1.1686529824349061,-2.767103509859997
-0.8895476544040815,-0.2492450801286456,-0.49812070991090585,-2.3234660265198475,-1.9792749764710271,-1.1685585011851347,-2.7674402142328605
-0.8896389669043105,-0.24915488637856903,-0.4981215724111344,-2.323252150639761,-1.9791802827209508,-1.1685585011851347,-2.767295912358776
-0.8896389669043105,-0.2490646926284929,-0.49794032241075314,-2.323374407769542,-1.9790855889708745,-1.1685585011851347,-2.767151610484692
-0.8897302794045392,-0.2492450801286456,-0.49812070991090585,-2.323374407769542,-1.9789908952207982,-1.1684640199353638,-2.767295912358776
-0.8893650294036237,-0.24915488637856903,-0.4979394599105237,-2.3232218086484075,-1.9789908952207982,-1.1684640199353638,-2.7671997111093867
-0.8892737169033951,-0.24897449887841677,-0.4976680161600663,-2.3233440657781883,-1.9789908952207982,-1.1684640199353638,-2.7673440129834708
-0.8896389669043105,-0.24897449887841677,-0.49775907241037143,-2.3234050461490177,-1.9791802827209508,-1.168747463684677,-2.767295912358776
-0.8893650294036237,-0.2492450801286456,-0.49814700819195085,-2.3232827890192373,-1.9785174264704168,-1.167991613686508,-2.7669592079859124
-0.8898215919047683,-0.24915488637856903,-0.4981478706921794,-2.323252150639761,-1.979559057721256,-1.1691253886837614,-2.7674883148575553
-0.8895476544040815,-0.24933527387872173,-0.49841931444263726,-2.3233131310105906,-1.9786121202204932,-1.1682750574358214,-2.7669592079859124
-0.8896389669043105,-0.2490646926284929,-0.4980576769421033,-2.3234353881403713,-1.9793696702211034,-1.1683695386855928,-2.7671997111093867
-0.8894563419038528,-0.2490646926284929,-0.4977845081911874,-2.323160828277578,-1.978896201470722,-1.1684640199353638,-2.767295912358776
-0.8894563419038528,-0.2490646926284929,-0.49787556444149256,-2.323130189898102,-1.978896201470722,-1.1684640199353638,-2.7671997111093867
-0.8895476544040815,-0.24915488637856903,-0.4980568144418743,-2.323374407769542,-1.9791802827209508,-1.1685585011851347,-2.767247811734081
-0.8894563419038528,-0.2490646926284929,-0.49796662069179815,-2.323191170268932,-1.9789908952207982,-1.1683695386855928,-2.767295912358776
-0.8897302794045392,-0.24897449887841677,-0.497876426941722,-2.323374407769542,-1.9789908952207982,-1.1682750574358214,-2.767295912358776
-0.8896389669043105,-0.24897449887841677,-0.49796748319202716,-2.3231605318894557,-1.9791802827209508,-1.1686529824349061,-2.7673440129834708
-0.8897302794045392,-0.2490646926284929,-0.49787556444149256,-2.3232218086484075,-1.9786121202204932,-1.1678026511869657,-2.7669592079859124
-0.8895476544040815,-0.24933527387872173,-0.4981461456917214,-2.323313427398712,-1.9791802827209508,-1.1684640199353638,-2.7671997111093867
-0.8895476544040815,-0.2492450801286456,-0.498238064442256,-2.3234353881403713,-1.9784227327203405,-1.167991613686508,-2.7669592079859124
-0.8896389669043105,-0.24915488637856903,-0.49823892694248456,-2.3234963685112007,-1.9793696702211034,-1.1683695386855928,-2.7673440129834708
-0.8893650294036237,-0.2490646926284929,-0.4980576769421033,-2.3233437693900667,-1.9789908952207982,-1.1685585011851347,-2.7673440129834708
-0.8895476544040815,-0.2492450801286456,-0.49832912069256113,-2.323221512260285,-1.9790855889708745,-1.1686529824349061,-2.7671997111093867
-0.8895476544040815,-0.2492450801286456,-0.49814700819195085,-2.3230995515186263,-1.9790855889708745,-1.1681805761860504,-2.767247811734081
-0.8897302794045392,-0.2490646926284929,-0.4980576769421033,-2.323252150639761,-1.9791802827209508,-1.1684640199353638,-2.767247811734081
-0.8895476544040815,-0.2490646926284929,-0.49787556444149256,-2.323313427398712,-1.9788015077206458,-1.1685585011851347,-2.767151610484692
-0.8896389669043105,-0.24933527387872173,-0.498237201942027,-2.3230995515186263,-1.9789908952207982,-1.1685585011851347,-2.767103509859997
-0.8894563419038528,-0.24915488637856903,-0.4979657581915687,-2.3230385711477965,-1.9789908952207982,-1.1683695386855928,-2.7671997111093867
-0.8893650294036237,-0.24897449887841677,-0.497876426941722,-2.323374407769542,-1.9792749764710271,-1.1686529824349061,-2.767295912358776
-0.8895476544040815,-0.2490646926284929,-0.49787556444149256,-2.323313427398712,-1.978896201470722,-1.1683695386855928,-2.767103509859997
-0.8897550514645742,-0.2492450801286456,-0.498238064442256,-2.3231605318894557,-1.9786121202204932,-1.1685585011851347,-2.7671997111093867
-0.8894811139638878,-0.24915488637856903,-0.4979657581915687,-2.3230385711477965,-1.9791802827209508,-1.1684640199353638,-2.767295912358776
-0.8895724264641165,-0.2492450801286456,-0.4979648956913401,-2.3230692095272727,-1.978896201470722,-1.1684640199353638,-2.7673440129834708
-0.8893898014636588,-0.24915488637856903,-0.4981478706921794,-2.323527006890677,-1.9791802827209508,-1.168747463684677,-2.7674883148575553
-0.8896637389643456,-0.2492450801286456,-0.49814700819195085,-2.323374407769542,-1.9790855889708745,-1.1685585011851347,-2.767295912358776
-0.8896637389643456,-0.24915488637856903,-0.4980568144418743,-2.323191170268932,-1.979559057721256,-1.1693143511833037,-2.767584516106945
-0.8896637389643456,-0.24915488637856903,-0.4979657581915687,-2.323313427398712,-1.9786121202204932,-1.1684640199353638,-2.767055409235302
-0.8892984889634301,-0.24933527387872173,-0.498237201942027,-2.3230079327683217,-1.9791802827209508,-1.1683695386855928,-2.767295912358776
-0.8893898014636588,-0.2490646926284929,-0.4980576769421033,-2.32291973969881,-1.9791802827209508,-1.1684640199353638,-2.7671997111093867
-0.8897550514645742,-0.24915488637856903,-0.49823892694248456,-2.323072338819944,-1.9790855889708745,-1.1681805761860504,-2.767295912358776
-0.8896637389643456,-0.24897449887841677,-0.4980585394423323,-2.3231639575702494,-1.9793696702211034,-1.168841944934448,-2.7674402142328605
-0.8894811139638878,-0.2490646926284929,-0.49787556444149256,-2.323164253958371,-1.9786121202204932,-1.1681805761860504,-2.767103509859997
-0.8897550514645742,-0.2492450801286456,-0.49805595194164526,-2.3228893977074554,-1.9793696702211034,-1.1685585011851347,-2.7673440129834708
-0.8895724264641165,-0.2492450801286456,-0.49805595194164526,-2.323164253958371,-1.9787068139705695,-1.1683695386855928,-2.767151610484692
-0.8893898014636588,-0.24915488637856903,-0.4980568144418743,-2.323133615578896,-1.9790855889708745,-1.168747463684677,-2.7674883148575553
-0.8893898014636588,-0.24933527387872173,-0.4981461456917214,-2.322981016457761,-1.9792749764710271,-1.1683695386855928,-2.767103509859997
-0.8893898014636588,-0.24897449887841677,-0.49778537069141643,-2.323164253958371,-1.9789908952207982,-1.1684640199353638,-2.767295912358776
-0.8894811139638878,-0.24915488637856903,-0.4981478706921794,-2.32328621470003,-1.9790855889708745,-1.1684640199353638,-2.767295912358776
-0.8893898014636588,-0.24915488637856903,-0.4980568144418743,-2.322950378078285,-1.9786121202204932,-1.1684640199353638,-2.767151610484692
-0.8896637389643456,-0.24915488637856903,-0.4979657581915687,-2.322981016457761,-1.9791802827209508,-1.1684640199353638,-2.767295912358776
-0.8894811139638878,-0.2490646926284929,-0.4977845081911874,-2.323194892337847,-1.9793696702211034,-1.168747463684677,-2.76753641548225
-0.8895724264641165,-0.2492450801286456,-0.4979648956913401,-2.322828417336626,-1.9790855889708745,-1.1686529824349061,-2.7673440129834708
-0.8897550514645742,-0.24897449887841677,-0.49796748319202716,-2.3228281209485044,-1.9790855889708745,-1.1683695386855928,-2.767295912358776
-0.8894811139638878,-0.24915488637856903,-0.49823892694248456,-2.322889101319334,-1.9787068139705695,-1.1684640199353638,-2.767295912358776
-0.8896637389643456,-0.2492450801286456,-0.498238064442256,-2.32310297719942,-1.9793696702211034,-1.1685585011851347,-2.7674402142328605
-0.8896637389643456,-0.24915488637856903,-0.4980568144418743,-2.322950378078285,-1.9789908952207982,-1.1684640199353638,-2.767295912358776
-0.8897550514645742,-0.24915488637856903,-0.4981478706921794,-2.32310297719942,-1.9791802827209508,-1.1684640199353638,-2.7673921136081656
-0.8896637389643456,-0.2490646926284929,-0.4980576769421033,-2.3230113584491145,-1.9792749764710271,-1.168841944934448,-2.7673921136081656
-0.8895724264641165,-0.2490646926284929,-0.49814873319240843,-2.3233471950708595,-1.9788015077206458,-1.1684640199353638,-2.7673440129834708
-0.8896637389643456,-0.24933527387872173,-0.4983282581923321,-2.32291973969881,-1.9788015077206458,-1.1683695386855928,-2.767247811734081
-0.8896637389643456,-0.2492450801286456,-0.4984201769428663,-2.3231333191907733,-1.9784227327203405,-1.1678026511869657,-2.7669592079859124
-0.8895724264641165,-0.2492450801286456,-0.49805595194164526,-2.3228893977074554,-1.9797484452214087,-1.1689364261842194,-2.7674883148575553
-0.8897550514645742,-0.2490646926284929,-0.49814873319240843,-2.3229807200696393,-1.9786121202204932,-1.1681805761860504,-2.767295912358776
-0.8896637389643456,-0.2492450801286456,-0.49814700819195085,-2.322950378078285,-1.9790855889708745,-1.1684640199353638,-2.767247811734081
-0.8896637389643456,-0.24879411137826407,-0.4976960394415693,-2.3228587593279806,-1.9789908952207982,-1.1685585011851347,-2.767295912358776
-0.8893898014636588,-0.2492450801286456,-0.49814700819195085,-2.322950378078285,-1.9789908952207982,-1.1684640199353638,-2.7671997111093867
-0.8895724264641165,-0.24915488637856903,-0.4979657581915687,-2.323347491458982,-1.9788015077206458,-1.1684640199353638,-2.7673440129834708
-0.8896637389643456,-0.2490646926284929,-0.49814873319240843,-2.323072338819944,-1.979559057721256,-1.1690309074339904,-2.767584516106945
-0.8895724264641165,-0.2490646926284929,-0.4980576769421033,-2.3227365021982,-1.9787068139705695,-1.1685585011851347,-2.7671997111093867
-0.8893898014636588,-0.24894300737226577,-0.497876426941722,-2.322950378078285,-1.9792749764710271,-1.1684640199353638,-2.767295912358776
-0.8892984889634301,-0.2490332011223419,-0.49796662069179815,-2.3230419968285907,-1.9792749764710271,-1.168747463684677,-2.7673921136081656
-0.8893898014636588,-0.2490332011223419,-0.49787556444149256,-2.323164253958371,-1.9785174264704168,-1.1678026511869657,-2.7669592079859124
-0.8895724264641165,-0.2490332011223419,-0.4980576769421033,-2.32291973969881,-1.978896201470722,-1.1684640199353638,-2.767151610484692
-0.8895724264641165,-0.24912339487241802,-0.4980568144418743,-2.3228587593279806,-1.9786121202204932,-1.1684640199353638,-2.767151610484692
-0.8896637389643456,-0.2490332011223419,-0.4977845081911874,-2.3229200360869315,-1.9789908952207982,-1.1682750574358214,-2.767151610484692
-0.8898463639648033,-0.24894300737226577,-0.497876426941722,-2.3230419968285907,-1.9789908952207982,-1.1684640199353638,-2.767247811734081
-0.8895724264641165,-0.24900170961619092,-0.4980576769421033,-2.3230113584491145,-1.9789908952207982,-1.1685585011851347,-2.7671997111093867
-0.8897550514645742,-0.24918209711634362,-0.498238064442256,-2.3231945959497255,-1.9786121202204932,-1.1682750574358214,-2.767103509859997
-0.8895724264641165,-0.24900170961619092,-0.49796662069179815,-2.323225234329201,-1.9791802827209508,-1.168841944934448,-2.7674883148575553
-0.8894811139638878,-0.24900170961619092,-0.4980576769421033,-2.32310297719942,-1.9792749764710271,-1.1683695386855928,-2.767295912358776
-0.8895724264641165,-0.24900170961619092,-0.4980576769421033,-2.3230113584491145,-1.9792749764710271,-1.1686529824349061,-2.7673440129834708
-0.8895724264641165,-0.2489115158661148,-0.49796748319202716,-2.3230113584491145,-1.9790855889708745,-1.1685585011851347,-2.767247811734081
-0.8896637389643456,-0.24909190336626705,-0.49823892694248456,-2.323255576320555,-1.9789908952207982,-1.1684640199353638,-2.767247811734081
-0.8894811139638878,-0.2487311283659621,-0.4976960394415693,-2.323225234329201,-1.9793696702211034,-1.1683695386855928,-2.7673440129834708
-0.8897550514645742,-0.24909190336626705,-0.49823892694248456,-2.323072338819944,-1.9787068139705695,-1.1682750574358214,-2.767055409235302
-0.8895724264641165,-0.24918209711634362,-0.49805595194164526,-2.3228893977074554,-1.9793696702211034,-1.1685585011851347,-2.7674402142328605
-0.8895724264641165,-0.2489115158661148,-0.49796748319202716,-2.32310297719942,-1.9790855889708745,-1.1683695386855928,-2.767295912358776
-0.8896637389643456,-0.24909190336626705,-0.4979657581915687,-2.322797778957151,-1.979843138971485,-1.1689364261842194,-2.76753641548225
-0.8896637389643456,-0.24900170961619092,-0.49787556444149256,-2.3228893977074554,-1.9789908952207982,-1.168747463684677,-2.767103509859997
-0.8893898014636588,-0.2489115158661148,-0.49778537069141643,-2.3230726352080664,-1.9792749764710271,-1.1685585011851347,-2.7673921136081656
-0.8895724264641165,-0.24909190336626705,-0.4980568144418743,-2.3228587593279806,-1.9789908952207982,-1.1686529824349061,-2.7671997111093867
-0.8898463639648033,-0.24927229086641975,-0.4985103706929424,-2.322950081690163,-1.9793696702211034,-1.1685585011851347,-2.767295912358776
-0.8895724264641165,-0.24882132211603822,-0.49796834569225573,-2.322889101319334,-1.9793696702211034,-1.1684640199353638,-2.767295912358776
-0.8896637389643456,-0.24900170961619092,-0.4980576769421033,-2.3228281209485044,-1.979559057721256,-1.168841944934448,-2.7674883148575553
-0.8895724264641165,-0.24900170961619092,-0.49796662069179815,-2.3230419968285907,-1.9792749764710271,-1.1684640199353638,-2.7671997111093867
-0.8896637389643456,-0.2489115158661148,-0.4980585394423323,-2.323072338819944,-1.9789908952207982,-1.1684640199353638,-2.7673440129834708
-0.8895724264641165,-0.24909190336626705,-0.4981478706921794,-2.32291973969881,-1.9789908952207982,-1.1686529824349061,-2.767295912358776
-0.8894811139638878,-0.24918209711634362,-0.49814700819195085,-2.323225234329201,-1.9789908952207982,-1.1682750574358214,-2.767295912358776
-0.8893898014636588,-0.2489115158661148,-0.4980585394423323,-2.3229807200696393,-1.9790855889708745,-1.1683695386855928,-2.767247811734081
-0.8897550514645742,-0.24900170961619092,-0.49814873319240843,-2.3229807200696393,-1.9792749764710271,-1.1683695386855928,-2.767295912358776
-0.8127657186134534,-0.19705825932477355,-0.42802249748138077,-1.8532263082129807,-1.564461586022491,-0.9610067812962548,-2.420492609379396
-0.8129483436139111,-0.19750922807515509,-0.42838240998145716,-1.8531653278421514,-1.5646509735226433,-0.9611957437957968,-2.420588810628786
-0.8130396561141402,-0.19732884057500238,-0.42820202248130446,-1.8533485653427615,-1.5637987297719569,-0.9603454125478568,-2.4203964081300064
-0.8128570311136825,-0.19750922807515509,-0.42838240998145716,-1.8533485653427615,-1.5642721985223385,-0.9609123000464834,-2.420540710004091
-0.8127657186134534,-0.1974190343250785,-0.4281101037307703,-1.8532266046011028,-1.5640828110221858,-0.9611012625460258,-2.4203002068806168
-0.8125830936129956,-0.19732884057500238,-0.427928853730389,-1.8531656242302734,-1.5643668922724148,-0.9608178187967125,-2.4204445087547013
-0.8130396561141402,-0.19732884057500238,-0.42801990998069417,-1.8534098421017138,-1.5643668922724148,-0.9606288562971701,-2.4203002068806168
-0.8127657186134534,-0.19750922807515509,-0.42838240998145716,-1.8533485653427615,-1.5646509735226433,-0.9608178187967125,-2.4203002068806168
-0.8128570311136825,-0.1974190343250785,-0.42820115998107544,-1.8530467927812866,-1.564556279772567,-0.9613847062953391,-2.420540710004091
-0.8127657186134534,-0.1974190343250785,-0.42838327248168573,-1.8530771347726398,-1.5641775047722621,-0.9608178187967125,-2.4203002068806168
-0.8126744061132247,-0.19732884057500238,-0.427928853730389,-1.8528332132893224,-1.564556279772567,-0.9610067812962548,-2.420492609379396
-0.8127657186134534,-0.19732884057500238,-0.42801990998069417,-1.8529858124104572,-1.564461586022491,-0.9609123000464834,-2.420492609379396
-0.8125830936129956,-0.1972071553187748,-0.42802077248092274,-1.8531384115315912,-1.564461586022491,-0.9608178187967125,-2.4204445087547013
-0.8128570311136825,-0.1973875428189275,-0.42801904748046515,-1.8527415945390178,-1.5646509735226433,-0.9613847062953391,-2.4206369112534807
-0.8127657186134534,-0.1973875428189275,-0.42820115998107544,-1.852955174030981,-1.5639881172721095,-0.9604398937976282,-2.4201078043818374
-0.8128570311136825,-0.1972071553187748,-0.4277476037300073,-1.8528638516687985,-1.5641775047722621,-0.9609123000464834,-2.420492609379396
-0.8129483436139111,-0.1973875428189275,-0.42820115998107544,-1.852955174030981,-1.5641775047722621,-0.9608178187967125,-2.4203002068806168
-0.8127657186134534,-0.19729734906885138,-0.4281109662309993,-1.8531384115315912,-1.5646509735226433,-0.9610067812962548,-2.420540710004091
-0.8127657186134534,-0.19729734906885138,-0.4281109662309993,-1.8526803177800655,-1.5643668922724148,-0.9610067812962548,-2.4203964081300064
-0.8127657186134534,-0.1972071553187748,-0.42783865998031245,-1.8531996882905435,-1.564461586022491,-0.9611957437957968,-2.4204445087547013
-0.8126744061132247,-0.19747773656900408,-0.428291353731152,-1.852955174030981,-1.5641775047722621,-0.9612902250455682,-2.420540710004091
-0.8126744061132247,-0.1972071553187748,-0.4279297162306176,-1.8529858124104572,-1.5641775047722621,-0.9608178187967125,-2.420492609379396
-0.8129483436139111,-0.1973875428189275,-0.4282922162313806,-1.8531993919024206,-1.564461586022491,-0.9610067812962548,-2.4204445087547013
-0.8128570311136825,-0.19729734906885138,-0.42820202248130446,-1.8531993919024206,-1.5642721985223385,-0.9608178187967125,-2.4204445087547013
-0.8126744061132247,-0.1972071553187748,-0.4281118287312279,-1.8530161544018104,-1.5637987297719569,-0.9607233375469415,-2.4203964081300064
-0.8129483436139111,-0.1973875428189275,-0.4282922162313806,-1.853107773152116,-1.564556279772567,-0.9612902250455682,-2.420588810628786
-0.8128570311136825,-0.1973875428189275,-0.4281101037307703,-1.8528941936601517,-1.5641775047722621,-0.9612902250455682,-2.4203964081300064
-0.8128570311136825,-0.1975679303190802,-0.42838154748122814,-1.8528635552806765,-1.5640828110221858,-0.9610067812962548,-2.4203964081300064
-0.8126744061132247,-0.19729734906885138,-0.4281109662309993,-1.8530467927812866,-1.5641775047722621,-0.9611957437957968,-2.420492609379396
-0.8127657186134534,-0.1973875428189275,-0.42838327248168573,-1.8530771347726398,-1.5640828110221858,-0.9610067812962548,-2.4204445087547013
-0.8126744061132247,-0.1973875428189275,-0.4282922162313806,-1.853107773152116,-1.5643668922724148,-0.9612902250455682,-2.4206369112534807
-0.8125830936129956,-0.1973875428189275,-0.42820115998107544,-1.8530467927812866,-1.5639881172721095,-0.9609123000464834,-2.4203964081300064
-0.8127657186134534,-0.19729734906885138,-0.42820202248130446,-1.8530161544018104,-1.5641775047722621,-0.9611957437957968,-2.4206850118781755
-0.8128570311136825,-0.1975679303190802,-0.42838154748122814,-1.8528635552806765,-1.564461586022491,-0.9609123000464834,-2.420540710004091
-0.8127657186134534,-0.19747773656900408,-0.42838240998145716,-1.8530502184620796,-1.5641775047722621,-0.9610067812962548,-2.420540710004091
-0.8127657186134534,-0.19747773656900408,-0.428291353731152,-1.8528060005906402,-1.5641775047722621,-0.9611957437957968,-2.420540710004091
-0.8127657186134534,-0.1973875428189275,-0.4281101037307703,-1.8526534014695062,-1.5641775047722621,-0.9611957437957968,-2.420540710004091
-0.8126496340531897,-0.19747773656900408,-0.4284734662317623,-1.8527447238316888,-1.5638934235220332,-0.9610067812962548,-2.4203002068806168
-0.8128322590536474,-0.19711696156869868,-0.4279305787308466,-1.8528060005906402,-1.5639881172721095,-0.9610067812962548,-2.4203964081300064
-0.8127409465534183,-0.1972071553187748,-0.42802077248092274,-1.85262276309003,-1.5641775047722621,-0.9610067812962548,-2.4204445087547013
-0.8127409465534183,-0.1972071553187748,-0.42802077248092274,-1.85262276309003,-1.5641775047722621,-0.9610067812962548,-2.420492609379396
-0.8126496340531897,-0.19711696156869868,-0.42802163498115176,-1.8528669809614695,-1.5642721985223385,-0.9612902250455682,-2.420492609379396
-0.8127409465534183,-0.19711696156869868,-0.4279305787308466,-1.8527143818403355,-1.5641775047722621,-0.9610067812962548,-2.4204445087547013
-0.8127409465534183,-0.19726585756270038,-0.42820202248130446,-1.852775362211165,-1.5641775047722621,-0.9611012625460258,-2.4203964081300064
-0.8125583215529606,-0.19744624506285308,-0.42820029748084687,-1.852286926468285,-1.5639881172721095,-0.9611957437957968,-2.420588810628786
-0.8126496340531897,-0.1971756638126238,-0.4279297162306176,-1.8530198764707264,-1.5641775047722621,-0.9609123000464834,-2.4204445087547013
-0.8127409465534183,-0.19726585756270038,-0.4281109662309993,-1.85262276309003,-1.5639881172721095,-0.9610067812962548,-2.4203964081300064
-0.8129235715538761,-0.1971756638126238,-0.42765654747970216,-1.8525620791073227,-1.5643668922724148,-0.9611957437957968,-2.420588810628786
-0.8127409465534183,-0.19726585756270038,-0.42820202248130446,-1.8526837434608594,-1.5641775047722621,-0.9608178187967125,-2.4204445087547013
-0.8128322590536474,-0.19726585756270038,-0.4281109662309993,-1.8528060005906402,-1.5642721985223385,-0.9610067812962548,-2.420492609379396
-0.8129235715538761,-0.1973560513127765,-0.4282922162313806,-1.8526837434608594,-1.5639881172721095,-0.9612902250455682,-2.4203964081300064
-0.8126496340531897,-0.19726585756270038,-0.42801990998069417,-1.8526534014695062,-1.5642721985223385,-0.9611957437957968,-2.4203964081300064
-0.8127409465534183,-0.19726585756270038,-0.42801990998069417,-1.8526534014695062,-1.5641775047722621,-0.9609123000464834,-2.420540710004091
-0.8127409465534183,-0.19726585756270038,-0.42838413498191474,-1.8529889417031282,-1.5640828110221858,-0.9610067812962548,-2.4203964081300064
-0.8129235715538761,-0.1973560513127765,-0.42820115998107544,-1.85243952558942,-1.5639881172721095,-0.9609123000464834,-2.4203964081300064
-0.8128322590536474,-0.1973560513127765,-0.4281101037307703,-1.8525617827192007,-1.5641775047722621,-0.9609123000464834,-2.420492609379396
-0.8128322590536474,-0.1973560513127765,-0.42820115998107544,-1.85262276309003,-1.5641775047722621,-0.9610067812962548,-2.4204445087547013
-0.8129235715538761,-0.19744624506285308,-0.42838240998145716,-1.8525345700205182,-1.5642721985223385,-0.9612902250455682,-2.420492609379396
-0.8127409465534183,-0.1973560513127765,-0.4282922162313806,-1.8526261887708237,-1.5640828110221858,-0.9608178187967125,-2.420492609379396
-0.8127409465534183,-0.1973560513127765,-0.42838327248168573,-1.8527787878919577,-1.5642721985223385,-0.9610067812962548,-2.420492609379396
-0.8129235715538761,-0.19726585756270038,-0.4281109662309993,-1.8525652083999944,-1.564461586022491,-0.9610067812962548,-2.420492609379396
-0.8126496340531897,-0.1973560513127765,-0.4282922162313806,-1.8526261887708237,-1.5639881172721095,-0.9608178187967125,-2.4204445087547013
-0.8127409465534183,-0.19726585756270038,-0.427928853730389,-1.851985153906809,-1.5639881172721095,-0.9610067812962548,-2.420492609379396
-0.8129235715538761,-0.1973560513127765,-0.42820115998107544,-1.8522903521490788,-1.5643668922724148,-0.9611957437957968,-2.4206369112534807
-0.8127409465534183,-0.19726585756270038,-0.4282930787316096,-1.8524123128907375,-1.5639881172721095,-0.9610067812962548,-2.420492609379396
-0.8127409465534183,-0.19726585756270038,-0.42801990998069417,-1.852504228029165,-1.5641775047722621,-0.9613847062953391,-2.420540710004091
-0.8128322590536474,-0.19708547006254767,-0.4279305787308466,-1.852656827150299,-1.5641775047722621,-0.9611012625460258,-2.420492609379396
-0.8128322590536474,-0.19744624506285308,-0.42838240998145716,-1.8525345700205182,-1.5641775047722621,-0.9610067812962548,-2.420492609379396
-0.8126496340531897,-0.19744624506285308,-0.42820029748084687,-1.8525958467794696,-1.5641775047722621,-0.9611012625460258,-2.4203002068806168
-0.8126496340531897,-0.1971756638126238,-0.4281118287312279,-1.8524429512702127,-1.5641775047722621,-0.9610067812962548,-2.420492609379396
-0.8128322590536474,-0.19699527631247155,-0.4279314412310756,-1.8524429512702127,-1.564461586022491,-0.9613847062953391,-2.4206369112534807
-0.8128322590536474,-0.1971756638126238,-0.4281118287312279,-1.8526261887708237,-1.5633252610215753,-0.9608178187967125,-2.420252106255922
-0.8126248619931546,-0.1973560513127765,-0.4282922162313806,-1.8525345700205182,-1.5641775047722621,-0.9609123000464834,-2.4204445087547013
-0.8127161744933833,-0.1971756638126238,-0.42802077248092274,-1.8523819708993834,-1.5637987297719569,-0.9609123000464834,-2.420492609379396
-0.8128074869936124,-0.1973560513127765,-0.42847432873199087,-1.852656530762177,-1.5640828110221858,-0.9609123000464834,-2.420540710004091
-0.8126248619931546,-0.1971756638126238,-0.42802077248092274,-1.8522903521490788,-1.5637987297719569,-0.9609123000464834,-2.420540710004091
-0.8128074869936124,-0.1973560513127765,-0.4281101037307703,-1.8525958467794696,-1.5640828110221858,-0.9611957437957968,-2.420540710004091
-0.8128074869936124,-0.19744624506285308,-0.428291353731152,-1.8523819708993834,-1.5641775047722621,-0.9610067812962548,-2.420492609379396
-0.8127161744933833,-0.1973560513127765,-0.42820115998107544,-1.852473589649689,-1.5638934235220332,-0.9611012625460258,-2.4203964081300064
-0.8126248619931546,-0.19726585756270038,-0.4281109662309993,-1.8523819708993834,-1.5641775047722621,-0.9610067812962548,-2.420588810628786
-0.8127161744933833,-0.1971756638126238,-0.42802077248092274,-1.8522903521490788,-1.5637040360218806,-0.9608178187967125,-2.4204445087547013
-0.8128074869936124,-0.19744624506285308,-0.428291353731152,-1.8522903521490788,-1.5639881172721095,-0.9609123000464834,-2.4203964081300064
-0.8127161744933833,-0.1973560513127765,-0.42838327248168573,-1.852503931641042,-1.5642721985223385,-0.9611957437957968,-2.420540710004091
-0.8128074869936124,-0.1971756638126238,-0.4281118287312279,-1.8521680950192971,-1.5640828110221858,-0.9610067812962548,-2.420540710004091
-0.812898799493841,-0.1973560513127765,-0.42820115998107544,-1.8522903521490788,-1.5641775047722621,-0.9611012625460258,-2.420540710004091
-0.8125335494929256,-0.19744624506285308,-0.42838240998145716,-1.8525345700205182,-1.5637987297719569,-0.9604398937976282,-2.4203002068806168
-0.8127161744933833,-0.1973560513127765,-0.42820115998107544,-1.852656827150299,-1.5636093422718043,-0.9604398937976282,-2.4203002068806168
-0.8128074869936124,-0.1971756638126238,-0.428202884981533,-1.8527787878919577,-1.5638934235220332,-0.9612902250455682,-2.420492609379396
-0.8127161744933833,-0.1973560513127765,-0.4282922162313806,-1.8524429512702127,-1.5641775047722621,-0.9610067812962548,-2.420492609379396
-0.8126248619931546,-0.19699527631247155,-0.4278403849807705,-1.852473589649689,-1.5637040360218806,-0.9608178187967125,-2.4203002068806168
-0.8127161744933833,-0.1973560513127765,-0.42820115998107544,-1.8522903521490788,-1.5639881172721095,-0.9609123000464834,-2.420540710004091
-0.8128074869936124,-0.1973560513127765,-0.4282922162313806,-1.8523513325199081,-1.5641775047722621,-0.9610067812962548,-2.4204445087547013
-0.8127161744933833,-0.1971441723064728,-0.42802077248092274,-1.852473589649689,-1.5636093422718043,-0.9606288562971701,-2.420252106255922
-0.812898799493841,-0.1973245598066255,-0.4282922162313806,-1.8526261887708237,-1.5641775047722621,-0.9612902250455682,-2.420540710004091
-0.8126248619931546,-0.1973245598066255,-0.42820115998107544,-1.8521987333987733,-1.5636093422718043,-0.9609123000464834,-2.4204445087547013
-0.8125335494929256,-0.1971441723064728,-0.4281118287312279,-1.8523513325199081,-1.5641775047722621,-0.9609123000464834,-2.4206369112534807
-0.8125335494929256,-0.19723436605654937,-0.42820202248130446,-1.8524429512702127,-1.5637987297719569,-0.9609123000464834,-2.4203964081300064
-0.8127161744933833,-0.1971441723064728,-0.4279297162306176,-1.8520801983379085,-1.5638934235220332,-0.9610067812962548,-2.4203483075053116
-0.8127161744933833,-0.19705397855639667,-0.42802163498115176,-1.8521105403292617,-1.5638934235220332,-0.9609123000464834,-2.4203964081300064
-0.812898799493841,-0.19723436605654937,-0.42801990998069417,-1.8520801983379085,-1.5639881172721095,-0.9608178187967125,-2.420492609379396
-0.8126248619931546,-0.1971441723064728,-0.42802077248092274,-1.8520495599584323,-1.5638934235220332,-0.9609123000464834,-2.420492609379396
-0.8125335494929256,-0.19705397855639667,-0.4281126912314569,-1.8524463769510067,-1.5637987297719569,-0.9608178187967125,-2.4204445087547013
-0.8127161744933833,-0.1973245598066255,-0.4282922162313806,-1.8522021590795672,-1.5638934235220332,-0.9609123000464834,-2.420492609379396
-0.8127161744933833,-0.1971441723064728,-0.4279297162306176,-1.8522634358385186,-1.5634199547716516,-0.9607233375469415,-2.4203002068806168
-0.8127161744933833,-0.19723436605654937,-0.42820202248130446,-1.8520189215789562,-1.5639881172721095,-0.9609123000464834,-2.4203964081300064
-0.8128074869936124,-0.1973245598066255,-0.42820115998107544,-1.8521411787087378,-1.5641775047722621,-0.9609123000464834,-2.4203964081300064
-0.812898799493841,-0.19723436605654937,-0.4281109662309993,-1.8520495599584323,-1.5641775047722621,-0.9613847062953391,-2.4207812131275652
-0.8127161744933833,-0.1973245598066255,-0.42838327248168573,-1.8523547582007012,-1.5638934235220332,-0.9610067812962548,-2.4203483075053116
-0.812898799493841,-0.1971441723064728,-0.4279297162306176,-1.8520801983379085,-1.5640828110221858,-0.9610067812962548,-2.420492609379396
-0.8127161744933833,-0.19696378480632054,-0.4279314412310756,-1.8524770153304828,-1.5637987297719569,-0.9609123000464834,-2.4204445087547013
-0.8127161744933833,-0.19723436605654937,-0.42838413498191474,-1.852324119821226,-1.5641775047722621,-0.9611957437957968,-2.420588810628786
-0.8125335494929256,-0.19687359105624397,-0.42784124748099905,-1.8522021590795672,-1.5637040360218806,-0.9611012625460258,-2.4203483075053116
-0.8127161744933833,-0.19723436605654937,-0.42820202248130446,-1.8521105403292617,-1.5639881172721095,-0.9610067812962548,-2.4203964081300064
-0.8127161744933833,-0.19723436605654937,-0.42838413498191474,-1.852324119821226,-1.5610274788395193,-0.9612902250455682,-2.4204445087547013
-0.812898799493841,-0.1973245598066255,-0.42820115998107544,-1.8520495599584323,-1.5610274788395193,-0.9608178187967125,-2.420492609379396
-0.8127161744933833,-0.1973245598066255,-0.42820115998107544,-1.8522327974590425,-1.560932785089443,-0.9609123000464834,-2.4203964081300064
-0.812898799493841,-0.1973245598066255,-0.4281101037307703,-1.851988579587603,-1.5605540100891377,-0.9606288562971701,-2.4203002068806168
-0.8126248619931546,-0.1971441723064728,-0.42802077248092274,-1.8521411787087378,-1.560932785089443,-0.9611012625460258,-2.420492609379396
-0.8126248619931546,-0.19723436605654937,-0.42820202248130446,-1.8522021590795672,-1.560932785089443,-0.9609123000464834,-2.4203964081300064
-0.8126248619931546,-0.1971441723064728,-0.42802077248092274,-1.8522327974590425,-1.5610274788395193,-0.9612902250455682,-2.420492609379396
-0.8128074869936124,-0.1973245598066255,-0.4282922162313806,-1.8522937778298718,-1.560932785089443,-0.9608178187967125,-2.4203483075053116
-0.8127161744933833,-0.19696378480632054,-0.42802249748138077,-1.852171520700091,-1.5611221725895956,-0.9611012625460258,-2.420540710004091
-0.8127161744933833,-0.19741475355670207,-0.42838240998145716,-1.8522021590795672,-1.561216866339672,-0.9609123000464834,-2.4204445087547013
-0.812898799493841,-0.1975049473067782,-0.4284726037315333,-1.8522021590795672,-1.5615956413399772,-0.9615736687948815,-2.4207331125028704
-0.8126248619931546,-0.19687359105624397,-0.42765913498038877,-1.851988579587603,-1.5611221725895956,-0.9610067812962548,-2.420492609379396
-0.812898799493841,-0.19741475355670207,-0.42856452248206744,-1.8520492635703103,-1.5610274788395193,-0.9611957437957968,-2.420540710004091
-0.8129901119940701,-0.1971441723064728,-0.42802077248092274,-1.8521411787087378,-1.5607433975892904,-0.9611012625460258,-2.4204445087547013
-0.8127161744933833,-0.1971441723064728,-0.42802077248092274,-1.8522327974590425,-1.5613115600897483,-0.9609123000464834,-2.420492609379396
-0.8127161744933833,-0.19696378480632054,-0.4278403849807705,-1.8521411787087378,-1.5614062538398246,-0.9613847062953391,-2.4206369112534807
-0.8127161744933833,-0.19723436605654937,-0.4284751912322199,-1.8522018626914443,-1.560932785089443,-0.9608178187967125,-2.420540710004091
-0.8128074869936124,-0.19705397855639667,-0.42802163498115176,-1.8520189215789562,-1.561216866339672,-0.9613847062953391,-2.420540710004091
-0.8128074869936124,-0.1973245598066255,-0.42838327248168573,-1.8520799019497856,-1.5610274788395193,-0.9608178187967125,-2.4203002068806168
-0.8128074869936124,-0.19759514105685433,-0.4287449099822197,-1.8522325010709204,-1.560932785089443,-0.9609123000464834,-2.420492609379396
-0.812898799493841,-0.1973245598066255,-0.4281101037307703,-1.852171817088213,-1.560932785089443,-0.9610067812962548,-2.420540710004091
-0.8126248619931546,-0.19723436605654937,-0.4281109662309993,-1.8522327974590425,-1.5610274788395193,-0.9609123000464834,-2.4204445087547013
-0.8126248619931546,-0.19723436605654937,-0.42820202248130446,-1.8520189215789562,-1.5610274788395193,-0.9611012625460258,-2.4206850118781755
-0.8126248619931546,-0.1971441723064728,-0.42802077248092274,-1.8518663224578222,-1.5607433975892904,-0.9609123000464834,-2.420492609379396
-0.8127161744933833,-0.19696378480632054,-0.4281135537316859,-1.852507357321836,-1.560932785089443,-0.9608178187967125,-2.4203964081300064
-0.812898799493841,-0.1971441723064728,-0.42802077248092274,-1.8519579412081268,-1.561216866339672,-0.9610067812962548,-2.4204445087547013
-0.8126248619931546,-0.1971441723064728,-0.4281118287312279,-1.8522937778298718,-1.5610274788395193,-0.9611957437957968,-2.420492609379396
-0.8128074869936124,-0.19723436605654937,-0.42820202248130446,-1.8521105403292617,-1.5611221725895956,-0.9609123000464834,-2.4203002068806168
-0.8126248619931546,-0.1971441723064728,-0.4281118287312279,-1.8522021590795672,-1.5608380913393667,-0.9608178187967125,-2.4203002068806168
-0.8127161744933833,-0.1971441723064728,-0.42802077248092274,-1.8520836240187015,-1.5611221725895956,-0.9611957437957968,-2.420540710004091
-0.8126248619931546,-0.19723436605654937,-0.4281109662309993,-1.851808767767786,-1.5615956413399772,-0.9612902250455682,-2.420588810628786
-0.8127161744933833,-0.19705397855639667,-0.4279305787308466,-1.8519003865180914,-1.5613115600897483,-0.9613847062953391,-2.4206850118781755
-0.8129901119940701,-0.1973245598066255,-0.42820115998107544,-1.851992005268397,-1.5610274788395193,-0.9610067812962548,-2.4204445087547013
-0.8126000899331196,-0.19705397855639667,-0.42802163498115176,-1.8521446043895309,-1.5608380913393667,-0.9610067812962548,-2.420540710004091
-0.8125087774328905,-0.19723436605654937,-0.4281109662309993,-1.851992005268397,-1.5610274788395193,-0.9610067812962548,-2.4203964081300064
-0.8126914024333483,-0.1973245598066255,-0.4282922162313806,-1.8519613668889208,-1.5610274788395193,-0.9610067812962548,-2.420492609379396
-0.812874027433806,-0.19723436605654937,-0.42801990998069417,-1.851839406147262,-1.5611221725895956,-0.9610067812962548,-2.420492609379396
-0.8127827149335773,-0.19723436605654937,-0.42820202248130446,-1.8519613668889208,-1.560175235088833,-0.9601564500483144,-2.4200597037571425
-0.8127827149335773,-0.19705397855639667,-0.42802163498115176,-1.8518697481386153,-1.5610274788395193,-0.9610067812962548,-2.4203002068806168
-0.8126914024333483,-0.1971441723064728,-0.42802077248092274,-1.851808767767786,-1.561216866339672,-0.9609123000464834,-2.4203964081300064
-0.8127827149335773,-0.1971441723064728,-0.42802077248092274,-1.851992005268397,-1.5610274788395193,-0.9609123000464834,-2.4203002068806168
-0.8125087774328905,-0.19723436605654937,-0.4281109662309993,-1.8517171490174813,-1.5610274788395193,-0.9610067812962548,-2.4203964081300064
-0.8127827149335773,-0.19696378480632054,-0.42774932873046534,-1.8519310248975676,-1.5611221725895956,-0.9609123000464834,-2.420540710004091
-0.8126000899331196,-0.1971441723064728,-0.428202884981533,-1.8522055847603602,-1.5611221725895956,-0.9612902250455682,-2.4206369112534807
-0.8125087774328905,-0.1971441723064728,-0.42802077248092274,-1.851808767767786,-1.5608380913393667,-0.9610067812962548,-2.4203483075053116
-0.8126000899331196,-0.19723436605654937,-0.42801990998069417,-1.8519310248975676,-1.5610274788395193,-0.9611012625460258,-2.420588810628786
-0.8127827149335773,-0.1971441723064728,-0.4281118287312279,-1.8522362231398364,-1.5610274788395193,-0.9611957437957968,-2.4203483075053116
-0.8123261524324328,-0.1971441723064728,-0.4281118287312279,-1.8519613668889208,-1.5608380913393667,-0.9609123000464834,-2.4203964081300064
-0.812874027433806,-0.1971441723064728,-0.42829394123183817,-1.8520833276305795,-1.5615009475899009,-0.9611957437957968,-2.420540710004091
-0.8126914024333483,-0.1973245598066255,-0.4281101037307703,-1.8515645498963464,-1.5608380913393667,-0.9608178187967125,-2.4203002068806168
-0.8126914024333483,-0.19705397855639667,-0.42802163498115176,-1.8515948918876997,-1.5610274788395193,-0.9609123000464834,-2.420492609379396
-0.8126914024333483,-0.1971441723064728,-0.4281118287312279,-1.8519613668889208,-1.5611221725895956,-0.9610067812962548,-2.420540710004091
-0.8126914024333483,-0.19723436605654937,-0.4284751912322199,-1.8518694517504932,-1.561216866339672,-0.9610067812962548,-2.420540710004091
-0.8125087774328905,-0.1971441723064728,-0.4279297162306176,-1.851656168646652,-1.5608380913393667,-0.9610067812962548,-2.420540710004091
-0.8126914024333483,-0.1973245598066255,-0.428565384982296,-1.8518694517504932,-1.5611221725895956,-0.9610067812962548,-2.4204445087547013
-0.8126914024333483,-0.19723436605654937,-0.42820202248130446,-1.8518697481386153,-1.5610274788395193,-0.9608178187967125,-2.4204445087547013
-0.8126000899331196,-0.1971441723064728,-0.4281118287312279,-1.8517781293883107,-1.5611221725895956,-0.9610067812962548,-2.4203964081300064
-0.8127827149335773,-0.19696378480632054,-0.4279314412310756,-1.8520529856392263,-1.561216866339672,-0.9609123000464834,-2.4203964081300064
-0.8126914024333483,-0.19723436605654937,-0.42820202248130446,-1.8518697481386153,-1.5605540100891377,-0.9604398937976282,-2.420155905006532
-0.812874027433806,-0.19696378480632054,-0.42774932873046534,-1.8519310248975676,-1.5610274788395193,-0.9610067812962548,-2.4203002068806168
-0.8126914024333483,-0.19741475355670207,-0.42856452248206744,-1.8519000901299694,-1.5608380913393667,-0.9609123000464834,-2.4204445087547013
-0.8127827149335773,-0.19741475355670207,-0.42838240998145716,-1.8517781293883107,-1.560932785089443,-0.9607233375469415,-2.4203002068806168
-0.8126914024333483,-0.19696378480632054,-0.4279314412310756,-1.8520529856392263,-1.561216866339672,-0.9611957437957968,-2.420540710004091
-0.8127827149335773,-0.19696378480632054,-0.42774932873046534,-1.8517477873969566,-1.5610274788395193,-0.9609123000464834,-2.4203964081300064
-0.812874027433806,-0.1973245598066255,-0.4282922162313806,-1.8519613668889208,-1.561216866339672,-0.9610067812962548,-2.420540710004091
-0.8127827149335773,-0.1972028745503984,-0.4282930787316096,-1.8520223472597501,-1.5610274788395193,-0.9609123000464834,-2.420492609379396
-0.8126914024333483,-0.19711268080032182,-0.4281118287312279,-1.8518697481386153,-1.5613115600897483,-0.9609123000464834,-2.420492609379396
-0.8125087774328905,-0.1970224870502457,-0.42783952248054147,-1.8517477873969566,-1.560932785089443,-0.9610067812962548,-2.420492609379396
-0.8126914024333483,-0.1972028745503984,-0.4282930787316096,-1.8517474910088345,-1.5610274788395193,-0.9611012625460258,-2.4203483075053116
-0.8125087774328905,-0.19711268080032182,-0.4281118287312279,-1.8519613668889208,-1.5611221725895956,-0.9611012625460258,-2.4203483075053116
-0.8127827149335773,-0.1972028745503984,-0.4281109662309993,-1.851992005268397,-1.5611221725895956,-0.9608178187967125,-2.420492609379396
-0.8126000899331196,-0.1972028745503984,-0.42820202248130446,-1.8517781293883107,-1.560932785089443,-0.9610067812962548,-2.4204445087547013
-0.8126000899331196,-0.19693229330016956,-0.4278403849807705,-1.851808767767786,-1.5615956413399772,-0.9614791875451101,-2.4206850118781755
-0.8126000899331196,-0.19711268080032182,-0.4283849974821433,-1.8520526892511033,-1.561216866339672,-0.9609123000464834,-2.420492609379396
-0.812874027433806,-0.1972028745503984,-0.42820202248130446,-1.8517781293883107,-1.5610274788395193,-0.9610067812962548,-2.420492609379396
-0.8126000899331196,-0.19711268080032182,-0.42829394123183817,-1.851991708880274,-1.560932785089443,-0.9608178187967125,-2.4204445087547013
-0.8125087774328905,-0.19711268080032182,-0.42802077248092274,-1.8520836240187015,-1.560932785089443,-0.9609123000464834,-2.4203964081300064
-0.8127827149335773,-0.1972028745503984,-0.42820202248130446,-1.8518697481386153,-1.5611221725895956,-0.9610067812962548,-2.420540710004091
-0.8127827149335773,-0.1972028745503984,-0.42820202248130446,-1.8518697481386153,-1.5611221725895956,-0.9611957437957968,-2.420492609379396
-0.8126914024333483,-0.19711268080032182,-0.428202884981533,-1.8519307285094446,-1.5610274788395193,-0.9605343750473991,-2.4203964081300064
-0.8126914024333483,-0.19729306830047452,-0.4281101037307703,-1.8515645498963464,-1.561216866339672,-0.9612902250455682,-2.420540710004091
-0.8126914024333483,-0.19711268080032182,-0.4281118287312279,-1.8518697481386153,-1.560648703839214,-0.9606288562971701,-2.420204005631227
-0.8126914024333483,-0.1972028745503984,-0.42801990998069417,-1.8515645498963464,-1.5610274788395193,-0.9612902250455682,-2.4206369112534807
-0.8126000899331196,-0.1972028745503984,-0.42801990998069417,-1.8519310248975676,-1.560932785089443,-0.9608178187967125,-2.4203964081300064
-0.8126914024333483,-0.19711268080032182,-0.42829394123183817,-1.852174946380885,-1.561216866339672,-0.9610067812962548,-2.4204445087547013
-0.8127827149335773,-0.19693229330016956,-0.4279314412310756,-1.8518697481386153,-1.5610274788395193,-0.9609123000464834,-2.4206369112534807
-0.8127827149335773,-0.1972028745503984,-0.42838413498191474,-1.8519000901299694,-1.5610274788395193,-0.9610067812962548,-2.4203964081300064
-0.8125087774328905,-0.19693229330016956,-0.4279314412310756,-1.8520529856392263,-1.560932785089443,-0.9610067812962548,-2.420492609379396
-0.8127827149335773,-0.1972028745503984,-0.42820202248130446,-1.8516865106380052,-1.5611221725895956,-0.9609123000464834,-2.4204445087547013
-0.8127827149335773,-0.19693229330016956,-0.42820460998199106,-1.8520526892511033,-1.560648703839214,-0.9606288562971701,-2.420252106255922
-0.812874027433806,-0.19711268080032182,-0.42802077248092274,-1.8516255302671758,-1.5610274788395193,-0.9608178187967125,-2.4204445087547013
-0.8127827149335773,-0.1972028745503984,-0.4281109662309993,-1.8520836240187015,-1.561216866339672,-0.9611957437957968,-2.420492609379396
-0.8125087774328905,-0.19711268080032182,-0.4279297162306176,-1.8515645498963464,-1.560932785089443,-0.9613847062953391,-2.4206369112534807
-0.8126914024333483,-0.19729306830047452,-0.4282922162313806,-1.8517781293883107,-1.5610274788395193,-0.9607233375469415,-2.4203964081300064
-0.8126914024333483,-0.19693229330016956,-0.4279314412310756,-1.8520529856392263,-1.561216866339672,-0.9610067812962548,-2.420492609379396
-0.8126914024333483,-0.1972028745503984,-0.42820202248130446,-1.8516865106380052,-1.561216866339672,-0.9610067812962548,-2.420588810628786
-0.8125087774328905,-0.1970224870502457,-0.4279305787308466,-1.8516255302671758,-1.560932785089443,-0.9609123000464834,-2.420492609379396
-0.8126914024333483,-0.19729306830047452,-0.4282922162313806,-1.8515948918876997,-1.560932785089443,-0.9610067812962548,-2.420540710004091
-0.8125087774328905,-0.1972028745503984,-0.4282930787316096,-1.851873173819409,-1.5610274788395193,-0.9610067812962548,-2.420492609379396
-0.8126000899331196,-0.19711268080032182,-0.42802077248092274,-1.8515679755771401,-1.560932785089443,-0.9609123000464834,-2.420540710004091
-0.8127827149335773,-0.19711268080032182,-0.42802077248092274,-1.8514763568268346,-1.5610274788395193,-0.9612902250455682,-2.420588810628786
-0.8126000899331196,-0.1972028745503984,-0.4282930787316096,-1.8514150800678832,-1.561216866339672,-0.9609123000464834,-2.420540710004091
-0.8126000899331196,-0.196842099550093,-0.4277501912306939,-1.8516595943274448,-1.5608380913393667,-0.9610067812962548,-2.420540710004091
-0.8127827149335773,-0.19729306830047452,-0.42847432873199087,-1.8518425354399328,-1.5608380913393667,-0.9608178187967125,-2.420492609379396
-0.8127827149335773,-0.19711268080032182,-0.42802077248092274,-1.8516595943274448,-1.5615009475899009,-0.9614791875451101,-2.420540710004091
-0.8126914024333483,-0.1972028745503984,-0.4284751912322199,-1.851720278310152,-1.561216866339672,-0.9610067812962548,-2.420492609379396
-0.8126666303733132,-0.19711268080032182,-0.4281118287312279,-1.851537337197664,-1.560932785089443,-0.9610067812962548,-2.4203964081300064
-0.8126666303733132,-0.1972028745503984,-0.42820202248130446,-1.8516289559479695,-1.5607433975892904,-0.9611012625460258,-2.4203964081300064
-0.8127579428735423,-0.1970224870502457,-0.42802163498115176,-1.851537337197664,-1.560932785089443,-0.9608178187967125,-2.420540710004091
-0.8126666303733132,-0.19693229330016956,-0.4279314412310756,-1.8517205746982741,-1.5610274788395193,-0.9610067812962548,-2.420492609379396
-0.8125753178730846,-0.19711268080032182,-0.42802077248092274,-1.8515679755771401,-1.5610274788395193,-0.9610067812962548,-2.4203964081300064
-0.8127579428735423,-0.1972028745503984,-0.42838413498191474,-1.8518425354399328,-1.560932785089443,-0.9612902250455682,-2.420588810628786
-0.8126666303733132,-0.19711268080032182,-0.42802077248092274,-1.8515679755771401,-1.5610274788395193,-0.9609123000464834,-2.420540710004091
-0.8126666303733132,-0.19693229330016956,-0.42802249748138077,-1.8515983175684934,-1.560932785089443,-0.9611957437957968,-2.4203964081300064
-0.8125753178730846,-0.1972028745503984,-0.42820202248130446,-1.8517205746982741,-1.5615956413399772,-0.9615736687948815,-2.4206850118781755
-0.8126666303733132,-0.1972028745503984,-0.4281109662309993,-1.8515679755771401,-1.5610274788395193,-0.9611957437957968,-2.4204445087547013
-0.8127579428735423,-0.1970224870502457,-0.4281126912314569,-1.851873173819409,-1.5611221725895956,-0.9613847062953391,-2.420588810628786
-0.8124840053728555,-0.19711268080032182,-0.4281118287312279,-1.8517205746982741,-1.5608380913393667,-0.9610067812962548,-2.4204445087547013
-0.8127579428735423,-0.1972028745503984,-0.42820202248130446,-1.8518121934485796,-1.560932785089443,-0.9609123000464834,-2.4203964081300064
-0.8126666303733132,-0.19747345580062722,-0.4284726037315333,-1.8516289559479695,-1.5608380913393667,-0.9613847062953391,-2.420492609379396
-0.8125753178730846,-0.19711268080032182,-0.428202884981533,-1.8515066988181879,-1.5610274788395193,-0.9610067812962548,-2.4204445087547013
-0.8126666303733132,-0.19711268080032182,-0.4281118287312279,-1.851537337197664,-1.561216866339672,-0.9610067812962548,-2.4204445087547013
-0.8125753178730846,-0.196842099550093,-0.42765913498038877,-1.8515986139566154,-1.5613115600897483,-0.9611012625460258,-2.420588810628786
-0.8125753178730846,-0.19711268080032182,-0.42802077248092274,-1.8516595943274448,-1.5610274788395193,-0.9609123000464834,-2.4204445087547013
-0.8126666303733132,-0.19711268080032182,-0.428202884981533,-1.8517815550691035,-1.5610274788395193,-0.9611012625460258,-2.420540710004091
-0.8125753178730846,-0.19711268080032182,-0.4281118287312279,-1.851537337197664,-1.560932785089443,-0.9606288562971701,-2.4203002068806168
-0.8126666303733132,-0.1970224870502457,-0.4281126912314569,-1.851873173819409,-1.5611221725895956,-0.9610067812962548,-2.4203964081300064
-0.8124840053728555,-0.19693229330016956,-0.4279314412310756,-1.851354099697054,-1.5608380913393667,-0.9608178187967125,-2.4203964081300064
-0.8126666303733132,-0.19711268080032182,-0.428202884981533,-1.8514150800678832,-1.561216866339672,-0.9613847062953391,-2.4206369112534807
-0.8127579428735423,-0.1973832620505511,-0.428291353731152,-1.8514763568268346,-1.560648703839214,-0.9605343750473991,-2.420252106255922
-0.8126666303733132,-0.19693229330016956,-0.4278403849807705,-1.8515679755771401,-1.5610274788395193,-0.9609123000464834,-2.4203002068806168
-0.8125753178730846,-0.19711268080032182,-0.42802077248092274,-1.8515679755771401,-1.5600805413387566,-0.9602509312980858,-2.4201078043818374
-0.8126666303733132,-0.19711268080032182,-0.4281118287312279,-1.851537337197664,-1.5610274788395193,-0.9613847062953391,-2.420588810628786
-0.8126666303733132,-0.19711268080032182,-0.42802077248092274,-1.8516595943274448,-1.560932785089443,-0.9610067812962548,-2.420492609379396
-0.8124840053728555,-0.1972028745503984,-0.4281109662309993,-1.8516595943274448,-1.5611221725895956,-0.9610067812962548,-2.420540710004091
-0.8125753178730846,-0.19711268080032182,-0.4281118287312279,-1.851537337197664,-1.5610274788395193,-0.9609123000464834,-2.4203964081300064
-0.8124840053728555,-0.19711268080032182,-0.4281118287312279,-1.8514457184473585,-1.5610274788395193,-0.9608178187967125,-2.4204445087547013
-0.7332205290578226,-0.1436833228239168,-0.3415176733650469,-1.3113430427194523,-1.1450526312098428,-0.8058941884882003,-2.0737855076494056
-0.7332205290578226,-0.14359312907384023,-0.34106325461374976,-1.3108242649852193,-1.1450526312098428,-0.8059886697379712,-2.073689306400016
-0.7332205290578226,-0.14377351657399293,-0.34142575461451274,-1.3111294632274881,-1.1450526312098428,-0.8060831509877422,-2.0738336082741005
-0.7332205290578226,-0.14359312907384023,-0.34124536711436004,-1.3111294632274881,-1.145147324959919,-0.8060831509877422,-2.0738336082741005
-0.7329465915571358,-0.14359312907384023,-0.34142747961497033,-1.3113430427194523,-1.1454314062101476,-0.8060831509877422,-2.0738336082741005
-0.7329465915571358,-0.14377351657399293,-0.34142575461451274,-1.3112210819777936,-1.145147324959919,-0.8057052259886579,-2.073689306400016
-0.7333118415580513,-0.14359312907384023,-0.3415185358652755,-1.311129166839366,-1.145242018709995,-0.8059886697379712,-2.073689306400016
-0.7329465915571358,-0.14359312907384023,-0.34124536711436004,-1.310946225726878,-1.145147324959919,-0.8059886697379712,-2.0737374070247108
-0.7334031540582804,-0.14359312907384023,-0.34124536711436004,-1.310946225726878,-1.1450526312098428,-0.8059886697379712,-2.073689306400016
-0.7332205290578226,-0.1434714438176131,-0.3413372858648942,-1.3112514239691468,-1.1447685499596139,-0.8062721134872846,-2.073641205775321
-0.7332205290578226,-0.14374202506784192,-0.34142575461451274,-1.3107970522865369,-1.145147324959919,-0.8058941884882003,-2.0735931051506262
-0.7329465915571358,-0.1436518313177658,-0.3413355608644366,-1.3106138147859268,-1.145242018709995,-0.8057052259886579,-2.073689306400016
-0.7333118415580513,-0.14356163756768922,-0.34124536711436004,-1.3106138147859268,-1.1449579374597665,-0.8057997072384289,-2.073641205775321
-0.7330379040573649,-0.14356163756768922,-0.34124536711436004,-1.3106138147859268,-1.145242018709995,-0.8060831509877422,-2.073689306400016
-0.7331292165575936,-0.14374202506784192,-0.34160786711512303,-1.3109190130281956,-1.145242018709995,-0.8058941884882003,-2.073689306400016
-0.7332205290578226,-0.1434714438176131,-0.34124622961458906,-1.3108580326573662,-1.145242018709995,-0.8064610759868269,-2.073689306400016
-0.7332205290578226,-0.14374202506784192,-0.3416989233654282,-1.3105559637077684,-1.1453367124600713,-0.8060831509877422,-2.0735931051506262
-0.7331292165575936,-0.14356163756768922,-0.34124536711436004,-1.3105562600958904,-1.145242018709995,-0.8059886697379712,-2.073641205775321
-0.7332205290578226,-0.14374202506784192,-0.3415168108648179,-1.3105256217164152,-1.1449579374597665,-0.8060831509877422,-2.0735931051506262
-0.7331292165575936,-0.14356163756768922,-0.3411543108640549,-1.3104036609747565,-1.1449579374597665,-0.8059886697379712,-2.0734969039012365
-0.7333118415580513,-0.14383221881791805,-0.34142489211428373,-1.310312042224451,-1.1450526312098428,-0.8059886697379712,-2.073641205775321
-0.7332205290578226,-0.1436518313177658,-0.34160872961535205,-1.3103727262071583,-1.1449579374597665,-0.8059886697379712,-2.0735931051506262
-0.7330379040573649,-0.1436518313177658,-0.34160872961535205,-1.310464344957463,-1.1453367124600713,-0.8060831509877422,-2.0735931051506262
-0.7329465915571358,-0.1434714438176131,-0.3411551733642839,-1.3104646413455858,-1.1447685499596139,-0.8057997072384289,-2.0734969039012365
-0.7328552790569072,-0.14356163756768922,-0.34124536711436004,-1.3102814038449748,-1.1450526312098428,-0.8059886697379712,-2.073641205775321
-0.7332205290578226,-0.14383221881791805,-0.3415159483645889,-1.3102814038449748,-1.1447685499596139,-0.8057052259886579,-2.0734488032765417
-0.7331292165575936,-0.14356163756768922,-0.34124536711436004,-1.3103730225952803,-1.145242018709995,-0.8057052259886579,-2.0735931051506262
-0.7332205290578226,-0.14356163756768922,-0.34142747961497033,-1.3102201270860234,-1.1450526312098428,-0.8058941884882003,-2.0734488032765417
-0.7331292165575936,-0.14356163756768922,-0.34124536711436004,-1.3103730225952803,-1.1445791624594612,-0.8059886697379712,-2.0734969039012365
-0.7330379040573649,-0.1436518313177658,-0.3413355608644366,-1.3102814038449748,-1.1450526312098428,-0.8058941884882003,-2.0737855076494056
-0.7329465915571358,-0.1436518313177658,-0.3413355608644366,-1.3102814038449748,-1.145147324959919,-0.8060831509877422,-2.0734488032765417
-0.7332453011178577,-0.14356163756768922,-0.34124536711436004,-1.310132230404634,-1.1449579374597665,-0.8059886697379712,-2.0735931051506262
-0.7330626761174,-0.14356163756768922,-0.34124536711436004,-1.3102238491549394,-1.1448632437096902,-0.8054217822393446,-2.073352602027152
-0.7333366136180863,-0.14374202506784192,-0.34124364211390246,-1.309827032162365,-1.1449579374597665,-0.8058941884882003,-2.0734969039012365
-0.7329713636171709,-0.14338125006753696,-0.34115603586451293,-1.3101932107754632,-1.145242018709995,-0.8057997072384289,-2.0735931051506262
-0.7331539886176286,-0.1436518313177658,-0.34160872961535205,-1.3101319340165118,-1.1449579374597665,-0.8057997072384289,-2.0734488032765417
-0.7331539886176286,-0.14356163756768922,-0.34097219836344417,-1.3097660517915353,-1.1449579374597665,-0.8057997072384289,-2.0735931051506262
-0.7333366136180863,-0.14356163756768922,-0.3413364233646652,-1.3101932107754632,-1.1446738562095375,-0.8054217822393446,-2.0733045014024576
-0.7334279261183154,-0.1436518313177658,-0.34142661711474176,-1.3101015920251586,-1.1450526312098428,-0.8059886697379712,-2.073641205775321
-0.7331539886176286,-0.14356163756768922,-0.3415185358652755,-1.310315171517122,-1.1449579374597665,-0.8059886697379712,-2.073400702651847
-0.7330626761174,-0.1434714438176131,-0.3413372858648942,-1.3099793348953779,-1.1449579374597665,-0.8058941884882003,-2.0734969039012365
-0.7333366136180863,-0.14338125006753696,-0.34115603586451293,-1.3100099732748531,-1.1450526312098428,-0.8057997072384289,-2.0734969039012365
-0.7331539886176286,-0.14374202506784192,-0.34160786711512303,-1.3102541911462926,-1.1446738562095375,-0.8056107447388865,-2.073400702651847
-0.7334279261183154,-0.14356163756768922,-0.3416095921155806,-1.3103761518879513,-1.1454314062101476,-0.8059886697379712,-2.0737374070247108
-0.7331539886176286,-0.14356163756768922,-0.3415185358652755,-1.3101319340165118,-1.1449579374597665,-0.8057997072384289,-2.0734969039012365
-0.7333366136180863,-0.14356163756768922,-0.34124536711436004,-1.3098573741537192,-1.1453367124600713,-0.8057997072384289,-2.0735931051506262
-0.7331539886176286,-0.143349758561386,-0.3412470921148181,-1.310162572395988,-1.1450526312098428,-0.8057997072384289,-2.0734969039012365
-0.7332453011178577,-0.14371053356169095,-0.3416989233654282,-1.3101319340165118,-1.1447685499596139,-0.8057997072384289,-2.073400702651847
-0.7329713636171709,-0.14353014606153824,-0.34124536711436004,-1.3097998194636826,-1.145147324959919,-0.8057997072384289,-2.073400702651847
-0.7331539886176286,-0.14362033981161482,-0.34124450461413147,-1.3097388390928533,-1.1449579374597665,-0.8057052259886579,-2.0734969039012365
-0.7330626761174,-0.14353014606153824,-0.34142747961497033,-1.3101050177059514,-1.145147324959919,-0.8057052259886579,-2.0734969039012365
-0.7330626761174,-0.14353014606153824,-0.34124536711436004,-1.3097998194636826,-1.1453367124600713,-0.8060831509877422,-2.0735450045259314
-0.7331539886176286,-0.14353014606153824,-0.34124536711436004,-1.3096165819630725,-1.145147324959919,-0.8057997072384289,-2.0734969039012365
-0.7332453011178577,-0.14362033981161482,-0.3413355608644366,-1.3096165819630725,-1.1453367124600713,-0.8060831509877422,-2.073641205775321
-0.7332453011178577,-0.14362033981161482,-0.3413355608644366,-1.309708200713378,-1.144200387459156,-0.8050438572402598,-2.0730158976542885
-0.7333366136180863,-0.14353014606153824,-0.3413364233646652,-1.309860799834512,-1.1449579374597665,-0.8057997072384289,-2.0734488032765417
-0.7333366136180863,-0.14353014606153824,-0.34124536711436004,-1.3098914382139881,-1.1450526312098428,-0.8059886697379712,-2.0735931051506262
-0.7331539886176286,-0.14353014606153824,-0.3415185358652755,-1.3097995230755606,-1.1447685499596139,-0.8055162634891155,-2.0734969039012365
-0.7332453011178577,-0.14353014606153824,-0.34124536711436004,-1.3097998194636826,-1.145526099960224,-0.8062721134872846,-2.0735931051506262
-0.7333366136180863,-0.14380072731176707,-0.3415159483645889,-1.3096165819630725,-1.1449579374597665,-0.8057052259886579,-2.0734488032765417
-0.7332453011178577,-0.14362033981161482,-0.3409713358632156,-1.3093726604797549,-1.1450526312098428,-0.8059886697379712,-2.0735931051506262
-0.7333366136180863,-0.14343995231146212,-0.3413372858648942,-1.3101050177059514,-1.1450526312098428,-0.8060831509877422,-2.0735450045259314
-0.7333366136180863,-0.143349758561386,-0.3410649796142078,-1.3097998194636826,-1.1453367124600713,-0.8057997072384289,-2.0734969039012365
-0.7332453011178577,-0.143349758561386,-0.3410649796142078,-1.3096165819630725,-1.1454314062101476,-0.8060831509877422,-2.0735450045259314
-0.7332453011178577,-0.14380072731176707,-0.34169806086519916,-1.3097385427047312,-1.1448632437096902,-0.8057052259886579,-2.073352602027152
-0.7333366136180863,-0.14353014606153824,-0.34124536711436004,-1.3092501069618514,-1.1447685499596139,-0.8056107447388865,-2.073352602027152
-0.7331539886176286,-0.14343995231146212,-0.34124622961458906,-1.3096775623339019,-1.1453367124600713,-0.8057997072384289,-2.0735931051506262
-0.7329713636171709,-0.143349758561386,-0.3413381483651232,-1.3097995230755606,-1.145242018709995,-0.8057052259886579,-2.073352602027152
-0.7332453011178577,-0.14371053356169095,-0.34160786711512303,-1.3097726067650004,-1.145242018709995,-0.8058941884882003,-2.0735450045259314
-0.7332453011178577,-0.14353014606153824,-0.34142747961497033,-1.3095893692643903,-1.1449579374597665,-0.8058941884882003,-2.0734488032765417
-0.7332453011178577,-0.14353014606153824,-0.34142747961497033,-1.3095893692643903,-1.1446738562095375,-0.8053273009895732,-2.073208300153068
-0.7331539886176286,-0.14353014606153824,-0.34142747961497033,-1.3095893692643903,-1.145242018709995,-0.8060831509877422,-2.0734969039012365
-0.7331539886176286,-0.14371053356169095,-0.34160786711512303,-1.3094977505140848,-1.1449579374597665,-0.8057052259886579,-2.073400702651847
-0.7331539886176286,-0.143349758561386,-0.3410649796142078,-1.309375789772426,-1.1450526312098428,-0.8058941884882003,-2.0734969039012365
-0.7332453011178577,-0.14343995231146212,-0.34142834211519935,-1.3097419683855251,-1.1449579374597665,-0.8054217822393446,-2.073352602027152
-0.7332453011178577,-0.14362033981161482,-0.3413355608644366,-1.309375789772426,-1.1450526312098428,-0.8057052259886579,-2.0734488032765417
-0.7330626761174,-0.14353014606153824,-0.34142747961497033,-1.3096809880146958,-1.1454314062101476,-0.8061776322375136,-2.073689306400016
-0.7330626761174,-0.14371053356169095,-0.34142575461451274,-1.3094674085227316,-1.1450526312098428,-0.8057997072384289,-2.073400702651847
-0.7330626761174,-0.14343995231146212,-0.3413372858648942,-1.3095893692643903,-1.145147324959919,-0.8057052259886579,-2.0734969039012365
-0.7332453011178577,-0.14325956481130941,-0.3409747858641312,-1.309559027273037,-1.1450526312098428,-0.8057997072384289,-2.0734488032765417
-0.7331539886176286,-0.14353014606153824,-0.3415185358652755,-1.3098335871358298,-1.1449579374597665,-0.8057052259886579,-2.0735931051506262
-0.7330626761174,-0.14349865455538724,-0.34124536711436004,-1.3094674085227316,-1.145147324959919,-0.8059886697379712,-2.073641205775321
-0.7331539886176286,-0.1435888483054638,-0.3413355608644366,-1.3097422647736472,-1.145147324959919,-0.8057997072384289,-2.073641205775321
-0.7333366136180863,-0.1434084608053111,-0.34106411711397877,-1.3093148094015967,-1.1449579374597665,-0.8057997072384289,-2.0733045014024576
-0.7331539886176286,-0.1435888483054638,-0.34160872961535205,-1.3096503496352196,-1.1449579374597665,-0.8057052259886579,-2.073400702651847
-0.7331539886176286,-0.1434084608053111,-0.34142834211519935,-1.3096503496352196,-1.1448632437096902,-0.8057052259886579,-2.0735931051506262
-0.7332453011178577,-0.1435888483054638,-0.3413355608644366,-1.309375789772426,-1.1449579374597665,-0.8055162634891155,-2.073352602027152
-0.7333366136180863,-0.1434084608053111,-0.34142834211519935,-1.309375493384304,-1.1457154874603765,-0.8061776322375136,-2.0737374070247108
-0.7329713636171709,-0.14367904205553994,-0.34142575461451274,-1.309375789772426,-1.1450526312098428,-0.8057052259886579,-2.073400702651847
-0.7332453011178577,-0.14349865455538724,-0.34124536711436004,-1.3092841710221215,-1.1453367124600713,-0.8059886697379712,-2.0734488032765417
-0.7331539886176286,-0.1434084608053111,-0.3411551733642839,-1.3094674085227316,-1.1447685499596139,-0.8057052259886579,-2.0734969039012365
-0.7332453011178577,-0.1435888483054638,-0.3413355608644366,-1.3094674085227316,-1.1449579374597665,-0.8054217822393446,-2.073400702651847
-0.7332453011178577,-0.1435888483054638,-0.34124450461413147,-1.3094980469022077,-1.1447685499596139,-0.8057052259886579,-2.0734488032765417
-0.7331539886176286,-0.14349865455538724,-0.3415185358652755,-1.3096503496352196,-1.1446738562095375,-0.8054217822393446,-2.073400702651847
-0.7334279261183154,-0.14331826705523498,-0.34097392336390264,-1.3091315719009866,-1.1449579374597665,-0.8056107447388865,-2.073352602027152
-0.7329713636171709,-0.1434084608053111,-0.34142834211519935,-1.3094671121346095,-1.1449579374597665,-0.8058941884882003,-2.0734488032765417
-0.7332453011178577,-0.1434084608053111,-0.34106411711397877,-1.3092231906512921,-1.1449579374597665,-0.8057997072384289,-2.073400702651847
-0.7332453011178577,-0.1434084608053111,-0.3413372858648942,-1.3093145130134747,-1.145242018709995,-0.8057052259886579,-2.073400702651847
-0.7333366136180863,-0.14349865455538724,-0.3416095921155806,-1.3094364737551334,-1.145242018709995,-0.8061776322375136,-2.073400702651847
-0.7329713636171709,-0.1434084608053111,-0.3411551733642839,-1.3092841710221215,-1.1453367124600713,-0.8058941884882003,-2.073400702651847
-0.7331539886176286,-0.1432280733051584,-0.3407926733635209,-1.309528685281683,-1.1449579374597665,-0.8058941884882003,-2.073352602027152
-0.7329713636171709,-0.1435888483054638,-0.3413355608644366,-1.309375789772426,-1.1450526312098428,-0.8057997072384289,-2.073352602027152
-0.7331539886176286,-0.1434084608053111,-0.3411551733642839,-1.309192552271816,-1.1440109999590033,-0.8048548947407179,-2.0727753945308143
-0.7330626761174,-0.1435888483054638,-0.3413355608644366,-1.3094674085227316,-1.145242018709995,-0.8057997072384289,-2.073352602027152
-0.7330626761174,-0.14367904205553994,-0.34160786711512303,-1.3094061317637802,-1.1449579374597665,-0.8057997072384289,-2.0733045014024576
-0.7331539886176286,-0.14349865455538724,-0.34142747961497033,-1.3092569583234392,-1.145147324959919,-0.8057997072384289,-2.0732564007777627
-0.7334279261183154,-0.14367904205553994,-0.34142575461451274,-1.3089517600811695,-1.145147324959919,-0.8057997072384289,-2.073208300153068
-0.7331539886176286,-0.14331826705523498,-0.3410649796142078,-1.309043378831475,-1.1442950812092323,-0.8057997072384289,-2.0733045014024576
-0.7332453011178577,-0.14367904205553994,-0.34142575461451274,-1.3089517600811695,-1.1454314062101476,-0.8061776322375136,-2.0733045014024576
-0.7331539886176286,-0.14331826705523498,-0.3410649796142078,-1.3091349975817805,-1.1449579374597665,-0.8059886697379712,-2.0732564007777627
-0.7329713636171709,-0.14331826705523498,-0.3410649796142078,-1.3089517600811695,-1.1450526312098428,-0.8058941884882003,-2.0733045014024576
-0.7330626761174,-0.14331826705523498,-0.3408828671135975,-1.3090130368401218,-1.1450526312098428,-0.8057997072384289,-2.073208300153068
-0.7332453011178577,-0.14349865455538724,-0.3415185358652755,-1.3091347011936576,-1.1448632437096902,-0.8058941884882003,-2.0732564007777627
-0.7329713636171709,-0.1434084608053111,-0.34106411711397877,-1.3088907797103402,-1.1450526312098428,-0.8057997072384289,-2.0733045014024576
-0.7331539886176286,-0.1434084608053111,-0.3411551733642839,-1.309043378831475,-1.1449579374597665,-0.8057052259886579,-2.073208300153068
-0.7332453011178577,-0.1435888483054638,-0.3415176733650469,-1.3090737208228282,-1.145147324959919,-0.8059886697379712,-2.073160199528373
-0.7331539886176286,-0.1432280733051584,-0.3409747858641312,-1.3091349975817805,-1.1449579374597665,-0.8054217822393446,-2.0733045014024576
-0.7329465915571358,-0.1434084608053111,-0.3413372858648942,-1.3091653395731337,-1.1449579374597665,-0.8057997072384289,-2.0733045014024576
-0.7333118415580513,-0.14367904205553994,-0.34160786711512303,-1.3089821020725236,-1.1449579374597665,-0.8061776322375136,-2.073160199528373
-0.7331292165575936,-0.1434084608053111,-0.34106411711397877,-1.3090740172109512,-1.1454314062101476,-0.8059886697379712,-2.073400702651847
-0.7331292165575936,-0.14331826705523498,-0.3408828671135975,-1.3090130368401218,-1.145147324959919,-0.8057997072384289,-2.0730639982789834
-0.7329465915571358,-0.1434084608053111,-0.3411551733642839,-1.309043378831475,-1.1450526312098428,-0.8057997072384289,-2.073208300153068
-0.7330379040573649,-0.1434084608053111,-0.3415193983655045,-1.309378919065098,-1.145242018709995,-0.8057997072384289,-2.073160199528373
-0.7331292165575936,-0.1434084608053111,-0.3413372858648942,-1.3092569583234392,-1.1446738562095375,-0.8057052259886579,-2.073112098903678
-0.7332205290578226,-0.14367904205553994,-0.3416989233654282,-1.3094095574445732,-1.145147324959919,-0.8057997072384289,-2.073208300153068
-0.7330379040573649,-0.14367904205553994,-0.3416989233654282,-1.3091347011936576,-1.1449579374597665,-0.8057052259886579,-2.0730639982789834
-0.7330379040573649,-0.1434084608053111,-0.34142834211519935,-1.3089514636930475,-1.1449579374597665,-0.8056107447388865,-2.073112098903678
-0.7334031540582804,-0.1434084608053111,-0.34142834211519935,-1.3089514636930475,-1.1450526312098428,-0.8057997072384289,-2.0730158976542885
-0.7333118415580513,-0.14349865455538724,-0.3416095921155806,-1.3092873003147925,-1.1445791624594612,-0.8052328197398022,-2.072871595780204
-0.7329465915571358,-0.14349865455538724,-0.34124536711436004,-1.309043378831475,-1.1448632437096902,-0.8057052259886579,-2.0730639982789834
-0.7332205290578226,-0.14313787955508228,-0.3408845921140551,-1.308860141330865,-1.1447685499596139,-0.8054217822393446,-2.073208300153068
-0.7329465915571358,-0.14349865455538724,-0.34124536711436004,-1.309043378831475,-1.145147324959919,-0.8057052259886579,-2.073112098903678
-0.7329465915571358,-0.14313787955508228,-0.3408845921140551,-1.309043378831475,-1.1446738562095375,-0.8057997072384289,-2.0730639982789834
-0.7331292165575936,-0.14349865455538724,-0.3415185358652755,-1.309043082443353,-1.144484468709385,-0.8057052259886579,-2.073208300153068
-0.7332205290578226,-0.14331826705523498,-0.3410649796142078,-1.309043378831475,-1.1454314062101476,-0.8059886697379712,-2.073208300153068
-0.7330379040573649,-0.1432280733051584,-0.34106584211443636,-1.30919597795261,-1.1448632437096902,-0.8055162634891155,-2.072919696404899
-0.7332205290578226,-0.14349865455538724,-0.3415185358652755,-1.3091347011936576,-1.145242018709995,-0.8058941884882003,-2.073112098903678
-0.7332205290578226,-0.14349865455538724,-0.34142747961497033,-1.3092569583234392,-1.1450526312098428,-0.8058941884882003,-2.073112098903678
-0.7331292165575936,-0.14331826705523498,-0.3410649796142078,-1.3089517600811695,-1.1449579374597665,-0.8057052259886579,-2.0730639982789834
-0.7332205290578226,-0.14328677554908398,-0.3410649796142078,-1.3089517600811695,-1.1449579374597665,-0.8057997072384289,-2.073112098903678
-0.7330379040573649,-0.1433769692991601,-0.3411551733642839,-1.3089517600811695,-1.1448632437096902,-0.8057997072384289,-2.073112098903678
-0.7330379040573649,-0.14328677554908398,-0.34142920461542836,-1.3092873003147925,-1.1447685499596139,-0.8056107447388865,-2.073112098903678
-0.7329465915571358,-0.14346716304923623,-0.3411543108640549,-1.3088332250203045,-1.145242018709995,-0.8059886697379712,-2.073112098903678
-0.7331292165575936,-0.14328677554908398,-0.34097392336390264,-1.308741606269999,-1.1449579374597665,-0.8057052259886579,-2.0730639982789834
-0.7331292165575936,-0.14328677554908398,-0.34115603586451293,-1.3086803295110476,-1.1447685499596139,-0.8056107447388865,-2.0730639982789834
-0.7331292165575936,-0.1433769692991601,-0.34124622961458906,-1.3090468045122687,-1.1449579374597665,-0.8058941884882003,-2.0729677970295937
-0.7329465915571358,-0.14328677554908398,-0.3413381483651232,-1.3088939090030118,-1.145147324959919,-0.8057997072384289,-2.0730639982789834
-0.7329465915571358,-0.1433769692991601,-0.34124622961458906,-1.3085887107607421,-1.1449579374597665,-0.8057052259886579,-2.0730158976542885
-0.7329465915571358,-0.1435573567993128,-0.34142661711474176,-1.3090468045122687,-1.1448632437096902,-0.8056107447388865,-2.0730639982789834
-0.7332205290578226,-0.1435573567993128,-0.3415176733650469,-1.308741309881877,-1.1448632437096902,-0.8057052259886579,-2.0730639982789834
-0.7329465915571358,-0.1433769692991601,-0.3411551733642839,-1.3088025866408284,-1.145242018709995,-0.8057052259886579,-2.073112098903678
-0.7331292165575936,-0.14346716304923623,-0.34142747961497033,-1.308741309881877,-1.1449579374597665,-0.8057997072384289,-2.0730639982789834
-0.7334031540582804,-0.14328677554908398,-0.34142920461542836,-1.3087716518732302,-1.1449579374597665,-0.8056107447388865,-2.0727272939061194
-0.7330379040573649,-0.14346716304923623,-0.34124536711436004,-1.3084361116396082,-1.145242018709995,-0.8059886697379712,-2.0730639982789834
-0.733494466558509,-0.14346716304923623,-0.34124536711436004,-1.3086193491402183,-1.1448632437096902,-0.8057052259886579,-2.0730639982789834
-0.7331292165575936,-0.1431965817990074,-0.3409747858641312,-1.3088025866408284,-1.145147324959919,-0.8057997072384289,-2.073112098903678
-0.7329465915571358,-0.1433769692991601,-0.34106411711397877,-1.3088332250203045,-1.1447685499596139,-0.8057052259886579,-2.072919696404899
-0.7329465915571358,-0.14346716304923623,-0.3416095921155806,-1.3087716518732302,-1.1448632437096902,-0.8057052259886579,-2.073112098903678
-0.7331292165575936,-0.1433769692991601,-0.3411551733642839,-1.3087109678905238,-1.1449579374597665,-0.8060831509877422,-2.073112098903678
-0.7329465915571358,-0.14364755054938894,-0.34160786711512303,-1.3086496911315715,-1.1450526312098428,-0.8056107447388865,-2.0730639982789834
-0.7330379040573649,-0.1433769692991601,-0.3411551733642839,-1.3086193491402183,-1.1449579374597665,-0.8056107447388865,-2.073112098903678
-0.7331292165575936,-0.1433769692991601,-0.34124622961458906,-1.3087719482613531,-1.1454314062101476,-0.8059886697379712,-2.073160199528373
-0.7330379040573649,-0.14328677554908398,-0.3413381483651232,-1.3087106715024008,-1.1449579374597665,-0.8056107447388865,-2.0729677970295937
-0.7333118415580513,-0.14346716304923623,-0.3415185358652755,-1.3088022902527063,-1.1449579374597665,-0.8057052259886579,-2.0730158976542885
-0.7329465915571358,-0.14346716304923623,-0.34142747961497033,-1.3086496911315715,-1.1447685499596139,-0.8057997072384289,-2.072919696404899
-0.7331292165575936,-0.1435573567993128,-0.34142661711474176,-1.3085887107607421,-1.145242018709995,-0.8057052259886579,-2.073112098903678
-0.7331292165575936,-0.14328677554908398,-0.3410649796142078,-1.3086193491402183,-1.1449579374597665,-0.8057052259886579,-2.0729677970295937
-0.7329465915571358,-0.14328677554908398,-0.3410649796142078,-1.3087109678905238,-1.1447685499596139,-0.8057052259886579,-2.0730158976542885
-0.7331292165575936,-0.14346716304923623,-0.34142747961497033,-1.3086496911315715,-1.1449579374597665,-0.8054217822393446,-2.0730158976542885
-0.7333118415580513,-0.14346716304923623,-0.34142747961497033,-1.308741309881877,-1.145147324959919,-0.8060831509877422,-2.0730639982789834
-0.7329465915571358,-0.14346716304923623,-0.34124536711436004,-1.3086193491402183,-1.145242018709995,-0.8060831509877422,-2.073112098903678
-0.7331292165575936,-0.1433769692991601,-0.34124622961458906,-1.3087719482613531,-1.1448632437096902,-0.8056107447388865,-2.072919696404899
-0.7331292165575936,-0.1433769692991601,-0.34142834211519935,-1.309077146503622,-1.1449579374597665,-0.8057052259886579,-2.0730158976542885
-0.7332205290578226,-0.1433769692991601,-0.3411551733642839,-1.3087109678905238,-1.1447685499596139,-0.8057052259886579,-2.072919696404899
-0.7333118415580513,-0.14346716304923623,-0.34124536711436004,-1.3085277303899128,-1.145242018709995,-0.8057997072384289,-2.073160199528373
-0.7331292165575936,-0.14346716304923623,-0.34142747961497033,-1.308741309881877,-1.1447685499596139,-0.8054217822393446,-2.0727753945308143
-0.7331292165575936,-0.1433769692991601,-0.3411551733642839,-1.3086193491402183,-1.1450526312098428,-0.8058941884882003,-2.0730639982789834
-0.7332205290578226,-0.14364755054938894,-0.34160786711512303,-1.3086496911315715,-1.145147324959919,-0.8057052259886579,-2.072823495155509
-0.7331292165575936,-0.14346716304923623,-0.34124536711436004,-1.3088025866408284,-1.1449579374597665,-0.8057052259886579,-2.0729677970295937
-0.7328552790569072,-0.14346716304923623,-0.34124536711436004,-1.3084361116396082,-1.1446738562095375,-0.8052328197398022,-2.0727272939061194
-0.7333118415580513,-0.1435573567993128,-0.3413355608644366,-1.3086193491402183,-1.1453367124600713,-0.8059886697379712,-2.073112098903678
-0.7332205290578226,-0.1433769692991601,-0.3411551733642839,-1.3086193491402183,-1.1448632437096902,-0.8057052259886579,-2.072919696404899
-0.7328552790569072,-0.14328677554908398,-0.3410649796142078,-1.3088025866408284,-1.145147324959919,-0.8057052259886579,-2.072919696404899
-0.7331292165575936,-0.1433769692991601,-0.34106411711397877,-1.3084667500190834,-1.1449579374597665,-0.8054217822393446,-2.072919696404899
-0.7328552790569072,-0.1433769692991601,-0.3413372858648942,-1.3088329286321825,-1.1449579374597665,-0.8057997072384289,-2.073112098903678
-0.7333118415580513,-0.14328677554908398,-0.3413381483651232,-1.3086190527520962,-1.1449579374597665,-0.8057997072384289,-2.072871595780204
-0.7330379040573649,-0.14328677554908398,-0.3412470921148181,-1.308741309881877,-1.1449579374597665,-0.8057997072384289,-2.0729677970295937
-0.7330379040573649,-0.1433769692991601,-0.34124622961458906,-1.3088635670116577,-1.1449579374597665,-0.8055162634891155,-2.0729677970295937
-0.7331292165575936,-0.14328677554908398,-0.3410649796142078,-1.3086193491402183,-1.145242018709995,-0.8055162634891155,-2.072919696404899
-0.7332205290578226,-0.1435573567993128,-0.3415176733650469,-1.3085580723812669,-1.145242018709995,-0.8057997072384289,-2.0730158976542885
-0.7331292165575936,-0.1433769692991601,-0.3411551733642839,-1.3085277303899128,-1.1449579374597665,-0.8055162634891155,-2.0730158976542885
-0.7331292165575936,-0.14346716304923623,-0.3413364233646652,-1.3086803295110476,-1.1449579374597665,-0.8058941884882003,-2.0729677970295937
-0.7329465915571358,-0.14310638804893128,-0.34079353586374994,-1.308558368769389,-1.1449579374597665,-0.8058941884882003,-2.072919696404899
-0.7333118415580513,-0.14364755054938894,-0.3415168108648179,-1.3084970920104375,-1.1450526312098428,-0.8056107447388865,-2.0729677970295937
-0.7332205290578226,-0.14328677554908398,-0.3412470921148181,-1.3086496911315715,-1.1449579374597665,-0.8057997072384289,-2.0730158976542885
-0.7329465915571358,-0.1433769692991601,-0.34142834211519935,-1.3088022902527063,-1.145147324959919,-0.8059886697379712,-2.0730158976542885
-0.7331292165575936,-0.1433769692991601,-0.3413372858648942,-1.3085005176912305,-1.145526099960224,-0.8062721134872846,-2.073208300153068
-0.7331292165575936,-0.1435573567993128,-0.3415176733650469,-1.308408898940926,-1.1445791624594612,-0.8054217822393446,-2.072871595780204
-0.7333118415580513,-0.14328677554908398,-0.3413381483651232,-1.3084698793117553,-1.1449579374597665,-0.8054217822393446,-2.072919696404899
-0.7331292165575936,-0.14328677554908398,-0.3410649796142078,-1.3082869381992672,-1.1448632437096902,-0.8057997072384289,-2.0730639982789834
-0.7331292165575936,-0.1433769692991601,-0.34124622961458906,-1.3085311560707067,-1.1449579374597665,-0.8059886697379712,-2.0730639982789834
-0.7332205290578226,-0.14346716304923623,-0.34142747961497033,-1.308592136441536,-1.1450526312098428,-0.8059886697379712,-2.072919696404899
-0.7331292165575936,-0.14328677554908398,-0.3415202608657335,-1.308591840053414,-1.145147324959919,-0.8062721134872846,-2.072919696404899
-0.7331292165575936,-0.14364755054938894,-0.34188103586603846,-1.308225365052193,-1.1447685499596139,-0.8054217822393446,-2.072919696404899
-0.7330379040573649,-0.14346716304923623,-0.34142747961497033,-1.308592136441536,-1.1450526312098428,-0.8058941884882003,-2.0730158976542885
-0.7330379040573649,-0.14328677554908398,-0.34115603586451293,-1.3083479185700966,-1.1446738562095375,-0.8053273009895732,-2.0729677970295937
-0.7331292165575936,-0.1431965817990074,-0.3411568983647415,-1.3085005176912305,-1.145242018709995,-0.8059886697379712,-2.0730639982789834
-0.7332205290578226,-0.1433769692991601,-0.34124622961458906,-1.3084395373204012,-1.1449579374597665,-0.8056107447388865,-2.072919696404899
-0.7331292165575936,-0.14346716304923623,-0.34142747961497033,-1.308408898940926,-1.144484468709385,-0.8053273009895732,-2.0727272939061194
-0.7332205290578226,-0.14346716304923623,-0.34124536711436004,-1.3084701756998773,-1.1449579374597665,-0.8057997072384289,-2.072823495155509
-0.7332205290578226,-0.1435573567993128,-0.3415176733650469,-1.3083172801906204,-1.1443897749593086,-0.8054217822393446,-2.072871595780204
-0.7330379040573649,-0.14346716304923623,-0.34124536711436004,-1.3084701756998773,-1.145147324959919,-0.8054217822393446,-2.072871595780204
-0.7331292165575936,-0.14346716304923623,-0.34142747961497033,-1.308592136441536,-1.1447685499596139,-0.8057997072384289,-2.0730158976542885
-0.7328552790569072,-0.1433769692991601,-0.3413372858648942,-1.3085005176912305,-1.1450526312098428,-0.8057997072384289,-2.0730158976542885
-0.7329465915571358,-0.14328677554908398,-0.34097392336390264,-1.3081343390781324,-1.1446738562095375,-0.8052328197398022,-2.0727272939061194
-0.7332205290578226,-0.1433769692991601,-0.3413372858648942,-1.3085005176912305,-1.1448632437096902,-0.8058941884882003,-2.0730158976542885
-0.7333118415580513,-0.14328677554908398,-0.34115603586451293,-1.3085311560707067,-1.1449579374597665,-0.8058941884882003,-2.072919696404899
-0.7331292165575936,-0.14346716304923623,-0.3415185358652755,-1.3084698793117553,-1.1447685499596139,-0.8057052259886579,-2.0730158976542885
-0.7331292165575936,-0.1435573567993128,-0.3413355608644366,-1.3081037006986571,-1.1450526312098428,-0.8057052259886579,-2.072919696404899
-0.7332205290578226,-0.14346716304923623,-0.34124536711436004,-1.3081953194489617,-1.1450526312098428,-0.8057052259886579,-2.0730158976542885
-0.7332205290578226,-0.14346716304923623,-0.3413364233646652,-1.308256299819791,-1.145147324959919,-0.8057997072384289,-2.072871595780204
-0.7329465915571358,-0.1433769692991601,-0.3411551733642839,-1.3084701756998773,-1.1446738562095375,-0.8057997072384289,-2.0730158976542885
-0.7331292165575936,-0.14328677554908398,-0.3412470921148181,-1.308408898940926,-1.145147324959919,-0.8057997072384289,-2.0730639982789834
-0.7332205290578226,-0.14328677554908398,-0.3410649796142078,-1.3083785569495718,-1.145242018709995,-0.8055162634891155,-2.072919696404899
-0.7331292165575936,-0.14346716304923623,-0.34124536711436004,-1.3080120819483516,-1.1450526312098428,-0.8058941884882003,-2.073112098903678
-0.7329465915571358,-0.14346716304923623,-0.3413364233646652,-1.3084395373204012,-1.1449579374597665,-0.8056107447388865,-2.0730639982789834
-0.7331292165575936,-0.14328677554908398,-0.3412470921148181,-1.308408898940926,-1.1448632437096902,-0.8058941884882003,-2.0730158976542885
-0.7332205290578226,-0.1435573567993128,-0.34142661711474176,-1.3084395373204012,-1.1448632437096902,-0.8057997072384289,-2.072919696404899
-0.7331292165575936,-0.14328677554908398,-0.3412470921148181,-1.3085005176912305,-1.1450526312098428,-0.8057997072384289,-2.072919696404899
-0.7333118415580513,-0.14346716304923623,-0.34124536711436004,-1.3082869381992672,-1.1449579374597665,-0.8055162634891155,-2.0729677970295937
-0.7331292165575936,-0.14328677554908398,-0.3412470921148181,-1.3085005176912305,-1.1450526312098428,-0.8056107447388865,-2.0730158976542885
-0.7330379040573649,-0.14346716304923623,-0.34142747961497033,-1.308408898940926,-1.1450526312098428,-0.8057052259886579,-2.0729677970295937
-0.7330379040573649,-0.1433769692991601,-0.3411551733642839,-1.3083785569495718,-1.1449579374597665,-0.8059886697379712,-2.072919696404899
-0.7331292165575936,-0.14328677554908398,-0.34115603586451293,-1.3081646810694865,-1.1450526312098428,-0.8058941884882003,-2.073112098903678
-0.7328552790569072,-0.14328677554908398,-0.3413381483651232,-1.3086531168123654,-1.1454314062101476,-0.8060831509877422,-2.073208300153068
-0.7329465915571358,-0.14346716304923623,-0.3415185358652755,-1.3081950230608397,-1.1454314062101476,-0.8057997072384289,-2.073112098903678
-0.7331292165575936,-0.1433769692991601,-0.3411551733642839,-1.3082869381992672,-1.1445791624594612,-0.8052328197398022,-2.072823495155509
-0.7329465915571358,-0.14328677554908398,-0.34115603586451293,-1.3084395373204012,-1.1453367124600713,-0.8061776322375136,-2.073160199528373
-0.7331292165575936,-0.1435573567993128,-0.3416997858656572,-1.3083476221819745,-1.1447685499596139,-0.8057052259886579,-2.072871595780204
-0.7333118415580513,-0.1431650902928564,-0.3411568983647415,-1.3085005176912305,-1.1448632437096902,-0.8057997072384289,-2.072919696404899
-0.7330379040573649,-0.14343567154308523,-0.34142747961497033,-1.3081340426900103,-1.1445791624594612,-0.8050438572402598,-2.0726791932814246
-0.7331292165575936,-0.1431650902928564,-0.3409747858641312,-1.3082869381992672,-1.145242018709995,-0.8058941884882003,-2.073112098903678
-0.7331292165575936,-0.14343567154308523,-0.34124536711436004,-1.3084701756998773,-1.1453367124600713,-0.8057052259886579,-2.0729677970295937
-0.7329465915571358,-0.14325528404293297,-0.34142920461542836,-1.3083476221819745,-1.1447685499596139,-0.8057052259886579,-2.0729677970295937
-0.7328552790569072,-0.1433454777930091,-0.3411551733642839,-1.3081037006986571,-1.1448632437096902,-0.8056107447388865,-2.0729677970295937
-0.7331292165575936,-0.1433454777930091,-0.3413372858648942,-1.308408898940926,-1.1450526312098428,-0.8058941884882003,-2.0729677970295937
-0.7331292165575936,-0.1433454777930091,-0.3413372858648942,-1.308408898940926,-1.1448632437096902,-0.8057997072384289,-2.0729677970295937
-0.7333118415580513,-0.14325528404293297,-0.3412470921148181,-1.308408898940926,-1.1449579374597665,-0.8057997072384289,-2.0729677970295937
-0.7331292165575936,-0.1435258652931618,-0.3413355608644366,-1.3079204631980461,-1.145242018709995,-0.8057997072384289,-2.072919696404899
-0.7331292165575936,-0.1431650902928564,-0.3409747858641312,-1.3082869381992672,-1.1449579374597665,-0.8056107447388865,-2.0729677970295937
-0.6554278248650671,-0.08839291372957432,-0.2545066100315888,-0.7297057149450443,-0.7289135282602381,-0.6467816635000732,-1.718174890323156
-0.6556104498655249,-0.08839291372957432,-0.25441555378128367,-0.7297363533245205,-0.7291976095104671,-0.6468761447498441,-1.7182710915725457
-0.6553365123648385,-0.08821252622942162,-0.25423516628113096,-0.7298279720748251,-0.7289135282602381,-0.6467816635000732,-1.7182710915725457
-0.6556104498655249,-0.08845161597349945,-0.25441469128105465,-0.729492135453081,-0.7290082220103145,-0.6466871822503018,-1.7182229909478508
-0.6554278248650671,-0.08836142222342332,-0.25441555378128367,-0.7299195908251306,-0.7292923032605434,-0.6468761447498441,-1.7183672928219353
-0.6555191373652962,-0.08836142222342332,-0.2545066100315888,-0.7297973336953498,-0.7289135282602381,-0.6465927010005308,-1.718174890323156
-0.6556104498655249,-0.08854180972357602,-0.2544138287808261,-0.7294311550822516,-0.7288188345101618,-0.6468761447498441,-1.7182229909478508
-0.6554278248650671,-0.08854180972357602,-0.25432277253052094,-0.7297366497126425,-0.7286294470100092,-0.6466871822503018,-1.7180786890737663
-0.6556104498655249,-0.08854180972357602,-0.25477805378204665,-0.7296750765655691,-0.7291029157603908,-0.6466871822503018,-1.7182710915725457
-0.6555191373652962,-0.08845161597349945,-0.2543236350307495,-0.7294311550822516,-0.7286294470100092,-0.6465927010005308,-1.7182710915725457
-0.6552451998646094,-0.08845161597349945,-0.25459680378166494,-0.7296140961947397,-0.7286294470100092,-0.6462147760014461,-1.7180786890737663
-0.6555191373652962,-0.08836142222342332,-0.2543244975309785,-0.7295261995133501,-0.7291976095104671,-0.6466871822503018,-1.7184153934466302
-0.6556104498655249,-0.08845161597349945,-0.25441469128105465,-0.72934296201274,-0.7289135282602381,-0.6468761447498441,-1.7182229909478508
-0.6555191373652962,-0.08845161597349945,-0.25459680378166494,-0.7294649227543987,-0.7284400595098568,-0.6465927010005308,-1.718126789698461
-0.6552451998646094,-0.08827122847334719,-0.2542343037809024,-0.7292513432624345,-0.7289135282602381,-0.6464982197507594,-1.718174890323156
-0.6556104498655249,-0.08854180972357602,-0.2544138287808261,-0.7292819816419106,-0.7289135282602381,-0.6466871822503018,-1.7182710915725457
-0.6554278248650671,-0.08854180972357602,-0.25477805378204665,-0.7294342843749225,-0.7291029157603908,-0.6468761447498441,-1.7182229909478508
-0.6556104498655249,-0.08827122847334719,-0.2544164162815127,-0.7294649227543987,-0.7283453657597805,-0.6464982197507594,-1.718174890323156
-0.655701762365754,-0.08854180972357602,-0.25459594128143637,-0.7293123236332638,-0.7290082220103145,-0.6466871822503018,-1.7183672928219353
-0.6555191373652962,-0.08827122847334719,-0.25432536003120754,-0.7291631501929228,-0.7290082220103145,-0.6471595884991574,-1.7183191921972405
-0.6554278248650671,-0.08827122847334719,-0.2542343037809024,-0.7291021698220934,-0.7287241407600855,-0.6465927010005308,-1.7182229909478508
-0.6554278248650671,-0.08845161597349945,-0.25441469128105465,-0.7292854073227035,-0.7288188345101618,-0.6468761447498441,-1.7182229909478508
-0.6554278248650671,-0.08845161597349945,-0.2543236350307495,-0.7289495707009586,-0.7288188345101618,-0.6466871822503018,-1.7183191921972405
-0.6554278248650671,-0.08863200347365215,-0.25477719128181764,-0.7291325118134466,-0.7286294470100092,-0.6465927010005308,-1.7182229909478508
-0.6555191373652962,-0.08836142222342332,-0.25441555378128367,-0.7290715314426173,-0.7287241407600855,-0.6468761447498441,-1.7182229909478508
-0.6556104498655249,-0.08827122847334719,-0.25414324753059725,-0.728857951950654,-0.7290082220103145,-0.6465927010005308,-1.7182710915725457
-0.6557930748659826,-0.08854180972357602,-0.25459594128143637,-0.7288882939420072,-0.7289135282602381,-0.6464982197507594,-1.7182229909478508
-0.6553365123648385,-0.08845161597349945,-0.25459680378166494,-0.7292241305637521,-0.7290082220103145,-0.6465927010005308,-1.7182710915725457
-0.6556104498655249,-0.08818103472327062,-0.2541441100308258,-0.7290105510717879,-0.7289135282602381,-0.6465927010005308,-1.718174890323156
-0.6553365123648385,-0.08832993071727233,-0.25459766628189395,-0.729376729684887,-0.7286294470100092,-0.6467816635000732,-1.718174890323156
-0.6553365123648385,-0.08832993071727233,-0.25414238503036823,-0.7288885903301292,-0.7291976095104671,-0.6468761447498441,-1.7183672928219353
-0.6554278248650671,-0.08860051196750116,-0.2548682475321228,-0.7291018734339714,-0.7282506720097042,-0.6467816635000732,-1.7182710915725457
-0.6554278248650671,-0.08832993071727233,-0.2545066100315888,-0.7293157493140576,-0.7287241407600855,-0.6466871822503018,-1.7183191921972405
-0.6555191373652962,-0.08851031821742503,-0.25459594128143637,-0.7289799126923127,-0.7285347532599331,-0.6461202947516751,-1.7180786890737663
-0.6555191373652962,-0.08842012446734845,-0.2548699725325808,-0.7291322154253249,-0.7288188345101618,-0.6468761447498441,-1.718174890323156
-0.6555191373652962,-0.0882397369671962,-0.2545074725318178,-0.7291018734339714,-0.7287241407600855,-0.6466871822503018,-1.7182710915725457
-0.6554278248650671,-0.08832993071727233,-0.2546887225321991,-0.7291628538048007,-0.7289135282602381,-0.6467816635000732,-1.7182710915725457
-0.6553365123648385,-0.0882397369671962,-0.25432536003120754,-0.7287391205016662,-0.7287241407600855,-0.6466871822503018,-1.7182229909478508
-0.6555191373652962,-0.08814954321711962,-0.2540530537805207,-0.7288003972606176,-0.7286294470100092,-0.6468761447498441,-1.718463494071325
-0.6555191373652962,-0.08842012446734845,-0.25459680378166494,-0.7288001008724956,-0.7289135282602381,-0.6466871822503018,-1.7182229909478508
-0.655701762365754,-0.08814954321711962,-0.2543262225314361,-0.7288001008724956,-0.7282506720097042,-0.6464037385009884,-1.7179824878243766
-0.6553365123648385,-0.08860051196750116,-0.2546861350315125,-0.7288307392519717,-0.7287241407600855,-0.6464982197507594,-1.7183672928219353
-0.6557930748659826,-0.08842012446734845,-0.25459680378166494,-0.7287084821221901,-0.7286294470100092,-0.6464982197507594,-1.718174890323156
-0.6555191373652962,-0.08814954321711962,-0.25441727878174125,-0.7289526999936304,-0.7292923032605434,-0.6472540697489284,-1.718463494071325
-0.6556104498655249,-0.08832993071727233,-0.25441555378128367,-0.7287391205016662,-0.7286294470100092,-0.6466871822503018,-1.7183191921972405
-0.6555191373652962,-0.08851031821742503,-0.2545048850311312,-0.7287697588811424,-0.7287241407600855,-0.6468761447498441,-1.7183672928219353
-0.6553365123648385,-0.08842012446734845,-0.2545057475313598,-0.7287391205016662,-0.7291976095104671,-0.6471595884991574,-1.718463494071325
-0.6555191373652962,-0.08860051196750116,-0.2545040225309022,-0.7288920160109231,-0.7291029157603908,-0.6468761447498441,-1.7182229909478508
-0.6556104498655249,-0.08814954321711962,-0.2540530537805207,-0.7286171597600075,-0.7288188345101618,-0.6468761447498441,-1.7182229909478508
-0.6555191373652962,-0.08860051196750116,-0.25459507878120735,-0.7287697588811424,-0.7286294470100092,-0.6466871822503018,-1.7182710915725457
-0.6551538873643807,-0.08814954321711962,-0.2541441100308258,-0.729044615132058,-0.7290082220103145,-0.6467816635000732,-1.7182229909478508
-0.6552451998646094,-0.08814954321711962,-0.25423516628113096,-0.7289223580022763,-0.7287241407600855,-0.6466871822503018,-1.718174890323156
-0.6555191373652962,-0.08814954321711962,-0.25423516628113096,-0.7291055955028873,-0.7286294470100092,-0.6466871822503018,-1.718174890323156
-0.6553365123648385,-0.08832993071727233,-0.25441555378128367,-0.7287391205016662,-0.7288188345101618,-0.6468761447498441,-1.7183191921972405
-0.6556104498655249,-0.0880593494670435,-0.2543270850316651,-0.729044318743935,-0.7289135282602381,-0.6465927010005308,-1.7183191921972405
-0.6555191373652962,-0.08842012446734845,-0.2546878600319701,-0.7288610812433249,-0.7291029157603908,-0.6467816635000732,-1.7183191921972405
-0.6553365123648385,-0.0882397369671962,-0.2545074725318178,-0.7288610812433249,-0.7286294470100092,-0.6467816635000732,-1.7182710915725457
-0.6554278248650671,-0.08842012446734845,-0.2545057475313598,-0.7284642642507506,-0.7286294470100092,-0.6468761447498441,-1.7182710915725457
-0.6554278248650671,-0.08851031821742503,-0.25459594128143637,-0.7287391205016662,-0.7291976095104671,-0.6469706259996151,-1.7183191921972405
-0.6554278248650671,-0.08796915571696692,-0.25405477878097826,-0.7283726455004451,-0.7290082220103145,-0.6466871822503018,-1.718126789698461
-0.6553117403048035,-0.08842012446734845,-0.2543236350307495,-0.7281015113184454,-0.7287241407600855,-0.6468761447498441,-1.7182229909478508
-0.6554030528050322,-0.08842012446734845,-0.25459680378166494,-0.7288341649327646,-0.7290082220103145,-0.6468761447498441,-1.718463494071325
-0.6554943653052613,-0.08814954321711962,-0.2541441100308258,-0.7284373479401903,-0.7286294470100092,-0.6465927010005308,-1.718174890323156
-0.6553117403048035,-0.08811805171096862,-0.2540530537805207,-0.728559605069972,-0.7290082220103145,-0.6466871822503018,-1.7182710915725457
-0.6555856778054899,-0.08829843921112132,-0.25459766628189395,-0.7287119078029839,-0.7288188345101618,-0.6465927010005308,-1.7183191921972405
-0.6555856778054899,-0.08811805171096862,-0.2543262225314361,-0.7282844524309334,-0.7290082220103145,-0.6466871822503018,-1.7182710915725457
-0.6554943653052613,-0.08820824546104519,-0.2544164162815127,-0.7282844524309334,-0.7287241407600855,-0.6466871822503018,-1.7182229909478508
-0.6554030528050322,-0.08829843921112132,-0.25441555378128367,-0.7285899470613252,-0.7287241407600855,-0.6466871822503018,-1.7182710915725457
-0.6554943653052613,-0.08829843921112132,-0.25441555378128367,-0.7283150908104096,-0.7289135282602381,-0.6468761447498441,-1.7183672928219353
-0.6555856778054899,-0.08811805171096862,-0.2541441100308258,-0.7282541104395802,-0.7285347532599331,-0.6466871822503018,-1.7182710915725457
-0.6555856778054899,-0.08838863296119745,-0.2545057475313598,-0.7284067095607151,-0.7289135282602381,-0.6468761447498441,-1.7182710915725457
-0.6552204278045745,-0.08820824546104519,-0.25432536003120754,-0.7282234720601041,-0.7289135282602381,-0.6466871822503018,-1.7182229909478508
-0.6554943653052613,-0.08811805171096862,-0.2543262225314361,-0.728559308681849,-0.7287241407600855,-0.6467816635000732,-1.718174890323156
-0.6552204278045745,-0.08829843921112132,-0.2542334412806734,-0.7284679863196665,-0.7289135282602381,-0.6467816635000732,-1.7182229909478508
-0.6555856778054899,-0.08838863296119745,-0.25459680378166494,-0.7281928336806288,-0.7291029157603908,-0.6471595884991574,-1.7184153934466302
-0.6554030528050322,-0.08829843921112132,-0.25441555378128367,-0.7282234720601041,-0.7288188345101618,-0.6465927010005308,-1.7182710915725457
-0.6555856778054899,-0.08811805171096862,-0.2543262225314361,-0.7286509274321545,-0.7289135282602381,-0.6466871822503018,-1.7183191921972405
-0.6554030528050322,-0.08847882671127402,-0.2546869975317415,-0.7281928336806288,-0.7287241407600855,-0.6466871822503018,-1.7182229909478508
-0.6553117403048035,-0.08847882671127402,-0.25459594128143637,-0.7283150908104096,-0.7287241407600855,-0.6470651072493865,-1.7182710915725457
-0.6554030528050322,-0.08793766421081592,-0.253872666280368,-0.7282847488190564,-0.7289135282602381,-0.6469706259996151,-1.7183191921972405
-0.6555856778054899,-0.08838863296119745,-0.25459680378166494,-0.7284676899315444,-0.7286294470100092,-0.6466871822503018,-1.718174890323156
-0.6554943653052613,-0.08838863296119745,-0.2543236350307495,-0.7279523378781043,-0.7287241407600855,-0.6464982197507594,-1.718174890323156
-0.6558596153061768,-0.08829843921112132,-0.25459766628189395,-0.7280130218608116,-0.7287241407600855,-0.6464982197507594,-1.718174890323156
-0.6557683028059477,-0.08811805171096862,-0.2543262225314361,-0.7280436602402878,-0.7289135282602381,-0.6466871822503018,-1.7182229909478508
-0.6554943653052613,-0.08838863296119745,-0.2545057475313598,-0.7279826798694584,-0.7289135282602381,-0.6467816635000732,-1.7182710915725457
-0.6554943653052613,-0.08838863296119745,-0.25459680378166494,-0.7282268977408979,-0.7287241407600855,-0.6470651072493865,-1.7183191921972405
-0.6554030528050322,-0.08811805171096862,-0.25441727878174125,-0.7283794968620327,-0.7291029157603908,-0.6468761447498441,-1.7183672928219353
-0.6554030528050322,-0.08802785796089249,-0.25423602878136,-0.7281352789905924,-0.7286294470100092,-0.6465927010005308,-1.7182229909478508
-0.6553117403048035,-0.08829843921112132,-0.25441555378128367,-0.7279826798694584,-0.7286294470100092,-0.6467816635000732,-1.7182710915725457
-0.6557683028059477,-0.08829843921112132,-0.2547797787825047,-0.7284098388533863,-0.7285347532599331,-0.6465927010005308,-1.7180305884490714
-0.6555856778054899,-0.08802785796089249,-0.25423602878136,-0.7283185164912034,-0.7288188345101618,-0.6469706259996151,-1.7182710915725457
-0.6554030528050322,-0.08802785796089249,-0.2540539162807497,-0.7281965557495447,-0.7287241407600855,-0.6464982197507594,-1.7182229909478508
-0.6555856778054899,-0.08829843921112132,-0.25459766628189395,-0.7280130218608116,-0.7286294470100092,-0.6466871822503018,-1.718174890323156
-0.6554030528050322,-0.08811805171096862,-0.2541441100308258,-0.7281049369992392,-0.7289135282602381,-0.6467816635000732,-1.7182710915725457
-0.6553117403048035,-0.08802785796089249,-0.2543270850316651,-0.7283794968620327,-0.7286294470100092,-0.6466871822503018,-1.7183191921972405
-0.6554030528050322,-0.08811805171096862,-0.25396199753021553,-0.728074595007886,-0.7285347532599331,-0.6463092572512175,-1.7180786890737663
-0.6554943653052613,-0.08811805171096862,-0.25423516628113096,-0.7278910611191529,-0.7287241407600855,-0.6466871822503018,-1.718126789698461
-0.6552204278045745,-0.08811805171096862,-0.25423516628113096,-0.728257536120374,-0.7289135282602381,-0.6468761447498441,-1.7182229909478508
-0.6552204278045745,-0.08820824546104519,-0.2545074725318178,-0.7283794968620327,-0.7288188345101618,-0.6467816635000732,-1.7182229909478508
-0.6554030528050322,-0.08811805171096862,-0.25423516628113096,-0.7281659173700685,-0.7291029157603908,-0.6470651072493865,-1.718463494071325
-0.6555856778054899,-0.08820824546104519,-0.25432536003120754,-0.728074298619763,-0.7288188345101618,-0.6466871822503018,-1.718174890323156
-0.6554030528050322,-0.08811805171096862,-0.2543262225314361,-0.7283185164912034,-0.7290082220103145,-0.6466871822503018,-1.7182710915725457
-0.6553117403048035,-0.08811805171096862,-0.2541441100308258,-0.7281965557495447,-0.7291029157603908,-0.6469706259996151,-1.7183672928219353
-0.6554030528050322,-0.08820824546104519,-0.25432536003120754,-0.7279826798694584,-0.7286294470100092,-0.6466871822503018,-1.7182710915725457
-0.6555856778054899,-0.08811805171096862,-0.25441727878174125,-0.7282878781117272,-0.7291029157603908,-0.6468761447498441,-1.718463494071325
-0.6554030528050322,-0.08811805171096862,-0.2543262225314361,-0.7281352789905924,-0.7286294470100092,-0.6467816635000732,-1.7182229909478508
-0.6554943653052613,-0.08811805171096862,-0.25441727878174125,-0.7281962593614217,-0.7290082220103145,-0.6467816635000732,-1.7183191921972405
-0.655676990305719,-0.08811805171096862,-0.2541441100308258,-0.7278300807483236,-0.7287241407600855,-0.6466871822503018,-1.7182710915725457
-0.6554943653052613,-0.08811805171096862,-0.2541441100308258,-0.7279216994986291,-0.7287241407600855,-0.6467816635000732,-1.7182229909478508
-0.6554943653052613,-0.08802785796089249,-0.25441814128197027,-0.7282572397322511,-0.7291029157603908,-0.6470651072493865,-1.7183191921972405
-0.6555856778054899,-0.08820824546104519,-0.25432536003120754,-0.7279826798694584,-0.7286294470100092,-0.6466871822503018,-1.7182229909478508
-0.6554030528050322,-0.08811805171096862,-0.25423516628113096,-0.7281659173700685,-0.7290082220103145,-0.6466871822503018,-1.7183191921972405
-0.6554030528050322,-0.08838863296119745,-0.25459680378166494,-0.7280436602402878,-0.7287241407600855,-0.6469706259996151,-1.7180786890737663
-0.6553117403048035,-0.08829843921112132,-0.25459766628189395,-0.7280130218608116,-0.7286294470100092,-0.6466871822503018,-1.7183191921972405
-0.6554030528050322,-0.08826694770497032,-0.2545066100315888,-0.7281352789905924,-0.7285347532599331,-0.6464982197507594,-1.7182710915725457
-0.6554943653052613,-0.08844733520512302,-0.25459594128143637,-0.7277994423688483,-0.7286294470100092,-0.6466871822503018,-1.7183672928219353
-0.6552204278045745,-0.08826694770497032,-0.25459766628189395,-0.727921403110507,-0.7287241407600855,-0.6466871822503018,-1.7182229909478508
-0.6557683028059477,-0.08808656020481762,-0.2543262225314361,-0.7280436602402878,-0.7287241407600855,-0.6470651072493865,-1.7184153934466302
-0.6552204278045745,-0.08799636645474149,-0.25414497253105484,-0.7281659173700685,-0.7290082220103145,-0.6467816635000732,-1.7182229909478508
-0.6554030528050322,-0.08787468119851391,-0.25405477878097826,-0.7278335064291175,-0.7286294470100092,-0.6467816635000732,-1.7182710915725457
-0.6554943653052613,-0.08805506869866661,-0.2543262225314361,-0.7277112492993367,-0.7291029157603908,-0.6471595884991574,-1.7183672928219353
-0.6554030528050322,-0.08823545619881931,-0.2543244975309785,-0.7279557635588982,-0.7287241407600855,-0.6466871822503018,-1.718174890323156
-0.6554030528050322,-0.08814526244874318,-0.2544164162815127,-0.7278028680496413,-0.7287241407600855,-0.6467816635000732,-1.7182229909478508
-0.6555856778054899,-0.08823545619881931,-0.25459766628189395,-0.7280470859210808,-0.7290082220103145,-0.6467816635000732,-1.7182229909478508
-0.6554943653052613,-0.08805506869866661,-0.2541441100308258,-0.7279557635588982,-0.7285347532599331,-0.6466871822503018,-1.7182229909478508
-0.6553117403048035,-0.08814526244874318,-0.2544164162815127,-0.7278028680496413,-0.7289135282602381,-0.6467816635000732,-1.7182710915725457
-0.6555856778054899,-0.08805506869866661,-0.2543262225314361,-0.7278944867999468,-0.7284400595098568,-0.6463092572512175,-1.718126789698461
-0.6554030528050322,-0.08823545619881931,-0.25441555378128367,-0.7275586501782019,-0.7288188345101618,-0.6468761447498441,-1.7182710915725457
-0.6554030528050322,-0.08805506869866661,-0.25441727878174125,-0.7277722296701661,-0.7284400595098568,-0.6466871822503018,-1.7182229909478508
-0.6551291153043458,-0.08787468119851391,-0.2543279475318937,-0.7280164475416055,-0.7290082220103145,-0.6467816635000732,-1.7184153934466302
-0.6552204278045745,-0.08805506869866661,-0.2543262225314361,-0.7278944867999468,-0.7290082220103145,-0.6469706259996151,-1.7182710915725457
-0.6554943653052613,-0.08814526244874318,-0.2545074725318178,-0.7279554671707762,-0.7286294470100092,-0.6467816635000732,-1.718174890323156
-0.6554943653052613,-0.08805506869866661,-0.2541441100308258,-0.7277725260582881,-0.7285347532599331,-0.6464982197507594,-1.7182229909478508
-0.6555856778054899,-0.08805506869866661,-0.25423516628113096,-0.7280167439297276,-0.7287241407600855,-0.6468761447498441,-1.7182710915725457
-0.6553117403048035,-0.08814526244874318,-0.25432536003120754,-0.7278335064291175,-0.7286294470100092,-0.6464982197507594,-1.718126789698461
-0.6554943653052613,-0.08832564994889544,-0.2546878600319701,-0.7278638484204707,-0.7289135282602381,-0.6468761447498441,-1.7182710915725457
-0.6554943653052613,-0.08814526244874318,-0.2544164162815127,-0.7277112492993367,-0.7289135282602381,-0.6466871822503018,-1.7182710915725457
-0.6554030528050322,-0.08823545619881931,-0.25459766628189395,-0.7278638484204707,-0.7287241407600855,-0.6467816635000732,-1.7182710915725457
-0.6554030528050322,-0.08805506869866661,-0.2543262225314361,-0.7279861055502514,-0.7289135282602381,-0.6467816635000732,-1.7182229909478508
-0.6554030528050322,-0.08805506869866661,-0.25441727878174125,-0.7275889921695551,-0.7286294470100092,-0.6466871822503018,-1.7182229909478508
-0.6554943653052613,-0.08805506869866661,-0.2543262225314361,-0.7277112492993367,-0.7292923032605434,-0.6470651072493865,-1.7183672928219353
-0.6554943653052613,-0.08823545619881931,-0.25459766628189395,-0.7279554671707762,-0.7282506720097042,-0.6464037385009884,-1.7180305884490714
-0.6553117403048035,-0.08778448744843778,-0.2540556412812073,-0.7279861055502514,-0.7289135282602381,-0.6468761447498441,-1.7183191921972405
-0.6554030528050322,-0.08805506869866661,-0.25423516628113096,-0.7275586501782019,-0.7287241407600855,-0.6468761447498441,-1.7182229909478508
-0.6554943653052613,-0.08805506869866661,-0.254599391282352,-0.7280774279124351,-0.7287241407600855,-0.6465927010005308,-1.718174890323156
-0.6554030528050322,-0.08796487494859048,-0.2540539162807497,-0.727589288557678,-0.7290082220103145,-0.6466871822503018,-1.7182710915725457
-0.6555856778054899,-0.08805506869866661,-0.2541441100308258,-0.7276809073079826,-0.7288188345101618,-0.6467816635000732,-1.7182710915725457
-0.6557683028059477,-0.08814526244874318,-0.25432536003120754,-0.7274670314278964,-0.7287241407600855,-0.6469706259996151,-1.7182710915725457
-0.6552204278045745,-0.08805506869866661,-0.2540530537805207,-0.7277115456874588,-0.7286294470100092,-0.6467816635000732,-1.718174890323156
-0.6554030528050322,-0.08805506869866661,-0.25423516628113096,-0.7276502689285074,-0.7287241407600855,-0.6466871822503018,-1.7182229909478508
-0.6554943653052613,-0.08805506869866661,-0.2543262225314361,-0.7278028680496413,-0.7290082220103145,-0.6468761447498441,-1.718174890323156
-0.6555856778054899,-0.08805506869866661,-0.25441727878174125,-0.7276806109198606,-0.7291029157603908,-0.6472540697489284,-1.7183672928219353
-0.6554030528050322,-0.08796487494859048,-0.25396286003044455,-0.7274707534968123,-0.7284400595098568,-0.6463092572512175,-1.7180305884490714
-0.6554943653052613,-0.08796487494859048,-0.2543270850316651,-0.7274398187292141,-0.7286294470100092,-0.6469706259996151,-1.7184153934466302
-0.6554030528050322,-0.08805506869866661,-0.2541441100308258,-0.7274401151173371,-0.7287241407600855,-0.6469706259996151,-1.7183191921972405
-0.6555856778054899,-0.08823545619881931,-0.2545066100315888,-0.7277453133596059,-0.7286294470100092,-0.6467816635000732,-1.7182229909478508
-0.6554030528050322,-0.08805506869866661,-0.2543262225314361,-0.7274704571086903,-0.7286294470100092,-0.6465927010005308,-1.7180786890737663
-0.6557683028059477,-0.08823545619881931,-0.25459766628189395,-0.7276230562298251,-0.7289135282602381,-0.6468761447498441,-1.7183672928219353
-0.6554943653052613,-0.08805506869866661,-0.2545083350320464,-0.7276840366006545,-0.7282506720097042,-0.6464037385009884,-1.7180786890737663
-0.6554030528050322,-0.08805506869866661,-0.2543262225314361,-0.7278369321099105,-0.7290082220103145,-0.6470651072493865,-1.718463494071325
-0.6555856778054899,-0.08805506869866661,-0.25423516628113096,-0.727592714238471,-0.7290082220103145,-0.6466871822503018,-1.7182710915725457
-0.6554943653052613,-0.08823545619881931,-0.2545066100315888,-0.7274704571086903,-0.7286294470100092,-0.6469706259996151,-1.718174890323156
-0.6553117403048035,-0.08787468119851391,-0.25405477878097826,-0.7276843329887765,-0.7289135282602381,-0.6466871822503018,-1.7182710915725457
-0.6553117403048035,-0.08805506869866661,-0.25423516628113096,-0.7277759517390812,-0.7287241407600855,-0.6471595884991574,-1.7183672928219353
-0.6555856778054899,-0.08796487494859048,-0.2543270850316651,-0.7274398187292141,-0.7288188345101618,-0.6469706259996151,-1.7183191921972405
-0.6555856778054899,-0.08805506869866661,-0.25441727878174125,-0.7275314374795196,-0.7286294470100092,-0.6468761447498441,-1.7183191921972405
-0.6554030528050322,-0.08796487494859048,-0.25423602878136,-0.7275620758589958,-0.7285347532599331,-0.6467816635000732,-1.7182229909478508
-0.6553117403048035,-0.08805506869866661,-0.2543262225314361,-0.7277453133596059,-0.7290082220103145,-0.6466871822503018,-1.7182710915725457
-0.6555856778054899,-0.08805506869866661,-0.2543262225314361,-0.7275620758589958,-0.7287241407600855,-0.6468761447498441,-1.7183191921972405
-0.6554943653052613,-0.08796487494859048,-0.25414497253105484,-0.7275010954881664,-0.7289135282602381,-0.6466871822503018,-1.7182229909478508
-0.6554943653052613,-0.08832564994889544,-0.2546878600319701,-0.7275314374795196,-0.7290082220103145,-0.6465927010005308,-1.7183672928219353
-0.6555856778054899,-0.08808656020481762,-0.25423516628113096,-0.7274094767378609,-0.7290082220103145,-0.6472540697489284,-1.7184153934466302
-0.6555856778054899,-0.08826694770497032,-0.25441555378128367,-0.727592714238471,-0.7284400595098568,-0.6465927010005308,-1.7180305884490714
-0.6555856778054899,-0.08808656020481762,-0.2543262225314361,-0.7276536946093004,-0.7289135282602381,-0.6468761447498441,-1.7183672928219353
-0.6554030528050322,-0.08808656020481762,-0.25423516628113096,-0.727592714238471,-0.7286294470100092,-0.6467816635000732,-1.7182229909478508
-0.6554943653052613,-0.08817675395489419,-0.2544164162815127,-0.7272872196080802,-0.7288188345101618,-0.6466871822503018,-1.7182710915725457
-0.6553117403048035,-0.08817675395489419,-0.2542343037809024,-0.7273484963670316,-0.7288188345101618,-0.6467816635000732,-1.7182229909478508
-0.6554030528050322,-0.08808656020481762,-0.2541441100308258,-0.7273484963670316,-0.7284400595098568,-0.6466871822503018,-1.7179343871996817
-0.6554943653052613,-0.08826694770497032,-0.25441555378128367,-0.7274094767378609,-0.7291029157603908,-0.6471595884991574,-1.7184153934466302
-0.6555856778054899,-0.08835714145504645,-0.25459680378166494,-0.7272872196080802,-0.7283453657597805,-0.6464982197507594,-1.7179824878243766
-0.6554030528050322,-0.08808656020481762,-0.2543262225314361,-0.7275620758589958,-0.7288188345101618,-0.6468761447498441,-1.7182710915725457
-0.6554030528050322,-0.08790617270466491,-0.25405477878097826,-0.727592714238471,-0.7286294470100092,-0.6467816635000732,-1.7183191921972405
-0.6552204278045745,-0.08808656020481762,-0.25423516628113096,-0.727592714238471,-0.7287241407600855,-0.6468761447498441,-1.7182229909478508
-0.6553117403048035,-0.08826694770497032,-0.2545066100315888,-0.7275620758589958,-0.7288188345101618,-0.6468761447498441,-1.718174890323156
-0.6555856778054899,-0.08826694770497032,-0.2546887225321991,-0.7274091803497389,-0.7288188345101618,-0.6470651072493865,-1.7182710915725457
-0.6554943653052613,-0.08808656020481762,-0.2540530537805207,-0.7273791347465077,-0.7286294470100092,-0.6469706259996151,-1.7182710915725457
-0.6554030528050322,-0.08799636645474149,-0.2543270850316651,-0.7275314374795196,-0.7286294470100092,-0.6467816635000732,-1.718126789698461
-0.6552204278045745,-0.08808656020481762,-0.25423516628113096,-0.7274094767378609,-0.7288188345101618,-0.6467816635000732,-1.7182710915725457
-0.6554943653052613,-0.08808656020481762,-0.25441727878174125,-0.7275314374795196,-0.7290082220103145,-0.6467816635000732,-1.7183191921972405
-0.6554030528050322,-0.08805506869866661,-0.2543262225314361,-0.7276536946093004,-0.7287241407600855,-0.6469706259996151,-1.7182229909478508
-0.6554030528050322,-0.08805506869866661,-0.25423516628113096,-0.727592714238471,-0.7288188345101618,-0.6466871822503018,-1.7182229909478508
-0.6553117403048035,-0.08823545619881931,-0.25459766628189395,-0.7278979124807399,-0.7289135282602381,-0.6467816635000732,-1.7182710915725457
-0.6554943653052613,-0.08814526244874318,-0.25432536003120754,-0.727592714238471,-0.7286294470100092,-0.6467816635000732,-1.7182710915725457
-0.6553117403048035,-0.08805506869866661,-0.2541441100308258,-0.7271652588664215,-0.7290082220103145,-0.6467816635000732,-1.7182710915725457
-0.6554030528050322,-0.08814526244874318,-0.2544164162815127,-0.7275620758589958,-0.7287241407600855,-0.6466871822503018,-1.718174890323156
-0.6552204278045745,-0.08805506869866661,-0.2543262225314361,-0.7276536946093004,-0.7291029157603908,-0.6467816635000732,-1.718463494071325
-0.655676990305719,-0.08832564994889544,-0.25459680378166494,-0.7274704571086903,-0.7286294470100092,-0.6464982197507594,-1.7183191921972405
-0.655676990305719,-0.08805506869866661,-0.25441727878174125,-0.7276230562298251,-0.7287241407600855,-0.6468761447498441,-1.7182710915725457
-0.6554030528050322,-0.08832564994889544,-0.2545057475313598,-0.7275010954881664,-0.7291029157603908,-0.6474430322484708,-1.7184153934466302
-0.6557683028059477,-0.08805506869866661,-0.2545083350320464,-0.727592417850349,-0.7286294470100092,-0.6470651072493865,-1.7182229909478508
-0.6553117403048035,-0.08796487494859048,-0.25441814128197027,-0.7275007991000435,-0.7281559782596279,-0.6464982197507594,-1.718126789698461
-0.6553117403048035,-0.08805506869866661,-0.2540530537805207,-0.7271042784955921,-0.7293869970106197,-0.6472540697489284,-1.7186077959454094
-0.6554943653052613,-0.08805506869866661,-0.25423516628113096,-0.7271346204869453,-0.7286294470100092,-0.6465927010005308,-1.718174890323156
-0.6553117403048035,-0.08796487494859048,-0.25423602878136,-0.7273788383583848,-0.7288188345101618,-0.6472540697489284,-1.7184153934466302
-0.6554030528050322,-0.08805506869866661,-0.2543262225314361,-0.7273788383583848,-0.7286294470100092,-0.6470651072493865,-1.7183191921972405
-0.6554943653052613,-0.08805506869866661,-0.2543262225314361,-0.7275620758589958,-0.7286294470100092,-0.6468761447498441,-1.7182710915725457
-0.6554030528050322,-0.08778448744843778,-0.25378247253029185,-0.7271958972458967,-0.7289135282602381,-0.6467816635000732,-1.7182710915725457
-0.6555856778054899,-0.08823545619881931,-0.2545066100315888,-0.7272872196080802,-0.7287241407600855,-0.6467816635000732,-1.718174890323156
-0.6554943653052613,-0.08823545619881931,-0.25441555378128367,-0.7271346204869453,-0.7285347532599331,-0.6468761447498441,-1.7182710915725457
-0.6552204278045745,-0.08796487494859048,-0.25414497253105484,-0.727592714238471,-0.7285347532599331,-0.6467816635000732,-1.7182710915725457
-0.6554943653052613,-0.08796487494859048,-0.25414497253105484,-0.7273178579875554,-0.7290082220103145,-0.6468761447498441,-1.7183672928219353
-0.6552204278045745,-0.08805506869866661,-0.2543262225314361,-0.7274704571086903,-0.7287241407600855,-0.6466871822503018,-1.7182229909478508
-0.6554030528050322,-0.08805506869866661,-0.25423516628113096,-0.7272262392372508,-0.7290082220103145,-0.6468761447498441,-1.7184153934466302
-0.6554030528050322,-0.08796487494859048,-0.25423602878136,-0.7274704571086903,-0.7287241407600855,-0.6470651072493865,-1.7182710915725457
-0.6553117403048035,-0.08805506869866661,-0.2543262225314361,-0.7271380461677391,-0.7287241407600855,-0.6468761447498441,-1.7183191921972405
-0.6555856778054899,-0.08805506869866661,-0.2543262225314361,-0.7271380461677391,-0.7290082220103145,-0.6468761447498441,-1.7183672928219353
-0.6554030528050322,-0.08796487494859048,-0.2540539162807497,-0.7271993229266905,-0.7283453657597805,-0.6465927010005308,-1.717886286574987
-0.6554943653052613,-0.08787468119851391,-0.253872666280368,-0.7270467238055557,-0.7291029157603908,-0.6470651072493865,-1.7184153934466302
-0.6554943653052613,-0.08805506869866661,-0.2545083350320464,-0.7273516256597025,-0.7286294470100092,-0.6468761447498441,-1.7182229909478508
-0.6554943653052613,-0.08832564994889544,-0.25459680378166494,-0.7270464274174336,-0.7288188345101618,-0.6467816635000732,-1.7182229909478508
-0.6554030528050322,-0.08805506869866661,-0.25441727878174125,-0.7271990265385685,-0.7290082220103145,-0.6467816635000732,-1.7183191921972405
-0.6553117403048035,-0.08796487494859048,-0.25414497253105484,-0.7273519220478254,-0.7286294470100092,-0.6468761447498441,-1.7182229909478508
-0.6554943653052613,-0.08832564994889544,-0.2547789162822752,-0.7273516256597025,-0.7289135282602381,-0.6466871822503018,-1.7182710915725457
-0.6554030528050322,-0.08814526244874318,-0.25432536003120754,-0.7272603032975199,-0.7286294470100092,-0.6469706259996151,-1.7182710915725457
-0.6554030528050322,-0.08805506869866661,-0.25423516628113096,-0.7271686845472144,-0.7288188345101618,-0.6465927010005308,-1.7182710915725457
-0.6554030528050322,-0.08796487494859048,-0.25423602878136,-0.7274129024186547,-0.7287241407600855,-0.6469706259996151,-1.718174890323156
-0.6553117403048035,-0.08787468119851391,-0.2539637225306731,-0.7271993229266905,-0.7290082220103145,-0.6471595884991574,-1.7183672928219353
-0.6554030528050322,-0.08814526244874318,-0.2544164162815127,-0.7273212836683492,-0.7287241407600855,-0.6465927010005308,-1.718126789698461
-0.6553117403048035,-0.08805506869866661,-0.2543262225314361,-0.7273212836683492,-0.7289135282602381,-0.6466871822503018,-1.7183191921972405
-0.6555856778054899,-0.08796487494859048,-0.2543270850316651,-0.7271990265385685,-0.7291976095104671,-0.6472540697489284,-1.7182710915725457
-0.6554030528050322,-0.08805506869866661,-0.2545083350320464,-0.7273516256597025,-0.7284400595098568,-0.6465927010005308,-1.7182229909478508
-0.6555856778054899,-0.08814526244874318,-0.2544164162815127,-0.7271380461677391,-0.7290082220103145,-0.6471595884991574,-1.7184153934466302
-0.6551291153043458,-0.08805506869866661,-0.25441727878174125,-0.7273822640391786,-0.7289135282602381,-0.6466871822503018,-1.7182710915725457
-0.6552204278045745,-0.08796487494859048,-0.25414497253105484,-0.7270770657969098,-0.7286294470100092,-0.6471595884991574,-1.718174890323156
-0.6554943653052613,-0.08805506869866661,-0.25423516628113096,-0.7270770657969098,-0.7289135282602381,-0.6467816635000732,-1.7184153934466302
-0.6554030528050322,-0.08796487494859048,-0.25423602878136,-0.7270464274174336,-0.7286294470100092,-0.6464982197507594,-1.718174890323156
-0.6553117403048035,-0.08814526244874318,-0.2544164162815127,-0.7272296649180437,-0.7287241407600855,-0.6467816635000732,-1.7183191921972405
-0.6553117403048035,-0.08787468119851391,-0.25405477878097826,-0.7271686845472144,-0.7286294470100092,-0.6467816635000732,-1.718174890323156
-0.6553117403048035,-0.08796487494859048,-0.2540539162807497,-0.7270160854260804,-0.7285347532599331,-0.6466871822503018,-1.7182710915725457
-0.6554030528050322,-0.08805506869866661,-0.25423516628113096,-0.7271686845472144,-0.7288188345101618,-0.6468761447498441,-1.7183672928219353
-0.6555856778054899,-0.08805506869866661,-0.2543262225314361,-0.7270464274174336,-0.7285347532599331,-0.6464982197507594,-1.718174890323156
-0.6554030528050322,-0.08805506869866661,-0.2545083350320464,-0.7271683881590923,-0.7286294470100092,-0.6468761447498441,-1.718174890323156
-0.6554943653052613,-0.08832564994889544,-0.2548699725325808,-0.727229368529922,-0.7286294470100092,-0.6467816635000732,-1.7182229909478508
-0.6555856778054899,-0.08814526244874318,-0.2542343037809024,-0.7270160854260804,-0.7286294470100092,-0.6466871822503018,-1.7182229909478508
-0.6554943653052613,-0.08805506869866661,-0.25441727878174125,-0.7272906452888731,-0.7288188345101618,-0.6466871822503018,-1.7182229909478508
-0.6554030528050322,-0.08796487494859048,-0.25414497253105484,-0.7271686845472144,-0.7288188345101618,-0.6466871822503018,-1.7182710915725457
-0.6554943653052613,-0.08805506869866661,-0.25441727878174125,-0.7272906452888731,-0.7286294470100092,-0.6467816635000732,-1.7182710915725457
-0.6554943653052613,-0.08832564994889544,-0.2545057475313598,-0.7271686845472144,-0.7289135282602381,-0.6470651072493865,-1.7183191921972405
-0.6554030528050322,-0.08805506869866661,-0.2543262225314361,-0.7269548086671281,-0.7286294470100092,-0.6466871822503018,-1.7183191921972405
-0.6553117403048035,-0.08787468119851391,-0.25405477878097826,-0.7269854470466043,-0.7287241407600855,-0.6466871822503018,-1.7182710915725457
-0.5761940066693771,-0.035194083960493394,-0.16737199060289776,-0.20557245430300566,-0.31230095656025225,-0.5012433966085865,-1.3733437129562636
-0.5761940066693771,-0.035464665210722224,-0.1676425718531266,-0.20548083555270016,-0.31230095656025225,-0.5015268403578999,-1.3731994110821792
-0.5762853191696062,-0.035194083960493394,-0.16737199060289776,-0.20529759805209005,-0.311922181559947,-0.5012433966085865,-1.3732956123315687
-0.5762853191696062,-0.035645052710874925,-0.16800507185388958,-0.20551117754405426,-0.31230095656025225,-0.5016213216076713,-1.3732956123315687
-0.5761940066693771,-0.03528427771056952,-0.1672800718523636,-0.20508401856012584,-0.31230095656025225,-0.5014323591081289,-1.3732956123315687
-0.5763766316698349,-0.03528427771056952,-0.167189015602058,-0.20520627568990718,-0.3121115690600996,-0.5012433966085865,-1.3731994110821792
-0.5762853191696062,-0.035194083960493394,-0.16737199060289776,-0.20557245430300566,-0.31230095656025225,-0.5013378778583575,-1.3731994110821792
-0.5761940066693771,-0.035374471460646095,-0.16746132185274532,-0.2053282364315662,-0.3120168753100233,-0.5012433966085865,-1.3731513104574844
-0.5762853191696062,-0.03528427771056952,-0.1674621843529739,-0.20524004336205454,-0.31230095656025225,-0.5014323591081289,-1.3731513104574844
-0.576467944170064,-0.035645052710874925,-0.16773190310297414,-0.20481258799000407,-0.31239565031032857,-0.5014323591081289,-1.3731513104574844
-0.5762853191696062,-0.035374471460646095,-0.16727920935213458,-0.2050571022495662,-0.3120168753100233,-0.5012433966085865,-1.3731513104574844
-0.5761026941691485,-0.035374471460646095,-0.16737026560244017,-0.20502646387009033,-0.31230095656025225,-0.5015268403578999,-1.3732475117068739
-0.5762853191696062,-0.035103890210417266,-0.16719074060251649,-0.20490420674030957,-0.3121115690600996,-0.5011489153588156,-1.3731994110821792
-0.5761940066693771,-0.035374471460646095,-0.16755237810305046,-0.20505680586144354,-0.31230095656025225,-0.5012433966085865,-1.3731032098327896
-0.5761026941691485,-0.035554858960798796,-0.1678238218535083,-0.2053926424831885,-0.31230095656025225,-0.5014323591081289,-1.3731994110821792
-0.5760113816689194,-0.035194083960493394,-0.16737199060289776,-0.20505680586144354,-0.31239565031032857,-0.5013378778583575,-1.3731513104574844
-0.5762853191696062,-0.035464665210722224,-0.16755151560282144,-0.20517906299122518,-0.31220626281017594,-0.5012433966085865,-1.3731513104574844
-0.5763766316698349,-0.03528427771056952,-0.1674621843529739,-0.20514842461174904,-0.31230095656025225,-0.5011489153588156,-1.3731032098327896
-0.5761940066693771,-0.035194083960493394,-0.16709882185198188,-0.20478224599865058,-0.3121115690600996,-0.5012433966085865,-1.3731994110821792
-0.5761026941691485,-0.035374471460646095,-0.16746132185274532,-0.20481258799000407,-0.3121115690600996,-0.5013378778583575,-1.3731032098327896
-0.5762853191696062,-0.035374471460646095,-0.16755237810305046,-0.20514842461174904,-0.31230095656025225,-0.5014323591081289,-1.3731994110821792
-0.5763766316698349,-0.03528427771056952,-0.16737112810266874,-0.20490420674030957,-0.3120168753100233,-0.5012433966085865,-1.3731994110821792
-0.5761026941691485,-0.03528427771056952,-0.16755324060327903,-0.20493454873166278,-0.31230095656025225,-0.5016213216076713,-1.3731994110821792
-0.5760113816689194,-0.035103890210417266,-0.16700862810190575,-0.2049654834992607,-0.3120168753100233,-0.5014323591081289,-1.3731994110821792
-0.5761940066693771,-0.035194083960493394,-0.16737199060289776,-0.20487356836083342,-0.311922181559947,-0.5011489153588156,-1.3731513104574844
-0.5761940066693771,-0.03528427771056952,-0.1674621843529739,-0.20524004336205454,-0.3121115690600996,-0.5016213216076713,-1.3731513104574844
-0.5762853191696062,-0.035374471460646095,-0.16727920935213458,-0.2048738647489552,-0.3121115690600996,-0.5015268403578999,-1.3731032098327896
-0.5761026941691485,-0.035194083960493394,-0.16709882185198188,-0.2048738647489552,-0.3121115690600996,-0.5016213216076713,-1.3731513104574844
-0.5762853191696062,-0.035374471460646095,-0.1676434343533556,-0.2052094049825784,-0.3121115690600996,-0.5015268403578999,-1.3731513104574844
-0.5762853191696062,-0.035374471460646095,-0.16737026560244017,-0.2048432263694802,-0.31220626281017594,-0.5015268403578999,-1.3731994110821792
-0.5763766316698349,-0.035374471460646095,-0.16755237810305046,-0.20505680586144354,-0.3120168753100233,-0.5014323591081289,-1.3732475117068739
-0.576467944170064,-0.03528427771056952,-0.1674621843529739,-0.20487356836083342,-0.31220626281017594,-0.5012433966085865,-1.3730070085833999
-0.5761940066693771,-0.035194083960493394,-0.16728093435259261,-0.20517906299122518,-0.3124903440604049,-0.5016213216076713,-1.3731994110821792
-0.5763518596097998,-0.035374471460646095,-0.16746132185274532,-0.20499582549061418,-0.3120168753100233,-0.5014323591081289,-1.3731032098327896
-0.5760779221091135,-0.03528427771056952,-0.16764429685358417,-0.20527038535340775,-0.31230095656025225,-0.5015268403578999,-1.3731994110821792
-0.5763518596097998,-0.035374471460646095,-0.16755237810305046,-0.20487356836083342,-0.31239565031032857,-0.5017158028574422,-1.3733437129562636
-0.5761692346093421,-0.035374471460646095,-0.16755237810305046,-0.20487356836083342,-0.3121115690600996,-0.5014323591081289,-1.3731513104574844
-0.5760779221091135,-0.035103890210417266,-0.16728179685282163,-0.2047819496105288,-0.3124903440604049,-0.5017158028574422,-1.3733437129562636
-0.5759866096088844,-0.035194083960493394,-0.16737199060289776,-0.20496518711113892,-0.31239565031032857,-0.5017158028574422,-1.3731513104574844
-0.5760779221091135,-0.035374471460646095,-0.16755237810305046,-0.20496518711113892,-0.3118274878098707,-0.5010544341090442,-1.3730070085833999
-0.5760779221091135,-0.035374471460646095,-0.16727920935213458,-0.20478224599865058,-0.3121115690600996,-0.5015268403578999,-1.3731513104574844
-0.5765344846102576,-0.03528427771056952,-0.1672800718523636,-0.2045683701185646,-0.3121115690600996,-0.5014323591081289,-1.3730551092080947
-0.5760779221091135,-0.03528427771056952,-0.16755324060327903,-0.2051177862322729,-0.31230095656025225,-0.5012433966085865,-1.3732956123315687
-0.5760779221091135,-0.035194083960493394,-0.16737199060289776,-0.20505680586144354,-0.3121115690600996,-0.5014323591081289,-1.3730551092080947
-0.5761692346093421,-0.035374471460646095,-0.16746132185274532,-0.20481258799000407,-0.3121115690600996,-0.5016213216076713,-1.3732956123315687
-0.5759866096088844,-0.035374471460646095,-0.16755237810305046,-0.20505680586144354,-0.3121115690600996,-0.5012433966085865,-1.3731032098327896
-0.5761692346093421,-0.035194083960493394,-0.16728093435259261,-0.20466341454966308,-0.3120168753100233,-0.5013378778583575,-1.372958907958705
-0.5762605471095712,-0.035464665210722224,-0.16773362810343173,-0.2047853752913218,-0.31239565031032857,-0.5013378778583575,-1.3732475117068739
-0.5763518596097998,-0.03516259245434239,-0.16728093435259261,-0.20457179579935847,-0.3120168753100233,-0.5011489153588156,-1.3731032098327896
-0.5760779221091135,-0.03507239870426626,-0.16709968435221134,-0.20487729042974934,-0.3121115690600996,-0.5013378778583575,-1.3731513104574844
-0.5763518596097998,-0.03516259245434239,-0.16728093435259261,-0.2048466520502732,-0.3121115690600996,-0.5014323591081289,-1.3731994110821792
-0.5761692346093421,-0.03525278620441852,-0.16737112810266874,-0.20466341454966308,-0.3121115690600996,-0.5014323591081289,-1.3732475117068739
-0.5762605471095712,-0.03525278620441852,-0.1674621843529739,-0.20472439492049244,-0.311922181559947,-0.5008654716095022,-1.372958907958705
-0.5761692346093421,-0.03534297995449509,-0.16755237810305046,-0.20463277617018782,-0.3120168753100233,-0.5015268403578999,-1.3732475117068739
-0.5760779221091135,-0.03516259245434239,-0.16728093435259261,-0.20457179579935847,-0.31220626281017594,-0.5014323591081289,-1.3731994110821792
-0.5762605471095712,-0.03516259245434239,-0.1674630468532029,-0.2048769940416273,-0.3120168753100233,-0.5014323591081289,-1.3730551092080947
-0.5760779221091135,-0.03534297995449509,-0.16746132185274532,-0.20429693954844286,-0.31230095656025225,-0.5019047653569846,-1.3731994110821792
-0.5761692346093421,-0.03516259245434239,-0.16728093435259261,-0.20466341454966308,-0.3118274878098707,-0.5011489153588156,-1.372958907958705
-0.5761692346093421,-0.03525278620441852,-0.16737112810266874,-0.20457179579935847,-0.31230095656025225,-0.5017158028574422,-1.3731994110821792
-0.5762605471095712,-0.03507239870426626,-0.16737285310312677,-0.2047853752913218,-0.31220626281017594,-0.5014323591081289,-1.3731513104574844
-0.5759866096088844,-0.03525278620441852,-0.16755324060327903,-0.2048769940416273,-0.3121115690600996,-0.5016213216076713,-1.3733918135809584
-0.5760779221091135,-0.03516259245434239,-0.16737199060289776,-0.20463277617018782,-0.3121115690600996,-0.5016213216076713,-1.3731032098327896
-0.5761692346093421,-0.03516259245434239,-0.16737199060289776,-0.20454115741988232,-0.31230095656025225,-0.5014323591081289,-1.3730070085833999
-0.5763518596097998,-0.03534297995449509,-0.16746132185274532,-0.20457179579935847,-0.3120168753100233,-0.5015268403578999,-1.3731513104574844
-0.5764431721100289,-0.03516259245434239,-0.1674630468532029,-0.2049686127919319,-0.31230095656025225,-0.5012433966085865,-1.3731032098327896
-0.5760779221091135,-0.03525278620441852,-0.1674621843529739,-0.20472439492049244,-0.31173279405979437,-0.5008654716095022,-1.3729108073340102
-0.5763518596097998,-0.03525278620441852,-0.16755324060327903,-0.20469375654101718,-0.31220626281017594,-0.5018102841072132,-1.3731513104574844
-0.5762605471095712,-0.03525278620441852,-0.1674621843529739,-0.20454115741988232,-0.3120168753100233,-0.5017158028574422,-1.3731994110821792
-0.5760779221091135,-0.03525278620441852,-0.1672800718523636,-0.2044191966782236,-0.31163810030971806,-0.5013378778583575,-1.372958907958705
-0.5762605471095712,-0.03534297995449509,-0.16737026560244017,-0.2044191966782236,-0.3120168753100233,-0.5016213216076713,-1.3731513104574844
-0.5763518596097998,-0.03543317370457122,-0.16755151560282144,-0.20457179579935847,-0.311922181559947,-0.5012433966085865,-1.3731032098327896
-0.5762605471095712,-0.03552336745464779,-0.16764170935289802,-0.20466341454966308,-0.3120168753100233,-0.5013378778583575,-1.3731032098327896
-0.5763518596097998,-0.03489201120411356,-0.16701035310236378,-0.20420532079813736,-0.311922181559947,-0.5013378778583575,-1.3731032098327896
-0.5761692346093421,-0.03525278620441852,-0.16755324060327903,-0.2047853752913218,-0.31230095656025225,-0.5015268403578999,-1.3731994110821792
-0.5760779221091135,-0.03525278620441852,-0.16737112810266874,-0.20448017704905297,-0.3120168753100233,-0.5012433966085865,-1.3731513104574844
-0.5761692346093421,-0.03534297995449509,-0.16746132185274532,-0.20457179579935847,-0.31230095656025225,-0.5016213216076713,-1.3731994110821792
-0.5760779221091135,-0.03525278620441852,-0.16755324060327903,-0.2047853752913218,-0.31154340655964174,-0.5010544341090442,-1.3727665054599256
-0.5761692346093421,-0.03516259245434239,-0.16718987810228747,-0.20460243417883373,-0.31230095656025225,-0.5016213216076713,-1.3732956123315687
-0.5763518596097998,-0.03525278620441852,-0.16737112810266874,-0.20466341454966308,-0.311922181559947,-0.5014323591081289,-1.3731513104574844
-0.5759866096088844,-0.03507239870426626,-0.16728179685282163,-0.20454115741988232,-0.3121115690600996,-0.5013378778583575,-1.3730070085833999
-0.5760779221091135,-0.03516259245434239,-0.16718987810228747,-0.20460243417883373,-0.311922181559947,-0.5014323591081289,-1.3730551092080947
-0.5763518596097998,-0.03543317370457122,-0.1676425718531266,-0.20463277617018782,-0.3121115690600996,-0.5014323591081289,-1.3731513104574844
-0.5763518596097998,-0.03507239870426626,-0.16746390935343192,-0.20475473691184654,-0.3118274878098707,-0.5015268403578999,-1.3730551092080947
-0.5761692346093421,-0.03525278620441852,-0.1674621843529739,-0.20463277617018782,-0.3120168753100233,-0.5015268403578999,-1.3730551092080947
-0.5761692346093421,-0.03534297995449509,-0.16746132185274532,-0.20457179579935847,-0.31173279405979437,-0.5013378778583575,-1.3731032098327896
-0.5761444625493071,-0.03507239870426626,-0.1669175718516006,-0.20448047343717474,-0.3121115690600996,-0.5014323591081289,-1.3730551092080947
-0.5763270875497648,-0.03498220495418969,-0.1672826593530502,-0.2047853752913218,-0.31239565031032857,-0.5014323591081289,-1.3731994110821792
-0.5763270875497648,-0.03516259245434239,-0.1674630468532029,-0.20441890029010157,-0.311922181559947,-0.5016213216076713,-1.3731032098327896
-0.5761444625493071,-0.03525278620441852,-0.1672800718523636,-0.20460243417883373,-0.311922181559947,-0.5015268403578999,-1.3731513104574844
-0.5763270875497648,-0.03516259245434239,-0.16728093435259261,-0.20442262235901748,-0.3120168753100233,-0.5015268403578999,-1.3731513104574844
-0.5759618375488493,-0.03525278620441852,-0.1674621843529739,-0.20420874647893122,-0.3120168753100233,-0.5014323591081289,-1.3731032098327896
-0.5760531500490784,-0.03507239870426626,-0.16728179685282163,-0.20457522148015145,-0.31154340655964174,-0.5011489153588156,-1.372958907958705
-0.5760531500490784,-0.03516259245434239,-0.16755410310350805,-0.20433070722058994,-0.31230095656025225,-0.5019047653569846,-1.3731513104574844
-0.5759618375488493,-0.03516259245434239,-0.16718987810228747,-0.20454487948879824,-0.311922181559947,-0.5016213216076713,-1.3730070085833999
-0.5760531500490784,-0.03525278620441852,-0.16737112810266874,-0.20433100360871198,-0.31239565031032857,-0.5019047653569846,-1.3731994110821792
-0.5761444625493071,-0.03507239870426626,-0.16719074060251649,-0.2046058598596276,-0.3118274878098707,-0.5011489153588156,-1.3731513104574844
-0.5759618375488493,-0.03525278620441852,-0.16737112810266874,-0.20414776610810187,-0.311922181559947,-0.5014323591081289,-1.3730551092080947
-0.5761444625493071,-0.03507239870426626,-0.16700862810190575,-0.2043922803676631,-0.311922181559947,-0.5013378778583575,-1.3730070085833999
-0.5761444625493071,-0.03525278620441852,-0.16773535310388932,-0.2043916875914193,-0.3118274878098707,-0.5013378778583575,-1.3731032098327896
-0.5761444625493071,-0.03498220495418969,-0.16691843435182918,-0.204209042867053,-0.3118274878098707,-0.5014323591081289,-1.3730551092080947
-0.5763270875497648,-0.03489201120411356,-0.16728352185327922,-0.20469718222181016,-0.3120168753100233,-0.5014323591081289,-1.3731032098327896
-0.5761444625493071,-0.03507239870426626,-0.16719074060251649,-0.20433100360871198,-0.3120168753100233,-0.5015268403578999,-1.3731513104574844
-0.5760531500490784,-0.03489201120411356,-0.16719246560297407,-0.2045445831006762,-0.3120168753100233,-0.5016213216076713,-1.3731513104574844
-0.5757792125483916,-0.03516259245434239,-0.16728093435259261,-0.20442262235901748,-0.311922181559947,-0.5013378778583575,-1.3730070085833999
-0.5759618375488493,-0.03534297995449509,-0.16746132185274532,-0.20423938485840648,-0.3121115690600996,-0.5014323591081289,-1.3730070085833999
-0.5760531500490784,-0.03516259245434239,-0.16709882185198188,-0.2041174241167475,-0.3120168753100233,-0.5015268403578999,-1.3731032098327896
-0.5760531500490784,-0.03498220495418969,-0.1672826593530502,-0.20426972684976058,-0.31230095656025225,-0.5013378778583575,-1.3730551092080947
-0.5760531500490784,-0.03498220495418969,-0.16719160310274506,-0.20420874647893122,-0.311922181559947,-0.5014323591081289,-1.3730551092080947
-0.5761444625493071,-0.03507239870426626,-0.16719074060251649,-0.20442262235901748,-0.3121115690600996,-0.5014323591081289,-1.3731032098327896
-0.5760531500490784,-0.03516259245434239,-0.16728093435259261,-0.20405614735779637,-0.3121115690600996,-0.5013378778583575,-1.3731513104574844
-0.5761444625493071,-0.03516259245434239,-0.16709882185198188,-0.2043006616173585,-0.3127744253106338,-0.5018102841072132,-1.3732956123315687
-0.5761444625493071,-0.03525278620441852,-0.16737112810266874,-0.20433100360871198,-0.311922181559947,-0.5013378778583575,-1.3730070085833999
-0.5762357750495362,-0.03516259245434239,-0.16737199060289776,-0.20430036522923584,-0.3120168753100233,-0.5014323591081289,-1.3731032098327896
-0.5758705250486202,-0.03516259245434239,-0.16709882185198188,-0.2043006616173585,-0.3121115690600996,-0.5017158028574422,-1.3733437129562636
-0.5760531500490784,-0.03507239870426626,-0.16719074060251649,-0.20414776610810187,-0.311922181559947,-0.5013378778583575,-1.3730070085833999
-0.5762357750495362,-0.03525278620441852,-0.1674621843529739,-0.20448360272984684,-0.3118274878098707,-0.5014323591081289,-1.3730551092080947
-0.5763270875497648,-0.03516259245434239,-0.1676451593538132,-0.2045749250920294,-0.3120168753100233,-0.5016213216076713,-1.3731994110821792
-0.5760531500490784,-0.03507239870426626,-0.16719074060251649,-0.20433100360871198,-0.3120168753100233,-0.5014323591081289,-1.3731513104574844
-0.5760531500490784,-0.03516259245434239,-0.1674630468532029,-0.2044529643503707,-0.3120168753100233,-0.5013378778583575,-1.3728146060846205
-0.5761444625493071,-0.03507239870426626,-0.16709968435221134,-0.20445326073849274,-0.3118274878098707,-0.5014323591081289,-1.3730070085833999
-0.5761444625493071,-0.03516259245434239,-0.16718987810228747,-0.2040867857372725,-0.3121115690600996,-0.5017158028574422,-1.3732475117068739
-0.5760531500490784,-0.03507239870426626,-0.16719074060251649,-0.2045142411093221,-0.3120168753100233,-0.5009599528592732,-1.3729108073340102
-0.5759618375488493,-0.03516259245434239,-0.16737199060289776,-0.20448360272984684,-0.311922181559947,-0.5012433966085865,-1.3731032098327896
-0.5760531500490784,-0.03534297995449509,-0.16755237810305046,-0.20439198397954134,-0.31220626281017594,-0.5017158028574422,-1.3731032098327896
-0.5761444625493071,-0.035131100948191385,-0.16728093435259261,-0.20414776610810187,-0.3118274878098707,-0.5015268403578999,-1.3730070085833999
-0.5761444625493071,-0.03522129469826751,-0.16737112810266874,-0.20433100360871198,-0.3120168753100233,-0.5016213216076713,-1.3731032098327896
-0.5761444625493071,-0.035040907198115256,-0.16737285310312677,-0.20426972684976058,-0.3120168753100233,-0.5018102841072132,-1.3732956123315687
-0.5762357750495362,-0.035040907198115256,-0.16728179685282163,-0.20439198397954134,-0.311922181559947,-0.5012433966085865,-1.3730551092080947
-0.5758705250486202,-0.034860519697962555,-0.16682824060175305,-0.204209042867053,-0.3121115690600996,-0.5014323591081289,-1.3730070085833999
-0.5761444625493071,-0.035040907198115256,-0.16719074060251649,-0.20423938485840648,-0.3118274878098707,-0.5012433966085865,-1.3730070085833999
-0.5763270875497648,-0.035131100948191385,-0.16737199060289776,-0.20448360272984684,-0.31173279405979437,-0.5013378778583575,-1.3731032098327896
-0.5758705250486202,-0.034680132197809854,-0.16682996560221108,-0.20414776610810187,-0.3118274878098707,-0.5011489153588156,-1.3731032098327896
-0.5762357750495362,-0.03522129469826751,-0.1674621843529739,-0.20420874647893122,-0.31163810030971806,-0.5010544341090442,-1.3728146060846205
-0.5759370654888143,-0.03522129469826751,-0.16737112810266874,-0.20414776610810187,-0.3121115690600996,-0.5016213216076713,-1.3731032098327896
-0.576119690489272,-0.034950713448038684,-0.16700949060213477,-0.20417840448757713,-0.31163810030971806,-0.5013378778583575,-1.3730551092080947
-0.5760283779890434,-0.035311488448344086,-0.1676434343533556,-0.2044529643503707,-0.311922181559947,-0.5014323591081289,-1.3730070085833999
-0.5760283779890434,-0.035040907198115256,-0.16728179685282163,-0.20420874647893122,-0.3120168753100233,-0.5012433966085865,-1.3730070085833999
-0.5760283779890434,-0.035311488448344086,-0.16746132185274532,-0.20433100360871198,-0.3118274878098707,-0.5013378778583575,-1.372958907958705
-0.5763023154897298,-0.035311488448344086,-0.16773449060366075,-0.20433070722058994,-0.3118274878098707,-0.5014323591081289,-1.3730551092080947
-0.5760283779890434,-0.035131100948191385,-0.16755410310350805,-0.20442232597089455,-0.3118274878098707,-0.5014323591081289,-1.3731513104574844
-0.5760283779890434,-0.035131100948191385,-0.16737199060289776,-0.20430036522923584,-0.3121115690600996,-0.5013378778583575,-1.3731032098327896
-0.5763023154897298,-0.035131100948191385,-0.16718987810228747,-0.20436164198818813,-0.3118274878098707,-0.5014323591081289,-1.3730070085833999
-0.5763023154897298,-0.035311488448344086,-0.16755237810305046,-0.20448360272984684,-0.311922181559947,-0.5015268403578999,-1.3731513104574844
-0.5762110029895011,-0.034860519697962555,-0.16719246560297407,-0.2044529643503707,-0.3118274878098707,-0.5013378778583575,-1.3731032098327896
-0.5760283779890434,-0.035311488448344086,-0.16727920935213458,-0.20402580536644288,-0.3118274878098707,-0.5014323591081289,-1.3729108073340102
-0.576119690489272,-0.034950713448038684,-0.16719160310274506,-0.20439198397954134,-0.3121115690600996,-0.5014323591081289,-1.3730070085833999
-0.5760283779890434,-0.035131100948191385,-0.16709882185198188,-0.204209042867053,-0.3121115690600996,-0.5017158028574422,-1.3731994110821792
-0.576119690489272,-0.035131100948191385,-0.16773621560411833,-0.20436104921194315,-0.31154340655964174,-0.5011489153588156,-1.3728146060846205
-0.5759370654888143,-0.03522129469826751,-0.16755324060327903,-0.2043613456000652,-0.31135401905948956,-0.5009599528592732,-1.3727665054599256
-0.5762110029895011,-0.035131100948191385,-0.16737199060289776,-0.20411712772862572,-0.3120168753100233,-0.5018102841072132,-1.3731032098327896
-0.5759370654888143,-0.03522129469826751,-0.1674621843529739,-0.20424281053920035,-0.31163810030971806,-0.5017158028574422,-1.3731032098327896
-0.576119690489272,-0.03522129469826751,-0.16755324060327903,-0.2040289346591141,-0.3120168753100233,-0.5012433966085865,-1.3730070085833999
-0.5762110029895011,-0.035131100948191385,-0.16737199060289776,-0.20424281053920035,-0.3121115690600996,-0.5016213216076713,-1.3731994110821792
-0.5762110029895011,-0.03522129469826751,-0.16737112810266874,-0.20399859266776088,-0.31173279405979437,-0.5014323591081289,-1.3730070085833999
-0.5759370654888143,-0.035040907198115256,-0.16728179685282163,-0.20396795428828474,-0.31144871280956543,-0.5012433966085865,-1.3730070085833999
-0.5762110029895011,-0.034950713448038684,-0.1671005468524399,-0.20381535516714988,-0.3118274878098707,-0.5014323591081289,-1.3731032098327896
-0.5760283779890434,-0.034860519697962555,-0.16710140935266893,-0.20415119178889485,-0.3120168753100233,-0.5014323591081289,-1.3730551092080947
-0.5763023154897298,-0.035040907198115256,-0.16737285310312677,-0.2042121721597242,-0.31154340655964174,-0.5009599528592732,-1.3728146060846205
-0.5762110029895011,-0.03522129469826751,-0.16755324060327903,-0.2039373159088086,-0.3125850378104812,-0.5021882091062979,-1.3733437129562636
-0.5759370654888143,-0.03522129469826751,-0.16755324060327903,-0.2039373159088086,-0.31220626281017594,-0.5014323591081289,-1.3731032098327896
-0.5762110029895011,-0.03522129469826751,-0.16737112810266874,-0.2040902114180655,-0.31173279405979437,-0.5013378778583575,-1.3730551092080947
-0.5760283779890434,-0.035131100948191385,-0.16709882185198188,-0.20387663192610186,-0.311922181559947,-0.5014323591081289,-1.3730070085833999
-0.5762110029895011,-0.035040907198115256,-0.16719074060251649,-0.20399859266776088,-0.3121115690600996,-0.5017158028574422,-1.3731032098327896
-0.5760283779890434,-0.03522129469826751,-0.16755324060327903,-0.2043037909100297,-0.31173279405979437,-0.5012433966085865,-1.3731994110821792
-0.5763023154897298,-0.035131100948191385,-0.1674630468532029,-0.2040289346591141,-0.3121115690600996,-0.5016213216076713,-1.3731032098327896
-0.576119690489272,-0.035131100948191385,-0.16718987810228747,-0.20393761229693153,-0.31173279405979437,-0.5014323591081289,-1.3731032098327896
-0.576119690489272,-0.035311488448344086,-0.16773449060366075,-0.20418153378024895,-0.31173279405979437,-0.5014323591081289,-1.3730070085833999
-0.5760283779890434,-0.035131100948191385,-0.1674630468532029,-0.2041205534094196,-0.311922181559947,-0.5015268403578999,-1.3730070085833999
-0.576119690489272,-0.03522129469826751,-0.1674621843529739,-0.20387633553797924,-0.31154340655964174,-0.5013378778583575,-1.372958907958705
-0.5764849404901875,-0.03522129469826751,-0.1674621843529739,-0.20387633553797924,-0.31173279405979437,-0.5016213216076713,-1.3729108073340102
-0.5759370654888143,-0.035040907198115256,-0.16728179685282163,-0.20405957303859024,-0.31173279405979437,-0.5014323591081289,-1.3730551092080947
-0.5760283779890434,-0.035131100948191385,-0.16728093435259261,-0.20390697391745538,-0.3118274878098707,-0.5013378778583575,-1.3727665054599256
-0.5763023154897298,-0.035311488448344086,-0.16737026560244017,-0.20375437479632053,-0.3121115690600996,-0.5013378778583575,-1.3730551092080947
-0.5760283779890434,-0.035311488448344086,-0.1676434343533556,-0.2040289346591141,-0.311922181559947,-0.5015268403578999,-1.3730070085833999
-0.5758457529885852,-0.03522129469826751,-0.16737112810266874,-0.2042734489186765,-0.3118274878098707,-0.5016213216076713,-1.3730551092080947
-0.5763023154897298,-0.035131100948191385,-0.16718987810228747,-0.20402923104723614,-0.3118274878098707,-0.5015268403578999,-1.3730070085833999
-0.5762110029895011,-0.03549187594849679,-0.16791487810381345,-0.20399829627963795,-0.3120168753100233,-0.5012433966085865,-1.3730551092080947
-0.576119690489272,-0.035131100948191385,-0.1674630468532029,-0.2040289346591141,-0.3118274878098707,-0.5012433966085865,-1.372958907958705
-0.576119690489272,-0.035311488448344086,-0.1678255468539659,-0.20433413290138291,-0.31173279405979437,-0.5013378778583575,-1.3730551092080947
-0.576119690489272,-0.035131100948191385,-0.16728093435259261,-0.2040902114180655,-0.3118274878098707,-0.5013378778583575,-1.372958907958705
-0.576119690489272,-0.035131100948191385,-0.1674630468532029,-0.2041205534094196,-0.31173279405979437,-0.5015268403578999,-1.372958907958705
-0.5760283779890434,-0.035311488448344086,-0.16737026560244017,-0.20402923104723614,-0.31173279405979437,-0.5014323591081289,-1.3730070085833999
-0.5760283779890434,-0.035040907198115256,-0.16719074060251649,-0.20390697391745538,-0.311922181559947,-0.5015268403578999,-1.3730551092080947
-0.576119690489272,-0.035311488448344086,-0.16773449060366075,-0.20418153378024895,-0.3118274878098707,-0.5016213216076713,-1.372958907958705
-0.576119690489272,-0.03522129469826751,-0.16755324060327903,-0.2042121721597242,-0.31163810030971806,-0.5012433966085865,-1.372958907958705
-0.576119690489272,-0.034950713448038684,-0.1674647718536605,-0.20433413290138291,-0.31163810030971806,-0.5013378778583575,-1.3729108073340102
-0.5759370654888143,-0.035311488448344086,-0.1676434343533556,-0.2040289346591141,-0.31173279405979437,-0.5016213216076713,-1.3730070085833999
-0.5760283779890434,-0.03522129469826751,-0.1674621843529739,-0.20396795428828474,-0.31154340655964174,-0.5013378778583575,-1.3729108073340102
-0.5759370654888143,-0.03522129469826751,-0.16755324060327903,-0.2042121721597242,-0.3120168753100233,-0.5019047653569846,-1.3731513104574844
-0.576119690489272,-0.035311488448344086,-0.1676434343533556,-0.2039373159088086,-0.31154340655964174,-0.5015268403578999,-1.3728627067093153
-0.5762110029895011,-0.035311488448344086,-0.16773449060366075,-0.20418153378024895,-0.3120168753100233,-0.5014323591081289,-1.3731513104574844
-0.5759370654888143,-0.035131100948191385,-0.16737199060289776,-0.20424281053920035,-0.31163810030971806,-0.5012433966085865,-1.3728627067093153
-0.576119690489272,-0.035131100948191385,-0.16728093435259261,-0.20381535516714988,-0.3120168753100233,-0.5013378778583575,-1.3730070085833999
-0.576119690489272,-0.035131100948191385,-0.16728093435259261,-0.20399859266776088,-0.311922181559947,-0.5018102841072132,-1.3731513104574844
-0.5760283779890434,-0.035311488448344086,-0.16755237810305046,-0.20387633553797924,-0.31154340655964174,-0.5014323591081289,-1.372958907958705
-0.5763023154897298,-0.035311488448344086,-0.1676434343533556,-0.2040289346591141,-0.3121115690600996,-0.5016213216076713,-1.3731994110821792
-0.5759370654888143,-0.035311488448344086,-0.16746132185274532,-0.2040902114180655,-0.3118274878098707,-0.5014323591081289,-1.3730551092080947
-0.5760283779890434,-0.03522129469826751,-0.1674621843529739,-0.20405957303859024,-0.31125932530941325,-0.5010544341090442,-1.3727665054599256
-0.5760283779890434,-0.03522129469826751,-0.1674621843529739,-0.20387633553797924,-0.31173279405979437,-0.5014323591081289,-1.3731032098327896
-0.5760283779890434,-0.035040907198115256,-0.16719074060251649,-0.2040902114180655,-0.3120168753100233,-0.5017158028574422,-1.3731994110821792
-0.576119690489272,-0.03522129469826751,-0.16755324060327903,-0.2039373159088086,-0.31135401905948956,-0.5015268403578999,-1.3730070085833999
-0.5760283779890434,-0.035131100948191385,-0.16737199060289776,-0.20415119178889485,-0.3120168753100233,-0.5014323591081289,-1.3731032098327896
-0.576119690489272,-0.03522129469826751,-0.1674621843529739,-0.20405957303859024,-0.3120168753100233,-0.5016213216076713,-1.3731032098327896
-0.5762110029895011,-0.035131100948191385,-0.16718987810228747,-0.20384599354662603,-0.3118274878098707,-0.5014323591081289,-1.3730070085833999
-0.5759370654888143,-0.035040907198115256,-0.16728179685282163,-0.20387633553797924,-0.311922181559947,-0.5014323591081289,-1.3730070085833999
-0.5760283779890434,-0.03522129469826751,-0.16737112810266874,-0.20399859266776088,-0.3121115690600996,-0.5018102841072132,-1.3732475117068739
-0.5758457529885852,-0.034950713448038684,-0.1672826593530502,-0.2040289346591141,-0.3118274878098707,-0.5016213216076713,-1.372958907958705
-0.576119690489272,-0.035040907198115256,-0.16737285310312677,-0.2040289346591141,-0.311922181559947,-0.5018102841072132,-1.3730070085833999
-0.5760283779890434,-0.035311488448344086,-0.16755237810305046,-0.20372716209763822,-0.3118274878098707,-0.5013378778583575,-1.3729108073340102
-0.5760283779890434,-0.03522129469826751,-0.16773535310388932,-0.2040933407107373,-0.31163810030971806,-0.5015268403578999,-1.3730070085833999
-0.5759370654888143,-0.03522129469826751,-0.1672800718523636,-0.2036052013559795,-0.31173279405979437,-0.5012433966085865,-1.3730551092080947
-0.576119690489272,-0.03522129469826751,-0.1674621843529739,-0.20372716209763822,-0.311922181559947,-0.5013378778583575,-1.3731032098327896
-0.5762110029895011,-0.035311488448344086,-0.16773449060366075,-0.20394074158960243,-0.31116463155933693,-0.5006765091099599,-1.3727665054599256
-0.5759370654888143,-0.034950713448038684,-0.16700949060213477,-0.203696820106285,-0.3120168753100233,-0.5018102841072132,-1.3731994110821792
-0.5759370654888143,-0.03522129469826751,-0.16755324060327903,-0.20387976121877308,-0.31154340655964174,-0.5016213216076713,-1.372958907958705
-0.5759370654888143,-0.034950713448038684,-0.1671005468524399,-0.20366618172680886,-0.31173279405979437,-0.5015268403578999,-1.3731032098327896
-0.5759370654888143,-0.035311488448344086,-0.16755237810305046,-0.20381878084794372,-0.31154340655964174,-0.5010544341090442,-1.3730070085833999
-0.5763023154897298,-0.035311488448344086,-0.1676434343533556,-0.20378814246846758,-0.311922181559947,-0.5018102841072132,-1.3731032098327896
-0.5758457529885852,-0.035131100948191385,-0.16737199060289776,-0.20372716209763822,-0.3118274878098707,-0.5014323591081289,-1.3731032098327896
-0.5758457529885852,-0.03522129469826751,-0.16764429685358417,-0.20403236033990793,-0.31163810030971806,-0.5014323591081289,-1.3730070085833999
-0.576094918429237,-0.035131100948191385,-0.1674630468532029,-0.20378814246846758,-0.31230095656025225,-0.5017158028574422,-1.3731994110821792
-0.576094918429237,-0.035131100948191385,-0.16737199060289776,-0.2034523058467235,-0.3118274878098707,-0.5013378778583575,-1.3731032098327896
-0.5762775434296947,-0.03522129469826751,-0.167189015602058,-0.20354422098514985,-0.31173279405979437,-0.5012433966085865,-1.3729108073340102
-0.5760036059290083,-0.035131100948191385,-0.16728093435259261,-0.20375780047711436,-0.3121115690600996,-0.5017158028574422,-1.3731032098327896
-0.576094918429237,-0.03522129469826751,-0.1674621843529739,-0.20372716209763822,-0.31154340655964174,-0.5013378778583575,-1.372958907958705
-0.576094918429237,-0.035401682198420215,-0.1676425718531266,-0.20391039959824922,-0.31173279405979437,-0.5015268403578999,-1.3729108073340102
-0.5761862309294661,-0.034950713448038684,-0.1672826593530502,-0.20378814246846758,-0.3118274878098707,-0.5016213216076713,-1.3730070085833999
-0.576094918429237,-0.034950713448038684,-0.1671005468524399,-0.20375780047711436,-0.31135401905948956,-0.5012433966085865,-1.3729108073340102
-0.5761862309294661,-0.034950713448038684,-0.16700949060213477,-0.2036052013559795,-0.311922181559947,-0.5015268403578999,-1.3732956123315687
-0.5758209809285502,-0.035131100948191385,-0.16728093435259261,-0.20366618172680886,-0.31163810030971806,-0.5012433966085865,-1.3728146060846205
-0.576094918429237,-0.035311488448344086,-0.1676434343533556,-0.20378814246846758,-0.31220626281017594,-0.5016213216076713,-1.3731994110821792
-0.5759122934287793,-0.03522129469826751,-0.16755324060327903,-0.20378814246846758,-0.31135401905948956,-0.5013378778583575,-1.372718404835231
-0.576094918429237,-0.035311488448344086,-0.16773449060366075,-0.20384912283929693,-0.311922181559947,-0.5015268403578999,-1.3731032098327896
-0.5759122934287793,-0.03522129469826751,-0.16737112810266874,-0.20357456297650425,-0.31154340655964174,-0.5014323591081289,-1.3730070085833999
-0.576094918429237,-0.035040907198115256,-0.16709968435221134,-0.2036052013559795,-0.31163810030971806,-0.5012433966085865,-1.3729108073340102
-0.5760036059290083,-0.035131100948191385,-0.16737199060289776,-0.20372716209763822,-0.31163810030971806,-0.5012433966085865,-1.3730070085833999
-0.5759122934287793,-0.03522129469826751,-0.16755324060327903,-0.20378814246846758,-0.31154340655964174,-0.5014323591081289,-1.3730551092080947
-0.5759122934287793,-0.03522129469826751,-0.1672800718523636,-0.2037884388565905,-0.311922181559947,-0.5017158028574422,-1.3731032098327896
-0.576094918429237,-0.035131100948191385,-0.1674630468532029,-0.20378814246846758,-0.3118274878098707,-0.5013378778583575,-1.3730070085833999
-0.5760036059290083,-0.03522129469826751,-0.1674621843529739,-0.20381878084794372,-0.31163810030971806,-0.5015268403578999,-1.3730551092080947
-0.5759122934287793,-0.034950713448038684,-0.16755582810396563,-0.20415432108156664,-0.311922181559947,-0.5015268403578999,-1.372958907958705
-0.5760036059290083,-0.035099609442040394,-0.16728093435259261,-0.20366618172680886,-0.311922181559947,-0.5014323591081289,-1.372958907958705
-0.5759122934287793,-0.03515831168596552,-0.16755324060327903,-0.20378814246846758,-0.31173279405979437,-0.5017158028574422,-1.3730070085833999
-0.5762775434296947,-0.035099609442040394,-0.1674630468532029,-0.20387976121877308,-0.3118274878098707,-0.5013378778583575,-1.3730070085833999
-0.5761862309294661,-0.03506811793588939,-0.1674630468532029,-0.20378814246846758,-0.31163810030971806,-0.5010544341090442,-1.3730551092080947
-0.5760036059290083,-0.03518980319211652,-0.16737112810266874,-0.20375780047711436,-0.31173279405979437,-0.5018102841072132,-1.3730551092080947
-0.5760036059290083,-0.03497792418581326,-0.16746390935343192,-0.20384912283929693,-0.31173279405979437,-0.5014323591081289,-1.372958907958705
-0.576094918429237,-0.03515831168596552,-0.16755324060327903,-0.20387976121877308,-0.31163810030971806,-0.5014323591081289,-1.3730551092080947
-0.576094918429237,-0.03479753668566056,-0.16710140935266893,-0.20381878084794372,-0.3121115690600996,-0.5021882091062979,-1.3733437129562636
-0.576094918429237,-0.03515831168596552,-0.1674621843529739,-0.20372716209763822,-0.311922181559947,-0.5016213216076713,-1.3731032098327896
-0.49444665168773866,0.016875332355527968,-0.07951824461200202,0.2899622992104695,0.10556776607095043,-0.3456273556812758,-1.0203305293635347
-0.4942640266872809,0.017145913605756798,-0.07924766336177319,0.28987068046016445,0.10613592857140787,-0.3449659869328777,-1.0200419256153657
-0.49444665168773866,0.01696552610560454,-0.07942805086192545,0.28987068046016445,0.10585184732117937,-0.3451549494324201,-1.02028242873884
-0.49444665168773866,0.01696552610560454,-0.07942805086192545,0.290053917960775,0.10585184732117937,-0.34534391193196246,-1.0201862274894502
-0.4940814016868232,0.017145913605756798,-0.07888343836055217,0.2902062206937872,0.10623062232148418,-0.3450604681826491,-1.0200419256153657
-0.49453796418796775,0.01678513860545184,-0.07969949461238329,0.2900845563402507,0.10585184732117937,-0.3451549494324201,-1.02028242873884
-0.4942640266872809,0.016875332355527968,-0.07951824461200202,0.290053917960775,0.10585184732117937,-0.3451549494324201,-1.0201862274894502
-0.49453796418796775,0.01678513860545184,-0.07942632586146742,0.290175878702434,0.10604123482133156,-0.34487150568310676,-1.0201862274894502
-0.49435533918751,0.01696552610560454,-0.07942805086192545,0.2902371554613851,0.10604123482133156,-0.3447770244333358,-1.0200900262400605
-0.49453796418796775,0.017177405111907795,-0.07906555086116246,0.2900842599521285,0.10594654107125569,-0.3449659869328777,-1.020234328114145
-0.49453796418796775,0.016546048861374008,-0.07987901961230698,0.29029471015142105,0.10585184732117937,-0.34439909943425107,-1.0200900262400605
-0.49444665168773866,0.016906823861678966,-0.07942718836169643,0.29035569052225074,0.10594654107125569,-0.34487150568310676,-1.0203305293635347
-0.49444665168773866,0.017177405111907795,-0.0791566071114676,0.2904473092725558,0.10613592857140787,-0.3446825431835644,-1.0200900262400605
-0.4946292766881964,0.017177405111907795,-0.07906555086116246,0.2906915271439957,0.10651470357171312,-0.34421013693470914,-1.0198976237412811
-0.49444665168773866,0.01672643636152671,-0.07978968836245942,0.2902337297805917,0.10575715357110306,-0.34487150568310676,-1.02028242873884
-0.4946292766881964,0.016906823861678966,-0.07960930086230716,0.2904169672812018,0.10604123482133156,-0.34439909943425107,-1.0200900262400605
-0.49435533918751,0.01672643636152671,-0.07951651961154355,0.2904166708930801,0.10585184732117937,-0.34487150568310676,-1.02028242873884
-0.49444665168773866,0.016816630111602837,-0.07988160711299358,0.29020338778923804,0.10594654107125569,-0.34439909943425107,-1.0200900262400605
-0.4942640266872809,0.01699701761175554,-0.07951910711223059,0.29014211103028664,0.10604123482133156,-0.34458806193379343,-1.0200900262400605
-0.49444665168773866,0.016906823861678966,-0.07951824461200202,0.29029471015142105,0.10547307232087412,-0.34487150568310676,-1.02028242873884
-0.49435533918751,0.017087211361831667,-0.0795199696124596,0.2902643681600674,0.10613592857140787,-0.3440211744351668,-1.0201862274894502
-0.49444665168773866,0.016906823861678966,-0.07960930086230716,0.29032534853089675,0.10585184732117937,-0.34421013693470914,-1.020234328114145
-0.49444665168773866,0.01699701761175554,-0.07933699461161986,0.29035569052225074,0.10613592857140787,-0.3443046181844801,-1.0201862274894502
-0.49444665168773866,0.016906823861678966,-0.07951824461200202,0.29056956640233667,0.10613592857140787,-0.34421013693470914,-1.0201862274894502
-0.49444665168773866,0.016816630111602837,-0.07969949461238329,0.2904169672812018,0.10585184732117937,-0.3440211744351668,-1.02028242873884
-0.4946292766881964,0.016906823861678966,-0.07942718836169643,0.2904473092725558,0.10604123482133156,-0.34421013693470914,-1.0200419256153657
-0.4944218796277037,0.01699701761175554,-0.07933699461161986,0.29053892802286085,0.10594654107125569,-0.3438322119356244,-1.020234328114145
-0.49423925462724594,0.016906823861678966,-0.07960930086230716,0.29060020478181237,0.10585184732117937,-0.3443046181844801,-1.0203786299882296
-0.49433056712747503,0.01699701761175554,-0.07942805086192545,0.2903863289017261,0.10594654107125569,-0.3440211744351668,-1.0201862274894502
-0.49423925462724594,0.016906823861678966,-0.07942718836169643,0.2902640717719457,0.10613592857140787,-0.3433598056867687,-1.0200419256153657
-0.4944218796277037,0.01699701761175554,-0.07924593836131472,0.29050828964338515,0.1063253160715605,-0.3435487681863111,-1.0201862274894502
-0.49414794212701685,0.01699701761175554,-0.07961016336253574,0.29017274940976234,0.10575715357110306,-0.34373773068585345,-1.0201862274894502
-0.49423925462724594,0.016906823861678966,-0.07942718836169643,0.29035569052225074,0.10594654107125569,-0.34373773068585345,-1.0201381268647554
-0.4946045046281614,0.017177405111907795,-0.07924766336177319,0.29029471015142105,0.10604123482133156,-0.34326532443699775,-1.0200900262400605
-0.49423925462724594,0.017177405111907795,-0.07933871961207833,0.29056614072154285,0.10585184732117937,-0.3433598056867687,-1.0201862274894502
-0.49423925462724594,0.017177405111907795,-0.07897449461085732,0.290901680955166,0.1063253160715605,-0.34288739943791346,-1.0200419256153657
-0.49433056712747503,0.01699701761175554,-0.07961016336253574,0.2905051603507135,0.10585184732117937,-0.3433598056867687,-1.0201862274894502
-0.4944218796277037,0.01699701761175554,-0.07951910711223059,0.29065775947184835,0.10604123482133156,-0.3435487681863111,-1.0203305293635347
-0.4944218796277037,0.017087211361831667,-0.07942891336215446,0.29038290322093274,0.10623062232148418,-0.34288739943791346,-1.0201862274894502
-0.49423925462724594,0.017087211361831667,-0.07924680086154373,0.2906881014632018,0.10575715357110306,-0.3436432494360825,-1.0203786299882296
-0.4944218796277037,0.016906823861678966,-0.0798824696132226,0.2903831996090548,0.10604123482133156,-0.3430763619374554,-1.020234328114145
-0.49423925462724594,0.01699701761175554,-0.07942805086192545,0.2907187398426777,0.10651470357171312,-0.3426984369383711,-1.019945724365976
-0.49423925462724594,0.01699701761175554,-0.07942805086192545,0.2906271210923722,0.10585184732117937,-0.3431708431872268,-1.020234328114145
-0.49423925462724594,0.016816630111602837,-0.07969949461238329,0.2904745219712378,0.10623062232148418,-0.3429818806876844,-1.0201381268647554
-0.49433056712747503,0.016816630111602837,-0.07969949461238329,0.29038290322093274,0.10651470357171312,-0.3431708431872268,-1.020234328114145
-0.4944218796277037,0.017177405111907795,-0.07933871961207833,0.29038290322093274,0.10604123482133156,-0.3429818806876844,-1.020234328114145
-0.49433056712747503,0.017177405111907795,-0.0791566071114676,0.2905048639625917,0.10604123482133156,-0.3430763619374554,-1.020234328114145
-0.49451319212793277,0.017118702867982668,-0.07961102586276475,0.29026094247927403,0.10585184732117937,-0.3430763619374554,-1.020234328114145
-0.49433056712747503,0.016938315367829967,-0.07951824461200202,0.2906271210923722,0.10585184732117937,-0.34279291818814206,-1.0201381268647554
-0.49433056712747503,0.016938315367829967,-0.07960930086230716,0.29065775947184835,0.10585184732117937,-0.3430763619374554,-1.0200900262400605
-0.49423925462724594,0.017118702867982668,-0.07942891336215446,0.2907493782221534,0.10594654107125569,-0.34288739943791346,-1.020234328114145
-0.49451319212793277,0.01702850911790654,-0.07933699461161986,0.2906881014632018,0.10604123482133156,-0.3430763619374554,-1.0201862274894502
-0.49451319212793277,0.017118702867982668,-0.07942891336215446,0.29038290322093274,0.1063253160715605,-0.34260395568860014,-1.0199938249906708
-0.49423925462724594,0.016938315367829967,-0.07960930086230716,0.2907493782221534,0.10594654107125569,-0.34279291818814206,-1.0201862274894502
-0.49433056712747503,0.016938315367829967,-0.07960930086230716,0.29056614072154285,0.10604123482133156,-0.34288739943791346,-1.0201862274894502
-0.49451319212793277,0.016667734117601137,-0.079879882112536,0.2904745219712378,0.10556776607095043,-0.34288739943791346,-1.02028242873884
-0.49414794212701685,0.01702850911790654,-0.07961016336253574,0.2905051603507135,0.10623062232148418,-0.3426984369383711,-1.0201862274894502
-0.49423925462724594,0.01702850911790654,-0.07951910711223059,0.29056614072154285,0.10594654107125569,-0.34288739943791346,-1.0201862274894502
-0.49414794212701685,0.016938315367829967,-0.07942718836169643,0.29059648271289673,0.10594654107125569,-0.3429818806876844,-1.02028242873884
-0.49451319212793277,0.01702850911790654,-0.07942805086192545,0.29081035859298277,0.10642000982163681,-0.3423205119392868,-1.019945724365976
-0.4944218796277037,0.016938315367829967,-0.07960930086230716,0.29065775947184835,0.10594654107125569,-0.34279291818814206,-1.02028242873884
-0.4940566296267882,0.016938315367829967,-0.07951824461200202,0.29053550234206715,0.10623062232148418,-0.34279291818814206,-1.020234328114145
-0.49433056712747503,0.016938315367829967,-0.07960930086230716,0.29056614072154285,0.10585184732117937,-0.34288739943791346,-1.0203786299882296
-0.49423925462724594,0.01702850911790654,-0.07933699461161986,0.29083727490354283,0.10613592857140787,-0.34288739943791346,-1.0200900262400605
-0.49451319212793277,0.016938315367829967,-0.07960930086230716,0.2908985516624944,0.10613592857140787,-0.34279291818814206,-1.020234328114145
-0.49433056712747503,0.017118702867982668,-0.07942891336215446,0.29080693291218934,0.10594654107125569,-0.3426984369383711,-1.0201862274894502
-0.49414794212701685,0.01702850911790654,-0.07951910711223059,0.29053207666127373,0.10613592857140787,-0.3426984369383711,-1.0201381268647554
-0.49423925462724594,0.017208896618058796,-0.07933871961207833,0.29080693291218934,0.10613592857140787,-0.3426984369383711,-1.0201381268647554
-0.49451319212793277,0.01684812161775384,-0.07988160711299358,0.29059335342022513,0.10604123482133156,-0.34279291818814206,-1.0201862274894502
-0.49451319212793277,0.016938315367829967,-0.07933613211139129,0.2911731115252878,0.10604123482133156,-0.34250947443882873,-1.0200900262400605
-0.49423925462724594,0.017208896618058796,-0.07924766336177319,0.29095953203332375,0.10604123482133156,-0.3426984369383711,-1.020234328114145
-0.4944218796277037,0.017118702867982668,-0.0795199696124596,0.2910208087922756,0.10594654107125569,-0.3423205119392868,-1.0201381268647554
-0.49451319212793277,0.017208896618058796,-0.07933871961207833,0.29099017041279945,0.10585184732117937,-0.3423205119392868,-1.0201862274894502
-0.49423925462724594,0.017208896618058796,-0.07897449461085732,0.2911424731458121,0.10566245982102675,-0.3423205119392868,-1.02028242873884
-0.49433056712747503,0.017389284118211498,-0.07879410711070461,0.2911424731458121,0.10613592857140787,-0.34250947443882873,-1.020234328114145
-0.49423925462724594,0.017208896618058796,-0.07924766336177319,0.2907762945327132,0.10651470357171312,-0.3422260306895154,-1.019945724365976
-0.49414794212701685,0.01729909036813537,-0.07906641336139103,0.29092889365384833,0.10613592857140787,-0.34213154943974444,-1.0201381268647554
-0.4944218796277037,0.016938315367829967,-0.07942718836169643,0.29083727490354283,0.10613592857140787,-0.34250947443882873,-1.0199938249906708
-0.49433056712747503,0.017240388124209798,-0.0791566071114676,0.29111213115445844,0.10594654107125569,-0.3422260306895154,-1.0200900262400605
-0.49423925462724594,0.017240388124209798,-0.07942977586238348,0.2906543337910545,0.10623062232148418,-0.34213154943974444,-1.020234328114145
-0.4944218796277037,0.017240388124209798,-0.07933871961207833,0.2908985516624944,0.10604123482133156,-0.3423205119392868,-1.020234328114145
-0.4944218796277037,0.016969806873980968,-0.07942718836169643,0.29092889365384833,0.10585184732117937,-0.3426984369383711,-1.0203786299882296
-0.49423925462724594,0.01715019437413367,-0.07942891336215446,0.2908985516624944,0.10613592857140787,-0.3422260306895154,-1.0201862274894502
-0.49433056712747503,0.01715019437413367,-0.07933785711184932,0.29095953203332375,0.10613592857140787,-0.3420370681899735,-1.0200900262400605
-0.49423925462724594,0.01715019437413367,-0.07924680086154373,0.29083727490354283,0.10604123482133156,-0.34250947443882873,-1.02028242873884
-0.49423925462724594,0.01706000062405754,-0.07933699461161986,0.2910205124041534,0.10623062232148418,-0.3419425869402021,-1.0201381268647554
-0.49423925462724594,0.01706000062405754,-0.07924593836131472,0.2912647302755933,0.10623062232148418,-0.34213154943974444,-1.02028242873884
-0.4944218796277037,0.017240388124209798,-0.07924766336177319,0.2911427695339343,0.10575715357110306,-0.3423205119392868,-1.020426730612924
-0.49451319212793277,0.01715019437413367,-0.07942891336215446,0.2908985516624944,0.10594654107125569,-0.3419425869402021,-1.0200900262400605
-0.4944218796277037,0.017240388124209798,-0.07942977586238348,0.29074595254136,0.10594654107125569,-0.34213154943974444,-1.0200900262400605
-0.49433056712747503,0.016969806873980968,-0.07960930086230716,0.29099017041279945,0.10585184732117937,-0.3422260306895154,-1.0201381268647554
-0.49423925462724594,0.01706000062405754,-0.07942805086192545,0.2911427695339343,0.10623062232148418,-0.3420370681899735,-1.0200900262400605
-0.4944218796277037,0.017240388124209798,-0.07942977586238348,0.29083757129166504,0.10585184732117937,-0.34241499318905777,-1.0201862274894502
-0.49433056712747503,0.01715019437413367,-0.07933785711184932,0.29095953203332375,0.10613592857140787,-0.34213154943974444,-1.0200419256153657
-0.49433056712747503,0.01706000062405754,-0.07942805086192545,0.2910511507836288,0.10594654107125569,-0.34250947443882873,-1.02028242873884
-0.49451319212793277,0.017240388124209798,-0.0791566071114676,0.29120374990476394,0.10594654107125569,-0.3419425869402021,-1.0200900262400605
-0.4944218796277037,0.01715019437413367,-0.0795199696124596,0.2911699822326166,0.10594654107125569,-0.3422260306895154,-1.02028242873884
-0.49414794212701685,0.016969806873980968,-0.07960930086230716,0.29113934385314044,0.10613592857140787,-0.3422260306895154,-1.0201862274894502
-0.4946045046281614,0.01715019437413367,-0.07942891336215446,0.29123096260344594,0.10604123482133156,-0.3420370681899735,-1.0201862274894502
-0.49414794212701685,0.017240388124209798,-0.07933871961207833,0.29123096260344594,0.10594654107125569,-0.3420370681899735,-1.0201862274894502
-0.49414794212701685,0.01715019437413367,-0.07942891336215446,0.29123096260344594,0.10585184732117937,-0.34213154943974444,-1.0203305293635347
-0.49414794212701685,0.01715019437413367,-0.07924680086154373,0.2909864483438838,0.10642000982163681,-0.3420370681899735,-1.0200900262400605
-0.49414794212701685,0.017240388124209798,-0.07933871961207833,0.29123096260344594,0.10613592857140787,-0.34213154943974444,-1.020234328114145
-0.4944218796277037,0.017240388124209798,-0.07924766336177319,0.2912003242239698,0.10613592857140787,-0.3418481056904311,-1.0200900262400605
-0.4944218796277037,0.01715019437413367,-0.07942891336215446,0.29123096260344594,0.10594654107125569,-0.3419425869402021,-1.020234328114145
-0.49433056712747503,0.01733058187428637,-0.07915746961169662,0.2912919429742753,0.10585184732117937,-0.3420370681899735,-1.020234328114145
-0.49423925462724594,0.017240388124209798,-0.07933871961207833,0.29141420010405605,0.10604123482133156,-0.34213154943974444,-1.020234328114145
-0.4944218796277037,0.017240388124209798,-0.0791566071114676,0.2911696858444944,0.10613592857140787,-0.3417536244406597,-1.0201381268647554
-0.4944218796277037,0.01715019437413367,-0.07915574461123859,0.2914139037159343,0.10604123482133156,-0.3418481056904311,-1.0201862274894502
-0.49414794212701685,0.01733058187428637,-0.07906641336139103,0.2910780670941893,0.10594654107125569,-0.3418481056904311,-1.0201381268647554
-0.49433056712747503,0.01715019437413367,-0.07933785711184932,0.2912003242239698,0.10566245982102675,-0.3419425869402021,-1.0203305293635347
-0.49433056712747503,0.01706000062405754,-0.07961016336253574,0.2911699822326166,0.10613592857140787,-0.3417536244406597,-1.0201862274894502
-0.49414794212701685,0.01715019437413367,-0.0795199696124596,0.2911699822326166,0.10594654107125569,-0.3415646619411178,-1.0200900262400605
-0.49439710756766864,0.016969806873980968,-0.07979141336291745,0.29110900186178723,0.10604123482133156,-0.34213154943974444,-1.02028242873884
-0.49439710756766864,0.01706000062405754,-0.07942805086192545,0.2912919429742753,0.10594654107125569,-0.3415646619411178,-1.0201862274894502
-0.4944884200678977,0.01706000062405754,-0.07942805086192545,0.2912919429742753,0.10623062232148418,-0.3415646619411178,-1.0200900262400605
-0.49439710756766864,0.01715019437413367,-0.07942891336215446,0.29123096260344594,0.10613592857140787,-0.3415646619411178,-1.0200419256153657
-0.49439710756766864,0.01706000062405754,-0.07951910711223059,0.29123096260344594,0.10613592857140787,-0.3415646619411178,-1.0200900262400605
-0.4942144825672109,0.01706000062405754,-0.07933699461161986,0.29135292334510493,0.10613592857140787,-0.3418481056904311,-1.020234328114145
-0.4941231700669818,0.01733058187428637,-0.0793395821123069,0.2911699822326166,0.10594654107125569,-0.3414701806913464,-1.02028242873884
-0.4942144825672109,0.01715019437413367,-0.07915574461123859,0.2913222849656288,0.10623062232148418,-0.3418481056904311,-1.0200900262400605
-0.49439710756766864,0.01706000062405754,-0.07942805086192545,0.2912919429742753,0.10575715357110306,-0.3418481056904311,-1.02028242873884
-0.49430579506744,0.01715019437413367,-0.0795199696124596,0.2911699822326166,0.10613592857140787,-0.3415646619411178,-1.0200419256153657
-0.4941231700669818,0.01706000062405754,-0.07924593836131472,0.2914139037159343,0.10594654107125569,-0.3414701806913464,-1.020234328114145
-0.4945797325681264,0.016969806873980968,-0.07970035711261231,0.2911699822326166,0.10604123482133156,-0.3417536244406597,-1.0203305293635347
-0.4942144825672109,0.016969806873980968,-0.07960930086230716,0.29123096260344594,0.10623062232148418,-0.3414701806913464,-1.020234328114145
-0.4942144825672109,0.01706000062405754,-0.07933699461161986,0.29135292334510493,0.10623062232148418,-0.3414701806913464,-1.02028242873884
-0.4942144825672109,0.017240388124209798,-0.07906555086116246,0.2914139037159343,0.10613592857140787,-0.34165914319088875,-1.0201381268647554
-0.4944884200678977,0.01715019437413367,-0.0795199696124596,0.2910783634823111,0.10623062232148418,-0.3414701806913464,-1.0200900262400605
-0.49439710756766864,0.01715019437413367,-0.07924680086154373,0.2916277795960201,0.10623062232148418,-0.3413756994415754,-1.0200900262400605
-0.4942144825672109,0.01706000062405754,-0.07942805086192545,0.2912919429742753,0.10613592857140787,-0.3414701806913464,-1.02028242873884
-0.49430579506744,0.017181685880284667,-0.07915574461123859,0.29168875996684945,0.10623062232148418,-0.3414701806913464,-1.0200900262400605
-0.4942144825672109,0.017362073380437368,-0.07897535711108589,0.29123066621532373,0.10698817232209469,-0.3406198494434064,-1.019657120617807
-0.4942144825672109,0.017091492130208538,-0.07933699461161986,0.2916277795960201,0.10613592857140787,-0.3414701806913464,-1.0203786299882296
-0.4942144825672109,0.017181685880284667,-0.07933785711184932,0.2912919429742753,0.10585184732117937,-0.3414701806913464,-1.02028242873884
-0.49467104506835546,0.017001298380131966,-0.0798824696132226,0.29113964024126293,0.10613592857140787,-0.3413756994415754,-1.0201381268647554
-0.49439710756766864,0.017181685880284667,-0.07942891336215446,0.29123096260344594,0.10604123482133156,-0.34118673694203305,-1.0200900262400605
-0.4942144825672109,0.017452267130513496,-0.07915833211192563,0.2915058188543611,0.10613592857140787,-0.3413756994415754,-1.0200900262400605
-0.4944884200678977,0.017362073380437368,-0.07915746961169662,0.2912919429742753,0.10642000982163681,-0.34099777444249113,-1.019945724365976
-0.49439710756766864,0.017271879630360795,-0.0791566071114676,0.29135292334510493,0.10613592857140787,-0.34128121819180446,-1.0200900262400605
-0.49430579506744,0.017001298380131966,-0.07942718836169643,0.29153616084571504,0.10613592857140787,-0.34118673694203305,-1.02028242873884
-0.49430579506744,0.017271879630360795,-0.0791566071114676,0.29135292334510493,0.10594654107125569,-0.3413756994415754,-1.020234328114145
-0.49439710756766864,0.017271879630360795,-0.07924766336177319,0.2912919429742753,0.10642000982163681,-0.34128121819180446,-1.0201381268647554
-0.49439710756766864,0.017091492130208538,-0.07951910711223059,0.291322581353751,0.10604123482133156,-0.3413756994415754,-1.0201381268647554
-0.4941231700669818,0.017091492130208538,-0.07979227586314602,0.291231258991568,0.10566245982102675,-0.34165914319088875,-1.0200900262400605
-0.4944884200678977,0.017091492130208538,-0.07933699461161986,0.29135292334510493,0.10613592857140787,-0.3413756994415754,-1.0201862274894502
-0.4942144825672109,0.017181685880284667,-0.07924680086154373,0.2915020967854459,0.10585184732117937,-0.3413756994415754,-1.020234328114145
-0.49430579506744,0.017271879630360795,-0.07942977586238348,0.29150239317356774,0.10613592857140787,-0.34128121819180446,-1.0200900262400605
-0.49430579506744,0.017362073380437368,-0.07897535711108589,0.2915630771562753,0.10623062232148418,-0.3410922556922621,-1.019945724365976
-0.49439710756766864,0.017362073380437368,-0.07924852586200176,0.2915633735443971,0.10613592857140787,-0.34118673694203305,-1.020234328114145
-0.4942144825672109,0.017091492130208538,-0.07942805086192545,0.29162435391522645,0.10604123482133156,-0.3414701806913464,-1.0201381268647554
-0.4941231700669818,0.017091492130208538,-0.07942805086192545,0.291807591415837,0.10585184732117937,-0.3413756994415754,-1.020234328114145
-0.4942144825672109,0.017271879630360795,-0.0791566071114676,0.2918685717866666,0.10585184732117937,-0.34128121819180446,-1.0201862274894502
-0.4944884200678977,0.017001298380131966,-0.07933613211139129,0.29183793340719044,0.10594654107125569,-0.34128121819180446,-1.0200900262400605
-0.49439710756766864,0.017181685880284667,-0.07933785711184932,0.29144111641461634,0.10585184732117937,-0.34165914319088875,-1.02028242873884
-0.49430579506744,0.017001298380131966,-0.07960930086230716,0.29174661104500765,0.10594654107125569,-0.34128121819180446,-1.0201381268647554
-0.49439710756766864,0.017091492130208538,-0.07951910711223059,0.291380136043787,0.10623062232148418,-0.3414701806913464,-1.02028242873884
-0.49430579506744,0.017001298380131966,-0.07960930086230716,0.2915633735443971,0.10594654107125569,-0.3413756994415754,-1.0200900262400605
-0.4942144825672109,0.017362073380437368,-0.07915746961169662,0.29144111641461634,0.10670409107186575,-0.34080881194294876,-1.0198976237412811
-0.49430579506744,0.017091492130208538,-0.07951910711223059,0.29165499229470215,0.10613592857140787,-0.3413756994415754,-1.0200900262400605
-0.49430579506744,0.017091492130208538,-0.07961016336253574,0.2915940119238728,0.10594654107125569,-0.3413756994415754,-1.0201381268647554
-0.49439710756766864,0.017271879630360795,-0.07924766336177319,0.29144111641461634,0.10623062232148418,-0.3413756994415754,-1.02028242873884
-0.4941231700669818,0.017271879630360795,-0.07952083211268862,0.29153303155304344,0.10594654107125569,-0.3413756994415754,-1.0203305293635347
-0.4941231700669818,0.017362073380437368,-0.07897535711108589,0.2917463146568854,0.10594654107125569,-0.34128121819180446,-1.020234328114145
-0.49439710756766864,0.017181685880284667,-0.07933785711184932,0.29144111641461634,0.10594654107125569,-0.34118673694203305,-1.0200900262400605
-0.49439710756766864,0.017362073380437368,-0.07915746961169662,0.2919908289164471,0.10660939732178944,-0.34080881194294876,-1.0200419256153657
-0.49439710756766864,0.017271879630360795,-0.07942977586238348,0.2918688681747884,0.10613592857140787,-0.34118673694203305,-1.02028242873884
-0.4944884200678977,0.017271879630360795,-0.0791566071114676,0.2917769530363611,0.10594654107125569,-0.34128121819180446,-1.0201862274894502
-0.49439710756766864,0.017181685880284667,-0.07906468836093344,0.2918989137780198,0.10623062232148418,-0.3410922556922621,-1.0200419256153657
-0.4942144825672109,0.017271879630360795,-0.0791566071114676,0.29196019053697164,0.10604123482133156,-0.3413756994415754,-1.0203305293635347
-0.4942144825672109,0.017181685880284667,-0.07906468836093344,0.2918989137780198,0.10594654107125569,-0.3410922556922621,-1.0200900262400605
-0.4942144825672109,0.017362073380437368,-0.07906641336139103,0.2917769530363611,0.10585184732117937,-0.3413756994415754,-1.02028242873884
-0.49439710756766864,0.017271879630360795,-0.07924766336177319,0.29162435391522645,0.10613592857140787,-0.34128121819180446,-1.0201381268647554
-0.49430579506744,0.017271879630360795,-0.0791566071114676,0.2917769530363611,0.10623062232148418,-0.34128121819180446,-1.0201381268647554
-0.49430579506744,0.017362073380437368,-0.07915746961169662,0.2917159726655315,0.10613592857140787,-0.3413756994415754,-1.0201381268647554
-0.49439710756766864,0.017271879630360795,-0.07897449461085732,0.2918989137780198,0.10623062232148418,-0.3410922556922621,-1.0200419256153657
-0.49430579506744,0.017271879630360795,-0.07924766336177319,0.29162435391522645,0.10613592857140787,-0.34118673694203305,-1.0203305293635347
-0.49403185756675316,0.017362073380437368,-0.07906641336139103,0.2915020967854459,0.10623062232148418,-0.34128121819180446,-1.0201862274894502
-0.4944884200678977,0.017271879630360795,-0.07924766336177319,0.2917159726655315,0.10642000982163681,-0.34118673694203305,-1.0200900262400605
-0.49403185756675316,0.017271879630360795,-0.0791566071114676,0.2915020967854459,0.10604123482133156,-0.34099777444249113,-1.0201381268647554
-0.49430579506744,0.017271879630360795,-0.07933871961207833,0.2915633735443971,0.10613592857140787,-0.3413756994415754,-1.020426730612924
-0.4941231700669818,0.017271879630360795,-0.07933871961207833,0.291380136043787,0.10613592857140787,-0.34118673694203305,-1.0201862274894502
-0.4942144825672109,0.017271879630360795,-0.07924766336177319,0.2917159726655315,0.10613592857140787,-0.3413756994415754,-1.020234328114145
-0.4942144825672109,0.017362073380437368,-0.07906641336139103,0.2917769530363611,0.10594654107125569,-0.34118673694203305,-1.020234328114145
-0.49430579506744,0.017181685880284667,-0.07915574461123859,0.292021170907801,0.10623062232148418,-0.3413756994415754,-1.0200419256153657
-0.4942144825672109,0.017271879630360795,-0.0791566071114676,0.29168533428605603,0.10613592857140787,-0.34118673694203305,-1.020234328114145
-0.4944884200678977,0.017091492130208538,-0.07942805086192545,0.2917159726655315,0.10623062232148418,-0.34099777444249113,-1.0200419256153657
-0.4941231700669818,0.017181685880284667,-0.07933785711184932,0.292048383606483,0.10613592857140787,-0.34099777444249113,-1.020234328114145
-0.49439710756766864,0.017362073380437368,-0.07924852586200176,0.2918041657350431,0.10613592857140787,-0.34099777444249113,-1.0201862274894502
-0.4942144825672109,0.017362073380437368,-0.07915746961169662,0.29168190860526233,0.10670409107186575,-0.3407143306931778,-1.0200900262400605
-0.49430579506744,0.017091492130208538,-0.07961016336253574,0.2915599478636036,0.10547307232087412,-0.3417536244406597,-1.0205710324870085
-0.4942144825672109,0.017001298380131966,-0.07951824461200202,0.29195676485617794,0.10642000982163681,-0.34080881194294876,-1.020234328114145
-0.4941231700669818,0.017181685880284667,-0.07924680086154373,0.29201774522700763,0.10594654107125569,-0.3410922556922621,-1.0201381268647554
-0.4942144825672109,0.017362073380437368,-0.0793395821123069,0.29174318536421373,0.10575715357110306,-0.34080881194294876,-1.020234328114145
-0.4942144825672109,0.017362073380437368,-0.07906641336139103,0.29201774522700763,0.10651470357171312,-0.3407143306931778,-1.019945724365976
-0.4942144825672109,0.017181685880284667,-0.0795199696124596,0.29201804161512934,0.10613592857140787,-0.34118673694203305,-1.020234328114145
-0.4942144825672109,0.017271879630360795,-0.07933871961207833,0.29198740323565364,0.10623062232148418,-0.34099777444249113,-1.0201862274894502
-0.49439710756766864,0.017181685880284667,-0.07924680086154373,0.2918345077263971,0.10594654107125569,-0.34118673694203305,-1.02028242873884
-0.4941231700669818,0.017091492130208538,-0.07961016336253574,0.29201804161512934,0.10613592857140787,-0.34080881194294876,-1.0201381268647554
-0.49403185756675316,0.017362073380437368,-0.07924852586200176,0.2918957844853486,0.10613592857140787,-0.3409032931927197,-1.0201862274894502
-0.4942144825672109,0.017181685880284667,-0.07942891336215446,0.2920790219859587,0.10604123482133156,-0.34099777444249113,-1.020234328114145
-0.49439710756766864,0.017271879630360795,-0.07933871961207833,0.2918957844853486,0.10613592857140787,-0.3410922556922621,-1.020234328114145
-0.49439710756766864,0.017091492130208538,-0.07933699461161986,0.29201774522700763,0.10642000982163681,-0.34080881194294876,-1.0199938249906708
-0.49439710756766864,0.017271879630360795,-0.0791566071114676,0.29201774522700763,0.10604123482133156,-0.3410922556922621,-1.0200900262400605
-0.4942144825672109,0.017271879630360795,-0.07933871961207833,0.2918041657350431,0.10613592857140787,-0.3409032931927197,-1.020234328114145
-0.49439710756766864,0.017001298380131966,-0.07960930086230716,0.2918041657350431,0.10660939732178944,-0.3406198494434064,-1.0200419256153657
-0.49430579506744,0.017091492130208538,-0.07951910711223059,0.2918041657350431,0.10594654107125569,-0.34118673694203305,-1.02028242873884
-0.49430579506744,0.017001298380131966,-0.07942718836169643,0.2921093639773127,0.10604123482133156,-0.34080881194294876,-1.0201381268647554
-0.4942144825672109,0.017091492130208538,-0.07951910711223059,0.2920790219859587,0.10623062232148418,-0.34099777444249113,-1.020234328114145
-0.49430579506744,0.017362073380437368,-0.0795216946129172,0.2918044621231656,0.1063253160715605,-0.34080881194294876,-1.020234328114145
-0.4944884200678977,0.017271879630360795,-0.07933871961207833,0.2918957844853486,0.10613592857140787,-0.3409032931927197,-1.020234328114145
-0.49430579506744,0.017271879630360795,-0.07924766336177319,0.29195676485617794,0.10604123482133156,-0.34080881194294876,-1.0200900262400605
-0.49403185756675316,0.017181685880284667,-0.07924680086154373,0.29192612647670213,0.10642000982163681,-0.3406198494434064,-1.0199938249906708
-0.4942144825672109,0.017001298380131966,-0.07951824461200202,0.29186514610587244,0.10613592857140787,-0.34099777444249113,-1.0201862274894502
-0.4941231700669818,0.017362073380437368,-0.07915746961169662,0.29186514610587244,0.10604123482133156,-0.3407143306931778,-1.0201862274894502
-0.4942144825672109,0.017271879630360795,-0.0791566071114676,0.2918345077263971,0.10604123482133156,-0.3410922556922621,-1.02028242873884
-0.4942144825672109,0.017271879630360795,-0.0791566071114676,0.29192612647670213,0.10623062232148418,-0.34080881194294876,-1.0201862274894502
-0.49439710756766864,0.017181685880284667,-0.07933785711184932,0.292048383606483,0.10585184732117937,-0.34080881194294876,-1.02028242873884
-0.4942144825672109,0.017271879630360795,-0.07897449461085732,0.29213970596866634,0.10613592857140787,-0.3406198494434064,-1.0200900262400605
-0.49439710756766864,0.017271879630360795,-0.07924766336177319,0.29195676485617794,0.10585184732117937,-0.34080881194294876,-1.0203786299882296
-0.4941231700669818,0.01712298363635954,-0.07951910711223059,0.2918957844853486,0.10613592857140787,-0.3406198494434064,-1.020234328114145
-0.4942144825672109,0.017213177386435668,-0.07933785711184932,0.292048383606483,0.10613592857140787,-0.34080881194294876,-1.0200900262400605
-0.4942144825672109,0.017483758636664497,-0.07906727586162049,0.29195676485617794,0.10660939732178944,-0.34033640569409307,-1.0198976237412811
-0.4942144825672109,0.017303371136511796,-0.07933871961207833,0.2918957844853486,0.10585184732117937,-0.3414701806913464,-1.02028242873884
-0.4944884200678977,0.017032789886282967,-0.07951824461200202,0.29168190860526233,0.10585184732117937,-0.3407143306931778,-1.0201862274894502
-0.49439710756766864,0.017483758636664497,-0.07915833211192563,0.29171254698473803,0.10585184732117937,-0.34080881194294876,-1.0201381268647554
-0.4941231700669818,0.01739356488658837,-0.07915746961169662,0.29186514610587244,0.1063253160715605,-0.3407143306931778,-1.0201862274894502
-0.49439710756766864,0.017303371136511796,-0.07933871961207833,0.29198740323565364,0.10613592857140787,-0.34052536819363544,-1.0201381268647554
-0.49439710756766864,0.01739356488658837,-0.07897535711108589,0.292078725597837,0.10594654107125569,-0.34099777444249113,-1.020234328114145
-0.4944884200678977,0.01757395238674107,-0.07906813836184906,0.2920790219859587,0.10566245982102675,-0.34080881194294876,-1.0203305293635347
-0.4942144825672109,0.017483758636664497,-0.0789762196113149,0.29192612647670213,0.10623062232148418,-0.34080881194294876,-1.0201862274894502
-0.4942144825672109,0.017483758636664497,-0.07915833211192563,0.2918957844853486,0.10613592857140787,-0.3407143306931778,-1.02028242873884
-0.4942144825672109,0.017303371136511796,-0.07952083211268862,0.2917738237436899,0.1063253160715605,-0.34080881194294876,-1.0201862274894502
-0.4942144825672109,0.01712298363635954,-0.07942805086192545,0.29195676485617794,0.10613592857140787,-0.34080881194294876,-1.0203786299882296
-0.4941231700669818,0.017483758636664497,-0.07915833211192563,0.29226225948656925,0.10585184732117937,-0.3410922556922621,-1.020234328114145
-0.4942144825672109,0.017213177386435668,-0.07942891336215446,0.2918957844853486,0.10594654107125569,-0.3407143306931778,-1.02028242873884
-0.49439710756766864,0.01739356488658837,-0.07924852586200176,0.29198740323565364,0.10585184732117937,-0.34099777444249113,-1.0203305293635347
-0.49439710756766864,0.01739356488658837,-0.0793395821123069,0.2921096603654344,0.10642000982163681,-0.34080881194294876,-1.0201862274894502
-0.49437233550763365,0.017303371136511796,-0.07933871961207833,0.2920790219859587,0.10604123482133156,-0.3407143306931778,-1.0203305293635347
-0.4941897105071759,0.017303371136511796,-0.07942977586238348,0.29183480411451923,0.10613592857140787,-0.3404308869438645,-1.0200900262400605
-0.49437233550763365,0.017303371136511796,-0.07933871961207833,0.29217064073626375,0.10594654107125569,-0.3406198494434064,-1.0200419256153657
-0.4941897105071759,0.01712298363635954,-0.07915488211100957,0.2922313247189714,0.10585184732117937,-0.3406198494434064,-1.0201862274894502
-0.4941897105071759,0.017213177386435668,-0.07933785711184932,0.292048383606483,0.1063253160715605,-0.3407143306931778,-1.0200900262400605
-0.49437233550763365,0.01739356488658837,-0.07924852586200176,0.29226225948656925,0.10651470357171312,-0.3404308869438645,-1.0201381268647554
-0.4940983980069468,0.017303371136511796,-0.07933871961207833,0.29198740323565364,0.10594654107125569,-0.3406198494434064,-1.020234328114145
-0.4940070855067182,0.01739356488658837,-0.07924852586200176,0.2918957844853486,0.10585184732117937,-0.3409032931927197,-1.0201862274894502
-0.4940070855067182,0.01712298363635954,-0.07942805086192545,0.29186514610587244,0.10604123482133156,-0.3406198494434064,-1.020234328114145
-0.49437233550763365,0.017303371136511796,-0.07924766336177319,0.292048383606483,0.10604123482133156,-0.3407143306931778,-1.0200900262400605
-0.4941897105071759,0.017303371136511796,-0.07924766336177319,0.292048383606483,0.10613592857140787,-0.34052536819363544,-1.0201862274894502
-0.494281023007405,0.017303371136511796,-0.07906555086116246,0.2925027552890931,0.10613592857140787,-0.34099777444249113,-1.0201862274894502
-0.4177666938178536,0.06945289353834219,0.008219009347773048,0.7741351822728028,0.5319589262090196,-0.2017587094152692,-0.6764132638658438
-0.41758406881739585,0.06954308728841876,0.008218146847544476,0.7737993456510578,0.5325270887094771,-0.2012863031664135,-0.6763170626164541
-0.4179493188183113,0.06963328103849489,0.008126228097009873,0.7738606224100093,0.5330005574598586,-0.20090837816732876,-0.6762208613670646
-0.4178580063180827,0.06936269978826606,0.008128815597696919,0.7742268010231083,0.5324323949594008,-0.20156974691572682,-0.6765575657399283
-0.4178580063180827,0.06945289353834219,0.008036896847162316,0.7739216027808387,0.5322430074592481,-0.2012863031664135,-0.6764613644905386
-0.4177666938178536,0.06954308728841876,0.00830920309784962,0.7741351822728028,0.5323377012093244,-0.2012863031664135,-0.6765575657399283
-0.4177666938178536,0.06927250603818993,0.007765453096704915,0.7738606224100093,0.532811169959706,-0.2008138969175578,-0.6762689619917595
-0.41758406881739585,0.06954308728841876,0.008036034346933745,0.7740438599106199,0.532053619959096,-0.20166422816549778,-0.6766056663646232
-0.4177666938178536,0.06936269978826606,0.0077645905964759,0.77379964203918,0.533095251209935,-0.2008138969175578,-0.6760765594929801
-0.4180406313185404,0.06927250603818993,0.00803862184762079,0.7740435635224977,0.5322430074592481,-0.20147526566595586,-0.6763651632411489
-0.4178580063180827,0.06963328103849489,0.008217284347315017,0.7740132215311437,0.5324323949594008,-0.2012863031664135,-0.6763651632411489
-0.4177666938178536,0.06945289353834219,0.008036896847162316,0.7740132215311437,0.5326217824595534,-0.20147526566595586,-0.6763651632411489
-0.4178580063180827,0.06954308728841876,0.00830920309784962,0.7738603260218871,0.5321483137091718,-0.20156974691572682,-0.676653766989318
-0.4180406313185404,0.06945289353834219,0.008219009347773048,0.7741351822728028,0.5327164762096297,-0.20119182191664253,-0.6763170626164541
-0.4179493188183113,0.06954308728841876,0.008218146847544476,0.7740742019019734,0.5326217824595534,-0.20147526566595586,-0.6763651632411489
-0.4179493188183113,0.06936269978826606,0.008128815597696919,0.7743184197734133,0.5326217824595534,-0.2012863031664135,-0.6765094651152335
-0.4178580063180827,0.06936269978826606,0.008037759347391775,0.7739825831516683,0.5325270887094771,-0.20147526566595586,-0.6764613644905386
-0.4177666938178536,0.06972347478857102,0.008398534347696733,0.7738909644013633,0.5322430074592481,-0.20156974691572682,-0.6764613644905386
-0.41767538131762494,0.06954308728841876,0.008127090597238889,0.7739216027808387,0.5325270887094771,-0.20147526566595586,-0.6762689619917595
-0.41767538131762494,0.06954308728841876,0.008400259348154764,0.7738296876424114,0.5325270887094771,-0.2012863031664135,-0.6763651632411489
-0.4178580063180827,0.06972347478857102,0.008489590598001877,0.7741351822728028,0.5326217824595534,-0.20147526566595586,-0.6763170626164541
-0.41758406881739585,0.06954308728841876,0.008218146847544476,0.7740742019019734,0.5325270887094771,-0.20147526566595586,-0.6763651632411489
-0.4177666938178536,0.06945289353834219,0.008127953097467904,0.7738909644013633,0.5323377012093244,-0.20147526566595586,-0.6763651632411489
-0.4178580063180827,0.06945289353834219,0.008310065598078191,0.7743794001442427,0.5321483137091718,-0.20156974691572682,-0.6765575657399283
-0.41758406881739585,0.06954308728841876,0.008218146847544476,0.7739825831516683,0.5330005574598586,-0.20071941566778684,-0.6760765594929801
-0.4177666938178536,0.06972347478857102,0.008307478097391146,0.7739216027808387,0.5323377012093244,-0.20166422816549778,-0.6764613644905386
-0.4178580063180827,0.06945289353834219,0.007854784346552028,0.77379964203918,0.5326217824595534,-0.20119182191664253,-0.6764132638658438
-0.41767538131762494,0.06936269978826606,0.0077645905964759,0.77379964203918,0.5325270887094771,-0.20156974691572682,-0.6765094651152335
-0.41758406881739585,0.06957457879456977,0.008400259348154764,0.7741045438933271,0.5325270887094771,-0.20185319066504015,-0.6763651632411489
-0.41758406881739585,0.06975496629472203,0.008398534347696733,0.774257439402584,0.5323377012093244,-0.20147526566595586,-0.6764613644905386
-0.4179493188183113,0.06930399754434094,0.0076743968463997714,0.773891260789485,0.5322430074592481,-0.20166422816549778,-0.6765094651152335
-0.4179493188183113,0.0696647725446459,0.008217284347315017,0.7738299840305336,0.5326217824595534,-0.20138078441618446,-0.6764132638658438
-0.4177666938178536,0.06939419129441707,0.0077645905964759,0.773891260789485,0.532811169959706,-0.20090837816732876,-0.6762208613670646
-0.4177666938178536,0.06957457879456977,0.008218146847544476,0.7740742019019734,0.5325270887094771,-0.20147526566595586,-0.6765094651152335
-0.4178580063180827,0.06975496629472203,0.008307478097391146,0.7740132215311437,0.5327164762096297,-0.2012863031664135,-0.6764132638658438
-0.41797409087834636,0.06957457879456977,0.008218146847544476,0.774349058152889,0.5325270887094771,-0.2012863031664135,-0.6763651632411489
-0.4177914658778886,0.06975496629472203,0.008398534347696733,0.7739825831516683,0.5322430074592481,-0.20147526566595586,-0.6764613644905386
-0.4177914658778886,0.06957457879456977,0.007944978096628601,0.7739828795397905,0.5325270887094771,-0.20109734066687113,-0.6763651632411489
-0.41770015337766,0.06957457879456977,0.008218146847544476,0.774257439402584,0.5326217824595534,-0.20147526566595586,-0.6765094651152335
-0.4178827783781177,0.06975496629472203,0.008398534347696733,0.774349058152889,0.5319589262090196,-0.20147526566595586,-0.6765575657399283
-0.4178827783781177,0.0694843850444932,0.008127953097467904,0.774257439402584,0.5325270887094771,-0.20109734066687113,-0.6763170626164541
-0.4177914658778886,0.0694843850444932,0.008036896847162316,0.7740132215311437,0.5325270887094771,-0.20138078441618446,-0.6764613644905386
-0.41797409087834636,0.0694843850444932,0.007854784346552028,0.7739828795397905,0.5322430074592481,-0.20166422816549778,-0.6765575657399283
-0.4178827783781177,0.06975496629472203,0.008489590598001877,0.7743184197734133,0.5324323949594008,-0.20119182191664253,-0.6764132638658438
-0.41806540337857545,0.0696647725446459,0.008126228097009873,0.7740438599106199,0.5325270887094771,-0.20109734066687113,-0.6763170626164541
-0.4177914658778886,0.06957457879456977,0.008036034346933745,0.7737690036597042,0.5324323949594008,-0.20147526566595586,-0.6764613644905386
-0.4178827783781177,0.06957457879456977,0.008036034346933745,0.7739522411603144,0.5327164762096297,-0.20109734066687113,-0.6763170626164541
-0.4177914658778886,0.06957457879456977,0.008036034346933745,0.7739522411603144,0.531769538708867,-0.20185319066504015,-0.6766056663646232
-0.41770015337766,0.06939419129441707,0.008037759347391775,0.7738909644013633,0.5329058637097823,-0.20100285941710017,-0.6762208613670646
-0.4178827783781177,0.06993535379487473,0.008487865597543847,0.7738299840305336,0.5322430074592481,-0.20166422816549778,-0.6765094651152335
-0.41770015337766,0.0696647725446459,0.008308340597620605,0.7741658206522789,0.5327164762096297,-0.20147526566595586,-0.6764132638658438
-0.4177914658778886,0.06939419129441707,0.007855646846781044,0.7739522411603144,0.5323377012093244,-0.2012863031664135,-0.6763651632411489
-0.4176088408774309,0.06975496629472203,0.008398534347696733,0.7740742019019734,0.5324323949594008,-0.20119182191664253,-0.6763170626164541
-0.4177914658778886,0.0696647725446459,0.008308340597620605,0.7739825831516683,0.5324323949594008,-0.2012863031664135,-0.6763170626164541
-0.4178827783781177,0.0696647725446459,0.008126228097009873,0.7740438599106199,0.5325270887094771,-0.2012863031664135,-0.6763651632411489
-0.4178827783781177,0.06957457879456977,0.007944978096628601,0.7739828795397905,0.5327164762096297,-0.2012863031664135,-0.6763170626164541
-0.41797409087834636,0.06975496629472203,0.008307478097391146,0.7741048402814492,0.532053619959096,-0.20147526566595586,-0.676653766989318
-0.41797409087834636,0.06975496629472203,0.008307478097391146,0.7741964590317543,0.5323377012093244,-0.20147526566595586,-0.6763170626164541
-0.41770015337766,0.0696647725446459,0.008490453098230892,0.7742877813939376,0.5324323949594008,-0.20138078441618446,-0.6764613644905386
-0.41797409087834636,0.0698451600447986,0.008488728097773306,0.7745322956534996,0.5323377012093244,-0.20138078441618446,-0.6763651632411489
-0.4176088408774309,0.0696647725446459,0.008217284347315017,0.7738299840305336,0.5327164762096297,-0.20100285941710017,-0.6762689619917595
-0.4178827783781177,0.06957457879456977,0.008218146847544476,0.774349058152889,0.5325270887094771,-0.20147526566595586,-0.6765575657399283
-0.4176088408774309,0.0696647725446459,0.008217284347315017,0.7740132215311437,0.532811169959706,-0.20109734066687113,-0.6762689619917595
-0.4178580063180827,0.0698451600447986,0.00857978434807845,0.7741927369628387,0.5327164762096297,-0.20138078441618446,-0.6764132638658438
-0.41758406881739585,0.06957457879456977,0.00830920309784962,0.7744675932137544,0.5325270887094771,-0.2012863031664135,-0.6763651632411489
-0.4177666938178536,0.0696647725446459,0.008399396847925749,0.7744675932137544,0.5326217824595534,-0.20119182191664253,-0.6763170626164541
-0.41758406881739585,0.06957457879456977,0.008218146847544476,0.774406612842925,0.532811169959706,-0.20071941566778684,-0.6762689619917595
-0.4178580063180827,0.0696647725446459,0.008399396847925749,0.7744675932137544,0.5322430074592481,-0.20166422816549778,-0.676653766989318
-0.41758406881739585,0.0696647725446459,0.008308340597620605,0.774406612842925,0.5325270887094771,-0.20138078441618446,-0.6762689619917595
-0.4178580063180827,0.06993535379487473,0.008487865597543847,0.7741623949714846,0.5326217824595534,-0.20138078441618446,-0.6764613644905386
-0.4177666938178536,0.06960607030072077,0.007944978096628601,0.7742236717304365,0.5323377012093244,-0.20119182191664253,-0.6763651632411489
-0.4179493188183113,0.0696962640507969,0.008217284347315017,0.7743456324720952,0.5326217824595534,-0.20138078441618446,-0.6764613644905386
-0.4177666938178536,0.06978645780087303,0.008489590598001877,0.7744675932137544,0.5330005574598586,-0.20100285941710017,-0.6760765594929801
-0.41767538131762494,0.06978645780087303,0.008216421847086002,0.7742846521012658,0.532811169959706,-0.20119182191664253,-0.6761727607423698
-0.4178580063180827,0.0696962640507969,0.00803517184670473,0.7744985279813521,0.5327164762096297,-0.2012863031664135,-0.6762689619917595
-0.4177666938178536,0.0696962640507969,0.008308340597620605,0.774406612842925,0.5324323949594008,-0.20147526566595586,-0.6764132638658438
-0.4179493188183113,0.06978645780087303,0.008216421847086002,0.7743762708515709,0.5319589262090196,-0.20138078441618446,-0.6765094651152335
-0.4178580063180827,0.06978645780087303,0.008216421847086002,0.7742846521012658,0.5325270887094771,-0.2012863031664135,-0.6764613644905386
-0.4177666938178536,0.06978645780087303,0.008489590598001877,0.7742843557131438,0.5325270887094771,-0.20119182191664253,-0.6763651632411489
-0.4179493188183113,0.0696962640507969,0.008399396847925749,0.7743759744634493,0.5330005574598586,-0.2008138969175578,-0.6760765594929801
-0.41767538131762494,0.0698766515509496,0.008488728097773306,0.7742233753423144,0.5325270887094771,-0.20138078441618446,-0.6764613644905386
-0.4177666938178536,0.06978645780087303,0.008216421847086002,0.7741930333509608,0.5324323949594008,-0.20147526566595586,-0.6762689619917595
-0.4177666938178536,0.06960607030072077,0.008218146847544476,0.77431499409262,0.5327164762096297,-0.20119182191664253,-0.6763170626164541
-0.4179493188183113,0.06942568280056807,0.007855646846781044,0.7742846521012658,0.5322430074592481,-0.2012863031664135,-0.6763170626164541
-0.4177666938178536,0.06960607030072077,0.008036034346933745,0.774467889601876,0.5323377012093244,-0.2012863031664135,-0.6762689619917595
-0.4179493188183113,0.0696962640507969,0.008217284347315017,0.7742540137217901,0.5326217824595534,-0.20138078441618446,-0.6763651632411489
-0.4177666938178536,0.0696962640507969,0.008308340597620605,0.7746814690938406,0.5326217824595534,-0.20109734066687113,-0.6762689619917595
-0.41758406881739585,0.06996684530102573,0.008761034348459722,0.7744369548342787,0.5330005574598586,-0.2008138969175578,-0.6760765594929801
-0.4180406313185404,0.06960607030072077,0.008218146847544476,0.7746814690938406,0.5322430074592481,-0.20147526566595586,-0.6765575657399283
-0.4179493188183113,0.06960607030072077,0.007944978096628601,0.7742236717304365,0.5322430074592481,-0.20109734066687113,-0.6763170626164541
-0.4178580063180827,0.0696962640507969,0.008308340597620605,0.7744982315932301,0.5326217824595534,-0.20138078441618446,-0.6763170626164541
-0.41758406881739585,0.0696962640507969,0.008581509348536036,0.7746811727057181,0.5325270887094771,-0.20147526566595586,-0.6765094651152335
-0.4178580063180827,0.06960607030072077,0.008127090597238889,0.7743456324720952,0.5326217824595534,-0.2012863031664135,-0.6763651632411489
-0.41758406881739585,0.06978645780087303,0.008489590598001877,0.7745592119640594,0.5327164762096297,-0.20119182191664253,-0.6762689619917595
-0.41767538131762494,0.0696962640507969,0.008308340597620605,0.774406612842925,0.5325270887094771,-0.20109734066687113,-0.6763170626164541
-0.4178580063180827,0.0696962640507969,0.008308340597620605,0.774406612842925,0.5327164762096297,-0.20109734066687113,-0.6764132638658438
-0.41758406881739585,0.06960607030072077,0.008218146847544476,0.7742233753423144,0.5326217824595534,-0.20119182191664253,-0.6765094651152335
-0.4179493188183113,0.06978645780087303,0.008125365596780858,0.7742236717304365,0.5326217824595534,-0.2012863031664135,-0.6765094651152335
-0.41758406881739585,0.06960607030072077,0.008036034346933745,0.7741930333509608,0.5324323949594008,-0.20119182191664253,-0.6764613644905386
-0.4178580063180827,0.06978645780087303,0.008307478097391146,0.7745288699727053,0.5324323949594008,-0.2012863031664135,-0.6762208613670646
-0.4179493188183113,0.0698766515509496,0.008670840598383594,0.7743453360839732,0.5326217824595534,-0.2012863031664135,-0.6762689619917595
-0.4178580063180827,0.0695158765506442,0.007945840596857172,0.7746511271024865,0.5326217824595534,-0.2012863031664135,-0.6764613644905386
-0.4178580063180827,0.0696962640507969,0.008399396847925749,0.7746508307143645,0.5326217824595534,-0.20119182191664253,-0.6763651632411489
-0.4180406313185404,0.0696962640507969,0.008217284347315017,0.7746204887230108,0.532811169959706,-0.2004359719184735,-0.6762689619917595
-0.4179493188183113,0.06960607030072077,0.008127090597238889,0.7745288699727053,0.5322430074592481,-0.20166422816549778,-0.6765575657399283
-0.4174927563171672,0.06978645780087303,0.008398534347696733,0.7744982315932301,0.5324323949594008,-0.2012863031664135,-0.6763170626164541
-0.41767538131762494,0.06960607030072077,0.008127090597238889,0.7745288699727053,0.5325270887094771,-0.2012863031664135,-0.6764613644905386
-0.41758406881739585,0.0696962640507969,0.008399396847925749,0.774834068214975,0.5323377012093244,-0.20090837816732876,-0.6763651632411489
-0.4179493188183113,0.06963756180687178,0.008127090597238889,0.7745288699727053,0.5329058637097823,-0.2012863031664135,-0.6764613644905386
-0.4177666938178536,0.06963756180687178,0.008127090597238889,0.7745288699727053,0.5327164762096297,-0.20090837816732876,-0.6763170626164541
-0.4174927563171672,0.06981794930702404,0.008307478097391146,0.7748037262236209,0.5325270887094771,-0.20119182191664253,-0.6764613644905386
-0.4177666938178536,0.0697277555569479,0.008308340597620605,0.7746814690938406,0.5327164762096297,-0.20109734066687113,-0.6763170626164541
-0.4179493188183113,0.06981794930702404,0.008307478097391146,0.7746204887230108,0.5323377012093244,-0.20147526566595586,-0.6763170626164541
-0.4178580063180827,0.06990814305710061,0.008306615597162574,0.7746511271024865,0.5323377012093244,-0.20166422816549778,-0.6763651632411489
-0.4179493188183113,0.0695473680567952,0.008127953097467904,0.7745898503435351,0.5323377012093244,-0.20147526566595586,-0.6763651632411489
-0.41758406881739585,0.06981794930702404,0.008125365596780858,0.7742236717304365,0.5323377012093244,-0.20138078441618446,-0.6764613644905386
-0.4177666938178536,0.06963756180687178,0.00830920309784962,0.7745592119640594,0.5325270887094771,-0.20109734066687113,-0.6763651632411489
-0.41767538131762494,0.06981794930702404,0.008489590598001877,0.7746508307143645,0.5324323949594008,-0.20119182191664253,-0.6764613644905386
-0.4177666938178536,0.0697277555569479,0.008308340597620605,0.7745898503435351,0.5327164762096297,-0.20100285941710017,-0.6763170626164541
-0.41767538131762494,0.0697277555569479,0.008399396847925749,0.7746508307143645,0.5327164762096297,-0.20138078441618446,-0.6763651632411489
-0.4177666938178536,0.06990814305710061,0.00857978434807845,0.7746508307143645,0.5326217824595534,-0.20109734066687113,-0.6764132638658438
-0.4178580063180827,0.06981794930702404,0.008216421847086002,0.7746511271024865,0.5326217824595534,-0.20119182191664253,-0.6764132638658438
-0.4178580063180827,0.0697277555569479,0.00803517184670473,0.7744985279813521,0.5327164762096297,-0.20100285941710017,-0.6762208613670646
-0.4179493188183113,0.06981794930702404,0.008216421847086002,0.7748343646030966,0.5323377012093244,-0.20138078441618446,-0.6763651632411489
-0.4177666938178536,0.0695473680567952,0.008127953097467904,0.774406612842925,0.5325270887094771,-0.20138078441618446,-0.6764613644905386
-0.4177666938178536,0.0697277555569479,0.008217284347315017,0.7746204887230108,0.5323377012093244,-0.20138078441618446,-0.6763651632411489
-0.41767538131762494,0.06990814305710061,0.008488728097773306,0.7747730878441457,0.5326217824595534,-0.20090837816732876,-0.6762208613670646
-0.4177666938178536,0.06990814305710061,0.008306615597162574,0.7746511271024865,0.5321483137091718,-0.2012863031664135,-0.6764613644905386
-0.4177666938178536,0.0697277555569479,0.007944115596399586,0.7745291663608278,0.5325270887094771,-0.20138078441618446,-0.6763651632411489
-0.4178580063180827,0.0697277555569479,0.00803517184670473,0.7742236717304365,0.5322430074592481,-0.20138078441618446,-0.6764132638658438
-0.41758406881739585,0.06981794930702404,0.008489590598001877,0.774834068214975,0.5322430074592481,-0.20109734066687113,-0.6763170626164541
-0.4177666938178536,0.06945717430671908,0.007946703097086187,0.7743456324720952,0.5323377012093244,-0.20138078441618446,-0.6765575657399283
-0.4178580063180827,0.0697277555569479,0.008308340597620605,0.7747730878441457,0.5325270887094771,-0.20090837816732876,-0.6763170626164541
-0.4178580063180827,0.0697277555569479,0.008126228097009873,0.7745595083521815,0.5326217824595534,-0.20109734066687113,-0.6764613644905386
-0.4177666938178536,0.06999833680717674,0.008487865597543847,0.7743456324720952,0.5326217824595534,-0.20119182191664253,-0.6763651632411489
-0.4177666938178536,0.06981794930702404,0.008216421847086002,0.7745595083521815,0.5324323949594008,-0.20109734066687113,-0.6764132638658438
-0.41758406881739585,0.06963756180687178,0.007944978096628601,0.7745901467316572,0.5327164762096297,-0.2012863031664135,-0.6763651632411489
-0.4178580063180827,0.0697277555569479,0.008308340597620605,0.7746814690938406,0.5323377012093244,-0.2012863031664135,-0.6764613644905386
-0.4178580063180827,0.06963756180687178,0.008218146847544476,0.7747730878441457,0.532053619959096,-0.2017587094152692,-0.6767018676140129
-0.4177666938178536,0.06963756180687178,0.008218146847544476,0.7745898503435351,0.5325270887094771,-0.20109734066687113,-0.6763651632411489
-0.41767538131762494,0.06945717430671908,0.008037759347391775,0.7744982315932301,0.5324323949594008,-0.20147526566595586,-0.6763651632411489
-0.41758406881739585,0.06981794930702404,0.008398534347696733,0.7748647065944507,0.5322430074592481,-0.2012863031664135,-0.6763651632411489
-0.4178580063180827,0.0697277555569479,0.008308340597620605,0.7749222612844866,0.5326217824595534,-0.2012863031664135,-0.6764613644905386
-0.4178580063180827,0.06981794930702404,0.008307478097391146,0.774861280913657,0.5326217824595534,-0.20119182191664253,-0.6763170626164541
-0.4178580063180827,0.06981794930702404,0.008216421847086002,0.7748003005428277,0.5326217824595534,-0.20119182191664253,-0.6763651632411489
-0.41758406881739585,0.06963756180687178,0.008036034346933745,0.7748003005428277,0.5324323949594008,-0.20119182191664253,-0.6763651632411489
-0.41758406881739585,0.06990814305710061,0.008306615597162574,0.7749835380434378,0.5323377012093244,-0.20109734066687113,-0.6764132638658438
-0.4178580063180827,0.0697277555569479,0.008126228097009873,0.7749835380434378,0.5323377012093244,-0.20119182191664253,-0.6764132638658438
-0.4177666938178536,0.06963756180687178,0.008127090597238889,0.7749528996639621,0.5325270887094771,-0.20119182191664253,-0.6763651632411489
-0.4180406313185404,0.0697277555569479,0.008308340597620605,0.7748306425341815,0.5326217824595534,-0.20138078441618446,-0.6764132638658438
-0.4177666938178536,0.06990814305710061,0.008488728097773306,0.7749222612844866,0.5327164762096297,-0.2012863031664135,-0.6764132638658438
-0.4178580063180827,0.06981794930702404,0.008307478097391146,0.774769662163352,0.5325270887094771,-0.2012863031664135,-0.6764132638658438
-0.41767538131762494,0.06981794930702404,0.008398534347696733,0.7751054987850967,0.5324323949594008,-0.20138078441618446,-0.6765094651152335
-0.4174927563171672,0.06981794930702404,0.008307478097391146,0.7745864246627414,0.5323377012093244,-0.20156974691572682,-0.6765575657399283
-0.41767538131762494,0.0697277555569479,0.008308340597620605,0.7748306425341815,0.5326217824595534,-0.2012863031664135,-0.6764613644905386
-0.4177666938178536,0.06981794930702404,0.008216421847086002,0.7748919192931327,0.5325270887094771,-0.20109734066687113,-0.6762689619917595
-0.41758406881739585,0.06990814305710061,0.008397671847467718,0.774769662163352,0.5323377012093244,-0.20138078441618446,-0.6764613644905386
-0.4174927563171672,0.06981794930702404,0.008307478097391146,0.7750445184142671,0.532053619959096,-0.2017587094152692,-0.676653766989318
-0.4179245467582764,0.06990814305710061,0.008306615597162574,0.7746170630422171,0.5327164762096297,-0.20109734066687113,-0.6763651632411489
-0.41765060925759,0.06990814305710061,0.008488728097773306,0.7748306425341815,0.5329058637097823,-0.20062493441801543,-0.6761727607423698
-0.4179245467582764,0.06990814305710061,0.008488728097773306,0.7749222612844866,0.5327164762096297,-0.20119182191664253,-0.6763170626164541
-0.4175592967573609,0.0697277555569479,0.008308340597620605,0.7748306425341815,0.5325270887094771,-0.20119182191664253,-0.6763651632411489
-0.4179245467582764,0.06990814305710061,0.008306615597162574,0.7748003005428277,0.5323377012093244,-0.2012863031664135,-0.6765094651152335
-0.41765060925759,0.06990814305710061,0.008488728097773306,0.7748306425341815,0.5325270887094771,-0.20138078441618446,-0.6763651632411489
-0.41765060925759,0.0697277555569479,0.008399396847925749,0.7748916229050109,0.5325270887094771,-0.2012863031664135,-0.6764613644905386
-0.41774192175781866,0.06990814305710061,0.00821555934685743,0.7749225576726084,0.5323377012093244,-0.2012863031664135,-0.6765094651152335
-0.4175592967573609,0.06981794930702404,0.008216421847086002,0.7749835380434378,0.5321483137091718,-0.20156974691572682,-0.6765094651152335
-0.4175592967573609,0.06981794930702404,0.008398534347696733,0.7749222612844866,0.5323377012093244,-0.20156974691572682,-0.6764132638658438
-0.41765060925759,0.06990814305710061,0.00821555934685743,0.7746477014216933,0.532053619959096,-0.20156974691572682,-0.6765094651152335
-0.41765060925759,0.06990814305710061,0.008397671847467718,0.774861280913657,0.5323377012093244,-0.20138078441618446,-0.676653766989318
-0.41774192175781866,0.0697277555569479,0.008308340597620605,0.7749222612844866,0.5327164762096297,-0.20147526566595586,-0.6763651632411489
-0.4179245467582764,0.0697277555569479,0.008217284347315017,0.774769662163352,0.5324323949594008,-0.2012863031664135,-0.6765094651152335
-0.41783323425804775,0.0697277555569479,0.008308340597620605,0.7751054987850967,0.5325270887094771,-0.20109734066687113,-0.6764613644905386
-0.41783323425804775,0.06981794930702404,0.008216421847086002,0.7749835380434378,0.5323377012093244,-0.2008138969175578,-0.6763651632411489
-0.41774192175781866,0.06990814305710061,0.008306615597162574,0.7748003005428277,0.5326217824595534,-0.2012863031664135,-0.6763651632411489
-0.41783323425804775,0.0697277555569479,0.008490453098230892,0.7750442220261453,0.5323377012093244,-0.20119182191664253,-0.6762208613670646
-0.4174679842571323,0.06981794930702404,0.008398534347696733,0.7750138800347917,0.5325270887094771,-0.20119182191664253,-0.6762689619917595
-0.41774192175781866,0.06981794930702404,0.008398534347696733,0.7748306425341815,0.5325270887094771,-0.20109734066687113,-0.6765094651152335
-0.4179245467582764,0.06990814305710061,0.00821555934685743,0.7750141764229139,0.5325270887094771,-0.20119182191664253,-0.6763170626164541
-0.4175592967573609,0.0697277555569479,0.008217284347315017,0.7746780434130465,0.5323377012093244,-0.20138078441618446,-0.6764613644905386
-0.41774192175781866,0.06945717430671908,0.008037759347391775,0.7749222612844866,0.5322430074592481,-0.20156974691572682,-0.6765575657399283
-0.41783323425804775,0.0697277555569479,0.008217284347315017,0.7751361371645726,0.5327164762096297,-0.20100285941710017,-0.6762208613670646
-0.4175592967573609,0.0697277555569479,0.008126228097009873,0.7748003005428277,0.5325270887094771,-0.20109734066687113,-0.6764132638658438
-0.41765060925759,0.06981794930702404,0.008216421847086002,0.7748919192931327,0.5325270887094771,-0.20109734066687113,-0.6765094651152335
-0.41774192175781866,0.07002982831332773,0.008761034348459722,0.7748609845255348,0.5326217824595534,-0.20119182191664253,-0.6763170626164541
-0.41774192175781866,0.06966905331302277,0.008127090597238889,0.774861280913657,0.5323377012093244,-0.20147526566595586,-0.6764132638658438
-0.41774192175781866,0.0697592470630989,0.00803517184670473,0.7747393201719983,0.533095251209935,-0.20053045316824447,-0.6761246601176749
-0.41783323425804775,0.0697592470630989,0.008308340597620605,0.7749222612844866,0.5325270887094771,-0.2012863031664135,-0.6763651632411489
-0.4175592967573609,0.0697592470630989,0.008126228097009873,0.7748919192931327,0.5323377012093244,-0.2012863031664135,-0.6763651632411489
-0.4175592967573609,0.0697592470630989,0.00803517184670473,0.7749225576726084,0.532053619959096,-0.20166422816549778,-0.6765094651152335
-0.41774192175781866,0.0699396345632516,0.008397671847467718,0.7749528996639621,0.5322430074592481,-0.20156974691572682,-0.6765094651152335
-0.4175592967573609,0.0699396345632516,0.008306615597162574,0.7748919192931327,0.5324323949594008,-0.20156974691572682,-0.6764613644905386
-0.4173766717569032,0.06984944081317503,0.008580646848307021,0.7751358407764504,0.5325270887094771,-0.2012863031664135,-0.6762689619917595
-0.41774192175781866,0.06966905331302277,0.008218146847544476,0.7749222612844866,0.533095251209935,-0.20071941566778684,-0.6762689619917595
-0.41774192175781866,0.0699396345632516,0.00821555934685743,0.7749225576726084,0.5322430074592481,-0.2012863031664135,-0.6765094651152335
-0.4175592967573609,0.0699396345632516,0.008488728097773306,0.7749222612844866,0.5325270887094771,-0.2012863031664135,-0.6764132638658438
-0.4175592967573609,0.0699396345632516,0.008397671847467718,0.774861280913657,0.5330005574598586,-0.2008138969175578,-0.6762208613670646
-0.41774192175781866,0.06966905331302277,0.008036034346933745,0.7748919192931327,0.5325270887094771,-0.20109734066687113,-0.6763651632411489
-0.41765060925759,0.0699396345632516,0.008397671847467718,0.774769662163352,0.5326217824595534,-0.20138078441618446,-0.6763651632411489
-0.41783323425804775,0.06984944081317503,0.008398534347696733,0.7751054987850967,0.5325270887094771,-0.2012863031664135,-0.6765094651152335
-0.41774192175781866,0.06984944081317503,0.008398534347696733,0.7752887362857073,0.5323377012093244,-0.20100285941710017,-0.6763170626164541
-0.4175592967573609,0.0697592470630989,0.008126228097009873,0.7749835380434378,0.5326217824595534,-0.20109734066687113,-0.6764613644905386
-0.4179245467582764,0.06984944081317503,0.008307478097391146,0.7750445184142671,0.5325270887094771,-0.20109734066687113,-0.6764132638658438
-0.41765060925759,0.0697592470630989,0.008126228097009873,0.7749835380434378,0.5325270887094771,-0.20109734066687113,-0.6763170626164541
-0.41774192175781866,0.06984944081317503,0.008489590598001877,0.774983241655316,0.5325270887094771,-0.2012863031664135,-0.6764613644905386
-0.41783323425804775,0.0697592470630989,0.008399396847925749,0.7751664791559261,0.5327164762096297,-0.2012863031664135,-0.6764613644905386
-0.4174679842571323,0.0699396345632516,0.008397671847467718,0.7749528996639621,0.5323377012093244,-0.2012863031664135,-0.6765094651152335
-0.41783323425804775,0.06984944081317503,0.008125365596780858,0.7749225576726084,0.533095251209935,-0.20053045316824447,-0.6759803582435904
-0.41783323425804775,0.0697592470630989,0.007853059346094442,0.7747089781806447,0.5327164762096297,-0.20119182191664253,-0.6762689619917595
-0.4175592967573609,0.0699396345632516,0.008397671847467718,0.774861280913657,0.5326217824595534,-0.20100285941710017,-0.6764132638658438
-0.4175592967573609,0.0701200220634043,0.00857805934762042,0.774769662163352,0.5324323949594008,-0.20109734066687113,-0.6763651632411489
-0.41783323425804775,0.0699396345632516,0.008488728097773306,0.7751054987850967,0.5327164762096297,-0.20109734066687113,-0.6763651632411489
-0.4175592967573609,0.0699396345632516,0.008306615597162574,0.7749835380434378,0.5323377012093244,-0.20138078441618446,-0.6764613644905386
-0.41765060925759,0.06984944081317503,0.008307478097391146,0.774861280913657,0.5325270887094771,-0.2012863031664135,-0.6764132638658438
-0.41765060925759,0.0699396345632516,0.008306615597162574,0.7749835380434378,0.5327164762096297,-0.20109734066687113,-0.6762689619917595
-0.41783323425804775,0.0695788595629462,0.008036896847162316,0.7751361371645726,0.5327164762096297,-0.20119182191664253,-0.6762208613670646
-0.41774192175781866,0.0697592470630989,0.00803517184670473,0.7749225576726084,0.5323377012093244,-0.2012863031664135,-0.6764613644905386
-0.41765060925759,0.0699396345632516,0.00821555934685743,0.7747393201719983,0.5324323949594008,-0.20109734066687113,-0.6764132638658438
-0.41774192175781866,0.06984944081317503,0.008216421847086002,0.7751667755440483,0.5327164762096297,-0.20119182191664253,-0.6764132638658438
-0.41783323425804775,0.0697592470630989,0.008126228097009873,0.7749835380434378,0.532811169959706,-0.20090837816732876,-0.6761727607423698
-0.4175592967573609,0.06984944081317503,0.008125365596780858,0.7749225576726084,0.5325270887094771,-0.20119182191664253,-0.6763170626164541
-0.4174679842571323,0.06984944081317503,0.008307478097391146,0.7752277559148777,0.5326217824595534,-0.20090837816732876,-0.6764613644905386
-0.41765060925759,0.0699396345632516,0.008397671847467718,0.7749528996639621,0.5325270887094771,-0.2012863031664135,-0.6764132638658438
-0.41783323425804775,0.06984944081317503,0.008307478097391146,0.7751361371645726,0.5327164762096297,-0.20090837816732876,-0.6762689619917595
-0.41774192175781866,0.06966905331302277,0.008036034346933745,0.7748919192931327,0.5323377012093244,-0.20109734066687113,-0.6764132638658438
-0.4179245467582764,0.0699396345632516,0.008306615597162574,0.7748003005428277,0.5325270887094771,-0.20090837816732876,-0.6764613644905386
-0.4175592967573609,0.06966905331302277,0.008218146847544476,0.7751054987850967,0.5322430074592481,-0.2012863031664135,-0.6764132638658438
-0.4174679842571323,0.0697592470630989,0.008217284347315017,0.7750445184142671,0.5326217824595534,-0.20100285941710017,-0.6763170626164541
-0.4179245467582764,0.07002982831332773,0.008669978098154578,0.774983241655316,0.5326217824595534,-0.20119182191664253,-0.6763651632411489
-0.4173766717569032,0.06984944081317503,0.008125365596780858,0.7749225576726084,0.5331899449600113,-0.20062493441801543,-0.6761246601176749
-0.41783323425804775,0.06966905331302277,0.008127090597238889,0.7753193746651827,0.532811169959706,-0.2008138969175578,-0.6762689619917595
-0.41783323425804775,0.07002982831332773,0.008487865597543847,0.7752277559148777,0.5325270887094771,-0.20119182191664253,-0.6763651632411489
-0.41765060925759,0.0699396345632516,0.008397671847467718,0.7750445184142671,0.5327164762096297,-0.20100285941710017,-0.6764132638658438
-0.41783323425804775,0.0697592470630989,0.008308340597620605,0.7751971175354022,0.5327164762096297,-0.2008138969175578,-0.6764132638658438
-0.41774192175781866,0.06984944081317503,0.008125365596780858,0.7751633498632549,0.5326217824595534,-0.20119182191664253,-0.6763651632411489
-0.4175592967573609,0.06966905331302277,0.00767180934571317,0.7749804087507668,0.5325270887094771,-0.20119182191664253,-0.6764132638658438
-0.41783323425804775,0.06984944081317503,0.008216421847086002,0.7750410927334737,0.5327164762096297,-0.20090837816732876,-0.6763651632411489
-0.41783323425804775,0.06984944081317503,0.008307478097391146,0.775102073104303,0.5324323949594008,-0.20138078441618446,-0.6763651632411489
-0.4175592967573609,0.06984944081317503,0.008398534347696733,0.7751630534751327,0.5323377012093244,-0.20138078441618446,-0.6763651632411489
-0.41783323425804775,0.07002982831332773,0.00830575309693356,0.7750717311129494,0.5327164762096297,-0.2012863031664135,-0.6764613644905386
-0.41774192175781866,0.0697592470630989,0.00803517184670473,0.7749801123626443,0.5326217824595534,-0.2008138969175578,-0.6762689619917595
-0.4174679842571323,0.07002982831332773,0.008487865597543847,0.7752853106049136,0.5326217824595534,-0.20119182191664253,-0.6763651632411489
-0.41783323425804775,0.0697592470630989,0.008308340597620605,0.7752546722254378,0.5330005574598586,-0.2008138969175578,-0.6761727607423698
-0.41774192175781866,0.0699396345632516,0.008306615597162574,0.7752243302340842,0.5330005574598586,-0.20109734066687113,-0.6762689619917595
-0.41765060925759,0.0697592470630989,0.00803517184670473,0.7749801123626443,0.5324323949594008,-0.20119182191664253,-0.6763170626164541
-0.41765060925759,0.06966905331302277,0.008127090597238889,0.7753769293552186,0.5318642324589433,-0.20166422816549778,-0.6767980688634023
-0.41774192175781866,0.07002982831332773,0.008578921847849435,0.7752546722254378,0.5323377012093244,-0.2012863031664135,-0.6764613644905386
-0.4174679842571323,0.0697592470630989,0.008126228097009873,0.7751327114837787,0.532053619959096,-0.20138078441618446,-0.6763651632411489
-0.41765060925759,0.06984944081317503,0.008216421847086002,0.7752243302340842,0.5323377012093244,-0.20109734066687113,-0.6763170626164541
-0.4174679842571323,0.06984944081317503,0.008489590598001877,0.7753156525962671,0.5323377012093244,-0.20109734066687113,-0.6763651632411489
-0.33853576530276674,0.12171982042802329,0.09556462705880639,1.2485601864171842,0.9579713113467835,-0.07032986842936456,-0.3241215896435371
-0.33853576530276674,0.12181001417809942,0.09556376455857737,1.248499206046355,0.9581606988469357,-0.07032986842936456,-0.32416969026823195
-0.338353140302309,0.12171982042802329,0.09556462705880639,1.2486518051674893,0.9578766175967072,-0.07042434967913552,-0.3242177908929268
-0.33853576530276674,0.12162962667794716,0.0955654895590354,1.2485295480377085,0.9579713113467835,-0.07051883092890693,-0.3244582940164008
-0.33853576530276674,0.12162962667794716,0.0955654895590354,1.2489876417892343,0.9580660050968598,-0.07051883092890693,-0.3242177908929268
-0.338353140302309,0.12171982042802329,0.09547357080850125,1.2483159685457448,0.9581606988469357,-0.0701409059298222,-0.3242177908929268
-0.33853576530276674,0.12171982042802329,0.09556462705880639,1.2483769489165741,0.9580660050968598,-0.0702353871795936,-0.3243139921423165
-0.3387183903032245,0.12181001417809942,0.09556376455857737,1.2483159685457448,0.9580660050968598,-0.0701409059298222,-0.3241215896435371
-0.338353140302309,0.12171982042802329,0.09565568330911153,1.2486211667880136,0.9580660050968598,-0.07070779342844885,-0.32441019339170596
-0.33853576530276674,0.12153943292787059,0.09538423955865369,1.2486518051674893,0.9576872300965545,-0.0702353871795936,-0.32426589151762164
-0.3384444528025381,0.12162962667794716,0.09538337705842512,1.248499206046355,0.9578766175967072,-0.07032986842936456,-0.3242177908929268
-0.33853576530276674,0.12181001417809942,0.09556376455857737,1.248499206046355,0.9579713113467835,-0.07042434967913552,-0.3243139921423165
-0.33862707780299584,0.12162962667794716,0.09529232080811997,1.2487130819264411,0.9577819238466309,-0.0701409059298222,-0.3242177908929268
-0.33862707780299584,0.12181001417809942,0.09538165205796664,1.2483772453046957,0.9579713113467835,-0.0701409059298222,-0.3242177908929268
-0.3384444528025381,0.12153943292787059,0.09538423955865369,1.2488350426680999,0.9580660050968598,-0.0701409059298222,-0.32416969026823195
-0.338469224862573,0.12162962667794716,0.09538337705842512,1.2489572997978806,0.9581606988469357,-0.0701409059298222,-0.32416969026823195
-0.3385605373628017,0.12181001417809942,0.09538165205796664,1.2483772453046957,0.9580660050968598,-0.07004642468005123,-0.3242177908929268
-0.33837791236234394,0.12162962667794716,0.09529232080811997,1.2482549881749154,0.9581606988469357,-0.07032986842936456,-0.32426589151762164
-0.33865184986303076,0.12162962667794716,0.09538337705842512,1.24859082479666,0.9583500863470883,-0.07004642468005123,-0.3243139921423165
-0.338469224862573,0.12171982042802329,0.09556462705880639,1.2487434239177948,0.9580660050968598,-0.07032986842936456,-0.32416969026823195
-0.3385605373628017,0.12190020792817599,0.09574501455895909,1.2485601864171842,0.9581606988469357,-0.06995194343027983,-0.32426589151762164
-0.3385605373628017,0.12153943292787059,0.0952021270580434,1.2488963194270513,0.958255392597012,-0.07004642468005123,-0.32426589151762164
-0.33865184986303076,0.12171982042802329,0.09529145830789051,1.2485604828053063,0.9581606988469357,-0.07004642468005123,-0.3240253883941474
-0.338469224862573,0.12171982042802329,0.09547357080850125,1.248499206046355,0.9580660050968598,-0.0701409059298222,-0.3241215896435371
-0.3385605373628017,0.1215709244340216,0.09538423955865369,1.2488350426680999,0.9579713113467835,-0.07051883092890693,-0.32441019339170596
-0.3385605373628017,0.12148073068394546,0.09520298955827242,1.2487740622972705,0.9580660050968598,-0.07051883092890693,-0.32436209276701133
-0.3385605373628017,0.1217513119341743,0.09547357080850125,1.2486824435469654,0.9576872300965545,-0.07051883092890693,-0.32436209276701133
-0.338469224862573,0.12166111818409817,0.09520126455781439,1.2483772453046957,0.9580660050968598,-0.07032986842936456,-0.3242177908929268
-0.33837791236234394,0.12166111818409817,0.09529232080811997,1.248621463176136,0.9580660050968598,-0.07032986842936456,-0.3242177908929268
-0.33837791236234394,0.1217513119341743,0.09529145830789051,1.2484113093649654,0.9583500863470883,-0.07032986842936456,-0.32426589151762164
-0.3381952873618862,0.121931699434327,0.09574501455895909,1.2486858692277587,0.9580660050968598,-0.07004642468005123,-0.32416969026823195
-0.3385605373628017,0.12184150568425042,0.09556376455857737,1.2485332701066243,0.958255392597012,-0.0701409059298222,-0.32416969026823195
-0.338469224862573,0.1217513119341743,0.09529145830789051,1.2485029281152704,0.9580660050968598,-0.06995194343027983,-0.3240253883941474
-0.33865184986303076,0.1215709244340216,0.09529318330834854,1.2486248888569293,0.9580660050968598,-0.0701409059298222,-0.32436209276701133
-0.33837791236234394,0.121931699434327,0.0955629020583488,1.2483806709854894,0.9583500863470883,-0.0701409059298222,-0.3242177908929268
-0.33837791236234394,0.12184150568425042,0.09547270830827223,1.24874714598671,0.958255392597012,-0.07004642468005123,-0.32416969026823195
-0.33865184986303076,0.12184150568425042,0.09547270830827223,1.248655527236405,0.9581606988469357,-0.0701409059298222,-0.32426589151762164
-0.3385605373628017,0.121931699434327,0.0955629020583488,1.2482890522351844,0.9579713113467835,-0.07004642468005123,-0.3242177908929268
-0.3382865998621153,0.12184150568425042,0.09547270830827223,1.2485639084861,0.9578766175967072,-0.07032986842936456,-0.3244582940164008
-0.338469224862573,0.1215709244340216,0.09511107080773781,1.2484113093649654,0.9580660050968598,-0.0701409059298222,-0.3243139921423165
-0.338469224862573,0.1217513119341743,0.09529145830789051,1.248777784366186,0.9581606988469357,-0.0701409059298222,-0.32416969026823195
-0.3385605373628017,0.1215709244340216,0.09502001455743267,1.248441947744441,0.9581606988469357,-0.06995194343027983,-0.32416969026823195
-0.33865184986303076,0.121931699434327,0.09547184580804322,1.2485029281152704,0.9580660050968598,-0.07004642468005123,-0.32436209276701133
-0.33837791236234394,0.1217513119341743,0.0953825145581961,1.2483806709854894,0.9581606988469357,-0.0701409059298222,-0.3243139921423165
-0.3385605373628017,0.121931699434327,0.09565395830865395,1.2488081263575395,0.9584447800971646,-0.07004642468005123,-0.3242177908929268
-0.3385605373628017,0.12166111818409817,0.09520126455781439,1.2486861656158805,0.9580660050968598,-0.0702353871795936,-0.32416969026823195
-0.338469224862573,0.121931699434327,0.09574501455895909,1.2487774879780638,0.9581606988469357,-0.07004642468005123,-0.32416969026823195
-0.3385605373628017,0.1217513119341743,0.0953825145581961,1.248655527236405,0.9585394738472409,-0.0697629809307379,-0.32397728776945256
-0.3381952873618862,0.1215709244340216,0.09529318330834854,1.248899745107845,0.9584447800971646,-0.0697629809307379,-0.3240253883941474
-0.3385605373628017,0.12184150568425042,0.09547270830827223,1.24874714598671,0.9588235550974699,-0.06938505593165317,-0.3238810865200631
-0.33837791236234394,0.121931699434327,0.09547184580804322,1.2486861656158805,0.9581606988469357,-0.0701409059298222,-0.3241215896435371
-0.3385605373628017,0.12166111818409817,0.09529232080811997,1.248655527236405,0.958255392597012,-0.0701409059298222,-0.32416969026823195
-0.3385605373628017,0.12184150568425042,0.09538165205796664,1.2485029281152704,0.958255392597012,-0.06995194343027983,-0.32416969026823195
-0.33837791236234394,0.12184150568425042,0.09547270830827223,1.24874714598671,0.9578766175967072,-0.0701409059298222,-0.32426589151762164
-0.33837791236234394,0.12184150568425042,0.09565482080888252,1.2485942504774536,0.9580660050968598,-0.06995194343027983,-0.32416969026823195
-0.3382865998621153,0.1217513119341743,0.09520040205758537,1.248350328994136,0.9580660050968598,-0.0701409059298222,-0.32426589151762164
-0.33837791236234394,0.12166111818409817,0.09520126455781439,1.2486861656158805,0.9580660050968598,-0.06985746218050887,-0.32426589151762164
-0.3385605373628017,0.12166111818409817,0.09547443330873026,1.2487774879780638,0.9580660050968598,-0.07004642468005123,-0.32426589151762164
-0.3382865998621153,0.12184150568425042,0.0952905958076615,1.2486251852450512,0.9583500863470883,-0.0701409059298222,-0.32416969026823195
-0.3385605373628017,0.121931699434327,0.09574501455895909,1.2487774879780638,0.9583500863470883,-0.06985746218050887,-0.32407348901884225
-0.338469224862573,0.12184150568425042,0.09547270830827223,1.248655527236405,0.9580660050968598,-0.06995194343027983,-0.32416969026823195
-0.3385605373628017,0.12184150568425042,0.0952905958076615,1.2489575961860027,0.958255392597012,-0.06995194343027983,-0.3243139921423165
-0.3382865998621153,0.1217513119341743,0.0953825145581961,1.2488047006767462,0.9579713113467835,-0.0702353871795936,-0.32436209276701133
-0.33837791236234394,0.12130034318379276,0.09511365830842486,1.24901828016871,0.9577819238466309,-0.07032986842936456,-0.32436209276701133
-0.3385605373628017,0.12166111818409817,0.09520126455781439,1.248926957806527,0.9579713113467835,-0.0701409059298222,-0.3243139921423165
-0.33837791236234394,0.12148073068394546,0.09502087705766168,1.2485604828053063,0.9579713113467835,-0.0701409059298222,-0.32441019339170596
-0.33837791236234394,0.12184150568425042,0.09556376455857737,1.2489572997978806,0.9579713113467835,-0.0701409059298222,-0.3243139921423165
-0.33865184986303076,0.1217513119341743,0.09510934580728023,1.2488049970648682,0.9581606988469357,-0.07032986842936456,-0.32416969026823195
-0.33837791236234394,0.121931699434327,0.09547184580804322,1.248926957806527,0.9580660050968598,-0.07004642468005123,-0.32436209276701133
-0.338469224862573,0.121963190940478,0.0955629020583488,1.2488047006767462,0.9579713113467835,-0.07004642468005123,-0.3243139921423165
-0.33837791236234394,0.1217828034403253,0.09547357080850125,1.2489572997978806,0.9580660050968598,-0.06995194343027983,-0.32426589151762164
-0.338469224862573,0.12187299719040143,0.09556376455857737,1.2488656810475756,0.9578766175967072,-0.06995194343027983,-0.32426589151762164
-0.3385605373628017,0.1216024159401726,0.09538423955865369,1.248926661418405,0.958255392597012,-0.07004642468005123,-0.3242177908929268
-0.3385605373628017,0.121963190940478,0.09547184580804322,1.2486521015556113,0.958255392597012,-0.0696684996809665,-0.3240253883941474
-0.3385605373628017,0.1217828034403253,0.0953825145581961,1.2488047006767462,0.9586341675973172,-0.06957401843119554,-0.3240253883941474
-0.33837791236234394,0.1217828034403253,0.09520040205758537,1.248774358685392,0.9584447800971646,-0.0696684996809665,-0.32407348901884225
-0.3385605373628017,0.12169260969024917,0.09520126455781439,1.2487437203059164,0.9580660050968598,-0.0697629809307379,-0.3242177908929268
-0.33837791236234394,0.1217828034403253,0.09529145830789051,1.2488353390562215,0.9580660050968598,-0.06995194343027983,-0.32426589151762164
-0.338469224862573,0.12187299719040143,0.09565482080888252,1.248926661418405,0.9580660050968598,-0.0697629809307379,-0.32416969026823195
-0.33826182780208036,0.1217828034403253,0.0953825145581961,1.2489879381773568,0.9581606988469357,-0.0697629809307379,-0.32416969026823195
-0.33853576530276674,0.12169260969024917,0.09520126455781439,1.2488353390562215,0.9584447800971646,-0.0696684996809665,-0.3240253883941474
-0.338353140302309,0.1217828034403253,0.0953825145581961,1.2489879381773568,0.958255392597012,-0.06995194343027983,-0.3242177908929268
-0.338353140302309,0.121963190940478,0.0955629020583488,1.2487130819264411,0.9580660050968598,-0.06995194343027983,-0.32426589151762164
-0.3384444528025381,0.1217828034403253,0.0953825145581961,1.2489879381773568,0.9579713113467835,-0.0701409059298222,-0.3244582940164008
-0.33826182780208036,0.1217828034403253,0.09547357080850125,1.2489572997978806,0.9580660050968598,-0.06985746218050887,-0.32416969026823195
-0.33817051530185127,0.1217828034403253,0.09529145830789051,1.249018576556832,0.9581606988469357,-0.07004642468005123,-0.3242177908929268
-0.33853576530276674,0.12187299719040143,0.09547270830827223,1.2487130819264411,0.9580660050968598,-0.0697629809307379,-0.3242177908929268
-0.33853576530276674,0.12169260969024917,0.09529232080811997,1.2489879381773568,0.9581606988469357,-0.0697629809307379,-0.3242177908929268
-0.3384444528025381,0.1216024159401726,0.0952021270580434,1.2490795569276618,0.9581606988469357,-0.0697629809307379,-0.32426589151762164
-0.33853576530276674,0.1216024159401726,0.09538423955865369,1.248926661418405,0.9580660050968598,-0.0697629809307379,-0.3241215896435371
-0.33853576530276674,0.12187299719040143,0.09538165205796664,1.2488353390562215,0.9583500863470883,-0.06985746218050887,-0.3241215896435371
-0.3384444528025381,0.121963190940478,0.0955629020583488,1.2488963194270513,0.9581606988469357,-0.06985746218050887,-0.3243139921423165
-0.33853576530276674,0.1217828034403253,0.09556462705880639,1.248926661418405,0.9580660050968598,-0.0697629809307379,-0.32416969026823195
-0.33853576530276674,0.12205338469055413,0.09556203955811934,1.248926957806527,0.9580660050968598,-0.06995194343027983,-0.32426589151762164
-0.33826182780208036,0.12151222219009647,0.09492982080735654,1.2488659774356976,0.9580660050968598,-0.06995194343027983,-0.32426589151762164
-0.3384444528025381,0.1217828034403253,0.09529145830789051,1.249018576556832,0.9584447800971646,-0.0696684996809665,-0.32416969026823195
-0.33853576530276674,0.12205338469055413,0.09556203955811934,1.248926957806527,0.9587288613473935,-0.06938505593165317,-0.3241215896435371
-0.33817051530185127,0.1217828034403253,0.0953825145581961,1.2488963194270513,0.9581606988469357,-0.06995194343027983,-0.32416969026823195
-0.338353140302309,0.12169260969024917,0.09538337705842512,1.2490489185481861,0.9580660050968598,-0.0696684996809665,-0.32416969026823195
-0.338353140302309,0.1216024159401726,0.09511107080773781,1.249018576556832,0.9580660050968598,-0.06995194343027983,-0.3242177908929268
-0.338353140302309,0.12187299719040143,0.09538165205796664,1.248926957806527,0.9581606988469357,-0.0697629809307379,-0.32416969026823195
-0.33826182780208036,0.121963190940478,0.09547184580804322,1.2487437203059164,0.958255392597012,-0.06985746218050887,-0.3242177908929268
-0.33826182780208036,0.1216024159401726,0.09502001455743267,1.2490492149363077,0.9581606988469357,-0.0697629809307379,-0.3242177908929268
-0.3384444528025381,0.12169260969024917,0.09520126455781439,1.249018576556832,0.9580660050968598,-0.0696684996809665,-0.3243139921423165
-0.338353140302309,0.12187299719040143,0.09547270830827223,1.2487130819264411,0.9583500863470883,-0.07004642468005123,-0.32416969026823195
-0.33826182780208036,0.1217828034403253,0.09520040205758537,1.2488659774356976,0.9583500863470883,-0.06938505593165317,-0.3242177908929268
-0.338353140302309,0.121963190940478,0.09547184580804322,1.249110195307137,0.9583500863470883,-0.06957401843119554,-0.3242177908929268
-0.338353140302309,0.12187299719040143,0.09538165205796664,1.248926957806527,0.9581606988469357,-0.0696684996809665,-0.32416969026823195
-0.33862707780299584,0.1217828034403253,0.09520040205758537,1.2490492149363077,0.958255392597012,-0.0696684996809665,-0.32426589151762164
-0.33826182780208036,0.1217828034403253,0.0953825145581961,1.2489879381773568,0.958255392597012,-0.06957401843119554,-0.32436209276701133
-0.338353140302309,0.12187299719040143,0.09538165205796664,1.248926957806527,0.9583500863470883,-0.06938505593165317,-0.32416969026823195
-0.338353140302309,0.1217828034403253,0.09547357080850125,1.2489572997978806,0.9583500863470883,-0.06957401843119554,-0.3242177908929268
-0.338353140302309,0.12187299719040143,0.09547270830827223,1.2489538741170871,0.9581606988469357,-0.0696684996809665,-0.32416969026823195
-0.33862707780299584,0.1217828034403253,0.09520040205758537,1.2490151508760388,0.9580660050968598,-0.0697629809307379,-0.32436209276701133
-0.338353140302309,0.1217828034403253,0.09547357080850125,1.249198091988527,0.9576872300965545,-0.0701409059298222,-0.32441019339170596
-0.33826182780208036,0.1217828034403253,0.0953825145581961,1.2490454928673922,0.9579713113467835,-0.0701409059298222,-0.32450639464109565
-0.33826182780208036,0.12187299719040143,0.09547270830827223,1.2491371116176977,0.9584447800971646,-0.0696684996809665,-0.32416969026823195
-0.33862707780299584,0.12169260969024917,0.09511020830750924,1.2490151508760388,0.9583500863470883,-0.06938505593165317,-0.32407348901884225
-0.33853576530276674,0.12187299719040143,0.09538165205796664,1.2488928937462576,0.9580660050968598,-0.06938505593165317,-0.32426589151762164
-0.3384444528025381,0.12169260969024917,0.09529232080811997,1.2491371116176977,0.958255392597012,-0.06957401843119554,-0.3242177908929268
-0.338353140302309,0.1217828034403253,0.09520040205758537,1.2491983883766489,0.9584447800971646,-0.06938505593165317,-0.32407348901884225
-0.33862707780299584,0.12169260969024917,0.0950191520572041,1.2491374080058195,0.9586341675973172,-0.06910161218233984,-0.32392918714475794
-0.33862707780299584,0.1217828034403253,0.09529145830789051,1.2490761312468681,0.9583500863470883,-0.06929057468188221,-0.32416969026823195
-0.338353140302309,0.1216024159401726,0.09511107080773781,1.2489845124965626,0.9580660050968598,-0.06929057468188221,-0.32426589151762164
-0.3384444528025381,0.1217828034403253,0.0953825145581961,1.2489538741170871,0.9581606988469357,-0.06957401843119554,-0.3242177908929268
-0.338353140302309,0.12187299719040143,0.09556376455857737,1.249289710738832,0.9583500863470883,-0.06929057468188221,-0.3242177908929268
-0.338353140302309,0.12205338469055413,0.09565309580842493,1.2495035866189184,0.9584447800971646,-0.06947953718142458,-0.32407348901884225
-0.33853576530276674,0.1217828034403253,0.0953825145581961,1.2493203491183078,0.9583500863470883,-0.06938505593165317,-0.3242177908929268
-0.33853576530276674,0.12187299719040143,0.09538165205796664,1.2492593687474782,0.9580660050968598,-0.0696684996809665,-0.32416969026823195
-0.33862707780299584,0.1216024159401726,0.09483790205682238,1.2492596651356007,0.958255392597012,-0.06957401843119554,-0.3242177908929268
-0.3384444528025381,0.12187299719040143,0.09556376455857737,1.2493813294891372,0.9578766175967072,-0.06985746218050887,-0.32436209276701133
-0.338353140302309,0.12187299719040143,0.09547270830827223,1.2491371116176977,0.958255392597012,-0.06957401843119554,-0.3242177908929268
-0.33853576530276674,0.12169260969024917,0.09538337705842512,1.2495645669897477,0.9584447800971646,-0.06957401843119554,-0.3242177908929268
-0.33853576530276674,0.121963190940478,0.09547184580804322,1.2490761312468681,0.958255392597012,-0.06957401843119554,-0.3243139921423165
-0.33853576530276674,0.12169260969024917,0.09529232080811997,1.2492287303680027,0.9583500863470883,-0.06957401843119554,-0.3242177908929268
-0.33826182780208036,0.12187299719040143,0.09538165205796664,1.2491677499971732,0.9584447800971646,-0.06929057468188221,-0.32416969026823195
-0.33853576530276674,0.12187299719040143,0.09547270830827223,1.2493203491183078,0.9585394738472409,-0.06910161218233984,-0.3241215896435371
-0.33853576530276674,0.12208487619670513,0.0954709833078142,1.2490151508760388,0.9580660050968598,-0.06919609343211125,-0.32416969026823195
-0.3384444528025381,0.1218142949464763,0.09520040205758537,1.2492900071269544,0.9583500863470883,-0.0696684996809665,-0.3242177908929268
-0.33853576530276674,0.12190448869655243,0.09501742705674607,1.2488322097635507,0.9580660050968598,-0.06929057468188221,-0.3241215896435371
-0.33853576530276674,0.12190448869655243,0.09538165205796664,1.2491677499971732,0.9581606988469357,-0.06919609343211125,-0.3242177908929268
-0.3384444528025381,0.1218142949464763,0.09529145830789051,1.2491677499971732,0.9584447800971646,-0.06938505593165317,-0.3242177908929268
-0.33826182780208036,0.1216339074463236,0.09483790205682238,1.2490764276349902,0.9579713113467835,-0.06957401843119554,-0.3243139921423165
-0.338353140302309,0.1218142949464763,0.0953825145581961,1.2493203491183078,0.9579713113467835,-0.06957401843119554,-0.3242177908929268
-0.33853576530276674,0.1218142949464763,0.0953825145581961,1.2495035866189184,0.9583500863470883,-0.06910161218233984,-0.3242177908929268
-0.33862707780299584,0.1218142949464763,0.09520040205758537,1.2491983883766489,0.9583500863470883,-0.06938505593165317,-0.32426589151762164
-0.3384444528025381,0.121994682446629,0.09510762080682264,1.2488322097635507,0.9587288613473935,-0.06891264968279792,-0.3240253883941474
-0.33826182780208036,0.12190448869655243,0.09547270830827223,1.2490454928673922,0.9583500863470883,-0.06929057468188221,-0.3242177908929268
-0.3384444528025381,0.12172410119640018,0.09511020830750924,1.2491983883766489,0.958255392597012,-0.06919609343211125,-0.3242177908929268
-0.33862707780299584,0.1218142949464763,0.09510934580728023,1.2489541705052094,0.9583500863470883,-0.06957401843119554,-0.3243139921423165
-0.33826182780208036,0.12208487619670513,0.09583520830903522,1.2494423098599665,0.9581606988469357,-0.06919609343211125,-0.32426589151762164
-0.338353140302309,0.12172410119640018,0.09529232080811997,1.2493203491183078,0.9583500863470883,-0.06938505593165317,-0.32426589151762164
-0.338353140302309,0.12172410119640018,0.09529232080811997,1.2495035866189184,0.9580660050968598,-0.06938505593165317,-0.3242177908929268
-0.33817051530185127,0.1216339074463236,0.09511107080773781,1.2489845124965626,0.9581606988469357,-0.06929057468188221,-0.3243139921423165
-0.33853576530276674,0.1218142949464763,0.09520040205758537,1.2491067696263438,0.9583500863470883,-0.06938505593165317,-0.32426589151762164
-0.3384444528025381,0.12190448869655243,0.09538165205796664,1.2492593687474782,0.9583500863470883,-0.06929057468188221,-0.3241215896435371
-0.3384444528025381,0.1216339074463236,0.09511107080773781,1.2492593687474782,0.9581606988469357,-0.06929057468188221,-0.32407348901884225
-0.338353140302309,0.121994682446629,0.09528973330743293,1.24932064550643,0.958255392597012,-0.06929057468188221,-0.3242177908929268
-0.3384444528025381,0.121994682446629,0.0955629020583488,1.2492287303680027,0.9581606988469357,-0.06929057468188221,-0.32416969026823195
-0.338353140302309,0.12208487619670513,0.09556203955811934,1.2490761312468681,0.958255392597012,-0.06929057468188221,-0.32426589151762164
-0.338353140302309,0.1218142949464763,0.0953825145581961,1.2494119678686133,0.9590129425976225,-0.06872368718325556,-0.32397728776945256
-0.33853576530276674,0.1216339074463236,0.09502001455743267,1.2491983883766489,0.9581606988469357,-0.06919609343211125,-0.32426589151762164
-0.3384444528025381,0.121994682446629,0.09538078955773807,1.2493816258772594,0.9583500863470883,-0.06919609343211125,-0.32416969026823195
-0.338353140302309,0.12190448869655243,0.0952905958076615,1.2491983883766489,0.9587288613473935,-0.0686292059334846,-0.3238810865200631
-0.33862707780299584,0.12172410119640018,0.09511020830750924,1.2491983883766489,0.9580660050968598,-0.06938505593165317,-0.32436209276701133
-0.338353140302309,0.121994682446629,0.09574501455895909,1.2493506911096615,0.9580660050968598,-0.06919609343211125,-0.3243139921423165
-0.3384444528025381,0.1218142949464763,0.09520040205758537,1.2491983883766489,0.9580660050968598,-0.06929057468188221,-0.3241215896435371
-0.33853576530276674,0.1218142949464763,0.09520040205758537,1.2491983883766489,0.9581606988469357,-0.06929057468188221,-0.32426589151762164
-0.33826182780208036,0.12190448869655243,0.09519953955735636,1.2491374080058195,0.9583500863470883,-0.06929057468188221,-0.32416969026823195
-0.33853576530276674,0.1216339074463236,0.09502001455743267,1.2491983883766489,0.9580660050968598,-0.06929057468188221,-0.32416969026823195
-0.338353140302309,0.12190448869655243,0.09547270830827223,1.2495035866189184,0.9580660050968598,-0.06929057468188221,-0.32426589151762164
-0.3384444528025381,0.12190448869655243,0.0952905958076615,1.2494732446275645,0.9581606988469357,-0.06881816843302652,-0.3243139921423165
-0.33826182780208036,0.12190448869655243,0.09556376455857737,1.2493813294891372,0.9581606988469357,-0.06910161218233984,-0.3242177908929268
-0.33826182780208036,0.12190448869655243,0.0952905958076615,1.2493816258772594,0.958255392597012,-0.06938505593165317,-0.3243139921423165
-0.338353140302309,0.12208487619670513,0.09556203955811934,1.2492593687474782,0.9583500863470883,-0.06910161218233984,-0.32407348901884225
-0.3384444528025381,0.121994682446629,0.09574501455895909,1.2493506911096615,0.9581606988469357,-0.06929057468188221,-0.3242177908929268
-0.338353140302309,0.12190448869655243,0.0952905958076615,1.2493816258772594,0.958255392597012,-0.06919609343211125,-0.32441019339170596
-0.3384444528025381,0.1216339074463236,0.09511107080773781,1.2492593687474782,0.958255392597012,-0.06919609343211125,-0.32416969026823195
-0.338353140302309,0.1216339074463236,0.09511107080773781,1.2492593687474782,0.9579713113467835,-0.06957401843119554,-0.32450639464109565
-0.33832836824227397,0.1218142949464763,0.09556462705880639,1.2495914833003074,0.9583500863470883,-0.06900713093256888,-0.3243139921423165
-0.33841968074250306,0.1221750699467817,0.09565223330819592,1.2495917796884297,0.958255392597012,-0.06938505593165317,-0.3242177908929268
-0.33832836824227397,0.1218142949464763,0.09529145830789051,1.2496833984387348,0.9583500863470883,-0.06910161218233984,-0.32426589151762164
-0.3385109932427317,0.121994682446629,0.0955629020583488,1.2496527600592593,0.9581606988469357,-0.06910161218233984,-0.3244582940164008
-0.33832836824227397,0.1218142949464763,0.09510934580728023,1.249469818946771,0.958255392597012,-0.06929057468188221,-0.3242177908929268
-0.3382370557420453,0.12208487619670513,0.09565309580842493,1.2494695225586487,0.9586341675973172,-0.06891264968279792,-0.3242177908929268
-0.3385109932427317,0.1218142949464763,0.09529145830789051,1.2494085421878192,0.9580660050968598,-0.06938505593165317,-0.3242177908929268
-0.3382370557420453,0.1216339074463236,0.09529318330834854,1.249530502929478,0.9586341675973172,-0.06919609343211125,-0.32416969026823195
-0.33832836824227397,0.1218142949464763,0.0953825145581961,1.2494695225586487,0.9581606988469357,-0.06919609343211125,-0.3242177908929268
-0.3386023057429608,0.1216339074463236,0.09492895830712753,1.2492865814461604,0.9580660050968598,-0.06919609343211125,-0.32426589151762164
-0.3382370557420453,0.12208487619670513,0.09528887080720391,1.249225601075331,0.9581606988469357,-0.06929057468188221,-0.32416969026823195
-0.33814574324181623,0.1218142949464763,0.09520040205758537,1.2495307993176004,0.9581606988469357,-0.06929057468188221,-0.3242177908929268
-0.3385109932427317,0.12190448869655243,0.0952905958076615,1.2493475618169898,0.958255392597012,-0.06919609343211125,-0.32426589151762164
-0.33832836824227397,0.1218142949464763,0.09510934580728023,1.2491949626958554,0.958255392597012,-0.06919609343211125,-0.3242177908929268
-0.3380544307415876,0.1218142949464763,0.09520040205758537,1.2491643243163797,0.9583500863470883,-0.06919609343211125,-0.32416969026823195
-0.33832836824227397,0.1218142949464763,0.09529145830789051,1.2496833984387348,0.9583500863470883,-0.06919609343211125,-0.3242177908929268
-0.3382370557420453,0.1218142949464763,0.09529145830789051,1.2495917796884297,0.958255392597012,-0.06891264968279792,-0.32407348901884225
-0.3385109932427317,0.12190448869655243,0.0952905958076615,1.2495307993176004,0.9584447800971646,-0.0686292059334846,-0.3240253883941474
-0.33841968074250306,0.1218142949464763,0.09501828955697508,1.2494088385759416,0.9581606988469357,-0.06919609343211125,-0.3242177908929268
-0.33832836824227397,0.12172410119640018,0.09511020830750924,1.2496224180679054,0.958255392597012,-0.06919609343211125,-0.32426589151762164
-0.3385109932427317,0.12190448869655243,0.09547270830827223,1.2496527600592593,0.9583500863470883,-0.06900713093256888,-0.3242177908929268
-0.3382370557420453,0.121994682446629,0.09519867705712778,1.249133982325026,0.9580660050968598,-0.06938505593165317,-0.32441019339170596
-0.3385109932427317,0.12190448869655243,0.09547270830827223,1.2491946663077331,0.9580660050968598,-0.06929057468188221,-0.32436209276701133
-0.33832836824227397,0.1218142949464763,0.09520040205758537,1.2493475618169898,0.958255392597012,-0.06900713093256888,-0.3241215896435371
-0.3385109932427317,0.121994682446629,0.09528973330743293,1.2492865814461604,0.9581606988469357,-0.06919609343211125,-0.32436209276701133
-0.33832836824227397,0.12190448869655243,0.09547270830827223,1.2496527600592593,0.9580660050968598,-0.06929057468188221,-0.32436209276701133
-0.33832836824227397,0.121994682446629,0.09547184580804322,1.2495001609381247,0.9581606988469357,-0.06919609343211125,-0.3243139921423165
-0.33814574324181623,0.12190448869655243,0.09547270830827223,1.2496527600592593,0.9588235550974699,-0.06844024343394223,-0.32392918714475794
-0.33832836824227397,0.12208487619670513,0.0954709833078142,1.2493475618169898,0.958255392597012,-0.06900713093256888,-0.32416969026823195
-0.33832836824227397,0.12190448869655243,0.09519953955735636,1.249469818946771,0.958255392597012,-0.06900713093256888,-0.3242177908929268
-0.33814574324181623,0.1218142949464763,0.09520040205758537,1.2496224180679054,0.9583500863470883,-0.06900713093256888,-0.3242177908929268
-0.33814574324181623,0.1221750699467817,0.0957432895585015,1.2494695225586487,0.958255392597012,-0.06910161218233984,-0.3243139921423165
-0.33832836824227397,0.12208487619670513,0.0954709833078142,1.2495307993176004,0.9583500863470883,-0.06910161218233984,-0.32436209276701133
-0.3382370557420453,0.12190448869655243,0.09547270830827223,1.2496527600592593,0.9583500863470883,-0.06910161218233984,-0.3242177908929268
-0.33841968074250306,0.1221750699467817,0.09565223330819592,1.2494085421878192,0.9577819238466309,-0.06900713093256888,-0.32436209276701133
-0.3385109932427317,0.121994682446629,0.09547184580804322,1.2495917796884297,0.9581606988469357,-0.06891264968279792,-0.32416969026823195
-0.3385109932427317,0.1216339074463236,0.09511107080773781,1.2494085421878192,0.9581606988469357,-0.06900713093256888,-0.3242177908929268
-0.3385109932427317,0.12148501145232234,0.09483962705728041,1.2494391805672953,0.9581606988469357,-0.06881816843302652,-0.3242177908929268
-0.3385109932427317,0.1218457864526273,0.09520040205758537,1.2497140368182105,0.9583500863470883,-0.06891264968279792,-0.3241215896435371
-0.33814574324181623,0.12202617395278,0.09538078955773807,1.2492559430666847,0.9586341675973172,-0.06844024343394223,-0.3240253883941474
-0.33841968074250306,0.1218457864526273,0.09501828955697508,1.2495004573262467,0.958255392597012,-0.06900713093256888,-0.32426589151762164
-0.33832836824227397,0.1218457864526273,0.0953825145581961,1.2496527600592593,0.9580660050968598,-0.06900713093256888,-0.32436209276701133
-0.33832836824227397,0.12193598020270342,0.09538165205796664,1.2495917796884297,0.9588235550974699,-0.06853472468371319,-0.3240253883941474
-0.33832836824227397,0.12202617395278,0.09519867705712778,1.2495920760765518,0.9588235550974699,-0.0686292059334846,-0.32407348901884225
-0.3386023057429608,0.12193598020270342,0.09538165205796664,1.2494085421878192,0.9587288613473935,-0.06844024343394223,-0.3241215896435371
-0.33841968074250306,0.1218457864526273,0.09529145830789051,1.2495917796884297,0.9581606988469357,-0.06881816843302652,-0.3242177908929268
-0.33832836824227397,0.12193598020270342,0.09538165205796664,1.2494085421878192,0.9583500863470883,-0.06919609343211125,-0.3242177908929268
-0.33841968074250306,0.12202617395278,0.09528973330743293,1.2491949626958554,0.9584447800971646,-0.0686292059334846,-0.3242177908929268
-0.3385109932427317,0.1218457864526273,0.0953825145581961,1.2497443788095643,0.9579713113467835,-0.06919609343211125,-0.32450639464109565
-0.33832836824227397,0.1218457864526273,0.09529145830789051,1.2495917796884297,0.9579713113467835,-0.06919609343211125,-0.32436209276701133
-0.3380544307415876,0.12193598020270342,0.09538165205796664,1.2494085421878192,0.9581606988469357,-0.06919609343211125,-0.32436209276701133
-0.33841968074250306,0.1218457864526273,0.09529145830789051,1.2496833984387348,0.958255392597012,-0.06881816843302652,-0.3242177908929268
-0.33841968074250306,0.12202617395278,0.0955629020583488,1.2497443788095643,0.958255392597012,-0.06891264968279792,-0.3242177908929268
-0.33832836824227397,0.1218457864526273,0.09529145830789051,1.2497750171890398,0.9581606988469357,-0.06900713093256888,-0.3242177908929268
-0.33832836824227397,0.12202617395278,0.09538078955773807,1.2493475618169898,0.958255392597012,-0.0686292059334846,-0.32426589151762164
-0.33841968074250306,0.1218457864526273,0.0953825145581961,1.2492862850580386,0.9583500863470883,-0.06919609343211125,-0.32436209276701133
-0.33841968074250306,0.12193598020270342,0.0952905958076615,1.2496224180679054,0.9583500863470883,-0.06900713093256888,-0.3242177908929268
-0.3385109932427317,0.1218457864526273,0.09510934580728023,1.249561437697076,0.9588235550974699,-0.06853472468371319,-0.32397728776945256
-0.3382370557420453,0.12193598020270342,0.09519953955735636,1.2492865814461604,0.9588235550974699,-0.06825128093439986,-0.32397728776945256
-0.33841968074250306,0.1218457864526273,0.09529145830789051,1.2494085421878192,0.9583500863470883,-0.0686292059334846,-0.3242177908929268
-0.33832836824227397,0.12193598020270342,0.09547270830827223,1.2496527600592593,0.9583500863470883,-0.06891264968279792,-0.32426589151762164
-0.33832836824227397,0.12193598020270342,0.09538165205796664,1.2494085421878192,0.9583500863470883,-0.06891264968279792,-0.3241215896435371
-0.3386023057429608,0.12193598020270342,0.09538165205796664,1.2497750171890398,0.9583500863470883,-0.06872368718325556,-0.3242177908929268
-0.3382370557420453,0.1218457864526273,0.0953825145581961,1.2493779038083437,0.9583500863470883,-0.06881816843302652,-0.32416969026823195
-0.3382370557420453,0.12193598020270342,0.09510848330705121,1.249225601075331,0.9584447800971646,-0.06891264968279792,-0.32416969026823195
-0.33832836824227397,0.12175559270255117,0.09538337705842512,1.2497137404300886,0.9583500863470883,-0.06881816843302652,-0.3243139921423165
-0.3385109932427317,0.12193598020270342,0.09556376455857737,1.249530502929478,0.9583500863470883,-0.06881816843302652,-0.32416969026823195
-0.33841968074250306,0.12202617395278,0.09547184580804322,1.2496833984387348,0.9583500863470883,-0.06910161218233984,-0.32416969026823195
-0.33841968074250306,0.1218457864526273,0.09529145830789051,1.2496833984387348,0.958255392597012,-0.06929057468188221,-0.3243139921423165
-0.33832836824227397,0.12193598020270342,0.09538165205796664,1.2497750171890398,0.9583500863470883,-0.06881816843302652,-0.32426589151762164
-0.33832836824227397,0.12175559270255117,0.09520126455781439,1.2496833984387348,0.9583500863470883,-0.06910161218233984,-0.3242177908929268
-0.25981582946820203,0.17435180308638623,0.18215488445237127,1.7156358456720617,1.3828473714836316,0.059870716309515355,0.020084279602322633
-0.2596332044677443,0.17417141558623353,0.18188344070191342,1.715758102801843,1.3834155339840895,0.06015416005882868,0.020324782725796645
-0.2596332044677443,0.17417141558623353,0.18188344070191342,1.715941340302453,1.3830367589837842,0.059870716309515355,0.020084279602322633
-0.2596332044677443,0.17435180308638623,0.18215488445237127,1.7158190831726723,1.3830367589837842,0.05958727256020203,0.019939977728238092
-0.2597245169679734,0.17417141558623353,0.18197449695221857,1.7158190831726723,1.3830367589837842,0.05996519755928676,0.020180480851712104
-0.2597245169679734,0.1740812218361574,0.18197535945244758,1.715696826042891,1.3834155339840895,0.06034312255837105,0.02022858147640695
-0.2597245169679734,0.17429310084246064,0.1820646907022947,1.7160023206732824,1.3827526777335553,0.05968175380997343,0.01998807835293294
-0.25954189196751565,0.17411271334230838,0.18188430320214244,1.7158190831726723,1.3830367589837842,0.06024864130860009,0.020276682101101798
-0.2596332044677443,0.1743832945925372,0.1822459407026764,1.7157884447931966,1.3827526777335553,0.05996519755928676,0.02022858147640695
-0.2597245169679734,0.1742029070923845,0.18188344070191342,1.715758102801843,1.3827526777335553,0.059776235059744394,0.01998807835293294
-0.2596332044677443,0.17411271334230838,0.18197535945244758,1.7157884447931966,1.3830367589837842,0.059870716309515355,0.020180480851712104
-0.2596332044677443,0.1742029070923845,0.18215660945282885,1.715941043914331,1.3829420652337079,0.05968175380997343,0.020036178977627786
-0.2597245169679734,0.1743832945925372,0.18206382820206612,1.715849721552148,1.3833208402340131,0.06043760380814201,0.020324782725796645
-0.25999845446865977,0.1742029070923845,0.1820655532025237,1.7161549197944173,1.3833208402340131,0.06005967880905772,0.020180480851712104
-0.2597245169679734,0.1740225195922318,0.18170305320176072,1.7156664840515379,1.3830367589837842,0.05996519755928676,0.020036178977627786
-0.2596332044677443,0.17411271334230838,0.18197535945244758,1.7159716822938067,1.3828473714836316,0.06005967880905772,0.020276682101101798
-0.2597245169679734,0.17411271334230838,0.18206641570275273,1.715849425164026,1.3830367589837842,0.05996519755928676,0.020180480851712104
-0.2596332044677443,0.1742029070923845,0.18215660945282885,1.7163991376658567,1.382657983983479,0.05968175380997343,0.019939977728238092
-0.25954189196751565,0.17411271334230838,0.18188430320214244,1.7159107019229773,1.3832261464839368,0.06015416005882868,0.020180480851712104
-0.2597245169679734,0.1743832945925372,0.1822459407026764,1.7159716822938067,1.3830367589837842,0.05968175380997343,0.020180480851712104
-0.2597245169679734,0.1742029070923845,0.1820655532025237,1.7159716822938067,1.3832261464839368,0.05996519755928676,0.020180480851712104
-0.2597245169679734,0.17411271334230838,0.1817932469518373,1.715849721552148,1.3832261464839368,0.06005967880905772,0.02022858147640695
-0.2597245169679734,0.1742029070923845,0.18188344070191342,1.7161245778030636,1.3835102277341658,0.06024864130860009,0.020324782725796645
-0.2599071419684311,0.1743832945925372,0.1822459407026764,1.7158800635435016,1.3831314527338605,0.05996519755928676,0.020180480851712104
-0.25981582946820203,0.1742029070923845,0.1820655532025237,1.7159716822938067,1.3830367589837842,0.06015416005882868,0.020180480851712104
-0.2596332044677443,0.17411271334230838,0.1817932469518373,1.7160329590527585,1.3831314527338605,0.05968175380997343,0.01998807835293294
-0.2596332044677443,0.1740225195922318,0.18161199695145558,1.7158803599316237,1.3832261464839368,0.06005967880905772,0.020036178977627786
-0.2596332044677443,0.17429310084246064,0.18215574695259984,1.7159716822938067,1.3832261464839368,0.059870716309515355,0.020180480851712104
-0.2596332044677443,0.17447348834261334,0.18242719070305768,1.716273454855282,1.3830367589837842,0.059870716309515355,0.02022858147640695
-0.2597245169679734,0.1742029070923845,0.18188344070191342,1.715998894992489,1.3832261464839368,0.059870716309515355,0.020180480851712104
-0.25981582946820203,0.17411271334230838,0.1817932469518373,1.715998894992489,1.3835102277341658,0.05996519755928676,0.020180480851712104
-0.2597245169679734,0.1742029070923845,0.18215660945282885,1.716090217354672,1.3830367589837842,0.06005967880905772,0.020180480851712104
-0.2597245169679734,0.1742029070923845,0.18179238445160828,1.7160295333719646,1.3834155339840895,0.06005967880905772,0.02013238022701748
-0.2596332044677443,0.1742029070923845,0.18215660945282885,1.716181836104977,1.3835102277341658,0.06024864130860009,0.020276682101101798
-0.25981582946820203,0.17411271334230838,0.18188430320214244,1.7160598753633183,1.3832261464839368,0.059776235059744394,0.020084279602322633
-0.2597245169679734,0.1742029070923845,0.18197449695221857,1.7161514941136233,1.3830367589837842,0.059870716309515355,0.02013238022701748
-0.2597245169679734,0.17429310084246064,0.18224680320290498,1.716090217354672,1.3830367589837842,0.06005967880905772,0.020084279602322633
-0.2597245169679734,0.17429310084246064,0.1818825782016844,1.7159379146216596,1.3829420652337079,0.059870716309515355,0.02013238022701748
-0.2597245169679734,0.17429310084246064,0.18215574695259984,1.7161208557341476,1.3830367589837842,0.059870716309515355,0.020084279602322633
-0.25945057946728656,0.17429310084246064,0.1820646907022947,1.7163347316142339,1.3827526777335553,0.05939831006065966,0.019939977728238092
-0.2599071419684311,0.1742343985985355,0.18188344070191342,1.716090513742794,1.3832261464839368,0.059870716309515355,0.020180480851712104
-0.2596332044677443,0.1742343985985355,0.18197449695221857,1.7161514941136233,1.3834155339840895,0.06034312255837105,0.02037288335049149
-0.25954189196751565,0.17432459234861164,0.18197363445198955,1.716090513742794,1.3832261464839368,0.059776235059744394,0.020084279602322633
-0.25954189196751565,0.1744147860986882,0.18233699695298156,1.7159985986043669,1.3829420652337079,0.059492791310431066,0.020036178977627786
-0.2597245169679734,0.1744147860986882,0.1822459407026764,1.7160292369838426,1.3828473714836316,0.05968175380997343,0.020084279602322633
-0.25954189196751565,0.1745951735988409,0.18233527195252397,1.7162431128639288,1.3827526777335553,0.05968175380997343,0.019939977728238092
-0.25945057946728656,0.17450497984876434,0.18242719070305768,1.7159985986043669,1.3830367589837842,0.059870716309515355,0.020036178977627786
-0.25954189196751565,0.17450497984876434,0.18233613445275254,1.7163957119850632,1.3830367589837842,0.06005967880905772,0.02013238022701748
-0.25954189196751565,0.17432459234861164,0.18197363445198955,1.716090513742794,1.3833208402340131,0.059870716309515355,0.020084279602322633
-0.25981582946820203,0.17432459234861164,0.18215574695259984,1.7161208557341476,1.3830367589837842,0.059870716309515355,0.02013238022701748
-0.2596332044677443,0.1744147860986882,0.1822459407026764,1.7162124744844527,1.3832261464839368,0.06005967880905772,0.02013238022701748
-0.2593592669670579,0.1744147860986882,0.18233699695298156,1.7159985986043669,1.3832261464839368,0.05996519755928676,0.020276682101101798
-0.2596332044677443,0.17450497984876434,0.18233613445275254,1.7162124744844527,1.3833208402340131,0.05996519755928676,0.02022858147640695
-0.2597245169679734,0.17414420484845938,0.18188430320214244,1.7160598753633183,1.3833208402340131,0.05996519755928676,0.020084279602322633
-0.25981582946820203,0.1742343985985355,0.18197449695221857,1.7162431128639288,1.3831314527338605,0.059870716309515355,0.020084279602322633
-0.2596332044677443,0.17414420484845938,0.18206641570275273,1.716273454855282,1.3832261464839368,0.06005967880905772,0.020084279602322633
-0.25954189196751565,0.1742343985985355,0.18215660945282885,1.7163650736055875,1.3829420652337079,0.05996519755928676,0.019939977728238092
-0.2596332044677443,0.1742343985985355,0.18197449695221857,1.7162431128639288,1.3830367589837842,0.05996519755928676,0.02022858147640695
-0.25981582946820203,0.1744147860986882,0.1822459407026764,1.7161208557341476,1.3832261464839368,0.06005967880905772,0.02022858147640695
-0.25981582946820203,0.17432459234861164,0.18224680320290498,1.716181836104977,1.3832261464839368,0.059870716309515355,0.01998807835293294
-0.2596332044677443,0.1745951735988409,0.18251738445313426,1.716273454855282,1.3830367589837842,0.05996519755928676,0.020180480851712104
-0.2597245169679734,0.1742343985985355,0.18188344070191342,1.7163653699937096,1.3831314527338605,0.06024864130860009,0.020180480851712104
-0.2596332044677443,0.1744147860986882,0.18215488445237127,1.7159682566130132,1.3830367589837842,0.06005967880905772,0.020180480851712104
-0.2596332044677443,0.1744147860986882,0.18215488445237127,1.7161514941136233,1.3828473714836316,0.059492791310431066,0.019891877103543246
-0.2596332044677443,0.17432459234861164,0.18224680320290498,1.716181836104977,1.3833208402340131,0.059870716309515355,0.020276682101101798
-0.25981582946820203,0.1742343985985355,0.1820655532025237,1.7162124744844527,1.3831314527338605,0.05996519755928676,0.02013238022701748
-0.2596332044677443,0.17432459234861164,0.18197363445198955,1.7161821324930995,1.3828473714836316,0.05958727256020203,0.01998807835293294
-0.25981582946820203,0.1742343985985355,0.18179238445160828,1.7159379146216596,1.3833208402340131,0.06005967880905772,0.020180480851712104
-0.2593592669670579,0.1744147860986882,0.18233699695298156,1.7159069798540614,1.3834155339840895,0.05996519755928676,0.02013238022701748
-0.25981582946820203,0.17432459234861164,0.18197363445198955,1.716090513742794,1.3827526777335553,0.059492791310431066,0.01998807835293294
-0.25954189196751565,0.17432459234861164,0.18215574695259984,1.7161208557341476,1.3833208402340131,0.05996519755928676,0.02013238022701748
-0.2596332044677443,0.17432459234861164,0.18215574695259984,1.7159376182335375,1.3833208402340131,0.06024864130860009,0.02037288335049149
-0.2596332044677443,0.1742343985985355,0.18188344070191342,1.715998894992489,1.3831314527338605,0.05996519755928676,0.02022858147640695
-0.25999845446865977,0.17414420484845938,0.18197535945244758,1.7163957119850632,1.3833208402340131,0.06015416005882868,0.020180480851712104
-0.2599071419684311,0.1744147860986882,0.18206382820206612,1.7162737512434045,1.3832261464839368,0.059870716309515355,0.020084279602322633
-0.25954189196751565,0.17432459234861164,0.18224680320290498,1.716090217354672,1.3834155339840895,0.05958727256020203,0.020180480851712104
-0.2599071419684311,0.1740540110983828,0.18170305320176072,1.716090513742794,1.3833208402340131,0.06005967880905772,0.020324782725796645
-0.2596332044677443,0.17414420484845938,0.18170219070153215,1.7161211521222701,1.3827526777335553,0.059870716309515355,0.020084279602322633
-0.25954189196751565,0.1744147860986882,0.18233699695298156,1.716273454855282,1.3832261464839368,0.06015416005882868,0.020276682101101798
-0.25981582946820203,0.17450497984876434,0.18242719070305768,1.7163650736055875,1.3832261464839368,0.05958727256020203,0.020084279602322633
-0.2596332044677443,0.1742343985985355,0.18188344070191342,1.7163313059334406,1.3832261464839368,0.06005967880905772,0.020180480851712104
-0.2593592669670579,0.1745951735988409,0.1824263282028291,1.7164532666750993,1.3833208402340131,0.059870716309515355,0.020276682101101798
-0.25954189196751565,0.1744147860986882,0.18215488445237127,1.7162090488036594,1.3830367589837842,0.059870716309515355,0.019939977728238092
-0.25945057946728656,0.17450497984876434,0.18233613445275254,1.7164532666750993,1.3830367589837842,0.059870716309515355,0.01998807835293294
-0.2597245169679734,0.1742343985985355,0.18188344070191342,1.7163313059334406,1.3831314527338605,0.059870716309515355,0.02022858147640695
-0.2597245169679734,0.17432459234861164,0.18224680320290498,1.7165142470459287,1.3832261464839368,0.05968175380997343,0.020180480851712104
-0.2597245169679734,0.1742343985985355,0.18215660945282885,1.7166974845465388,1.3832261464839368,0.06005967880905772,0.02013238022701748
-0.25951711990748066,0.1744147860986882,0.18197277195176098,1.7162703255626113,1.3830367589837842,0.06005967880905772,0.02022858147640695
-0.25988236990839614,0.1742343985985355,0.1820655532025237,1.7162700291744888,1.3832261464839368,0.06005967880905772,0.020180480851712104
-0.2596084324077093,0.17435608385476264,0.1820646907022947,1.7162090488036594,1.3832261464839368,0.06005967880905772,0.020180480851712104
-0.2596084324077093,0.17453647135491535,0.1820629657018371,1.7163619443129163,1.3833208402340131,0.06005967880905772,0.020036178977627786
-0.2594258074072516,0.17435608385476264,0.1820646907022947,1.71639228630427,1.3835102277341658,0.059870716309515355,0.02013238022701748
-0.25951711990748066,0.17444627760483922,0.18188171570145584,1.716209345191782,1.3832261464839368,0.05996519755928676,0.020180480851712104
-0.2596997449079384,0.17444627760483922,0.18215488445237127,1.716483905054575,1.3833208402340131,0.06005967880905772,0.02013238022701748
-0.2596997449079384,0.17453647135491535,0.1820629657018371,1.7164535630632214,1.3832261464839368,0.05996519755928676,0.02013238022701748
-0.2596084324077093,0.17435608385476264,0.1820646907022947,1.7163006675539645,1.3831314527338605,0.05968175380997343,0.019939977728238092
-0.2594258074072516,0.17435608385476264,0.18197363445198955,1.71614806843283,1.3832261464839368,0.059492791310431066,0.01998807835293294
-0.25951711990748066,0.17453647135491535,0.18242719070305768,1.7164226282956232,1.3830367589837842,0.05968175380997343,0.019939977728238092
-0.25988236990839614,0.17444627760483922,0.18233699695298156,1.7165142470459287,1.3831314527338605,0.05996519755928676,0.02013238022701748
-0.2596997449079384,0.17435608385476264,0.1820646907022947,1.716483905054575,1.3833208402340131,0.059492791310431066,0.02022858147640695
-0.2596084324077093,0.17435608385476264,0.1818825782016844,1.7162703255626113,1.3831314527338605,0.05996519755928676,0.02013238022701748
-0.2596997449079384,0.17462666510499192,0.1824263282028291,1.7166365041757095,1.3833208402340131,0.059870716309515355,0.020180480851712104
-0.25979105740816705,0.1741756963546104,0.18197535945244758,1.7164532666750993,1.3835102277341658,0.06005967880905772,0.020324782725796645
-0.2596997449079384,0.1741756963546104,0.18188430320214244,1.7163006675539645,1.3832261464839368,0.05996519755928676,0.02022858147640695
-0.25951711990748066,0.17453647135491535,0.1822450782024474,1.71639228630427,1.3832261464839368,0.05996519755928676,0.020180480851712104
-0.2594258074072516,0.17453647135491535,0.1820629657018371,1.7161787068123058,1.3833208402340131,0.05958727256020203,0.020180480851712104
-0.25951711990748066,0.17444627760483922,0.18206382820206612,1.7163313059334406,1.3832261464839368,0.059870716309515355,0.02013238022701748
-0.25951711990748066,0.17426589010468652,0.18197449695221857,1.7166671425551856,1.3832261464839368,0.059870716309515355,0.020180480851712104
-0.25951711990748066,0.17426589010468652,0.1820655532025237,1.716728122926015,1.3832261464839368,0.05996519755928676,0.020180480851712104
-0.2596997449079384,0.17435608385476264,0.18197363445198955,1.7166061621843562,1.3832261464839368,0.059870716309515355,0.020180480851712104
-0.2596084324077093,0.17444627760483922,0.18215488445237127,1.7163006675539645,1.3830367589837842,0.05958727256020203,0.020084279602322633
-0.2596084324077093,0.1741756963546104,0.18170219070153215,1.7162703255626113,1.3830367589837842,0.059870716309515355,0.020084279602322633
-0.2596997449079384,0.17426589010468652,0.1820655532025237,1.7164532666750993,1.3834155339840895,0.05996519755928676,0.020276682101101798
-0.2596997449079384,0.17426589010468652,0.18188344070191342,1.7162396871831351,1.3833208402340131,0.059870716309515355,0.020084279602322633
-0.2594258074072516,0.17426589010468652,0.18197449695221857,1.716483905054575,1.3832261464839368,0.059870716309515355,0.02013238022701748
-0.2596084324077093,0.17444627760483922,0.18215488445237127,1.71657552380488,1.3833208402340131,0.059870716309515355,0.020180480851712104
-0.2596997449079384,0.1741756963546104,0.18170219070153215,1.7165451818135269,1.3834155339840895,0.059870716309515355,0.02013238022701748
-0.2596084324077093,0.17462666510499192,0.18233527195252397,1.71639228630427,1.3834155339840895,0.06024864130860009,0.02037288335049149
-0.2596084324077093,0.17426589010468652,0.18188344070191342,1.7165145434340507,1.383604921484242,0.06034312255837105,0.020324782725796645
-0.2594258074072516,0.17444627760483922,0.18215488445237127,1.716483905054575,1.3830367589837842,0.059776235059744394,0.020036178977627786
-0.2596997449079384,0.1741756963546104,0.18188430320214244,1.7166671425551856,1.3833208402340131,0.06015416005882868,0.020180480851712104
-0.2596997449079384,0.17426589010468652,0.18179238445160828,1.7164535630632214,1.3830367589837842,0.059870716309515355,0.020084279602322633
-0.2596997449079384,0.17435608385476264,0.18215574695259984,1.7164532666750993,1.3833208402340131,0.05968175380997343,0.020084279602322633
-0.2596997449079384,0.17444627760483922,0.18206382820206612,1.7163313059334406,1.3833208402340131,0.06005967880905772,0.020180480851712104
-0.2596997449079384,0.1741756963546104,0.18170219070153215,1.7164535630632214,1.3834155339840895,0.05996519755928676,0.020180480851712104
-0.25951711990748066,0.17453647135491535,0.1822450782024474,1.7167587613054907,1.3832261464839368,0.05996519755928676,0.02013238022701748
-0.2596084324077093,0.17453647135491535,0.1822450782024474,1.7167587613054907,1.3832261464839368,0.06005967880905772,0.02013238022701748
-0.2594258074072516,0.17435608385476264,0.18197363445198955,1.7165145434340507,1.3832261464839368,0.05996519755928676,0.020180480851712104
-0.2594258074072516,0.17453647135491535,0.18233613445275254,1.7165448854254044,1.3834155339840895,0.05996519755928676,0.020036178977627786
-0.2596084324077093,0.17435608385476264,0.18197363445198955,1.7167893996849664,1.3834155339840895,0.059870716309515355,0.02013238022701748
-0.25979105740816705,0.17435608385476264,0.18215574695259984,1.7166365041757095,1.3827526777335553,0.05958727256020203,0.01998807835293294
-0.2596084324077093,0.17444627760483922,0.18206382820206612,1.7165145434340507,1.3835102277341658,0.06024864130860009,0.020276682101101798
-0.25951711990748066,0.17444627760483922,0.18206382820206612,1.7166637168743917,1.3830367589837842,0.06005967880905772,0.02013238022701748
-0.2596997449079384,0.17444627760483922,0.18188171570145584,1.716541756132733,1.3830367589837842,0.06005967880905772,0.02013238022701748
-0.2596997449079384,0.17435608385476264,0.18215574695259984,1.7167856776160504,1.3832261464839368,0.059870716309515355,0.02013238022701748
-0.2596084324077093,0.17453647135491535,0.1822450782024474,1.716541459744611,1.3831314527338605,0.059870716309515355,0.02022858147640695
-0.2596997449079384,0.17435608385476264,0.18215574695259984,1.7166024401154403,1.3831314527338605,0.059870716309515355,0.020084279602322633
-0.2596997449079384,0.17444627760483922,0.18233699695298156,1.7168466579868797,1.3834155339840895,0.05996519755928676,0.02013238022701748
-0.2596997449079384,0.17426589010468652,0.18188344070191342,1.7167553356246972,1.3833208402340131,0.059870716309515355,0.020180480851712104
-0.2594258074072516,0.17444627760483922,0.18206382820206612,1.7168469543750022,1.3834155339840895,0.059870716309515355,0.02013238022701748
-0.25951711990748066,0.17435608385476264,0.18215574695259984,1.7167856776160504,1.3833208402340131,0.059870716309515355,0.02013238022701748
-0.25951711990748066,0.17444627760483922,0.18188171570145584,1.7163585186321229,1.3833208402340131,0.06005967880905772,0.020180480851712104
-0.2596084324077093,0.17444627760483922,0.1822459407026764,1.7168772963663559,1.3832261464839368,0.06015416005882868,0.020036178977627786
-0.2599736824086248,0.17426589010468652,0.18197449695221857,1.7168163159955265,1.3833208402340131,0.059776235059744394,0.020036178977627786
-0.2596997449079384,0.17426589010468652,0.18170132820130314,1.7163585186321229,1.3832261464839368,0.06005967880905772,0.020180480851712104
-0.2596084324077093,0.17444627760483922,0.1822459407026764,1.7168772963663559,1.3840783902346236,0.06062656630768438,0.020420983975186338
-0.2596997449079384,0.17444627760483922,0.18215488445237127,1.716724697245221,1.3833208402340131,0.06005967880905772,0.020084279602322633
-0.25951711990748066,0.17453647135491535,0.18242719070305768,1.7165718017359641,1.3832261464839368,0.059870716309515355,0.020180480851712104
-0.25979105740816705,0.17462666510499192,0.18215315945191368,1.7165111177532573,1.3833208402340131,0.05996519755928676,0.02013238022701748
-0.2596084324077093,0.1741756963546104,0.181611134451227,1.7162668998818174,1.3833208402340131,0.059870716309515355,0.020084279602322633
-0.2596084324077093,0.17444627760483922,0.18206382820206612,1.7167553356246972,1.3834155339840895,0.05996519755928676,0.020180480851712104
-0.2596997449079384,0.17453647135491535,0.18233613445275254,1.7166024401154403,1.3832261464839368,0.059870716309515355,0.02013238022701748
-0.2596084324077093,0.17453647135491535,0.1820629657018371,1.7166943552538678,1.3832261464839368,0.05996519755928676,0.020036178977627786
-0.2596997449079384,0.17444627760483922,0.1817906594511507,1.7164807757619036,1.3832261464839368,0.05968175380997343,0.020084279602322633
-0.2596997449079384,0.17435608385476264,0.1820646907022947,1.7169079347458316,1.3834155339840895,0.05996519755928676,0.02013238022701748
-0.2596084324077093,0.17453647135491535,0.1822450782024474,1.7169079347458316,1.3832261464839368,0.05996519755928676,0.02022858147640695
-0.25951711990748066,0.17444627760483922,0.18215488445237127,1.7168163159955265,1.3836996152343184,0.06043760380814201,0.020324782725796645
-0.25951711990748066,0.17465815661114292,0.18224421570221883,1.7164804793737816,1.3834155339840895,0.06015416005882868,0.020180480851712104
-0.25979105740816705,0.17447776911099022,0.18206382820206612,1.7165720981240866,1.3830367589837842,0.05968175380997343,0.020084279602322633
-0.25951711990748066,0.17447776911099022,0.18197277195176098,1.716877592754478,1.3832261464839368,0.059870716309515355,0.02013238022701748
-0.2596084324077093,0.17447776911099022,0.18197277195176098,1.7166027365035623,1.3831314527338605,0.06005967880905772,0.020084279602322633
-0.2596997449079384,0.17429738161083752,0.18188344070191342,1.7166637168743917,1.3832261464839368,0.059870716309515355,0.020084279602322633
-0.25951711990748066,0.17438757536091365,0.18197363445198955,1.7167553356246972,1.3836996152343184,0.06043760380814201,0.02037288335049149
-0.25979105740816705,0.17438757536091365,0.1820646907022947,1.7169079347458316,1.3834155339840895,0.05996519755928676,0.02013238022701748
-0.2596084324077093,0.17456796286106635,0.18215402195214225,1.7167553356246972,1.3835102277341658,0.06005967880905772,0.02013238022701748
-0.25951711990748066,0.17456796286106635,0.18233613445275254,1.7168772963663559,1.3833208402340131,0.059870716309515355,0.020180480851712104
-0.2596084324077093,0.17456796286106635,0.1822450782024474,1.716724697245221,1.3833208402340131,0.059870716309515355,0.02013238022701748
-0.2596084324077093,0.17465815661114292,0.18224421570221883,1.7168469543750022,1.383604921484242,0.059776235059744394,0.02022858147640695
-0.2596084324077093,0.17438757536091365,0.18197363445198955,1.7167553356246972,1.3828473714836316,0.059492791310431066,0.019891877103543246
-0.2596084324077093,0.17438757536091365,0.18197363445198955,1.7168469543750022,1.3833208402340131,0.059870716309515355,0.020084279602322633
-0.2596997449079384,0.17438757536091365,0.18197363445198955,1.7168469543750022,1.3834155339840895,0.05996519755928676,0.020084279602322633
-0.2596997449079384,0.17438757536091365,0.1820646907022947,1.716724697245221,1.3833208402340131,0.06005967880905772,0.020036178977627786
-0.2596997449079384,0.17447776911099022,0.18215488445237127,1.716724697245221,1.3833208402340131,0.059776235059744394,0.020084279602322633
-0.2596997449079384,0.17438757536091365,0.18215574695259984,1.7167856776160504,1.3833208402340131,0.05996519755928676,0.020180480851712104
-0.25951711990748066,0.17447776911099022,0.18197277195176098,1.7166027365035623,1.3832261464839368,0.059870716309515355,0.020084279602322633
-0.2596084324077093,0.17447776911099022,0.18215488445237127,1.7168163159955265,1.3834155339840895,0.059870716309515355,0.02013238022701748
-0.2596997449079384,0.17447776911099022,0.18197277195176098,1.7166943552538678,1.3831314527338605,0.05958727256020203,0.01998807835293294
-0.2596084324077093,0.17456796286106635,0.18178979695092123,1.7165114141413795,1.3834155339840895,0.059870716309515355,0.020084279602322633
-0.25979105740816705,0.17429738161083752,0.18197449695221857,1.716633078494916,1.3832261464839368,0.059870716309515355,0.020084279602322633
-0.2596084324077093,0.17447776911099022,0.18233699695298156,1.717304751738406,1.3833208402340131,0.06005967880905772,0.020180480851712104
-0.2596084324077093,0.17447776911099022,0.18215488445237127,1.716724697245221,1.3834155339840895,0.06005967880905772,0.02022858147640695
-0.25951711990748066,0.17483854411129518,0.18242460320237108,1.7167553356246972,1.3833208402340131,0.05996519755928676,0.02022858147640695
-0.2596997449079384,0.17438757536091365,0.18197363445198955,1.7168469543750022,1.3832261464839368,0.05968175380997343,0.01998807835293294
-0.25979105740816705,0.17447776911099022,0.1824280532032867,1.716907638357709,1.3835102277341658,0.05996519755928676,0.020276682101101798
-0.25951711990748066,0.17438757536091365,0.18197363445198955,1.7170301918756123,1.3833208402340131,0.059870716309515355,0.02022858147640695
-0.2596997449079384,0.17447776911099022,0.18197277195176098,1.7166943552538678,1.3832261464839368,0.059870716309515355,0.020036178977627786
-0.2594258074072516,0.17447776911099022,0.18215488445237127,1.7168163159955265,1.3833208402340131,0.05968175380997343,0.02013238022701748
-0.25979105740816705,0.17447776911099022,0.18215488445237127,1.716724697245221,1.3836996152343184,0.06005967880905772,0.020324782725796645
-0.2596084324077093,0.17438757536091365,0.18197363445198955,1.7166637168743917,1.3832261464839368,0.059492791310431066,0.02013238022701748
-0.2596084324077093,0.17474835036121905,0.18251652195290524,1.716968915116661,1.383604921484242,0.059870716309515355,0.020276682101101798
-0.2596084324077093,0.17438757536091365,0.1820646907022947,1.7169995534961366,1.3833208402340131,0.06015416005882868,0.020180480851712104
-0.2596084324077093,0.17456796286106635,0.18215402195214225,1.7169961278153432,1.3832261464839368,0.05996519755928676,0.02022858147640695
-0.25951711990748066,0.17438757536091365,0.18215574695259984,1.7170264698066968,1.3834155339840895,0.059870716309515355,0.020084279602322633
-0.25979105740816705,0.17429738161083752,0.18197449695221857,1.716873870685562,1.3835102277341658,0.06015416005882868,0.020276682101101798
-0.2596997449079384,0.17447776911099022,0.18233699695298156,1.7170874501775262,1.3834155339840895,0.059870716309515355,0.020276682101101798
-0.2596997449079384,0.17447776911099022,0.18215488445237127,1.7172403456867826,1.3830367589837842,0.06005967880905772,0.020180480851712104
-0.2594258074072516,0.17483854411129518,0.18260671570298137,1.7169348510563913,1.3833208402340131,0.059870716309515355,0.019939977728238092
-0.2596084324077093,0.17447776911099022,0.18188171570145584,1.7169657858239895,1.3833208402340131,0.06015416005882868,0.020180480851712104
-0.2596997449079384,0.17438757536091365,0.18197363445198955,1.7169961278153432,1.3830367589837842,0.05968175380997343,0.02013238022701748
-0.25951711990748066,0.17447776911099022,0.18206382820206612,1.716904509065038,1.3833208402340131,0.05996519755928676,0.02013238022701748
-0.2596997449079384,0.17438757536091365,0.18197363445198955,1.7169961278153432,1.3833208402340131,0.05996519755928676,0.020276682101101798
-0.2596084324077093,0.17456796286106635,0.1822450782024474,1.7170571081861725,1.3841730839847,0.06072104755745534,0.02051718522457603
-0.2596084324077093,0.17447776911099022,0.1822459407026764,1.7169348510563913,1.3830367589837842,0.05968175380997343,0.020036178977627786
-0.2596084324077093,0.17438757536091365,0.1820646907022947,1.716873870685562,1.3837943089843947,0.06034312255837105,0.020324782725796645
-0.2594258074072516,0.17465815661114292,0.1824263282028291,1.7168432323060863,1.3832261464839368,0.05968175380997343,0.019939977728238092
-0.2593344949070229,0.17429738161083752,0.18188344070191342,1.716904509065038,1.383604921484242,0.06024864130860009,0.020180480851712104
-0.25979105740816705,0.17447776911099022,0.18233699695298156,1.7172706876781363,1.3833208402340131,0.059870716309515355,0.020084279602322633
-0.25979105740816705,0.17438757536091365,0.18197363445198955,1.716904509065038,1.3834155339840895,0.059870716309515355,0.020180480851712104
-0.2596084324077093,0.17456796286106635,0.18233613445275254,1.7171180885570019,1.3836996152343184,0.05996519755928676,0.020084279602322633
-0.2594258074072516,0.17456796286106635,0.1822450782024474,1.7170571081861725,1.3832261464839368,0.06005967880905772,0.02013238022701748
-0.2596084324077093,0.17447776911099022,0.18206382820206612,1.7170877465656482,1.3833208402340131,0.059870716309515355,0.020084279602322633
-0.2596084324077093,0.17456796286106635,0.18233613445275254,1.717209707307307,1.3833208402340131,0.06024864130860009,0.020180480851712104
-0.25951711990748066,0.17447776911099022,0.18197277195176098,1.717118384945124,1.3833208402340131,0.05968175380997343,0.020180480851712104
-0.25951711990748066,0.17456796286106635,0.18242719070305768,1.7172706876781363,1.3834155339840895,0.059870716309515355,0.02013238022701748
-0.25951711990748066,0.17438757536091365,0.18197363445198955,1.7169961278153432,1.3834155339840895,0.05996519755928676,0.02013238022701748
-0.2596997449079384,0.17456796286106635,0.18215402195214225,1.7170877465656482,1.3832261464839368,0.05968175380997343,0.020084279602322633
-0.2596997449079384,0.17456796286106635,0.18215402195214225,1.7169961278153432,1.3833208402340131,0.059776235059744394,0.020180480851712104
-0.25951711990748066,0.17438757536091365,0.1820646907022947,1.7172403456867826,1.3835102277341658,0.059870716309515355,0.02013238022701748
-0.2594258074072516,0.17438757536091365,0.1818825782016844,1.7168435286942088,1.3830367589837842,0.05958727256020203,0.019891877103543246
-0.2596997449079384,0.17447776911099022,0.18188171570145584,1.7167825483233794,1.3832261464839368,0.05958727256020203,0.020084279602322633
-0.25951711990748066,0.17474835036121905,0.1824254657026001,1.7172403456867826,1.383889002734471,0.06043760380814201,0.020324782725796645
-0.2596084324077093,0.17465815661114292,0.18224421570221883,1.7169961278153432,1.3833208402340131,0.059870716309515355,0.02013238022701748
-0.2596084324077093,0.17429738161083752,0.18170132820130314,1.7167825483233794,1.3834155339840895,0.059870716309515355,0.020180480851712104
-0.2594258074072516,0.17438757536091365,0.18197363445198955,1.7170877465656482,1.3833208402340131,0.059870716309515355,0.02013238022701748
-0.25979105740816705,0.17465815661114292,0.18224421570221883,1.7171793653159533,1.3832261464839368,0.05996519755928676,0.02013238022701748
-0.2596084324077093,0.17465815661114292,0.18233527195252397,1.7171487269364776,1.3834155339840895,0.059870716309515355,0.020180480851712104
-0.2596084324077093,0.1742071878607614,0.1817932469518373,1.7169961278153432,1.3831314527338605,0.05996519755928676,0.02013238022701748
-0.2596084324077093,0.17465815661114292,0.1824263282028291,1.7168432323060863,1.3830367589837842,0.059492791310431066,0.019939977728238092
-0.25951711990748066,0.17429738161083752,0.18197449695221857,1.7170571081861725,1.3832261464839368,0.05996519755928676,0.020036178977627786
-0.25951711990748066,0.17438757536091365,0.1820646907022947,1.7171487269364776,1.3830367589837842,0.05958727256020203,0.02013238022701748
-0.2596997449079384,0.17456796286106635,0.1822450782024474,1.7170571081861725,1.3833208402340131,0.059870716309515355,0.02022858147640695
-0.25951711990748066,0.17429738161083752,0.18179238445160828,1.7169351474445138,1.3834155339840895,0.059870716309515355,0.02013238022701748
-0.2596997449079384,0.17456796286106635,0.1822450782024474,1.7170571081861725,1.3833208402340131,0.059870716309515355,0.020036178977627786
-0.2596084324077093,0.17438757536091365,0.18215574695259984,1.7171180885570019,1.3837943089843947,0.05996519755928676,0.020084279602322633
-0.2596997449079384,0.17447776911099022,0.18215488445237127,1.7172403456867826,1.3837943089843947,0.06015416005882868,0.02022858147640695
-0.2594258074072516,0.17456796286106635,0.1822450782024474,1.7170571081861725,1.3835102277341658,0.06005967880905772,0.020180480851712104
-0.2594258074072516,0.17438757536091365,0.18224680320290498,1.7170874501775262,1.3833208402340131,0.059870716309515355,0.020180480851712104
-0.2596997449079384,0.17429738161083752,0.18179238445160828,1.7170267661948189,1.3835102277341658,0.05996519755928676,0.020276682101101798
-0.2596084324077093,0.17411699411068482,0.18170305320176072,1.7171793653159533,1.383604921484242,0.06005967880905772,0.020324782725796645
-0.2596084324077093,0.17456796286106635,0.18233613445275254,1.7170264698066968,1.3830367589837842,0.05968175380997343,0.020084279602322633
-0.2596084324077093,0.17438757536091365,0.1818825782016844,1.7169351474445138,1.3835102277341658,0.059870716309515355,0.020180480851712104
-0.25951711990748066,0.17447776911099022,0.1822459407026764,1.717209707307307,1.3832261464839368,0.059870716309515355,0.02013238022701748
-0.25951711990748066,0.17456796286106635,0.18215402195214225,1.7168128903147326,1.3830367589837842,0.05996519755928676,0.02022858147640695
-0.25988236990839614,0.17438757536091365,0.1820646907022947,1.7170571081861725,1.3832261464839368,0.05996519755928676,0.020180480851712104
-0.2596084324077093,0.17447776911099022,0.1822459407026764,1.7173929448079175,1.3837943089843947,0.060532085057913416,0.020469084599881185
-0.2596084324077093,0.17438757536091365,0.18197363445198955,1.7171793653159533,1.3833208402340131,0.05996519755928676,0.01998807835293294
-0.2596084324077093,0.17465815661114292,0.18233527195252397,1.7169654894358675,1.3833208402340131,0.06015416005882868,0.02013238022701748
-0.25951711990748066,0.17456796286106635,0.1822450782024474,1.7174235831873932,1.3833208402340131,0.05996519755928676,0.020276682101101798
-0.25951711990748066,0.17429738161083752,0.18197449695221857,1.7170571081861725,1.3836996152343184,0.06024864130860009,0.02037288335049149
-0.25951711990748066,0.17456796286106635,0.18242719070305768,1.7171790689278312,1.3834155339840895,0.06005967880905772,0.020180480851712104
-0.18147958479497833,0.22668171298836887,0.2690310840380036,2.1849223829691606,1.795362979750112,0.18962993666994035,0.3590952813811411
-0.1813217318545556,0.2265013254882166,0.26894175278815646,2.1853498383412107,1.8088404594119938,0.1895354554201694,0.3589509795070568
-0.1813217318545556,0.22677190673844544,0.2692123340383853,2.1852582195909056,1.8023510200463564,0.18944097417039799,0.35890287888236194
-0.1814130443547847,0.22659151923829274,0.2690319465382326,2.18498336333999,1.79337441099851,0.1895354554201694,0.35890287888236194
-0.1813217318545556,0.22677190673844544,0.2688481090371643,2.1849226793572827,1.8046488022284122,0.1895354554201694,0.3589509795070568
-0.1812969597945206,0.2265013254882166,0.2687596402875462,2.1848614025983313,1.8046488022284122,0.18962993666994035,0.3589509795070568
-0.18120564729429195,0.2263209379880639,0.26876136528800376,2.1850749820902955,1.7931850234983573,0.18962993666994035,0.3589509795070568
-0.1812969597945206,0.22659151923829274,0.26894089028792745,2.18513968453004,1.8015934700457459,0.18944097417039799,0.35871047638358255
-0.18120564729429195,0.22668171298836887,0.2691221402883087,2.1850174274002594,1.80817760316146,0.18962993666994035,0.3589509795070568
-0.18111433479406286,0.22659151923829274,0.2690319465382326,2.184834189899649,1.7945107359994252,0.18944097417039799,0.3587585770082774
-0.1813882722947497,0.22668171298836887,0.26884897153739284,2.184742867537466,1.798228924432626,0.18991338041925368,0.35904718075644626
-0.1812969597945206,0.22659151923829274,0.269305115289148,2.185017131012137,1.8100714781629859,0.18934649292062702,0.3589509795070568
-0.1812969597945206,0.22668171298836887,0.26894002778769843,2.1848954666586007,1.798228924432626,0.18934649292062702,0.35880667763297225
-0.18113910685409787,0.2265013254882166,0.26912386528876675,2.185322625642528,1.795362979750112,0.18991338041925368,0.3589509795070568
-0.18123041935432696,0.22662301074444374,0.2690319465382326,2.1852006649008695,1.809219234412299,0.18944097417039799,0.3587585770082774
-0.1814130443547847,0.22653281699436761,0.2688506965378513,2.18495644702943,1.8034873450472717,0.1895354554201694,0.35899908013175164
-0.18113910685409787,0.22653281699436761,0.26894175278815646,2.1850174274002594,1.7911713225665302,0.1895354554201694,0.35880667763297225
-0.18113910685409787,0.22644262324429104,0.2686694465374696,2.1852619416598213,1.8047434959784885,0.1897244179197113,0.3589509795070568
-0.1813217318545556,0.22662301074444374,0.2687587777873167,2.184742867537466,1.8054063522290227,0.18991338041925368,0.3591914826305308
-0.18120564729429195,0.22701527725090015,0.26893744028701183,2.184620906795807,1.79337441099851,0.1895354554201694,0.35899908013175164
-0.1813882722947497,0.22665450225059475,0.26894089028792745,2.18513968453004,1.8024457137964327,0.18962993666994035,0.3589509795070568
-0.1812969597945206,0.22674469600067088,0.2691221402883087,2.1851090461505644,1.8091245406622227,0.18981889916948272,0.3590952813811411
-0.18147958479497833,0.22674469600067088,0.2690310840380036,2.18513968453004,1.7948895109997305,0.18925201167085562,0.3589509795070568
-0.1812969597945206,0.22656430850051862,0.2687596402875462,2.1848954666586007,1.8014736441154446,0.1897244179197113,0.3589509795070568
-0.18123041935432696,0.22674469600067088,0.26894002778769843,2.18471222915799,1.8102608656631385,0.1897244179197113,0.3589509795070568
-0.18123041935432696,0.22692508350082358,0.2693025277884614,2.1852006649008695,1.7987970869330834,0.18962993666994035,0.3588547782576671
-0.1814130443547847,0.22671320449451987,0.2691221402883087,2.1850174274002594,1.7952682860000357,0.18925201167085562,0.3587585770082774
-0.1812969597945206,0.22671320449451987,0.269304252788919,2.185231006892223,1.80893515316207,0.1895354554201694,0.35899908013175164
-0.1812969597945206,0.22671320449451987,0.2691221402883087,2.1849258086499543,1.8000532378643,0.1895354554201694,0.3590952813811411
-0.1813882722947497,0.22671320449451987,0.2690310840380036,2.18495644702943,1.7906978538161487,0.18962993666994035,0.35899908013175164
-0.1812969597945206,0.22680339824459644,0.2692123340383853,2.185533075841821,1.8075147469109258,0.18925201167085562,0.35880667763297225
-0.18111433479406286,0.22671320449451987,0.2690310840380036,2.185346412660417,1.8019722450460511,0.18981889916948272,0.35904718075644626
-0.1812721877344856,0.22671320449451987,0.2691221402883087,2.1853157742809417,1.7935637984986625,0.18981889916948272,0.35899908013175164
-0.18108956273402788,0.22662301074444374,0.2688498340376223,2.1853194963498574,1.80521696472887,0.18962993666994035,0.35890287888236194
-0.1813635002347147,0.22671320449451987,0.26894002778769843,2.185227877599552,1.8082722969115363,0.1897244179197113,0.3590952813811411
-0.18099825023379923,0.22671320449451987,0.2690310840380036,2.1852547939101123,1.79413196099912,0.18944097417039799,0.35871047638358255
-0.18108956273402788,0.22662301074444374,0.26912300278853774,2.18522758121143,1.8003373191145289,0.18962993666994035,0.35899908013175164
-0.18120564729429195,0.22653281699436761,0.2688506965378513,2.185380476720687,1.81189579159466,0.18962993666994035,0.3589509795070568
-0.18120564729429195,0.22698378574474914,0.26930166528823285,2.185529650161028,1.7972819869318628,0.1895354554201694,0.35890287888236194
-0.18147958479497833,0.22662301074444374,0.2690319465382326,2.185441457091516,1.7978501494323207,0.1895354554201694,0.35904718075644626
-0.1813882722947497,0.22671320449451987,0.26894002778769843,2.1853194963498574,1.8091245406622227,0.1895354554201694,0.35899908013175164
-0.18120564729429195,0.22680339824459644,0.269030221537775,2.1854686697901986,1.8008107878649104,0.1897244179197113,0.35899908013175164
-0.18120564729429195,0.22662301074444374,0.2690319465382326,2.1851325367803307,1.7924970350675986,0.18962993666994035,0.35914338200583595
-0.18111433479406286,0.22680339824459644,0.26912127778808015,2.1852888579703813,1.80893515316207,0.1897244179197113,0.35904718075644626
-0.18111433479406286,0.22680339824459644,0.26930339028869044,2.1855024374623455,1.8028244887967375,0.18962993666994035,0.35899908013175164
-0.18147958479497833,0.2263524294942149,0.26876136528800376,2.1852582195909056,1.7943213484992726,0.1895354554201694,0.35904718075644626
-0.18120564729429195,0.22662301074444374,0.2688498340376223,2.1853194963498574,1.8048381897285648,0.19000786166902464,0.35899908013175164
-0.18120564729429195,0.22653281699436761,0.2688506965378513,2.185380476720687,1.8049328834786411,0.1897244179197113,0.35904718075644626
-0.1812969597945206,0.22653281699436761,0.2690328090384616,2.1855940562126506,1.8002426253644526,0.19010234291879605,0.3590952813811411
-0.1812969597945206,0.22671320449451987,0.26921319653861386,2.1855024374623455,1.8120851790948127,0.18962993666994035,0.35904718075644626
-0.1813882722947497,0.22680339824459644,0.2692123340383853,2.185441457091516,1.7952682860000357,0.18962993666994035,0.3589509795070568
-0.18111433479406286,0.22698378574474914,0.269392721538538,2.185441457091516,1.7980395369324733,0.1897244179197113,0.3589509795070568
-0.1812969597945206,0.22662301074444374,0.2690319465382326,2.185441457091516,1.8098820906628332,0.18991338041925368,0.3591914826305308
-0.18120564729429195,0.22662301074444374,0.2690319465382326,2.185533075841821,1.797944843182397,0.18944097417039799,0.3589509795070568
-0.18120564729429195,0.2271956647510524,0.26957310903869025,2.185441457091516,1.7951735922499594,0.1897244179197113,0.35899908013175164
-0.1812969597945206,0.22674469600067088,0.2691221402883087,2.185533075841821,1.8083669906616127,0.18962993666994035,0.35904718075644626
-0.1812969597945206,0.22674469600067088,0.2690310840380036,2.185380476720687,1.80225632629628,0.1895354554201694,0.3590952813811411
-0.1812969597945206,0.22665450225059475,0.26894089028792745,2.185380476720687,1.7905084663159965,0.1895354554201694,0.3588547782576671
-0.18120564729429195,0.22692508350082358,0.2692114715381563,2.1852888579703813,1.8044594147282595,0.18981889916948272,0.35890287888236194
-0.1813882722947497,0.22656430850051862,0.2687596402875462,2.185227877599552,1.8047434959784885,0.1897244179197113,0.35899908013175164
-0.1812969597945206,0.22683488975074745,0.2692123340383853,2.1853498383412107,1.7935637984986625,0.18981889916948272,0.3590952813811411
-0.1810230222938342,0.22665450225059475,0.2688498340376223,2.1854111151001625,1.8027297950466612,0.190196824168567,0.3592876838799205
-0.1812969597945206,0.22701527725090015,0.26930166528823285,2.1856212689113326,1.8094086219124517,0.190196824168567,0.35923958325522565
-0.18093170979360512,0.22659580000666962,0.2688506965378513,2.185862061101979,1.7951735922499594,0.18991338041925368,0.35899908013175164
-0.1812969597945206,0.22674469600067088,0.26894002778769843,2.185526224480234,1.7975660681820917,0.1895354554201694,0.35890287888236194
-0.18111433479406286,0.22656430850051862,0.2688506965378513,2.1859536798522843,1.8128427290954232,0.18981889916948272,0.35904718075644626
-0.18111433479406286,0.22683488975074745,0.2692123340383853,2.185831422722503,1.7987970869330834,0.19010234291879605,0.35904718075644626
-0.18120564729429195,0.22674469600067088,0.26894002778769843,2.1858010807311494,1.7950788984998831,0.18981889916948272,0.35904718075644626
-0.18108956273402788,0.22692508350082358,0.2693025277884614,2.185923041472808,1.8091245406622227,0.19010234291879605,0.35914338200583595
-0.1812474156744506,0.22674469600067088,0.2687579152870877,2.185587501239185,1.7999585441142236,0.18991338041925368,0.3591914826305308
-0.18152135317513743,0.22674469600067088,0.2691221402883087,2.185923041472808,1.7906031600660728,0.1897244179197113,0.35890287888236194
-0.18097347817376422,0.22674469600067088,0.26894002778769843,2.185560288540503,1.8077041344110785,0.19000786166902464,0.35914338200583595
-0.1813387281746797,0.22683488975074745,0.269030221537775,2.1857094619808444,1.8021616325462038,0.19010234291879605,0.35904718075644626
-0.18143004067490834,0.22665450225059475,0.2688498340376223,2.1858010807311494,1.7937531859988147,0.190196824168567,0.35914338200583595
-0.18115610317422196,0.22665450225059475,0.2690319465382326,2.185682249282162,1.8055957397291749,0.18991338041925368,0.3590952813811411
-0.18115610317422196,0.22665450225059475,0.2690319465382326,2.185865486782773,1.8086510719118412,0.18981889916948272,0.35914338200583595
-0.18115610317422196,0.22674469600067088,0.2691221402883087,2.1855906305318573,1.7946054297495015,0.1895354554201694,0.35890287888236194
-0.18143004067490834,0.22692508350082358,0.26939358403876656,2.1856516109026867,1.8010948691151394,0.18981889916948272,0.35904718075644626
-0.18115610317422196,0.22665450225059475,0.2690319465382326,2.1854073930312463,1.8126533415952706,0.18981889916948272,0.3590952813811411
-0.18143004067490834,0.22674469600067088,0.2690310840380036,2.185712887661638,1.7980395369324733,0.19000786166902464,0.35904718075644626
-0.1812474156744506,0.22656430850051862,0.2686685840372406,2.185590926919979,1.7948895109997305,0.1897244179197113,0.35904718075644626
-0.18108956273402788,0.22683488975074745,0.26912127778808015,2.1858045064119436,1.8094086219124517,0.18981889916948272,0.35899908013175164
-0.18143004067490834,0.22665450225059475,0.2688498340376223,2.1856519072908087,1.8006214003647578,0.18981889916948272,0.3590952813811411
-0.18115610317422196,0.22692508350082358,0.2693025277884614,2.185865486782773,1.7921182600672934,0.19010234291879605,0.3589509795070568
-0.1813387281746797,0.22701527725090015,0.26930166528823285,2.185712887661638,1.80893515316207,0.19038578666810937,0.3591914826305308
-0.18097347817376422,0.22692508350082358,0.2692114715381563,2.185712887661638,1.8024457137964327,0.18991338041925368,0.35899908013175164
-0.18115610317422196,0.22683488975074745,0.26912127778808015,2.185896125162248,1.7939425734989674,0.190196824168567,0.3590952813811411
-0.1813387281746797,0.22674469600067088,0.26894002778769843,2.185835144791419,1.8048381897285648,0.19000786166902464,0.35904718075644626
-0.18152135317513743,0.22683488975074745,0.2689391652874694,2.1859574019211996,1.8077041344110785,0.18981889916948272,0.35904718075644626
-0.18143004067490834,0.22674469600067088,0.26894002778769843,2.185743526041114,1.7937531859988147,0.19000786166902464,0.35899908013175164
-0.1812474156744506,0.22674469600067088,0.26921319653861386,2.1857432296529913,1.799769156614071,0.18991338041925368,0.35904718075644626
-0.1813387281746797,0.22701527725090015,0.26930166528823285,2.1858045064119436,1.812179872844889,0.19000786166902464,0.35904718075644626
-0.18088216567353513,0.22701527725090015,0.2696658902894534,2.1855903341437344,1.7955523672502647,0.190196824168567,0.35923958325522565
-0.1812474156744506,0.22692508350082358,0.2693025277884614,2.185682249282162,1.7985130056828549,0.19010234291879605,0.35904718075644626
-0.1813387281746797,0.22674469600067088,0.269304252788919,2.185712591273516,1.8098820906628332,0.190196824168567,0.35904718075644626
-0.18106479067399286,0.22665450225059475,0.26894089028792745,2.185712887661638,1.8009054816149868,0.19010234291879605,0.3592876838799205
-0.18115610317422196,0.22674469600067088,0.26894002778769843,2.185835144791419,1.7945107359994252,0.19000786166902464,0.3589509795070568
-0.1813635002347147,0.22704676875705115,0.269028496537317,2.1855299465491496,1.8080829094113837,0.190196824168567,0.3591914826305308
-0.1813387281746797,0.22704676875705115,0.26930166528823285,2.1859877439125537,1.8017828575458985,0.19038578666810937,0.3590952813811411
-0.18106479067399286,0.22662729151282063,0.26894175278815646,2.185865486782773,1.7929009422481283,0.19000786166902464,0.35899908013175164
-0.1812474156744506,0.22698806651312559,0.26912041528785113,2.1859267635417243,1.8044594147282595,0.190196824168567,0.35904718075644626
-0.18106479067399286,0.22707826026320216,0.26948377778884314,2.186224814034284,1.8050275772287174,0.19010234291879605,0.35904718075644626
-0.18106479067399286,0.22707826026320216,0.269392721538538,2.1860722149131493,1.7945107359994252,0.190196824168567,0.35923958325522565
-0.18115610317422196,0.22689787276304946,0.26912127778808015,2.1859536798522843,1.8040555075477296,0.19038578666810937,0.3591914826305308
-0.18115610317422196,0.22707826026320216,0.269392721538538,2.1861978977237237,1.8129374228454995,0.19038578666810937,0.3591914826305308
-0.18115610317422196,0.22698806651312559,0.2693025277884614,2.1860722149131493,1.7950788984998831,0.19000786166902464,0.35890287888236194
-0.18090693773357014,0.22707826026320216,0.2692106090379277,2.18598431823176,1.798228924432626,0.19038578666810937,0.35923958325522565
-0.1812721877344856,0.22671748526289676,0.2690319465382326,2.185923041472808,1.809503315662528,0.190196824168567,0.3591914826305308
-0.18118087523425697,0.22680767901297288,0.269304252788919,2.186102556904503,1.7983236181827023,0.19029130541833797,0.3592876838799205
-0.18118087523425697,0.22704676875705115,0.269392721538538,2.186347071164065,1.7950788984998831,0.19038578666810937,0.3591914826305308
-0.18118087523425697,0.22695657500697458,0.26912041528785113,2.1858010807311494,1.8083669906616127,0.19000786166902464,0.35904718075644626
-0.18118087523425697,0.22668599375674575,0.2687587777873167,2.1859808925509663,1.7994850753638425,0.19029130541833797,0.3591914826305308
-0.1813387281746797,0.22671748526289676,0.2689671885689725,2.1861028532926254,1.7906031600660728,0.19038578666810937,0.3592876838799205
-0.18115610317422196,0.22671748526289676,0.2689024305997123,2.18616755573237,1.8074200531608495,0.19029130541833797,0.3590952813811411
-0.1813387281746797,0.22707826026320216,0.26935426185032285,2.1859536798522843,1.8018775512959748,0.19038578666810937,0.3590952813811411
-0.18106479067399286,0.22680767901297288,0.2691747368503987,2.1861062789734187,1.794416042249349,0.1906692304174227,0.35943198575400503
-0.1813387281746797,0.22707826026320216,0.2692632056000177,2.1857094619808444,1.8025404075465086,0.19010234291879605,0.35899908013175164
-0.18115610317422196,0.22662729151282063,0.2689032930999413,2.1860452986025893,1.8088404594119938,0.19038578666810937,0.3590952813811411
-0.1812474156744506,0.22689787276304946,0.26917387435017015,2.1859536798522843,1.7952682860000357,0.19085819291696463,0.35933578450461534
-0.1813635002347147,0.22680767901297288,0.2690836806000936,2.1860452986025893,1.8009054816149868,0.19038578666810937,0.3590952813811411
-0.1812721877344856,0.22659580000666962,0.2688122368496362,2.185892699481455,1.8132215040957285,0.19048026791788034,0.3590952813811411
-0.1812721877344856,0.22671748526289676,0.26899348685001745,2.1859536798522843,1.7986076994329312,0.19029130541833797,0.35914338200583595
-0.18108956273402788,0.22686638125689845,0.26917387435017015,2.1861369173528944,1.7981342306825496,0.19029130541833797,0.35899908013175164
-0.18108956273402788,0.22704676875705115,0.26935426185032285,2.185862061101979,1.8096927031626806,0.19038578666810937,0.35914338200583595
-0.18118087523425697,0.22668599375674575,0.2690845431003226,2.1861978977237237,1.8005267066146815,0.19076371166719366,0.35904718075644626
-0.18118087523425697,0.22668599375674575,0.2688113743494067,2.186198194111846,1.791076628816454,0.19029130541833797,0.3589509795070568
-0.18090693773357014,0.22686638125689845,0.26917387435017015,2.1861369173528944,1.8077988281611548,0.19048026791788034,0.35933578450461534
-0.18108956273402788,0.22695657500697458,0.2692640681002463,2.1861369173528944,1.80225632629628,0.1906692304174227,0.35933578450461534
-0.1813387281746797,0.22689787276304946,0.2692649306004753,2.1861062789734187,1.79337441099851,0.1906692304174227,0.3591914826305308
-0.1812474156744506,0.22707826026320216,0.269445318100628,2.186289516474029,1.8051222709787937,0.1905747491676513,0.3590952813811411
-0.18115610317422196,0.22698806651312559,0.26917301184994114,2.185892699481455,1.8061639022296327,0.19085819291696463,0.3593838851293102
-0.1812474156744506,0.22671748526289676,0.26917559935062774,2.186075640593943,1.7947948172496542,0.19048026791788034,0.3589509795070568
-0.1812721877344856,0.22689787276304946,0.2692649306004753,2.1861978977237237,1.8039608137976533,0.19048026791788034,0.3591914826305308
-0.18090693773357014,0.22686638125689845,0.269082818099865,2.186075936982065,1.8120851790948127,0.19048026791788034,0.3591914826305308
-0.18118087523425697,0.22668599375674575,0.2688113743494067,2.1860149566112357,1.7947948172496542,0.1906692304174227,0.35904718075644626
-0.18118087523425697,0.22677618750682188,0.26890156809948285,2.1860149566112357,1.797660761932168,0.1905747491676513,0.35914338200583595
-0.1812721877344856,0.22659580000666962,0.2689032930999413,2.18641177360381,1.8090298469121464,0.1906692304174227,0.3591914826305308
-0.18099825023379923,0.22686638125689845,0.26917387435017015,2.1857704423516737,1.7978501494323207,0.19085819291696463,0.35933578450461534
-0.18099825023379923,0.22677618750682188,0.2690836806000936,2.1860452986025893,1.7945107359994252,0.190196824168567,0.35899908013175164
-0.1813635002347147,0.22686638125689845,0.26917387435017015,2.1860452986025893,1.8086510719118412,0.19076371166719366,0.3591914826305308
-0.18118087523425697,0.22677618750682188,0.26899262434978843,2.186075936982065,1.7998638503641473,0.1906692304174227,0.35914338200583595
-0.18118087523425697,0.22677618750682188,0.26899262434978843,2.18616755573237,1.7905084663159965,0.19038578666810937,0.35890287888236194
-0.1812721877344856,0.22677618750682188,0.2690836806000936,2.1861028532926254,1.8046488022284122,0.19085819291696463,0.35914338200583595
-0.1812721877344856,0.22686638125689845,0.2692649306004753,2.186313007103796,1.8017828575458985,0.1905747491676513,0.35904718075644626
-0.18099825023379923,0.22677618750682188,0.2690836806000936,2.1864352642335767,1.793847879748891,0.19048026791788034,0.3589509795070568
-0.18145481273494335,0.22677618750682188,0.2690836806000936,2.1863777095435406,1.8033926512971954,0.1906692304174227,0.3590952813811411
-0.18145481273494335,0.22686638125689845,0.269082818099865,2.1864083479230167,1.8098820906628332,0.19085819291696463,0.35904718075644626
-0.18108956273402788,0.22713696250712728,0.2695355118507041,2.186313007103796,1.7954576735001884,0.1905747491676513,0.35904718075644626
-0.1812721877344856,0.22686638125689845,0.2692649306004753,2.18643868991437,1.801284256615292,0.191047155416507,0.3591914826305308
-0.18108956273402788,0.22668599375674575,0.26899348685001745,2.1863777095435406,1.8122745665949653,0.19085819291696463,0.35923958325522565
-0.1812721877344856,0.22695657500697458,0.2693551243505514,2.186496244604406,1.7950788984998831,0.1911416366662784,0.35933578450461534
-0.18163743773540109,0.22668599375674575,0.2687203180991016,2.186527179372004,1.793847879748891,0.19095267416673603,0.3591914826305308
-0.18115610317422196,0.22704676875705115,0.269445318100628,2.186347071164065,1.8080829094113837,0.19095267416673603,0.35914338200583595
-0.18104001861395785,0.22677618750682188,0.26899262434978843,2.186649140113663,1.7966191306813286,0.19123611791604936,0.3592876838799205
-0.1812226436144156,0.22713696250712728,0.2697176243513144,2.1864690319057236,1.8084616844116885,0.191047155416507,0.35923958325522565
-0.18104001861395785,0.22704676875705115,0.26935426185032285,2.18601123454232,1.8037714262975006,0.19133059916582032,0.35933578450461534
-0.18115610317422196,0.22704676875705115,0.2691721493497121,2.1859808925509663,1.7948895109997305,0.19085819291696463,0.3590952813811411
-0.18118087523425697,0.22713696250712728,0.2691712868494831,2.186286387181358,1.806542677229938,0.19085819291696463,0.3592876838799205
-0.18118087523425697,0.22677618750682188,0.2690836806000936,2.1862860907932355,1.8095980094126043,0.19133059916582032,0.3592876838799205
-0.1812721877344856,0.22686638125689845,0.269082818099865,2.186225110422406,1.7949842047498068,0.19095267416673603,0.35904718075644626
-0.18115610317422196,0.22680767901297288,0.2691747368503987,2.186347071164065,1.8033926512971954,0.19085819291696463,0.3591914826305308
-0.18106479067399286,0.22698806651312559,0.2693551243505514,2.18625545241376,1.8117064040945074,0.19095267416673603,0.3591914826305308
-0.18115610317422196,0.22692936426920046,0.2692649306004753,2.1866219274149805,1.7946054297495015,0.1911416366662784,0.3592876838799205
-0.1809487061137292,0.2270195580192766,0.2693551243505514,2.18625545241376,1.7973766806819391,0.191047155416507,0.3592876838799205
-0.1812226436144156,0.22710975176935316,0.2692632056000177,2.1864083479230167,1.8088404594119938,0.1911416366662784,0.35923958325522565
-0.18104001861395785,0.2268391705191239,0.2690836806000936,2.1863777095435406,1.7969979056816339,0.19095267416673603,0.35899908013175164
-0.1812226436144156,0.2270195580192766,0.2693551243505514,2.186163833663455,1.7947948172496542,0.1911416366662784,0.35904718075644626
-0.1809487061137292,0.2268391705191239,0.26926579310070387,2.18668290778581,1.80893515316207,0.1915195616653627,0.35933578450461534
-0.18131395611464468,0.22692936426920046,0.2692649306004753,2.1865303086646755,1.7999585441142236,0.19085819291696463,0.35923958325522565
-0.18113133111418694,0.22674897676904776,0.2690845431003226,2.1865303086646755,1.7911713225665302,0.19123611791604936,0.3590952813811411
-0.1813387281746797,0.22692936426920046,0.26917387435017015,2.1863777095435406,1.8050275772287174,0.1911416366662784,0.3591914826305308
-0.18106479067399286,0.22710975176935316,0.2692632056000177,2.1863167291727112,1.8017828575458985,0.19085819291696463,0.3590952813811411
-0.1812226436144156,0.2270195580192766,0.2692640681002463,2.186469328293846,1.79337441099851,0.19085819291696463,0.3590952813811411
-0.18113133111418694,0.2270195580192766,0.2693551243505514,2.18625545241376,1.8025404075465086,0.1911416366662784,0.3592876838799205
-0.18113133111418694,0.2270195580192766,0.26917301184994114,2.186499966673322,1.8083669906616127,0.1915195616653627,0.3591914826305308
-0.18131395611464468,0.2268391705191239,0.2690836806000936,2.1862860907932355,1.7948895109997305,0.1911416366662784,0.35923958325522565
-0.18085739361350012,0.22692936426920046,0.26935598685078044,2.1864996702851993,1.8008107878649104,0.1911416366662784,0.3591914826305308
-0.1809487061137292,0.22692936426920046,0.269082818099865,2.1863167291727112,1.81189579159466,0.191047155416507,0.3591914826305308
-0.18113133111418694,0.2268391705191239,0.26899262434978843,2.186225110422406,1.7972819869318628,0.19095267416673603,0.35899908013175164
-0.1809487061137292,0.22710975176935316,0.2692632056000177,2.1863167291727112,1.796713824431405,0.19085819291696463,0.35899908013175164
-0.18115610317422196,0.22692936426920046,0.269082818099865,2.1863167291727112,1.8074200531608495,0.19076371166719366,0.35890287888236194
-0.1812474156744506,0.2271999455194293,0.269444455600399,2.1863777095435406,1.7992009941136136,0.1911416366662784,0.3591914826305308
-0.18076608111327147,0.2270195580192766,0.2693551243505514,2.186347071164065,1.7906978538161487,0.19123611791604936,0.3590952813811411
-0.1812226436144156,0.22692936426920046,0.26917387435017015,2.186469328293846,1.8077988281611548,0.191047155416507,0.3591914826305308
-0.1812226436144156,0.22692936426920046,0.26917387435017015,2.186469328293846,1.8026351012965849,0.1911416366662784,0.3590952813811411
-0.18113133111418694,0.2268391705191239,0.26890156809948285,2.1861641300515764,1.7950788984998831,0.191047155416507,0.3592876838799205
-0.1812226436144156,0.22692936426920046,0.269082818099865,2.186465902613052,1.806542677229938,0.19095267416673603,0.3590952813811411
-0.18113133111418694,0.22710975176935316,0.26953637435093314,2.186798017165881,1.8099767844129095,0.19123611791604936,0.35923958325522565
-0.18085739361350012,0.2270195580192766,0.26917301184994114,2.1867983135540037,1.795362979750112,0.19123611791604936,0.3591914826305308
-0.18106479067399286,0.22710975176935316,0.269081093099407,2.186493115311734,1.8004320128646052,0.1911416366662784,0.35904718075644626
-0.18088216567353513,0.22707826026320216,0.269445318100628,2.1868286555453573,1.8112329353441263,0.1911416366662784,0.35923958325522565
-0.1813387281746797,0.22698806651312559,0.2693551243505514,2.1869202742956624,1.7932797172484336,0.1915195616653627,0.35923958325522565
-0.18115610317422196,0.22707826026320216,0.2696274306012383,2.1867673787864055,1.795672193180566,0.19133059916582032,0.3591914826305308
-0.18115610317422196,0.22707826026320216,0.26935426185032285,2.186859293924833,1.8077041344110785,0.1915195616653627,0.3592876838799205
-0.1812226436144156,0.22692936426920046,0.2689007055992543,2.186676352812345,1.7960509681808712,0.19133059916582032,0.35904718075644626
-0.18104001861395785,0.22692936426920046,0.26917387435017015,2.186950912675138,1.7911713225665302,0.1915195616653627,0.35923958325522565
-0.18104001861395785,0.22710975176935316,0.2692632056000177,2.186523457303088,1.8088404594119938,0.19142508041559173,0.3591914826305308
-0.18104001861395785,0.2268391705191239,0.26899262434978843,2.1867066948036986,1.8034873450472717,0.19123611791604936,0.35923958325522565
-0.18113133111418694,0.2270195580192766,0.2692640681002463,2.186767675174528,1.7952682860000357,0.19123611791604936,0.35923958325522565
-0.18097347817376422,0.22710975176935316,0.269081093099407,2.186527179372004,1.806826758480167,0.19133059916582032,0.3591914826305308
-0.18106479067399286,0.2271999455194293,0.26935339935009384,2.1867066948036986,1.809787396912757,0.1915195616653627,0.3591914826305308
-0.1812474156744506,0.22710975176935316,0.2692632056000177,2.1867066948036986,1.7952682860000357,0.19170852416490505,0.3593838851293102
-0.18097347817376422,0.22707826026320216,0.26953637435093314,2.186832081226151,1.8028244887967375,0.19161404291513365,0.3592876838799205
-0.18104001861395785,0.22707826026320216,0.2692632056000177,2.1867407588639676,1.8106647728436684,0.19161404291513365,0.35914338200583595
-0.18101524655392287,0.22698806651312559,0.26917301184994114,2.1867066948036986,1.792806248498052,0.1915195616653627,0.3592876838799205
-0.18101524655392287,0.22707826026320216,0.2696274306012383,2.1870762990975905,1.7959562744307949,0.19161404291513365,0.35923958325522565
-0.1811978715543806,0.22707826026320216,0.26935426185032285,2.186801739234797,1.8077041344110785,0.19133059916582032,0.35923958325522565
-0.1809487061137292,0.2270195580192766,0.2693551243505514,2.1869202742956624,1.7969979056816339,0.19170852416490505,0.3592876838799205
-0.1812226436144156,0.22692936426920046,0.269082818099865,2.1867983135540037,1.7948895109997305,0.1915195616653627,0.35923958325522565
-0.1812474156744506,0.22707826026320216,0.26953637435093314,2.186832081226151,1.8096927031626806,0.19170852416490505,0.3591914826305308
-0.18106479067399286,0.2271684540132783,0.2695355118507041,2.186737036795052,1.804150201297806,0.1915195616653627,0.3590952813811411
-0.18106479067399286,0.22707826026320216,0.26953637435093314,2.1868896359161867,1.792591728817675,0.19170852416490505,0.3591914826305308
-0.1812226436144156,0.22689787276304946,0.2692649306004753,2.186954338355932,1.806542677229938,0.19161404291513365,0.3591914826305308
-0.18104001861395785,0.22707826026320216,0.2692632056000177,2.1867407588639676,1.8058798209794038,0.19170852416490505,0.3592876838799205
-0.18140526861487333,0.22698806651312559,0.2692640681002463,2.1866760564242225,1.793847879748891,0.19189748666444698,0.3592876838799205
-0.18076608111327147,0.22707826026320216,0.2692632056000177,2.186465902613052,1.8016881637958222,0.19161404291513365,0.3591914826305308
-0.1809487061137292,0.22707826026320216,0.26953637435093314,2.1869236999764556,1.8076094406610022,0.19170852416490505,0.3591914826305308
-0.18083262155346513,0.22707826026320216,0.26935426185032285,2.186767675174528,1.7932797172484336,0.19170852416490505,0.35923958325522565
-0.18101524655392287,0.22707826026320216,0.2692632056000177,2.186649140113663,1.7959562744307949,0.1915195616653627,0.3591914826305308
-0.18110655905415196,0.22689787276304946,0.2689007055992543,2.186710416872614,1.8113276290942026,0.19161404291513365,0.35914338200583595
-0.18110655905415196,0.22707826026320216,0.2692632056000177,2.1869239963645786,1.7973766806819391,0.1915195616653627,0.3589509795070568
-0.18083262155346513,0.22725864776335442,0.26962570560078025,2.186679482105016,1.7952682860000357,0.19208644916398934,0.35943198575400503
-0.1811978715543806,0.22680767901297288,0.26899262434978843,2.1867407588639676,1.8096927031626806,0.19180300541467601,0.35933578450461534
-0.18104001861395785,0.2271684540132783,0.269444455600399,2.186618501734187,1.801000175365063,0.1915195616653627,0.3591914826305308
-0.18104001861395785,0.22698806651312559,0.2692640681002463,2.186618501734187,1.7922129538173697,0.19161404291513365,0.35914338200583595
-0.18110655905415196,0.22707826026320216,0.2692632056000177,2.1869239963645786,1.80817760316146,0.19133059916582032,0.3589509795070568
-0.18110655905415196,0.22714124327550417,0.26953637435093314,2.186832081226151,1.8028244887967375,0.19246437416307363,0.3593838851293102
-0.18080784949343015,0.22714124327550417,0.269445318100628,2.186954338355932,1.793847879748891,0.1915195616653627,0.35904718075644626
-0.18108178699411698,0.22696085577535147,0.269082818099865,2.1867407588639676,1.8055957397291749,0.19189748666444698,0.3591914826305308
-0.18117309949434562,0.2268706620252749,0.26899262434978843,2.186649140113663,1.8086510719118412,0.19170852416490505,0.35904718075644626
-0.1811978715543806,0.22696085577535147,0.269082818099865,2.186832377614273,1.7947948172496542,0.19180300541467601,0.3591914826305308
-0.18085739361350012,0.22714124327550417,0.269445318100628,2.1867711008553217,1.8004320128646052,0.19189748666444698,0.3592876838799205
-0.18113133111418694,0.22714124327550417,0.2692632056000177,2.186649140113663,1.81189579159466,0.19180300541467601,0.3591914826305308
-0.18104001861395785,0.22714124327550417,0.2692632056000177,2.186649140113663,1.7946054297495015,0.19208644916398934,0.3592876838799205
-0.18113133111418694,0.2268706620252749,0.26899262434978843,2.1865575213633575,1.797660761932168,0.19236989291330267,0.3593838851293102
-0.18085739361350012,0.2270510495254276,0.2692640681002463,2.186984976735408,1.8083669906616127,0.19189748666444698,0.3590952813811411
-0.18104001861395785,0.22714124327550417,0.2692632056000177,2.1867407588639676,1.7970925994317102,0.19208644916398934,0.3592876838799205
-0.18104001861395785,0.2268706620252749,0.26899262434978843,2.1867407588639676,1.79413196099912,0.19199196791421838,0.3591914826305308
-0.1809487061137292,0.2270510495254276,0.2689908993493304,2.186710416872614,1.80817760316146,0.19189748666444698,0.3591914826305308
-0.18113133111418694,0.22696085577535147,0.26935598685078044,2.1867404624758455,1.8024457137964327,0.19189748666444698,0.35904718075644626
-0.1812226436144156,0.2272314370255803,0.26935339935009384,2.186649140113663,1.7951735922499594,0.19236989291330267,0.35933578450461534
-0.1809487061137292,0.22696085577535147,0.2692649306004753,2.1870459571062373,1.8066373709800143,0.19189748666444698,0.35899908013175164
-0.18113133111418694,0.22696085577535147,0.269082818099865,2.186832377614273,1.8070161459803196,0.19208644916398934,0.3592876838799205
-0.18085739361350012,0.2270510495254276,0.26917301184994114,2.1865575213633575,1.7951735922499594,0.1921809304137603,0.3592876838799205
-0.1809487061137292,0.22714124327550417,0.2692632056000177,2.1869239963645786,1.8030138762968901,0.1922754116635317,0.35923958325522565
-0.18080784949343015,0.2270510495254276,0.26917301184994114,2.1869239963645786,1.7932797172484336,0.19189748666444698,0.35904718075644626
-0.18108178699411698,0.2272314370255803,0.269444455600399,2.1867101204844923,1.795672193180566,0.19189748666444698,0.3588547782576671
-0.1807165369932015,0.22714124327550417,0.269445318100628,2.1867711008553217,1.80817760316146,0.19246437416307363,0.3592876838799205
-0.1809904744938879,0.22714124327550417,0.26935426185032285,2.186801739234797,1.7969979056816339,0.19189748666444698,0.3590952813811411
-0.18080784949343015,0.22714124327550417,0.2692632056000177,2.1867407588639676,1.7951735922499594,0.1922754116635317,0.3591914826305308
-0.10000761215432813,0.27843040734699,0.3566694328414476,2.6613402945144,2.218016654245579,0.32260151952258287,0.7099920374872981
-0.10000761215432813,0.2782500198468373,0.3566711578419052,2.6613706365057537,2.218016654245579,0.32288496327189664,0.7098958362379084
-0.09991629965409948,0.27843040734699,0.35657837659114244,2.6613709328938757,2.2178272667454264,0.3226960007723543,0.7097515343638239
-0.10009892465455722,0.2785206010970661,0.3564864578406083,2.661248972152217,2.2178272667454264,0.3225070382728119,0.7097515343638239
-0.10009892465455722,0.2783402135969134,0.35667029534167616,2.661676131136145,2.2178272667454264,0.32260151952258287,0.7100882387366878
-0.09955104965318401,0.2787009885972188,0.3569400140916764,2.661431913264705,2.2179219604955027,0.32260151952258287,0.710040138111993
-0.10000761215432813,0.2787009885972188,0.3569400140916764,2.6616151507653156,2.2181113479956553,0.3226960007723543,0.7099920374872981
-0.09982498715387039,0.2785206010970661,0.3567596265915237,2.6615235320150106,2.2179219604955027,0.32279048202212524,0.710040138111993
-0.10000761215432813,0.2783402135969134,0.35667029534167616,2.66158451238584,2.217637879245274,0.32241255702304095,0.7097996349885187
-0.10009892465455722,0.2785206010970661,0.35666857034121857,2.6615541703944863,2.218016654245579,0.32279048202212524,0.7099920374872981
-0.10009892465455722,0.27843040734699,0.3564873203408373,2.661401571273352,2.2178272667454264,0.32260151952258287,0.7098958362379084
-0.09991629965409948,0.2785206010970661,0.3567596265915237,2.6615235320150106,2.218016654245579,0.32241255702304095,0.7098477356132136
-0.10000761215432813,0.27843040734699,0.35676048909175273,2.6614012748852294,2.217637879245274,0.32241255702304095,0.7098958362379084
-0.10000761215432813,0.27861079484714224,0.3567587640912947,2.6615541703944863,2.217637879245274,0.32260151952258287,0.7098477356132136
-0.09973367465364175,0.2787009885972188,0.3569400140916764,2.6615235320150106,2.2183954292458843,0.32316840702120997,0.7099920374872981
-0.10000761215432813,0.2783402135969134,0.35648818284106587,2.661737407895097,2.217637879245274,0.32241255702304095,0.7097996349885187
-0.10000761215432813,0.27843040734699,0.35657837659114244,2.6615541703944863,2.21773257299535,0.32260151952258287,0.7098958362379084
-0.10009892465455722,0.27861079484714224,0.3565766515906844,2.6613405909025225,2.21773257299535,0.32260151952258287,0.7097996349885187
-0.10019023715478631,0.27843040734699,0.3564873203408373,2.661584808773962,2.21773257299535,0.3225070382728119,0.7097996349885187
-0.10000761215432813,0.2782815113529883,0.3563069328406846,2.661435635333621,2.218016654245579,0.32260151952258287,0.7099920374872981
-0.09991629965409948,0.2785520926032171,0.35685068284182886,2.661526957695804,2.2179219604955027,0.32260151952258287,0.7099920374872981
-0.10009892465455722,0.2785520926032171,0.35657751409091343,2.6612523978330107,2.218016654245579,0.32279048202212524,0.7097996349885187
-0.10009892465455722,0.2787324801033698,0.3569400140916764,2.66174083357589,2.217448491745121,0.32260151952258287,0.7098477356132136
-0.10028154965501496,0.2785520926032171,0.35666857034121857,2.6615882344547557,2.217637879245274,0.3226960007723543,0.7097996349885187
-0.09991629965409948,0.278461898853141,0.35657837659114244,2.661404996954145,2.2182060417457317,0.32307392577143856,0.7099920374872981
-0.10009892465455722,0.27864228635329324,0.3567587640912947,2.661404996954145,2.218016654245579,0.32260151952258287,0.7098477356132136
-0.10000761215432813,0.278461898853141,0.35676048909175273,2.661618576446109,2.2178272667454264,0.32260151952258287,0.7098958362379084
-0.10000761215432813,0.2783717051030644,0.356579239091371,2.661282739824364,2.2178272667454264,0.3226960007723543,0.7099920374872981
-0.10000761215432813,0.278461898853141,0.3566694328414476,2.6614659773249745,2.218016654245579,0.32260151952258287,0.7098477356132136
-0.10009892465455722,0.278461898853141,0.35657837659114244,2.6612217594535346,2.21773257299535,0.32260151952258287,0.7099920374872981
-0.09991629965409948,0.27864228635329324,0.35684982034159984,2.6614659773249745,2.2181113479956553,0.3226960007723543,0.7099920374872981
-0.10009892465455722,0.27864228635329324,0.356940876591905,2.661526957695804,2.21773257299535,0.3225070382728119,0.7097996349885187
-0.09982498715387039,0.2785520926032171,0.35685068284182886,2.6614353389454988,2.2175431854951975,0.32241255702304095,0.709703433739129
-0.10000761215432813,0.27864228635329324,0.3567587640912947,2.6612217594535346,2.21773257299535,0.3225070382728119,0.709703433739129
-0.10009892465455722,0.2785520926032171,0.356941739092134,2.661587938066633,2.217637879245274,0.32241255702304095,0.7097996349885187
-0.10009892465455722,0.278461898853141,0.35676048909175273,2.6614353389454988,2.21773257299535,0.3225070382728119,0.7097996349885187
-0.09991629965409948,0.2785520926032171,0.3567596265915237,2.661649214825585,2.2175431854951975,0.3225070382728119,0.7098477356132136
-0.10000761215432813,0.2783717051030644,0.35667029534167616,2.661618576446109,2.2175431854951975,0.3225070382728119,0.7098477356132136
-0.10019023715478631,0.278461898853141,0.3564873203408373,2.6613440165833158,2.2178272667454264,0.32279048202212524,0.7097996349885187
-0.09991629965409948,0.2787324801033698,0.3568489578413713,2.66149661570445,2.2175431854951975,0.3222235945234986,0.7096553331144342
-0.09973367465364175,0.27864228635329324,0.35684982034159984,2.6615575960752795,2.218016654245579,0.3226960007723543,0.709703433739129
-0.10000761215432813,0.2783717051030644,0.3567613515919813,2.6614047005660226,2.21773257299535,0.3222235945234986,0.7096553331144342
-0.09982498715387039,0.2782815113529883,0.35639798909098974,2.661404996954145,2.2178272667454264,0.32288496327189664,0.7098477356132136
-0.09982498715387039,0.2787324801033698,0.3568489578413713,2.661404996954145,2.21773257299535,0.32279048202212524,0.7098477356132136
-0.10019023715478631,0.2785520926032171,0.35685068284182886,2.661526957695804,2.2178272667454264,0.3226960007723543,0.7097515343638239
-0.09973367465364175,0.27864228635329324,0.35684982034159984,2.661282739824364,2.2178272667454264,0.32260151952258287,0.7096553331144342
-0.10000761215432813,0.2785520926032171,0.35685068284182886,2.6618018139467194,2.217353797995045,0.32194015077418525,0.7095591318650445
-0.09991629965409948,0.278461898853141,0.3564873203408373,2.6617104915845364,2.218016654245579,0.32279048202212524,0.7097515343638239
-0.10000761215432813,0.27864228635329324,0.35684982034159984,2.6615575960752795,2.2181113479956553,0.3229794445216676,0.7100882387366878
-0.10009892465455722,0.2787324801033698,0.356666845340761,2.6612830362124864,2.2179219604955027,0.3226960007723543,0.7099920374872981
-0.09991629965409948,0.278461898853141,0.3568515453420579,2.661496319316328,2.21773257299535,0.3225070382728119,0.7098958362379084
-0.09982498715387039,0.2787324801033698,0.3569400140916764,2.6615575960752795,2.2175431854951975,0.3225070382728119,0.709703433739129
-0.10009892465455722,0.278461898853141,0.3566694328414476,2.661649214825585,2.218016654245579,0.32279048202212524,0.7099920374872981
-0.10009892465455722,0.2785520926032171,0.35685068284182886,2.6617101951964144,2.2178272667454264,0.32279048202212524,0.7097996349885187
-0.09991629965409948,0.27864228635329324,0.35684982034159984,2.661282739824364,2.2178272667454264,0.32260151952258287,0.7098958362379084
-0.10000761215432813,0.278461898853141,0.35657837659114244,2.6615541703944863,2.2178272667454264,0.32288496327189664,0.7098958362379084
-0.09991629965409948,0.278461898853141,0.3568515453420579,2.661920349007585,2.2179219604955027,0.32279048202212524,0.7097996349885187
-0.10009892465455722,0.2783717051030644,0.35667029534167616,2.6618593686367555,2.218016654245579,0.32279048202212524,0.7098477356132136
-0.10009892465455722,0.2783717051030644,0.3563971265907607,2.6616764275242675,2.217448491745121,0.3222235945234986,0.7096072324897393
-0.09982498715387039,0.2785520926032171,0.35685068284182886,2.6618593686367555,2.21773257299535,0.32260151952258287,0.7097996349885187
-0.10000761215432813,0.278461898853141,0.35676048909175273,2.661676131136145,2.21773257299535,0.3225070382728119,0.7097996349885187
-0.10000761215432813,0.2785520926032171,0.35657751409091343,2.661584808773962,2.2178272667454264,0.32241255702304095,0.7096553331144342
-0.09991629965409948,0.27864228635329324,0.356940876591905,2.66176774988645,2.2178272667454264,0.3225070382728119,0.7097996349885187
-0.10000761215432813,0.27864228635329324,0.35703193284221013,2.6616454927566693,2.21773257299535,0.32241255702304095,0.7097996349885187
-0.10000761215432813,0.278461898853141,0.3566694328414476,2.661431913264705,2.2178272667454264,0.3225070382728119,0.7099920374872981
-0.09991629965409948,0.2785520926032171,0.35666857034121857,2.6616457891447913,2.2178272667454264,0.32279048202212524,0.7098958362379084
-0.10000761215432813,0.27864228635329324,0.35684982034159984,2.6615235320150106,2.218300735495808,0.3226960007723543,0.7098477356132136
-0.09982498715387039,0.27900306135359865,0.3573016515922104,2.66158451238584,2.2178272667454264,0.3226960007723543,0.7097515343638239
-0.10019023715478631,0.27867377785944425,0.35684982034159984,2.661798388265926,2.2179219604955027,0.32279048202212524,0.7099920374872981
-0.10009892465455722,0.2785835841093681,0.35657751409091343,2.6613099525230464,2.217637879245274,0.32279048202212524,0.7097996349885187
-0.09991629965409948,0.27867377785944425,0.35684982034159984,2.6617067695156207,2.21773257299535,0.32260151952258287,0.7097515343638239
-0.10000761215432813,0.2784031966092154,0.3563971265907607,2.661584808773962,2.21773257299535,0.3226960007723543,0.7098477356132136
-0.10009892465455722,0.2785835841093681,0.35685068284182886,2.66176774988645,2.2179219604955027,0.3226960007723543,0.7098477356132136
-0.09991629965409948,0.27867377785944425,0.3567587640912947,2.6615541703944863,2.21773257299535,0.32231807577326954,0.709703433739129
-0.10000761215432813,0.2785835841093681,0.35657751409091343,2.661493190023657,2.2184901229959606,0.32316840702120997,0.7102325406107719
-0.09991629965409948,0.278493390359292,0.35639626409053216,2.661707065903743,2.218016654245579,0.32241255702304095,0.7098477356132136
-0.10009892465455722,0.2787639716095208,0.3569400140916764,2.6615235320150106,2.2178272667454264,0.32279048202212524,0.7098958362379084
-0.10000761215432813,0.27867377785944425,0.35684982034159984,2.6616151507653156,2.2178272667454264,0.32260151952258287,0.7097996349885187
-0.10019023715478631,0.27867377785944425,0.35666770784098956,2.661584808773962,2.2181113479956553,0.32260151952258287,0.7097996349885187
-0.10000761215432813,0.2785835841093681,0.35657751409091343,2.6616764275242675,2.2181113479956553,0.32260151952258287,0.7097515343638239
-0.10009892465455722,0.27867377785944425,0.35684982034159984,2.6613402945144,2.2178272667454264,0.32260151952258287,0.7097996349885187
-0.10000761215432813,0.2785835841093681,0.35685068284182886,2.66158451238584,2.2184901229959606,0.3229794445216676,0.710040138111993
-0.09982498715387039,0.2785835841093681,0.35657751409091343,2.661493190023657,2.21773257299535,0.32260151952258287,0.7098477356132136
-0.09973367465364175,0.2787639716095208,0.3569400140916764,2.661431913264705,2.218016654245579,0.32260151952258287,0.7098477356132136
-0.10000761215432813,0.2787639716095208,0.3568489578413713,2.6613709328938757,2.2178272667454264,0.32279048202212524,0.7099920374872981
-0.10000761215432813,0.2787639716095208,0.35675790159106613,2.6616764275242675,2.2178272667454264,0.32260151952258287,0.7097996349885187
-0.09973367465364175,0.27885416535959695,0.3569391515914474,2.6615541703944863,2.21773257299535,0.3226960007723543,0.7097996349885187
-0.09982498715387039,0.27885416535959695,0.35703020784175254,2.661431913264705,2.21773257299535,0.32260151952258287,0.7096553331144342
-0.09991629965409948,0.27885416535959695,0.3569391515914474,2.6613709328938757,2.2178272667454264,0.3226960007723543,0.7097996349885187
-0.09982498715387039,0.2785835841093681,0.3567596265915237,2.6617067695156207,2.2178272667454264,0.32241255702304095,0.709703433739129
-0.10003238421436314,0.27867377785944425,0.356940876591905,2.66176774988645,2.2181113479956553,0.3229794445216676,0.7099439368626033
-0.0999410717141345,0.2785835841093681,0.35685068284182886,2.66158451238584,2.2178272667454264,0.3226960007723543,0.7097996349885187
-0.0999410717141345,0.2785835841093681,0.3564864578406083,2.661248972152217,2.2178272667454264,0.3226960007723543,0.7098958362379084
-0.09975844671367676,0.27885416535959695,0.35703020784175254,2.661431913264705,2.21773257299535,0.32260151952258287,0.7097996349885187
-0.0999410717141345,0.2787639716095208,0.35675790159106613,2.6612183337727413,2.2181113479956553,0.32288496327189664,0.7099920374872981
-0.10003238421436314,0.27867377785944425,0.356940876591905,2.661676131136145,2.21773257299535,0.32241255702304095,0.709703433739129
-0.0998497592139054,0.27867377785944425,0.35666770784098956,2.661584808773962,2.2178272667454264,0.32279048202212524,0.7098958362379084
-0.0998497592139054,0.2785835841093681,0.3567596265915237,2.6617067695156207,2.2178272667454264,0.32288496327189664,0.7098477356132136
-0.10003238421436314,0.27867377785944425,0.35684982034159984,2.6616151507653156,2.2178272667454264,0.32288496327189664,0.7098477356132136
-0.09975844671367676,0.2785835841093681,0.35657751409091343,2.661493190023657,2.21773257299535,0.32260151952258287,0.7097996349885187
-0.09966713421344767,0.27885416535959695,0.3569391515914474,2.6613709328938757,2.218016654245579,0.32241255702304095,0.709703433739129
-0.0999410717141345,0.27867377785944425,0.35684982034159984,2.6616151507653156,2.2182060417457317,0.32279048202212524,0.7098477356132136
-0.0999410717141345,0.27867377785944425,0.3567587640912947,2.6613709328938757,2.218016654245579,0.32279048202212524,0.7098958362379084
-0.0998497592139054,0.27867377785944425,0.356940876591905,2.6613096561349243,2.2179219604955027,0.3226960007723543,0.7099920374872981
-0.09975844671367676,0.27867377785944425,0.356940876591905,2.6614928936355344,2.2178272667454264,0.3225070382728119,0.7096553331144342
-0.0999410717141345,0.2785835841093681,0.35639540159030314,2.661279610531693,2.2178272667454264,0.32260151952258287,0.7097996349885187
-0.0998497592139054,0.27867377785944425,0.356940876591905,2.66158451238584,2.21773257299535,0.32260151952258287,0.709703433739129
-0.10003238421436314,0.2785835841093681,0.356941739092134,2.6617371115069743,2.2179219604955027,0.32279048202212524,0.7098958362379084
-0.0998497592139054,0.2787639716095208,0.3568489578413713,2.6613709328938757,2.218300735495808,0.32316840702120997,0.710040138111993
-0.0998497592139054,0.27885416535959695,0.35703020784175254,2.6615235320150106,2.2178272667454264,0.3222235945234986,0.709703433739129
-0.0999410717141345,0.27867377785944425,0.3567587640912947,2.6615541703944863,2.2179219604955027,0.3226960007723543,0.7098477356132136
-0.10003238421436314,0.27885416535959695,0.35703020784175254,2.661764324205657,2.218016654245579,0.32279048202212524,0.7098477356132136
-0.10003238421436314,0.2787639716095208,0.3569400140916764,2.661764324205657,2.218016654245579,0.32241255702304095,0.7097515343638239
-0.0999410717141345,0.27867377785944425,0.35684982034159984,2.6620391804565724,2.2178272667454264,0.32260151952258287,0.7098958362379084
-0.10003238421436314,0.27867377785944425,0.3567587640912947,2.6617033438348274,2.217637879245274,0.3222235945234986,0.7096553331144342
-0.10003238421436314,0.2787639716095208,0.356666845340761,2.661947858094389,2.2181113479956553,0.32279048202212524,0.7098958362379084
-0.0999410717141345,0.278493390359292,0.35676048909175273,2.6620085420770963,2.2178272667454264,0.3225070382728119,0.7097515343638239
-0.0998497592139054,0.2787639716095208,0.35675790159106613,2.661825600964608,2.2179219604955027,0.3226960007723543,0.7098958362379084
-0.0998497592139054,0.27867377785944425,0.35684982034159984,2.661764324205657,2.2182060417457317,0.32288496327189664,0.7099920374872981
-0.10003238421436314,0.2787639716095208,0.35675790159106613,2.661642363463998,2.218016654245579,0.32279048202212524,0.7097996349885187
-0.0998497592139054,0.2785835841093681,0.35666857034121857,2.6615201063342164,2.218016654245579,0.32260151952258287,0.7099920374872981
-0.10003238421436314,0.2787639716095208,0.35675790159106613,2.6617339822143027,2.21773257299535,0.3225070382728119,0.709703433739129
-0.10012369671459223,0.2786150756155191,0.35657751409091343,2.6617339822143027,2.218016654245579,0.32260151952258287,0.7097996349885187
-0.10003238421436314,0.27888565686574796,0.35721232034236283,2.6618862849473155,2.2178272667454264,0.32241255702304095,0.709703433739129
-0.0998497592139054,0.27870526936559525,0.3567587640912947,2.6615201063342164,2.2179219604955027,0.32241255702304095,0.7097515343638239
-0.10012369671459223,0.2784346881153664,0.3563060703404556,2.6616730018434733,2.2175431854951975,0.32241255702304095,0.7096072324897393
-0.0998497592139054,0.27888565686574796,0.35684809534114226,2.661459125963387,2.2181113479956553,0.32279048202212524,0.7099920374872981
-0.0999410717141345,0.27906604436590066,0.35721059534190525,2.6613978492044357,2.2178272667454264,0.32260151952258287,0.7097996349885187
-0.10003238421436314,0.2789758506158241,0.3571204015918287,2.661764324205657,2.2178272667454264,0.32279048202212524,0.7098477356132136
-0.10012369671459223,0.27870526936559525,0.35684982034159984,2.6620391804565724,2.2179219604955027,0.3229794445216676,0.7098958362379084
-0.10003238421436314,0.27870526936559525,0.356940876591905,2.6621001608274018,2.2182060417457317,0.32279048202212524,0.7099920374872981
-0.10003238421436314,0.27870526936559525,0.3567587640912947,2.661428487583912,2.218584816746037,0.32288496327189664,0.7098477356132136
-0.0999410717141345,0.2784346881153664,0.35648818284106587,2.6617033438348274,2.21773257299535,0.3225070382728119,0.7097996349885187
-0.0998497592139054,0.278524881865443,0.3564873203408373,2.661642363463998,2.218016654245579,0.32260151952258287,0.7097996349885187
-0.0999410717141345,0.2787954631156718,0.3569400140916764,2.661581086705046,2.21773257299535,0.3226960007723543,0.7097515343638239
-0.10003238421436314,0.2787954631156718,0.3568489578413713,2.6618865813354375,2.218016654245579,0.32260151952258287,0.7098477356132136
-0.10003238421436314,0.27870526936559525,0.35684982034159984,2.661581086705046,2.2182060417457317,0.3229794445216676,0.7099439368626033
-0.0998497592139054,0.27870526936559525,0.35684982034159984,2.661764324205657,2.218016654245579,0.32279048202212524,0.7098958362379084
-0.0999410717141345,0.2786150756155191,0.35685068284182886,2.661825304576486,2.2182060417457317,0.32279048202212524,0.7097996349885187
-0.10003238421436314,0.27870526936559525,0.35648559534037927,2.661978496473865,2.21773257299535,0.3225070382728119,0.709703433739129
-0.0998497592139054,0.27870526936559525,0.35703193284221013,2.6617030474467045,2.218016654245579,0.3229794445216676,0.7097515343638239
-0.0998497592139054,0.27870526936559525,0.3567587640912947,2.6618865813354375,2.2178272667454264,0.32260151952258287,0.7097996349885187
-0.10003238421436314,0.2787954631156718,0.35675790159106613,2.6617339822143027,2.2178272667454264,0.32288496327189664,0.7097996349885187
-0.10012369671459223,0.278524881865443,0.3566694328414476,2.661947561706267,2.21773257299535,0.32241255702304095,0.7096553331144342
-0.0999410717141345,0.27888565686574796,0.35703020784175254,2.661581086705046,2.21773257299535,0.32241255702304095,0.7099920374872981
-0.0998497592139054,0.27870526936559525,0.35666770784098956,2.6617339822143027,2.2178272667454264,0.32231807577326954,0.709703433739129
-0.0999410717141345,0.27870526936559525,0.35684982034159984,2.661947561706267,2.21773257299535,0.32260151952258287,0.7096553331144342
-0.0998497592139054,0.2786150756155191,0.35685068284182886,2.661642067075875,2.218016654245579,0.3225070382728119,0.7097996349885187
-0.0998497592139054,0.27870526936559525,0.35684982034159984,2.661581086705046,2.21773257299535,0.32231807577326954,0.7097515343638239
-0.10003238421436314,0.2786150756155191,0.35657751409091343,2.661642363463998,2.2178272667454264,0.32241255702304095,0.7097996349885187
-0.10003238421436314,0.27870526936559525,0.3567587640912947,2.6617033438348274,2.218016654245579,0.32260151952258287,0.7097996349885187
-0.0999410717141345,0.27870526936559525,0.35684982034159984,2.661764324205657,2.2179219604955027,0.3225070382728119,0.7097515343638239
-0.0998497592139054,0.2787954631156718,0.35703107034198156,2.6617336858261806,2.21773257299535,0.32260151952258287,0.7098477356132136
-0.0999410717141345,0.2786150756155191,0.35657751409091343,2.661459125963387,2.2182060417457317,0.32279048202212524,0.7099920374872981
-0.09975844671367676,0.27870526936559525,0.35684982034159984,2.661947561706267,2.2179219604955027,0.32260151952258287,0.7098958362379084
-0.0999410717141345,0.27870526936559525,0.3567587640912947,2.6615201063342164,2.2179219604955027,0.3225070382728119,0.7097996349885187
-0.10003238421436314,0.2787954631156718,0.35675790159106613,2.6617339822143027,2.2179219604955027,0.3226960007723543,0.709703433739129
-0.0998497592139054,0.27870526936559525,0.35666770784098956,2.6617339822143027,2.2178272667454264,0.3225070382728119,0.709703433739129
-0.10012369671459223,0.2787954631156718,0.3568489578413713,2.6615201063342164,2.2178272667454264,0.32241255702304095,0.7097996349885187
-0.09975844671367676,0.2787954631156718,0.35703107034198156,2.661825304576486,2.2181113479956553,0.32279048202212524,0.7098958362379084
-0.10003238421436314,0.2787954631156718,0.356666845340761,2.6615813830931687,2.2179219604955027,0.3226960007723543,0.7097996349885187
-0.0999410717141345,0.27888565686574796,0.35703020784175254,2.661764324205657,2.2179219604955027,0.3225070382728119,0.7098958362379084
-0.0998497592139054,0.2787954631156718,0.3569400140916764,2.6618559429559614,2.21773257299535,0.32260151952258287,0.7098477356132136
-0.09975844671367676,0.2789758506158241,0.35684723284091324,2.661489764342863,2.21773257299535,0.32260151952258287,0.7097996349885187
-0.0998497592139054,0.27870526936559525,0.35684982034159984,2.6618559429559614,2.2179219604955027,0.3226960007723543,0.7098477356132136
-0.0998497592139054,0.27870526936559525,0.3567587640912947,2.6615201063342164,2.2179219604955027,0.32260151952258287,0.709703433739129
-0.10003238421436314,0.27888565686574796,0.3571212640920577,2.661825304576486,2.2178272667454264,0.32241255702304095,0.7098958362379084
-0.10003238421436314,0.27870526936559525,0.35666770784098956,2.661825600964608,2.2178272667454264,0.3221291132737276,0.7096072324897393
-0.10003238421436314,0.27870526936559525,0.35666770784098956,2.661825600964608,2.2178272667454264,0.3226960007723543,0.7097996349885187
-0.10003238421436314,0.278524881865443,0.35657837659114244,2.661794962585132,2.2178272667454264,0.3226960007723543,0.7098958362379084
-0.09975844671367676,0.2787954631156718,0.35675790159106613,2.661642363463998,2.2178272667454264,0.3225070382728119,0.7097996349885187
-0.0999410717141345,0.2787954631156718,0.35703107034198156,2.661642067075875,2.21773257299535,0.32260151952258287,0.7098958362379084
-0.10012369671459223,0.2787954631156718,0.356666845340761,2.6615813830931687,2.218300735495808,0.32279048202212524,0.7098958362379084
-0.09982498715387039,0.27870526936559525,0.35684982034159984,2.661581086705046,2.2181113479956553,0.3225070382728119,0.7097996349885187
-0.09982498715387039,0.27888565686574796,0.35684809534114226,2.661825600964608,2.218016654245579,0.3226960007723543,0.7097515343638239
-0.10009892465455722,0.2786150756155191,0.35657751409091343,2.661825600964608,2.2182060417457317,0.32316840702120997,0.7100882387366878
-0.09982498715387039,0.2786150756155191,0.35657751409091343,2.6617339822143027,2.218016654245579,0.32288496327189664,0.7098477356132136
-0.09991629965409948,0.27870526936559525,0.356940876591905,2.661825304576486,2.2178272667454264,0.32260151952258287,0.7098477356132136
-0.10000761215432813,0.27870526936559525,0.35666770784098956,2.6619172197149137,2.21773257299535,0.3225070382728119,0.7097515343638239
-0.10000761215432813,0.2787954631156718,0.35675790159106613,2.6617339822143027,2.21773257299535,0.32241255702304095,0.709703433739129
-0.10000761215432813,0.27870526936559525,0.356940876591905,2.6620085420770963,2.2179219604955027,0.32279048202212524,0.7098958362379084
-0.10000761215432813,0.2786150756155191,0.35657751409091343,2.661642363463998,2.218016654245579,0.32260151952258287,0.7098958362379084
-0.09982498715387039,0.278524881865443,0.3564873203408373,2.6619747744049493,2.2181113479956553,0.3225070382728119,0.7097996349885187
-0.10000761215432813,0.27870526936559525,0.35666770784098956,2.6621580119055595,2.2183954292458843,0.32288496327189664,0.7099920374872981
-0.09964236215341266,0.2787954631156718,0.3569400140916764,2.661730260145387,2.2179219604955027,0.3225070382728119,0.7098958362379084
-0.09982498715387039,0.2787954631156718,0.35703107034198156,2.661974478016827,2.2182060417457317,0.32316840702120997,0.7099920374872981
-0.10009892465455722,0.2784346881153664,0.35648818284106587,2.6621273735260838,2.217637879245274,0.32241255702304095,0.709703433739129
-0.10000761215432813,0.27888565686574796,0.3565749265902268,2.6618834520427663,2.218016654245579,0.32260151952258287,0.7098477356132136
-0.09991629965409948,0.27888565686574796,0.35703020784175254,2.662096735146608,2.21773257299535,0.3226960007723543,0.7097996349885187
-0.09991629965409948,0.2787954631156718,0.35703107034198156,2.6621577155174374,2.2179219604955027,0.3226960007723543,0.7098958362379084
-0.09991629965409948,0.2787954631156718,0.35675790159106613,2.6620663931552544,2.217353797995045,0.32241255702304095,0.7096553331144342
-0.10000761215432813,0.278524881865443,0.35657837659114244,2.661944136025473,2.2179219604955027,0.32279048202212524,0.7098477356132136
-0.09973367465364175,0.2789758506158241,0.3569382890912184,2.661883155654644,2.2178272667454264,0.32260151952258287,0.7098958362379084
-0.10009892465455722,0.27870526936559525,0.3567587640912947,2.6621273735260838,2.218016654245579,0.32279048202212524,0.7097996349885187
-0.09973367465364175,0.2787954631156718,0.35657578909045584,2.66166957616268,2.21773257299535,0.32260151952258287,0.7097996349885187
-0.10000761215432813,0.2786150756155191,0.3564864578406083,2.66191379403412,2.217637879245274,0.3225070382728119,0.7096553331144342
-0.09991629965409948,0.27888565686574796,0.35703020784175254,2.662096735146608,2.218016654245579,0.32279048202212524,0.7099920374872981
-0.09982498715387039,0.27888565686574796,0.35703020784175254,2.6619134976459975,2.2175431854951975,0.32260151952258287,0.7098958362379084
-0.09982498715387039,0.27870526936559525,0.356940876591905,2.6621577155174374,2.218300735495808,0.3229794445216676,0.7099920374872981
-0.09991629965409948,0.27870526936559525,0.3565766515906844,2.662005412784425,2.2178272667454264,0.32231807577326954,0.7097996349885187
-0.10000761215432813,0.27888565686574796,0.3569391515914474,2.6620357547757787,2.218016654245579,0.32288496327189664,0.7100882387366878
-0.10000761215432813,0.27870526936559525,0.35684982034159984,2.662188353896913,2.217637879245274,0.32241255702304095,0.709703433739129
-0.10009892465455722,0.27870526936559525,0.3565766515906844,2.662005412784425,2.2179219604955027,0.32279048202212524,0.7098958362379084
-0.09991629965409948,0.2787954631156718,0.35721318284259185,2.6621880575087906,2.2179219604955027,0.32241255702304095,0.7098958362379084
-0.10000761215432813,0.2786150756155191,0.3567596265915237,2.662096735146608,2.21773257299535,0.32260151952258287,0.7097996349885187
-0.09991629965409948,0.27888565686574796,0.35684809534114226,2.6620663931552544,2.21773257299535,0.32279048202212524,0.7098477356132136
-0.09982498715387039,0.27888565686574796,0.35703020784175254,2.662188353896913,2.217448491745121,0.3222235945234986,0.709703433739129
-0.09982498715387039,0.27873676087174626,0.35684982034159984,2.6620051163963026,2.218016654245579,0.32279048202212524,0.7097996349885187
-0.10009892465455722,0.27882695462182283,0.35675790159106613,2.661791536904339,2.21773257299535,0.32260151952258287,0.7097515343638239
-0.10000761215432813,0.27882695462182283,0.3569400140916764,2.662188353896913,2.21773257299535,0.32241255702304095,0.7096553331144342
-0.10000761215432813,0.27864656712167013,0.3564864578406083,2.66191379403412,2.2181113479956553,0.32279048202212524,0.7098958362379084
-0.09991629965409948,0.278556373371594,0.3568515453420579,2.6622186958882668,2.2181113479956553,0.32260151952258287,0.7097515343638239
-0.09964236215341266,0.27891714837189896,0.3569391515914474,2.6621273735260838,2.21773257299535,0.3225070382728119,0.7097515343638239
-0.09982498715387039,0.27846617962151743,0.3563060703404556,2.66191379403412,2.218016654245579,0.32260151952258287,0.7097515343638239
-0.10000761215432813,0.278556373371594,0.3564873203408373,2.6619747744049493,2.2179219604955027,0.32260151952258287,0.7098477356132136
-0.09973367465364175,0.27873676087174626,0.35684982034159984,2.662279972647218,2.2182060417457317,0.32279048202212524,0.7098958362379084
-0.10000761215432813,0.27873676087174626,0.35684982034159984,2.662096735146608,2.2181113479956553,0.32241255702304095,0.7097996349885187
-0.09991629965409948,0.27891714837189896,0.3567570390908371,2.66191379403412,2.2184901229959606,0.32354633202029426,0.7101844399860775
-0.09982498715387039,0.27891714837189896,0.3569391515914474,2.6620357547757787,2.2181113479956553,0.3225070382728119,0.7098958362379084
-0.09982498715387039,0.27873676087174626,0.35666770784098956,2.6621580119055595,2.218016654245579,0.32260151952258287,0.7099920374872981
-0.10000761215432813,0.27882695462182283,0.3568489578413713,2.6621273735260838,2.218016654245579,0.32260151952258287,0.7097996349885187
-0.09964236215341266,0.27909753587205166,0.35702848284129496,2.6619747744049493,2.2181113479956553,0.32260151952258287,0.7097996349885187
-0.10000761215432813,0.27882695462182283,0.3568489578413713,2.661944136025473,2.2181113479956553,0.32279048202212524,0.7098477356132136
-0.09982498715387039,0.27873676087174626,0.35684982034159984,2.662096735146608,2.2190582854964185,0.3236408132700652,0.7103768424848564
-0.09991629965409948,0.27873676087174626,0.3565766515906844,2.662005412784425,2.21773257299535,0.32231807577326954,0.7097515343638239
-0.09982498715387039,0.27873676087174626,0.35684982034159984,2.662096735146608,2.218584816746037,0.32307392577143856,0.7099920374872981
-0.09991629965409948,0.27873676087174626,0.35648559534037927,2.6619444324135957,2.2181113479956553,0.32279048202212524,0.709703433739129
-0.09982498715387039,0.27882695462182283,0.3571221265922867,2.6622186958882668,2.2181113479956553,0.3226960007723543,0.7098477356132136
-0.09982498715387039,0.27864656712167013,0.3567596265915237,2.6618218788956924,2.2182060417457317,0.32279048202212524,0.7098958362379084
-0.09991629965409948,0.27882695462182283,0.356666845340761,2.662188650285035,2.218016654245579,0.32279048202212524,0.7099439368626033
-0.10000761215432813,0.27882695462182283,0.3569400140916764,2.662188353896913,2.217637879245274,0.3225070382728119,0.7097996349885187
-0.09973367465364175,0.2790073421219751,0.35702934534152353,2.661944136025473,2.2179219604955027,0.32260151952258287,0.7098477356132136
-0.09973367465364175,0.27873676087174626,0.35666770784098956,2.6621580119055595,2.2179219604955027,0.32279048202212524,0.7097515343638239
-0.09964236215341266,0.27882695462182283,0.356666845340761,2.66209703153473,2.2182060417457317,0.32279048202212524,0.7097996349885187
-0.10000761215432813,0.27873676087174626,0.35666770784098956,2.6619747744049493,2.2181113479956553,0.32260151952258287,0.7097515343638239
-0.10009892465455722,0.27864656712167013,0.3567596265915237,2.662279972647218,2.2178272667454264,0.32288496327189664,0.7098477356132136
-0.09982498715387039,0.27873676087174626,0.35684982034159984,2.662096735146608,2.218584816746037,0.3229794445216676,0.710040138111993
-0.10009892465455722,0.27873676087174626,0.35684982034159984,2.6620051163963026,2.21773257299535,0.32260151952258287,0.7096553331144342
-0.09991629965409948,0.27882695462182283,0.3568489578413713,2.6621273735260838,2.2182060417457317,0.3225070382728119,0.7098477356132136
-0.10019023715478631,0.27873676087174626,0.35684982034159984,2.662096735146608,2.217637879245274,0.32241255702304095,0.7095110312403496
-0.09955104965318401,0.2790073421219751,0.3571204015918287,2.662096735146608,2.2178272667454264,0.32288496327189664,0.7097996349885187
-0.09964236215341266,0.27891714837189896,0.35666598284053197,2.661761194912985,2.218016654245579,0.32279048202212524,0.7097996349885187
-0.10019023715478631,0.27864656712167013,0.356941739092134,2.662035458387656,2.218016654245579,0.3225070382728119,0.7098477356132136
-0.10000761215432813,0.27891714837189896,0.3569391515914474,2.661944136025473,2.2179219604955027,0.32279048202212524,0.7098477356132136
-0.10009892465455722,0.27882695462182283,0.35703107034198156,2.6624325717683526,2.217637879245274,0.32241255702304095,0.7096553331144342
-0.09982498715387039,0.27891714837189896,0.35703020784175254,2.662279972647218,2.2182060417457317,0.3226960007723543,0.7099439368626033
-0.09982498715387039,0.27882695462182283,0.3571221265922867,2.662401933388877,2.218016654245579,0.3225070382728119,0.7098477356132136
-0.09982498715387039,0.27864656712167013,0.3567596265915237,2.662279972647218,2.218016654245579,0.3226960007723543,0.7097996349885187
-0.09982498715387039,0.27864656712167013,0.35685068284182886,2.6621577155174374,2.21773257299535,0.32279048202212524,0.7098477356132136
-0.09982498715387039,0.27882695462182283,0.35675790159106613,2.6622496306558645,2.218016654245579,0.3225070382728119,0.7097996349885187
-0.022539834422631258,0.3306343512243687,0.4437803414897802,3.139122506659959,2.661812167188285,0.45217177738346553,1.0309653050055574
-0.02244852192240261,0.3304539637242164,0.44369101023993307,3.1392751057810933,2.6615280859380555,0.45179385238438124,1.0308210031314728
-0.02235720942217352,0.3308147387245214,0.4439607289899329,3.139122506659959,2.6502536947081534,0.4516048898848389,1.0308691037561677
-0.022539834422631258,0.3308147387245214,0.44386967273962774,3.1389699075388244,2.655701502822952,0.45217177738346553,1.031109606879642
-0.022539834422631258,0.3304539637242164,0.44387312274054336,3.1391222102718364,2.6662183440522442,0.4516993711346103,1.0308691037561677
-0.02244852192240261,0.3304539637242164,0.4435088977393228,3.1391531450394345,2.6492120634573144,0.45217177738346553,1.0309653050055574
-0.022332437362138524,0.3306343512243687,0.44396245399039047,3.1392444674016176,2.6516992331395226,0.45141592738529696,1.0308210031314728
-0.02244852192240261,0.33075603648059626,0.44405264774046704,3.1390952939612764,2.6628789306193488,0.4518883336341522,1.0308691037561677
-0.02244852192240261,0.33060714048659456,0.4437812039900092,3.1392751057810933,2.6515098456393704,0.45179385238438124,1.030772902506778
-0.02251506236259626,0.33075603648059626,0.4439615914901619,3.1393667245313983,2.646535506274953,0.4520772961336946,1.0310134056302522
-0.022539834422631258,0.33075603648059626,0.44405264774046704,3.1390952939612764,2.6633523993697303,0.4519828148839236,1.0308210031314728
-0.022539834422631258,0.33075603648059626,0.44387053523985676,3.139122506659959,2.6579045912549315,0.45226625863323694,1.0308210031314728
-0.022265896921944875,0.3308777217368234,0.4439607289899329,3.139122506659959,2.650064307208001,0.45179385238438124,1.0308210031314728
-0.022722459423088995,0.3306973342366707,0.4437803414897802,3.1390649519699227,2.6608652296875217,0.4519828148839236,1.0309172043808625
-0.02244852192240261,0.33060714048659456,0.4437812039900092,3.139458343281704,2.6604864546872165,0.4512269648857546,1.0304842987586094
-0.02235720942217352,0.3306973342366707,0.44396245399039047,3.1391528486513125,2.6508218572086113,0.45264418363232123,1.031398210627811
-0.022265896921944875,0.33060714048659456,0.4435990914893989,3.1390039715990934,2.6584727537553894,0.4518883336341522,1.0308210031314728
-0.02244852192240261,0.33078752798674727,0.4439615914901619,3.139034313590447,2.667354669053159,0.4516993711346103,1.0308691037561677
-0.022539834422631258,0.33060714048659456,0.44387226024031434,3.1392785314618865,2.650064307208001,0.4519828148839236,1.0309653050055574
-0.02244852192240261,0.3308777217368234,0.4439607289899329,3.1389733332196177,2.6557961965730286,0.4519828148839236,1.0309653050055574
-0.022539834422631258,0.33060714048659456,0.4437812039900092,3.139217551091057,2.6665024253024727,0.4516048898848389,1.0309172043808625
-0.022265896921944875,0.33078752798674727,0.44387053523985676,3.1388817144693126,2.6519833143897515,0.45179385238438124,1.0308691037561677
-0.02290508442354673,0.3306973342366707,0.4440535102406956,3.1394311305830214,2.6491173697072377,0.45217177738346553,1.0310134056302522
-0.02235720942217352,0.3309679154868995,0.44414197899031416,3.139034313590447,2.662405461868967,0.45179385238438124,1.0308691037561677
-0.022539834422631258,0.3306973342366707,0.4438713977400853,3.139034313590447,2.6547545653221887,0.45217177738346553,1.0309653050055574
-0.022788999863283088,0.3308777217368234,0.4439607289899329,3.1393398082208384,2.6466302000250295,0.4515104086350679,1.0307248018820832
-0.022423749862367615,0.3308777217368234,0.4442338977408483,3.1394311305830214,2.661244004687827,0.4519828148839236,1.030772902506778
-0.022241124861909878,0.33078752798674727,0.4441437039907722,3.1391562743321058,2.650443082208306,0.4518883336341522,1.0309653050055574
-0.022539834422631258,0.33075603648059626,0.44387053523985676,3.1389733332196177,2.658946222505771,0.4520772961336946,1.0308210031314728
-0.02244852192240261,0.3306658427305197,0.4438713977400853,3.1392751057810933,2.6677334440534644,0.4519828148839236,1.0308691037561677
-0.02235720942217352,0.33060714048659456,0.4437812039900092,3.139515897971739,2.6506324697084587,0.45217177738346553,1.0308691037561677
-0.022265896921944875,0.3309364239807485,0.44432409149092444,3.1397294774637032,2.652456783140133,0.4520772961336946,1.0309653050055574
-0.02244852192240261,0.33057564898044356,0.44369014773970405,3.1394889816611795,2.6662183440522442,0.4518883336341522,1.0307248018820832
-0.022265896921944875,0.3306658427305197,0.44368928523947504,3.1395771747306913,2.6516045393894467,0.4515104086350679,1.0307248018820832
-0.022539834422631258,0.3309364239807485,0.44414197899031416,3.1396075167220445,2.649022675957162,0.4519828148839236,1.0309653050055574
-0.02244852192240261,0.3306658427305197,0.4438713977400853,3.139733199532619,2.6628789306193488,0.45179385238438124,1.0308691037561677
-0.02244852192240261,0.33075603648059626,0.44387053523985676,3.139546536351215,2.6549439528223413,0.4519828148839236,1.0309172043808625
-0.022332437362138524,0.3308462302306724,0.4444160102414586,3.139668200704752,2.649969613457925,0.4520772961336946,1.0308691037561677
-0.02235720942217352,0.3308462302306724,0.44386967273962774,3.13942800129035,2.6608652296875217,0.4516048898848389,1.0306767012573883
-0.02263114692286035,0.33075603648059626,0.44405264774046704,3.1395768783425684,2.661338698437903,0.4518883336341522,1.030772902506778
-0.022539834422631258,0.3306658427305197,0.4437803414897802,3.139546536351215,2.650443082208306,0.45179385238438124,1.0308691037561677
-0.02244852192240261,0.33075603648059626,0.44387053523985676,3.1393973629108745,2.658662141255542,0.4518883336341522,1.030772902506778
-0.02244852192240261,0.3308462302306724,0.44386967273962774,3.13942800129035,2.667354669053159,0.4519828148839236,1.0309172043808625
-0.022539834422631258,0.3308462302306724,0.4442338977408483,3.1397294774637032,2.650064307208001,0.4515104086350679,1.0309653050055574
-0.022539834422631258,0.33078752798674727,0.4437794789895516,3.1396112387909603,2.6525514768902094,0.4520772961336946,1.0309653050055574
-0.022539834422631258,0.33078752798674727,0.44405264774046704,3.1397025611531433,2.6633523993697303,0.45217177738346553,1.0309172043808625
-0.022265896921944875,0.3308777217368234,0.44405178524023803,3.139515897971739,2.6505629081386073,0.45179385238438124,1.0306767012573883
-0.022539834422631258,0.33078752798674727,0.44387053523985676,3.139305744160569,2.645209793773885,0.4519828148839236,1.0309172043808625
-0.02244852192240261,0.3306973342366707,0.4437803414897802,3.139305744160569,2.6622160743688146,0.4516993711346103,1.0307248018820832
-0.022423749862367615,0.33078752798674727,0.4439615914901619,3.139549962032009,2.654659871572113,0.4518883336341522,1.0308691037561677
-0.02251506236259626,0.3307288257428217,0.4437803414897802,3.1396722191617896,2.646724893775106,0.4518883336341522,1.030772902506778
-0.02251506236259626,0.3308777217368234,0.4442338977408483,3.1396719227736676,2.661338698437903,0.4516048898848389,1.0308210031314728
-0.022423749862367615,0.33078752798674727,0.4439615914901619,3.1398248182829245,2.662664410938971,0.45292762738163456,1.0314463112525059
-0.02235720942217352,0.3309679154868995,0.4438688102393987,3.139367020919521,2.650443082208306,0.4519828148839236,1.0308210031314728
-0.02244852192240261,0.3311483029870522,0.44432236649046686,3.139458343281704,2.6587568350056183,0.4519828148839236,1.0308691037561677
-0.02235720942217352,0.33060714048659456,0.44350803523909377,3.1391837834189102,2.6677334440534644,0.45254970238255027,1.0309653050055574
-0.02244852192240261,0.3308777217368234,0.44386967273962774,3.13942800129035,2.649874919707848,0.45179385238438124,1.0306767012573883
-0.022539834422631258,0.3309679154868995,0.4442330352406193,3.139519323652533,2.6531196393906673,0.45245522113277886,1.031109606879642
-0.02244852192240261,0.3311483029870522,0.4442313102401617,3.1394889816611795,2.662973624369425,0.45179385238438124,1.0308210031314728
-0.02244852192240261,0.3311483029870522,0.444413422740772,3.1394277049022277,2.6515098456393704,0.4520772961336946,1.0308691037561677
-0.022539834422631258,0.33078752798674727,0.4439615914901619,3.139549962032009,2.6455885687741905,0.4520772961336946,1.0308691037561677
-0.02244852192240261,0.3309679154868995,0.4444151477412296,3.139882076584838,2.662026686868662,0.45179385238438124,1.030772902506778
-0.022265896921944875,0.33078752798674727,0.4437794789895516,3.139909585671642,2.657052347504245,0.45179385238438124,1.0307248018820832
-0.022265896921944875,0.3311483029870522,0.44450447899107715,3.1399702696543494,2.6495908384576197,0.4520772961336946,1.0309653050055574
-0.02235720942217352,0.3311483029870522,0.444413422740772,3.13990928928352,2.660770535937445,0.45217177738346553,1.0309172043808625
-0.02235720942217352,0.3308777217368234,0.44405178524023803,3.13966507141208,2.6610546171876743,0.4519828148839236,1.030772902506778
-0.02263114692286035,0.3308777217368234,0.4439607289899329,3.1399705660424715,2.6502536947081534,0.4519828148839236,1.0309172043808625
-0.022539834422631258,0.3308777217368234,0.44386967273962774,3.139726348171032,2.6558908903231044,0.4518883336341522,1.0308691037561677
-0.022241124861909878,0.3309679154868995,0.4442330352406193,3.1399433533437895,2.667449362803236,0.4518883336341522,1.0309653050055574
-0.02251506236259626,0.3311483029870522,0.4442313102401617,3.1396957097915563,2.6497802259577723,0.45179385238438124,1.0307248018820832
-0.022697687363053998,0.3309679154868995,0.444050922740009,3.1397873285418614,2.6529302518905147,0.45217177738346553,1.0308691037561677
-0.022241124861909878,0.3308777217368234,0.44405178524023803,3.1396075167220445,2.6635417868698825,0.4518883336341522,1.0308691037561677
-0.022581602802790347,0.3309679154868995,0.444050922740009,3.1398789472921664,2.655038646572418,0.45217177738346553,1.0308691037561677
-0.02239897780233261,0.3308777217368234,0.4439607289899329,3.139604091041251,2.646535506274953,0.45179385238438124,1.030772902506778
-0.02239897780233261,0.3310581092369761,0.44423217274039073,3.1397566901623857,2.6630683181195014,0.4515104086350679,1.0306767012573883
-0.02230766530210352,0.3309679154868995,0.4442330352406193,3.1397260517829095,2.6502536947081534,0.4520772961336946,1.030772902506778
-0.02239897780233261,0.3309679154868995,0.44414197899031416,3.1396075167220445,2.6615280859380555,0.4520772961336946,1.0308210031314728
-0.022490290302561257,0.33078752798674727,0.4439615914901619,3.140031546413301,2.664867499370951,0.4520772961336946,1.0308210031314728
-0.022581602802790347,0.3306973342366707,0.44368928523947504,3.139726348171032,2.650443082208306,0.4519828148839236,1.0308691037561677
-0.022241124861909878,0.3311483029870522,0.4442313102401617,3.1399130113524363,2.655133340322494,0.4519828148839236,1.0307248018820832
-0.02260637486282535,0.3308777217368234,0.44405178524023803,3.139939927662996,2.666881200302778,0.45217177738346553,1.0309653050055574
-0.02230766530210352,0.33078752798674727,0.44387053523985676,3.1397873285418614,2.648927982207085,0.4520772961336946,1.0308691037561677
-0.022581602802790347,0.3311483029870522,0.44450447899107715,3.140004333714619,2.6515098456393704,0.45217177738346553,1.0309172043808625
-0.022490290302561257,0.33078752798674727,0.4439615914901619,3.13988237297296,2.6628789306193488,0.45179385238438124,1.0307248018820832
-0.02239897780233261,0.33078752798674727,0.4439615914901619,3.13966507141208,2.6548492590722654,0.45217177738346553,1.0309172043808625
-0.02230766530210352,0.33078752798674727,0.4441437039907722,3.1399702696543494,2.6459673437744953,0.45226625863323694,1.0308210031314728
-0.022581602802790347,0.3309994069930505,0.444050922740009,3.139821392602131,2.6630683181195014,0.4520772961336946,1.0308210031314728
-0.02239897780233261,0.33117979449320323,0.4442313102401617,3.1396957097915563,2.6574311225045504,0.45226625863323694,1.0309172043808625
-0.022490290302561257,0.3309092132429744,0.4437786164893226,3.139848605300813,2.6496855322076955,0.4519828148839236,1.0308691037561677
-0.02230766530210352,0.3307288257428217,0.4438713977400853,3.1396075167220445,2.6585674475054657,0.4523607398830079,1.0309653050055574
-0.02230766530210352,0.3309994069930505,0.44414197899031416,3.13969913547235,2.6641099493703404,0.4520772961336946,1.030772902506778
-0.022490290302561257,0.3307603172489727,0.44396245399039047,3.1401265908443996,2.650443082208306,0.4520772961336946,1.0309172043808625
-0.022216352801874874,0.3306701234988966,0.4437812039900092,3.1396075167220445,2.655985584073181,0.4519828148839236,1.030772902506778
-0.02239897780233261,0.33103089849920153,0.4442330352406193,3.1397601158431794,2.6681122190537696,0.45217177738346553,1.0309653050055574
-0.02239897780233261,0.33103089849920153,0.4442330352406193,3.1401265908443996,2.6534984143909726,0.4518883336341522,1.0309172043808625
-0.02239897780233261,0.33103089849920153,0.44432409149092444,3.1397294774637032,2.649969613457925,0.4520772961336946,1.0307248018820832
-0.02239897780233261,0.3308505109990493,0.44368842273924647,3.139516194359862,2.663731174370035,0.45226625863323694,1.0308210031314728
-0.02239897780233261,0.3309407047491254,0.44405178524023803,3.13988237297296,2.6549439528223413,0.45217177738346553,1.0308691037561677
-0.02239897780233261,0.3308505109990493,0.4439615914901619,3.1399739917232656,2.6493067572073903,0.45254970238255027,1.0309653050055574
-0.022216352801874874,0.3308505109990493,0.4439615914901619,3.13969913547235,2.6594448234363774,0.4519828148839236,1.0307248018820832
-0.022581602802790347,0.3308505109990493,0.4439615914901619,3.1401572292238757,2.6598235984366827,0.4519828148839236,1.0308210031314728
-0.02239897780233261,0.3308505109990493,0.4439615914901619,3.13969913547235,2.6485492072067807,0.45217177738346553,1.0308210031314728
-0.022581602802790347,0.3309407047491254,0.44405178524023803,3.1400656104735702,2.657052347504245,0.45254970238255027,1.030772902506778
-0.02230766530210352,0.3309407047491254,0.44405178524023803,3.1401231651636063,2.662973624369425,0.45217177738346553,1.0308210031314728
-0.02239897780233261,0.3309407047491254,0.44386967273962774,3.139783902861068,2.649496144707543,0.4523607398830079,1.0308691037561677
-0.02239897780233261,0.3308505109990493,0.4439615914901619,3.1401807198536416,2.6526461706402857,0.4520772961336946,1.0307248018820832
-0.022490290302561257,0.3306701234988966,0.44369014773970405,3.1399705660424715,2.6644887243706457,0.45217177738346553,1.0307248018820832
-0.02239897780233261,0.3311210922492781,0.44423217274039073,3.1399974823530314,2.6534984143909726,0.45217177738346553,1.0309172043808625
-0.022490290302561257,0.3309407047491254,0.4442338977408483,3.1404859180959113,2.6475771375257926,0.45217177738346553,1.0309172043808625
-0.022490290302561257,0.3308505109990493,0.44387053523985676,3.1402113582331177,2.664867499370951,0.45217177738346553,1.030772902506778
-0.022490290302561257,0.3309407047491254,0.4439607289899329,3.1400281207325076,2.659609078756305,0.4523607398830079,1.0309653050055574
-0.022216352801874874,0.3309407047491254,0.4439607289899329,3.139936501982202,2.6507271634585354,0.45217177738346553,1.030772902506778
-0.02230766530210352,0.3309092132429744,0.4439607289899329,3.1400281207325076,2.6614333921879796,0.4519828148839236,1.0307248018820832
-0.022490290302561257,0.3308505109990493,0.44387053523985676,3.1402113582331177,2.664015255620264,0.4523607398830079,1.0309172043808625
-0.02230766530210352,0.3309407047491254,0.44405178524023803,3.140272338603947,2.648927982207085,0.4523607398830079,1.0308691037561677
-0.02239897780233261,0.3309092132429744,0.4442338977408483,3.140245125905265,2.6537129340713497,0.45217177738346553,1.030772902506778
-0.02239897780233261,0.3309994069930505,0.44414197899031416,3.140398021414522,2.665271406551481,0.4519828148839236,1.0308210031314728
-0.022490290302561257,0.33103089849920153,0.4442330352406193,3.140241700224471,2.6480757384563987,0.4518883336341522,1.0306767012573883
-0.022216352801874874,0.33081901949289827,0.44387053523985676,3.1400281207325076,2.6515098456393704,0.4523607398830079,1.0309172043808625
-0.022672915303018994,0.3309092132429744,0.44386967273962774,3.1400928231722527,2.66631303780232,0.4523607398830079,1.0308691037561677
-0.022490290302561257,0.3312699882432798,0.4445036164908486,3.140241700224471,2.652172701889904,0.4519828148839236,1.0307248018820832
-0.02239897780233261,0.33081901949289827,0.44368842273924647,3.1396653678002027,2.6470089750253347,0.4523607398830079,1.0308691037561677
-0.02230766530210352,0.33081901949289827,0.4439615914901619,3.1398483089126907,2.664583418120722,0.4523607398830079,1.0308691037561677
-0.02239897780233261,0.3310896007431271,0.44405006023978044,3.140058759111983,2.6507271634585354,0.4523607398830079,1.0308691037561677
-0.02260637486282535,0.3309994069930505,0.44414197899031416,3.1403064026642165,2.661244004687827,0.4523607398830079,1.030772902506778
-0.022423749862367615,0.3309994069930505,0.44416827727135916,3.140398021414522,2.6608652296875217,0.45226625863323694,1.0309653050055574
-0.02251506236259626,0.3309092132429744,0.44392226930171774,3.1403336153628985,2.649401450957467,0.45226625863323694,1.030772902506778
-0.02251506236259626,0.33081901949289827,0.44374101930133647,3.1399402240511183,2.657052347504245,0.45254970238255027,1.0308210031314728
-0.022241124861909878,0.3309092132429744,0.44410438180232803,3.140398021414522,2.6661236503021675,0.4523607398830079,1.0308210031314728
-0.02239897780233261,0.3309092132429744,0.4440133255520229,3.140062184792777,2.6487385947069324,0.4519828148839236,1.0309172043808625
-0.02239897780233261,0.3309994069930505,0.444103519302099,3.140062184792777,2.652740864390362,0.45292762738163456,1.0309653050055574
-0.022490290302561257,0.3309092132429744,0.4440133255520229,3.140245422293387,2.6635417868698825,0.4519828148839236,1.030772902506778
-0.02239897780233261,0.3310896007431271,0.4443758255527859,3.14009252678413,2.653024945640591,0.45264418363232123,1.0309653050055574
-0.022490290302561257,0.33081901949289827,0.4441963005528622,3.140428363405875,2.6474824437757163,0.45264418363232123,1.0307248018820832
-0.022490290302561257,0.33081901949289827,0.44392313180194676,3.140062184792777,2.6647728056208746,0.45245522113277886,1.0308210031314728
-0.02239897780233261,0.3309092132429744,0.44392226930171774,3.1401844419225577,2.659514385006229,0.45273866488209263,1.0309172043808625
-0.02230766530210352,0.3309994069930505,0.44401246305179387,3.1400012044219476,2.650443082208306,0.45264418363232123,1.0308691037561677
-0.022332437362138524,0.33081901949289827,0.44410524430255705,3.14009252678413,2.6610546171876743,0.45264418363232123,1.0309172043808625
-0.022332437362138524,0.3309092132429744,0.4440133255520229,3.140153803543082,2.663731174370035,0.45273866488209263,1.0309653050055574
-0.022490290302561257,0.33117979449320323,0.4442839068022517,3.140153803543082,2.6496855322076955,0.4528331461318636,1.0309172043808625
-0.02239897780233261,0.33081901949289827,0.4441963005528622,3.1405199821561807,2.6538076278214264,0.45264418363232123,1.0308691037561677
-0.02230766530210352,0.3309994069930505,0.44419457555240416,3.1401231651636063,2.665934262802015,0.45254970238255027,1.0308691037561677
-0.02239897780233261,0.33081901949289827,0.4438320755516416,3.1402760606728632,2.6486439009568565,0.45245522113277886,1.0308210031314728
-0.022490290302561257,0.33081901949289827,0.44392313180194676,3.140153803543082,2.6487385947069324,0.45245522113277886,1.0308210031314728
-0.022490290302561257,0.3310896007431271,0.4443758255527859,3.1404590017853513,2.6635417868698825,0.45273866488209263,1.0308691037561677
-0.022216352801874874,0.3310896007431271,0.4443758255527859,3.1402757642847408,2.652740864390362,0.45245522113277886,1.030772902506778
-0.022581602802790347,0.3307288257428217,0.44374188180156504,3.1403676794231683,2.6474824437757163,0.45264418363232123,1.0309172043808625
-0.022216352801874874,0.3310896007431271,0.4443758255527859,3.1405165564753865,2.664867499370951,0.4523607398830079,1.030772902506778
-0.02239897780233261,0.3310896007431271,0.44410265680187044,3.14029955130263,2.6623803296887427,0.45254970238255027,1.0308691037561677
-0.02239897780233261,0.3309092132429744,0.44410438180232803,3.1405131307945933,2.6507271634585354,0.45254970238255027,1.0308691037561677
-0.02251506236259626,0.3309994069930505,0.44419457555240416,3.140787987045509,2.6615280859380555,0.45254970238255027,1.0306767012573883
-0.02251506236259626,0.33117979449320323,0.44437496305255686,3.1406963682952043,2.664583418120722,0.45292762738163456,1.031061506254947
-0.022332437362138524,0.33117979449320323,0.44437496305255686,3.140787987045509,2.6493067572073903,0.45217177738346553,1.0308210031314728
-0.022423749862367615,0.3309994069930505,0.44437668805301445,3.140635091536252,2.655512115322799,0.45302210863140596,1.031109606879642
-0.02251506236259626,0.33081901949289827,0.44392313180194676,3.140119739482812,2.6665024253024727,0.45254970238255027,1.030772902506778
-0.02230766530210352,0.3309994069930505,0.44419457555240416,3.1406963682952043,2.649969613457925,0.4523607398830079,1.0309653050055574
-0.02230766530210352,0.3310896007431271,0.44410265680187044,3.1403911700529346,2.6528355581404384,0.45273866488209263,1.0308691037561677
-0.02230766530210352,0.3309092132429744,0.4441954380526332,3.140608175225692,2.6639205618701878,0.4528331461318636,1.0309172043808625
-0.02239897780233261,0.3307288257428217,0.44392399430217533,3.1406963682952043,2.6519833143897515,0.45273866488209263,1.0308691037561677
-0.022581602802790347,0.3309994069930505,0.444103519302099,3.140635387924375,2.646440812524877,0.4528331461318636,1.030772902506778
-0.022332437362138524,0.33121128599935423,0.44455707555316715,3.140818329036863,2.6638258681201115,0.4532110711309479,1.031061506254947
-0.02251506236259626,0.33103089849920153,0.44419457555240416,3.1408796057958144,2.657809897504855,0.45245522113277886,1.0308210031314728
-0.02239897780233261,0.33124277750550524,0.44437496305255686,3.1405131307945933,2.6501590009580775,0.4531165898811769,1.0309172043808625
-0.022423749862367615,0.33124277750550524,0.4442839068022517,3.1407270066746795,2.6610546171876743,0.45254970238255027,1.0308691037561677
-0.022423749862367615,0.3308820025052003,0.4440141880522519,3.1405131307945933,2.6639205618701878,0.4523607398830079,1.030772902506778
-0.022216352801874874,0.33106239000535254,0.4442856318027093,3.140482492415118,2.6496855322076955,0.45273866488209263,1.0309653050055574
-0.02251506236259626,0.3309721962552764,0.44410438180232803,3.1406047495448988,2.6548492590722654,0.45264418363232123,1.0309172043808625
-0.022423749862367615,0.3308820025052003,0.4440141880522519,3.1403639573542526,2.6665024253024727,0.45254970238255027,1.0308691037561677
-0.022125040301645783,0.3309721962552764,0.4442864943029383,3.140818329036863,2.6495908384576197,0.45292762738163456,1.0308691037561677
-0.022216352801874874,0.33124277750550524,0.4442839068022517,3.1405437691740694,2.6522673956399805,0.45254970238255027,1.0308691037561677
-0.022216352801874874,0.33124277750550524,0.4442839068022517,3.140394595733728,2.6634470931198067,0.45254970238255027,1.0309653050055574
-0.022490290302561257,0.3309721962552764,0.4440133255520229,3.140452150423764,2.6547545653221887,0.45254970238255027,1.0308691037561677
-0.022490290302561257,0.3311525837554291,0.44428476930248073,3.1404215120442887,2.646535506274953,0.45273866488209263,1.030772902506778
-0.02230766530210352,0.33106239000535254,0.4442856318027093,3.140424937725082,2.6635417868698825,0.45292762738163456,1.0308691037561677
-0.02239897780233261,0.3309721962552764,0.44410438180232803,3.140787987045509,2.658378060005313,0.45264418363232123,1.0309172043808625
-0.02239897780233261,0.3309721962552764,0.44410438180232803,3.1406963682952043,2.650443082208306,0.45264418363232123,1.0308210031314728
-0.022490290302561257,0.3309721962552764,0.4440133255520229,3.1404862144840333,2.6609599234375976,0.4523607398830079,1.0306286006326935
-0.02230766530210352,0.33124277750550524,0.44437496305255686,3.1405131307945933,2.6641099493703404,0.45245522113277886,1.0308210031314728
-0.02239897780233261,0.33106239000535254,0.444103519302099,3.1405437691740694,2.649969613457925,0.45217177738346553,1.0306767012573883
-0.02251506236259626,0.33124277750550524,0.4442839068022517,3.140394595733728,2.6563643590734864,0.45292762738163456,1.0309653050055574
-0.02260637486282535,0.33106239000535254,0.444103519302099,3.1404862144840333,2.666975894052854,0.4523607398830079,1.0307248018820832
-0.022581602802790347,0.3308820025052003,0.4440141880522519,3.1405131307945933,2.649874919707848,0.4523607398830079,1.0308691037561677
-0.022423749862367615,0.33106239000535254,0.444103519302099,3.140577833234339,2.652456783140133,0.45254970238255027,1.0308691037561677
-0.022423749862367615,0.33106239000535254,0.44419457555240416,3.140638813605168,2.6634470931198067,0.45292762738163456,1.0308210031314728
-0.022332437362138524,0.3309721962552764,0.44410438180232803,3.1406963682952043,2.6542810965718076,0.45273866488209263,1.030772902506778
-0.022332437362138524,0.3311525837554291,0.4443758255527859,3.1405165564753865,2.6455885687741905,0.45292762738163456,1.0308210031314728
-0.02251506236259626,0.33106239000535254,0.44419457555240416,3.1403639573542526,2.66259484936912,0.45245522113277886,1.0308691037561677
-0.022581602802790347,0.3311525837554291,0.4441937130521756,3.1407270066746795,2.657809897504855,0.45254970238255027,1.0309172043808625
-0.022581602802790347,0.3309721962552764,0.44410438180232803,3.1403639573542526,2.650443082208306,0.45273866488209263,1.0309172043808625
-0.02230766530210352,0.33124277750550524,0.44419285055194657,3.140425234113204,2.6614333921879796,0.4523607398830079,1.0306767012573883
-0.02239897780233261,0.3309721962552764,0.44410438180232803,3.140638813605168,2.6507271634585354,0.45273866488209263,1.0308691037561677
-0.022332437362138524,0.33106239000535254,0.44437668805301445,3.1408523930971315,2.655701502822952,0.45292762738163456,1.0309653050055574
-0.022423749862367615,0.3309721962552764,0.4440133255520229,3.140394595733728,2.666407731552397,0.4528331461318636,1.0308210031314728
-0.022423749862367615,0.3309721962552764,0.4440133255520229,3.1404862144840333,2.6485492072067807,0.45254970238255027,1.0309172043808625
-0.022423749862367615,0.33106239000535254,0.4446498568039299,3.1406688592083993,2.6485492072067807,0.4532110711309479,1.0309653050055574
-0.022241124861909878,0.33106239000535254,0.44419457555240416,3.1405471948548627,2.6625001556190435,0.45264418363232123,1.0308210031314728
-0.022216352801874874,0.3311525837554291,0.444466881803091,3.1406691555965214,2.6542810965718076,0.4528331461318636,1.0308691037561677
-0.02239897780233261,0.3309721962552764,0.44437755055324346,3.1407301359673507,2.6459673437744953,0.45254970238255027,1.0308210031314728
-0.022216352801874874,0.33106239000535254,0.44401246305179387,3.1401503778622883,2.6634470931198067,0.4528331461318636,1.0309172043808625
-0.022490290302561257,0.3307918087551237,0.4438329380518702,3.1406694519846434,2.658378060005313,0.45254970238255027,1.0308210031314728
-0.022490290302561257,0.33106239000535254,0.44419457555240416,3.1408220511057783,2.6501590009580775,0.45264418363232123,1.030772902506778
-0.022423749862367615,0.33124277750550524,0.444466019302862,3.1406997939759975,2.6584727537553894,0.45292762738163456,1.0308691037561677
-0.02251506236259626,0.3311525837554291,0.4441937130521756,3.140394595733728,2.6644887243706457,0.45226625863323694,1.0308210031314728
-0.02251506236259626,0.3308820025052003,0.44392313180194676,3.1404862144840333,2.650916550958687,0.4532110711309479,1.0309653050055574
-0.022332437362138524,0.33106239000535254,0.4442856318027093,3.1405165564753865,2.655985584073181,0.4523607398830079,1.030772902506778
-0.022241124861909878,0.3309721962552764,0.44410438180232803,3.140730432355473,2.6681122190537696,0.4528331461318636,1.0309653050055574
-0.022423749862367615,0.3309721962552764,0.4441954380526332,3.1406997939759975,2.650443082208306,0.4528331461318636,1.0308210031314728
-0.02260637486282535,0.33106239000535254,0.44419457555240416,3.1408220511057783,2.65034838845823,0.4528331461318636,1.0308691037561677
-0.022332437362138524,0.3309721962552764,0.4441954380526332,3.1405741111654226,2.663731174370035,0.45273866488209263,1.0309653050055574
-0.022332437362138524,0.33106239000535254,0.44419457555240416,3.141028779236155,2.655038646572418,0.4528331461318636,1.0309172043808625
-0.022332437362138524,0.33106239000535254,0.44437668805301445,3.1410591212275087,2.6470089750253347,0.4531165898811769,1.0309653050055574
-0.022241124861909878,0.33106239000535254,0.44419457555240416,3.140845541735545,2.6633523993697303,0.45264418363232123,1.0308691037561677
-0.022490290302561257,0.3308820025052003,0.4438320755516416,3.1408151997441913,2.658093978755084,0.45273866488209263,1.0311577075043368
-0.02230766530210352,0.3308820025052003,0.4440141880522519,3.14093716048585,2.6497802259577723,0.45254970238255027,1.0306767012573883
-0.02251506236259626,0.3309721962552764,0.44410438180232803,3.140845541735545,2.661717473438208,0.45292762738163456,1.0309172043808625
-0.022332437362138524,0.33124277750550524,0.44455707555316715,3.1409675024772037,2.6647728056208746,0.45264418363232123,1.0308691037561677
-0.02251506236259626,0.3309721962552764,0.4442864943029383,3.1409675024772037,2.651011244708764,0.45273866488209263,1.030772902506778
-0.022332437362138524,0.33124277750550524,0.4442839068022517,3.141059417615631,2.655606809072876,0.45273866488209263,1.0309172043808625
-0.022241124861909878,0.33106239000535254,0.44437668805301445,3.1409675024772037,2.6665024253024727,0.45264418363232123,1.0308691037561677
-0.022423749862367615,0.33106239000535254,0.44419457555240416,3.141028779236155,2.6491173697072377,0.4534945148802612,1.0312058081290316
-0.02251506236259626,0.3308820025052003,0.4438320755516416,3.141181674745412,2.6481704322064754,0.45292762738163456,1.0309172043808625
-0.022423749862367615,0.33124277750550524,0.4442839068022517,3.1407845613647156,2.6635417868698825,0.4534945148802612,1.031398210627811
-0.022241124861909878,0.33106239000535254,0.44419457555240416,3.1407539229852395,2.6509416831389125,0.45273866488209263,1.0307248018820832
-0.022332437362138524,0.3308820025052003,0.4443784130534725,3.1410894632188624,2.6459673437744953,0.4531165898811769,1.0309653050055574
-0.022149812361680787,0.33124277750550524,0.444466019302862,3.1407232846057638,2.6627842368692725,0.4528331461318636,1.0309653050055574
-0.02251506236259626,0.3309721962552764,0.44410438180232803,3.141028779236155,2.657809897504855,0.45264418363232123,1.0308210031314728
-0.022490290302561257,0.33106239000535254,0.4442856318027093,3.1409065221063743,2.6502536947081534,0.45254970238255027,1.0308691037561677
-0.022423749862367615,0.3308820025052003,0.44410524430255705,3.140814903356069,2.6590409162558473,0.45292762738163456,1.030772902506778
-0.022241124861909878,0.3309721962552764,0.44410438180232803,3.14093716048585,2.665435661871409,0.4532110711309479,1.031061506254947
-0.022423749862367615,0.33106239000535254,0.44419457555240416,3.14093716048585,2.6507271634585354,0.45273866488209263,1.0308210031314728
-0.022423749862367615,0.3309721962552764,0.44392226930171774,3.141090055995107,2.6564590528235623,0.45292762738163456,1.0309172043808625
-0.02251506236259626,0.3308820025052003,0.44392313180194676,3.1407270066746795,2.667922831553617,0.45292762738163456,1.0308691037561677
-0.022241124861909878,0.33106239000535254,0.44419457555240416,3.1406623042349344,2.653593108141049,0.4531165898811769,1.0309653050055574
-0.022423749862367615,0.33124277750550524,0.44419285055194657,3.1408151997441913,2.6502536947081534,0.45292762738163456,1.0309172043808625
-0.022241124861909878,0.33124277750550524,0.44437496305255686,3.1406963682952043,2.6633523993697303,0.4528331461318636,1.031061506254947
-0.022241124861909878,0.3309721962552764,0.44392226930171774,3.1406319622435808,2.6548492590722654,0.4528331461318636,1.0308210031314728
-0.022332437362138524,0.33106239000535254,0.44419457555240416,3.1412120167367656,2.6459673437744953,0.45254970238255027,1.0307248018820832
-0.022423749862367615,0.3308820025052003,0.44410524430255705,3.1410322049169483,2.660107679686911,0.4528331461318636,1.0308210031314728
-0.022332437362138524,0.33106239000535254,0.44419457555240416,3.14093716048585,2.660770535937445,0.45292762738163456,1.0308691037561677
-0.02260637486282535,0.3308820025052003,0.4440141880522519,3.141028779236155,2.649874919707848,0.45273866488209263,1.0306286006326935
-0.022332437362138524,0.33103089849920153,0.444103519302099,3.140635387924375,2.658378060005313,0.45264418363232123,1.030772902506778
-0.022332437362138524,0.33124277750550524,0.44437496305255686,3.1406963682952043,2.6642046431204167,0.45273866488209263,1.0308210031314728
-0.022423749862367615,0.3308820025052003,0.44374101930133647,3.1410290756242776,2.6502536947081534,0.45292762738163456,1.0309172043808625
-0.022332437362138524,0.3309721962552764,0.4441954380526332,3.1408489674163382,2.655606809072876,0.45273866488209263,1.030772902506778
-0.02239897780233261,0.3308820025052003,0.44392313180194676,3.1409102441752896,2.66631303780232,0.45302210863140596,1.0308691037561677
-0.022191580741839877,0.3311525837554291,0.44428476930248073,3.140845541735545,2.6515098456393704,0.45292762738163456,1.0309172043808625
-0.022008955741381696,0.3308820025052003,0.4440141880522519,3.14093716048585,2.6485492072067807,0.45292762738163456,1.0308691037561677
-0.022374205742297613,0.33124277750550524,0.44437496305255686,3.1406963682952043,2.662973624369425,0.45273866488209263,1.0308210031314728
-0.02246551824252626,0.3311525837554291,0.4441937130521756,3.141059417615631,2.654659871572113,0.4531165898811769,1.0308691037561677
-0.022191580741839877,0.33106239000535254,0.4442856318027093,3.1410897596069844,2.649874919707848,0.4531165898811769,1.0308210031314728
0.05693392863349796,0.38319907010205273,0.531108372326023,3.611071757165462,3.0777116182772866,0.5826868477420595,1.3700244074090708
0.05693392863349796,0.3831403678581276,0.5311739927955121,3.611285336657426,3.0890807032572654,0.5827813289918304,1.3700244074090708
0.057116553633955694,0.383501142858433,0.5317431785774729,3.61128161458851,3.0804828692097246,0.5824034039927461,1.369976306784376
0.05684261613326887,0.383501142858433,0.5317431785774729,3.6117397083400355,3.0719797289122592,0.5827813289918304,1.3701206086584605
0.057116553633955694,0.38341094910835644,0.5316529848273963,3.611132441148169,3.0891753970073417,0.5830647727411438,1.3701206086584605
0.05693392863349796,0.38359133660850914,0.5315602035766336,3.611132737536291,3.0867829210752094,0.5829702914913728,1.37031301115724
0.057116553633955694,0.38359133660850914,0.5315602035766336,3.611465148477243,3.074656286094621,0.5827813289918304,1.3700725080337657
0.05693392863349796,0.3833207553582803,0.53144543654597,3.61125469827795,3.0831594263920854,0.5833482164904571,1.3700725080337657
0.057116553633955694,0.38341094910835644,0.531444574045741,3.6113769554077306,3.088417847006731,0.5827813289918304,1.3700725080337657
0.05693392863349796,0.38341094910835644,0.5316529848273963,3.6114989161493893,3.0738040423439337,0.5824978852425171,1.369976306784376
0.05684261613326887,0.38341094910835644,0.5315619285770912,3.6113463170282554,3.0772381495269054,0.5837261414895418,1.370264910532545
0.05693392863349796,0.38341094910835644,0.5316529848273963,3.6113156786487792,3.0885125407568075,0.5830647727411438,1.3700725080337657
0.056568678632582484,0.3833207553582803,0.5313806785767099,3.611285336657426,3.0779956995275155,0.5833482164904571,1.3703611117819348
0.05693392863349796,0.383501142858433,0.5316521223271677,3.6113463170282554,3.0749403673448494,0.5835371789899995,1.3701206086584605
0.057116553633955694,0.38359133660850914,0.5316512598269387,3.6113769554077306,3.089743559507799,0.5836316602397704,1.3702168099078502
0.05665999113281113,0.383501142858433,0.5314700098265575,3.6114992125375114,3.084958607643535,0.5838206227393128,1.370264910532545
0.057025241133726604,0.383501142858433,0.5316521223271677,3.6110714607773398,3.0753191423451547,0.5834426977402285,1.3701206086584605
0.057025241133726604,0.38359133660850914,0.5316249615458937,3.6113428913474612,3.086972308575362,0.5839151039890838,1.370264910532545
0.05675130363304022,0.38341094910835644,0.531444574045741,3.611675302288413,3.08870192825696,0.5828758102416018,1.3699282061596816
0.05675130363304022,0.38368153035858527,0.5318062115462749,3.6117362826592423,3.0742775110943157,0.5836316602397704,1.3702168099078502
0.05684261613326887,0.38341094910835644,0.5313535177954358,3.611465148477243,3.0795359317089614,0.5834426977402285,1.3702168099078502
0.05675130363304022,0.38341094910835644,0.531444574045741,3.611617747598377,3.088323153256655,0.5835371789899995,1.3701687092831554
0.05675130363304022,0.38368153035858527,0.53183250982732,3.6117362826592423,3.0766699870264476,0.5835371789899995,1.3701206086584605
0.057025241133726604,0.38341094910835644,0.531470872326786,3.6120417772896336,3.070559322661115,0.5834426977402285,1.3701206086584605
0.05675130363304022,0.38341094910835644,0.5315619285770912,3.6115871092189016,3.0882284595065785,0.5838206227393128,1.3703611117819348
0.05693392863349796,0.38341094910835644,0.5313798160764809,3.6119807969188042,3.0805775629598005,0.5836316602397704,1.3702168099078502
0.05684261613326887,0.3833207553582803,0.5311985660760996,3.6117365790473643,3.075224448595078,0.5834426977402285,1.3701687092831554
0.05675130363304022,0.3833207553582803,0.531471734827015,3.611953584220122,3.0873510835756672,0.5833482164904571,1.370264910532545
0.057025241133726604,0.38359133660850914,0.5318981302968091,3.6118923074611704,3.0902170282581807,0.5835371789899995,1.370264910532545
0.05695870069353296,0.38341094910835644,0.5316266865463513,3.611648089589731,3.0809563379601057,0.5835371789899995,1.370264910532545
0.0571413256939907,0.383501142858433,0.5315347677958175,3.6114345100977667,3.08870192825696,0.5834426977402285,1.3702168099078502
0.056776075693075224,0.383501142858433,0.5317168802964278,3.6117397083400355,3.0773328432769818,0.5839151039890838,1.3705535142807141
0.05686738819330387,0.38341094910835644,0.5313535177954358,3.6115567672275475,3.0707487101612676,0.5862143736732762,1.370264910532545
0.05686738819330387,0.38344244061450744,0.5316266865463513,3.6119229458406465,3.0882284595065785,0.5867812611719029,1.3703611117819348
0.05695870069353296,0.38344244061450744,0.5317440410777015,3.6120755449617805,3.0831594263920854,0.5867812611719029,1.37031301115724
0.05695870069353296,0.38362282811466014,0.5315602035766336,3.611648385977853,3.0743722048443916,0.5861198924235053,1.3705054136560193
0.05695870069353296,0.3833522468644313,0.5312633240453597,3.6115567672275475,3.0863094523248282,0.5865922986723605,1.3705535142807141
0.056776075693075224,0.38362282811466014,0.5316249615458937,3.6117093663486823,3.0895541720076465,0.5865922986723605,1.3704092124066296
0.056776075693075224,0.38362282811466014,0.531833372327549,3.6117397083400355,3.075792611095536,0.5865922986723605,1.3704573130313245
0.056776075693075224,0.38362282811466014,0.5318981302968091,3.612041480901511,3.0809563379601057,0.5864033361728186,1.3704092124066296
0.05695870069353296,0.3833522468644313,0.53144543654597,3.612011138910158,3.0927988916904656,0.5867812611719029,1.3703611117819348
0.05695870069353296,0.38362282811466014,0.5315339052955885,3.6119467328585344,3.078469168277897,0.5866867799221319,1.3705054136560193
0.05705001319376161,0.38362282811466014,0.5315339052955885,3.61185511410823,3.0754138360952306,0.5865922986723605,1.3703611117819348
0.056892160253338875,0.38344244061450744,0.531444574045741,3.611858539789023,3.089648865757723,0.5865922986723605,1.3705535142807141
0.05661822275265249,0.38362282811466014,0.5317160177961988,3.612068693600193,3.083727588892543,0.5866867799221319,1.3705054136560193
0.05680084775311023,0.383532634364584,0.5316258240461227,3.612251931100804,3.0717903414121066,0.5860254111737339,1.3700244074090708
0.056892160253338875,0.383532634364584,0.5315347677958175,3.611675302288413,3.085457208574141,0.5866867799221319,1.3705054136560193
0.05680084775311023,0.38326205311435474,0.531082074044978,3.6119773712380105,3.0856465960742936,0.5864978174225896,1.370601614905409
0.056825619813145226,0.38344244061450744,0.5315619285770912,3.612068693600193,3.0748456735947727,0.5867812611719029,1.3705054136560193
0.05700824481360296,0.383532634364584,0.5316258240461227,3.6118279014095473,3.080198787959495,0.5866867799221319,1.3705054136560193
0.0571908698140607,0.38362282811466014,0.531807074046504,3.6117972630300716,3.092041341689855,0.5867812611719029,1.3705054136560193
0.056825619813145226,0.38344244061450744,0.5316266865463513,3.6123129114716335,3.0749403673448494,0.5867812611719029,1.3705054136560193
0.056825619813145226,0.3833522468644313,0.5315364927962751,3.6121637380312923,3.0750350610949253,0.5868757424216738,1.3703611117819348
0.05691693231337387,0.38344244061450744,0.531444574045741,3.6119501585393285,3.089648865757723,0.5868757424216738,1.3706978161547987
0.05700824481360296,0.3833522468644313,0.53144543654597,3.612068693600193,3.080293481709572,0.5865922986723605,1.3703611117819348
0.05700824481360296,0.38344244061450744,0.531444574045741,3.611858539789023,3.071600953911954,0.5866867799221319,1.3705535142807141
0.056892160253338875,0.3833522468644313,0.5312633240453597,3.6116143219175836,3.0887966220070364,0.5867812611719029,1.370601614905409
0.05680084775311023,0.383532634364584,0.5314437115455124,3.611889178168499,3.085930677324523,0.5867812611719029,1.3705054136560193
0.05700824481360296,0.38344244061450744,0.531444574045741,3.611675302288413,3.074656286094621,0.5865922986723605,1.3705054136560193
0.05691693231337387,0.38326205311435474,0.5312641865455883,3.6119501585393285,3.08278065139178,0.5865922986723605,1.3705054136560193
0.05700824481360296,0.38344244061450744,0.5316266865463513,3.6121637380312923,3.0912837916892446,0.5865922986723605,1.3705054136560193
0.05700824481360296,0.383532634364584,0.5317168802964278,3.612346975531903,3.0748456735947727,0.5875371111700719,1.3709383192782725
0.05700824481360296,0.3833522468644313,0.5313543802956648,3.611858539789023,3.0772381495269054,0.5864978174225896,1.3705054136560193
0.05709955731383161,0.38344244061450744,0.5316266865463513,3.6120721192809873,3.0891753970073417,0.5867812611719029,1.3707940174041884
0.05691693231337387,0.3833522468644313,0.5311722677950546,3.61182819779767,3.080198787959495,0.5865922986723605,1.370601614905409
0.05691693231337387,0.3833522468644313,0.53144543654597,3.612102757660463,3.071506260161878,0.5868757424216738,1.370601614905409
0.056892160253338875,0.38362282811466014,0.5317160177961988,3.6119195201598524,3.088417847006731,0.5865922986723605,1.3705535142807141
0.056983472753567965,0.38362282811466014,0.5315339052955885,3.6116143219175836,3.0831594263920854,0.5865922986723605,1.3705054136560193
0.05691693231337387,0.383532634364584,0.5316258240461227,3.6119195201598524,3.0748456735947727,0.5866867799221319,1.3706497155301038
0.05707478525379661,0.38344244061450744,0.5315356302960461,3.6119195201598524,3.0832541201421617,0.5867812611719029,1.3705054136560193
0.056983472753567965,0.383532634364584,0.5314437115455124,3.612279143799486,3.092136035439932,0.5864033361728186,1.3705535142807141
0.0571660977540257,0.38344244061450744,0.531444574045741,3.6121568866697054,3.0750350610949253,0.5863088549230472,1.3704573130313245
0.056983472753567965,0.38344244061450744,0.531444574045741,3.6125233616709265,3.078185087027668,0.5867812611719029,1.3705054136560193
0.0571660977540257,0.38347393212065845,0.531444574045741,3.6125233616709265,3.0899329470079517,0.5867812611719029,1.3706978161547987
0.056983472753567965,0.383595617376886,0.5316258240461227,3.612401104541145,3.0783744745278208,0.5864978174225896,1.370601614905409
0.05707478525379661,0.383595617376886,0.5316258240461227,3.61230948579084,3.0728319726629456,0.5867812611719029,1.3706978161547987
0.0571660977540257,0.38386619862711485,0.5318964052963515,3.61230948579084,3.0890807032572654,0.5865922986723605,1.3705054136560193
0.05680084775311023,0.383595617376886,0.5316258240461227,3.61230948579084,3.074656286094621,0.5866867799221319,1.3705054136560193
0.05680084775311023,0.3834152298767333,0.5312633240453597,3.6121299703591454,3.082496570141551,0.5867812611719029,1.3706978161547987
0.056892160253338875,0.38350542362680945,0.5316266865463513,3.612587767722549,3.0890807032572654,0.5864978174225896,1.3707940174041884
0.05670953525288114,0.38368581112696215,0.5317160177961988,3.6124927232914503,3.075224448595078,0.5869702236714452,1.3706497155301038
0.05670953525288114,0.38350542362680945,0.5315356302960461,3.6124351686014142,3.0786585557780497,0.5871591861709876,1.3707459167794935
0.05707478525379661,0.383595617376886,0.5314437115455124,3.61222158910945,3.0902170282581807,0.5864978174225896,1.3707459167794935
0.05680084775311023,0.383595617376886,0.5316258240461227,3.612401104541145,3.0786585557780497,0.5867812611719029,1.3706497155301038
0.056892160253338875,0.38332503612665675,0.5311731302952831,3.61222158910945,3.072642585162793,0.5865922986723605,1.3706978161547987
0.05661822275265249,0.3834152298767333,0.53144543654597,3.612251931100804,3.089648865757723,0.5869702236714452,1.3708421180288832
0.056983472753567965,0.38350542362680945,0.5316266865463513,3.6123129114716335,3.085835983574446,0.5862143736732762,1.3705535142807141
0.056892160253338875,0.383595617376886,0.5315347677958175,3.6125233616709265,3.074561592344544,0.5866867799221319,1.3707459167794935
0.05680084775311023,0.383595617376886,0.5314437115455124,3.6121299703591454,3.082401876391475,0.5866867799221319,1.3706978161547987
0.0571660977540257,0.38368581112696215,0.5317160177961988,3.6125267873517197,3.088323153256655,0.5864033361728186,1.3705535142807141
0.05707478525379661,0.3837760048770383,0.5318062115462749,3.612251931100804,3.0744668985944683,0.5872536674207586,1.3707940174041884
0.05707478525379661,0.383595617376886,0.5313526552952073,3.612252227488926,3.0768593745266,0.5868757424216738,1.3707459167794935
0.05670953525288114,0.3831446486265045,0.5309016865448257,3.612068989988316,3.088417847006731,0.5866867799221319,1.3707459167794935
0.05670953525288114,0.383595617376886,0.531807936546733,3.6124655105927674,3.080198787959495,0.5868757424216738,1.3707940174041884
0.05707478525379661,0.3834152298767333,0.5315364927962751,3.6124961489722436,3.0718850351621825,0.5867812611719029,1.3706497155301038
0.0571660977540257,0.383595617376886,0.5316258240461227,3.612068693600193,3.0894594782575706,0.5866867799221319,1.3707940174041884
0.05680084775311023,0.38350542362680945,0.5317177427966564,3.612190654341852,3.0872563898255905,0.5867812611719029,1.3706978161547987
0.056983472753567965,0.38368581112696215,0.5316249615458937,3.6122825694802794,3.075792611095536,0.5866867799221319,1.3707459167794935
0.0571660977540257,0.38368581112696215,0.5315339052955885,3.6121299703591454,3.0842010576429244,0.5867812611719029,1.3706978161547987
0.05664299481268749,0.383595617376886,0.5316258240461227,3.6123435498511087,3.092609504190313,0.5864978174225896,1.370601614905409
0.05709955731383161,0.38368581112696215,0.5316249615458937,3.6120993319796693,3.075603223595383,0.5866867799221319,1.3707940174041884
0.05700824481360296,0.383595617376886,0.5314437115455124,3.6121299703591454,3.0779956995275155,0.5864978174225896,1.3705054136560193
0.05709955731383161,0.38350542362680945,0.5315356302960461,3.6126759607920604,3.0890807032572654,0.5865922986723605,1.3706978161547987
0.05700824481360296,0.38350542362680945,0.5316266865463513,3.612794495852926,3.0776169245272107,0.5867812611719029,1.3706978161547987
0.05703301687363796,0.383595617376886,0.5314437115455124,3.612611554740438,3.0713168726617255,0.5865922986723605,1.3707459167794935
0.057215641874095696,0.38368581112696215,0.5316249615458937,3.6125809163609617,3.0881337657565022,0.5867812611719029,1.3707940174041884
0.057124329373866606,0.3837760048770383,0.5317151552959698,3.6128557726118773,3.08278065139178,0.5864978174225896,1.3707459167794935
0.057124329373866606,0.383595617376886,0.5318989927970381,3.612824837844279,3.074561592344544,0.5870647049212162,1.3708421180288832
0.05703301687363796,0.38347393212065845,0.531444574045741,3.612672535111267,3.08278065139178,0.5867812611719029,1.3707940174041884
0.05694170437340887,0.383595617376886,0.5316258240461227,3.6129167529827066,3.088607234506884,0.5865922986723605,1.3708902186535776
0.05694170437340887,0.383595617376886,0.5314437115455124,3.612611554740438,3.0748456735947727,0.5866867799221319,1.3706978161547987
0.057215641874095696,0.383595617376886,0.5314437115455124,3.612886410991353,3.0779956995275155,0.5866867799221319,1.3708421180288832
0.05675907937295113,0.3833837383705823,0.5313543802956648,3.6127065991715366,3.089743559507799,0.5866867799221319,1.3707459167794935
0.05694170437340887,0.38350542362680945,0.5315356302960461,3.612458659231181,3.0785638620279734,0.5863088549230472,1.3706497155301038
0.05694170437340887,0.3834152298767333,0.53144543654597,3.6127335154820965,3.0727372789128697,0.5867812611719029,1.3708421180288832
0.05691693231337387,0.383564125870735,0.5314437115455124,3.6126456188007072,3.0895541720076465,0.5868757424216738,1.3707940174041884
0.05691693231337387,0.383595617376886,0.5316258240461227,3.6127335154820965,3.0835382013923907,0.5861198924235053,1.3706497155301038
0.05700824481360296,0.3834152298767333,0.53144543654597,3.6129167529827066,3.075129754845002,0.5870647049212162,1.3706978161547987
0.05700824481360296,0.383564125870735,0.5313526552952073,3.6124930196795724,3.082685957641704,0.5864033361728186,1.3706978161547987
0.05700824481360296,0.383595617376886,0.5317168802964278,3.612645322412585,3.092041341689855,0.5868757424216738,1.3709383192782725
0.056825619813145226,0.38350542362680945,0.5313535177954358,3.6124283172398273,3.0738987360940104,0.5867812611719029,1.3708421180288832
0.05691693231337387,0.38365431962081115,0.5314428490452834,3.6124930196795724,3.073519961093705,0.5865922986723605,1.3708902186535776
0.05709955731383161,0.383564125870735,0.5316258240461227,3.6126759607920604,3.08870192825696,0.5869702236714452,1.3709864199029673
0.057215641874095696,0.383595617376886,0.5317168802964278,3.612794495852926,3.080388175459648,0.5869702236714452,1.3709383192782725
0.057124329373866606,0.38386619862711485,0.5318964052963515,3.6127335154820965,3.072169116412412,0.5868757424216738,1.3708902186535776
0.057124329373866606,0.3833837383705823,0.5313543802956648,3.612614980421231,3.0902170282581807,0.5869702236714452,1.3709383192782725
0.057215641874095696,0.38365431962081115,0.531807074046504,3.612645322412585,3.0876351648258957,0.5868757424216738,1.3710345205276622
0.05703301687363796,0.383564125870735,0.5314437115455124,3.6125540000504017,3.0758873048456126,0.5868757424216738,1.3708902186535776
0.0571908698140607,0.38365431962081115,0.5317160177961988,3.612584342041756,3.084106363892848,0.5868757424216738,1.3708421180288832
0.0571908698140607,0.3837445133708873,0.5317151552959698,3.612614980421231,3.0933670541909235,0.5866867799221319,1.3709383192782725
0.056825619813145226,0.38347393212065845,0.5315356302960461,3.612584342041756,3.076076692345765,0.5866867799221319,1.3707940174041884
0.056825619813145226,0.3837445133708873,0.5318062115462749,3.6126759607920604,3.0754138360952306,0.5868757424216738,1.3708902186535776
0.05700824481360296,0.38365431962081115,0.5317160177961988,3.612584342041756,3.0893647845074943,0.5871591861709876,1.3710345205276622
0.056825619813145226,0.3833837383705823,0.53144543654597,3.612767579542366,3.080293481709572,0.5867812611719029,1.3709864199029673
0.05700824481360296,0.383564125870735,0.5317168802964278,3.612462084911974,3.0713168726617255,0.5867812611719029,1.3709383192782725
0.056825619813145226,0.383564125870735,0.5317168802964278,3.612645322412585,3.085362514824065,0.5867812611719029,1.3710345205276622
0.05691693231337387,0.38347393212065845,0.5315356302960461,3.6126759607920604,3.0862147585747515,0.5871591861709876,1.3711307217770519
0.05700824481360296,0.383564125870735,0.5317168802964278,3.61273694116289,3.0743722048443916,0.5864978174225896,1.3708902186535776
0.05691693231337387,0.38365431962081115,0.5317160177961988,3.6124927232914503,3.080293481709572,0.5868757424216738,1.3708902186535776
0.05709955731383161,0.38365431962081115,0.5315339052955885,3.612279143799486,3.0923254229400845,0.5869702236714452,1.3709864199029673
0.05691693231337387,0.383564125870735,0.5314437115455124,3.612462381300097,3.075603223595383,0.5867812611719029,1.3710345205276622
0.057282182314289345,0.38350542362680945,0.531444574045741,3.612431742920621,3.0750350610949253,0.5864033361728186,1.3706978161547987
0.05709955731383161,0.38386619862711485,0.5317142927957412,3.612703173490743,3.0902170282581807,0.5866867799221319,1.371082621152357
0.05709955731383161,0.38362710888303697,0.531807936546733,3.613187887164706,3.0816191942106395,0.5864033361728186,1.3709383192782725
0.05700824481360296,0.3837173026331131,0.5317160177961988,3.6128826889224372,3.07569791734546,0.5871591861709876,1.3711307217770519
0.05691693231337387,0.383595617376886,0.5313526552952073,3.6127913665602547,3.086498839824981,0.5868757424216738,1.3710345205276622
0.05691693231337387,0.38362710888303697,0.5316258240461227,3.6130659264230474,3.0890807032572654,0.5864978174225896,1.371082621152357
0.0571908698140607,0.3837173026331131,0.5316249615458937,3.612821708551608,3.074656286094621,0.5871591861709876,1.3712750236511364
0.05700824481360296,0.3837173026331131,0.5316249615458937,3.6129133273019134,3.079725319209114,0.5866867799221319,1.3710345205276622
0.05709955731383161,0.3835369151329604,0.5315356302960461,3.6127335154820965,3.092041341689855,0.5864978174225896,1.371082621152357
0.05700824481360296,0.3837173026331131,0.5317160177961988,3.6129743076727427,3.0744668985944683,0.5867812611719029,1.371082621152357
0.057373494814518436,0.38362710888303697,0.5314437115455124,3.6127607281807785,3.074561592344544,0.5867812611719029,1.371082621152357
0.05700824481360296,0.38344672138288427,0.53144543654597,3.6129167529827066,3.0885125407568075,0.5865922986723605,1.371082621152357
0.05691693231337387,0.3835369151329604,0.5315356302960461,3.6130659264230474,3.080766950459953,0.5864978174225896,1.3709864199029673
0.05700824481360296,0.38344672138288427,0.53144543654597,3.6129743076727427,3.07569791734546,0.5865922986723605,1.3711307217770519
0.05700824481360296,0.3837760048770383,0.5316240990456647,3.612794792241048,3.087445777325743,0.5870647049212162,1.3711307217770519
0.05700824481360296,0.38362710888303697,0.5317168802964278,3.613035288043572,3.090595803258486,0.5867812611719029,1.3711307217770519
0.05691693231337387,0.38344672138288427,0.5313543802956648,3.613188183552829,3.0759819985956884,0.5867812611719029,1.3711307217770519
0.05700824481360296,0.38362710888303697,0.5313526552952073,3.6128254306205236,3.080766950459953,0.5865922986723605,1.371082621152357
0.0571908698140607,0.3837173026331131,0.5315339052955885,3.612794792241048,3.092136035439932,0.5868757424216738,1.3711307217770519
0.05709955731383161,0.38362710888303697,0.5314437115455124,3.612852346931084,3.074088123594163,0.5867812611719029,1.3711307217770519
0.05709955731383161,0.3835369151329604,0.531444574045741,3.6129473913621823,3.088323153256655,0.5865922986723605,1.3709864199029673
0.0571908698140607,0.38362710888303697,0.5315347677958175,3.612821708551608,3.0842010576429244,0.5873481486705295,1.3714674261499158
0.05691693231337387,0.38344672138288427,0.53144543654597,3.6130659264230474,3.0755085298453073,0.5867812611719029,1.371082621152357
0.05700824481360296,0.38350542362680945,0.5315356302960461,3.6129167529827066,3.087445777325743,0.5868757424216738,1.3713231242758313
0.05700824481360296,0.38380749638318923,0.5318062115462749,3.6127335154820965,3.0902170282581807,0.5865922986723605,1.3712750236511364
0.05691693231337387,0.3835369151329604,0.5315356302960461,3.6132491639236584,3.076076692345765,0.5871591861709876,1.3711307217770519
0.05703301687363796,0.3835369151329604,0.5313535177954358,3.612794792241048,3.080861644210029,0.5864033361728186,1.3707940174041884
0.057215641874095696,0.3835369151329604,0.5316266865463513,3.612886114603231,3.092609504190313,0.5867812611719029,1.371371224900526
0.057215641874095696,0.3837173026331131,0.5316249615458937,3.6129133273019134,3.0776169245272107,0.5867812611719029,1.3712750236511364
0.05703301687363796,0.3835369151329604,0.5313535177954358,3.612886410991353,3.0744668985944683,0.5868757424216738,1.3711307217770519
0.05685039187318022,0.3835369151329604,0.5311714052948255,3.6126728314993892,3.088607234506884,0.5865922986723605,1.3711788224017467
0.057124329373866606,0.3835369151329604,0.5316266865463513,3.612886114603231,3.083348813892238,0.5868757424216738,1.371371224900526
0.05685039187318022,0.38344672138288427,0.5311722677950546,3.612917049370829,3.0748456735947727,0.5867812611719029,1.3712750236511364
0.057124329373866606,0.383595617376886,0.5315347677958175,3.6128557726118773,3.0856465960742936,0.5869702236714452,1.3712750236511364
0.057124329373866606,0.38380749638318923,0.5319883240468852,3.6131303324746704,3.08870192825696,0.5866867799221319,1.3711788224017467
0.057124329373866606,0.3835369151329604,0.531444574045741,3.613039010112488,3.074561592344544,0.5866867799221319,1.3713231242758313
0.057124329373866606,0.38380749638318923,0.5318062115462749,3.6128251342324016,3.077427537027058,0.5865922986723605,1.3711788224017467
0.05703301687363796,0.383595617376886,0.5316258240461227,3.612550277981486,3.089743559507799,0.5871591861709876,1.3714674261499158
0.05703301687363796,0.38380749638318923,0.5318062115462749,3.6129167529827066,3.078753249528126,0.5868757424216738,1.3712750236511364
0.057124329373866606,0.38368581112696215,0.5315339052955885,3.612703173490743,3.075603223595383,0.5867812611719029,1.3712269230264416
0.05703301687363796,0.38350542362680945,0.5313535177954358,3.612703173490743,3.0906904970085622,0.5872536674207586,1.371371224900526
0.05703301687363796,0.38362710888303697,0.5315347677958175,3.6128557726118773,3.084674526393306,0.5867812611719029,1.371371224900526
0.05694170437340887,0.3837173026331131,0.5316249615458937,3.613039010112488,3.0755085298453073,0.5867812611719029,1.3713231242758313
0.05685039187318022,0.3833565276328077,0.5313552427958934,3.6129167529827066,3.0857412898243703,0.5864033361728186,1.3712750236511364
0.057215641874095696,0.38380749638318923,0.5320793802971904,3.6130996940951947,3.0890807032572654,0.5867812611719029,1.3712750236511364
0.057124329373866606,0.3837173026331131,0.5315339052955885,3.612611554740438,3.0742775110943157,0.5868757424216738,1.371371224900526
0.05703301687363796,0.3838976901332658,0.5320785177969618,3.6131303324746704,3.0772381495269054,0.5869702236714452,1.371419325525221
0.057124329373866606,0.383595617376886,0.5316258240461227,3.613157545173353,3.0890807032572654,0.5872536674207586,1.3717560298980849
0.05685039187318022,0.3837173026331131,0.5318981302968091,3.613611916855963,3.0775222307771344,0.5867812611719029,1.3714674261499158
0.057215641874095696,0.38368581112696215,0.5317160177961988,3.613398337363999,3.0724531976626404,0.5867812611719029,1.371371224900526
0.05694170437340887,0.383595617376886,0.5315347677958175,3.613062500742254,3.0901223345081044,0.5868757424216738,1.371371224900526
0.05703301687363796,0.38350542362680945,0.531444574045741,3.6133373569931697,3.08754047107582,0.5868757424216738,1.3715636273993055
0.057215641874095696,0.383595617376886,0.5317168802964278,3.613184461483913,3.07569791734546,0.5868757424216738,1.3714674261499158
0.05694170437340887,0.383595617376886,0.5316258240461227,3.6133067186136936,3.0866882273251326,0.5866867799221319,1.3712750236511364
0.057215641874095696,0.3837760048770383,0.5319235660776251,3.613184461483913,3.089743559507799,0.5867812611719029,1.3715155267746106
0.057124329373866606,0.38368581112696215,0.5314954456073735,3.6129405400005954,3.0750350610949253,0.5867812611719029,1.3714674261499158
0.05694170437340887,0.38350542362680945,0.5313150581072208,3.613307015001816,3.0776169245272107,0.5868757424216738,1.3715155267746106
0.05703301687363796,0.38368581112696215,0.5316775581079838,3.6134289757434748,3.0888913157571127,0.5867812611719029,1.371371224900526
0.05703301687363796,0.38368581112696215,0.5315865018576786,3.61309313912173,3.080766950459953,0.5873481486705295,1.3717560298980849
0.05703301687363796,0.38350542362680945,0.5315882268581362,3.6132150998633885,3.071032791411496,0.5861198924235053,1.3712269230264416
0.05703301687363796,0.383595617376886,0.5316784206082128,3.6132150998633885,3.088417847006731,0.5868757424216738,1.37170792927339
0.05694170437340887,0.383595617376886,0.5314963081076025,3.613184757872035,3.0856465960742936,0.5866867799221319,1.3714674261499158
0.057215641874095696,0.38368581112696215,0.5315865018576786,3.6132763766223404,3.0742775110943157,0.5868757424216738,1.3715155267746106
0.05685039187318022,0.38350542362680945,0.5316792831084414,3.613276080234218,3.082401876391475,0.5868757424216738,1.3715155267746106
0.05703301687363796,0.38368581112696215,0.5317686143582889,3.613581574864609,3.0912837916892446,0.5864033361728186,1.3713231242758313
0.05703301687363796,0.383595617376886,0.5317694768585179,3.6130012239833023,3.0749403673448494,0.5869702236714452,1.3716117280240003
0.057215641874095696,0.3837760048770383,0.531858808108365,3.613581574864609,3.077901005777439,0.5868757424216738,1.371419325525221
0.05694170437340887,0.383595617376886,0.5317694768585179,3.6135509364851335,3.090027640758028,0.5873481486705295,1.3718041305227797
0.05730695437432434,0.38368581112696215,0.5314954456073735,3.613307015001816,3.0810510317101816,0.5867812611719029,1.3713231242758313
0.057124329373866606,0.38350542362680945,0.5313150581072208,3.613398633752121,3.0727372789128697,0.5868757424216738,1.3714674261499158
0.05739826687455343,0.383595617376886,0.5316784206082128,3.613489956114304,3.089648865757723,0.5861198924235053,1.371419325525221
0.057124329373866606,0.38368581112696215,0.5314954456073735,3.6131237775012055,3.0867829210752094,0.5866867799221319,1.3715636273993055
0.057124329373866606,0.383595617376886,0.5317694768585179,3.613367698984523,3.0754138360952306,0.5868757424216738,1.3716117280240003
0.057124329373866606,0.383595617376886,0.5316784206082128,3.613489956114304,3.080388175459648,0.5868757424216738,1.3715636273993055
0.057124329373866606,0.38386619862711485,0.5317668893578313,3.613184757872035,3.0913784854393214,0.5866867799221319,1.3715636273993055
0.05694170437340887,0.383595617376886,0.5315873643579077,3.613062500742254,3.0742775110943157,0.5873481486705295,1.3718041305227797
0.05739826687455343,0.38362710888303697,0.5315873643579077,3.613154119492559,3.073614654843781,0.5869702236714452,1.37170792927339
0.057215641874095696,0.38380749638318923,0.531858808108365,3.613489956114304,3.0881337657565022,0.5867812611719029,1.3715636273993055
0.05730695437432434,0.3837487941392641,0.5316775581079838,3.613154119492559,3.08278065139178,0.5866867799221319,1.3714674261499158
0.05703301687363796,0.3835684066391114,0.5315882268581362,3.6133067186136936,3.075129754845002,0.5867812611719029,1.3716117280240003
0.05694170437340887,0.38362710888303697,0.5317694768585179,3.613276080234218,3.0876351648258957,0.5872536674207586,1.3718522311474741
0.05703301687363796,0.3837173026331131,0.5317686143582889,3.6132150998633885,3.0905011095084096,0.5869702236714452,1.37170792927339
0.057215641874095696,0.3835684066391114,0.5314971706078311,3.613245738242864,3.076076692345765,0.5867812611719029,1.3716117280240003
0.05724041393413069,0.38383898788934023,0.5317677518580599,3.613004946052218,3.0816191942106395,0.5869702236714452,1.37170792927339
0.0571491014339016,0.38383898788934023,0.5315856393574496,3.613157841561475,3.0895541720076465,0.5867812611719029,1.37170792927339
0.0571491014339016,0.3839291816394168,0.5317668893578313,3.613184757872035,3.078185087027668,0.5866867799221319,1.3715155267746106
0.05705778893367296,0.3837487941392641,0.5314954456073735,3.613398633752121,3.074561592344544,0.5865922986723605,1.3714674261499158
0.0571491014339016,0.383658600389188,0.5314963081076025,3.6131272031819996,3.0888913157571127,0.5868757424216738,1.3716598286486952
0.0571491014339016,0.38401937538949293,0.5317660268576023,3.6129405400005954,3.0832541201421617,0.5867812611719029,1.3716598286486952
0.0572651859941657,0.3837487941392641,0.5316775581079838,3.613154119492559,3.0743722048443916,0.5866867799221319,1.3716598286486952
0.05717387349393661,0.3837487941392641,0.5315865018576786,3.613035584431694,3.086025371074599,0.5869702236714452,1.3717560298980849
0.05708256099370796,0.3835684066391114,0.5315882268581362,3.6132491639236584,3.08870192825696,0.5866867799221319,1.37170792927339
0.05717387349393661,0.383658600389188,0.5314963081076025,3.613184757872035,3.0743722048443916,0.5868757424216738,1.3718041305227797
0.0572651859941657,0.383658600389188,0.5316784206082128,3.613157545173353,3.0768593745266,0.5866867799221319,1.3715155267746106
0.05708256099370796,0.3834782128890353,0.5311338081068395,3.613005242440341,3.0885125407568075,0.5867812611719029,1.37170792927339
0.0572651859941657,0.3837487941392641,0.5317686143582889,3.613489956114304,3.077806312027363,0.5868757424216738,1.37170792927339
0.05717387349393661,0.3837487941392641,0.5316775581079838,3.613188183552829,3.072074422662335,0.5869702236714452,1.3715636273993055
0.05708256099370796,0.3835684066391114,0.5315882268581362,3.613340782673963,3.0894594782575706,0.5865922986723605,1.37170792927339
0.05708256099370796,0.38383898788934023,0.5319498643586702,3.6134593177348284,3.0845798326432297,0.5867812611719029,1.3715636273993055
0.0572651859941657,0.38383898788934023,0.5315856393574496,3.613215396251511,3.0765501610961463,0.5867812611719029,1.37170792927339
0.056899935993250224,0.3837487941392641,0.5315865018576786,3.6134020594329144,3.0905011095084096,0.5862143736732762,1.3716598286486952
0.05717387349393661,0.3839291816394168,0.5318579456081365,3.6132798023031336,3.0765501610961463,0.5872536674207586,1.3717560298980849
0.05724041393413069,0.3837487941392641,0.5317686143582889,3.6132491639236584,3.078090393277592,0.5865922986723605,1.37170792927339
0.0571491014339016,0.3839291816394168,0.5318579456081365,3.6130965648025235,3.0890807032572654,0.5869702236714452,1.3717560298980849
0.0571491014339016,0.383658600389188,0.5317694768585179,3.613367698984523,3.0772381495269054,0.5868757424216738,1.3717560298980849
0.0572651859941657,0.383658600389188,0.5316784206082128,3.6134324014242685,3.0709380976614202,0.5865922986723605,1.37170792927339
0.05717387349393661,0.3837487941392641,0.5318596706085941,3.613218525544182,3.0881337657565022,0.5865922986723605,1.37170792927339
0.05717387349393661,0.3837487941392641,0.5315865018576786,3.6131272031819996,3.0831594263920854,0.5867812611719029,1.3717560298980849
0.056899935993250224,0.3837487941392641,0.5314954456073735,3.6128829853105593,3.0754138360952306,0.5868757424216738,1.3717560298980849
0.1350069012265494,0.43568643753479086,0.6179743859711899,4.083009648716551,3.5004599865228303,0.6585897222750924,1.728857766589874
0.13473296372586258,0.435808122791018,0.6183640467532265,4.083192589829039,3.5007440677730592,0.6585897222750924,1.7290501690886533
0.13464165122563393,0.435808122791018,0.6180908780023111,4.082918029966246,3.499797130272296,0.65840075977555,1.7287615653404842
0.1349403607863553,0.43571792904094186,0.6180917405025401,4.083345485338296,3.4990395802716856,0.658495241025321,1.7290020684639584
0.13484904828612665,0.43586682503494356,0.618363184252998,4.0832232282085155,3.4977138677706177,0.658306278525779,1.728809665965179
0.13475773578589756,0.43586682503494356,0.6182721280026928,4.082795772836466,3.500485118703055,0.6586842035248633,1.728857766589874
0.13445902622517575,0.43568643753479086,0.6179743859711899,4.083284504967467,3.5000116499526737,0.6586842035248633,1.7290020684639584
0.1350069012265494,0.435776631284867,0.6183377484721815,4.083100971078734,3.4963881552695497,0.65840075977555,1.7289539678392636
0.13482427622609167,0.4359570187850197,0.6184918376912892,4.083100971078734,3.4930487418366543,0.6586842035248633,1.728857766589874
0.13489081666628533,0.435776631284867,0.6178561689396108,4.082796069224587,3.4921964980859674,0.658495241025321,1.7290020684639584
0.1347081916658276,0.43586682503494356,0.6184016439412131,4.083009352328429,3.491060173085052,0.6585897222750924,1.7290982697133481
0.13507344166674307,0.43559624378471473,0.6181310626909843,4.083467446079955,3.487057903401623,0.658306278525779,1.728809665965179
0.13479950416605668,0.435776631284867,0.6181293376905262,4.083162247837686,3.486584434651241,0.6585897222750924,1.728857766589874
0.13479950416605668,0.435776631284867,0.6182466922218763,4.0832232282085155,3.487057903401623,0.65840075977555,1.7289058672145687
0.13498212916651442,0.43559624378471473,0.6180400064406791,4.0830399907079045,3.488573003402844,0.6585897222750924,1.7290020684639584
0.13498212916651442,0.4359570187850197,0.6184007814409841,4.0830399907079045,3.490182797154141,0.6589676472741767,1.7291944709627378
0.13489081666628533,0.4359570187850197,0.6187650064422051,4.083283912191223,3.493522210587036,0.6585897222750924,1.7289058672145687
0.13479950416605668,0.4359570187850197,0.6182186689403738,4.083009648716551,3.494563841837875,0.6586842035248633,1.7289539678392636
0.13479950416605668,0.43559624378471473,0.617922651909329,4.083070629087381,3.4953213918384853,0.6585897222750924,1.7290020684639584
0.13479950416605668,0.43568643753479086,0.6180391439404501,4.083070629087381,3.4964577168394007,0.65840075977555,1.7290020684639584
0.13489081666628533,0.435776631284867,0.6180382814402211,4.083009648716551,3.4996077427721435,0.658495241025321,1.728857766589874
0.13473296372586258,0.43568643753479086,0.6182212564410604,4.08337582732965,3.5002705990226777,0.658306278525779,1.7289058672145687
0.13473296372586258,0.43568643753479086,0.617948087690145,4.083192886217162,3.500649374022983,0.6587786847746343,1.7290020684639584
0.13482427622609167,0.435776631284867,0.617947225189916,4.083040287096027,3.500933455273212,0.6581173160262367,1.728809665965179
0.13473296372586258,0.43559624378471473,0.618313175191595,4.0834061693210035,3.4998918240223724,0.6586842035248633,1.7290982697133481
0.1350069012265494,0.4359570187850197,0.6184918376912892,4.08337582732965,3.498376724021152,0.658495241025321,1.7290020684639584
0.13484904828612665,0.43586682503494356,0.6181284751902977,4.083101267466857,3.4977138677706177,0.658495241025321,1.7289539678392636
0.13503167328658439,0.4359570187850197,0.6185181359723342,4.083192589829039,3.500485118703055,0.658495241025321,1.728857766589874
0.13503167328658439,0.435776631284867,0.6183377484721815,4.083467446079955,3.4997275687024443,0.658495241025321,1.7289058672145687
0.13484904828612665,0.43571792904094186,0.6181564984718002,4.0829483719576,3.4966722365197787,0.658495241025321,1.7290020684639584
0.1346664232856689,0.43571792904094186,0.6182475547221054,4.08337582732965,3.4930487418366543,0.6589676472741767,1.7290501690886533
0.1349403607863553,0.43592980804724557,0.6183368859719529,4.08313160945821,3.4912495605852047,0.6577393910271524,1.728809665965179
0.13484904828612665,0.43565922679701674,0.6181573609720292,4.083192589829039,3.490776091834823,0.658306278525779,1.7289539678392636
0.13484904828612665,0.43592980804724557,0.6185189984725636,4.083253570199869,3.487436678401928,0.6586842035248633,1.7289058672145687
0.1349403607863553,0.43592980804724557,0.6181547734713426,4.083101267466857,3.487057903401623,0.65840075977555,1.7290501690886533
0.13475773578589756,0.435839614297169,0.6182203939408314,4.083314846958821,3.488004840902386,0.6586842035248633,1.729146370338043
0.13484904828612665,0.43574942054709287,0.618286014410321,4.083345188950174,3.4931434355867306,0.658495241025321,1.7290020684639584
0.13484904828612665,0.43592980804724557,0.6181669348785128,4.083162247837686,3.4941850668375696,0.65840075977555,1.7289058672145687
0.1346664232856689,0.43565922679701674,0.6180137081596342,4.0832232282085155,3.4948479230881038,0.658495241025321,1.7290501690886533
0.13503167328658439,0.43556903304694017,0.6180145706598628,4.083284208579345,3.495510779338638,0.65840075977555,1.7290020684639584
0.13475773578589756,0.43592980804724557,0.6184927001915187,4.083253570199869,3.499418355271991,0.65840075977555,1.7287615653404842
0.13473296372586258,0.43574942054709287,0.6181302001907553,4.083314846958821,3.4998918240223724,0.6586842035248633,1.728857766589874
0.13473296372586258,0.435839614297169,0.6183114501911365,4.083043416388698,3.5005546802729066,0.65840075977555,1.7290020684639584
0.1350069012265494,0.435808122791018,0.6181293376905262,4.08328793064826,3.500649374022983,0.6587786847746343,1.7290501690886533
0.13482427622609167,0.43589831654109457,0.6182195314406028,4.08310469314765,3.5001759052726014,0.65840075977555,1.7289058672145687
0.1349155887263203,0.435808122791018,0.6181293376905262,4.082921455647039,3.499418355271991,0.65840075977555,1.7290020684639584
0.1349155887263203,0.43571792904094186,0.6178570314398398,4.082982732405991,3.4981873365209992,0.658306278525779,1.7290020684639584
0.1346664232856689,0.43559624378471473,0.6182221189412899,4.083379253010444,3.500485118703055,0.6582117972760076,1.728809665965179
0.13484904828612665,0.43568643753479086,0.6181564984718002,4.083074054768174,3.5002010374528263,0.658306278525779,1.7290020684639584
0.13503167328658439,0.4359885102911707,0.6186091922226398,4.0831960155098335,3.499916956202597,0.65840075977555,1.7289058672145687
0.13484904828612665,0.435808122791018,0.6181556359715712,4.082829836896734,3.4962934615194734,0.6582117972760076,1.728857766589874
0.13503167328658439,0.43607870404124727,0.6184262172218005,4.082921455647039,3.4925752730862727,0.65840075977555,1.7289539678392636
0.1349403607863553,0.43589831654109457,0.6185189984725636,4.0831960155098335,3.4916283355855096,0.658495241025321,1.728857766589874
0.13503167328658439,0.43589831654109457,0.6180637172210375,4.083074351156297,3.4877207596521567,0.65840075977555,1.7290020684639584
0.13484904828612665,0.435808122791018,0.6182466922218763,4.083165673518479,3.487436678401928,0.6585897222750924,1.728857766589874
0.13475773578589756,0.43592980804724557,0.6182458297216478,4.08273821814643,3.487057903401623,0.6580228347764657,1.728857766589874
0.13484904828612665,0.43592980804724557,0.6182195314406028,4.08310469314765,3.4883836159026913,0.6582117972760076,1.728809665965179
0.13484904828612665,0.43592980804724557,0.6184016439412131,4.082951797638393,3.4925752730862727,0.6586842035248633,1.7291944709627378
0.13484904828612665,0.43574942054709287,0.6182212564410604,4.083043416388698,3.493332823086883,0.658495241025321,1.7287615653404842
0.13484904828612665,0.43589831654109457,0.6182195314406028,4.0830130743973445,3.494374454337722,0.658306278525779,1.7290501690886533
0.1346664232856689,0.43562773529086574,0.6180137081596342,4.083440529769395,3.495226698088409,0.65840075977555,1.7289058672145687
0.13503167328658439,0.43571792904094186,0.618312312691366,4.083012778009223,3.496268329339248,0.65840075977555,1.728857766589874
0.13464165122563393,0.43571792904094186,0.617948087690145,4.083043712776821,3.499513049022067,0.65840075977555,1.729146370338043
0.13473296372586258,0.43592980804724557,0.6181284751902977,4.083043712776821,3.5001759052726014,0.6586842035248633,1.728857766589874
0.1349155887263203,0.435839614297169,0.6182203939408314,4.082799198517259,3.500649374022983,0.658306278525779,1.7289058672145687
0.1349155887263203,0.43574942054709287,0.6182212564410604,4.082951797638393,3.500649374022983,0.6585897222750924,1.7290020684639584
0.1349155887263203,0.43574942054709287,0.6181302001907553,4.082982436017868,3.500081211522525,0.65840075977555,1.728857766589874
0.1349155887263203,0.43592980804724557,0.6184927001915187,4.0831960155098335,3.4989448865216093,0.658306278525779,1.7290020684639584
0.1349155887263203,0.43574942054709287,0.6181302001907553,4.083257292268785,3.4977138677706177,0.658495241025321,1.728809665965179
0.13482427622609167,0.43574942054709287,0.6181302001907553,4.083440529769395,3.500485118703055,0.658495241025321,1.7289058672145687
0.1350069012265494,0.4360200017973217,0.6186091922226398,4.0831960155098335,3.5000116499526737,0.65840075977555,1.7289539678392636
0.1349155887263203,0.435808122791018,0.6184288047224871,4.0831960155098335,3.4962934615194734,0.658495241025321,1.728809665965179
0.13482427622609167,0.435808122791018,0.6183377484721815,4.0828601788880885,3.492954048086578,0.65840075977555,1.7289539678392636
0.13473296372586258,0.435808122791018,0.6182466922218763,4.083074054768174,3.491817723085662,0.65840075977555,1.7289058672145687
0.13482427622609167,0.435808122791018,0.6182466922218763,4.083165673518479,3.4911548668351284,0.6585897222750924,1.7290020684639584
0.13473296372586258,0.435808122791018,0.6182466922218763,4.083074054768174,3.4872472909017755,0.65840075977555,1.728857766589874
0.1349155887263203,0.43589831654109457,0.6183368859719529,4.083074054768174,3.4867738221513935,0.6582117972760076,1.7287134647157893
0.1349155887263203,0.43589831654109457,0.618310587690908,4.083074054768174,3.4877207596521567,0.6585897222750924,1.7290501690886533
0.13475773578589756,0.43571792904094186,0.6178570314398398,4.083074351156297,3.4888570846530724,0.65840075977555,1.728857766589874
0.13484904828612665,0.43589831654109457,0.6183490473791231,4.083135035139003,3.493995679337417,0.6582117972760076,1.7289058672145687
0.1349403607863553,0.435808122791018,0.6182851519100916,4.083318272639614,3.4947532293380275,0.6582117972760076,1.728857766589874
0.13484904828612665,0.43553754154078916,0.6178324581592525,4.0830130743973445,3.4957001668387906,0.6585897222750924,1.7290501690886533
0.13482427622609167,0.43589831654109457,0.6184016439412131,4.083135035139003,3.4992289677718382,0.6581173160262367,1.7287134647157893
0.13464165122563393,0.43571792904094186,0.617948087690145,4.082952094026515,3.5001759052726014,0.6585897222750924,1.7290982697133481
0.1349155887263203,0.4360200017973217,0.6186739501919,4.083073758380053,3.5001759052726014,0.6582117972760076,1.7290020684639584
0.1350069012265494,0.435839614297169,0.6182203939408314,4.083074054768174,3.5001759052726014,0.658306278525779,1.7290501690886533
0.1349155887263203,0.435839614297169,0.6184935626917473,4.083531852131578,3.5002705990226777,0.65840075977555,1.7290020684639584
0.1349155887263203,0.435839614297169,0.6183114501911365,4.083226653889309,3.4992289677718382,0.65840075977555,1.728809665965179
0.1349155887263203,0.435839614297169,0.6181293376905262,4.08310469314765,3.4981873365209992,0.65840075977555,1.7290501690886533
0.13455033872540484,0.435839614297169,0.6183114501911365,4.083318272639614,3.4976191740205413,0.658306278525779,1.728809665965179
0.13509821372677805,0.43571792904094186,0.6180391439404501,4.0831963118979555,3.5002010374528263,0.6582117972760076,1.7289539678392636
0.1350069012265494,0.43571792904094186,0.618312312691366,4.083470871760749,3.499822262452521,0.658495241025321,1.7289058672145687
0.1350069012265494,0.435808122791018,0.6184025064414421,4.083287634260138,3.4960093802692445,0.65840075977555,1.7290020684639584
0.1349155887263203,0.43607870404124727,0.6185820314413658,4.083135035139003,3.4925752730862727,0.65840075977555,1.7290020684639584
0.1350069012265494,0.43571792904094186,0.6181302001907553,4.083257292268785,3.491723029335586,0.65840075977555,1.7290020684639584
0.13473296372586258,0.43571792904094186,0.618312312691366,4.0831960155098335,3.490776091834823,0.658495241025321,1.7290020684639584
0.1350069012265494,0.435808122791018,0.6182203939408314,4.083074054768174,3.487531372152004,0.6587786847746343,1.7290501690886533
0.13482427622609167,0.43562773529086574,0.6182484172223348,4.083470871760749,3.4868685159014703,0.658306278525779,1.728809665965179
0.13473296372586258,0.435808122791018,0.6183114501911365,4.083409891389919,3.4888570846530724,0.658495241025321,1.7291944709627378
0.1350069012265494,0.435808122791018,0.6181293376905262,4.0831963118979555,3.4892358596533777,0.6582117972760076,1.728809665965179
0.1349155887263203,0.43589831654109457,0.618310587690908,4.083440529769395,3.4937115980871885,0.658495241025321,1.7290020684639584
0.13482427622609167,0.43571792904094186,0.6178570314398398,4.082982732405991,3.4941850668375696,0.6582117972760076,1.728809665965179
0.13473296372586258,0.435808122791018,0.6181030394094813,4.0831963118979555,3.4950373105882564,0.658306278525779,1.728857766589874
0.1349155887263203,0.43571792904094186,0.6182212564410604,4.083226653889309,3.4960789418390954,0.65840075977555,1.7290020684639584
0.13503167328658439,0.4359885102911707,0.6184007814409841,4.083074054768174,3.499418355271991,0.6582117972760076,1.7290020684639584
0.1349403607863553,0.43589831654109457,0.6185837564418238,4.0834061693210035,3.500933455273212,0.6586842035248633,1.7291944709627378
0.13503167328658439,0.435808122791018,0.6182203939408314,4.083681321960041,3.5001759052726014,0.6581173160262367,1.728809665965179
0.13475773578589756,0.43574942054709287,0.6180391439404501,4.083437104088601,3.5004599865228303,0.6582117972760076,1.7290020684639584
0.13484904828612665,0.43592980804724557,0.6182195314406028,4.083345485338296,3.500081211522525,0.65840075977555,1.7289058672145687
0.13484904828612665,0.4360200017973217,0.618309725190679,4.083528722838906,3.498755499021457,0.658495241025321,1.729146370338043
0.1349403607863553,0.435839614297169,0.6183114501911365,4.0835590648302595,3.498092642770923,0.65840075977555,1.7289058672145687
0.13484904828612665,0.435808122791018,0.6181293376905262,4.083253866587992,3.5005798124531315,0.6582117972760076,1.7290020684639584
0.1348738203461617,0.43571792904094186,0.6180391439404501,4.083345485338296,3.5002010374528263,0.65840075977555,1.7290020684639584
0.1348738203461617,0.43562773529086574,0.6180400064406791,4.083406465709126,3.499443487452216,0.658306278525779,1.7290501690886533
0.13496513284639033,0.43571792904094186,0.6182212564410604,4.08337582732965,3.4960093802692445,0.658306278525779,1.7289058672145687
0.13496513284639033,0.43571792904094186,0.6181302001907553,4.083406465709126,3.4922911918360438,0.658306278525779,1.728809665965179
0.13496513284639033,0.4359885102911707,0.6186739501919,4.083955881822835,3.4919124168357385,0.6586842035248633,1.7292425715874327
0.1348738203461617,0.43589831654109457,0.618310587690908,4.083314846958821,3.487436678401928,0.658495241025321,1.7289058672145687
0.1347825078459326,0.43589831654109457,0.6185837564418238,4.0835894068216145,3.487436678401928,0.6582117972760076,1.7289539678392636
0.13505644534661942,0.43571792904094186,0.6180654422214951,4.083494658778637,3.487436678401928,0.65840075977555,1.7290020684639584
0.13469119534570395,0.43589831654109457,0.6179463626896874,4.08312848016554,3.4881942284025387,0.6582117972760076,1.7287615653404842
0.1348738203461617,0.43589831654109457,0.6181284751902977,4.083616915908419,3.4930487418366543,0.6586842035248633,1.729146370338043
0.13496513284639033,0.43571792904094186,0.617948087690145,4.083433678407808,3.4934275168369595,0.65840075977555,1.728857766589874
0.1347825078459326,0.43571792904094186,0.6177396769084897,4.083220098915844,3.494563841837875,0.65840075977555,1.7290501690886533
0.1348738203461617,0.435808122791018,0.6180119831591762,4.083433678407808,3.4954160855885616,0.6585897222750924,1.7289539678392636
0.1349403607863553,0.435808122791018,0.6183114501911365,4.0835590648302595,3.495794860588867,0.65840075977555,1.7289058672145687
0.1346664232856689,0.43562773529086574,0.6179752484714189,4.083253866587992,3.499797130272296,0.65840075977555,1.7290501690886533
0.1349403607863553,0.43589831654109457,0.618427942222258,4.083467446079955,3.500081211522525,0.6585897222750924,1.7289539678392636
0.13484904828612665,0.4359885102911707,0.6182712655024638,4.083192886217162,3.5005546802729066,0.65840075977555,1.7290020684639584
0.13457511078543982,0.43589831654109457,0.6182721280026928,4.083528722838906,3.500649374022983,0.6585897222750924,1.7290501690886533
0.13475773578589756,0.43571792904094186,0.6180917405025401,4.083345485338296,3.4999865177724487,0.65840075977555,1.7290501690886533
0.13475773578589756,0.43607870404124727,0.6183614592525404,4.083467742468077,3.498660805271381,0.658306278525779,1.7290020684639584
0.13503167328658439,0.4359885102911707,0.6185181359723342,4.083284208579345,3.499916956202597,0.6578338722769234,1.7287615653404842
0.13503167328658439,0.43589831654109457,0.6182458297216478,4.083162247837686,3.5000116499526737,0.65840075977555,1.7290020684639584
0.13503167328658439,0.43607870404124727,0.6187904422230215,4.0835894068216145,3.496482849019626,0.658495241025321,1.7290020684639584
0.13503167328658439,0.43589831654109457,0.6183368859719529,4.083406465709126,3.4927646605864253,0.6582117972760076,1.728857766589874
0.13484904828612665,0.43589831654109457,0.6184016439412131,4.0835590648302595,3.492669966836349,0.6587786847746343,1.7290982697133481
0.13484904828612665,0.43589831654109457,0.6185837564418238,4.083497788071309,3.4911548668351284,0.65840075977555,1.7290020684639584
0.13512298578681303,0.43589831654109457,0.6184927001915187,4.083345188950174,3.487436678401928,0.658495241025321,1.7289539678392636
0.13484904828612665,0.435808122791018,0.6183377484721815,4.083467446079955,3.4868685159014703,0.658306278525779,1.7289539678392636
0.1349403607863553,0.435808122791018,0.6180382814402211,4.083192886217162,3.4877207596521567,0.65840075977555,1.7290020684639584
0.1347825078459326,0.43607870404124727,0.6183999189407555,4.083437104088601,3.4892358596533777,0.658306278525779,1.7290020684639584
0.1348738203461617,0.43589831654109457,0.6184016439412131,4.08337582732965,3.493616904337112,0.659156609773719,1.7292906722121275
0.1348738203461617,0.4360200017973217,0.6184007814409841,4.083406465709126,3.494374454337722,0.6585897222750924,1.7289058672145687
0.1348738203461617,0.43565922679701674,0.617922651909329,4.083437104088601,3.4948479230881038,0.65840075977555,1.7290020684639584
0.1346664232856689,0.43574942054709287,0.6181302001907553,4.08349808445943,3.4957001668387906,0.65840075977555,1.7290020684639584
0.1349403607863553,0.43611019554739827,0.6185820314413658,4.083467446079955,3.499418355271991,0.6582117972760076,1.728857766589874
0.13475773578589756,0.4360514933034727,0.6186091922226398,4.08362004520109,3.5001759052726014,0.6585897222750924,1.7290020684639584
0.1349403607863553,0.43569071830316775,0.6180663047217241,4.083406465709126,3.5001759052726014,0.6582117972760076,1.7287615653404842
0.1349403607863553,0.4360514933034727,0.6181802092521587,4.0832235245966375,3.500933455273212,0.65840075977555,1.7290501690886533
0.13484904828612665,0.43592980804724557,0.618363184252998,4.083589703209736,3.5004599865228303,0.65840075977555,1.7289058672145687
0.13503167328658439,0.4360200017973217,0.6184533780030741,4.083406465709126,3.499513049022067,0.6580228347764657,1.7289539678392636
0.13503167328658439,0.43589831654109457,0.6185452967536087,4.083528426450785,3.4985661115213045,0.6582117972760076,1.728857766589874
0.13475773578589756,0.435808122791018,0.6181819342526162,4.083437104088601,3.4977138677706177,0.65840075977555,1.7289058672145687
0.13484904828612665,0.43562773529086574,0.6177931359708086,4.083589999597859,3.500390424952979,0.658306278525779,1.7290020684639584
0.1346664232856689,0.43565922679701674,0.6179752484714189,4.083253866587992,3.4997275687024443,0.6579283535266943,1.7287615653404842
0.1349403607863553,0.43574942054709287,0.6182475547221054,4.08337582732965,3.496482849019626,0.658495241025321,1.7290501690886533
0.13503167328658439,0.4360200017973217,0.618427079722029,4.083406465709126,3.492669966836349,0.6585897222750924,1.728857766589874
0.13484904828612665,0.43592980804724557,0.6185189984725636,4.08362004520109,3.4919124168357385,0.658495241025321,1.7289058672145687
0.13484904828612665,0.435839614297169,0.6185198609727922,4.083681025571919,3.490681398084747,0.65840075977555,1.728809665965179
0.13484904828612665,0.43611019554739827,0.6184262172218005,4.083437104088601,3.487436678401928,0.658306278525779,1.7290501690886533
0.13521429828704212,0.4360200017973217,0.6183360234717239,4.083620341589212,3.487436678401928,0.6585897222750924,1.7289539678392636
0.1349403607863553,0.435839614297169,0.6183114501911365,4.0835590648302595,3.488004840902386,0.6582117972760076,1.7290020684639584
0.1346664232856689,0.4360200017973217,0.6181276126900687,4.083498380847553,3.489519940903606,0.6586842035248633,1.7290982697133481
0.13503167328658439,0.435839614297169,0.617947225189916,4.083498380847553,3.493238129336807,0.6582117972760076,1.7287134647157893
0.1349403607863553,0.435839614297169,0.6181293376905262,4.083528722838906,3.494374454337722,0.65840075977555,1.7290982697133481
0.13512298578681303,0.435839614297169,0.6181940956597864,4.083589703209736,3.4947532293380275,0.6582117972760076,1.7289058672145687
0.13512298578681303,0.435839614297169,0.6182203939408314,4.083589703209736,3.495889554338943,0.65840075977555,1.728857766589874
0.13484904828612665,0.4360200017973217,0.618309725190679,4.083437104088601,3.499418355271991,0.65840075977555,1.728857766589874
0.13505644534661942,0.4360200017973217,0.618427079722029,4.083589703209736,3.500081211522525,0.6582117972760076,1.728857766589874
0.1348738203461617,0.43574942054709287,0.618000684252235,4.0837425987189935,3.5004599865228303,0.65840075977555,1.7289539678392636
0.13514775784684807,0.4360514933034727,0.6185444342533792,4.083650683580565,3.5007440677730592,0.658306278525779,1.7289058672145687
0.13496513284639033,0.4360514933034727,0.6186354905036848,4.083711663951395,3.5001759052726014,0.65840075977555,1.728809665965179
0.1347825078459326,0.4359612995533966,0.6184542405033031,4.083467446079955,3.499418355271991,0.658495241025321,1.7290020684639584
0.1348738203461617,0.4359612995533966,0.6182721280026928,4.083345485338296,3.4977138677706177,0.65840075977555,1.7290020684639584
0.13480727990596758,0.4360200017973217,0.6183360234717239,4.083711960339517,3.5001063437027495,0.65840075977555,1.7289058672145687
0.13489859240619667,0.43574942054709287,0.6183386109724109,4.0838032827017,3.49934879370214,0.6579283535266943,1.7287134647157893
0.13489859240619667,0.43611019554739827,0.6183351609714953,4.083284504967467,3.496482849019626,0.6586842035248633,1.7290982697133481
0.13498990490642532,0.43574942054709287,0.6182475547221054,4.083650683580565,3.492669966836349,0.6579283535266943,1.7287615653404842
0.13489859240619667,0.4360200017973217,0.6184918376912892,4.083833921081176,3.491817723085662,0.6585897222750924,1.7290501690886533
0.13489859240619667,0.43592980804724557,0.6181284751902977,4.083467742468077,3.490681398084747,0.6585897222750924,1.7290020684639584
0.1350812174066544,0.4360200017973217,0.6184007814409841,4.083589703209736,3.487436678401928,0.65840075977555,1.7290501690886533
0.13489859240619667,0.4360200017973217,0.6185181359723342,4.083650683580565,3.487152597151699,0.658306278525779,1.7290501690886533
0.13498990490642532,0.43592980804724557,0.6182195314406028,4.083345485338296,3.488004840902386,0.6581173160262367,1.728857766589874
0.13489859240619667,0.43592980804724557,0.6185837564418238,4.083864263072529,3.4922911918360438,0.658495241025321,1.7289539678392636
0.13489859240619667,0.435839614297169,0.6181293376905262,4.083437104088601,3.4930487418366543,0.6580228347764657,1.7289058672145687
0.13489859240619667,0.435839614297169,0.6181030394094813,4.083528722838906,3.494563841837875,0.658306278525779,1.7290020684639584
0.13498990490642532,0.4360200017973217,0.618283426909634,4.083345485338296,3.495226698088409,0.658495241025321,1.728857766589874
0.13498990490642532,0.435839614297169,0.6183114501911365,4.0837423023308705,3.4957001668387906,0.6582117972760076,1.728857766589874
0.13496513284639033,0.43574942054709287,0.6180391439404501,4.083528722838906,3.499797130272296,0.6586842035248633,1.7290982697133481
0.1348738203461617,0.4360200017973217,0.6182449672214188,4.0835593612183825,3.500081211522525,0.6582117972760076,1.728857766589874
0.13496513284639033,0.43574942054709287,0.618000684252235,4.083250440907198,3.5007440677730592,0.65840075977555,1.7290501690886533
0.13496513284639033,0.4361416870535493,0.6186346280034558,4.083525000769991,3.500933455273212,0.65840075977555,1.7289058672145687
0.1348738203461617,0.43587110580332,0.6183640467532265,4.083799857020907,3.5005546802729066,0.6582117972760076,1.7289539678392636
0.13496513284639033,0.43587110580332,0.6181819342526162,4.083311421278028,3.4996077427721435,0.6587786847746343,1.7290020684639584
0.13505644534661942,0.4357809120532439,0.6181827967528453,4.083647257899772,3.498376724021152,0.6581173160262367,1.7289058672145687
0.13496513284639033,0.435839614297169,0.6182729905029214,4.083555639149466,3.4977138677706177,0.658495241025321,1.7289539678392636
0.13496513284639033,0.43574942054709287,0.6180654422214951,4.083677896279248,3.499916956202597,0.6582117972760076,1.728857766589874
0.1347825078459326,0.43574942054709287,0.6179743859711899,4.083616915908419,3.4996328749523684,0.658495241025321,1.7290982697133481
0.13505644534661942,0.43611019554739827,0.6186993859727163,4.083860837391736,3.4960093802692445,0.6582117972760076,1.7290020684639584
0.13505644534661942,0.435839614297169,0.6181556359715712,4.083677896279248,3.4921964980859674,0.6582117972760076,1.728809665965179
0.1348738203461617,0.4362003892974744,0.6184901126908317,4.083586277528942,3.4915336418354337,0.658306278525779,1.7290020684639584
0.13496513284639033,0.4360200017973217,0.6182186689403738,4.083616915908419,3.4908707855848995,0.65840075977555,1.7290020684639584
0.13496513284639033,0.4360200017973217,0.6184007814409841,4.084013732900993,3.4867738221513935,0.6582117972760076,1.7289058672145687
0.1348738203461617,0.43592980804724557,0.618427942222258,4.084040649211552,3.487436678401928,0.6585897222750924,1.7291944709627378
0.13498990490642532,0.4360200017973217,0.6184007814409841,4.083888050090418,3.488099534652462,0.6582117972760076,1.7289539678392636
0.13498990490642532,0.4360200017973217,0.6185828939415948,4.0836435358308565,3.4925752730862727,0.658306278525779,1.7289539678392636
0.1350812174066544,0.4360200017973217,0.6184918376912892,4.083857411710942,3.492669966836349,0.6577393910271524,1.7287134647157893
0.13489859240619667,0.43592980804724557,0.6184664019104738,4.083826773331467,3.494563841837875,0.65840075977555,1.7290501690886533
0.13489859240619667,0.43592980804724557,0.6181932331595579,4.083735450969283,3.495226698088409,0.658306278525779,1.7289539678392636
0.1347825078459326,0.435839614297169,0.6183114501911365,4.084223886712163,3.495984248089019,0.658495241025321,1.7289539678392636
0.1348738203461617,0.43592980804724557,0.6184016439412131,4.083799857020907,3.5007440677730592,0.6585897222750924,1.7290501690886533
0.1347825078459326,0.435839614297169,0.6182203939408314,4.083830495400383,3.500649374022983,0.6580228347764657,1.7290501690886533
0.13505644534661942,0.435839614297169,0.6181293376905262,4.083677896279248,3.5007440677730592,0.6579283535266943,1.7286653640910945
0.13505644534661942,0.4360200017973217,0.618309725190679,4.083677896279248,3.5007440677730592,0.658495241025321,1.7290982697133481
0.13496513284639033,0.4360200017973217,0.6185828939415948,4.083860837391736,3.4989448865216093,0.6581173160262367,1.7290020684639584
0.1348738203461617,0.43592980804724557,0.618310587690908,4.083372401648857,3.499418355271991,0.659156609773719,1.7293387728368224
0.1348738203461617,0.43592980804724557,0.6184016439412131,4.083799857020907,3.500485118703055,0.658306278525779,1.7289539678392636
0.1348738203461617,0.43592980804724557,0.6182195314406028,4.083677896279248,3.5001063437027495,0.6581173160262367,1.728857766589874
0.13496513284639033,0.435839614297169,0.6183114501911365,4.083799857020907,3.499443487452216,0.6580228347764657,1.7290501690886533
0.13496513284639033,0.435839614297169,0.6183114501911365,4.083891475771212,3.4931434355867306,0.65840075977555,1.7289058672145687
0.1347825078459326,0.43592980804724557,0.618310587690908,4.083738876650077,3.49238588558612,0.658306278525779,1.728857766589874
0.13514775784684807,0.4360200017973217,0.618309725190679,4.083677896279248,3.4915336418354337,0.658495241025321,1.7289539678392636
0.1348738203461617,0.43592980804724557,0.6185837564418238,4.084013436512871,3.487626065902081,0.658306278525779,1.7290501690886533
0.13505644534661942,0.435839614297169,0.6182203939408314,4.083647257899772,3.487057903401623,0.6585897222750924,1.7289058672145687
0.13469119534570395,0.43574942054709287,0.6180654422214951,4.083677896279248,3.487436678401928,0.6585897222750924,1.7289539678392636
0.1348738203461617,0.43592980804724557,0.6182195314406028,4.0839527525301635,3.48866769715292,0.658495241025321,1.7290020684639584
0.13505644534661942,0.435839614297169,0.6182203939408314,4.084013732900993,3.4930487418366543,0.6580228347764657,1.7290020684639584
0.13498990490642532,0.43592980804724557,0.6182195314406028,4.083769515029553,3.4930487418366543,0.6580228347764657,1.728857766589874
0.1348738203461617,0.4360514933034727,0.6184655394102443,4.083983094521517,3.4948479230881038,0.6586842035248633,1.7290501690886533
0.13496513284639033,0.4360514933034727,0.6184007814409841,4.084013732900993,3.49494261683818,0.6582117972760076,1.728809665965179
0.13496513284639033,0.43587110580332,0.6181293376905262,4.0839527525301635,3.4990395802716856,0.6589676472741767,1.729146370338043
0.13514775784684807,0.4359927910595476,0.618427942222258,4.083799857020907,3.499418355271991,0.658306278525779,1.7289058672145687
0.13496513284639033,0.4360829848096237,0.618427079722029,4.083647257899772,3.5004599865228303,0.658306278525779,1.7289539678392636
0.13489859240619667,0.4360829848096237,0.6184533780030741,4.083830495400383,3.5005546802729066,0.6580228347764657,1.728857766589874
0.1350812174066544,0.4359612995533966,0.618363184252998,4.083922114150687,3.5008387615231356,0.65840075977555,1.7290020684639584
0.13489859240619667,0.43587110580332,0.6183640467532265,4.083891475771212,3.5002705990226777,0.658495241025321,1.7289058672145687
0.13471596740573893,0.4360514933034727,0.6181802092521587,4.083555935537589,3.4989448865216093,0.658306278525779,1.7289058672145687
0.13498990490642532,0.4360200017973217,0.61872654675399,4.084196674013482,3.4979979490208466,0.6581173160262367,1.7290501690886533
0.13492336446623165,0.43592980804724557,0.6184542405033031,4.083799857020907,3.500485118703055,0.6580228347764657,1.7290020684639584
0.13492336446623165,0.435839614297169,0.6182466922218763,4.083738876650077,3.5000116499526737,0.6580228347764657,1.728809665965179
0.13492336446623165,0.4359612995533966,0.618427942222258,4.083708238270601,3.4965775427697023,0.65840075977555,1.7289058672145687
0.13492336446623165,0.4360514933034727,0.6183360234717239,4.083586277528942,3.492669966836349,0.6577393910271524,1.728809665965179
0.13492336446623165,0.43587110580332,0.6183377484721815,4.083983094521517,3.4921964980859674,0.65840075977555,1.7289539678392636
0.1350146769664603,0.4359612995533966,0.6184016439412131,4.083891475771212,3.4912495605852047,0.6582117972760076,1.7290020684639584
0.13483205196600256,0.43587110580332,0.617947225189916,4.083647554287895,3.4877207596521567,0.658306278525779,1.7290501690886533
0.13528861446714713,0.4359927910595476,0.618427942222258,4.083616619520296,3.4866791284013177,0.6582117972760076,1.7287615653404842
0.1350146769664603,0.4358124035593949,0.6180654422214951,4.083677896279248,3.487436678401928,0.6582117972760076,1.7289058672145687
0.13492336446623165,0.4360829848096237,0.6184918376912892,4.083983094521517,3.489141165903301,0.6586842035248633,1.729146370338043
0.13492336446623165,0.4361731785597003,0.6184909751910607,4.083922114150687,3.4921964980859674,0.6578338722769234,1.7286172634663997
0.21224250983771853,0.4882740863818726,0.7046836699357701,4.552417361231399,3.9089984572861063,0.7760029407859009,2.0885039363627724
0.2119685723370317,0.4882740863818726,0.7045015574351599,4.551928925488519,3.9099453947868685,0.77675879078407,2.088648238236856
0.2119685723370317,0.4882740863818726,0.7045015574351599,4.5522037817394345,3.909756007286716,0.7764753470347566,2.0885520369874673
0.21217596939752448,0.4883642801319487,0.7049559761864566,4.552447703222752,3.909756007286716,0.7765698282845276,2.088600137612162
0.21217596939752448,0.4882740863818726,0.7043194449345496,4.551898583497165,3.9099453947868685,0.776664309534299,2.0885520369874673
0.21226728189775357,0.48818389263179646,0.7044113636850837,4.5522037817394345,3.9098507010367927,0.7763808657849857,2.088600137612162
0.21199334439706674,0.4882740863818726,0.7047747261860753,4.552478341602228,3.909756007286716,0.7763808657849857,2.0885039363627724
0.21199334439706674,0.4883642801319487,0.7047738636858463,4.552417361231399,3.9098507010367927,0.7765698282845276,2.0885039363627724
0.21208465689729583,0.4882740863818726,0.7045015574351599,4.55229540048974,3.9099453947868685,0.7763808657849857,2.088648238236856
0.21199334439706674,0.48821538413794746,0.7045024199353889,4.552447999610875,3.909756007286716,0.7765698282845276,2.088600137612162
0.21235859439798221,0.4883055778880236,0.704592613685465,4.552447999610875,3.9095666197865633,0.7763808657849857,2.0885039363627724
0.21199334439706674,0.4883957716380997,0.7047738636858463,4.552508979981704,3.9095666197865633,0.7760029407859009,2.0882153326146033
0.21217596939752448,0.4883957716380997,0.7046828074355411,4.552447999610875,3.9098507010367927,0.776664309534299,2.0885520369874673
0.21220074145755946,0.48821538413794746,0.704593476185694,4.552566534671739,3.909756007286716,0.7761919032854433,2.088359634488688
0.21210942895733081,0.4884859653881763,0.7046819449353126,4.552352955179776,3.9099453947868685,0.7764753470347566,2.0885039363627724
0.21229205395778855,0.4883055778880236,0.7046836699357701,4.552383297171129,3.909756007286716,0.7765698282845276,2.0885039363627724
0.21201811645710172,0.4883055778880236,0.7045015574351599,4.552444573930081,3.909756007286716,0.7765698282845276,2.0885039363627724
0.21210942895733081,0.4883055778880236,0.704592613685465,4.5524139355506055,3.9098507010367927,0.77675879078407,2.088600137612162
0.21210942895733081,0.4881251903878709,0.7041390574343969,4.5524142319387275,3.9095666197865633,0.776664309534299,2.0884077351133827
0.21201811645710172,0.48821538413794746,0.7044113636850837,4.552261336429471,3.9098507010367927,0.7765698282845276,2.088359634488688
0.21220074145755946,0.48803499663779476,0.7043220324352362,4.552597173051216,3.909756007286716,0.7765698282845276,2.088359634488688
0.21210942895733081,0.4881251903878709,0.7045032824356174,4.552566534671739,3.9100400885369453,0.7764753470347566,2.0885039363627724
0.21229205395778855,0.4883957716380997,0.7047738636858463,4.552566534671739,3.909756007286716,0.7763808657849857,2.088696338861551
0.21201811645710172,0.48821538413794746,0.7044113636850837,4.552536192680386,3.9099453947868685,0.77675879078407,2.088600137612162
0.21220074145755946,0.4884859653881763,0.7047730011856177,4.55268879180152,3.9100400885369453,0.7764753470347566,2.088648238236856
0.21229205395778855,0.4883957716380997,0.7047738636858463,4.552566534671739,3.9099453947868685,0.7765698282845276,2.0885520369874673
0.21229205395778855,0.4883055778880236,0.704592613685465,4.552597173051216,3.9089984572861063,0.77590845953613,2.0882153326146033
0.21201811645710172,0.4883055778880236,0.704592613685465,4.5524139355506055,3.9100400885369453,0.776664309534299,2.088600137612162
0.21222551351759444,0.4883055778880236,0.7046836699357701,4.5527497721723496,3.90966131353664,0.7761919032854433,2.0885520369874673
0.21231682601782353,0.4883957716380997,0.704591751185236,4.552536192680386,3.909756007286716,0.7765698282845276,2.088696338861551
0.21222551351759444,0.4885761591382524,0.704954251185999,4.552658153422045,3.9098507010367927,0.7764753470347566,2.088648238236856
0.2120428885171367,0.4883055778880236,0.7047747261860753,4.552627515042569,3.909756007286716,0.77675879078407,2.0887444394862458
0.21222551351759444,0.4884859653881763,0.7047730011856177,4.55268879180152,3.909756007286716,0.7765698282845276,2.088600137612162
0.2121342010173658,0.4883957716380997,0.7047738636858463,4.5529330096729606,3.9098507010367927,0.7765698282845276,2.0885520369874673
0.2121342010173658,0.4883055778880236,0.704592613685465,4.552597173051216,3.909756007286716,0.7764753470347566,2.088696338861551
0.2120428885171367,0.4883055778880236,0.7045015574351599,4.552627811430691,3.909756007286716,0.776664309534299,2.088600137612162
0.21222551351759444,0.4884859653881763,0.7048640574359228,4.5527497721723496,3.9095666197865633,0.7764753470347566,2.0885039363627724
0.2120428885171367,0.4883055778880236,0.7045015574351599,4.552627811430691,3.9098507010367927,0.7764753470347566,2.0887925401109406
0.21231682601782353,0.4884859653881763,0.7046819449353126,4.552719430180996,3.909756007286716,0.7765698282845276,2.088696338861551
0.21231682601782353,0.48821538413794746,0.7044113636850837,4.552444573930081,3.909756007286716,0.7762863845352143,2.0885520369874673
0.21231682601782353,0.4883957716380997,0.704591751185236,4.552960222371642,3.9100400885369453,0.7765698282845276,2.088600137612162
0.2121342010173658,0.4885761591382524,0.7050453074363041,4.552868307233215,3.9098507010367927,0.7763808657849857,2.088696338861551
0.21231682601782353,0.4883957716380997,0.7048649199361514,4.55295992598352,3.909756007286716,0.7765698282845276,2.088648238236856
0.21231682601782353,0.4883957716380997,0.7046828074355411,4.552837965241861,3.909756007286716,0.776664309534299,2.0885520369874673
0.21222551351759444,0.4883957716380997,0.7047738636858463,4.55289894561269,3.9099453947868685,0.7765698282845276,2.088648238236856
0.21240813851805218,0.4883055778880236,0.7045015574351599,4.552685366120727,3.9100400885369453,0.7768532720338414,2.08898494260972
0.2121589730774008,0.4883055778880236,0.7045015574351599,4.552685366120727,3.909756007286716,0.7761919032854433,2.088600137612162
0.21234159807785855,0.4883055778880236,0.704592613685465,4.552929583992166,3.9098507010367927,0.7765698282845276,2.088696338861551
0.21225028557762946,0.4883957716380997,0.7047738636858463,4.5530821831133,3.909756007286716,0.7763808657849857,2.088648238236856
0.21234159807785855,0.4884859653881763,0.7044998324347023,4.552838261629983,3.909756007286716,0.7764753470347566,2.0887444394862458
0.2121589730774008,0.4881251903878709,0.7044122261853123,4.552837965241861,3.9099453947868685,0.7764753470347566,2.088696338861551
0.21225028557762946,0.4883957716380997,0.7046828074355411,4.552929583992166,3.9099453947868685,0.7765698282845276,2.088696338861551
0.21234159807785855,0.4883055778880236,0.704592613685465,4.553021202742471,3.9099453947868685,0.776664309534299,2.088648238236856
0.2121589730774008,0.4883957716380997,0.7047738636858463,4.552807326862386,3.9100400885369453,0.7768532720338414,2.0887925401109406
0.21225028557762946,0.4884859653881763,0.7047730011856177,4.552837965241861,3.909756007286716,0.7765698282845276,2.088696338861551
0.21206766057717172,0.4883957716380997,0.7046828074355411,4.552837965241861,3.909756007286716,0.7765698282845276,2.0887444394862458
0.21197634807694307,0.4884272631442507,0.7046828074355411,4.553204440243082,3.9098507010367927,0.77675879078407,2.088648238236856
0.21234159807785855,0.4885174568943273,0.7048640574359228,4.552990564362996,3.909756007286716,0.7764753470347566,2.088696338861551
0.21225028557762946,0.4886076506444034,0.7048631949356938,4.552746346491556,3.909756007286716,0.7768532720338414,2.088696338861551
0.21234159807785855,0.4884272631442507,0.704591751185236,4.5527769848710316,3.909756007286716,0.7765698282845276,2.0887444394862458
0.21234159807785855,0.48869784439448,0.7050444449360755,4.552990564362996,3.9098507010367927,0.7765698282845276,2.0887925401109406
0.21225028557762946,0.4883370693941746,0.704592613685465,4.552929583992166,3.909756007286716,0.7763808657849857,2.0887444394862458
0.21225028557762946,0.4885174568943273,0.7046819449353126,4.553051841121947,3.910134782287021,0.7765698282845276,2.0887925401109406
0.21200112013697808,0.4884272631442507,0.7046828074355411,4.552929583992166,3.909756007286716,0.7760974220356723,2.088696338861551
0.21200112013697808,0.4884272631442507,0.7046828074355411,4.552929583992166,3.909756007286716,0.7764753470347566,2.0887444394862458
0.21236637013789356,0.4881566818940219,0.7045032824356174,4.552990564362996,3.9098507010367927,0.7760974220356723,2.088648238236856
0.2124576826381222,0.4885174568943273,0.7046819449353126,4.552960222371642,3.9098507010367927,0.7764753470347566,2.0888406407356355
0.21236637013789356,0.4884272631442507,0.7048649199361514,4.55314316348413,3.9098507010367927,0.7764753470347566,2.088696338861551
0.21236637013789356,0.4885174568943273,0.7046819449353126,4.552868603621337,3.9098507010367927,0.7763808657849857,2.0888887413603303
0.21227505763766447,0.4883370693941746,0.704592613685465,4.552837965241861,3.9098507010367927,0.7765698282845276,2.0887444394862458
0.21227505763766447,0.4885174568943273,0.7047730011856177,4.553021202742471,3.909756007286716,0.7764753470347566,2.0887444394862458
0.2125489951383513,0.4884272631442507,0.7046828074355411,4.552837965241861,3.910229476037098,0.7769477532836123,2.0888887413603303
0.21227505763766447,0.4883370693941746,0.704592613685465,4.5531128214927765,3.909756007286716,0.7763808657849857,2.088648238236856
0.21239114219792854,0.48824687564409847,0.7044113636850837,4.552960222371642,3.909756007286716,0.7765698282845276,2.0887925401109406
0.21229982969769945,0.4883370693941746,0.7045015574351599,4.553292633312594,3.909756007286716,0.7764753470347566,2.0887444394862458
0.21239114219792854,0.4885174568943273,0.7047730011856177,4.553170376182813,3.909756007286716,0.7764753470347566,2.0887444394862458
0.21257376719838628,0.4884272631442507,0.7047738636858463,4.5531397378033365,3.9098507010367927,0.77675879078407,2.088696338861551
0.21229982969769945,0.4885174568943273,0.7046819449353126,4.553017777061678,3.9098507010367927,0.776664309534299,2.0888406407356355
0.2122085171974708,0.4885174568943273,0.7046819449353126,4.553109395811983,3.9100400885369453,0.77675879078407,2.0888887413603303
0.21229982969769945,0.4885174568943273,0.7047730011856177,4.553261994933118,3.9098507010367927,0.7765698282845276,2.0887925401109406
0.21229982969769945,0.4883370693941746,0.704592613685465,4.552987138682202,3.9099453947868685,0.776664309534299,2.088696338861551
0.2121172046972417,0.4884272631442507,0.7046828074355411,4.553170376182813,3.909756007286716,0.77675879078407,2.0887925401109406
0.21229982969769945,0.4883370693941746,0.7046836699357701,4.5533229753039475,3.9100400885369453,0.7769477532836123,2.0890811438591097
0.21229982969769945,0.4885174568943273,0.7048640574359228,4.5533229753039475,3.9098507010367927,0.7763808657849857,2.0887925401109406
0.21229982969769945,0.4881566818940219,0.7043211699350072,4.553109395811983,3.9098507010367927,0.7765698282845276,2.0887444394862458
0.21229982969769945,0.4884272631442507,0.7047738636858463,4.553048119053031,3.909756007286716,0.7764753470347566,2.0887444394862458
0.21248245469815719,0.4884272631442507,0.7046828074355411,4.553170376182813,3.9098507010367927,0.7765698282845276,2.0888406407356355
0.21229982969769945,0.4884272631442507,0.704591751185236,4.552926158311372,3.909756007286716,0.7765698282845276,2.0888406407356355
0.21229982969769945,0.4884272631442507,0.7046828074355411,4.552987138682202,3.9099453947868685,0.7765698282845276,2.08898494260972
0.21248245469815719,0.4885174568943273,0.7047730011856177,4.553170376182813,3.9098507010367927,0.7764753470347566,2.0888406407356355
0.21239114219792854,0.4884272631442507,0.7047738636858463,4.553414594054253,3.909756007286716,0.7763808657849857,2.0887444394862458
0.21239114219792854,0.4884272631442507,0.7044096386846257,4.5529874350703246,3.9098507010367927,0.7765698282845276,2.0888887413603303
0.21239114219792854,0.48806648814394576,0.7040488636843207,4.5531706725709356,3.909756007286716,0.7765698282845276,2.0888406407356355
0.21257376719838628,0.4885174568943273,0.7050461699365331,4.553353317295301,3.909756007286716,0.7764753470347566,2.088696338861551
0.2122085171974708,0.4883370693941746,0.704592613685465,4.553078757432507,3.909756007286716,0.7764753470347566,2.0888887413603303
0.21239114219792854,0.4885174568943273,0.7048640574359228,4.553414594054253,3.9098507010367927,0.7763808657849857,2.0888887413603303
0.21248245469815719,0.4884272631442507,0.7048649199361514,4.553475574425082,3.909756007286716,0.7764753470347566,2.088936841985025
0.2121172046972417,0.4883370693941746,0.704592613685465,4.553261994933118,3.9094719260364874,0.7761919032854433,2.08898494260972
0.21229982969769945,0.4885174568943273,0.7045908886850074,4.553414890442374,3.909756007286716,0.77675879078407,2.088936841985025
0.21229982969769945,0.4885174568943273,0.7048640574359228,4.5533229753039475,3.909756007286716,0.7765698282845276,2.0888406407356355
0.21241591425796355,0.4883370693941746,0.704592613685465,4.553353613683424,3.9100400885369453,0.7765698282845276,2.0887925401109406
0.2125072267581922,0.4885174568943273,0.7048640574359228,4.553506212804558,3.910134782287021,0.7764753470347566,2.088936841985025
0.21241591425796355,0.4885174568943273,0.7046819449353126,4.5534758708132035,3.909756007286716,0.7764753470347566,2.0888887413603303
0.21241591425796355,0.48824687564409847,0.704593476185694,4.553414594054253,3.9100400885369453,0.77675879078407,2.08898494260972
0.2122332892575058,0.4884272631442507,0.704591751185236,4.553292633312594,3.909756007286716,0.7763808657849857,2.088936841985025
0.21232460175773446,0.4885174568943273,0.7048640574359228,4.5531397378033365,3.9098507010367927,0.7764753470347566,2.08898494260972
0.2125072267581922,0.4885174568943273,0.7048640574359228,4.553414594054253,3.910229476037098,0.7770422345333833,2.08898494260972
0.21232460175773446,0.4885174568943273,0.704955113686228,4.553200718174166,3.909756007286716,0.7764753470347566,2.08898494260972
0.21232460175773446,0.48824687564409847,0.7043203074347786,4.553048415441154,3.910229476037098,0.7771367157831547,2.088936841985025
0.21241591425796355,0.4884272631442507,0.7046828074355411,4.553536851184033,3.909756007286716,0.7764753470347566,2.0888887413603303
0.21232460175773446,0.4884272631442507,0.704591751185236,4.553292633312594,3.909756007286716,0.77675879078407,2.0888406407356355
0.21241591425796355,0.4884272631442507,0.7047738636858463,4.553414594054253,3.909756007286716,0.7764753470347566,2.0888406407356355
0.2125072267581922,0.4884587546504017,0.704591751185236,4.553384252062899,3.910229476037098,0.77675879078407,2.088936841985025
0.21241591425796355,0.4884587546504017,0.7048649199361514,4.553383955674777,3.9093772322864107,0.7760029407859009,2.088600137612162
0.21241591425796355,0.4883685609003256,0.7047747261860753,4.553292336924471,3.909756007286716,0.7765698282845276,2.0887925401109406
0.21241591425796355,0.4883685609003256,0.704592613685465,4.553353613683424,3.909756007286716,0.7765698282845276,2.0890811438591097
0.21232460175773446,0.4884587546504017,0.7043185824343206,4.553018073449801,3.909756007286716,0.7764753470347566,2.0888887413603303
0.2125072267581922,0.4885489484004783,0.7046819449353126,4.553109395811983,3.9098507010367927,0.7765698282845276,2.08898494260972
0.21232460175773446,0.4883685609003256,0.7046836699357701,4.553563767494594,3.910134782287021,0.7764753470347566,2.089033043234415
0.21234937381776947,0.4883685609003256,0.7046836699357701,4.553747004995204,3.9100400885369453,0.776664309534299,2.08898494260972
0.21234937381776947,0.4885489484004783,0.7046819449353126,4.5533501880026295,3.9098507010367927,0.7765698282845276,2.088936841985025
0.21244068631799856,0.4884587546504017,0.7047738636858463,4.553288911243678,3.9098507010367927,0.7765698282845276,2.089033043234415
0.21244068631799856,0.4884587546504017,0.7046828074355411,4.553502787123764,3.9100400885369453,0.77675879078407,2.0890811438591097
0.21244068631799856,0.48863914215055443,0.7048631949356938,4.553502787123764,3.9098507010367927,0.7764753470347566,2.0888887413603303
0.21216674881731173,0.4883685609003256,0.7047747261860753,4.553624747865423,3.9095666197865633,0.7764753470347566,2.0887925401109406
0.21244068631799856,0.48881952965070713,0.7049525261855414,4.553441806752935,3.910134782287021,0.7769477532836123,2.0890811438591097
0.21234937381776947,0.4881881734001729,0.7044122261853123,4.553411168373459,3.909756007286716,0.7763808657849857,2.089033043234415
0.2125319988182272,0.4883685609003256,0.7045015574351599,4.5533501880026295,3.909756007286716,0.7765698282845276,2.0890811438591097
0.21234937381776947,0.4885489484004783,0.7047730011856177,4.553502787123764,3.9100400885369453,0.7765698282845276,2.0890811438591097
0.21234937381776947,0.4885489484004783,0.7046819449353126,4.5533501880026295,3.9099453947868685,0.7763808657849857,2.08898494260972
0.2125319988182272,0.4884587546504017,0.7048649199361514,4.5535331291151175,3.9099453947868685,0.7764753470347566,2.089033043234415
0.21234937381776947,0.4884587546504017,0.704591751185236,4.55353342550324,3.9100400885369453,0.7765698282845276,2.0890811438591097
0.2125319988182272,0.488729335900631,0.7048623324354653,4.553441806752935,3.9099453947868685,0.77675879078407,2.0890811438591097
0.2120754363170831,0.4884587546504017,0.7048649199361514,4.553716366615728,3.9098507010367927,0.776664309534299,2.0891773451084994
0.21234937381776947,0.4883685609003256,0.7045015574351599,4.553625044253545,3.910324169787174,0.7771367157831547,2.0891292444838045
0.21216674881731173,0.48809797965009677,0.7040488636843207,4.553411464761581,3.9100400885369453,0.77675879078407,2.0890811438591097
0.21271462381868494,0.4883685609003256,0.7046836699357701,4.553472148744288,3.910134782287021,0.7768532720338414,2.0891773451084994
0.21234937381776947,0.4884587546504017,0.7047738636858463,4.553563767494594,3.910134782287021,0.7769477532836123,2.0891773451084994
0.21234937381776947,0.4884587546504017,0.7046828074355411,4.553686024624374,3.909756007286716,0.7763808657849857,2.089033043234415
0.21234937381776947,0.4885489484004783,0.7046819449353126,4.5533501880026295,3.9098507010367927,0.77675879078407,2.089033043234415
0.2125319988182272,0.4883685609003256,0.704592613685465,4.553686024624374,3.909756007286716,0.77675879078407,2.0890811438591097
0.21234937381776947,0.4884587546504017,0.7046828074355411,4.553686024624374,3.909756007286716,0.7765698282845276,2.0891292444838045
0.21244068631799856,0.4883685609003256,0.704592613685465,4.553594405874069,3.9098507010367927,0.776664309534299,2.0891292444838045
0.21244068631799856,0.4883685609003256,0.7046836699357701,4.553747004995204,3.909756007286716,0.7765698282845276,2.089033043234415
0.21244068631799856,0.4883685609003256,0.704592613685465,4.553502787123764,3.9099453947868685,0.7764753470347566,2.0891292444838045
0.21244068631799856,0.4883685609003256,0.7046836699357701,4.553747004995204,3.910324169787174,0.7768532720338414,2.089273546357889
0.2125319988182272,0.4883685609003256,0.7044105011848547,4.553380826382106,3.9100400885369453,0.77675879078407,2.088936841985025
0.2126233113184563,0.4883685609003256,0.7045015574351599,4.55353342550324,3.9100400885369453,0.7769477532836123,2.089321646982584
0.21234937381776947,0.4883685609003256,0.704592613685465,4.553686024624374,3.9098507010367927,0.7765698282845276,2.0891292444838045
0.2125319988182272,0.4884587546504017,0.7046828074355411,4.553686024624374,3.909756007286716,0.7764753470347566,2.0891773451084994
0.21225806131754082,0.4885489484004783,0.7047730011856177,4.553502787123764,3.9098507010367927,0.7765698282845276,2.0891773451084994
0.21271462381868494,0.4885489484004783,0.7048640574359228,4.553747004995204,3.909756007286716,0.7762863845352143,2.0888887413603303
0.2125319988182272,0.4883685609003256,0.7045015574351599,4.55353342550324,3.909756007286716,0.7765698282845276,2.0890811438591097
0.2122828333775758,0.4883685609003256,0.7046836699357701,4.553655386244898,3.9099453947868685,0.7763808657849857,2.08898494260972
0.21246545837803354,0.4883685609003256,0.7043194449345496,4.553594702262192,3.9098507010367927,0.7764753470347566,2.0891773451084994
0.21264808337849128,0.4883685609003256,0.7045015574351599,4.553899900504461,3.909756007286716,0.7763808657849857,2.0891292444838045
0.21264808337849128,0.4883685609003256,0.7046836699357701,4.553838623745509,3.9100400885369453,0.77675879078407,2.0890811438591097
0.21246545837803354,0.4885489484004783,0.7046819449353126,4.553808281754156,3.909756007286716,0.7762863845352143,2.089033043234415
0.21237414587780445,0.4884587546504017,0.7046828074355411,4.553686024624374,3.9100400885369453,0.7763808657849857,2.0891292444838045
0.21264808337849128,0.4885489484004783,0.7046819449353126,4.553808281754156,3.9098507010367927,0.776664309534299,2.0891292444838045
0.21237414587780445,0.4885489484004783,0.7047730011856177,4.553411168373459,3.909756007286716,0.7765698282845276,2.0888887413603303
0.21237414587780445,0.4884587546504017,0.704591751185236,4.553625044253545,3.9095666197865633,0.7764753470347566,2.089033043234415
0.21273939587871993,0.4884587546504017,0.7047738636858463,4.553747004995204,3.909756007286716,0.77675879078407,2.0892254457331942
0.21264808337849128,0.48863914215055443,0.704954251185999,4.553655386244898,3.9098507010367927,0.7763808657849857,2.0890811438591097
0.21237414587780445,0.4881881734001729,0.7040480011840917,4.553442103141057,3.909756007286716,0.7761919032854433,2.0890811438591097
0.2125567708782622,0.48863914215055443,0.704954251185999,4.5538961784355445,3.910324169787174,0.7769477532836123,2.0894178482319736
0.2122828333775758,0.488729335900631,0.7049533886857704,4.554018435565325,3.9098507010367927,0.77675879078407,2.0891292444838045
0.21246545837803354,0.4883685609003256,0.7045015574351599,4.553957455194496,3.9098507010367927,0.7765698282845276,2.0891292444838045
0.2122828333775758,0.4884587546504017,0.7046828074355411,4.553835198064715,3.9099453947868685,0.7765698282845276,2.0891773451084994
0.21246545837803354,0.4884587546504017,0.7047738636858463,4.55380455968524,3.909187844786259,0.7760974220356723,2.088936841985025
0.21237414587780445,0.4883685609003256,0.7046836699357701,4.5538961784355445,3.909756007286716,0.7761919032854433,2.089033043234415
0.21246545837803354,0.4884587546504017,0.704591751185236,4.553682598943581,3.909756007286716,0.7764753470347566,2.0891292444838045
0.21246545837803354,0.48827836715024947,0.7045024199353889,4.553835198064715,3.9099453947868685,0.7764753470347566,2.089273546357889
0.2125567708782622,0.4885489484004783,0.7044998324347023,4.5533774007013115,3.9099453947868685,0.776664309534299,2.0892254457331942
0.21264808337849128,0.4885489484004783,0.7045908886850074,4.5538964748236666,3.9098507010367927,0.776664309534299,2.089273546357889
0.21246545837803354,0.48863914215055443,0.7048631949356938,4.5537435793144105,3.9098507010367927,0.776664309534299,2.0891773451084994
0.21237414587780445,0.4885489484004783,0.7046819449353126,4.553774217693886,3.9099453947868685,0.7765698282845276,2.0891292444838045
0.2125567708782622,0.48827836715024947,0.704593476185694,4.5538961784355445,3.9098507010367927,0.77675879078407,2.0891773451084994
0.2125567708782622,0.4884587546504017,0.7047738636858463,4.55380455968524,3.9099453947868685,0.77675879078407,2.0891292444838045
0.21246545837803354,0.4885489484004783,0.7048640574359228,4.5538961784355445,3.909756007286716,0.7765698282845276,2.0891292444838045
0.21237414587780445,0.48827836715024947,0.7047755886863043,4.554018139177203,3.9100400885369453,0.7765698282845276,2.089273546357889
0.21249023043806856,0.4885489484004783,0.7047730011856177,4.553651960564105,3.9098507010367927,0.7765698282845276,2.089273546357889
0.21249023043806856,0.4884587546504017,0.7046828074355411,4.553651960564105,3.9098507010367927,0.7764753470347566,2.089273546357889
0.21230760543761082,0.4884587546504017,0.7046828074355411,4.553926816815021,3.9099453947868685,0.7764753470347566,2.0891773451084994
0.2125815429382972,0.4883685609003256,0.7046836699357701,4.55380455968524,3.9099453947868685,0.776664309534299,2.089321646982584
0.2126728554385263,0.488760827406782,0.7048623324354653,4.553682598943581,3.910134782287021,0.77675879078407,2.089273546357889
0.21249023043806856,0.48849024615655273,0.7045006949349308,4.553713237323056,3.9100400885369453,0.776664309534299,2.0891773451084994
0.21239891793783947,0.4885804399066293,0.7047730011856177,4.553926816815021,3.9098507010367927,0.7765698282845276,2.089273546357889
0.21239891793783947,0.48849024615655273,0.7047738636858463,4.5538961784355445,3.9100400885369453,0.7765698282845276,2.0891292444838045
0.2125815429382972,0.4884000524064766,0.7047747261860753,4.5542320150572895,3.9098507010367927,0.7765698282845276,2.089273546357889
0.2126728554385263,0.488760827406782,0.7050444449360755,4.55398779718585,3.909756007286716,0.7765698282845276,2.089273546357889
0.21249023043806856,0.48849024615655273,0.704591751185236,4.553774217693886,3.9100400885369453,0.776664309534299,2.089273546357889
0.21230760543761082,0.4885804399066293,0.7048640574359228,4.5538961784355445,3.9099453947868685,0.7765698282845276,2.0891773451084994
0.21239891793783947,0.4884000524064766,0.7045015574351599,4.554049073944801,3.9099453947868685,0.776664309534299,2.089369747607279
0.21276416793875494,0.4884000524064766,0.7045015574351599,4.553957455194496,3.909756007286716,0.7765698282845276,2.089273546357889
0.2125815429382972,0.4885804399066293,0.7044087761843971,4.553499657831093,3.909756007286716,0.77675879078407,2.0891292444838045
0.21249023043806856,0.48849024615655273,0.704591751185236,4.553682598943581,3.9100400885369453,0.77675879078407,2.089273546357889
0.2125815429382972,0.4884000524064766,0.7046836699357701,4.554079415936155,3.9100400885369453,0.77675879078407,2.0892254457331942
0.2125815429382972,0.48867063365670543,0.7048631949356938,4.553651960564105,3.9100400885369453,0.776664309534299,2.089273546357889
0.2125815429382972,0.48849024615655273,0.7044096386846257,4.553835494452837,3.909756007286716,0.7764753470347566,2.089273546357889
0.21276416793875494,0.4885804399066293,0.7047730011856177,4.553835198064715,3.909756007286716,0.77590845953613,2.0891292444838045
0.2125815429382972,0.48849024615655273,0.704591751185236,4.553590980193276,3.9098507010367927,0.77675879078407,2.089321646982584
0.2125815429382972,0.4884000524064766,0.704592613685465,4.553926816815021,3.9100400885369453,0.7763808657849857,2.089321646982584
0.21249023043806856,0.48867063365670543,0.7051363636866093,4.553834901676593,3.9098507010367927,0.7762863845352143,2.0891292444838045
0.21249023043806856,0.4885804399066293,0.7047730011856177,4.5537435793144105,3.9104188635372505,0.7769477532836123,2.089562150106058
0.21249023043806856,0.4885804399066293,0.7046819449353126,4.553957455194496,3.9099453947868685,0.7764753470347566,2.089321646982584
0.2125815429382972,0.4884000524064766,0.704592613685465,4.553926816815021,3.9104188635372505,0.7769477532836123,2.089369747607279
0.2126728554385263,0.4885804399066293,0.704955113686228,4.554048777556679,3.9098507010367927,0.7771367157831547,2.0890811438591097
0.2126728554385263,0.4885804399066293,0.7047730011856177,4.553926816815021,3.9095666197865633,0.7761919032854433,2.0890811438591097
0.2125815429382972,0.488760827406782,0.7050444449360755,4.55380455968524,3.9100400885369453,0.77675879078407,2.0891292444838045
0.2125815429382972,0.48849024615655273,0.7048649199361514,4.554048777556679,3.910134782287021,0.77675879078407,2.089273546357889
0.2126063149983322,0.4885804399066293,0.7047730011856177,4.553835198064715,3.909756007286716,0.7764753470347566,2.0891773451084994
0.21242368999787448,0.48849024615655273,0.7046828074355411,4.553926816815021,3.9099453947868685,0.77675879078407,2.0891773451084994
0.2126063149983322,0.4885804399066293,0.7046819449353126,4.553957455194496,3.909756007286716,0.7765698282845276,2.089273546357889
0.21251500249810357,0.48849024615655273,0.704591751185236,4.553774217693886,3.9100400885369453,0.776664309534299,2.089369747607279
0.2126063149983322,0.4885804399066293,0.7046819449353126,4.553865836444191,3.9098507010367927,0.7764753470347566,2.089369747607279
0.2126976274985613,0.48885102115685813,0.7049525261855414,4.553774217693886,3.9100400885369453,0.7765698282845276,2.089321646982584
0.2126063149983322,0.4885804399066293,0.7050461699365331,4.554018139177203,3.9100400885369453,0.7768532720338414,2.0891292444838045
0.21233237749764583,0.48849024615655273,0.7048649199361514,4.554140396306984,3.909756007286716,0.7765698282845276,2.089273546357889
0.21251500249810357,0.4884000524064766,0.7045015574351599,4.553774217693886,3.9100400885369453,0.776664309534299,2.089273546357889
0.21278893999878995,0.4885804399066293,0.7046819449353126,4.554049073944801,3.9100400885369453,0.77675879078407,2.089369747607279
0.2126063149983322,0.488760827406782,0.7048623324354653,4.553957455194496,3.909756007286716,0.7765698282845276,2.089273546357889
0.2126063149983322,0.4884000524064766,0.704592613685465,4.553835198064715,3.9098507010367927,0.77675879078407,2.0892254457331942
0.2126976274985613,0.4885804399066293,0.7048640574359228,4.553953733125581,3.9099453947868685,0.7768532720338414,2.0891292444838045
0.21251500249810357,0.48849024615655273,0.704591751185236,4.5541066286348375,3.909756007286716,0.7763808657849857,2.0891292444838045
0.2126976274985613,0.48867063365670543,0.7050453074363041,4.554289569747326,3.9098507010367927,0.7763808657849857,2.089273546357889
0.21251500249810357,0.4884000524064766,0.704592613685465,4.553984371505056,3.9100400885369453,0.7769477532836123,2.089321646982584
0.21224106499741674,0.4885804399066293,0.7046819449353126,4.5542898661354485,3.9100400885369453,0.7763808657849857,2.089321646982584
0.2126063149983322,0.48849024615655273,0.7047738636858463,4.554045351875885,3.910134782287021,0.77675879078407,2.0891773451084994
0.21251500249810357,0.48849024615655273,0.7048649199361514,4.554106332246715,3.910324169787174,0.77675879078407,2.089369747607279
0.21251500249810357,0.4885804399066293,0.7046819449353126,4.5541066286348375,3.909756007286716,0.7764753470347566,2.089369747607279
0.2126063149983322,0.4884000524064766,0.7044105011848547,4.554137267014314,3.909756007286716,0.7765698282845276,2.0894178482319736
0.2126063149983322,0.48849024615655273,0.7047738636858463,4.554228589376496,3.9098507010367927,0.7765698282845276,2.0891292444838045
0.21242368999787448,0.48849024615655273,0.704591751185236,4.5541066286348375,3.9098507010367927,0.7764753470347566,2.089321646982584
0.2126063149983322,0.4885804399066293,0.7047730011856177,4.553984371505056,3.909756007286716,0.776664309534299,2.089273546357889
0.2126976274985613,0.4885804399066293,0.7046819449353126,4.5539233911342265,3.910134782287021,0.7763808657849857,2.0894178482319736
0.2126976274985613,0.48849024615655273,0.7046828074355411,4.554259227755972,3.9098507010367927,0.77675879078407,2.0892254457331942
0.2126063149983322,0.4885804399066293,0.7047730011856177,4.553984371505056,3.9099453947868685,0.7763808657849857,2.089369747607279
0.2126976274985613,0.4884000524064766,0.704592613685465,4.554167609005667,3.910134782287021,0.7765698282845276,2.0894178482319736
0.2126063149983322,0.48849024615655273,0.7046828074355411,4.553984371505056,3.9100400885369453,0.77675879078407,2.089369747607279
0.2126063149983322,0.4885804399066293,0.7047730011856177,4.553984371505056,3.9100400885369453,0.7765698282845276,2.089321646982584
0.2126976274985613,0.48849024615655273,0.7047738636858463,4.554228589376496,3.9098507010367927,0.7765698282845276,2.0892254457331942
0.21251500249810357,0.4884000524064766,0.704592613685465,4.554167609005667,3.9100400885369453,0.77675879078407,2.089321646982584
0.21278893999878995,0.48867063365670543,0.7048631949356938,4.553984371505056,3.910134782287021,0.776664309534299,2.089321646982584
0.2126976274985613,0.48849024615655273,0.704591751185236,4.5541066286348375,3.9100400885369453,0.7765698282845276,2.089273546357889
0.21251500249810357,0.48849024615655273,0.704591751185236,4.5539233911342265,3.910324169787174,0.7771367157831547,2.089369747607279
0.2126976274985613,0.4884000524064766,0.7043194449345496,4.553893049142873,3.9098507010367927,0.7765698282845276,2.089273546357889
0.21242368999787448,0.4885804399066293,0.7047730011856177,4.554167609005667,3.9099453947868685,0.77675879078407,2.0894659488566685
0.2126976274985613,0.488760827406782,0.7048623324354653,4.5539233911342265,3.909756007286716,0.7765698282845276,2.0894178482319736
0.21278893999878995,0.48867063365670543,0.7047721386853887,4.5542898661354485,3.9100400885369453,0.77675879078407,2.089369747607279
0.2915428684736028,0.5416276190408459,0.792960611861792,5.027249266663069,4.328287586168453,0.9256983826673166,2.459987759838314
0.29126893097291595,0.5415374252907693,0.7925061931104944,5.0271885826803615,4.328287586168453,0.925887345166859,2.459939659213619
0.2910863059724582,0.5412668440405405,0.7925087806111815,5.027463142543155,4.328287586168453,0.925887345166859,2.4601320617123985
0.29129370303295093,0.5415374252907693,0.7926883056111047,5.02712730592141,4.328287586168453,0.9256983826673166,2.460035860463009
0.29129370303295093,0.5412668440405405,0.7924177243608759,5.02731054342202,4.328666361168758,0.9262652701659433,2.4600839610877037
0.2910197655322641,0.5412668440405405,0.7923266681105707,5.027157944300885,4.32838227991853,0.925792863917088,2.459939659213619
0.2912023905327223,0.5413570377906171,0.792598974361258,5.0271882862922395,4.32838227991853,0.925792863917088,2.4600839610877037
0.2912023905327223,0.5414472315406932,0.7927802243616393,5.027524122913984,4.32838227991853,0.925887345166859,2.459939659213619
0.2912023905327223,0.5410864565403882,0.7921462806104185,5.027432800551801,4.328287586168453,0.925887345166859,2.459987759838314
0.29129370303295093,0.5412668440405405,0.7924177243608759,5.027402162172326,4.32838227991853,0.925792863917088,2.4600839610877037
0.29156764053363776,0.5413570377906171,0.7926900306115632,5.027432504163679,4.32838227991853,0.9256983826673166,2.4598915585889243
0.2911110780324932,0.5412668440405405,0.7922356118602656,5.0271885826803615,4.32838227991853,0.925792863917088,2.459939659213619
0.29129370303295093,0.5412668440405405,0.7925087806111815,5.027463142543155,4.3284769736686055,0.925792863917088,2.4601801623370934
0.29122716259275727,0.5413570377906171,0.7923258056103422,5.027280201430667,4.328855748668911,0.9261707889161723,2.459939659213619
0.291409787593215,0.5413570377906171,0.7926900306115632,5.027524122913984,4.328287586168453,0.9256983826673166,2.4598915585889243
0.2913184750929859,0.5413570377906171,0.7926900306115632,5.027249266663069,4.328287586168453,0.9254149389180033,2.4601320617123985
0.2917750375941305,0.5413570377906171,0.792598974361258,5.027463142543155,4.328003504918224,0.9256039014175457,2.459987759838314
0.291409787593215,0.5413570377906171,0.7927810868618683,5.027310247033898,4.328761054918835,0.925887345166859,2.459939659213619
0.2912519346527923,0.5412668440405405,0.7922356118602656,5.027371820180972,4.32838227991853,0.925792863917088,2.459939659213619
0.2916171846537078,0.5413570377906171,0.7926900306115632,5.027524122913984,4.328571667418682,0.9256039014175457,2.459987759838314
0.29143455965325005,0.5413570377906171,0.7927810868618683,5.027218628283593,4.328192892418377,0.925887345166859,2.460035860463009
0.2916171846537078,0.5413570377906171,0.7925079181109524,5.02731054342202,4.3284769736686055,0.9260763076664014,2.4600839610877037
0.2912519346527923,0.5414472315406932,0.7925981118610286,5.027218924671715,4.32838227991853,0.925887345166859,2.459987759838314
0.29143455965325005,0.5412668440405405,0.7923266681105707,5.027249563051191,4.32838227991853,0.925792863917088,2.4600839610877037
0.29134324715302096,0.5413570377906171,0.7927810868618683,5.027310247033898,4.328571667418682,0.92598182641663,2.459987759838314
0.29134324715302096,0.5413570377906171,0.7924168618606473,5.027249563051191,4.3284769736686055,0.9261707889161723,2.4600839610877037
0.2915258721534787,0.5413570377906171,0.7925079181109524,5.02731054342202,4.32838227991853,0.9256983826673166,2.4600839610877037
0.2916171846537078,0.5412668440405405,0.7925087806111815,5.027463142543155,4.328571667418682,0.9261707889161723,2.4601320617123985
0.29143455965325005,0.5414472315406932,0.7925070556107234,5.027249563051191,4.328192892418377,0.925887345166859,2.459939659213619
0.29143455965325005,0.5413570377906171,0.7926900306115632,5.027524122913984,4.328287586168453,0.9256983826673166,2.459939659213619
0.29134324715302096,0.5414472315406932,0.7925981118610286,5.027035687171105,4.328287586168453,0.9256039014175457,2.4600839610877037
0.2916171846537078,0.5411766502904644,0.7923275306107997,5.027402162172326,4.328950442418987,0.9261707889161723,2.4600839610877037
0.2916171846537078,0.5414472315406932,0.7925981118610286,5.02749378092263,4.3284769736686055,0.9255094201677747,2.459987759838314
0.2912519346527923,0.5413570377906171,0.7924168618606473,5.0275244193021065,4.328003504918224,0.9256983826673166,2.4600839610877037
0.29145933171328503,0.5413570377906171,0.7928721431121735,5.027554464905338,4.328287586168453,0.925792863917088,2.459987759838314
0.2917332692139714,0.5414157400345422,0.7927802243616393,5.027432504163679,4.3284769736686055,0.925887345166859,2.4600839610877037
0.29145933171328503,0.5414157400345422,0.7927802243616393,5.027524122913984,4.328287586168453,0.9256983826673166,2.4600839610877037
0.2915506442135137,0.541325546284466,0.7926900306115632,5.027524122913984,4.328192892418377,0.9256983826673166,2.4601801623370934
0.29164195671374277,0.5414157400345422,0.7925981118610286,5.027402162172326,4.32838227991853,0.925792863917088,2.459939659213619
0.2913927912730909,0.5412353525343895,0.7924177243608759,5.02731054342202,4.327908811168148,0.9252259764184614,2.4598915585889243
0.29166672877377775,0.5412353525343895,0.7924177243608759,5.02731054342202,4.328571667418682,0.9256983826673166,2.4601320617123985
0.29157541627354866,0.541325546284466,0.7923258056103422,5.027280201430667,4.3280981986683,0.9256039014175457,2.459939659213619
0.29166672877377775,0.541325546284466,0.7927810868618683,5.027585103284814,4.328192892418377,0.9255094201677747,2.459939659213619
0.29166672877377775,0.5414157400345422,0.7925981118610286,5.02731054342202,4.328666361168758,0.9263597514157147,2.4600839610877037
0.2913014787728623,0.541325546284466,0.7926900306115632,5.027249266663069,4.3280981986683,0.9256039014175457,2.4598434579642294
0.29166672877377775,0.5415059337846183,0.7929614743620206,5.027585103284814,4.328666361168758,0.9256983826673166,2.459987759838314
0.29166672877377775,0.5412353525343895,0.7925087806111815,5.027463142543155,4.32838227991853,0.9256983826673166,2.459939659213619
0.29166672877377775,0.5414157400345422,0.7926891681113342,5.02755476129346,4.32838227991853,0.9256983826673166,2.4600839610877037
0.2913927912730909,0.5412353525343895,0.7923266681105707,5.027432800551801,4.32838227991853,0.925792863917088,2.459939659213619
0.29166672877377775,0.5414157400345422,0.7927802243616393,5.027249266663069,4.3284769736686055,0.925792863917088,2.460035860463009
0.29166672877377775,0.5414157400345422,0.7925070556107234,5.027066325550581,4.328571667418682,0.925792863917088,2.459987759838314
0.29166672877377775,0.5414157400345422,0.7928712806119445,5.027585103284814,4.328287586168453,0.9256039014175457,2.4598915585889243
0.2917580412740064,0.5411451587843134,0.7925096431114105,5.027432504163679,4.327908811168148,0.9256983826673166,2.4598915585889243
0.29178281333404144,0.5414157400345422,0.7925070556107234,5.027157944300885,4.328192892418377,0.925792863917088,2.4601320617123985
0.2916915008338128,0.5412353525343895,0.7923266681105707,5.027249563051191,4.32838227991853,0.9256983826673166,2.4600839610877037
0.2916915008338128,0.5414157400345422,0.7926891681113342,5.0271882862922395,4.32838227991853,0.9256983826673166,2.4601801623370934
0.2916915008338128,0.5414157400345422,0.7928712806119445,5.027676722035118,4.328571667418682,0.925887345166859,2.459987759838314
0.29178281333404144,0.5415961275346949,0.7926874431108761,5.027066325550581,4.3284769736686055,0.9256039014175457,2.4600839610877037
0.2916915008338128,0.5415961275346949,0.7930516681120972,5.027493484534508,4.328287586168453,0.925792863917088,2.4600839610877037
0.2917162728938478,0.541325546284466,0.7924168618606473,5.027249563051191,4.32838227991853,0.9256983826673166,2.460035860463009
0.29144233539316095,0.5410549650342372,0.7921462806104185,5.027432800551801,4.328192892418377,0.9256039014175457,2.4600839610877037
0.2917162728938478,0.5412353525343895,0.7925998368614866,5.027524122913984,4.3284769736686055,0.925887345166859,2.460035860463009
0.2917162728938478,0.541325546284466,0.7925079181109524,5.027642954362971,4.3280981986683,0.9256039014175457,2.4600839610877037
0.2918075853940764,0.5414157400345422,0.7927802243616393,5.0273984401034095,4.328571667418682,0.925887345166859,2.4600839610877037
0.2918988978943055,0.541325546284466,0.7926900306115632,5.027673296354326,4.328571667418682,0.925887345166859,2.4600839610877037
0.2918075853940764,0.541325546284466,0.7924168618606473,5.027490355241838,4.328287586168453,0.925792863917088,2.4600839610877037
0.2917162728938478,0.5415059337846183,0.7925972493607996,5.027581973992142,4.328666361168758,0.925792863917088,2.4600839610877037
0.2917162728938478,0.541325546284466,0.792598974361258,5.0277039347338,4.328287586168453,0.925887345166859,2.4600839610877037
0.2918075853940764,0.5410549650342372,0.7921462806104185,5.027581973992142,4.3284769736686055,0.925887345166859,2.460035860463009
0.2918988978943055,0.5411451587843134,0.7923275306107997,5.027551335612667,4.32838227991853,0.9256039014175457,2.459939659213619
0.2918323574541114,0.541325546284466,0.7926900306115632,5.0275816776040205,4.328287586168453,0.9256983826673166,2.460035860463009
0.29174104495388276,0.5412353525343895,0.7923266681105707,5.027490355241838,4.327908811168148,0.9256039014175457,2.459939659213619
0.2918323574541114,0.541325546284466,0.7924168618606473,5.027673592742447,4.32838227991853,0.925792863917088,2.459939659213619
0.2919236699543405,0.541686321284771,0.7930508056118681,5.027673296354326,4.328571667418682,0.9256983826673166,2.4601320617123985
0.29174104495388276,0.5412353525343895,0.7923266681105707,5.027490355241838,4.328287586168453,0.925887345166859,2.4601801623370934
0.29174104495388276,0.541325546284466,0.7925079181109524,5.027826191863582,4.3284769736686055,0.9255094201677747,2.4600839610877037
0.2918323574541114,0.5412353525343895,0.7925998368614866,5.027856533854935,4.3280981986683,0.9256039014175457,2.4600839610877037
0.2918323574541114,0.541325546284466,0.7924168618606473,5.027490355241838,4.32838227991853,0.925792863917088,2.4600839610877037
0.29174104495388276,0.5412353525343895,0.7924177243608759,5.027642954362971,4.328287586168453,0.9255094201677747,2.459987759838314
0.2918323574541114,0.541325546284466,0.7925079181109524,5.0277345731132765,4.328287586168453,0.925792863917088,2.4601320617123985
0.29174104495388276,0.541325546284466,0.7926900306115632,5.027856533854935,4.328666361168758,0.925792863917088,2.4601320617123985
0.2919236699543405,0.5414157400345422,0.7925070556107234,5.027490355241838,4.32838227991853,0.925887345166859,2.459939659213619
0.29174104495388276,0.541325546284466,0.7925079181109524,5.027642954362971,4.32838227991853,0.9256039014175457,2.4601801623370934
0.291558419953425,0.5411451587843134,0.7925096431114105,5.027948152605241,4.328287586168453,0.9256983826673166,2.459939659213619
0.2918323574541114,0.541325546284466,0.7926900306115632,5.027856533854935,4.328287586168453,0.9256983826673166,2.4600839610877037
0.29174104495388276,0.5414157400345422,0.7925070556107234,5.027581973992142,4.3280981986683,0.9255094201677747,2.4600839610877037
0.2917658170139178,0.5412353525343895,0.7925998368614866,5.027673296354326,4.32838227991853,0.9256039014175457,2.459939659213619
0.29185712951414644,0.5415059337846183,0.7930525306123257,5.0278868758462885,4.3284769736686055,0.925887345166859,2.4600839610877037
0.29185712951414644,0.5411451587843134,0.7922364743604946,5.0273987364915325,4.328571667418682,0.925887345166859,2.4601320617123985
0.2917658170139178,0.5412353525343895,0.7925087806111815,5.027795553484106,4.328287586168453,0.925792863917088,2.4600839610877037
0.2917658170139178,0.541325546284466,0.7926900306115632,5.027856533854935,4.328571667418682,0.9256039014175457,2.4601801623370934
0.29185712951414644,0.5409647712841607,0.7920560868603419,5.027673592742447,4.328571667418682,0.925887345166859,2.459987759838314
0.2917905890739528,0.5411451587843134,0.7923275306107997,5.027551335612667,4.328003504918224,0.9254149389180033,2.459987759838314
0.2918819015741814,0.5412353525343895,0.7924177243608759,5.027642954362971,4.328761054918835,0.925887345166859,2.4600839610877037
0.2917905890739528,0.5414157400345422,0.7927802243616393,5.027673296354326,4.32838227991853,0.9256983826673166,2.459939659213619
0.29215583907486825,0.541325546284466,0.7923258056103422,5.027704231121923,4.328761054918835,0.9256039014175457,2.4600839610877037
0.2919732140744105,0.541325546284466,0.7925079181109524,5.027826191863582,4.328571667418682,0.9256039014175457,2.4601320617123985
0.2919732140744105,0.541325546284466,0.7925079181109524,5.027642954362971,4.328287586168453,0.9256039014175457,2.459987759838314
0.2919732140744105,0.5415961275346949,0.792960611861792,5.027948152605241,4.3284769736686055,0.9260763076664014,2.4601801623370934
0.2917905890739528,0.541325546284466,0.7925079181109524,5.0277345731132765,4.3284769736686055,0.9256039014175457,2.460276363586483
0.2917905890739528,0.5414157400345422,0.7927802243616393,5.02776491510463,4.32838227991853,0.925792863917088,2.460035860463009
0.2917905890739528,0.5412353525343895,0.7925998368614866,5.0275816776040205,4.328192892418377,0.9255094201677747,2.459987759838314
0.2917905890739528,0.541325546284466,0.7923258056103422,5.027429374871009,4.328287586168453,0.9256983826673166,2.4601320617123985
0.29206452657463916,0.5414157400345422,0.7925981118610286,5.027551335612667,4.328666361168758,0.925887345166859,2.4601320617123985
0.2918819015741814,0.541325546284466,0.7926900306115632,5.02776491510463,4.3280981986683,0.9255094201677747,2.4600839610877037
0.2919732140744105,0.5415961275346949,0.792960611861792,5.027948152605241,4.328950442418987,0.9262652701659433,2.4601320617123985
0.2919732140744105,0.541325546284466,0.792598974361258,5.027795553484106,4.32838227991853,0.925887345166859,2.460035860463009
0.29215583907486825,0.541325546284466,0.7926900306115632,5.027856533854935,4.327908811168148,0.92513149516869,2.4597953573395346
0.2918819015741814,0.541325546284466,0.7924168618606473,5.027765211492753,4.328287586168453,0.9256983826673166,2.4600839610877037
0.2918819015741814,0.5415059337846183,0.7928704181117154,5.028039771355546,4.3284769736686055,0.925792863917088,2.460035860463009
0.2917905890739528,0.5414157400345422,0.7925981118610286,5.027642954362971,4.328287586168453,0.925887345166859,2.4600839610877037
0.2918819015741814,0.5412353525343895,0.7926908931117918,5.02800913297607,4.328287586168453,0.9256039014175457,2.4601320617123985
0.29208929863467414,0.5414157400345422,0.7928712806119445,5.027734276725155,4.328761054918835,0.9260763076664014,2.460228262961788
0.2919979861344455,0.5412353525343895,0.7923266681105707,5.027948448993364,4.328666361168758,0.925887345166859,2.4601320617123985
0.2919066736342164,0.5412353525343895,0.7925998368614866,5.027673296354326,4.328287586168453,0.925792863917088,2.459939659213619
0.2919979861344455,0.5410549650342372,0.7925105056116395,5.028100751726376,4.328287586168453,0.9256039014175457,2.459939659213619
0.29208929863467414,0.5414157400345422,0.7926891681113342,5.027520697233191,4.3284769736686055,0.9256983826673166,2.459987759838314
0.2919979861344455,0.5411451587843134,0.7923275306107997,5.0277345731132765,4.32838227991853,0.925887345166859,2.4600839610877037
0.2919066736342164,0.5412353525343895,0.7925087806111815,5.0277039347338,4.3284769736686055,0.9260763076664014,2.459987759838314
0.2919066736342164,0.541325546284466,0.7925079181109524,5.027642954362971,4.328192892418377,0.9256983826673166,2.4601320617123985
0.29163273613353,0.5411451587843134,0.7921454181101895,5.027704231121923,4.32838227991853,0.9256983826673166,2.459987759838314
0.2918401331940228,0.541325546284466,0.7925079181109524,5.027551335612667,4.328192892418377,0.925792863917088,2.4600839610877037
0.2918401331940228,0.541325546284466,0.7927810868618683,5.027917514225765,4.329045136169063,0.9265487139152566,2.460276363586483
0.29202275819448054,0.5411451587843134,0.7926006993617156,5.028100751726376,4.32838227991853,0.925887345166859,2.4600839610877037
0.2921140706947092,0.541325546284466,0.792598974361258,5.027887172234411,4.328287586168453,0.9256983826673166,2.4600839610877037
0.29193144569425145,0.5412353525343895,0.7924177243608759,5.027975365303923,4.32838227991853,0.9256983826673166,2.4601320617123985
0.29202275819448054,0.5411451587843134,0.7921454181101895,5.027853404562264,4.328192892418377,0.9255094201677747,2.4600839610877037
0.2921140706947092,0.5411451587843134,0.7923275306107997,5.028066984054227,4.328666361168758,0.9265487139152566,2.4601320617123985
0.29202275819448054,0.541325546284466,0.7924168618606473,5.028006003683398,4.328666361168758,0.9262652701659433,2.459987759838314
0.29202275819448054,0.5411451587843134,0.7925096431114105,5.0280973260455815,4.327814117418072,0.9252259764184614,2.459939659213619
0.29193144569425145,0.5412353525343895,0.7925087806111815,5.0277614894238365,4.328287586168453,0.925887345166859,2.460035860463009
0.29202275819448054,0.5412353525343895,0.7924177243608759,5.027883746553618,4.32838227991853,0.925792863917088,2.4600839610877037
0.2922053831949383,0.5414157400345422,0.7925981118610286,5.027883746553618,4.328192892418377,0.9256039014175457,2.4601320617123985
0.29202275819448054,0.541325546284466,0.7924168618606473,5.027914384933093,4.328571667418682,0.92598182641663,2.4601801623370934
0.29202275819448054,0.5412353525343895,0.7926908931117918,5.028066687666106,4.3284769736686055,0.9260763076664014,2.460228262961788
0.29202275819448054,0.5412353525343895,0.7924177243608759,5.027883746553618,4.328571667418682,0.9256039014175457,2.4601320617123985
0.29202275819448054,0.5414157400345422,0.7928712806119445,5.027975068915801,4.32838227991853,0.925792863917088,2.459939659213619
0.2918401331940228,0.5412353525343895,0.7923266681105707,5.027731147432483,4.32838227991853,0.9255094201677747,2.4598915585889243
0.29193144569425145,0.5411451587843134,0.7922364743604946,5.027914384933093,4.328571667418682,0.9261707889161723,2.4600839610877037
0.29202275819448054,0.5414157400345422,0.7925981118610286,5.027975365303923,4.328571667418682,0.92598182641663,2.460035860463009
0.29193144569425145,0.541325546284466,0.7924168618606473,5.027547909931872,4.328666361168758,0.9256983826673166,2.4600839610877037
0.29202275819448054,0.541325546284466,0.7926900306115632,5.0280973260455815,4.328192892418377,0.9255094201677747,2.4600839610877037
0.29202275819448054,0.5410549650342372,0.7924194493613343,5.027914088544971,4.328761054918835,0.9261707889161723,2.460276363586483
0.29193144569425145,0.5412668440405405,0.7923266681105707,5.027914384933093,4.328571667418682,0.92598182641663,2.4601801623370934
0.29202275819448054,0.5414472315406932,0.7925070556107234,5.027731147432483,4.328287586168453,0.925792863917088,2.4600839610877037
0.2922966956951669,0.5412668440405405,0.7925087806111815,5.0279447269244475,4.3280981986683,0.9256039014175457,2.4601801623370934
0.2921388427547441,0.5412668440405405,0.7925998368614866,5.0280973260455815,4.328855748668911,0.9262652701659433,2.4601801623370934
0.2922301552549732,0.5413570377906171,0.7926900306115632,5.028005707295277,4.3284769736686055,0.925887345166859,2.459987759838314
0.2919562177542864,0.5415689167969203,0.7926883056111047,5.028066984054227,4.328666361168758,0.9256983826673166,2.4600839610877037
0.29204753025451546,0.5413885292967681,0.7924168618606473,5.027822766182789,4.32838227991853,0.9256983826673166,2.4601320617123985
0.2918649052540577,0.5413885292967681,0.7925079181109524,5.027883746553618,4.328287586168453,0.925792863917088,2.4601320617123985
0.2919562177542864,0.5413885292967681,0.7926900306115632,5.027914088544971,4.328855748668911,0.925792863917088,2.4600839610877037
0.2919562177542864,0.5412081417966154,0.7923275306107997,5.027975365303923,4.32838227991853,0.925792863917088,2.460035860463009
0.29204753025451546,0.5413885292967681,0.7924168618606473,5.027914384933093,4.3280981986683,0.925792863917088,2.459939659213619
0.2922301552549732,0.5414787230468442,0.7925981118610286,5.027883746553618,4.32838227991853,0.9256983826673166,2.4600839610877037
0.2919562177542864,0.5412081417966154,0.7922364743604946,5.027914384933093,4.32838227991853,0.9256983826673166,2.459939659213619
0.29204753025451546,0.5412983355466915,0.7924177243608759,5.027975365303923,4.32838227991853,0.925792863917088,2.460228262961788
0.2921388427547441,0.5412983355466915,0.7922356118602656,5.027853404562264,4.328192892418377,0.9256983826673166,2.459939659213619
0.2921388427547441,0.5415689167969203,0.7928704181117154,5.027914088544971,4.328666361168758,0.9256983826673166,2.4601320617123985
0.2918649052540577,0.5415689167969203,0.7926883056111047,5.027883746553618,4.3284769736686055,0.925792863917088,2.4600839610877037
0.2918649052540577,0.5412983355466915,0.7924177243608759,5.027975365303923,4.3284769736686055,0.925887345166859,2.4600839610877037
0.29204753025451546,0.5415689167969203,0.7928704181117154,5.028005707295277,4.3284769736686055,0.925887345166859,2.4600839610877037
0.2918649052540577,0.5413885292967681,0.7926900306115632,5.028188944795886,4.328287586168453,0.9256983826673166,2.4601320617123985
0.2920723023145505,0.5414787230468442,0.7927802243616393,5.028280563546192,4.32838227991853,0.9256039014175457,2.4600839610877037
0.2920723023145505,0.5414787230468442,0.7925981118610286,5.027975365303923,4.3284769736686055,0.9256983826673166,2.4601320617123985
0.2919809898143214,0.5413885292967681,0.7924168618606473,5.027914384933093,4.32838227991853,0.925792863917088,2.459987759838314
0.29216361481477915,0.5412983355466915,0.7925087806111815,5.0279447269244475,4.32838227991853,0.9256039014175457,2.460035860463009
0.29216361481477915,0.5414787230468442,0.7925070556107234,5.028006003683398,4.328287586168453,0.9256983826673166,2.459987759838314
0.2920723023145505,0.5412983355466915,0.7923266681105707,5.027914384933093,4.329139829919139,0.926643195165028,2.460276363586483
0.29216361481477915,0.5411179480465392,0.7922373368607236,5.028066984054227,4.328287586168453,0.925887345166859,2.4601320617123985
0.2920723023145505,0.5411179480465392,0.7920552243601133,5.027945023312569,4.32838227991853,0.9256983826673166,2.4601801623370934
0.29216361481477915,0.5414787230468442,0.7924159993604183,5.027670167061654,4.32838227991853,0.925887345166859,2.4600839610877037
0.29216361481477915,0.5413885292967681,0.7926900306115632,5.028188944795886,4.3284769736686055,0.925887345166859,2.4600839610877037
0.2923462398152369,0.5412983355466915,0.7924177243608759,5.027975365303923,4.3284769736686055,0.9256039014175457,2.4601320617123985
0.2920723023145505,0.5413885292967681,0.792598974361258,5.0279447269244475,4.328003504918224,0.9253204576682323,2.4598434579642294
0.29216361481477915,0.5412983355466915,0.7925998368614866,5.028005707295277,4.328192892418377,0.9255094201677747,2.459987759838314
0.2920723023145505,0.5418394980471496,0.793323111862555,5.02821928678724,4.328287586168453,0.9256039014175457,2.4600839610877037
0.29216361481477915,0.5413885292967681,0.7926900306115632,5.028005707295277,4.328287586168453,0.925792863917088,2.4601320617123985
0.29225492731500824,0.5413885292967681,0.7925079181109524,5.028158602804533,4.328287586168453,0.9256039014175457,2.4601320617123985
0.2920723023145505,0.5413885292967681,0.7923258056103422,5.027853404562264,4.328571667418682,0.9256983826673166,2.4601320617123985
0.29225492731500824,0.5413885292967681,0.792598974361258,5.028036345674752,4.328761054918835,0.9264542326654857,2.4601320617123985
0.29225492731500824,0.5413885292967681,0.7923258056103422,5.027853404562264,4.328666361168758,0.925792863917088,2.459987759838314
0.2919809898143214,0.5412983355466915,0.7924177243608759,5.027975365303923,4.328192892418377,0.9254149389180033,2.4600839610877037
0.29216361481477915,0.5413885292967681,0.7925079181109524,5.028066984054227,4.328287586168453,0.925792863917088,2.460228262961788
0.29225492731500824,0.5416591105469969,0.7926874431108761,5.027822766182789,4.328761054918835,0.925792863917088,2.460035860463009
0.2923710118752719,0.5413885292967681,0.7925079181109524,5.028250221554838,4.32838227991853,0.925887345166859,2.4601320617123985
0.2921883868748142,0.5415689167969203,0.7925972493607996,5.027914384933093,4.328571667418682,0.925887345166859,2.4600839610877037
0.2922796993750433,0.5414787230468442,0.7925981118610286,5.028158602804533,4.32838227991853,0.9256983826673166,2.4600839610877037
0.2922796993750433,0.5412983355466915,0.7923266681105707,5.0280976224337035,4.328666361168758,0.925887345166859,2.460035860463009
0.2921883868748142,0.5412983355466915,0.7925998368614866,5.028063261985312,4.3280981986683,0.9256983826673166,2.459987759838314
0.2922796993750433,0.5413885292967681,0.7923258056103422,5.028002578002605,4.328287586168453,0.9256039014175457,2.459939659213619
0.29209707437458554,0.5413885292967681,0.7927810868618683,5.0283074798567515,4.32838227991853,0.925792863917088,2.4601320617123985
0.2921883868748142,0.5412983355466915,0.7925998368614866,5.028429736986533,4.328287586168453,0.925792863917088,2.4601801623370934
0.2922796993750433,0.5413885292967681,0.7926900306115632,5.028338118236228,4.328287586168453,0.925792863917088,2.4601320617123985
0.2922796993750433,0.5414787230468442,0.7926891681113342,5.028460375366009,4.32838227991853,0.9256983826673166,2.4600839610877037
0.2921883868748142,0.5415689167969203,0.7927793618614103,5.028368756615704,4.32838227991853,0.925792863917088,2.4601320617123985
0.2922796993750433,0.5414787230468442,0.7925981118610286,5.0283077762448745,4.328287586168453,0.9256039014175457,2.4601801623370934
0.2921883868748142,0.5414787230468442,0.7927802243616393,5.028338118236228,4.328666361168758,0.925887345166859,2.4600839610877037
0.2922796993750433,0.5413885292967681,0.7924168618606473,5.028063558373434,4.328287586168453,0.9256983826673166,2.4601320617123985
0.29209707437458554,0.5413885292967681,0.7923258056103422,5.027819340501995,4.328287586168453,0.925792863917088,2.4601320617123985
0.2921883868748142,0.5411179480465392,0.7921462806104185,5.028246795874045,4.328571667418682,0.9255094201677747,2.4600839610877037
0.2922796993750433,0.5412983355466915,0.7925087806111815,5.028368756615704,4.329045136169063,0.9263597514157147,2.4601801623370934
0.2922796993750433,0.5413885292967681,0.792598974361258,5.028185519115093,4.3284769736686055,0.925792863917088,2.4598915585889243
0.2923710118752719,0.5414787230468442,0.7925070556107234,5.028063558373434,4.32838227991853,0.9256039014175457,2.460035860463009
0.29209707437458554,0.5415689167969203,0.7928704181117154,5.028429736986533,4.328571667418682,0.9262652701659433,2.4598915585889243
0.2919144493741278,0.5416591105469969,0.7928695556114869,5.028093900364788,4.329045136169063,0.9264542326654857,2.460228262961788
0.2921883868748142,0.5412081417966154,0.7923275306107997,5.0283077762448745,4.328571667418682,0.9256983826673166,2.459987759838314
0.29209707437458554,0.5413885292967681,0.7924168618606473,5.028430033374655,4.32838227991853,0.9256039014175457,2.4600839610877037
0.29200576187435645,0.5414787230468442,0.7924159993604183,5.027819340501995,4.32838227991853,0.925887345166859,2.4601320617123985
0.2922796993750433,0.5414787230468442,0.7926891681113342,5.028460375366009,4.32838227991853,0.925792863917088,2.460035860463009
0.29209707437458554,0.5414787230468442,0.7926891681113342,5.028368756615704,4.328666361168758,0.9256983826673166,2.4600839610877037
0.29200576187435645,0.5411179480465392,0.7924194493613343,5.028429736986533,4.328192892418377,0.9256039014175457,2.4601320617123985
0.29209707437458554,0.5412983355466915,0.7922356118602656,5.028002578002605,4.329234523669216,0.926737676414799,2.4601320617123985
0.2922796993750433,0.5414787230468442,0.7925070556107234,5.02815517712374,4.3284769736686055,0.9256983826673166,2.4600839610877037
0.2922796993750433,0.5412983355466915,0.7923266681105707,5.028338414624351,4.328003504918224,0.9254149389180033,2.459939659213619
0.29209707437458554,0.5412983355466915,0.7923266681105707,5.028063558373434,4.328855748668911,0.9260763076664014,2.460228262961788
0.2922796993750433,0.5412983355466915,0.7924177243608759,5.028216157494569,4.328666361168758,0.9256983826673166,2.4601320617123985
0.2921883868748142,0.5412983355466915,0.7925087806111815,5.028368756615704,4.328287586168453,0.925792863917088,2.4600839610877037
0.2922796993750433,0.5413885292967681,0.7924168618606473,5.028246795874045,4.328192892418377,0.9255094201677747,2.4600839610877037
0.2923044714350782,0.5414787230468442,0.7925981118610286,5.028491013745485,4.328761054918835,0.9262652701659433,2.460228262961788
0.29212184643462047,0.5412983355466915,0.7924177243608759,5.028216157494569,4.328666361168758,0.925887345166859,2.4601801623370934
0.2923044714350782,0.5412081417966154,0.7922364743604946,5.028063558373434,4.328666361168758,0.925792863917088,2.459939659213619
0.2922131589348491,0.5413885292967681,0.7926900306115632,5.028246499485922,4.328287586168453,0.925792863917088,2.4601320617123985
0.29239578393530685,0.5412983355466915,0.7925998368614866,5.028338118236228,4.328666361168758,0.9256039014175457,2.459939659213619
0.29212184643462047,0.5413885292967681,0.7923258056103422,5.028185815503216,4.32838227991853,0.9256039014175457,2.459939659213619
0.2923044714350782,0.5414787230468442,0.7926891681113342,5.028368756615704,4.328287586168453,0.9256039014175457,2.460035860463009
0.29193922143416273,0.5411179480465392,0.7923283931110292,5.028277137865398,4.328287586168453,0.9255094201677747,2.4601320617123985
0.2923044714350782,0.5412081417966154,0.7924185868611053,5.028368756615704,4.328666361168758,0.9264542326654857,2.4601801623370934
0.2922131589348491,0.5413885292967681,0.7925079181109524,5.0281245387442635,4.328192892418377,0.9253204576682323,2.460035860463009
0.2923044714350782,0.5412983355466915,0.7925087806111815,5.028460375366009,4.32838227991853,0.925887345166859,2.460228262961788
0.2922131589348491,0.5412983355466915,0.7923266681105707,5.028063558373434,4.32838227991853,0.9256039014175457,2.4600839610877037
0.2922131589348491,0.5412983355466915,0.7924177243608759,5.0281245387442635,4.328287586168453,0.925887345166859,2.460228262961788
0.29239578393530685,0.5412983355466915,0.7924177243608759,5.0283077762448745,4.327814117418072,0.9252259764184614,2.459939659213619
0.29212184643462047,0.5413885292967681,0.7926900306115632,5.028338118236228,4.328855748668911,0.9261707889161723,2.460324464211178
0.29239578393530685,0.5412983355466915,0.7924177243608759,5.028216157494569,4.32838227991853,0.9256983826673166,2.4601320617123985
0.29212184643462047,0.5413885292967681,0.7924168618606473,5.028063558373434,4.328287586168453,0.925887345166859,2.4600839610877037
0.2922131589348491,0.5414787230468442,0.7924159993604183,5.02809419675291,4.328571667418682,0.925792863917088,2.4601801623370934
0.2923044714350782,0.5412983355466915,0.7925998368614866,5.028521355736839,4.328666361168758,0.9256983826673166,2.4601320617123985
0.29212184643462047,0.5412983355466915,0.7924177243608759,5.02858263249579,4.328571667418682,0.9260763076664014,2.4600839610877037
0.2920305339343914,0.5412983355466915,0.7924177243608759,5.0283077762448745,4.32838227991853,0.9256039014175457,2.460228262961788
0.29212184643462047,0.5412983355466915,0.7925998368614866,5.028429736986533,4.328287586168453,0.9254149389180033,2.459939659213619
0.29239578393530685,0.5412983355466915,0.7925998368614866,5.028246499485922,4.328287586168453,0.925792863917088,2.4600839610877037
0.2922131589348491,0.5413885292967681,0.7926900306115632,5.028612974487143,4.328571667418682,0.9256983826673166,2.459939659213619
0.29239578393530685,0.5415689167969203,0.7928704181117154,5.028429736986533,4.32838227991853,0.9256983826673166,2.459987759838314
0.29232924349511324,0.5413885292967681,0.792234749360037,5.028399691383302,4.328666361168758,0.925792863917088,2.4601320617123985
0.2924205559953419,0.541749304297073,0.7930508056118681,5.028246499485922,4.328666361168758,0.925792863917088,2.4600839610877037
0.29223793099488415,0.5412983355466915,0.7923266681105707,5.02815517712374,4.328287586168453,0.925792863917088,2.459939659213619
0.2921466184946555,0.5413885292967681,0.7925079181109524,5.0283077762448745,4.32838227991853,0.925792863917088,2.4601320617123985
0.29223793099488415,0.5412983355466915,0.7925087806111815,5.028277137865398,4.328571667418682,0.92598182641663,2.4601320617123985
0.2924205559953419,0.5414787230468442,0.7925981118610286,5.028216157494569,4.32838227991853,0.9256039014175457,2.4601320617123985
0.3693419035659674,0.5934894371189404,0.8780106225414354,5.499614537281969,4.735595038180737,1.0629533414493453,2.799532768516492
0.3694579881262315,0.5932188558687116,0.8779221537918173,5.499828116773934,4.734837488180126,1.0625754164502605,2.799436567267102
0.36927536312577375,0.5933090496187877,0.8778302350412827,5.499522918531664,4.734932181930203,1.0624809352004896,2.7996289697658816
0.3694579881262315,0.5934894371189404,0.8781927350420461,5.499553260523019,4.734932181930203,1.062764378949803,2.799484667891797
0.36948276018626647,0.5935796308690166,0.8783739850424274,5.499889097144763,4.734932181930203,1.0628588601995743,2.799484667891797
0.36930013518580873,0.5934894371189404,0.878101678791741,5.49985875515341,4.734837488180126,1.0624809352004896,2.799436567267102
0.36930013518580873,0.5935796308690166,0.8781918725418171,5.499675517652799,4.734837488180126,1.0624809352004896,2.7995808691411868
0.36948276018626647,0.5934894371189404,0.8782837912923512,5.499797478394457,4.735405650680585,1.0632367851986586,2.7997251710152713
0.3695740726864951,0.5933992433688643,0.87810254129197,5.499828116773934,4.734837488180126,1.0624809352004896,2.799436567267102
0.36948276018626647,0.5931286621186355,0.8775587912908253,5.49973679441175,4.735405650680585,1.0628588601995743,2.7996289697658816
0.36948276018626647,0.5933090496187877,0.8778302350412827,5.499706156032275,4.735500344430662,1.0628588601995743,2.7996289697658816
0.3693914476860374,0.5933090496187877,0.8777391787909775,5.49955355691114,4.734932181930203,1.0625754164502605,2.799532768516492
0.3693914476860374,0.5933090496187877,0.8777391787909775,5.49955355691114,4.735121569430357,1.0629533414493453,2.799436567267102
0.3693914476860374,0.5932188558687116,0.8777400412912065,5.4997977747825795,4.734837488180126,1.0628588601995743,2.7995808691411868
0.36948276018626647,0.5935796308690166,0.8782829287921222,5.499828116773934,4.735405650680585,1.0631423039488876,2.7996770703905764
0.36948276018626647,0.5933992433688643,0.87810254129197,5.499736498023628,4.735121569430357,1.062764378949803,2.799532768516492
0.3693914476860374,0.5933090496187877,0.8777391787909775,5.4996451756614455,4.734932181930203,1.062669897700032,2.799436567267102
0.36930013518580873,0.5933405411249387,0.8779212912915882,5.50004199265402,4.734932181930203,1.062669897700032,2.799436567267102
0.36932490724584377,0.5936111223751676,0.8781918725418171,5.4994922801521895,4.734932181930203,1.0628588601995743,2.799532768516492
0.3694162197460724,0.5935209286250914,0.878101678791741,5.49985875515341,4.7352162631804315,1.0628588601995743,2.7995808691411868
0.3694162197460724,0.5934307348750153,0.87810254129197,5.499736498023628,4.7352162631804315,1.062764378949803,2.7995808691411868
0.36959884474653015,0.5934307348750153,0.87810254129197,5.499644879273323,4.7352162631804315,1.062669897700032,2.799484667891797
0.3695323043063365,0.5935209286250914,0.878101678791741,5.49985875515341,4.734932181930203,1.0629533414493453,2.799532768516492
0.36934967930587875,0.5934307348750153,0.8780114850416648,5.49985875515341,4.735121569430357,1.0628588601995743,2.799532768516492
0.36934967930587875,0.5936111223751676,0.8781918725418171,5.499767136403104,4.735121569430357,1.0628588601995743,2.7996289697658816
0.3694409918061074,0.5933405411249387,0.8779212912915882,5.499767136403104,4.734837488180126,1.0625754164502605,2.799436567267102
0.3695323043063365,0.5934307348750153,0.8776472600404438,5.499523214919787,4.734837488180126,1.0628588601995743,2.7995808691411868
0.3697149293067942,0.5933405411249387,0.8780123475418934,5.499828116773934,4.735500344430662,1.0630478226991162,2.7996770703905764
0.36962361680656514,0.5935209286250914,0.878101678791741,5.499583898902493,4.734932181930203,1.0625754164502605,2.7995808691411868
0.3694409918061074,0.5933405411249387,0.8779212912915882,5.500099547344055,4.73502687568028,1.0628588601995743,2.7995808691411868
0.3697149293067942,0.5934307348750153,0.8780114850416648,5.5000079285937495,4.7352162631804315,1.062669897700032,2.7997251710152713
0.3695323043063365,0.5933405411249387,0.8780123475418934,5.500068908964579,4.7352162631804315,1.0628588601995743,2.7996289697658816
0.36962361680656514,0.5935209286250914,0.8779195662911302,5.499885967852091,4.735121569430357,1.0624809352004896,2.7996289697658816
0.36934967930587875,0.5935209286250914,0.8781927350420461,5.49988567146397,4.735121569430357,1.0628588601995743,2.7995808691411868
0.36962361680656514,0.5934307348750153,0.8780114850416648,5.49982469109314,4.7352162631804315,1.0628588601995743,2.799532768516492
0.3694657638661424,0.5934307348750153,0.8780114850416648,5.5000079285937495,4.735121569430357,1.062669897700032,2.7995808691411868
0.3694657638661424,0.5931601536247865,0.8778319600417411,5.50025214646519,4.734837488180126,1.0624809352004896,2.7996289697658816
0.3697397013668292,0.5935209286250914,0.878101678791741,5.499641453592529,4.735310956930508,1.062764378949803,2.7995808691411868
0.3697397013668292,0.5935209286250914,0.8782837912923512,5.499763414334188,4.735405650680585,1.0631423039488876,2.7996770703905764
0.3694657638661424,0.5934307348750153,0.8779204287913592,5.500130185723531,4.734837488180126,1.062764378949803,2.799484667891797
0.3695818484264065,0.5932503473748626,0.8779221537918173,5.500160527714884,4.7352162631804315,1.0630478226991162,2.7996770703905764
0.36967316092663516,0.5935209286250914,0.878101678791741,5.5000079285937495,4.7352162631804315,1.0632367851986586,2.7995808691411868
0.3695818484264065,0.5935209286250914,0.878101678791741,5.49982469109314,4.735121569430357,1.0628588601995743,2.7995808691411868
0.3695818484264065,0.5935209286250914,0.8779195662911302,5.500069205352702,4.734932181930203,1.0624809352004896,2.7995808691411868
0.3698557859270929,0.5933405411249387,0.8779212912915882,5.500282784844666,4.734932181930203,1.0625754164502605,2.7995808691411868
0.36976447342686425,0.5934307348750153,0.8779204287913592,5.49976371072231,4.735595038180737,1.0633312664484296,2.7997251710152713
0.3694905359261774,0.5935209286250914,0.8780106225414354,5.49976371072231,4.735121569430357,1.062764378949803,2.7996289697658816
0.3695818484264065,0.5935209286250914,0.8779195662911302,5.499702730351481,4.734932181930203,1.0625754164502605,2.7995808691411868
0.3694905359261774,0.5932503473748626,0.8775579287905962,5.500099843732177,4.7352162631804315,1.0628588601995743,2.7996289697658816
0.3695818484264065,0.5935209286250914,0.8780106225414354,5.49994694822292,4.735121569430357,1.062669897700032,2.799484667891797
0.3698557859270929,0.5935209286250914,0.878101678791741,5.499916309843446,4.734932181930203,1.0628588601995743,2.7995808691411868
0.36967316092663516,0.5935209286250914,0.878101678791741,5.5001911660943605,4.735310956930508,1.062764378949803,2.7995808691411868
0.3694905359261774,0.5935209286250914,0.8779195662911302,5.499794349101786,4.73502687568028,1.0625754164502605,2.7997251710152713
0.36976447342686425,0.5935209286250914,0.8778285100408251,5.499733368730957,4.734932181930203,1.0628588601995743,2.7993884666424074
0.3696979329866701,0.5936111223751676,0.8783739850424274,5.500221508085714,4.735405650680585,1.062669897700032,2.7995808691411868
0.3696979329866701,0.5934307348750153,0.87810254129197,5.499794052713664,4.73502687568028,1.062764378949803,2.799484667891797
0.3697892454868992,0.5935209286250914,0.8778285100408251,5.499733368730957,4.735121569430357,1.062669897700032,2.799484667891797
0.36960662048644144,0.5935209286250914,0.8781927350420461,5.500160527714884,4.734932181930203,1.062669897700032,2.799532768516492
0.36951530798621235,0.5933405411249387,0.8778302350412827,5.49994694822292,4.735121569430357,1.0629533414493453,2.7993884666424074
0.3694239954859837,0.5932503473748626,0.8779221537918173,5.500160527714884,4.735121569430357,1.062669897700032,2.799484667891797
0.36960662048644144,0.5934307348750153,0.8779204287913592,5.500038566973226,4.7352162631804315,1.0628588601995743,2.799532768516492
0.3694239954859837,0.5935209286250914,0.878101678791741,5.5000079285937495,4.734932181930203,1.0625754164502605,2.799436567267102
0.36960662048644144,0.5933405411249387,0.8777391787909775,5.500252442853312,4.734932181930203,1.0628588601995743,2.799484667891797
0.36951530798621235,0.5933405411249387,0.8778302350412827,5.500130185723531,4.735121569430357,1.0628588601995743,2.799532768516492
0.36960662048644144,0.5933405411249387,0.8779212912915882,5.5000079285937495,4.73502687568028,1.0629533414493453,2.7995808691411868
0.36960662048644144,0.5935209286250914,0.8781927350420461,5.50025214646519,4.735500344430662,1.0631423039488876,2.7993884666424074
0.3697892454868992,0.5936111223751676,0.8782829287921222,5.500068908964579,4.735121569430357,1.062764378949803,2.7996289697658816
0.36951530798621235,0.5937013161252441,0.8782820662918936,5.5000079285937495,4.735121569430357,1.062764378949803,2.7996289697658816
0.3696979329866701,0.5935209286250914,0.8781927350420461,5.50025214646519,4.735310956930508,1.0629533414493453,2.7996289697658816
0.3696979329866701,0.5936111223751676,0.8781008162915115,5.500130185723531,4.735121569430357,1.062669897700032,2.799532768516492
0.3696979329866701,0.5934307348750153,0.8780114850416648,5.500340339534702,4.734837488180126,1.0624809352004896,2.799436567267102
0.3694239954859837,0.5933405411249387,0.8779212912915882,5.500248720784397,4.734837488180126,1.0622919727009472,2.799484667891797
0.36951530798621235,0.5935209286250914,0.878101678791741,5.500431958285007,4.735595038180737,1.0628588601995743,2.7996289697658816
0.36990533004716286,0.5935209286250914,0.8782837912923512,5.500462300276361,4.735121569430357,1.0628588601995743,2.7995808691411868
0.3697227050467051,0.5934307348750153,0.8780114850416648,5.500431958285007,4.735121569430357,1.0628588601995743,2.7995808691411868
0.3698140175469342,0.5934307348750153,0.8780114850416648,5.500340339534702,4.735405650680585,1.0625754164502605,2.799484667891797
0.3696313925464765,0.5934307348750153,0.8779204287913592,5.500279359163872,4.735121569430357,1.0628588601995743,2.7995808691411868
0.3695400800462474,0.5937013161252441,0.8782820662918936,5.500523577035312,4.734932181930203,1.062764378949803,2.7995808691411868
0.3697227050467051,0.5937328076313951,0.8783731225421988,5.500676176156446,4.7352162631804315,1.0628588601995743,2.799532768516492
0.3697227050467051,0.5934622263811663,0.87810254129197,5.500309701155226,4.735121569430357,1.0630478226991162,2.7996289697658816
0.3696561646065115,0.5933720326310897,0.8775570662903672,5.500096418051384,4.734742794430051,1.0624809352004896,2.799436567267102
0.3699301021071979,0.5934622263811663,0.8781935975422751,5.500737156527276,4.735310956930508,1.0631423039488876,2.7996289697658816
0.3696561646065115,0.5934622263811663,0.8781935975422751,5.500370681526055,4.735121569430357,1.062764378949803,2.7995808691411868
0.3696561646065115,0.5933720326310897,0.8781034037921985,5.500737156527276,4.73502687568028,1.062669897700032,2.7993884666424074
0.36974747710674016,0.5934622263811663,0.87810254129197,5.5004013199055315,4.734837488180126,1.0623864539507186,2.7995808691411868
0.3696561646065115,0.5936426138813186,0.8781918725418171,5.500157102034091,4.7352162631804315,1.0630478226991162,2.7996770703905764
0.36974747710674016,0.5935524201312424,0.8780106225414354,5.500004502912956,4.735121569430357,1.0624809352004896,2.799532768516492
0.3699301021071979,0.5936426138813186,0.8780097600412063,5.5002183787930425,4.735121569430357,1.0628588601995743,2.7996289697658816
0.36983878960696925,0.5934622263811663,0.8781935975422751,5.500462300276361,4.735121569430357,1.062764378949803,2.7996289697658816
0.36983878960696925,0.5936426138813186,0.8781918725418171,5.500523577035312,4.734837488180126,1.0622919727009472,2.799532768516492
0.36974747710674016,0.5935524201312424,0.8782837912923512,5.500645537776971,4.734837488180126,1.0628588601995743,2.7995808691411868
0.36983878960696925,0.5936426138813186,0.8781008162915115,5.500279359163872,4.73502687568028,1.0630478226991162,2.7995808691411868
0.3696561646065115,0.5933720326310897,0.8780123475418934,5.500309701155226,4.735121569430357,1.0622919727009472,2.7995808691411868
0.36983878960696925,0.5934622263811663,0.8778293725410541,5.500126760042738,4.734458713179821,1.0624809352004896,2.799484667891797
0.3699301021071979,0.5934622263811663,0.8778293725410541,5.5002183787930425,4.735121569430357,1.0625754164502605,2.7996289697658816
0.36974747710674016,0.5938230013814713,0.8784633162922749,5.5004013199055315,4.735121569430357,1.062669897700032,2.799532768516492
0.36983878960696925,0.5935524201312424,0.8781927350420461,5.50003484490431,4.7352162631804315,1.0628588601995743,2.7995808691411868
0.36983878960696925,0.5936426138813186,0.8780097600412063,5.500035141292432,4.735405650680585,1.0625754164502605,2.799532768516492
0.36983878960696925,0.5934622263811663,0.8782846537925802,5.500614899397495,4.734837488180126,1.0625754164502605,2.799532768516492
0.36983878960696925,0.5936426138813186,0.8782829287921222,5.500492938655836,4.735121569430357,1.0628588601995743,2.799532768516492
0.3699301021071979,0.5934622263811663,0.8779204287913592,5.500187740413567,4.7352162631804315,1.0630478226991162,2.7995808691411868
0.3699301021071979,0.5935524201312424,0.8781927350420461,5.5004013199055315,4.7352162631804315,1.0629533414493453,2.799436567267102
0.3695648521062824,0.5936426138813186,0.8780097600412063,5.500584853794264,4.734742794430051,1.0623864539507186,2.7997251710152713
0.3698635616670042,0.5934622263811663,0.8779204287913592,5.500187740413567,4.7352162631804315,1.0624809352004896,2.799532768516492
0.36995487416723283,0.5934622263811663,0.8778293725410541,5.500401616293653,4.735405650680585,1.0629533414493453,2.7995808691411868
0.36968093666654644,0.5935524201312424,0.8779195662911302,5.5002183787930425,4.735310956930508,1.062669897700032,2.7996770703905764
0.36995487416723283,0.5937328076313951,0.8783731225421988,5.500676176156446,4.734837488180126,1.0622919727009472,2.799532768516492
0.3697722491667751,0.5934622263811663,0.8780114850416648,5.500248720784397,4.7346481006799745,1.0623864539507186,2.799532768516492
0.3697722491667751,0.5935524201312424,0.8779195662911302,5.500035141292432,4.735310956930508,1.0629533414493453,2.7995808691411868
0.36995487416723283,0.5934622263811663,0.87810254129197,5.500676176156446,4.735121569430357,1.0625754164502605,2.7995808691411868
0.3698635616670042,0.5936426138813186,0.8781918725418171,5.500431958285007,4.734742794430051,1.0622919727009472,2.7993403660177125
0.3700461866674619,0.5935524201312424,0.878101678791741,5.500340339534702,4.735121569430357,1.062669897700032,2.7996289697658816
0.3697722491667751,0.5934622263811663,0.8778293725410541,5.5002183787930425,4.73502687568028,1.0628588601995743,2.799532768516492
0.3698883337270392,0.5937328076313951,0.8781910100415881,5.500187740413567,4.735405650680585,1.0625754164502605,2.799436567267102
0.36997964622726787,0.5936426138813186,0.8781918725418171,5.500431958285007,4.73502687568028,1.0625754164502605,2.7993403660177125
0.3697057087265815,0.5934622263811663,0.8781935975422751,5.500886329967617,4.734837488180126,1.062669897700032,2.799484667891797
0.36997964622726787,0.5933720326310897,0.8779212912915882,5.500672750475653,4.734932181930203,1.0624809352004896,2.7996289697658816
0.3698883337270392,0.5936426138813186,0.8781918725418171,5.5007643692259585,4.735121569430357,1.0625754164502605,2.7995808691411868
0.3697057087265815,0.5935524201312424,0.8779195662911302,5.5006424084843,4.73502687568028,1.062669897700032,2.799532768516492
0.36979702122681013,0.5936426138813186,0.8781008162915115,5.500703388855129,4.735121569430357,1.062669897700032,2.7997251710152713
0.36979702122681013,0.5934622263811663,0.8780114850416648,5.500672750475653,4.7346481006799745,1.0624809352004896,2.799532768516492
0.3702535837279547,0.5935524201312424,0.8781927350420461,5.500550493345872,4.734837488180126,1.0621974914511763,2.7996289697658816
0.36979702122681013,0.5935524201312424,0.8781927350420461,5.500458874595568,4.734932181930203,1.0625754164502605,2.799532768516492
0.3697057087265815,0.5935524201312424,0.8780106225414354,5.500703388855129,4.734932181930203,1.0625754164502605,2.799436567267102
0.3697057087265815,0.5939131951315478,0.8783713975417408,5.500428532604213,4.7352162631804315,1.0625754164502605,2.799532768516492
0.3698883337270392,0.5934622263811663,0.8781935975422751,5.500703092467006,4.734932181930203,1.0625754164502605,2.7993403660177125
0.36979702122681013,0.5936426138813186,0.8781918725418171,5.500855987976264,4.7352162631804315,1.0629533414493453,2.7995808691411868
0.36979702122681013,0.5936426138813186,0.8783739850424274,5.500977948717923,4.73502687568028,1.062764378949803,2.799532768516492
0.36997964622726787,0.5936426138813186,0.8781918725418171,5.5007643692259585,4.734932181930203,1.0624809352004896,2.7996289697658816
0.37007095872749696,0.5936426138813186,0.8781918725418171,5.500672750475653,4.734932181930203,1.0624809352004896,2.799436567267102
0.36997964622726787,0.5934622263811663,0.87810254129197,5.500825349596788,4.735121569430357,1.0628588601995743,2.799532768516492
0.36979702122681013,0.5934622263811663,0.8779204287913592,5.500428532604213,4.734837488180126,1.062669897700032,2.7995808691411868
0.3697057087265815,0.5935524201312424,0.878101678791741,5.500855987976264,4.734837488180126,1.062669897700032,2.799436567267102
0.3696143962263524,0.5934622263811663,0.8777383162907489,5.500673046863775,4.735121569430357,1.0628588601995743,2.7996289697658816
0.36997964622726787,0.5934622263811663,0.87810254129197,5.500550493345872,4.735500344430662,1.062669897700032,2.799532768516492
0.36979702122681013,0.5935524201312424,0.878101678791741,5.500672750475653,4.735121569430357,1.0628588601995743,2.799532768516492
0.3698883337270392,0.5933720326310897,0.8778302350412827,5.500703388855129,4.735121569430357,1.0625754164502605,2.7996289697658816
0.3697057087265815,0.5935524201312424,0.8780106225414354,5.500795007605434,4.735879119430967,1.0632367851986586,2.7996770703905764
0.36997964622726787,0.5933720326310897,0.8779212912915882,5.500489512975043,4.7352162631804315,1.062669897700032,2.7996770703905764
0.36997964622726787,0.5936426138813186,0.8783739850424274,5.500977948717923,4.735121569430357,1.0625754164502605,2.7995808691411868
0.36979702122681013,0.5936426138813186,0.8781918725418171,5.500397894224738,4.73502687568028,1.0625754164502605,2.799532768516492
0.37007095872749696,0.5933720326310897,0.8778302350412827,5.500520151354518,4.734932181930203,1.0628588601995743,2.7996289697658816
0.36997964622726787,0.5937328076313951,0.8781910100415881,5.500703388855129,4.735121569430357,1.0628588601995743,2.7995808691411868
0.3699131057870742,0.5935524201312424,0.8781927350420461,5.500550493345872,4.7352162631804315,1.0630478226991162,2.799484667891797
0.3699131057870742,0.5935524201312424,0.8779195662911302,5.5006424084843,4.7352162631804315,1.0628588601995743,2.7996770703905764
0.3699131057870742,0.5936426138813186,0.8781008162915115,5.500611770104824,4.73502687568028,1.0622919727009472,2.799436567267102
0.3699131057870742,0.5933720326310897,0.8780123475418934,5.500825349596788,4.7356897319308136,1.0628588601995743,2.799821372264661
0.3698217932868451,0.5934622263811663,0.8778293725410541,5.500459170983689,4.73502687568028,1.0628588601995743,2.799484667891797
0.37009573078753194,0.5934622263811663,0.87810254129197,5.500733730846482,4.734458713179821,1.061914047701863,2.7993403660177125
0.3698217932868451,0.5935524201312424,0.8780106225414354,5.500611770104824,4.734837488180126,1.0622919727009472,2.799484667891797
0.37000441828730285,0.5933720326310897,0.8779212912915882,5.5007643692259585,4.7352162631804315,1.0628588601995743,2.7997251710152713
0.3699131057870742,0.5935839116373934,0.8782837912923512,5.501161186218532,4.734932181930203,1.0623864539507186,2.799532768516492
0.36973048078661647,0.5935839116373934,0.8780106225414354,5.500795007605434,4.734932181930203,1.0625754164502605,2.799532768516492
0.3699131057870742,0.5938544928876223,0.8782812037916642,5.500703388855129,4.735121569430357,1.062669897700032,2.799436567267102
0.3699131057870742,0.5935839116373934,0.8779195662911302,5.500550789733994,4.734932181930203,1.0624809352004896,2.799532768516492
0.37009573078753194,0.5935839116373934,0.8781927350420461,5.500825349596788,4.7352162631804315,1.0628588601995743,2.7995808691411868
0.3699131057870742,0.5936741053874696,0.8781008162915115,5.500611770104824,4.734932181930203,1.062764378949803,2.799484667891797
0.3699131057870742,0.5935839116373934,0.878101678791741,5.500855987976264,4.735405650680585,1.0630478226991162,2.7995808691411868
0.37000441828730285,0.5937055968936206,0.8783739850424274,5.500794711217312,4.735310956930508,1.0624809352004896,2.799532768516492
0.3699131057870742,0.5935252093934683,0.8779204287913592,5.500795007605434,4.735310956930508,1.0628588601995743,2.7995808691411868
0.3699131057870742,0.5935252093934683,0.8781935975422751,5.500886329967617,4.7352162631804315,1.0625754164502605,2.7995808691411868
0.36973048078661647,0.5935252093934683,0.8779204287913592,5.500703388855129,4.735405650680585,1.0630478226991162,2.799821372264661
0.3699131057870742,0.5936154031435444,0.8781927350420461,5.501008587097399,4.734932181930203,1.062669897700032,2.799532768516492
0.37000441828730285,0.5937055968936206,0.8781008162915115,5.500886626355739,4.734932181930203,1.0625754164502605,2.799532768516492
0.37009573078753194,0.5934350156433917,0.8780123475418934,5.500825349596788,4.7352162631804315,1.0628588601995743,2.7995808691411868
0.37000441828730285,0.5935252093934683,0.8778293725410541,5.500550789733994,4.73502687568028,1.0628588601995743,2.799436567267102
0.36973048078661647,0.5937055968936206,0.8780097600412063,5.500734027234604,4.7352162631804315,1.062669897700032,2.7996770703905764
0.3699378778471092,0.5936154031435444,0.8777374537905199,5.500703685243251,4.734837488180126,1.0622919727009472,2.7995808691411868
0.3699378778471092,0.5936154031435444,0.8782837912923512,5.500703092467006,4.7352162631804315,1.0624809352004896,2.799532768516492
0.37002919034733783,0.5935252093934683,0.8780114850416648,5.5005811317253475,4.735121569430357,1.0628588601995743,2.7995808691411868
0.3701205028475669,0.5937957906436971,0.8783731225421988,5.501008587097399,4.7352162631804315,1.062669897700032,2.799532768516492
0.37002919034733783,0.5936154031435444,0.8780106225414354,5.500703388855129,4.734837488180126,1.0625754164502605,2.799484667891797
0.3701205028475669,0.5939761781438498,0.8786445662926566,5.501035503407958,4.735121569430357,1.062669897700032,2.799532768516492
0.3701205028475669,0.5935252093934683,0.8781935975422751,5.5011271221582625,4.734837488180126,1.0628588601995743,2.7996289697658816
0.3699378778471092,0.5937957906436971,0.8783731225421988,5.501066141787433,4.735595038180737,1.0631423039488876,2.7997251710152713
0.37002919034733783,0.5936154031435444,0.878101678791741,5.500821923915995,4.7352162631804315,1.062669897700032,2.7995808691411868
0.3698465653468801,0.5937957906436971,0.8780999537912829,5.501066438175555,4.735121569430357,1.0628588601995743,2.799484667891797
0.3699626499071442,0.5937957906436971,0.8783731225421988,5.500882904286824,4.7352162631804315,1.062669897700032,2.799532768516492
0.3699626499071442,0.5937957906436971,0.8783731225421988,5.501249379288044,4.7352162631804315,1.0630478226991162,2.7996289697658816
0.37014527490760196,0.5936154031435444,0.8780106225414354,5.500852562295469,4.735121569430357,1.062669897700032,2.7995808691411868
0.3699626499071442,0.5935252093934683,0.87810254129197,5.501066141787433,4.735121569430357,1.0624809352004896,2.799532768516492
0.3699626499071442,0.5935252093934683,0.87810254129197,5.501066141787433,4.734932181930203,1.062669897700032,2.799532768516492
0.36987133740691513,0.5936154031435444,0.8780106225414354,5.50103579979608,4.735310956930508,1.0625754164502605,2.799484667891797
0.3703278999080597,0.5938859843937733,0.8783722600419698,5.500913542666299,4.7352162631804315,1.062669897700032,2.7995808691411868
0.37005396240737287,0.5934350156433917,0.8781034037921985,5.500943884657653,4.7352162631804315,1.062669897700032,2.799532768516492
0.37005396240737287,0.5935252093934683,0.8779204287913592,5.500944181045774,4.735121569430357,1.062669897700032,2.7996289697658816
0.3699626499071442,0.5936154031435444,0.8779195662911302,5.500974819425251,4.734932181930203,1.0625754164502605,2.7996289697658816
0.37014527490760196,0.5935252093934683,0.8779204287913592,5.500760943545164,4.735121569430357,1.0628588601995743,2.7995808691411868
0.37005396240737287,0.5935252093934683,0.8779204287913592,5.500944181045774,4.735121569430357,1.0629533414493453,2.7996289697658816
0.3702365874078306,0.5937055968936206,0.8781008162915115,5.50103579979608,4.735121569430357,1.062669897700032,2.7995808691411868
0.36987133740691513,0.5935252093934683,0.8780114850416648,5.501005161416604,4.735121569430357,1.0629533414493453,2.7993884666424074
0.37005396240737287,0.5937055968936206,0.8780097600412063,5.500699963174335,4.7352162631804315,1.0625754164502605,2.7996289697658816
0.3703278999080597,0.5938859843937733,0.8782812037916642,5.50121903729669,4.735121569430357,1.0625754164502605,2.7996289697658816
0.37005396240737287,0.5937055968936206,0.8781918725418171,5.501096780166909,4.735121569430357,1.0625754164502605,2.7995808691411868
0.36987133740691513,0.5937055968936206,0.8781918725418171,5.500913542666299,4.735121569430357,1.0624809352004896,2.7995808691411868
0.36987133740691513,0.5937055968936206,0.8781918725418171,5.500913542666299,4.73578442568089,1.0628588601995743,2.7995808691411868
0.37005396240737287,0.5936154031435444,0.878101678791741,5.501188398917215,4.7352162631804315,1.062764378949803,2.7996289697658816
0.37014527490760196,0.5937055968936206,0.8781918725418171,5.501188398917215,4.734932181930203,1.0628588601995743,2.7995808691411868
0.37005396240737287,0.5936154031435444,0.878101678791741,5.501096780166909,4.735121569430357,1.0625754164502605,2.7995808691411868
0.3699626499071442,0.5934350156433917,0.8780123475418934,5.501157760537739,4.7352162631804315,1.062669897700032,2.7995808691411868
0.37014527490760196,0.5937957906436971,0.8782820662918936,5.501096780166909,4.734932181930203,1.0628588601995743,2.799532768516492
0.3699626499071442,0.5936154031435444,0.8780106225414354,5.500944181045774,4.735121569430357,1.0628588601995743,2.7995808691411868
0.3699626499071442,0.5935252093934683,0.8780114850416648,5.501096780166909,4.734837488180126,1.0621030102014053,2.7993884666424074
0.37014527490760196,0.5936154031435444,0.8781927350420461,5.5009745230371285,4.734932181930203,1.0624809352004896,2.7996770703905764
0.3699626499071442,0.5936154031435444,0.8780106225414354,5.50103579979608,4.735121569430357,1.0625754164502605,2.7995808691411868
0.37014527490760196,0.5937055968936206,0.8784650412927325,5.501279721279397,4.7352162631804315,1.0625754164502605,2.7995808691411868
0.3699626499071442,0.5937055968936206,0.8782829287921222,5.5009745230371285,4.735121569430357,1.0625754164502605,2.7995808691411868
0.3699626499071442,0.5933448218933156,0.8775579287905962,5.500638982803506,4.734837488180126,1.0625754164502605,2.799532768516492
0.37014527490760196,0.5936154031435444,0.8778285100408251,5.501005457804726,4.735500344430662,1.062764378949803,2.7995808691411868
0.3703278999080597,0.5937055968936206,0.8782829287921222,5.501066141787433,4.735121569430357,1.0625754164502605,2.799484667891797
0.3703278999080597,0.5936154031435444,0.8781927350420461,5.501066141787433,4.734932181930203,1.0623864539507186,2.799436567267102
0.37014527490760196,0.5937055968936206,0.8781918725418171,5.500913542666299,4.735121569430357,1.0625754164502605,2.799484667891797
0.37005396240737287,0.5937055968936206,0.8781008162915115,5.500760943545164,4.7352162631804315,1.0629533414493453,2.7996289697658816
0.37005396240737287,0.5938859843937733,0.8784633162922749,5.500791285536518,4.7352162631804315,1.0628588601995743,2.799436567267102
0.3702365874078306,0.5937957906436971,0.8781910100415881,5.500944181045774,4.734837488180126,1.0623864539507186,2.799532768516492
0.37005396240737287,0.5936154031435444,0.8782837912923512,5.500943884657653,4.734932181930203,1.062669897700032,2.7996289697658816
0.37005396240737287,0.5936154031435444,0.8781927350420461,5.501157760537739,4.735121569430357,1.0625754164502605,2.799532768516492
0.37005396240737287,0.5936154031435444,0.8779195662911302,5.500699963174335,4.7352162631804315,1.0628588601995743,2.7995808691411868
0.37005396240737287,0.5939761781438498,0.8786445662926566,5.5011271221582625,4.735121569430357,1.0625754164502605,2.7996289697658816
0.37005396240737287,0.5935252093934683,0.8780114850416648,5.501005161416604,4.735310956930508,1.0628588601995743,2.799532768516492
0.3697800249066865,0.5935252093934683,0.8779204287913592,5.500944181045774,4.735121569430357,1.0623864539507186,2.7993884666424074
0.37014527490760196,0.5936154031435444,0.8780106225414354,5.500852562295469,4.735121569430357,1.0628588601995743,2.799436567267102
0.37014527490760196,0.5937055968936206,0.8781008162915115,5.500944181045774,4.734837488180126,1.0624809352004896,2.7993884666424074
0.37005396240737287,0.5937957906436971,0.8783731225421988,5.501249379288044,4.734742794430051,1.0624809352004896,2.799484667891797
0.37014527490760196,0.5934350156433917,0.8779212912915882,5.501188398917215,4.734932181930203,1.0624809352004896,2.7995808691411868
0.37005396240737287,0.5937055968936206,0.8783739850424274,5.501035503407958,4.735500344430662,1.0630478226991162,2.7996770703905764
0.37005396240737287,0.5934350156433917,0.8777391787909775,5.501158056925861,4.7352162631804315,1.0628588601995743,2.799532768516492
0.37005396240737287,0.5936154031435444,0.8780106225414354,5.5011274185463845,4.73502687568028,1.0625754164502605,2.7996289697658816
0.37014527490760196,0.5936154031435444,0.8781927350420461,5.501066141787433,4.73502687568028,1.0624809352004896,2.799484667891797
0.37014527490760196,0.5937957906436971,0.8782820662918936,5.501096780166909,4.735121569430357,1.0628588601995743,2.799532768516492
0.37005396240737287,0.5937055968936206,0.8781008162915115,5.50103579979608,4.7352162631804315,1.062764378949803,2.7997251710152713
0.37014527490760196,0.5937957906436971,0.8783731225421988,5.501249379288044,4.735310956930508,1.0628588601995743,2.7996289697658816
0.37014527490760196,0.5934350156433917,0.8779212912915882,5.501096780166909,4.735121569430357,1.062764378949803,2.799484667891797
0.3699626499071442,0.5936154031435444,0.8783748475426564,5.501554577530313,4.735405650680585,1.0629533414493453,2.7996770703905764
0.37014527490760196,0.5934350156433917,0.8777391787909775,5.500974819425251,4.7352162631804315,1.062764378949803,2.7995808691411868
0.3697800249066865,0.5936154031435444,0.8779195662911302,5.500883200674945,4.7352162631804315,1.0628588601995743,2.7995808691411868
0.37005396240737287,0.5937957906436971,0.8785552350428091,5.501188102529092,4.735121569430357,1.062669897700032,2.7996289697658816
0.3699626499071442,0.5936154031435444,0.8780106225414354,5.50121903729669,4.7352162631804315,1.0625754164502605,2.799436567267102
0.3702365874078306,0.5937957906436971,0.8784641787925039,5.501035503407958,4.734932181930203,1.062764378949803,2.7995808691411868
0.37014527490760196,0.5935252093934683,0.8779204287913592,5.500944181045774,4.73502687568028,1.062669897700032,2.7995808691411868
0.37014527490760196,0.5937055968936206,0.8782829287921222,5.501123696477469,4.734932181930203,1.062669897700032,2.799532768516492
0.37005396240737287,0.5936154031435444,0.878101678791741,5.501154334856945,4.735121569430357,1.062669897700032,2.7996289697658816
0.3703278999080597,0.5937055968936206,0.8783739850424274,5.501184676848299,4.73502687568028,1.062669897700032,2.799532768516492
0.37014527490760196,0.5936154031435444,0.8781927350420461,5.501398552728385,4.7352162631804315,1.0628588601995743,2.7995808691411868
0.3699874219671792,0.5938859843937733,0.8785543725425801,5.50136791434891,4.734742794430051,1.0624809352004896,2.799484667891797
0.37017004696763695,0.5936154031435444,0.878101678791741,5.501612428608471,4.735121569430357,1.0628588601995743,2.7996289697658816
0.37017004696763695,0.5936154031435444,0.878101678791741,5.501245953607251,4.73502687568028,1.062669897700032,2.799532768516492
0.3699874219671792,0.5936154031435444,0.8782837912923512,5.50136791434891,4.735121569430357,1.062669897700032,2.7995808691411868
0.37007873446740785,0.5936154031435444,0.8780106225414354,5.501368210737031,4.734932181930203,1.0628588601995743,2.799484667891797
0.37007873446740785,0.5937055968936206,0.8782829287921222,5.50130693397808,4.734837488180126,1.0622919727009472,2.799484667891797
0.44835910412095203,0.6451164462213339,0.964814215251782,5.956101185902208,5.150029653628968,1.1971849002386978,2.8491655121035317
0.4484504166211811,0.6451164462213339,0.9646321027511717,5.9560708439108545,5.149745572378739,1.1972793814884692,2.8491655121035317
0.4485665011814448,0.64520663997141,0.9649044090018581,5.956284423402819,5.1496508786286626,1.1972793814884692,2.8491655121035317
0.44847518868121616,0.6451164462213339,0.9649052715020872,5.956070547522733,5.149745572378739,1.1971849002386978,2.8492136127282266
0.4483838761809871,0.6451164462213339,0.9646321027511717,5.95616246266116,5.150029653628968,1.1974683439880112,2.8489731096047524
0.4483838761809871,0.6452968337214866,0.9649946027519347,5.955826329651293,5.150029653628968,1.1974683439880112,2.849069310854142
0.4486578136816739,0.6451164462213339,0.9647231590014769,5.956131824281684,5.149745572378739,1.1969959377391555,2.849021210229447
0.44847518868121616,0.6452968337214866,0.9649946027519347,5.956009567151904,5.149934959878893,1.1974683439880112,2.849021210229447
0.4482925636807584,0.64520663997141,0.9649954652521633,5.956253785023343,5.149745572378739,1.1970904189889269,2.8489731096047524
0.44847518868121616,0.6453870274715627,0.9649937402517057,5.956464235222636,5.149840266128816,1.1972793814884692,2.849069310854142
0.4485665011814448,0.6452968337214866,0.9649946027519347,5.956341978092855,5.150219041129121,1.1975628252377826,2.8491655121035317
0.44820125118052934,0.64520663997141,0.9649044090018581,5.95643359684316,5.149934959878893,1.1975628252377826,2.849021210229447
0.4484999607412511,0.6449360587211812,0.9643606590007139,5.956067418230061,5.150029653628968,1.1974683439880112,2.849021210229447
0.44868258574170883,0.64520663997141,0.964813352751553,5.9562809977220255,5.149840266128816,1.1971849002386978,2.8489731096047524
0.448408648241022,0.6451164462213339,0.9649052715020872,5.956402958463684,5.1496508786286626,1.1970904189889269,2.848828807730668
0.4484999607412511,0.6452968337214866,0.9651767152525454,5.956280701333904,5.150029653628968,1.1971849002386978,2.8489731096047524
0.4484999607412511,0.6451164462213339,0.964814215251782,5.956525215593465,5.150219041129121,1.1972793814884692,2.8492617133529214
0.4486160453015148,0.6450262524712578,0.9647240215017059,5.956525215593465,5.149934959878893,1.1972793814884692,2.849021210229447
0.44870735780174387,0.6452968337214866,0.9651767152525454,5.9564639388345135,5.149934959878893,1.1972793814884692,2.848780707105973
0.4483421078008284,0.64520663997141,0.9649044090018581,5.956250359342549,5.150029653628968,1.1975628252377826,2.8488769083553627
0.4486160453015148,0.6451164462213339,0.9649052715020872,5.956586195964294,5.149745572378739,1.1973738627382402,2.8488769083553627
0.4483421078008284,0.6451164462213339,0.964814215251782,5.95643359684316,5.150029653628968,1.1971849002386978,2.848828807730668
0.4487986703019725,0.64520663997141,0.9647222965012479,5.956036779850586,5.1496508786286626,1.1969014564893845,2.848828807730668
0.4483421078008284,0.6451164462213339,0.964814215251782,5.956341978092855,5.149840266128816,1.1971849002386978,2.849021210229447
0.4486408173615498,0.6453870274715627,0.9649026840014006,5.956128398600891,5.149745572378739,1.1974683439880112,2.8488769083553627
0.4487321298617789,0.6452968337214866,0.9649946027519347,5.956250359342549,5.150029653628968,1.1972793814884692,2.8489731096047524
0.4487321298617789,0.6450262524712578,0.9646329652514007,5.956464235222636,5.150124347379045,1.1974683439880112,2.8488769083553627
0.44854950486132117,0.6452653422153356,0.9649035465016296,5.956097760221415,5.149934959878893,1.1973738627382402,2.8488769083553627
0.44875690192181383,0.645175148465259,0.9649044090018581,5.956341978092855,5.1496508786286626,1.1969959377391555,2.848732606481278
0.44866558942158474,0.6452653422153356,0.9649035465016296,5.956372616472331,5.149745572378739,1.1972793814884692,2.849117411478837
0.44866558942158474,0.6449045672150302,0.96481594025224,5.95673879508543,5.150029653628968,1.1972793814884692,2.848828807730668
0.44875690192181383,0.645175148465259,0.9650865215024689,5.95670473102516,5.150219041129121,1.1974683439880112,2.848780707105973
0.4485742769213561,0.6450849547151829,0.9647231590014769,5.956521789912671,5.150124347379045,1.1974683439880112,2.8488769083553627
0.44866558942158474,0.6453555359654117,0.965175852752316,5.956735369404635,5.149934959878893,1.1972793814884692,2.848780707105973
0.4485742769213561,0.645175148465259,0.964813352751553,5.956521789912671,5.149840266128816,1.1971849002386978,2.8485883046071936
0.44875690192181383,0.6452653422153356,0.9648124902513244,5.956644047042452,5.149934959878893,1.1974683439880112,2.8488769083553627
0.448482964421127,0.6450849547151829,0.9649963277523927,5.956796349775464,5.150124347379045,1.1974683439880112,2.848780707105973
0.448482964421127,0.6449947609651068,0.9647240215017059,5.9565827702835,5.149934959878893,1.1970904189889269,2.8486845058565833
0.4485742769213561,0.6452653422153356,0.9647214340010193,5.956491447921318,5.1496508786286626,1.1970904189889269,2.8486364052318884
0.4489642989823066,0.64520663997141,0.9650865215024689,5.956796349775464,5.150219041129121,1.1974683439880112,2.848828807730668
0.4486903614816198,0.6451164462213339,0.964814215251782,5.956674389033806,5.149840266128816,1.1970904189889269,2.848780707105973
0.44878167398184887,0.6452968337214866,0.9649946027519347,5.956857626534417,5.149934959878893,1.1970904189889269,2.848732606481278
0.44859904898139114,0.64520663997141,0.9650865215024689,5.957071206026381,5.149934959878893,1.1974683439880112,2.848828807730668
0.4488729864820775,0.6452968337214866,0.9648124902513244,5.956644047042452,5.149840266128816,1.1972793814884692,2.848780707105973
0.4489642989823066,0.6451164462213339,0.964814215251782,5.9565827702835,5.149745572378739,1.1974683439880112,2.848732606481278
0.4488977585421125,0.6452968337214866,0.9653851260342008,5.95719316676804,5.149840266128816,1.1970904189889269,2.848828807730668
0.4486238210414261,0.6451164462213339,0.9649315697831322,5.957010225655551,5.149745572378739,1.1972793814884692,2.848732606481278
0.4488977585421125,0.6452968337214866,0.9651119572832849,5.957010225655551,5.150219041129121,1.1977517877373245,2.848780707105973
0.44871513354165476,0.6452968337214866,0.9650209010329798,5.956766007784111,5.149934959878893,1.1974683439880112,2.848780707105973
0.44871513354165476,0.6452968337214866,0.9650209010329798,5.956857626534417,5.150029653628968,1.1972793814884692,2.848780707105973
0.4486238210414261,0.64520663997141,0.9649307072829032,5.956766007784111,5.150029653628968,1.1974683439880112,2.848732606481278
0.4489890710423416,0.6452968337214866,0.9649298447826746,5.956705027413282,5.149934959878893,1.1976573064875535,2.848828807730668
0.44880644604188386,0.6451164462213339,0.9649315697831322,5.956918606905246,5.149840266128816,1.1974683439880112,2.848780707105973
0.44880644604188386,0.6453870274715627,0.9651110947830559,5.956766007784111,5.1496508786286626,1.1974683439880112,2.848828807730668
0.4486238210414261,0.64520663997141,0.9648396510325981,5.956705027413282,5.149934959878893,1.1974683439880112,2.848780707105973
0.4489890710423416,0.64520663997141,0.9647485947822929,5.956793220482794,5.149840266128816,1.1974683439880112,2.8488769083553627
0.44880644604188386,0.64520663997141,0.9649307072829032,5.956731943723842,5.149934959878893,1.1974683439880112,2.8486364052318884
0.44908038354257024,0.64520663997141,0.9650217635332083,5.957159399095891,5.149840266128816,1.1969959377391555,2.8486364052318884
0.4489225306021475,0.6453870274715627,0.9649289822824456,5.956976457983403,5.149745572378739,1.1969959377391555,2.8486364052318884
0.4491051556026052,0.6453870274715627,0.9649289822824456,5.957068076733709,5.149840266128816,1.1969959377391555,2.8485883046071936
0.4490138431023766,0.64520663997141,0.9649307072829032,5.957098418725062,5.149840266128816,1.1974683439880112,2.8486845058565833
0.44873990560168975,0.6451164462213339,0.9647494572825219,5.957129057104538,5.150124347379045,1.1974683439880112,2.848732606481278
0.44873990560168975,0.6451164462213339,0.9648405135328271,5.9571900374753675,5.149840266128816,1.1973738627382402,2.848780707105973
0.4490138431023766,0.6450262524712578,0.9646592635324458,5.957037438354233,5.149934959878893,1.1974683439880112,2.848780707105973
0.44867336516149614,0.6451164462213339,0.9647494572825219,5.957037438354233,5.149840266128816,1.1974683439880112,2.848732606481278
0.4490386151624116,0.64520663997141,0.9647485947822929,5.956976457983403,5.149840266128816,1.1969959377391555,2.8486845058565833
0.4490386151624116,0.6451164462213339,0.9646584010322168,5.956884839233099,5.1496508786286626,1.1970904189889269,2.8485883046071936
0.4489473026621825,0.6452968337214866,0.9653851260342008,5.95734234020838,5.149840266128816,1.1971849002386978,2.848732606481278
0.44912992766264026,0.6454772212216389,0.9651102322828269,5.956854200853623,5.150313734879198,1.1975628252377826,2.848828807730668
0.4490386151624116,0.64520663997141,0.9650217635332083,5.957159399095891,5.150313734879198,1.197846268987096,2.8486845058565833
0.44922124016286935,0.6451164462213339,0.9648405135328271,5.956915181224453,5.149934959878893,1.1972793814884692,2.8486364052318884
0.4488559901619539,0.6451164462213339,0.9648405135328271,5.956915181224453,5.149934959878893,1.1975628252377826,2.8486364052318884
0.44912992766264026,0.64520663997141,0.9649307072829032,5.956915181224453,5.149934959878893,1.1974683439880112,2.8486845058565833
0.4489473026621825,0.6452968337214866,0.9649298447826746,5.956854200853623,5.149745572378739,1.1971849002386978,2.8486364052318884
0.4490386151624116,0.6453870274715627,0.9652932072836666,5.9570371419661114,5.149934959878893,1.1975628252377826,2.848780707105973
0.44912992766264026,0.6451164462213339,0.9645673447819116,5.956823858862269,5.150219041129121,1.197846268987096,2.8486845058565833
0.44888076222198886,0.6453870274715627,0.9649289822824456,5.956884839233099,5.150124347379045,1.1974683439880112,2.848732606481278
0.44915469972267524,0.6453870274715627,0.9651110947830559,5.957098418725062,5.150408428629273,1.1971849002386978,2.848444002733109
0.44878944972175977,0.6453870274715627,0.965202151033361,5.957342636596502,5.149840266128816,1.1970904189889269,2.8486845058565833
0.4490633872224466,0.6454772212216389,0.965201288533132,5.9571900374753675,5.1496508786286626,1.1970904189889269,2.848492103357804
0.44942863722336207,0.6452968337214866,0.9652030135335905,5.9570371419661114,5.149934959878893,1.1973738627382402,2.8486845058565833
0.4490633872224466,0.6452968337214866,0.9650209010329798,5.957098418725062,5.150029653628968,1.1972793814884692,2.848780707105973
0.4490633872224466,0.6451164462213339,0.9650226260334378,5.957277934156758,5.150029653628968,1.1970904189889269,2.8486364052318884
0.4490633872224466,0.6454772212216389,0.9650191760325217,5.957125631423745,5.1496508786286626,1.1970904189889269,2.848492103357804
0.44878944972175977,0.6451164462213339,0.9646584010322168,5.957308868924356,5.1496508786286626,1.1969959377391555,2.8485402039824987
0.4489720747222175,0.6451164462213339,0.9649315697831322,5.957308572536233,5.150029653628968,1.1972793814884692,2.8486845058565833
0.44924601222290433,0.6451164462213339,0.965113682283743,5.957430533277892,5.149840266128816,1.1972793814884692,2.8486364052318884
0.44915469972267524,0.6452968337214866,0.9650209010329798,5.9570643546647934,5.149934959878893,1.1974683439880112,2.8486364052318884
0.44915469972267524,0.6454185189777137,0.965202151033361,5.957125335035623,5.150029653628968,1.1971849002386978,2.8485883046071936
0.4490633872224466,0.645238131477561,0.9649307072829032,5.9570643546647934,5.150029653628968,1.1972793814884692,2.8486364052318884
0.4490881592824816,0.6453283252276376,0.9650209010329798,5.957339210915709,5.150029653628968,1.1974683439880112,2.8486364052318884
0.4492707842829393,0.645238131477561,0.9648396510325981,5.957186611794574,5.149840266128816,1.1973738627382402,2.8486364052318884
0.4492707842829393,0.6454185189777137,0.9651110947830559,5.9570643546647934,5.150029653628968,1.1974683439880112,2.8485883046071936
0.4491794717827102,0.6451479377274849,0.9647494572825219,5.95746146804549,5.1496508786286626,1.1968069752396135,2.8485402039824987
0.4492707842829393,0.645238131477561,0.9650217635332083,5.957216953785927,5.150124347379045,1.1972793814884692,2.8485883046071936
0.4492707842829393,0.6451479377274849,0.9646584010322168,5.957308868924356,5.150029653628968,1.1970904189889269,2.8485402039824987
0.4490881592824816,0.6453283252276376,0.9652030135335905,5.957369552907062,5.149934959878893,1.1971849002386978,2.8485883046071936
0.4489968467822525,0.6451479377274849,0.9648405135328271,5.957430829666015,5.149745572378739,1.1972793814884692,2.8485883046071936
0.4490881592824816,0.6451479377274849,0.9648405135328271,5.957339210915709,5.149272103628357,1.1969014564893845,2.8485883046071936
0.44902161884228753,0.6455989064778664,0.9651093697825983,5.95721725017405,5.150313734879198,1.197846268987096,2.8485402039824987
0.44929555634297436,0.645238131477561,0.9649307072829032,5.957339210915709,5.149840266128816,1.1973738627382402,2.8485883046071936
0.4491129313425166,0.6453283252276376,0.9652030135335905,5.957461171657368,5.149745572378739,1.1972793814884692,2.8485883046071936
0.44929555634297436,0.6451479377274849,0.9646584010322168,5.957125631423745,5.150219041129121,1.1975628252377826,2.8485402039824987
0.44920424384274527,0.6453283252276376,0.9652030135335905,5.957644409157979,5.1496508786286626,1.1967124939898421,2.8485402039824987
0.44929555634297436,0.6453283252276376,0.9650209010329798,5.957522448416319,5.149934959878893,1.1971849002386978,2.8485883046071936
0.44929555634297436,0.6449675502273322,0.9646601260326744,5.957247592165404,5.149934959878893,1.1971849002386978,2.848492103357804
0.4491129313425166,0.6453283252276376,0.9649298447826746,5.957369849295185,5.149934959878893,1.1974683439880112,2.8486364052318884
0.4491129313425166,0.645238131477561,0.9647485947822929,5.957308868924356,5.1496508786286626,1.1973738627382402,2.848492103357804
0.44929555634297436,0.6454185189777137,0.9651110947830559,5.957247592165404,5.1496508786286626,1.1971849002386978,2.848395902108414
0.44920424384274527,0.6453283252276376,0.9649298447826746,5.95746146804549,5.150219041129121,1.1972793814884692,2.8485402039824987
0.44920424384274527,0.645238131477561,0.9648396510325981,5.957186611794574,5.149840266128816,1.1970904189889269,2.8485402039824987
0.4491129313425166,0.6451479377274849,0.9648405135328271,5.957522448416319,5.149745572378739,1.1970904189889269,2.8485402039824987
0.44929555634297436,0.6453283252276376,0.9650209010329798,5.957339210915709,5.150597816129427,1.1979407502368669,2.848732606481278
0.44920424384274527,0.645238131477561,0.9648396510325981,5.95727823054488,5.150124347379045,1.1970904189889269,2.8485883046071936
0.4488389938418298,0.6453283252276376,0.9648387885323695,5.9574004876746605,5.150029653628968,1.1974683439880112,2.8485883046071936
0.4491129313425166,0.6455087127277899,0.9653834010337428,5.957552790407673,5.149934959878893,1.1975628252377826,2.8486364052318884
0.44929555634297436,0.6455989064778664,0.9653825385335137,5.957491810036844,5.150219041129121,1.1975628252377826,2.8485402039824987
0.44920424384274527,0.645238131477561,0.9649307072829032,5.957339210915709,5.149745572378739,1.1974683439880112,2.8485883046071936
0.449411640903238,0.6453283252276376,0.9651119572832849,5.957915839728099,5.150124347379045,1.1972793814884692,2.8485883046071936
0.4491377034025516,0.645238131477561,0.9648396510325981,5.957519022735525,5.150124347379045,1.1974683439880112,2.8485402039824987
0.44922901590278025,0.6454185189777137,0.965202151033361,5.957915839728099,5.149745572378739,1.1971849002386978,2.848444002733109
0.4491377034025516,0.645238131477561,0.9648396510325981,5.957519022735525,5.150029653628968,1.1977517877373245,2.8485883046071936
0.44922901590278025,0.6454185189777137,0.9650200385327508,5.95742740398522,5.150029653628968,1.1975628252377826,2.8485883046071936
0.4491377034025516,0.6451479377274849,0.9647494572825219,5.957702260236136,5.150029653628968,1.1974683439880112,2.848492103357804
0.4491377034025516,0.6451479377274849,0.9648405135328271,5.957580003106354,5.150124347379045,1.1975628252377826,2.8486845058565833
0.4488637659018648,0.645238131477561,0.9647485947822929,5.957641279865307,5.150313734879198,1.1976573064875535,2.8486364052318884
0.4491377034025516,0.6453283252276376,0.9652030135335905,5.957793582598319,5.149745572378739,1.1970904189889269,2.848444002733109
0.44932032840300934,0.645238131477561,0.9650217635332083,5.957640983477184,5.150029653628968,1.1971849002386978,2.848444002733109
0.44925378796281523,0.645238131477561,0.9648396510325981,5.957519022735525,5.149934959878893,1.1974683439880112,2.848444002733109
0.44925378796281523,0.6451479377274849,0.9648405135328271,5.957763240606965,5.1496508786286626,1.1969014564893845,2.84834780148372
0.44925378796281523,0.6454185189777137,0.9650200385327508,5.95742740398522,5.150029653628968,1.1974683439880112,2.8485883046071936
0.4491624754625866,0.6453283252276376,0.9649298447826746,5.95742740398522,5.150029653628968,1.1972793814884692,2.8485402039824987
0.44897985046212885,0.6455087127277899,0.965201288533132,5.95767162185666,5.150219041129121,1.1976573064875535,2.8486364052318884
0.44897985046212885,0.6453283252276376,0.9649298447826746,5.957519022735525,5.149840266128816,1.1972793814884692,2.84834780148372
0.44925378796281523,0.6451479377274849,0.9646584010322168,5.957732898615611,5.150029653628968,1.1976573064875535,2.8485402039824987
0.4491624754625866,0.6453283252276376,0.9651119572832849,5.957640983477184,5.150219041129121,1.1973738627382402,2.848492103357804
0.44925378796281523,0.6453283252276376,0.9649298447826746,5.957702260236136,5.150124347379045,1.1974683439880112,2.848444002733109
0.4493451004630443,0.6454185189777137,0.965202151033361,5.957640983477184,5.1496508786286626,1.1974683439880112,2.8485883046071936
0.44925378796281523,0.6451479377274849,0.9648405135328271,5.957580003106354,5.15050312237935,1.1979407502368669,2.8485883046071936
0.4493451004630443,0.6453283252276376,0.9651119572832849,5.957824220977795,5.150124347379045,1.1974683439880112,2.848492103357804
0.44943641296327297,0.6453283252276376,0.9652030135335905,5.957793582598319,5.149840266128816,1.1974683439880112,2.848395902108414
0.44925378796281523,0.6454185189777137,0.9650200385327508,5.9576106414858305,5.1496508786286626,1.1973738627382402,2.848444002733109
0.44925378796281523,0.6451479377274849,0.9646584010322168,5.957641279865307,5.150219041129121,1.197846268987096,2.8485402039824987
0.4493451004630443,0.6451479377274849,0.9646584010322168,5.957732898615611,5.149934959878893,1.1974683439880112,2.848492103357804
0.4490711629623575,0.645238131477561,0.9649307072829032,5.957763240606965,5.149840266128816,1.1976573064875535,2.848395902108414
0.44925378796281523,0.6453283252276376,0.9651119572832849,5.957732602227489,5.1496508786286626,1.1974683439880112,2.848395902108414
0.44925378796281523,0.6453283252276376,0.9651119572832849,5.957640983477184,5.150029653628968,1.1974683439880112,2.848444002733109
0.44925378796281523,0.6455989064778664,0.9652914822832086,5.957763240606965,5.149934959878893,1.1973738627382402,2.848444002733109
0.44927856002285027,0.6451479377274849,0.9646584010322168,5.957641279865307,5.149934959878893,1.1974683439880112,2.848395902108414
0.44936987252307936,0.6454185189777137,0.9651110947830559,5.95767162185666,5.149934959878893,1.1974683439880112,2.848395902108414
0.44927856002285027,0.645238131477561,0.9650217635332083,5.958007458478405,5.149934959878893,1.1975628252377826,2.848395902108414
0.4490046225221639,0.6451479377274849,0.9644762885316065,5.957519319123648,5.150029653628968,1.1974683439880112,2.848444002733109
0.44927856002285027,0.645238131477561,0.9649307072829032,5.95767162185666,5.149934959878893,1.1975628252377826,2.848395902108414
0.44909593502239253,0.6453598167337886,0.9647477322820643,5.957580299494477,5.150029653628968,1.1972793814884692,2.84834780148372
0.44927856002285027,0.6455402042339409,0.9649281197822166,5.957671918244782,5.150029653628968,1.1977517877373245,2.848492103357804
0.4491872475226216,0.6451794292336359,0.9644762885316065,5.957851730064599,5.149934959878893,1.1975628252377826,2.848492103357804
0.44927856002285027,0.6454500104838647,0.9652932072836666,5.958034374788966,5.1496508786286626,1.1971849002386978,2.848395902108414
0.44936987252307936,0.6455402042339409,0.9651102322828269,5.957943052426781,5.1496508786286626,1.1974683439880112,2.848299700859025
0.4491872475226216,0.6454500104838647,0.965202151033361,5.957790156917525,5.149745572378739,1.1972793814884692,2.8485883046071936
0.4491872475226216,0.6453598167337886,0.9649298447826746,5.957943052426781,5.149840266128816,1.1973738627382402,2.848395902108414
0.4491872475226216,0.6455402042339409,0.9651102322828269,5.957759814926172,5.149840266128816,1.1975628252377826,2.848492103357804
0.44909593502239253,0.6455402042339409,0.965201288533132,5.958095651547916,5.150029653628968,1.1974683439880112,2.848395902108414
0.44939464458311434,0.645269622983712,0.9648396510325981,5.957943052426781,5.150029653628968,1.1976573064875535,2.84825160023433
0.44930333208288525,0.6453598167337886,0.9652030135335905,5.957851137288355,5.149745572378739,1.1972793814884692,2.84825160023433
0.449485957083343,0.6453598167337886,0.9649298447826746,5.957851433676478,5.149934959878893,1.1975628252377826,2.84825160023433
0.4492120195826566,0.6453598167337886,0.9650209010329798,5.958278889048527,5.150029653628968,1.1974683439880112,2.848444002733109
0.4492120195826566,0.645269622983712,0.9647485947822929,5.9581569283068685,5.149934959878893,1.1974683439880112,2.848395902108414
0.449485957083343,0.645269622983712,0.9650217635332083,5.95806501316844,5.150313734879198,1.197846268987096,2.848444002733109
0.44930333208288525,0.6455402042339409,0.9653834010337428,5.95812599353927,5.149745572378739,1.1975628252377826,2.848444002733109
0.4491207070824275,0.645269622983712,0.9649307072829032,5.9578207952970015,5.150029653628968,1.1975628252377826,2.848444002733109
0.449485957083343,0.645269622983712,0.9651128197835139,5.95794275603866,5.149934959878893,1.1973738627382402,2.84834780148372
0.4492120195826566,0.6453598167337886,0.9647477322820643,5.957729472934819,5.149840266128816,1.1975628252377826,2.848299700859025
0.44930333208288525,0.6454500104838647,0.9651110947830559,5.957912414047307,5.149934959878893,1.1973738627382402,2.8482034996096353
0.44930333208288525,0.645269622983712,0.9646575385319878,5.957729472934819,5.150313734879198,1.1976573064875535,2.848395902108414
0.4492120195826566,0.6451794292336359,0.9648405135328271,5.958095651547916,5.150124347379045,1.1974683439880112,2.84834780148372
0.44930333208288525,0.6454500104838647,0.9650200385327508,5.957851433676478,5.149934959878893,1.1974683439880112,2.848444002733109
0.44939464458311434,0.645269622983712,0.9647485947822929,5.957698834555343,5.1496508786286626,1.1969014564893845,2.84834780148372
0.44939464458311434,0.645269622983712,0.9647485947822929,5.957607215805037,5.149840266128816,1.1976573064875535,2.84825160023433
0.4492120195826566,0.6453598167337886,0.9651119572832849,5.957973394418136,5.149934959878893,1.1977517877373245,2.848299700859025
0.4492120195826566,0.6454500104838647,0.9651110947830559,5.958095651547916,5.150029653628968,1.1974683439880112,2.848299700859025
0.4492120195826566,0.6454500104838647,0.9652932072836666,5.95812599353927,5.150219041129121,1.1975628252377826,2.84834780148372
0.449485957083343,0.6454500104838647,0.9650200385327508,5.957759814926172,5.150029653628968,1.1975628252377826,2.848395902108414
0.44932810414292024,0.6455402042339409,0.965201288533132,5.9578207952970015,5.150219041129121,1.1976573064875535,2.8482034996096353
0.4492367916426916,0.6455402042339409,0.965201288533132,5.958004032797611,5.149840266128816,1.1975628252377826,2.848299700859025
0.4492367916426916,0.645269622983712,0.9648396510325981,5.957943052426781,5.149840266128816,1.1976573064875535,2.84825160023433
0.44932810414292024,0.6454500104838647,0.965202151033361,5.95806501316844,5.150787203629578,1.197846268987096,2.848444002733109
0.4492367916426916,0.6454500104838647,0.9651110947830559,5.957912414047307,5.149934959878893,1.1974683439880112,2.848395902108414
0.4492367916426916,0.6451794292336359,0.9646584010322168,5.957882072055952,5.150219041129121,1.1973738627382402,2.84834780148372
0.4494194166431493,0.6456303979840174,0.9652914822832086,5.958004032797611,5.150313734879198,1.1973738627382402,2.8482034996096353
0.4494194166431493,0.645269622983712,0.9649307072829032,5.9578207952970015,5.149934959878893,1.1975628252377826,2.84825160023433
0.449510729143378,0.6453598167337886,0.9653851260342008,5.9583395730312345,5.150029653628968,1.1975628252377826,2.84834780148372
0.44932810414292024,0.6454500104838647,0.9651110947830559,5.958278889048527,5.1496508786286626,1.1969014564893845,2.8481553989849404
0.449510729143378,0.6454500104838647,0.9654753197842769,5.9583395730312345,5.149840266128816,1.1974683439880112,2.84834780148372
0.4492367916426916,0.6454500104838647,0.9649289822824456,5.957790453305648,5.150313734879198,1.1980352314866378,2.8481553989849404
0.44932810414292024,0.645269622983712,0.9648396510325981,5.957943052426781,5.150313734879198,1.1979407502368669,2.848492103357804
0.4492367916426916,0.6453598167337886,0.9650209010329798,5.958153206237952,5.1496508786286626,1.1969959377391555,2.8481553989849404
0.4492367916426916,0.6454500104838647,0.965202151033361,5.958214186608782,5.149840266128816,1.1975628252377826,2.8481553989849404
0.44932810414292024,0.6454500104838647,0.9651110947830559,5.958244824988258,5.149934959878893,1.1972793814884692,2.84825160023433
0.44932810414292024,0.645269622983712,0.9647485947822929,5.958122864246599,5.149934959878893,1.1974683439880112,2.84834780148372
0.44932810414292024,0.6453598167337886,0.9651119572832849,5.958214186608782,5.149934959878893,1.1976573064875535,2.8482034996096353
0.44932810414292024,0.6453598167337886,0.9650209010329798,5.958428062488867,5.149840266128816,1.1973738627382402,2.8482034996096353
0.4491454791424625,0.6455402042339409,0.9650191760325217,5.958031245496294,5.150219041129121,1.1974683439880112,2.8482034996096353
0.44932810414292024,0.645269622983712,0.9650217635332083,5.958305805359087,5.150029653628968,1.1974683439880112,2.84825160023433
0.44932810414292024,0.645269622983712,0.9649307072829032,5.958244824988258,5.149745572378739,1.1972793814884692,2.8481072983602456
0.4494194166431493,0.6455402042339409,0.9650191760325217,5.958306101747208,5.1496508786286626,1.1973738627382402,2.8481553989849404
0.44932810414292024,0.6453598167337886,0.9650209010329798,5.958244824988258,5.149934959878893,1.197846268987096,2.8480591977355507
0.4494194166431493,0.6453598167337886,0.9650209010329798,5.958244824988258,5.150124347379045,1.1974683439880112,2.84834780148372
0.4492367916426916,0.6453598167337886,0.9650209010329798,5.958244824988258,5.149934959878893,1.1975628252377826,2.84825160023433
0.44932810414292024,0.645269622983712,0.9648396510325981,5.9581838446174284,5.150219041129121,1.197846268987096,2.8482034996096353
0.4493528762029553,0.6453598167337886,0.9648387885323695,5.958214482996904,5.150124347379045,1.1976573064875535,2.8481553989849404
0.4493528762029553,0.6455402042339409,0.965201288533132,5.958428062488867,5.150124347379045,1.1976573064875535,2.848299700859025
0.44926156370272663,0.6453598167337886,0.9649298447826746,5.9581838446174284,5.149934959878893,1.1972793814884692,2.84825160023433
0.44926156370272663,0.6454500104838647,0.9648379260321405,5.95806188387577,5.150219041129121,1.1977517877373245,2.848299700859025
0.4493528762029553,0.6453598167337886,0.9650209010329798,5.958061587487647,5.149840266128816,1.1974683439880112,2.8482034996096353
0.44926156370272663,0.6454500104838647,0.9648379260321405,5.95806188387577,5.149745572378739,1.1974683439880112,2.848299700859025
0.44926156370272663,0.6453598167337886,0.9650209010329798,5.958244824988258,5.150029653628968,1.1976573064875535,2.848299700859025
0.4493528762029553,0.6454500104838647,0.965202151033361,5.958489042859696,5.150029653628968,1.1972793814884692,2.8481553989849404
0.449535501203413,0.6455402042339409,0.9651102322828269,5.958367082118038,5.149745572378739,1.1971849002386978,2.8481553989849404
0.44944418870318437,0.6453598167337886,0.9650209010329798,5.958336443738562,5.1496508786286626,1.1972793814884692,2.848011097110856
0.449535501203413,0.6451794292336359,0.9646584010322168,5.958214482996904,5.1496508786286626,1.1971849002386978,2.8482034996096353
0.44944418870318437,0.6455402042339409,0.9652923447834372,5.958305805359087,5.150029653628968,1.1977517877373245,2.84825160023433
0.4497181262038712,0.645269622983712,0.9650217635332083,5.958489042859696,5.150219041129121,1.197846268987096,2.84825160023433
0.44926156370272663,0.6453598167337886,0.9647477322820643,5.957970265125464,5.149745572378739,1.1972793814884692,2.8481553989849404
0.4496268137036421,0.6454500104838647,0.9652932072836666,5.9583667857299165,5.149934959878893,1.1973738627382402,2.8481553989849404
0.4496268137036421,0.6453598167337886,0.9650209010329798,5.9585196812391725,5.149934959878893,1.1975628252377826,2.8482034996096353
0.449535501203413,0.6455402042339409,0.9651102322828269,5.958550319618649,5.149934959878893,1.1975628252377826,2.84834780148372
0.44946896076321935,0.6453598167337886,0.9649298447826746,5.958550319618649,5.149745572378739,1.1976573064875535,2.8481072983602456
0.4491950232625325,0.645269622983712,0.9649307072829032,5.958244824988258,5.150029653628968,1.1975628252377826,2.8481553989849404
0.44937764826299026,0.6453598167337886,0.9649298447826746,5.958458700868343,5.1496508786286626,1.1970904189889269,2.8481553989849404
0.4497428982639062,0.6456303979840174,0.9651093697825983,5.958214482996904,5.149934959878893,1.1975628252377826,2.8482034996096353
0.4492863357627616,0.6453598167337886,0.9646566760317592,5.958275759755855,5.150219041129121,1.1976573064875535,2.84825160023433
0.44937764826299026,0.6453598167337886,0.9648387885323695,5.958397720497514,5.150029653628968,1.1974683439880112,2.847914895861466
0.4492863357627616,0.6454500104838647,0.9651110947830559,5.9585196812391725,5.150029653628968,1.1976573064875535,2.84825160023433
0.449560273263448,0.645269622983712,0.9652949322841242,5.958671983972185,5.150029653628968,1.1976573064875535,2.8481072983602456
0.44946896076321935,0.6453598167337886,0.9651119572832849,5.958489042859696,5.149934959878893,1.1974683439880112,2.8482034996096353
0.4492863357627616,0.6453598167337886,0.9649298447826746,5.958275463367733,5.149934959878893,1.1974683439880112,2.8480591977355507
0.44937764826299026,0.6453598167337886,0.9650209010329798,5.958336443738562,5.1496508786286626,1.1971849002386978,2.8481553989849404
0.4496515857636771,0.6453598167337886,0.9650209010329798,5.9585196812391725,5.1496508786286626,1.1973738627382402,2.8481553989849404
0.449560273263448,0.6454500104838647,0.9652932072836666,5.958790815421173,5.150219041129121,1.1975628252377826,2.8481553989849404
0.4496515857636771,0.6453598167337886,0.9649298447826746,5.958516255558379,5.150029653628968,1.1975628252377826,2.8482034996096353
0.44946896076321935,0.6451794292336359,0.9645673447819116,5.9582110573161104,5.150219041129121,1.197846268987096,2.8481553989849404
0.44937764826299026,0.645269622983712,0.9646575385319878,5.958394294816721,5.150219041129121,1.1974683439880112,2.8481072983602456
0.44937764826299026,0.6453598167337886,0.9650209010329798,5.958668854679514,5.150219041129121,1.197846268987096,2.848011097110856
0.4492863357627616,0.645301114489863,0.9649307072829032,5.958668854679514,5.150219041129121,1.1974683439880112,2.8481553989849404
0.44946896076321935,0.6453913082399396,0.9649298447826746,5.958607874308685,5.149934959878893,1.1976573064875535,2.8481553989849404
0.44946896076321935,0.6455716957400919,0.9651102322828269,5.958607874308685,5.150029653628968,1.1972793814884692,2.848011097110856
0.4492863357627616,0.645301114489863,0.9650217635332083,5.958638216300038,5.149934959878893,1.1973738627382402,2.847914895861466
0.449560273263448,0.6454815019900157,0.9650200385327508,5.958607874308685,5.149745572378739,1.1975628252377826,2.847914895861466
0.4496515857636771,0.645301114489863,0.9649307072829032,5.958668854679514,5.149745572378739,1.1974683439880112,2.848011097110856
0.44946896076321935,0.6457520832402446,0.9651995635326744,5.95808880018633,5.149934959878893,1.1975628252377826,2.847914895861466
