potentiometer0,potentiometer1,potentiometer2,potentiometer3,potentiometer4,potentiometer5,potentiometer6,encoder0,encoder1,encoder2,encoder3,encoder4,encoder5,encoder6
-2.1374512454450434,-1.0394665430296142,0.009437086169100006,-5.934249562198213,-5.894152935567132,-5.860831427851297,-5.901307536223794
-2.137602794624925,-1.0394313861547668,0.009432994044084746,-5.934343718448365,-5.895181848068811,-5.862317627854958,-5.902540911220819
-2.1374358000534333,-1.0394039519757245,0.009441178294115265,-5.93415540594806,-5.893965860566827,-5.860924315351525,-5.90178191122265
-2.137428077357628,-1.0395094226002668,0.009445270419130524,-5.93415540594806,-5.894994773068506,-5.861202977852212,-5.90178191122265
-2.1372688054819418,-1.0394039519757245,0.00942890191906949,-5.93415540594806,-5.894714160568047,-5.861110090351983,-5.90178191122265
-2.1373218961071707,-1.0393610724050721,0.009441178294115265,-5.93415540594806,-5.894527085567742,-5.8612958653524405,-5.901592161223108
-2.137428077357628,-1.039501699904462,0.009441178294115265,-5.934249562198213,-5.894527085567742,-5.861110090351983,-5.901687036222879
-2.1373141734113656,-1.0393610724050721,0.009437086169100006,-5.9340612496979075,-5.894340010567437,-5.8612958653524405,-5.90178191122265
-2.137541981303891,-1.0394665430296142,0.009437086169100006,-5.934343718448365,-5.89443354806759,-5.861202977852212,-5.901687036222879
-2.137648162554349,-1.0394313861547668,0.009445270419130524,-5.934343718448365,-5.894620623067895,-5.861110090351983,-5.901971661222192
-2.1373904321240094,-1.0393962292799195,0.00942890191906949,-5.9340612496979075,-5.894527085567742,-5.861202977852212,-5.901592161223108
-2.1374512454450434,-1.0393962292799195,0.009437086169100006,-5.9340612496979075,-5.894152935567132,-5.8604598778503805,-5.900833161224939
-2.1377697891964162,-1.0394313861547668,0.009437086169100006,-5.93415540594806,-5.89443354806759,-5.8612958653524405,-5.90178191122265
-2.137504336070272,-1.0393962292799195,0.009445270419130524,-5.9340612496979075,-5.896397835570794,-5.863339390357476,-5.903679411218072
-2.1374512454450434,-1.0394665430296142,0.009432994044084746,-5.9340612496979075,-5.893872323066675,-5.86055276535061,-5.901022911224481
-2.137443522749238,-1.0394313861547668,0.009432994044084746,-5.934343718448365,-5.894340010567437,-5.861110090351983,-5.90178191122265
-2.1374358000534333,-1.0393336382260296,0.009437086169100006,-5.933967093447754,-5.894620623067895,-5.861202977852212,-5.901876786222421
-2.1373749867323992,-1.0394819884212243,0.009435586630614747,-5.933967093447754,-5.894527085567742,-5.8612958653524405,-5.90178191122265
-2.137367264036594,-1.0393062040469874,0.009447863005660525,-5.933967093447754,-5.894527085567742,-5.861202977852212,-5.9014024112235655
-2.137367264036594,-1.0394819884212243,0.009447863005660525,-5.933778780947449,-5.894714160568047,-5.861481640352898,-5.90178191122265
-2.1373218961071707,-1.039376517796682,0.009447863005660525,-5.9340612496979075,-5.894246473067285,-5.861017202851754,-5.9014024112235655
-2.1374888906786618,-1.039376517796682,0.009439678755630006,-5.9340612496979075,-5.894340010567437,-5.861110090351983,-5.90178191122265
-2.137549703999696,-1.0394819884212243,0.009435586630614747,-5.9340612496979075,-5.894620623067895,-5.8612958653524405,-5.90178191122265
-2.1374966133744673,-1.0394116746715296,0.009447863005660525,-5.933967093447754,-5.894620623067895,-5.8612958653524405,-5.90178191122265
-2.1376558852501537,-1.0394116746715296,0.009451955130675784,-5.933872937197602,-5.894527085567742,-5.86138875285267,-5.90178191122265
-2.1374512454450434,-1.0394116746715296,0.009439678755630006,-5.9340612496979075,-5.89443354806759,-5.8612958653524405,-5.901592161223108
-2.1375574266955013,-1.0395523021709192,0.009443770880645266,-5.933967093447754,-5.894527085567742,-5.861110090351983,-5.90178191122265
-2.137458968140848,-1.0394819884212243,0.009443770880645266,-5.93415540594806,-5.894527085567742,-5.861110090351983,-5.901497286223337
-2.1375574266955013,-1.0395171452960719,0.009431494505599491,-5.93415540594806,-5.894714160568047,-5.86138875285267,-5.901687036222879
-2.1376558852501537,-1.0394116746715296,0.009443770880645266,-5.934343718448365,-5.89443354806759,-5.860831427851297,-5.901592161223108
-2.1373296188029753,-1.0395094226002668,0.009447863005660525,-5.93415540594806,-5.894340010567437,-5.8612958653524405,-5.901592161223108
-2.137648162554349,-1.039439108850572,0.009451955130675784,-5.9340612496979075,-5.893872323066675,-5.86055276535061,-5.901212661224023
-2.1373749867323992,-1.0394039519757245,0.009447863005660525,-5.9340612496979075,-5.894340010567437,-5.861110090351983,-5.901592161223108
-2.137420354661823,-1.0394742657254192,0.009443770880645266,-5.93415540594806,-5.894527085567742,-5.86138875285267,-5.901687036222879
-2.137481167982857,-1.0394039519757245,0.009439678755630006,-5.93415540594806,-5.894152935567132,-5.860645652850839,-5.901307536223794
-2.1374888906786618,-1.0394039519757245,0.009447863005660525,-5.93415540594806,-5.894527085567742,-5.861202977852212,-5.90178191122265
-2.1376558852501537,-1.0394742657254192,0.009435586630614747,-5.934343718448365,-5.89443354806759,-5.8612958653524405,-5.901592161223108
-2.1376558852501537,-1.0394742657254192,0.009451955130675784,-5.9340612496979075,-5.89443354806759,-5.861202977852212,-5.90178191122265
-2.1374512454450434,-1.0395445794751141,0.009435586630614747,-5.93415540594806,-5.894340010567437,-5.861202977852212,-5.90178191122265
-2.1375120587660774,-1.039439108850572,0.009431494505599491,-5.93415540594806,-5.89443354806759,-5.861110090351983,-5.901687036222879
-2.137671330641764,-1.039439108850572,0.009439678755630006,-5.933872937197602,-5.894527085567742,-5.861110090351983,-5.90178191122265
-2.1376182400165353,-1.039439108850572,0.009447863005660525,-5.9340612496979075,-5.894714160568047,-5.861110090351983,-5.901687036222879
-2.1375574266955013,-1.039439108850572,0.009439678755630006,-5.9340612496979075,-5.894620623067895,-5.861202977852212,-5.901687036222879
-2.1375574266955013,-1.0393336382260296,0.009451955130675784,-5.9340612496979075,-5.894340010567437,-5.861202977852212,-5.901687036222879
-2.1376558852501537,-1.0394039519757245,0.009439678755630006,-5.93415540594806,-5.89443354806759,-5.861110090351983,-5.901687036222879
-2.1376558852501537,-1.0394742657254192,0.009447863005660525,-5.9340612496979075,-5.894620623067895,-5.861110090351983,-5.901592161223108
-2.137443522749238,-1.0394039519757245,0.009435586630614747,-5.934343718448365,-5.894620623067895,-5.8612958653524405,-5.90178191122265
-2.1374966133744673,-1.0393336382260296,0.009443770880645266,-5.933967093447754,-5.894620623067895,-5.861481640352898,-5.90178191122265
-2.137443522749238,-1.039439108850572,0.009435586630614747,-5.93415540594806,-5.89443354806759,-5.861202977852212,-5.901687036222879
-2.1373904321240094,-1.0395445794751141,0.009447863005660525,-5.93415540594806,-5.893685248066369,-5.8607385403510674,-5.901117786224252
-2.137549703999696,-1.0394039519757245,0.009443770880645266,-5.933872937197602,-5.894152935567132,-5.860924315351525,-5.9014024112235655
-2.137541981303891,-1.039376517796682,0.009443770880645266,-5.933967093447754,-5.894620623067895,-5.861017202851754,-5.90178191122265
-2.137443522749238,-1.0393413609218347,0.009431494505599491,-5.9340612496979075,-5.894714160568047,-5.8612958653524405,-5.901876786222421
-2.137504336070272,-1.0394116746715296,0.009447863005660525,-5.933967093447754,-5.894620623067895,-5.8615745278531275,-5.901687036222879
-2.1375574266955013,-1.0394819884212243,0.009447863005660525,-5.934249562198213,-5.893965860566827,-5.860645652850839,-5.901307536223794
-2.1375120587660774,-1.0393062040469874,0.009435586630614747,-5.933967093447754,-5.894620623067895,-5.861481640352898,-5.901971661222192
-2.137572872087111,-1.039376517796682,0.009439678755630006,-5.9340612496979075,-5.89443354806759,-5.8612958653524405,-5.901876786222421
-2.1375120587660774,-1.0393413609218347,0.009443770880645266,-5.93415540594806,-5.894620623067895,-5.8612958653524405,-5.90178191122265
-2.137504336070272,-1.0394116746715296,0.009439678755630006,-5.9340612496979075,-5.894340010567437,-5.861110090351983,-5.90178191122265
-2.1376558852501537,-1.0394819884212243,0.009451955130675784,-5.933872937197602,-5.894152935567132,-5.860831427851297,-5.901307536223794
-2.137443522749238,-1.0394116746715296,0.009443770880645266,-5.933778780947449,-5.894714160568047,-5.861110090351983,-5.901687036222879
-2.137541981303891,-1.0393413609218347,0.009439678755630006,-5.93415540594806,-5.894246473067285,-5.861110090351983,-5.901592161223108
-2.1374888906786618,-1.0394819884212243,0.009447863005660525,-5.934343718448365,-5.894620623067895,-5.861481640352898,-5.901876786222421
-2.137428077357628,-1.0394116746715296,0.009435586630614747,-5.933967093447754,-5.894527085567742,-5.861110090351983,-5.901687036222879
-2.137541981303891,-1.039446831546377,0.009439678755630006,-5.9340612496979075,-5.894527085567742,-5.861110090351983,-5.90178191122265
-2.1376558852501537,-1.0394116746715296,0.009443770880645266,-5.9340612496979075,-5.89443354806759,-5.861202977852212,-5.90178191122265
-2.1374966133744673,-1.039446831546377,0.009439678755630006,-5.93415540594806,-5.894246473067285,-5.86055276535061,-5.9014024112235655
-2.137663607945959,-1.0394819884212243,0.009439678755630006,-5.933872937197602,-5.894620623067895,-5.861202977852212,-5.901687036222879
-2.1375574266955013,-1.039446831546377,0.009438382462365006,-5.93415540594806,-5.89443354806759,-5.8612958653524405,-5.901876786222421
-2.1375574266955013,-1.039446831546377,0.009450658837410784,-5.9340612496979075,-5.893965860566827,-5.860645652850839,-5.901212661224023
-2.137671330641764,-1.039446831546377,0.009434290337349747,-5.9340612496979075,-5.894714160568047,-5.86138875285267,-5.901687036222879
-2.137663607945959,-1.0394116746715296,0.009438382462365006,-5.9340612496979075,-5.89443354806759,-5.8612958653524405,-5.90178191122265
-2.137337341498781,-1.0394819884212243,0.009446566712395525,-5.93415540594806,-5.894620623067895,-5.861202977852212,-5.901687036222879
-2.137549703999696,-1.0393139267427922,0.009454750962426043,-5.934249562198213,-5.894340010567437,-5.861202977852212,-5.901592161223108
-2.1374358000534333,-1.0394193973673347,0.009438382462365006,-5.933967093447754,-5.894714160568047,-5.8612958653524405,-5.901592161223108
-2.1373218961071707,-1.0394897111170294,0.009434290337349747,-5.933872937197602,-5.894527085567742,-5.86138875285267,-5.90178191122265
-2.137481167982857,-1.0393490836176396,0.009446566712395525,-5.933967093447754,-5.89443354806759,-5.861017202851754,-5.901687036222879
-2.137541981303891,-1.039454554242182,0.009442474587380265,-5.93415540594806,-5.894527085567742,-5.861110090351983,-5.90178191122265
-2.137602794624925,-1.0394897111170294,0.009430198212334491,-5.93415540594806,-5.894527085567742,-5.861110090351983,-5.901687036222879
-2.1375574266955013,-1.039454554242182,0.009434290337349747,-5.93415540594806,-5.894620623067895,-5.8612958653524405,-5.901876786222421
-2.1375574266955013,-1.0394897111170294,0.009438382462365006,-5.93415540594806,-5.893965860566827,-5.86055276535061,-5.901117786224252
-2.137663607945959,-1.039454554242182,0.009442474587380265,-5.9340612496979075,-5.893498173066064,-5.860181215349694,-5.901022911224481
-2.1375574266955013,-1.0394193973673347,0.009446566712395525,-5.9340612496979075,-5.893872323066675,-5.860366990350152,-5.901022911224481
-2.1374058775156195,-1.039384240492487,0.009442474587380265,-5.934249562198213,-5.894527085567742,-5.861110090351983,-5.901876786222421
-2.137565149391306,-1.0394193973673347,0.009442474587380265,-5.9340612496979075,-5.89443354806759,-5.861110090351983,-5.901592161223108
-2.1374512454450434,-1.039454554242182,0.009430198212334491,-5.9340612496979075,-5.894714160568047,-5.86138875285267,-5.901971661222192
-2.137663607945959,-1.0395248679918767,0.009442474587380265,-5.934437874698517,-5.894527085567742,-5.861481640352898,-5.901876786222421
-2.137504336070272,-1.0394897111170294,0.009434290337349747,-5.93415540594806,-5.894620623067895,-5.86138875285267,-5.901876786222421
-2.1374512454450434,-1.039560024866724,0.009442474587380265,-5.93415540594806,-5.894620623067895,-5.860924315351525,-5.901592161223108
-2.1374512454450434,-1.0394193973673347,0.009446566712395525,-5.933967093447754,-5.893965860566827,-5.860831427851297,-5.901307536223794
-2.1374512454450434,-1.0393490836176396,0.009442474587380265,-5.93415540594806,-5.89443354806759,-5.861110090351983,-5.90178191122265
-2.1374512454450434,-1.0394193973673347,0.009438382462365006,-5.9340612496979075,-5.894527085567742,-5.861481640352898,-5.90178191122265
-2.1375574266955013,-1.0394193973673347,0.009442474587380265,-5.933872937197602,-5.89443354806759,-5.861202977852212,-5.90178191122265
-2.137398154819814,-1.039454554242182,0.009438382462365006,-5.93415540594806,-5.894620623067895,-5.861110090351983,-5.901592161223108
-2.137443522749238,-1.039384240492487,0.009434290337349747,-5.9340612496979075,-5.89443354806759,-5.8612958653524405,-5.901497286223337
-2.137663607945959,-1.0394897111170294,0.009430198212334491,-5.9340612496979075,-5.894527085567742,-5.861017202851754,-5.901497286223337
-2.13761051732073,-1.039384240492487,0.009426106087319232,-5.93415540594806,-5.894246473067285,-5.860924315351525,-5.901876786222421
-2.137663607945959,-1.039560024866724,0.009446566712395525,-5.934249562198213,-5.894246473067285,-5.861202977852212,-5.90178191122265
-2.13761051732073,-1.0394897111170294,0.009446566712395525,-5.933778780947449,-5.894527085567742,-5.861110090351983,-5.901876786222421
-2.137504336070272,-1.0394193973673347,0.009434290337349747,-5.9340612496979075,-5.894714160568047,-5.861481640352898,-5.90178191122265
-2.1375120587660774,-1.039384240492487,0.009442474587380265,-5.9340612496979075,-5.894340010567437,-5.86138875285267,-5.90178191122265
-2.137504336070272,-1.0394897111170294,0.009434290337349747,-5.9340612496979075,-5.894340010567437,-5.861110090351983,-5.901497286223337
-2.137504336070272,-1.0394271200631398,0.009442474587380265,-5.933967093447754,-5.894340010567437,-5.861110090351983,-5.901971661222192
-2.137549703999696,-1.039391963188292,0.009442474587380265,-5.934343718448365,-5.894527085567742,-5.86138875285267,-5.90178191122265
-2.137443522749238,-1.039469999633792,0.009446566712395525,-5.93415540594806,-5.894527085567742,-5.8612958653524405,-5.901687036222879
-2.137541981303891,-1.0394348427589446,0.009434290337349747,-5.9340612496979075,-5.89443354806759,-5.861110090351983,-5.90178191122265
-2.1374358000534333,-1.0395051565086393,0.009446566712395525,-5.933967093447754,-5.89443354806759,-5.860924315351525,-5.901687036222879
-2.137549703999696,-1.0394348427589446,0.009434290337349747,-5.93415540594806,-5.894620623067895,-5.861202977852212,-5.90178191122265
-2.137443522749238,-1.0394974338128344,0.009446566712395525,-5.933967093447754,-5.894620623067895,-5.861110090351983,-5.90178191122265
-2.1375574266955013,-1.0394974338128344,0.009438382462365006,-5.93415540594806,-5.894527085567742,-5.861202977852212,-5.901592161223108
-2.13761051732073,-1.0394974338128344,0.009450658837410784,-5.933967093447754,-5.894340010567437,-5.861110090351983,-5.901687036222879
-2.1374512454450434,-1.0394974338128344,0.009438382462365006,-5.93415540594806,-5.89443354806759,-5.861481640352898,-5.901592161223108
-2.13761051732073,-1.0395325906876818,0.009434290337349747,-5.93415540594806,-5.894527085567742,-5.861110090351983,-5.901876786222421
-2.13761051732073,-1.039462276937987,0.009446566712395525,-5.9340612496979075,-5.89443354806759,-5.861202977852212,-5.901687036222879
-2.137458968140848,-1.0394974338128344,0.009446566712395525,-5.934249562198213,-5.894340010567437,-5.860924315351525,-5.9014024112235655
-2.1374512454450434,-1.0394974338128344,0.009450658837410784,-5.933967093447754,-5.894340010567437,-5.860924315351525,-5.901592161223108
-2.13761051732073,-1.039391963188292,0.009438382462365006,-5.933967093447754,-5.894340010567437,-5.861110090351983,-5.901687036222879
-2.1375574266955013,-1.0394974338128344,0.009434290337349747,-5.933967093447754,-5.894527085567742,-5.8612958653524405,-5.901876786222421
-2.137541981303891,-1.0394974338128344,0.009438382462365006,-5.93415540594806,-5.894340010567437,-5.861202977852212,-5.901497286223337
-2.1374358000534333,-1.0394974338128344,0.009434290337349747,-5.933967093447754,-5.8948076980682,-5.861202977852212,-5.901876786222421
-2.1374966133744673,-1.039462276937987,0.009442474587380265,-5.934343718448365,-5.895275385568963,-5.862038965354272,-5.902730661220361
-2.137549703999696,-1.039391963188292,0.009434290337349747,-5.9340612496979075,-5.894527085567742,-5.861110090351983,-5.901592161223108
-2.137663607945959,-1.039462276937987,0.009442474587380265,-5.93415540594806,-5.894527085567742,-5.861017202851754,-5.901971661222192
-2.137663607945959,-1.0394974338128344,0.009438382462365006,-5.93415540594806,-5.894340010567437,-5.860831427851297,-5.901307536223794
-2.137663607945959,-1.0394271200631398,0.009442474587380265,-5.93415540594806,-5.894527085567742,-5.861481640352898,-5.90178191122265
-2.1377166985711877,-1.039391963188292,0.009446566712395525,-5.933967093447754,-5.89443354806759,-5.861110090351983,-5.901876786222421
-2.137504336070272,-1.0393568063134446,0.009434290337349747,-5.934249562198213,-5.89443354806759,-5.861110090351983,-5.901592161223108
-2.137565149391306,-1.0394271200631398,0.009446566712395525,-5.933967093447754,-5.894527085567742,-5.861110090351983,-5.90178191122265
-2.1375120587660774,-1.039391963188292,0.009438382462365006,-5.93415540594806,-5.894620623067895,-5.861110090351983,-5.901592161223108
-2.137458968140848,-1.039462276937987,0.009438382462365006,-5.9340612496979075,-5.894527085567742,-5.861202977852212,-5.901876786222421
-2.13761051732073,-1.0394974338128344,0.009450658837410784,-5.933872937197602,-5.894620623067895,-5.861110090351983,-5.901971661222192
-2.1375574266955013,-1.0393568063134446,0.009438382462365006,-5.934249562198213,-5.894152935567132,-5.860924315351525,-5.901592161223108
-2.137504336070272,-1.0395403133834868,0.009446566712395525,-5.9340612496979075,-5.894246473067285,-5.861110090351983,-5.901592161223108
-2.137504336070272,-1.039407408579902,0.009438382462365006,-5.93415540594806,-5.894152935567132,-5.861202977852212,-5.9014024112235655
-2.1375574266955013,-1.0394777223295968,0.009442474587380265,-5.933967093447754,-5.894620623067895,-5.861202977852212,-5.9014024112235655
-2.137443522749238,-1.0394425654547494,0.009446566712395525,-5.93415540594806,-5.894527085567742,-5.861110090351983,-5.90178191122265
-2.1374966133744673,-1.039407408579902,0.009434290337349747,-5.93415540594806,-5.894714160568047,-5.8612958653524405,-5.901876786222421
-2.137398154819814,-1.0393722517050548,0.009434290337349747,-5.933967093447754,-5.894620623067895,-5.861110090351983,-5.90178191122265
-2.1375574266955013,-1.0394777223295968,0.009438382462365006,-5.934343718448365,-5.895368923069116,-5.8624105153551875,-5.902920411219903
-2.1374512454450434,-1.039407408579902,0.009430198212334491,-5.934343718448365,-5.894620623067895,-5.861017202851754,-5.901592161223108
-2.13761051732073,-1.039407408579902,0.009450658837410784,-5.9340612496979075,-5.894527085567742,-5.860924315351525,-5.901497286223337
-2.137663607945959,-1.0394348427589446,0.009442474587380265,-5.933967093447754,-5.894246473067285,-5.860645652850839,-5.901307536223794
-2.137663607945959,-1.0395051565086393,0.009438382462365006,-5.9340612496979075,-5.894527085567742,-5.861202977852212,-5.90178191122265
-2.1375120587660774,-1.0395754702583342,0.009434290337349747,-5.9340612496979075,-5.89443354806759,-5.8612958653524405,-5.90178191122265
-2.1375574266955013,-1.039399685884097,0.009438382462365006,-5.9340612496979075,-5.894152935567132,-5.8607385403510674,-5.901497286223337
-2.137663607945959,-1.0394348427589446,0.009446566712395525,-5.93415540594806,-5.894527085567742,-5.861202977852212,-5.90178191122265
-2.1374512454450434,-1.0394348427589446,0.009446566712395525,-5.9340612496979075,-5.894527085567742,-5.8612958653524405,-5.901876786222421
-2.1374512454450434,-1.0394348427589446,0.009442474587380265,-5.933967093447754,-5.894527085567742,-5.861202977852212,-5.901592161223108
-2.137663607945959,-1.0394348427589446,0.009447863005660525,-5.9340612496979075,-5.894152935567132,-5.861017202851754,-5.9014024112235655
-2.137549703999696,-1.039399685884097,0.009449159298925525,-5.9340612496979075,-5.894620623067895,-5.8612958653524405,-5.90178191122265
-2.137663607945959,-1.0394348427589446,0.009449159298925525,-5.93415540594806,-5.894527085567742,-5.861110090351983,-5.90178191122265
-2.1375574266955013,-1.0394348427589446,0.009453251423940785,-5.934249562198213,-5.89443354806759,-5.861017202851754,-5.901592161223108
-2.137504336070272,-1.0395403133834868,0.009449159298925525,-5.93415540594806,-5.894340010567437,-5.861110090351983,-5.90178191122265
-2.137663607945959,-1.0394348427589446,0.009440975048895007,-5.9340612496979075,-5.894620623067895,-5.8612958653524405,-5.901876786222421
-2.1375574266955013,-1.039399685884097,0.009445067173910266,-5.9340612496979075,-5.89443354806759,-5.861110090351983,-5.901592161223108
-2.137663607945959,-1.039399685884097,0.009440975048895007,-5.93415540594806,-5.894527085567742,-5.861202977852212,-5.90178191122265
-2.137663607945959,-1.039399685884097,0.009440975048895007,-5.9340612496979075,-5.895181848068811,-5.861760302853585,-5.902540911220819
-2.1375120587660774,-1.0395051565086393,0.009445067173910266,-5.934343718448365,-5.894527085567742,-5.861202977852212,-5.90178191122265
-2.137671330641764,-1.0395051565086393,0.009445067173910266,-5.9340612496979075,-5.89443354806759,-5.861110090351983,-5.901687036222879
-2.137504336070272,-1.039469999633792,0.009449159298925525,-5.93415540594806,-5.894527085567742,-5.861202977852212,-5.90178191122265
-2.1374512454450434,-1.0393645290092497,0.009445067173910266,-5.93415540594806,-5.89405939806698,-5.860924315351525,-5.901307536223794
-2.137504336070272,-1.039469999633792,0.009440975048895007,-5.934249562198213,-5.894714160568047,-5.8612958653524405,-5.901876786222421
-2.137398154819814,-1.0395051565086393,0.009440975048895007,-5.93415540594806,-5.894527085567742,-5.861202977852212,-5.901592161223108
-2.137549703999696,-1.0395051565086393,0.009440975048895007,-5.93415540594806,-5.894901235568353,-5.861110090351983,-5.902066536221963
-2.1377089758753822,-1.039407408579902,0.009449159298925525,-5.934249562198213,-5.894620623067895,-5.86138875285267,-5.901876786222421
-2.1375574266955013,-1.0395128792044441,0.009440975048895007,-5.93415540594806,-5.894620623067895,-5.861110090351983,-5.901876786222421
-2.137663607945959,-1.0393722517050548,0.009449159298925525,-5.9340612496979075,-5.89443354806759,-5.861110090351983,-5.90178191122265
-2.1375574266955013,-1.0394425654547494,0.009440975048895007,-5.9340612496979075,-5.894246473067285,-5.8607385403510674,-5.901497286223337
-2.1375574266955013,-1.0393722517050548,0.009445067173910266,-5.9340612496979075,-5.89443354806759,-5.8612958653524405,-5.90178191122265
-2.137565149391306,-1.039407408579902,0.009440975048895007,-5.9340612496979075,-5.894714160568047,-5.8612958653524405,-5.90178191122265
-2.137565149391306,-1.0394777223295968,0.009449159298925525,-5.93415540594806,-5.894246473067285,-5.861017202851754,-5.901592161223108
-2.137565149391306,-1.0394425654547494,0.009449159298925525,-5.933872937197602,-5.894527085567742,-5.8612958653524405,-5.901876786222421
-2.137565149391306,-1.0394777223295968,0.009440975048895007,-5.9340612496979075,-5.894714160568047,-5.861481640352898,-5.902161411221734
-2.137565149391306,-1.0394425654547494,0.009445067173910266,-5.934249562198213,-5.895088310568658,-5.8612958653524405,-5.9022562862215056
-2.1375120587660774,-1.0394777223295968,0.009436882923879748,-5.9340612496979075,-5.895649535569573,-5.8624105153551875,-5.902920411219903
-2.1374058775156195,-1.0395128792044441,0.009445067173910266,-5.933967093447754,-5.894527085567742,-5.861202977852212,-5.901592161223108
-2.1375120587660774,-1.039548036079292,0.009453251423940785,-5.93415540594806,-5.89443354806759,-5.861017202851754,-5.901592161223108
-2.137565149391306,-1.0394777223295968,0.009436882923879748,-5.93415540594806,-5.89443354806759,-5.861202977852212,-5.901876786222421
-2.137671330641764,-1.0395128792044441,0.009445067173910266,-5.933967093447754,-5.894714160568047,-5.861110090351983,-5.901971661222192
-2.137565149391306,-1.0395128792044441,0.009432790798864492,-5.93415540594806,-5.894620623067895,-5.861202977852212,-5.901876786222421
-2.1375120587660774,-1.0394777223295968,0.009440975048895007,-5.934249562198213,-5.89443354806759,-5.861202977852212,-5.901876786222421
-2.137504336070272,-1.0393722517050548,0.009445067173910266,-5.93415540594806,-5.894620623067895,-5.861202977852212,-5.90178191122265
-2.13761051732073,-1.0394425654547494,0.009445067173910266,-5.93415540594806,-5.894527085567742,-5.861017202851754,-5.901497286223337
-2.1375574266955013,-1.0394425654547494,0.009449159298925525,-5.93415540594806,-5.894620623067895,-5.86138875285267,-5.901876786222421
-2.13761051732073,-1.039548036079292,0.009449159298925525,-5.93415540594806,-5.894527085567742,-5.861110090351983,-5.901687036222879
-2.13761051732073,-1.0394777223295968,0.009445067173910266,-5.9340612496979075,-5.894527085567742,-5.861481640352898,-5.90178191122265
-2.137565149391306,-1.0394777223295968,0.009436882923879748,-5.9340612496979075,-5.893965860566827,-5.8607385403510674,-5.901307536223794
-2.1375120587660774,-1.039407408579902,0.009440975048895007,-5.9340612496979075,-5.894152935567132,-5.8607385403510674,-5.901212661224023
-2.137458968140848,-1.0395128792044441,0.009440975048895007,-5.9340612496979075,-5.894620623067895,-5.8612958653524405,-5.901876786222421
-2.137458968140848,-1.039407408579902,0.009449159298925525,-5.93415540594806,-5.894340010567437,-5.861110090351983,-5.901876786222421
-2.1376558852501537,-1.039407408579902,0.009449159298925525,-5.934343718448365,-5.894527085567742,-5.861110090351983,-5.901876786222421
-2.1374966133744673,-1.0395128792044441,0.009436882923879748,-5.93415540594806,-5.894527085567742,-5.8612958653524405,-5.901876786222421
-2.137443522749238,-1.0395128792044441,0.009449159298925525,-5.9340612496979075,-5.894527085567742,-5.861202977852212,-5.901876786222421
-2.1375574266955013,-1.0394425654547494,0.009445067173910266,-5.93415540594806,-5.894246473067285,-5.861110090351983,-5.901497286223337
-2.137504336070272,-1.0394777223295968,0.009445067173910266,-5.933967093447754,-5.894620623067895,-5.861110090351983,-5.90178191122265
-2.137504336070272,-1.0395128792044441,0.009449159298925525,-5.93415540594806,-5.894527085567742,-5.861202977852212,-5.901497286223337
-2.137663607945959,-1.0394777223295968,0.009449159298925525,-5.9340612496979075,-5.894340010567437,-5.861110090351983,-5.90178191122265
-2.1374512454450434,-1.039407408579902,0.009453251423940785,-5.93415540594806,-5.89443354806759,-5.8612958653524405,-5.901592161223108
-2.1377166985711877,-1.039407408579902,0.009440975048895007,-5.934249562198213,-5.89443354806759,-5.8612958653524405,-5.90178191122265
-2.1375574266955013,-1.039422853971512,0.009445067173910266,-5.933872937197602,-5.894620623067895,-5.86138875285267,-5.901876786222421
-2.137671330641764,-1.0395283245960543,0.009445067173910266,-5.934343718448365,-5.894527085567742,-5.861110090351983,-5.90178191122265
-2.1376182400165353,-1.039422853971512,0.009449159298925525,-5.93415540594806,-5.894714160568047,-5.861110090351983,-5.90178191122265
-2.137565149391306,-1.039422853971512,0.009449159298925525,-5.9340612496979075,-5.894527085567742,-5.8612958653524405,-5.90178191122265
-2.1377166985711877,-1.0395634814709018,0.009449159298925525,-5.93415540594806,-5.894901235568353,-5.8612958653524405,-5.901971661222192
-2.137602794624925,-1.0394580108463596,0.009440975048895007,-5.9340612496979075,-5.894714160568047,-5.8612958653524405,-5.901876786222421
-2.137549703999696,-1.0395206019002492,0.009436882923879748,-5.93415540594806,-5.894527085567742,-5.861110090351983,-5.901971661222192
-2.137663607945959,-1.0394854450254019,0.009445067173910266,-5.93415540594806,-5.894714160568047,-5.8612958653524405,-5.901971661222192
-2.137663607945959,-1.0394151312757072,0.009445067173910266,-5.933967093447754,-5.894340010567437,-5.861017202851754,-5.90178191122265
-2.13761051732073,-1.0394854450254019,0.009449159298925525,-5.9340612496979075,-5.894527085567742,-5.861202977852212,-5.90178191122265
-2.1377244212669924,-1.0394502881505545,0.009440975048895007,-5.933967093447754,-5.894620623067895,-5.861110090351983,-5.901876786222421
-2.137679053337569,-1.0394502881505545,0.009449159298925525,-5.93415540594806,-5.894527085567742,-5.861017202851754,-5.901876786222421
-2.1377321439627974,-1.0395206019002492,0.009457343548956044,-5.934343718448365,-5.89443354806759,-5.861110090351983,-5.901497286223337
-2.137565149391306,-1.0394502881505545,0.009436882923879748,-5.934249562198213,-5.894340010567437,-5.861202977852212,-5.901687036222879
-2.137458968140848,-1.0394502881505545,0.009449159298925525,-5.9340612496979075,-5.894152935567132,-5.86055276535061,-5.901117786224252
-2.1376182400165353,-1.0394854450254019,0.009445067173910266,-5.934343718448365,-5.89405939806698,-5.8607385403510674,-5.901307536223794
-2.1375120587660774,-1.0394854450254019,0.009445067173910266,-5.933872937197602,-5.894714160568047,-5.861202977852212,-5.90178191122265
-2.137671330641764,-1.039555758775097,0.009449159298925525,-5.933967093447754,-5.895275385568963,-5.862131852854501,-5.902730661220361
-2.137565149391306,-1.039555758775097,0.009440975048895007,-5.933967093447754,-5.894527085567742,-5.861481640352898,-5.901876786222421
-2.1377166985711877,-1.0395206019002492,0.009453251423940785,-5.93415540594806,-5.8948076980682,-5.861481640352898,-5.90178191122265
-2.137663607945959,-1.0394854450254019,0.009440975048895007,-5.933967093447754,-5.894620623067895,-5.861202977852212,-5.901687036222879
-2.137663607945959,-1.0394854450254019,0.009440975048895007,-5.934343718448365,-5.894527085567742,-5.861110090351983,-5.90178191122265
-2.137663607945959,-1.0395206019002492,0.009449159298925525,-5.9340612496979075,-5.894527085567742,-5.860924315351525,-5.901592161223108
-2.1375574266955013,-1.0393799744008598,0.009436882923879748,-5.9340612496979075,-5.89443354806759,-5.861110090351983,-5.90178191122265
-2.1378228798216456,-1.0395206019002492,0.009440975048895007,-5.934343718448365,-5.894620623067895,-5.861110090351983,-5.901497286223337
-2.137504336070272,-1.0394502881505545,0.009440975048895007,-5.93415540594806,-5.894527085567742,-5.861202977852212,-5.90178191122265
-2.1375574266955013,-1.0395206019002492,0.009449159298925525,-5.9340612496979075,-5.89443354806759,-5.861202977852212,-5.90178191122265
-2.137504336070272,-1.0394502881505545,0.009440975048895007,-5.934343718448365,-5.894527085567742,-5.8612958653524405,-5.90178191122265
-2.137663607945959,-1.0395206019002492,0.009445067173910266,-5.9340612496979075,-5.894340010567437,-5.861202977852212,-5.90178191122265
-2.1375574266955013,-1.0394580108463596,0.009453251423940785,-5.93415540594806,-5.894620623067895,-5.861110090351983,-5.901876786222421
-2.137663607945959,-1.039422853971512,0.009436882923879748,-5.93415540594806,-5.894527085567742,-5.861110090351983,-5.90178191122265
-2.1375120587660774,-1.039571204166707,0.009453251423940785,-5.933967093447754,-5.894527085567742,-5.861110090351983,-5.90178191122265
-2.1377244212669924,-1.039500890417012,0.009453251423940785,-5.93415540594806,-5.894527085567742,-5.861110090351983,-5.90178191122265
-2.137671330641764,-1.0395360472918593,0.009449159298925525,-5.933967093447754,-5.89443354806759,-5.861110090351983,-5.90178191122265
-2.1375120587660774,-1.039500890417012,0.009453251423940785,-5.934343718448365,-5.894527085567742,-5.861202977852212,-5.901592161223108
-2.1372996962651616,-1.0394580108463596,0.009440975048895007,-5.93415540594806,-5.894620623067895,-5.8612958653524405,-5.90178191122265
-2.1375574266955013,-1.039422853971512,0.009449159298925525,-5.934249562198213,-5.894620623067895,-5.861110090351983,-5.901687036222879
-2.1374512454450434,-1.0395283245960543,0.009440975048895007,-5.933967093447754,-5.894620623067895,-5.860831427851297,-5.90178191122265
-2.1375574266955013,-1.0395283245960543,0.009440975048895007,-5.93415540594806,-5.894527085567742,-5.861202977852212,-5.90178191122265
-2.1375574266955013,-1.039422853971512,0.009445067173910266,-5.934343718448365,-5.894620623067895,-5.861110090351983,-5.901876786222421
-2.137663607945959,-1.0395283245960543,0.009449159298925525,-5.9340612496979075,-5.89443354806759,-5.861202977852212,-5.901971661222192
-2.137504336070272,-1.0394580108463596,0.009453251423940785,-5.9340612496979075,-5.894152935567132,-5.8607385403510674,-5.901307536223794
-2.137504336070272,-1.039493167721207,0.009445067173910266,-5.9340612496979075,-5.894152935567132,-5.860831427851297,-5.9014024112235655
-2.137504336070272,-1.0395283245960543,0.009453251423940785,-5.933967093447754,-5.894714160568047,-5.86138875285267,-5.90178191122265
-2.137663607945959,-1.0394580108463596,0.009436882923879748,-5.934249562198213,-5.894527085567742,-5.860924315351525,-5.901687036222879
-2.1376182400165353,-1.0395283245960543,0.009445067173910266,-5.93415540594806,-5.894152935567132,-5.8607385403510674,-5.901307536223794
-2.137565149391306,-1.039422853971512,0.009440975048895007,-5.9340612496979075,-5.894527085567742,-5.861202977852212,-5.90178191122265
-2.137671330641764,-1.0394580108463596,0.009449159298925525,-5.933967093447754,-5.89443354806759,-5.861017202851754,-5.901592161223108
-2.137565149391306,-1.039422853971512,0.009440975048895007,-5.9340612496979075,-5.894246473067285,-5.861110090351983,-5.901592161223108
-2.1375120587660774,-1.0395634814709018,0.009449159298925525,-5.9340612496979075,-5.894152935567132,-5.860831427851297,-5.9014024112235655
-2.137458968140848,-1.039493167721207,0.009436882923879748,-5.9340612496979075,-5.894901235568353,-5.861202977852212,-5.901687036222879
-1.9275773584135445,-0.9383970223929091,0.03231362749143574,-5.354318297771867,-5.325095076741322,-5.298183752368424,-5.312060932498115
-1.927418086537858,-0.9383344313390192,0.03230544324140522,-5.354129985271561,-5.325001539241169,-5.297905089867737,-5.312060932498115
-1.9276381717345785,-0.9383344313390192,0.03230135111638996,-5.354129985271561,-5.325375689241779,-5.298183752368424,-5.312155807497886
-1.927486622554697,-0.9384399019635614,0.03230135111638996,-5.354129985271561,-5.325656301742237,-5.29846241486911,-5.312535307496971
-1.9275928038051544,-0.9382992744641718,0.03230135111638996,-5.354129985271561,-5.325001539241169,-5.298276639868653,-5.312250682497657
-1.9274412546252728,-0.9382992744641718,0.03230135111638996,-5.354035829021409,-5.325095076741322,-5.298183752368424,-5.312155807497886
-1.9276082491967643,-0.9383695882138665,0.03230135111638996,-5.354318297771867,-5.325375689241779,-5.297905089867737,-5.312060932498115
-1.9275551585715358,-0.9383695882138665,0.03230544324140522,-5.354506610272171,-5.325001539241169,-5.297812202367508,-5.312155807497886
-1.9275551585715358,-0.9383695882138665,0.03230135111638996,-5.354035829021409,-5.325001539241169,-5.298183752368424,-5.312250682497657
-1.9277067077514172,-0.9383344313390192,0.03230953536642048,-5.354129985271561,-5.325095076741322,-5.297997977367967,-5.312155807497886
-1.9275928038051544,-0.9382641175893243,0.03230953536642048,-5.354318297771867,-5.325095076741322,-5.298090864868195,-5.312250682497657
-1.9275773584135445,-0.9382992744641718,0.0322972589913747,-5.354129985271561,-5.325188614241474,-5.297997977367967,-5.311871182498573
-1.927410363842053,-0.9382992744641718,0.03230135111638996,-5.353941672771256,-5.325375689241779,-5.298276639868653,-5.312250682497657
-1.9275696357177394,-0.9382992744641718,0.03228498261632892,-5.35441245402202,-5.326404601743458,-5.298926852370255,-5.3132943074951395
-1.9275619130219344,-0.9383695882138665,0.03230135111638996,-5.353941672771256,-5.325001539241169,-5.297997977367967,-5.312250682497657
-1.927471177163087,-0.9384047450887141,0.03230135111638996,-5.354318297771867,-5.324814464240864,-5.297905089867737,-5.311966057498344
-1.927531990484121,-0.9381938038396296,0.03230135111638996,-5.354129985271561,-5.325375689241779,-5.298183752368424,-5.312155807497886
-1.927539713179926,-0.9383695882138665,0.03230135111638996,-5.354318297771867,-5.325375689241779,-5.298276639868653,-5.312535307496971
-1.927486622554697,-0.9383695882138665,0.03229316686635944,-5.354224141521714,-5.324908001741017,-5.298090864868195,-5.312155807497886
-1.927486622554697,-0.9382641175893243,0.03230544324140522,-5.354129985271561,-5.325188614241474,-5.298090864868195,-5.312345557497428
-1.9275928038051544,-0.9382992744641718,0.03230544324140522,-5.353753360270952,-5.326123989243,-5.298926852370255,-5.312914807496055
-1.9275474358757307,-0.9383695882138665,0.03230135111638996,-5.354318297771867,-5.325095076741322,-5.298090864868195,-5.312250682497657
-1.9275474358757307,-0.9382641175893243,0.03230135111638996,-5.354129985271561,-5.325188614241474,-5.297997977367967,-5.312155807497886
-1.9275850811093496,-0.9382641175893243,0.03230135111638996,-5.353941672771256,-5.325001539241169,-5.298183752368424,-5.312155807497886
-1.927418086537858,-0.9383695882138665,0.03230135111638996,-5.354224141521714,-5.325188614241474,-5.298183752368424,-5.312155807497886
-1.9276227263429684,-0.9383970223929091,0.03230135111638996,-5.353941672771256,-5.324346776740101,-5.297254877366135,-5.311396807499717
-1.927471177163087,-0.9383618655180616,0.03230135111638996,-5.354318297771867,-5.325188614241474,-5.297997977367967,-5.311966057498344
-1.927471177163087,-0.9383695882138665,0.03230544324140522,-5.354318297771867,-5.325188614241474,-5.297997977367967,-5.312060932498115
-1.927402641146248,-0.9382992744641718,0.03229316686635944,-5.354129985271561,-5.324908001741017,-5.297905089867737,-5.312155807497886
-1.927516545092511,-0.9382641175893243,0.03230135111638996,-5.354318297771867,-5.325095076741322,-5.298183752368424,-5.312250682497657
-1.9274258092336631,-0.9382992744641718,0.03230135111638996,-5.354129985271561,-5.325469226741932,-5.298369527368882,-5.312060932498115
-1.9275850811093496,-0.9384047450887141,0.03230544324140522,-5.354129985271561,-5.325095076741322,-5.297997977367967,-5.312155807497886
-1.927478899858892,-0.9382289607144769,0.03230544324140522,-5.353941672771256,-5.325095076741322,-5.298276639868653,-5.312060932498115
-1.927531990484121,-0.9383695882138665,0.03230135111638996,-5.354318297771867,-5.325188614241474,-5.298276639868653,-5.312155807497886
-1.9275850811093496,-0.9383344313390192,0.03230953536642048,-5.354035829021409,-5.325375689241779,-5.298090864868195,-5.312155807497886
-1.927531990484121,-0.9384047450887141,0.03230544324140522,-5.354129985271561,-5.325095076741322,-5.298276639868653,-5.312155807497886
-1.9276381717345785,-0.9382992744641718,0.03230544324140522,-5.354129985271561,-5.325001539241169,-5.297997977367967,-5.312060932498115
-1.927531990484121,-0.9384047450887141,0.03230135111638996,-5.354224141521714,-5.325001539241169,-5.298276639868653,-5.312345557497428
-1.927531990484121,-0.9384047450887141,0.03230544324140522,-5.354035829021409,-5.325095076741322,-5.298183752368424,-5.312345557497428
-1.9276304490387735,-0.9384047450887141,0.03230135111638996,-5.354129985271561,-5.325188614241474,-5.297997977367967,-5.312155807497886
-1.927471177163087,-0.9383695882138665,0.03230544324140522,-5.354129985271561,-5.325656301742237,-5.298648189869568,-5.312535307496971
-1.927478899858892,-0.9383695882138665,0.03230135111638996,-5.354224141521714,-5.325375689241779,-5.298090864868195,-5.312250682497657
-1.927433531929468,-0.9382641175893243,0.0322972589913747,-5.354035829021409,-5.325375689241779,-5.298276639868653,-5.312060932498115
-1.927531990484121,-0.9384321792677565,0.03230135111638996,-5.354318297771867,-5.324440314240253,-5.297347764866364,-5.311301932499946
-1.927478899858892,-0.9384244565719515,0.0322972589913747,-5.354318297771867,-5.324908001741017,-5.297812202367508,-5.312155807497886
-1.927524267788316,-0.9383541428222566,0.03230135111638996,-5.354318297771867,-5.325375689241779,-5.298090864868195,-5.312345557497428
-1.9275773584135445,-0.9382838290725619,0.03230135111638996,-5.354318297771867,-5.325095076741322,-5.298090864868195,-5.312155807497886
-1.927524267788316,-0.9383541428222566,0.03228907474134418,-5.354035829021409,-5.324720926740711,-5.297347764866364,-5.311586557499259
-1.927524267788316,-0.9383541428222566,0.03230135111638996,-5.354129985271561,-5.325188614241474,-5.298090864868195,-5.312345557497428
-1.9275928038051544,-0.9383344313390192,0.03230544324140522,-5.354129985271561,-5.325095076741322,-5.297905089867737,-5.311966057498344
-1.9275928038051544,-0.9382992744641718,0.03230135111638996,-5.354318297771867,-5.325095076741322,-5.297905089867737,-5.312345557497428
-1.9275928038051544,-0.9382641175893243,0.03230544324140522,-5.354035829021409,-5.324720926740711,-5.29762642736705,-5.311776307498802
-1.927812889001875,-0.9382992744641718,0.0322972589913747,-5.354224141521714,-5.325095076741322,-5.297997977367967,-5.312250682497657
-1.9276912623598075,-0.9383618655180616,0.03230544324140522,-5.354318297771867,-5.324814464240864,-5.29771931486728,-5.311776307498802
-1.927524267788316,-0.9382915517683669,0.03230544324140522,-5.354129985271561,-5.324908001741017,-5.297997977367967,-5.312345557497428
-1.927418086537858,-0.9383541428222566,0.0322972589913747,-5.354129985271561,-5.325562764242084,-5.298276639868653,-5.312345557497428
-1.9275773584135445,-0.9382838290725619,0.03230135111638996,-5.354129985271561,-5.324440314240253,-5.297254877366135,-5.311301932499946
-1.9275696357177394,-0.9383541428222566,0.03230544324140522,-5.354129985271561,-5.326217526743153,-5.299669952372086,-5.313673807494224
-1.927463454467282,-0.9382838290725619,0.03230135111638996,-5.354318297771867,-5.325282151741627,-5.298183752368424,-5.312345557497428
-1.9275773584135445,-0.9383892996971042,0.03230135111638996,-5.354129985271561,-5.325001539241169,-5.297997977367967,-5.312060932498115
-1.9275850811093496,-0.9382838290725619,0.03230544324140522,-5.354318297771867,-5.324908001741017,-5.297997977367967,-5.312060932498115
-1.9276381717345785,-0.9383892996971042,0.03230135111638996,-5.354318297771867,-5.325095076741322,-5.298183752368424,-5.312250682497657
-1.927486622554697,-0.9383541428222566,0.03230135111638996,-5.354224141521714,-5.325095076741322,-5.297997977367967,-5.312060932498115
-1.9275928038051544,-0.9383892996971042,0.03230135111638996,-5.354035829021409,-5.325095076741322,-5.297905089867737,-5.312345557497428
-1.9275928038051544,-0.9383541428222566,0.03230135111638996,-5.354035829021409,-5.325188614241474,-5.298183752368424,-5.312440432497199
-1.927486622554697,-0.9382838290725619,0.03230953536642048,-5.354224141521714,-5.325095076741322,-5.297905089867737,-5.312345557497428
-1.927539713179926,-0.9383189859474093,0.032317719616450996,-5.354318297771867,-5.325188614241474,-5.297812202367508,-5.312060932498115
-1.9274258092336631,-0.9383892996971042,0.0322972589913747,-5.354129985271561,-5.325936914242695,-5.298833964870026,-5.312914807496055
-1.9276381717345785,-0.9383541428222566,0.03229316686635944,-5.354318297771867,-5.325188614241474,-5.298090864868195,-5.312250682497657
-1.9276458944303834,-0.9382486721977144,0.03230135111638996,-5.354129985271561,-5.325188614241474,-5.297997977367967,-5.312250682497657
-1.9276989850556123,-0.9383267086432142,0.03230544324140522,-5.354318297771867,-5.325188614241474,-5.29846241486911,-5.312155807497886
-1.927531990484121,-0.9382563948935193,0.03230544324140522,-5.354318297771867,-5.325469226741932,-5.298276639868653,-5.312155807497886
-1.9276304490387735,-0.9383892996971042,0.03230953536642048,-5.354224141521714,-5.325095076741322,-5.298090864868195,-5.311966057498344
-1.9276304490387735,-0.9383189859474093,0.03230953536642048,-5.354129985271561,-5.325282151741627,-5.297997977367967,-5.312250682497657
-1.9275773584135445,-0.9382486721977144,0.03229316686635944,-5.353941672771256,-5.325843376742543,-5.298833964870026,-5.313009682495826
-1.927471177163087,-0.9382838290725619,0.03230135111638996,-5.353847516521103,-5.325095076741322,-5.298183752368424,-5.312155807497886
-1.927524267788316,-0.9382838290725619,0.03230135111638996,-5.35441245402202,-5.325095076741322,-5.298183752368424,-5.312155807497886
-1.9274258092336631,-0.9382838290725619,0.03228907474134418,-5.354129985271561,-5.324533851740406,-5.29762642736705,-5.311776307498802
-1.927486622554697,-0.938213515322867,0.03230544324140522,-5.354318297771867,-5.325095076741322,-5.298090864868195,-5.312155807497886
-1.9275928038051544,-0.9383618655180616,0.0322972589913747,-5.354318297771867,-5.325095076741322,-5.298183752368424,-5.312250682497657
-1.9276989850556123,-0.9382915517683669,0.03230953536642048,-5.354035829021409,-5.325375689241779,-5.298183752368424,-5.312155807497886
-1.9274943452505018,-0.9383970223929091,0.03230544324140522,-5.353941672771256,-5.324908001741017,-5.297905089867737,-5.311966057498344
-1.9275928038051544,-0.9383892996971042,0.0322972589913747,-5.354318297771867,-5.325188614241474,-5.297812202367508,-5.312250682497657
-1.927531990484121,-0.9384244565719515,0.03230953536642048,-5.354129985271561,-5.325001539241169,-5.298183752368424,-5.312345557497428
-1.9276381717345785,-0.9382838290725619,0.03228907474134418,-5.354129985271561,-5.325188614241474,-5.297997977367967,-5.312250682497657
-1.9275773584135445,-0.9383189859474093,0.03230544324140522,-5.354318297771867,-5.325188614241474,-5.298369527368882,-5.312250682497657
-1.9275696357177394,-0.9383541428222566,0.03230135111638996,-5.354224141521714,-5.325001539241169,-5.297997977367967,-5.312155807497886
-1.9276758169681973,-0.9383541428222566,0.03229316686635944,-5.354129985271561,-5.325001539241169,-5.298090864868195,-5.312155807497886
-1.9275696357177394,-0.9383541428222566,0.03230135111638996,-5.354318297771867,-5.325095076741322,-5.297997977367967,-5.312155807497886
-1.9275773584135445,-0.9383541428222566,0.03230135111638996,-5.354318297771867,-5.325001539241169,-5.297997977367967,-5.312250682497657
-1.9275773584135445,-0.9382838290725619,0.03230135111638996,-5.354318297771867,-5.324440314240253,-5.297254877366135,-5.311491682499488
-1.9276381717345785,-0.9383189859474093,0.03230544324140522,-5.354318297771867,-5.325095076741322,-5.297997977367967,-5.312155807497886
-1.9275850811093496,-0.9383541428222566,0.0322972589913747,-5.354318297771867,-5.325095076741322,-5.298276639868653,-5.312155807497886
-1.927478899858892,-0.9382486721977144,0.03229316686635944,-5.353941672771256,-5.325095076741322,-5.298183752368424,-5.312250682497657
-1.9275850811093496,-0.9382838290725619,0.03230135111638996,-5.354129985271561,-5.325095076741322,-5.297997977367967,-5.312155807497886
-1.9275850811093496,-0.9383541428222566,0.03228907474134418,-5.354129985271561,-5.325188614241474,-5.297997977367967,-5.312440432497199
-1.927486622554697,-0.9383189859474093,0.0322972589913747,-5.354035829021409,-5.325001539241169,-5.297905089867737,-5.311776307498802
-1.9275928038051544,-0.9383541428222566,0.03230953536642048,-5.354224141521714,-5.325188614241474,-5.298369527368882,-5.312060932498115
-1.9276912623598075,-0.9383189859474093,0.03230544324140522,-5.354129985271561,-5.325095076741322,-5.298090864868195,-5.312155807497886
-1.927531990484121,-0.9382838290725619,0.03231362749143574,-5.354318297771867,-5.325095076741322,-5.298183752368424,-5.312250682497657
-1.927471177163087,-0.9383892996971042,0.0322972589913747,-5.354318297771867,-5.325188614241474,-5.298090864868195,-5.312345557497428
-1.9275773584135445,-0.9382838290725619,0.03231362749143574,-5.354318297771867,-5.325001539241169,-5.297997977367967,-5.311966057498344
-1.927463454467282,-0.9382486721977144,0.0322972589913747,-5.354035829021409,-5.325188614241474,-5.298276639868653,-5.312155807497886
-1.9276758169681973,-0.9383541428222566,0.03230544324140522,-5.354035829021409,-5.325188614241474,-5.297997977367967,-5.312345557497428
-1.927471177163087,-0.9382838290725619,0.03230135111638996,-5.354035829021409,-5.325282151741627,-5.297905089867737,-5.312250682497657
-1.9275773584135445,-0.9383189859474093,0.03230544324140522,-5.354318297771867,-5.324908001741017,-5.297812202367508,-5.312155807497886
-1.927478899858892,-0.9383618655180616,0.03230135111638996,-5.354129985271561,-5.324814464240864,-5.297533539866822,-5.311871182498573
-1.9275850811093496,-0.9383618655180616,0.03229187057309444,-5.354129985271561,-5.326030451742848,-5.298926852370255,-5.312914807496055
-1.9275850811093496,-0.9382563948935193,0.03230414694814022,-5.354035829021409,-5.325188614241474,-5.298183752368424,-5.312060932498115
-1.9277974436102654,-0.9383970223929091,0.03230005482312496,-5.354035829021409,-5.325282151741627,-5.297997977367967,-5.312060932498115
-1.9276458944303834,-0.9382486721977144,0.03230414694814022,-5.353847516521103,-5.326311064243305,-5.2992984023711704,-5.313199432495368
-1.9276458944303834,-0.9383892996971042,0.03230005482312496,-5.35441245402202,-5.325282151741627,-5.298090864868195,-5.312155807497886
-1.9276912623598075,-0.9383541428222566,0.03230414694814022,-5.354035829021409,-5.325095076741322,-5.298183752368424,-5.312250682497657
-1.927478899858892,-0.9383892996971042,0.0322959626981097,-5.354318297771867,-5.325001539241169,-5.298183752368424,-5.311966057498344
-1.927478899858892,-0.9383541428222566,0.03230823907315548,-5.35441245402202,-5.325188614241474,-5.297997977367967,-5.312155807497886
-1.927531990484121,-0.9382838290725619,0.03230005482312496,-5.354035829021409,-5.325469226741932,-5.297905089867737,-5.312535307496971
-1.9275850811093496,-0.9383541428222566,0.03230823907315548,-5.354035829021409,-5.325001539241169,-5.297905089867737,-5.312060932498115
-1.927478899858892,-0.9383618655180616,0.03229187057309444,-5.354318297771867,-5.325001539241169,-5.297905089867737,-5.312155807497886
-1.927531990484121,-0.9382915517683669,0.03230005482312496,-5.354035829021409,-5.325188614241474,-5.29855530236934,-5.312155807497886
-1.927471177163087,-0.9383267086432142,0.03230414694814022,-5.354129985271561,-5.325469226741932,-5.298183752368424,-5.312155807497886
-1.927478899858892,-0.9382563948935193,0.03230005482312496,-5.354318297771867,-5.325001539241169,-5.297997977367967,-5.312155807497886
-1.9275850811093496,-0.9382915517683669,0.03230005482312496,-5.354035829021409,-5.325001539241169,-5.297997977367967,-5.312155807497886
-1.9274943452505018,-0.9383892996971042,0.03230005482312496,-5.354318297771867,-5.325188614241474,-5.298090864868195,-5.312155807497886
-1.9275474358757307,-0.9383892996971042,0.03230005482312496,-5.354129985271561,-5.325282151741627,-5.297997977367967,-5.312250682497657
-1.9275928038051544,-0.9383541428222566,0.03230414694814022,-5.354318297771867,-5.325375689241779,-5.298090864868195,-5.311966057498344
-1.927478899858892,-0.938213515322867,0.03229187057309444,-5.354035829021409,-5.325095076741322,-5.297905089867737,-5.311871182498573
-1.9275773584135445,-0.9382915517683669,0.0322959626981097,-5.354318297771867,-5.325001539241169,-5.298183752368424,-5.312250682497657
-1.927418086537858,-0.9383618655180616,0.03229187057309444,-5.354129985271561,-5.324908001741017,-5.298090864868195,-5.312250682497657
-1.9275773584135445,-0.9383970223929091,0.03229187057309444,-5.354318297771867,-5.325001539241169,-5.297812202367508,-5.311966057498344
-1.927524267788316,-0.9382915517683669,0.03230823907315548,-5.354035829021409,-5.324908001741017,-5.297905089867737,-5.312060932498115
-1.927524267788316,-0.9383618655180616,0.032312331198170736,-5.354506610272171,-5.325001539241169,-5.297997977367967,-5.312060932498115
-1.9275850811093496,-0.9382838290725619,0.03230414694814022,-5.353659204020799,-5.325001539241169,-5.298183752368424,-5.312250682497657
-1.927433531929468,-0.9382838290725619,0.032312331198170736,-5.354318297771867,-5.3246273892405585,-5.297440652366593,-5.311871182498573
-1.927486622554697,-0.9382838290725619,0.03230414694814022,-5.354035829021409,-5.325375689241779,-5.298090864868195,-5.312155807497886
-1.927539713179926,-0.9382486721977144,0.032312331198170736,-5.354318297771867,-5.325095076741322,-5.298090864868195,-5.312155807497886
-1.9275928038051544,-0.9383892996971042,0.03230414694814022,-5.354224141521714,-5.325375689241779,-5.298369527368882,-5.312155807497886
-1.9275928038051544,-0.9384244565719515,0.03230823907315548,-5.354318297771867,-5.325188614241474,-5.298276639868653,-5.312535307496971
-1.9276912623598075,-0.9382915517683669,0.0322959626981097,-5.354129985271561,-5.324440314240253,-5.297533539866822,-5.3116814324990305
-1.9276758169681973,-0.9383267086432142,0.03230823907315548,-5.354318297771867,-5.324908001741017,-5.29771931486728,-5.312060932498115
-1.927418086537858,-0.9382838290725619,0.03230823907315548,-5.354035829021409,-5.324253239239948,-5.297905089867737,-5.312250682497657
-1.927418086537858,-0.9384518907509938,0.03230414694814022,-5.354318297771867,-5.324908001741017,-5.297997977367967,-5.312060932498115
-1.9276912623598075,-0.9382761063767568,0.03230414694814022,-5.354318297771867,-5.324533851740406,-5.29762642736705,-5.311586557499259
-1.9276912623598075,-0.9383815770012991,0.03230005482312496,-5.354224141521714,-5.325001539241169,-5.297812202367508,-5.312060932498115
-1.9275773584135445,-0.9384167338761464,0.03230005482312496,-5.354318297771867,-5.324908001741017,-5.297997977367967,-5.312155807497886
-1.927410363842053,-0.9382838290725619,0.0322959626981097,-5.353941672771256,-5.325095076741322,-5.298090864868195,-5.312060932498115
-1.9274557317714769,-0.9383541428222566,0.03230823907315548,-5.354506610272171,-5.325282151741627,-5.298183752368424,-5.312060932498115
-1.927516545092511,-0.9383618655180616,0.03230005482312496,-5.354129985271561,-5.325469226741932,-5.298369527368882,-5.312630182496742
-1.927531990484121,-0.9382915517683669,0.032316423323185996,-5.354318297771867,-5.325282151741627,-5.297997977367967,-5.312155807497886
-1.927531990484121,-0.9383344313390192,0.03230414694814022,-5.35441245402202,-5.325375689241779,-5.298090864868195,-5.312155807497886
-1.9277067077514172,-0.9382915517683669,0.03230823907315548,-5.354318297771867,-5.325188614241474,-5.297997977367967,-5.312250682497657
-1.9277144304472222,-0.9383541428222566,0.03230414694814022,-5.354129985271561,-5.325188614241474,-5.298183752368424,-5.312250682497657
-1.9276082491967643,-0.9383189859474093,0.03230414694814022,-5.354129985271561,-5.325375689241779,-5.298369527368882,-5.312250682497657
-1.9277221531430273,-0.9382409495019093,0.03230135111638996,-5.354129985271561,-5.325188614241474,-5.297997977367967,-5.312250682497657
-1.9277144304472222,-0.9383464201264515,0.03230135111638996,-5.35441245402202,-5.324533851740406,-5.29771931486728,-5.311776307498802
-1.9275928038051544,-0.9382761063767568,0.03231083165968547,-5.354506610272171,-5.325095076741322,-5.297905089867737,-5.311966057498344
-1.9275773584135445,-0.9383035405557992,0.03230264740965495,-5.354035829021409,-5.325749839242389,-5.298741077369797,-5.312630182496742
-1.927463454467282,-0.9383464201264515,0.03230673953467021,-5.354129985271561,-5.325001539241169,-5.298276639868653,-5.312060932498115
-1.9273949184504429,-0.9382838290725619,0.0322972589913747,-5.354129985271561,-5.325001539241169,-5.297997977367967,-5.311966057498344
-1.9272655691125702,-0.9382838290725619,0.03230135111638996,-5.354035829021409,-5.324908001741017,-5.297905089867737,-5.312060932498115
-1.927470208917681,-0.9383695882138665,0.03230544324140522,-5.354224141521714,-5.324346776740101,-5.297347764866364,-5.311396807499717
-1.9275155768471044,-0.9383695882138665,0.03230544324140522,-5.354318297771867,-5.325001539241169,-5.297905089867737,-5.312060932498115
-1.9275310222387145,-0.9382915517683669,0.03230823907315548,-5.354035829021409,-5.325375689241779,-5.298276639868653,-5.312250682497657
-1.9275010997009008,-0.9382915517683669,0.032316423323185996,-5.353941672771256,-5.325001539241169,-5.298090864868195,-5.312060932498115
-1.9274258092336631,-0.9382838290725619,0.03230953536642048,-5.354129985271561,-5.325282151741627,-5.298276639868653,-5.312155807497886
-1.9278592251767053,-0.9383464201264515,0.03230135111638996,-5.354129985271561,-5.326123989243,-5.2992984023711704,-5.3132943074951395
-1.927966374672569,-0.9383464201264515,0.03230135111638996,-5.354129985271561,-5.324814464240864,-5.29771931486728,-5.311966057498344
-1.9278833615095263,-0.9383464201264515,0.03230135111638996,-5.354318297771867,-5.325282151741627,-5.297905089867737,-5.312250682497657
-1.9280049881515942,-0.9383464201264515,0.03230673953467021,-5.354318297771867,-5.325188614241474,-5.298183752368424,-5.312250682497657
-1.9279055613515352,-0.9383386974306466,0.03230264740965495,-5.354129985271561,-5.326123989243,-5.299112627370713,-5.312914807496055
-1.9278515024809002,-0.9382761063767568,0.03231492378470073,-5.354318297771867,-5.325188614241474,-5.297997977367967,-5.312060932498115
-1.9276227263429684,-0.9383464201264515,0.03230264740965495,-5.354129985271561,-5.325375689241779,-5.298183752368424,-5.312060932498115
-1.9275001314554943,-0.9383892996971042,0.03231083165968547,-5.354506610272171,-5.325282151741627,-5.298183752368424,-5.312250682497657
-1.927241432779749,-0.9383541428222566,0.03231083165968547,-5.354129985271561,-5.325936914242695,-5.298926852370255,-5.312914807496055
-1.927279078013368,-0.9382838290725619,0.03230673953467021,-5.354224141521714,-5.325188614241474,-5.297997977367967,-5.311966057498344
-1.927256878171359,-0.9382563948935193,0.03230264740965495,-5.354129985271561,-5.325095076741322,-5.297905089867737,-5.311966057498344
-1.927295491650384,-0.9383267086432142,0.03231083165968547,-5.354129985271561,-5.325001539241169,-5.297905089867737,-5.311966057498344
-1.9275696357177394,-0.9383541428222566,0.03231083165968547,-5.354224141521714,-5.325282151741627,-5.298090864868195,-5.312345557497428
-1.9276314172841795,-0.9383464201264515,0.03231083165968547,-5.354129985271561,-5.325001539241169,-5.298183752368424,-5.312155807497886
-1.9277916574052725,-0.9382409495019093,0.03230673953467021,-5.354129985271561,-5.325188614241474,-5.29846241486911,-5.312440432497199
-1.92791328404734,-0.9383386974306466,0.03230673953467021,-5.354129985271561,-5.325188614241474,-5.298369527368882,-5.312155807497886
-1.92791328404734,-0.9383738543054941,0.03230673953467021,-5.35441245402202,-5.325375689241779,-5.298276639868653,-5.312060932498115
-1.9278746705683152,-0.9382332268061043,0.03230673953467021,-5.354129985271561,-5.325188614241474,-5.298090864868195,-5.312345557497428
-1.9276236945883745,-0.9383386974306466,0.03230264740965495,-5.354129985271561,-5.325188614241474,-5.298183752368424,-5.312155807497886
-1.9274557317714769,-0.9383464201264515,0.03229855528463969,-5.354224141521714,-5.325375689241779,-5.298183752368424,-5.312345557497428
-1.9275155768471044,-0.9382761063767568,0.03231901590971599,-5.354318297771867,-5.325001539241169,-5.298183752368424,-5.312060932498115
-1.927348582275613,-0.9382409495019093,0.03229855528463969,-5.354035829021409,-5.325188614241474,-5.298090864868195,-5.312155807497886
-1.9274624862218759,-0.9382761063767568,0.03231492378470073,-5.354035829021409,-5.324908001741017,-5.297905089867737,-5.312060932498115
-1.927387195754638,-0.9382761063767568,0.03231083165968547,-5.354035829021409,-5.324533851740406,-5.29762642736705,-5.311871182498573
-1.927524267788316,-0.9383112632516042,0.03231083165968547,-5.354318297771867,-5.325095076741322,-5.297905089867737,-5.312155807497886
-1.9276767852136034,-0.9383541428222566,0.03230673953467021,-5.354318297771867,-5.324908001741017,-5.297997977367967,-5.312250682497657
-1.9278138572472812,-0.9381432015731721,0.03231083165968547,-5.354035829021409,-5.324814464240864,-5.29762642736705,-5.311966057498344
-1.9278669478725101,-0.9383464201264515,0.03230673953467021,-5.354035829021409,-5.325375689241779,-5.297997977367967,-5.312250682497657
-1.9276845079094085,-0.9382332268061043,0.03231083165968547,-5.354318297771867,-5.325001539241169,-5.298276639868653,-5.312250682497657
-1.9276767852136034,-0.9384090111803415,0.03230264740965495,-5.354318297771867,-5.325001539241169,-5.298276639868653,-5.312060932498115
-1.9276005265009593,-0.9382683836809519,0.03230673953467021,-5.354035829021409,-5.324908001741017,-5.297997977367967,-5.311871182498573
-1.9275773584135445,-0.9383112632516042,0.03229855528463969,-5.354035829021409,-5.325936914242695,-5.299112627370713,-5.313009682495826
-1.927357273216824,-0.9382409495019093,0.03230264740965495,-5.354129985271561,-5.325188614241474,-5.298183752368424,-5.312250682497657
-1.9275474358757307,-0.9384167338761464,0.032317719616450996,-5.354318297771867,-5.325188614241474,-5.298090864868195,-5.312155807497886
-1.9276005265009593,-0.9382761063767568,0.03230953536642048,-5.354035829021409,-5.325001539241169,-5.297997977367967,-5.312060932498115
-1.9276005265009593,-0.9383541428222566,0.032312331198170736,-5.354224141521714,-5.325095076741322,-5.298090864868195,-5.312250682497657
-1.9276005265009593,-0.9383541428222566,0.03230005482312496,-5.354224141521714,-5.325282151741627,-5.298090864868195,-5.312250682497657
-1.9275551585715358,-0.9382486721977144,0.03230823907315548,-5.354318297771867,-5.325188614241474,-5.298090864868195,-5.312155807497886
-1.9276536171261882,-0.9382486721977144,0.03230544324140522,-5.354035829021409,-5.325282151741627,-5.298183752368424,-5.312250682497657
-1.9276005265009593,-0.9383541428222566,0.03230264740965495,-5.354035829021409,-5.324814464240864,-5.297533539866822,-5.311871182498573
-1.927539713179926,-0.9383541428222566,0.03231492378470073,-5.354318297771867,-5.325282151741627,-5.298183752368424,-5.312250682497657
-1.9274943452505018,-0.9382486721977144,0.032294463159624434,-5.35441245402202,-5.325001539241169,-5.297997977367967,-5.312060932498115
-1.9276005265009593,-0.9382838290725619,0.03230264740965495,-5.354129985271561,-5.325001539241169,-5.297905089867737,-5.312440432497199
-1.927448977321078,-0.9382838290725619,0.032294463159624434,-5.354035829021409,-5.325188614241474,-5.297997977367967,-5.312155807497886
-1.9276005265009593,-0.9383189859474093,0.03230673953467021,-5.354318297771867,-5.325095076741322,-5.297905089867737,-5.311966057498344
-1.9276458944303834,-0.9383541428222566,0.03230264740965495,-5.354318297771867,-5.325001539241169,-5.298369527368882,-5.312250682497657
-1.9275773584135445,-0.9383541428222566,0.03231083165968547,-5.354318297771867,-5.325282151741627,-5.298183752368424,-5.312060932498115
-1.9276304490387735,-0.9383541428222566,0.03229855528463969,-5.354129985271561,-5.326872289244221,-5.2998557273725435,-5.3140533074933085
-1.927516545092511,-0.9383464201264515,0.03230264740965495,-5.354318297771867,-5.325095076741322,-5.297905089867737,-5.312250682497657
-1.9276912623598075,-0.9384167338761464,0.03230673953467021,-5.35441245402202,-5.325282151741627,-5.298090864868195,-5.312060932498115
-1.927486622554697,-0.9382486721977144,0.03230135111638996,-5.353941672771256,-5.325282151741627,-5.298183752368424,-5.312250682497657
-1.927812889001875,-0.9385024930174514,0.03230953536642048,-5.35441245402202,-5.325188614241474,-5.298183752368424,-5.312535307496971
-1.9276236945883745,-0.9383267086432142,0.03230005482312496,-5.354506610272171,-5.324814464240864,-5.297812202367508,-5.312060932498115
-1.9276845079094085,-0.9383189859474093,0.03230414694814022,-5.354318297771867,-5.325188614241474,-5.298183752368424,-5.312155807497886
-1.9276391399799844,-0.9382409495019093,0.03230414694814022,-5.354318297771867,-5.325188614241474,-5.298276639868653,-5.312250682497657
-1.927578326658951,-0.9383464201264515,0.03230544324140522,-5.353941672771256,-5.325188614241474,-5.297997977367967,-5.312250682497657
-1.927570603963146,-0.9383815770012991,0.03230135111638996,-5.35441245402202,-5.324814464240864,-5.297905089867737,-5.312060932498115
-1.9276082491967643,-0.9383309747348416,0.03230953536642048,-5.354129985271561,-5.325001539241169,-5.298183752368424,-5.311966057498344
-1.9276989850556123,-0.9382958178599943,0.03230264740965495,-5.354318297771867,-5.325188614241474,-5.298369527368882,-5.312155807497886
-1.9275773584135445,-0.9383738543054941,0.03231083165968547,-5.35441245402202,-5.325095076741322,-5.297905089867737,-5.312155807497886
-1.927357273216824,-0.9383464201264515,0.03230673953467021,-5.354318297771867,-5.324908001741017,-5.297812202367508,-5.311966057498344
-1.927402641146248,-0.9383815770012991,0.03230264740965495,-5.35441245402202,-5.324440314240253,-5.297254877366135,-5.311301932499946
-1.9275010997009008,-0.9383464201264515,0.03231492378470073,-5.35441245402202,-5.325188614241474,-5.298183752368424,-5.312250682497657
-1.9275696357177394,-0.9383815770012991,0.03230673953467021,-5.354224141521714,-5.325001539241169,-5.298183752368424,-5.312060932498115
-1.9276912623598075,-0.9383815770012991,0.03231901590971599,-5.354129985271561,-5.325282151741627,-5.298276639868653,-5.312440432497199
-1.9275928038051544,-0.9382486721977144,0.03230673953467021,-5.353941672771256,-5.325095076741322,-5.297997977367967,-5.312250682497657
-1.9275628812673409,-0.9383189859474093,0.03230264740965495,-5.354129985271561,-5.325282151741627,-5.298090864868195,-5.312345557497428
-1.9277829664640613,-0.9383892996971042,0.03230673953467021,-5.354318297771867,-5.326123989243,-5.299019739870484,-5.313389182494911
-1.927570603963146,-0.9383464201264515,0.032294463159624434,-5.35441245402202,-5.325188614241474,-5.297905089867737,-5.312250682497657
-1.9279576837313577,-0.9383464201264515,0.03230264740965495,-5.354318297771867,-5.325749839242389,-5.298276639868653,-5.312819932496284
-1.9278515024809002,-0.9382761063767568,0.03230673953467021,-5.354129985271561,-5.325095076741322,-5.298183752368424,-5.312345557497428
-1.9278360570892903,-0.9382761063767568,0.03230673953467021,-5.354318297771867,-5.324440314240253,-5.297347764866364,-5.311396807499717
-1.9276159718925694,-0.9382057926270619,0.03230264740965495,-5.354035829021409,-5.325095076741322,-5.298276639868653,-5.312060932498115
-1.9276989850556123,-0.9382409495019093,0.03231083165968547,-5.354318297771867,-5.325001539241169,-5.297997977367967,-5.312060932498115
-1.927516545092511,-0.9383738543054941,0.03230264740965495,-5.354035829021409,-5.325188614241474,-5.298276639868653,-5.312060932498115
-1.927440286379867,-0.9383738543054941,0.03231492378470073,-5.354506610272171,-5.325188614241474,-5.297997977367967,-5.312155807497886
-1.927364027667223,-0.9383112632516042,0.032294463159624434,-5.354129985271561,-5.325095076741322,-5.298183752368424,-5.311966057498344
-1.927409395596647,-0.9382409495019093,0.03230673953467021,-5.354129985271561,-5.325188614241474,-5.298276639868653,-5.312250682497657
-1.9275464676303244,-0.9383112632516042,0.03231901590971599,-5.354129985271561,-5.324814464240864,-5.297905089867737,-5.311966057498344
-1.9276227263429684,-0.9383464201264515,0.03230673953467021,-5.354129985271561,-5.325375689241779,-5.29855530236934,-5.312535307496971
-1.9276082491967643,-0.9383189859474093,0.03231083165968547,-5.354318297771867,-5.324908001741017,-5.298090864868195,-5.312060932498115
-1.9278138572472812,-0.9382409495019093,0.03230264740965495,-5.354318297771867,-5.325188614241474,-5.298090864868195,-5.312250682497657
-1.9278978386557304,-0.9382057926270619,0.03231083165968547,-5.354318297771867,-5.325095076741322,-5.297905089867737,-5.312155807497886
-1.927966374672569,-0.9383464201264515,0.03231083165968547,-5.354318297771867,-5.325095076741322,-5.298183752368424,-5.312345557497428
-1.92791328404734,-0.9382761063767568,0.03231492378470073,-5.354035829021409,-5.324814464240864,-5.297812202367508,-5.311871182498573
-1.9276700307632044,-0.9382761063767568,0.03231083165968547,-5.354129985271561,-5.325095076741322,-5.298090864868195,-5.312060932498115
-1.7186127431938918,-0.8345209903592528,0.05529758029026949,-4.770178373807574,-4.740453444218408,-4.723533094630133,-4.733561305734106
-1.7187189244443497,-0.8345561472341003,0.055305764540300006,-4.770272530057727,-4.740453444218408,-4.723347319629674,-4.7336561807338775
-1.7187112017485449,-0.8344858334844054,0.055309856665315266,-4.770178373807574,-4.740359906718256,-4.723533094630133,-4.733466430734335
-1.7186127431938918,-0.8345209903592528,0.05530167241528475,-4.769801748806964,-4.740546981718561,-4.723533094630133,-4.7336561807338775
-1.7186735565149256,-0.8344858334844054,0.05529758029026949,-4.769895905057116,-4.740359906718256,-4.723254432129446,-4.733181805735022
-1.7185673752644677,-0.8345209903592528,0.055305764540300006,-4.770178373807574,-4.740827594219018,-4.723904644631048,-4.734225430732504
-1.7185673752644677,-0.834442953913753,0.055318040915345784,-4.770084217557422,-4.740359906718256,-4.723347319629674,-4.733371555734564
-1.7186812792107307,-0.8344781107886003,0.055309856665315266,-4.769990061307269,-4.740172831717951,-4.723347319629674,-4.7336561807338775
-1.7187343698359596,-0.8345132676634477,0.055309856665315266,-4.770084217557422,-4.740453444218408,-4.723440207129904,-4.733276680734793
-1.7187343698359596,-0.8345835814131426,0.055318040915345784,-4.770366686307879,-4.740453444218408,-4.723440207129904,-4.733466430734335
-1.7187951831569936,-0.8345484245382953,0.055305764540300006,-4.770178373807574,-4.740172831717951,-4.722975769628759,-4.7328971807357085
-1.7185828206560778,-0.8345561472341003,0.055318040915345784,-4.770178373807574,-4.740827594219018,-4.72381175713082,-4.734320305732275
-1.7187343698359596,-0.8346616178586426,0.055322133040361036,-4.770366686307879,-4.740453444218408,-4.723533094630133,-4.733466430734335
-1.7186812792107307,-0.8345209903592528,0.05530167241528475,-4.769801748806964,-4.740266369218103,-4.723533094630133,-4.7336561807338775
-1.7186204658896966,-0.8345209903592528,0.055309856665315266,-4.769990061307269,-4.740172831717951,-4.7228828821285305,-4.733086930735251
-1.7186658338191207,-0.8345561472341003,0.05530167241528475,-4.770084217557422,-4.740640519218713,-4.723533094630133,-4.7336561807338775
-1.7186127431938918,-0.8345209903592528,0.05530426500181475,-4.769990061307269,-4.740453444218408,-4.723254432129446,-4.733561305734106
-1.7186127431938918,-0.8345209903592528,0.05530426500181475,-4.770178373807574,-4.741108206719476,-4.724369082132192,-4.734320305732275
-1.7186127431938918,-0.8346616178586426,0.055316541376860526,-4.770460842558032,-4.740266369218103,-4.723440207129904,-4.733371555734564
-1.718605020498087,-0.8345484245382953,0.055320633501875785,-4.770178373807574,-4.740453444218408,-4.723254432129446,-4.733371555734564
-1.7187189244443497,-0.8345484245382953,0.055312449251845267,-4.769990061307269,-4.740453444218408,-4.723254432129446,-4.733371555734564
-1.7187266471401546,-0.8346187382879899,0.05530835712683001,-4.770272530057727,-4.739330994216576,-4.722232669626928,-4.732327930737082
-1.7187343698359596,-0.8345209903592528,0.05530835712683001,-4.770084217557422,-4.740079294217798,-4.7231615446292174,-4.733466430734335
-1.7186359112813068,-0.8344858334844054,0.05530426500181475,-4.769990061307269,-4.740453444218408,-4.723440207129904,-4.733561305734106
-1.7188482737822222,-0.8345913041089477,0.05530835712683001,-4.770178373807574,-4.741762969220545,-4.724740632133109,-4.734794680731131
-1.7187498152275698,-0.8344858334844054,0.055320633501875785,-4.770084217557422,-4.739518069216883,-4.7223255571271565,-4.732517680736624
-1.7187498152275698,-0.8345913041089477,0.05530835712683001,-4.769895905057116,-4.740453444218408,-4.723347319629674,-4.733561305734106
-1.7189013644074511,-0.8345561472341003,0.055312449251845267,-4.770178373807574,-4.740734056718866,-4.723904644631048,-4.733940805733191
-1.7186735565149256,-0.8344858334844054,0.05529608075178423,-4.770084217557422,-4.740453444218408,-4.7231615446292174,-4.733371555734564
-1.7187720150695787,-0.8345913041089477,0.05529198862676897,-4.770178373807574,-4.740453444218408,-4.723440207129904,-4.733466430734335
-1.7187112017485449,-0.8344506766095581,0.055312449251845267,-4.770084217557422,-4.740546981718561,-4.723533094630133,-4.7336561807338775
-1.718498839247629,-0.8345561472341003,0.05530426500181475,-4.770366686307879,-4.739518069216883,-4.722697107128074,-4.732327930737082
-1.718544207177053,-0.8345561472341003,0.055316541376860526,-4.770084217557422,-4.740453444218408,-4.723533094630133,-4.733276680734793
-1.7187720150695787,-0.8344858334844054,0.05530835712683001,-4.770084217557422,-4.740453444218408,-4.723347319629674,-4.733276680734793
-1.7187266471401546,-0.8345209903592528,0.05530835712683001,-4.769990061307269,-4.740640519218713,-4.723625982130361,-4.733561305734106
-1.7187343698359596,-0.8344858334844054,0.05530017287679949,-4.770084217557422,-4.740546981718561,-4.723254432129446,-4.7336561807338775
-1.7187343698359596,-0.8345561472341003,0.05530835712683001,-4.770084217557422,-4.740453444218408,-4.723533094630133,-4.733466430734335
-1.7187343698359596,-0.8346616178586426,0.055316541376860526,-4.770366686307879,-4.740359906718256,-4.723440207129904,-4.733561305734106
-1.718840551086417,-0.8345209903592528,0.05530835712683001,-4.770178373807574,-4.740359906718256,-4.723533094630133,-4.733466430734335
-1.7187951831569936,-0.8344858334844054,0.05530835712683001,-4.770084217557422,-4.740172831717951,-4.723347319629674,-4.733181805735022
-1.7186359112813068,-0.8345913041089477,0.055320633501875785,-4.770272530057727,-4.740172831717951,-4.723254432129446,-4.733276680734793
-1.7187874604611886,-0.8345209903592528,0.055320633501875785,-4.770366686307879,-4.740453444218408,-4.723440207129904,-4.733561305734106
-1.7185142846392387,-0.8345209903592528,0.05530426500181475,-4.770084217557422,-4.740359906718256,-4.723347319629674,-4.733466430734335
-1.7185065619434339,-0.8345209903592528,0.05530426500181475,-4.769990061307269,-4.740546981718561,-4.723440207129904,-4.733371555734564
-1.7186658338191207,-0.8345561472341003,0.05529608075178423,-4.770178373807574,-4.740172831717951,-4.723440207129904,-4.733276680734793
-1.7187112017485449,-0.8345209903592528,0.055316541376860526,-4.770178373807574,-4.740359906718256,-4.723347319629674,-4.733371555734564
-1.718551929872858,-0.8345209903592528,0.055316541376860526,-4.770084217557422,-4.741388819219933,-4.724740632133109,-4.734794680731131
-1.7186503884275108,-0.8345913041089477,0.05530835712683001,-4.770178373807574,-4.740640519218713,-4.723440207129904,-4.733466430734335
-1.7187189244443497,-0.8345561472341003,0.055320633501875785,-4.770084217557422,-4.740640519218713,-4.723625982130361,-4.733561305734106
-1.7185673752644677,-0.8345561472341003,0.05530017287679949,-4.770084217557422,-4.740640519218713,-4.723625982130361,-4.7336561807338775
-1.7186281885855017,-0.8345913041089477,0.05530835712683001,-4.770084217557422,-4.740453444218408,-4.723254432129446,-4.733086930735251
-1.7186281885855017,-0.8345209903592528,0.055312449251845267,-4.770084217557422,-4.740266369218103,-4.723440207129904,-4.733466430734335
-1.7186890019065357,-0.8345209903592528,0.05530835712683001,-4.769990061307269,-4.740546981718561,-4.723440207129904,-4.7336561807338775
-1.7188482737822222,-0.8345561472341003,0.05530017287679949,-4.770366686307879,-4.740453444218408,-4.723533094630133,-4.733561305734106
-1.7187420925317647,-0.8344781107886003,0.055320633501875785,-4.769990061307269,-4.739985756717646,-4.723068657128989,-4.733371555734564
-1.7187343698359596,-0.8346187382879899,0.05531115295858026,-4.770178373807574,-4.740546981718561,-4.723533094630133,-4.733466430734335
-1.7187266471401546,-0.8345055449676426,0.05529887658353448,-4.770084217557422,-4.740266369218103,-4.723440207129904,-4.733466430734335
-1.7185673752644677,-0.8345055449676426,0.05531115295858026,-4.770178373807574,-4.740172831717951,-4.723254432129446,-4.733276680734793
-1.7186658338191207,-0.8345407018424902,0.05531524508359552,-4.770366686307879,-4.740453444218408,-4.723533094630133,-4.733276680734793
-1.7187189244443497,-0.8345407018424902,0.05531115295858026,-4.770554998808184,-4.740359906718256,-4.723625982130361,-4.733276680734793
-1.7188096603031973,-0.8345055449676426,0.055307060833565,-4.770178373807574,-4.740266369218103,-4.7228828821285305,-4.73299205573548
-1.718605020498087,-0.8345758587173375,0.05531933720861078,-4.770178373807574,-4.740453444218408,-4.723533094630133,-4.7336561807338775
-1.718658111123316,-0.8345132676634477,0.055312449251845267,-4.770084217557422,-4.740453444218408,-4.723347319629674,-4.733371555734564
-1.718658111123316,-0.8345209903592528,0.05530835712683001,-4.769990061307269,-4.740453444218408,-4.72381175713082,-4.733466430734335
-1.7187189244443497,-0.8344858334844054,0.05531933720861078,-4.770084217557422,-4.740453444218408,-4.723254432129446,-4.733561305734106
-1.7186204658896966,-0.8345561472341003,0.055307060833565,-4.770084217557422,-4.740453444218408,-4.723347319629674,-4.733371555734564
-1.718840551086417,-0.8345561472341003,0.05531933720861078,-4.770178373807574,-4.740546981718561,-4.723347319629674,-4.73384593073342
-1.7187498152275698,-0.8345132676634477,0.05531115295858026,-4.770178373807574,-4.740453444218408,-4.723440207129904,-4.733466430734335
-1.7186359112813068,-0.8345835814131426,0.05530296870854974,-4.770272530057727,-4.740640519218713,-4.723625982130361,-4.733466430734335
-1.7189090871032562,-0.834442953913753,0.05530296870854974,-4.769801748806964,-4.740359906718256,-4.723625982130361,-4.733561305734106
-1.718840551086417,-0.8345407018424902,0.05530296870854974,-4.770178373807574,-4.741014669219323,-4.724090419631507,-4.734320305732275
-1.7187189244443497,-0.8345055449676426,0.05531115295858026,-4.770178373807574,-4.740453444218408,-4.723440207129904,-4.7336561807338775
-1.718491116551824,-0.8345055449676426,0.055307060833565,-4.770272530057727,-4.740453444218408,-4.723533094630133,-4.733751055733649
-1.7186957563569347,-0.8344000743431004,0.05531115295858026,-4.770084217557422,-4.740453444218408,-4.723533094630133,-4.733466430734335
-1.7183772126055614,-0.8344781107886003,0.05531115295858026,-4.770178373807574,-4.740546981718561,-4.723347319629674,-4.7336561807338775
-1.718483393856019,-0.8345484245382953,0.05531115295858026,-4.770178373807574,-4.739985756717646,-4.7228828821285305,-4.732802305735937
-1.7185895751064768,-0.8345209903592528,0.05531933720861078,-4.770366686307879,-4.739705144217188,-4.7228828821285305,-4.7328971807357085
-1.718605020498087,-0.8345209903592528,0.05531524508359552,-4.770178373807574,-4.740640519218713,-4.723254432129446,-4.7336561807338775
-1.7187189244443497,-0.8345561472341003,0.05530296870854974,-4.770272530057727,-4.740453444218408,-4.723625982130361,-4.733466430734335
-1.718840551086417,-0.8345484245382953,0.05530296870854974,-4.769990061307269,-4.740453444218408,-4.723625982130361,-4.7336561807338775
-1.7188029058527987,-0.8345484245382953,0.055307060833565,-4.769990061307269,-4.740266369218103,-4.723440207129904,-4.733466430734335
-1.7188637191738323,-0.8345484245382953,0.05531115295858026,-4.770366686307879,-4.740359906718256,-4.723440207129904,-4.733276680734793
-1.7189621777284851,-0.8345484245382953,0.055312449251845267,-4.770178373807574,-4.740266369218103,-4.723440207129904,-4.733371555734564
-1.7187575379233748,-0.8344781107886003,0.055312449251845267,-4.770178373807574,-4.740546981718561,-4.723347319629674,-4.733371555734564
-1.7187420925317647,-0.8344703880927953,0.05529737704504922,-4.769801748806964,-4.740453444218408,-4.723625982130361,-4.733751055733649
-1.7187189244443497,-0.8345758587173375,0.055309653420095,-4.770178373807574,-4.740453444218408,-4.723347319629674,-4.733466430734335
-1.7184380259265954,-0.8345132676634477,0.05531374554511026,-4.770178373807574,-4.740266369218103,-4.723440207129904,-4.733561305734106
-1.7185287617854428,-0.8345407018424902,0.05530556129507974,-4.770084217557422,-4.740172831717951,-4.723440207129904,-4.733466430734335
-1.7182932311971124,-0.8345407018424902,0.055309653420095,-4.770084217557422,-4.741108206719476,-4.723904644631048,-4.733940805733191
-1.7183463218223414,-0.8345209903592528,0.055309653420095,-4.770084217557422,-4.740266369218103,-4.723533094630133,-4.733371555734564
-1.7183540445181464,-0.834626460983795,0.05532192979514078,-4.770178373807574,-4.740546981718561,-4.72381175713082,-4.7336561807338775
-1.7185364844812479,-0.8345209903592528,0.05532192979514078,-4.770178373807574,-4.740453444218408,-4.723440207129904,-4.733466430734335
-1.7186658338191207,-0.8346616178586426,0.055309653420095,-4.770366686307879,-4.740546981718561,-4.723347319629674,-4.733466430734335
-1.7187343698359596,-0.8345913041089477,0.055309653420095,-4.770178373807574,-4.740546981718561,-4.72381175713082,-4.733466430734335
-1.7186359112813068,-0.8345484245382953,0.05531374554511026,-4.769801748806964,-4.740546981718561,-4.723254432129446,-4.7336561807338775
-1.7187420925317647,-0.8344781107886003,0.05532192979514078,-4.770084217557422,-4.741482356720088,-4.7245548571326506,-4.7344151807320465
-1.7187266471401546,-0.8345484245382953,0.05532881775190629,-4.770178373807574,-4.740453444218408,-4.723254432129446,-4.733276680734793
-1.7187189244443497,-0.8345132676634477,0.05532472562689103,-4.770178373807574,-4.740546981718561,-4.723625982130361,-4.733466430734335
-1.7186735565149256,-0.8345484245382953,0.055320633501875785,-4.770272530057727,-4.740453444218408,-4.723625982130361,-4.733466430734335
-1.7185750979602727,-0.8345055449676426,0.055309653420095,-4.770272530057727,-4.739518069216883,-4.7223255571271565,-4.732327930737082
-1.7187343698359596,-0.8345055449676426,0.05531374554511026,-4.769990061307269,-4.740453444218408,-4.723440207129904,-4.733371555734564
-1.7187343698359596,-0.8345407018424902,0.05530556129507974,-4.770178373807574,-4.740453444218408,-4.723625982130361,-4.733751055733649
-1.7185142846392387,-0.8344703880927953,0.055309653420095,-4.770178373807574,-4.740079294217798,-4.723254432129446,-4.733181805735022
-1.718658111123316,-0.8344703880927953,0.05530426500181475,-4.770366686307879,-4.740453444218408,-4.723533094630133,-4.733466430734335
-1.718498839247629,-0.8345835814131426,0.05532192979514078,-4.770178373807574,-4.740453444218408,-4.723533094630133,-4.733371555734564
-1.718544207177053,-0.8345484245382953,0.05532192979514078,-4.770366686307879,-4.740359906718256,-4.723254432129446,-4.733561305734106
-1.7185364844812479,-0.8345407018424902,0.055323226088405786,-4.770178373807574,-4.740453444218408,-4.723440207129904,-4.733466430734335
-1.7186503884275108,-0.8345407018424902,0.05531374554511026,-4.770366686307879,-4.740079294217798,-4.7231615446292174,-4.733276680734793
-1.7187112017485449,-0.8345758587173375,0.05530556129507974,-4.770178373807574,-4.740453444218408,-4.723625982130361,-4.733561305734106
-1.7185065619434339,-0.8344352312179479,0.05531374554511026,-4.769990061307269,-4.740546981718561,-4.723440207129904,-4.733466430734335
-1.7186127431938918,-0.8344703880927953,0.05530835712683001,-4.770178373807574,-4.739237456716424,-4.7223255571271565,-4.732327930737082
-1.7186281885855017,-0.8345407018424902,0.055320633501875785,-4.770084217557422,-4.740453444218408,-4.723347319629674,-4.733371555734564
-1.7185828206560778,-0.8344703880927953,0.055312449251845267,-4.770178373807574,-4.740266369218103,-4.7231615446292174,-4.733371555734564
-1.7187420925317647,-0.8344352312179479,0.05532472562689103,-4.769895905057116,-4.740359906718256,-4.723625982130361,-4.733466430734335
-1.7186359112813068,-0.8345132676634477,0.055320633501875785,-4.770178373807574,-4.740359906718256,-4.723440207129904,-4.733371555734564
-1.7188029058527987,-0.8345132676634477,0.05530426500181475,-4.770084217557422,-4.740172831717951,-4.723440207129904,-4.733561305734106
-1.7187343698359596,-0.8345835814131426,0.05530426500181475,-4.770366686307879,-4.740546981718561,-4.723718869630591,-4.7336561807338775
-1.7186658338191207,-0.8345484245382953,0.05530835712683001,-4.770178373807574,-4.740266369218103,-4.723254432129446,-4.733086930735251
-1.7184303032307904,-0.8345055449676426,0.055312449251845267,-4.770272530057727,-4.740172831717951,-4.723440207129904,-4.733466430734335
-1.7182478632676885,-0.8345055449676426,0.055312449251845267,-4.769895905057116,-4.741388819219933,-4.7245548571326506,-4.734510055731818
-1.7183463218223414,-0.8345055449676426,0.055316541376860526,-4.770366686307879,-4.740640519218713,-4.723625982130361,-4.733561305734106
-1.7183994124475703,-0.8345055449676426,0.055312449251845267,-4.770084217557422,-4.740266369218103,-4.723440207129904,-4.733466430734335
-1.7183540445181464,-0.8345055449676426,0.05530835712683001,-4.770178373807574,-4.740266369218103,-4.723440207129904,-4.7336561807338775
-1.718483393856019,-0.8345407018424902,0.055320633501875785,-4.770460842558032,-4.740827594219018,-4.723440207129904,-4.7336561807338775
-1.718551929872858,-0.8345055449676426,0.05530835712683001,-4.769990061307269,-4.740546981718561,-4.723440207129904,-4.733561305734106
-1.7186812792107307,-0.8344352312179479,0.055312449251845267,-4.770272530057727,-4.740827594219018,-4.723440207129904,-4.733181805735022
-1.7189168097990613,-0.8344781107886003,0.055320633501875785,-4.770272530057727,-4.740359906718256,-4.723625982130361,-4.733276680734793
-1.7187121699939507,-0.8344781107886003,0.055316541376860526,-4.770272530057727,-4.740640519218713,-4.723625982130361,-4.733371555734564
-1.7188183512444086,-0.8345758587173375,0.05530426500181475,-4.770178373807574,-4.739611606717036,-4.722511332127615,-4.732327930737082
-1.7187652606191797,-0.8344703880927953,0.05530835712683001,-4.770272530057727,-4.740266369218103,-4.723625982130361,-4.733466430734335
-1.7187951831569936,-0.8344626653969903,0.055316541376860526,-4.770178373807574,-4.740640519218713,-4.723625982130361,-4.7336561807338775
-1.7186735565149256,-0.8345329791466852,0.05530017287679949,-4.770178373807574,-4.740359906718256,-4.723625982130361,-4.733561305734106
-1.7185972978022819,-0.8345407018424902,0.055312449251845267,-4.770272530057727,-4.740266369218103,-4.723347319629674,-4.733466430734335
-1.7185741297148667,-0.8345758587173375,0.05530835712683001,-4.770366686307879,-4.740453444218408,-4.723440207129904,-4.733466430734335
-1.7182855085013076,-0.8345407018424902,0.055316541376860526,-4.770084217557422,-4.740734056718866,-4.723347319629674,-4.733561305734106
-1.7182855085013076,-0.8345561472341003,0.055320633501875785,-4.770084217557422,-4.740546981718561,-4.723440207129904,-4.733466430734335
-1.7184525030727988,-0.8345913041089477,0.05530835712683001,-4.770178373807574,-4.740640519218713,-4.723625982130361,-4.733466430734335
-1.7184679484644088,-0.8345561472341003,0.05530835712683001,-4.770178373807574,-4.740453444218408,-4.723533094630133,-4.733466430734335
-1.7185972978022819,-0.8344506766095581,0.055312449251845267,-4.769895905057116,-4.740640519218713,-4.72381175713082,-4.7336561807338775
-1.7187266471401546,-0.8345132676634477,0.055320633501875785,-4.770178373807574,-4.740546981718561,-4.723533094630133,-4.7336561807338775
-1.7188029058527987,-0.8344703880927953,0.05532192979514078,-4.769990061307269,-4.740359906718256,-4.723533094630133,-4.7336561807338775
-1.7187729833149847,-0.8344703880927953,0.055323226088405786,-4.770178373807574,-4.740359906718256,-4.723347319629674,-4.733561305734106
-1.7188260739402137,-0.8344703880927953,0.055323226088405786,-4.770178373807574,-4.740266369218103,-4.723440207129904,-4.733371555734564
-1.7188106285486038,-0.8345407018424902,0.05531094971336001,-4.770084217557422,-4.740266369218103,-4.7231615446292174,-4.733466430734335
-1.7187420925317647,-0.8346032928963799,0.05530685758834475,-4.770178373807574,-4.740266369218103,-4.723440207129904,-4.7336561807338775
-1.7186204658896966,-0.8345055449676426,0.055323226088405786,-4.770178373807574,-4.740640519218713,-4.723533094630133,-4.733466430734335
-1.718498839247629,-0.834442953913753,0.05530685758834475,-4.769801748806964,-4.740266369218103,-4.723440207129904,-4.733371555734564
-1.718491116551824,-0.8345913041089477,0.05531094971336001,-4.770178373807574,-4.740172831717951,-4.723440207129904,-4.733276680734793
-1.718483393856019,-0.8345484245382953,0.05530685758834475,-4.770178373807574,-4.740453444218408,-4.723440207129904,-4.733466430734335
-1.7184225805349853,-0.834442953913753,0.05531094971336001,-4.769990061307269,-4.740453444218408,-4.723625982130361,-4.733466430734335
-1.7187034790527398,-0.8345209903592528,0.055323226088405786,-4.770084217557422,-4.740546981718561,-4.723533094630133,-4.733466430734335
-1.718605020498087,-0.8345209903592528,0.05531504183837527,-4.770084217557422,-4.740266369218103,-4.723625982130361,-4.733466430734335
-1.7185673752644677,-0.8345132676634477,0.055323226088405786,-4.770178373807574,-4.740640519218713,-4.723997532131277,-4.734130555732733
-1.7187343698359596,-0.8346461724670324,0.05531094971336001,-4.770084217557422,-4.740734056718866,-4.723997532131277,-4.733940805733191
-1.718885919015841,-0.8345055449676426,0.05531094971336001,-4.770084217557422,-4.740453444218408,-4.723254432129446,-4.733371555734564
-1.7187874604611886,-0.8344900995760327,0.05531504183837527,-4.770178373807574,-4.740640519218713,-4.723625982130361,-4.733561305734106
-1.7186359112813068,-0.8343923516472954,0.05531913396339053,-4.769801748806964,-4.740359906718256,-4.723440207129904,-4.7336561807338775
-1.7187343698359596,-0.8345329791466852,0.055323226088405786,-4.770272530057727,-4.740453444218408,-4.723625982130361,-4.733371555734564
-1.7187189244443497,-0.8345407018424902,0.05531504183837527,-4.770178373807574,-4.740453444218408,-4.723440207129904,-4.7336561807338775
-1.7187112017485449,-0.8345407018424902,0.05532731821342103,-4.770272530057727,-4.739798681717341,-4.723068657128989,-4.733181805735022
-1.7187112017485449,-0.8344781107886003,0.055323226088405786,-4.769895905057116,-4.740453444218408,-4.723533094630133,-4.733276680734793
-1.7187112017485449,-0.8345484245382953,0.055323226088405786,-4.770178373807574,-4.740640519218713,-4.723625982130361,-4.733466430734335
-1.718544207177053,-0.8345561472341003,0.055323226088405786,-4.770084217557422,-4.740640519218713,-4.723440207129904,-4.733466430734335
-1.7185895751064768,-0.8345561472341003,0.05531094971336001,-4.770084217557422,-4.740546981718561,-4.723625982130361,-4.7336561807338775
-1.7185364844812479,-0.8344781107886003,0.05532731821342103,-4.770272530057727,-4.739237456716424,-4.7221397821267,-4.73213818073754
-1.7187720150695787,-0.8345484245382953,0.05532731821342103,-4.770084217557422,-4.740546981718561,-4.723440207129904,-4.733561305734106
-1.718885919015841,-0.8345407018424902,0.05531094971336001,-4.770178373807574,-4.740546981718561,-4.723440207129904,-4.733561305734106
-1.7187343698359596,-0.8345681360215326,0.055323226088405786,-4.770366686307879,-4.740172831717951,-4.723625982130361,-4.7336561807338775
-1.7187420925317647,-0.8345681360215326,0.055323226088405786,-4.770178373807574,-4.740827594219018,-4.72381175713082,-4.733940805733191
-1.7187420925317647,-0.8345681360215326,0.055323226088405786,-4.770084217557422,-4.740266369218103,-4.723440207129904,-4.733371555734564
-1.7187420925317647,-0.8346384497712275,0.05531504183837527,-4.770084217557422,-4.739237456716424,-4.7221397821267,-4.732517680736624
-1.7187112017485449,-0.8346461724670324,0.05531094971336001,-4.770178373807574,-4.740266369218103,-4.723440207129904,-4.733371555734564
-1.7187112017485449,-0.8345758587173375,0.055323226088405786,-4.770084217557422,-4.740453444218408,-4.723440207129904,-4.733561305734106
-1.718544207177053,-0.8345132676634477,0.05531504183837527,-4.770366686307879,-4.740546981718561,-4.723440207129904,-4.733371555734564
-1.7185972978022819,-0.8345209903592528,0.055323226088405786,-4.769990061307269,-4.740546981718561,-4.723440207129904,-4.733466430734335
-1.7185895751064768,-0.8344506766095581,0.05531913396339053,-4.770084217557422,-4.740453444218408,-4.723254432129446,-4.733561305734106
-1.7187112017485449,-0.8345484245382953,0.05530685758834475,-4.770178373807574,-4.740172831717951,-4.723533094630133,-4.733561305734106
-1.7184457486224005,-0.8344781107886003,0.05531094971336001,-4.769990061307269,-4.740359906718256,-4.723440207129904,-4.733371555734564
-1.7185596525686628,-0.8346187382879899,0.05530685758834475,-4.770084217557422,-4.739892219217493,-4.722697107128074,-4.732707430736166
-1.7185065619434339,-0.834442953913753,0.05531504183837527,-4.769990061307269,-4.740453444218408,-4.723254432129446,-4.733276680734793
-1.7187343698359596,-0.8345055449676426,0.05530685758834475,-4.770178373807574,-4.740453444218408,-4.723440207129904,-4.733561305734106
-1.7186803109653246,-0.8344549427011854,0.0553301140451713,-4.770272530057727,-4.740453444218408,-4.723440207129904,-4.7336561807338775
-1.7187343698359596,-0.8345329791466852,0.055340890881731816,-4.769895905057116,-4.740453444218408,-4.723625982130361,-4.733561305734106
-1.7188029058527987,-0.8345484245382953,0.05534218717499681,-4.770178373807574,-4.739705144217188,-4.7226042196278435,-4.732517680736624
-1.719101186252975,-0.8344978222718377,0.05528380437673845,-4.770084217557422,-4.740453444218408,-4.723254432129446,-4.733276680734793
-1.7192218446496366,-0.8347079540334725,0.05525256691510164,-4.770178373807574,-4.740827594219018,-4.723997532131277,-4.7336561807338775
-1.7187652606191797,-0.8347199428209049,0.055243086371806124,-4.770084217557422,-4.740359906718256,-4.723625982130361,-4.7336561807338775
-1.7175692575496988,-0.8344823768802276,0.05529458121329897,-4.769990061307269,-4.740640519218713,-4.723440207129904,-4.7336561807338775
-1.717355926803377,-0.8344557521886353,0.055382092199048105,-4.770084217557422,-4.740266369218103,-4.723625982130361,-4.733561305734106
-1.717980473650732,-0.8344128726179827,0.05540453567499363,-4.770084217557422,-4.740546981718561,-4.723440207129904,-4.733466430734335
-1.7183385991265365,-0.834419785826338,0.05537629729032733,-4.770178373807574,-4.740453444218408,-4.723440207129904,-4.733561305734106
-1.7187353380813657,-0.8345638699299052,0.05537220516531207,-4.770178373807574,-4.740359906718256,-4.723254432129446,-4.733371555734564
-1.719184199416018,-0.8347044974292948,0.0554077379971844,-4.770084217557422,-4.740359906718256,-4.723347319629674,-4.733466430734335
-1.7191996448076279,-0.8345681360215326,0.055336392266276034,-4.770178373807574,-4.740453444218408,-4.723254432129446,-4.73299205573548
-1.7192672125790605,-0.8345835814131426,0.05523401231895112,-4.770272530057727,-4.740546981718561,-4.723533094630133,-4.7336561807338775
-1.7186890019065357,-0.8345175337550752,0.055146094842761464,-4.770366686307879,-4.740734056718866,-4.724090419631507,-4.734035680732962
-1.7183231537349264,-0.8344866429718553,0.05520386790535905,-4.770272530057727,-4.740734056718866,-4.72381175713082,-4.733751055733649
-1.7170277238653866,-0.8344325841012202,0.05535583666525103,-4.770178373807574,-4.740546981718561,-4.723440207129904,-4.733561305734106
-1.7167062753777946,-0.8343580042598979,0.05551537993951276,-4.769801748806964,-4.740453444218408,-4.723254432129446,-4.733371555734564
-1.7176213799295212,-0.8343228473850504,0.055575745588640355,-4.770084217557422,-4.740079294217798,-4.722789994628302,-4.732707430736166
-1.718986314061306,-0.834404340434728,0.05554102573764906,-4.770084217557422,-4.740266369218103,-4.723625982130361,-4.733466430734335
-1.7198647416248198,-0.8347825338747945,0.0554297749826894,-4.770272530057727,-4.740640519218713,-4.723625982130361,-4.7336561807338775
-1.7204912249629871,-0.8348717496202771,0.055301062679623966,-4.770178373807574,-4.740546981718561,-4.723625982130361,-4.733466430734335
-1.720590651763046,-0.8348536571119394,0.05517494296308853,-4.770272530057727,-4.740921131719171,-4.724090419631507,-4.7336561807338775
-1.7189448191135068,-0.8347524525790244,0.05510209769369491,-4.770178373807574,-4.740921131719171,-4.724276194631964,-4.733751055733649
-1.717449567398443,-0.8346701500418972,0.05518012813614853,-4.770366686307879,-4.740079294217798,-4.723068657128989,-4.732802305735937
-1.7166213257239398,-0.8345612228131776,0.05536940933356181,-4.769895905057116,-4.740359906718256,-4.723254432129446,-4.73299205573548
-1.7160257331689923,-0.8340621133569586,0.05555269237703406,-4.769801748806964,-4.740079294217798,-4.7228828821285305,-4.732802305735937
-1.7164900398952545,-0.8342053879730759,0.055681404680099494,-4.769895905057116,-4.740453444218408,-4.7231615446292174,-4.733466430734335
-1.7181677315734203,-0.8344155197347105,0.05560357748286613,-4.769895905057116,-4.740453444218408,-4.723347319629674,-4.733466430734335
-1.7195664612246433,-0.8345209903592528,0.05543864579032415,-4.769990061307269,-4.740266369218103,-4.723254432129446,-4.733466430734335
-1.72069780125891,-0.8347550996957522,0.05531941403055422,-4.770460842558032,-4.740453444218408,-4.723904644631048,-4.733751055733649
-1.7213011165096623,-0.8348880044993368,0.05520386790535905,-4.770460842558032,-4.740827594219018,-4.724183307131735,-4.7336561807338775
-1.7193367401087496,-0.8345886569922198,0.05528380437673845,-4.770084217557422,-4.740453444218408,-4.72381175713082,-4.733751055733649
-1.7185104349250584,-0.8346272704712449,0.055456717074090695,-4.769895905057116,-4.740359906718256,-4.723068657128989,-4.733181805735022
-1.717380063136198,-0.8344283180095926,0.05551258410776251,-4.769613436306659,-4.739985756717646,-4.7231615446292174,-4.733181805735022
-1.7169813876905566,-0.8344325841012202,0.055503103564466985,-4.770084217557422,-4.740266369218103,-4.723068657128989,-4.733276680734793
-1.7170943233914129,-0.834419785826338,0.05548154989134595,-4.769990061307269,-4.740359906718256,-4.723440207129904,-4.733561305734106
-1.7181609771230213,-0.8344626653969903,0.05536600376615078,-4.769801748806964,-4.740453444218408,-4.723347319629674,-4.733466430734335
-1.718946732336875,-0.8344592087928127,0.055274807145826894,-4.770178373807574,-4.740827594219018,-4.724090419631507,-4.734320305732275
-1.7193984984077455,-0.8344823768802276,0.05526293726122164,-4.770178373807574,-4.740734056718866,-4.72381175713082,-4.733561305734106
-1.7196427199372875,-0.8345604133257276,0.05533748531432078,-4.769801748806964,-4.740359906718256,-4.723440207129904,-4.733466430734335
-1.7193994666531516,-0.8344163292221604,0.055416812050039406,-4.769801748806964,-4.740453444218408,-4.7231615446292174,-4.733276680734793
-1.7188289786764317,-0.8345020883634653,0.05548515870397725,-4.769613436306659,-4.739985756717646,-4.722789994628302,-4.732802305735937
-1.7185239438258564,-0.8345175337550752,0.05548645499724225,-4.769990061307269,-4.741201744219628,-4.724276194631964,-4.734510055731818
-1.718143618508043,-0.8344823768802276,0.05538366855947681,-4.770084217557422,-4.740359906718256,-4.723347319629674,-4.733561305734106
-1.7182034635836705,-0.8344943656676602,0.055339264919969745,-4.769990061307269,-4.740640519218713,-4.723440207129904,-4.733466430734335
-1.7182411088172895,-0.8345878475047699,0.055347449170000264,-4.770272530057727,-4.740453444218408,-4.723440207129904,-4.733466430734335
-1.7180133009247642,-0.8343537381682704,0.05532439595839397,-4.769801748806964,-4.741388819219933,-4.724369082132192,-4.734604930731589
-1.718158095654247,-0.8344514860970077,0.055343357044985005,-4.769801748806964,-4.740640519218713,-4.723440207129904,-4.733466430734335
-1.7183714264005685,-0.834412063130533,0.055440551819249916,-4.769990061307269,-4.741295281719781,-4.724276194631964,-4.734320305732275
-1.7186301250763139,-0.834412063130533,0.055464698078900955,-4.770084217557422,-4.740546981718561,-4.7231615446292174,-4.733466430734335
-1.7190114186395338,-0.8344746541844227,0.05544573699230992,-4.769895905057116,-4.739705144217188,-4.7226042196278435,-4.732707430736166
-1.7194911707574054,-0.8343691835598804,0.05540242640084759,-4.769707592556811,-4.740079294217798,-4.722697107128074,-4.7328971807357085
-1.7197267013457362,-0.8344943656676602,0.055369002843121295,-4.770178373807574,-4.740266369218103,-4.723254432129446,-4.733276680734793
-1.7194602799741854,-0.8343931611347453,0.055335376040174744,-4.770084217557422,-4.740453444218408,-4.723347319629674,-4.733466430734335
-1.7187903651974068,-0.834342558868288,0.05533407974690975,-4.769801748806964,-4.740359906718256,-4.723440207129904,-4.733561305734106
-1.7179756556911452,-0.8344789202760503,0.05537609404510707,-4.769990061307269,-4.740640519218713,-4.723254432129446,-4.733371555734564
-1.7175181034152818,-0.8343734496515081,0.05540712826152362,-4.769990061307269,-4.739424531716731,-4.7226042196278435,-4.732327930737082
-1.717433153761427,-0.8344669314886177,0.055434070352924913,-4.770084217557422,-4.740266369218103,-4.723440207129904,-4.733561305734106
-1.7175393350118848,-0.8345252564508803,0.05543127452117466,-4.769990061307269,-4.740453444218408,-4.723068657128989,-4.733466430734335
-1.7181484364676294,-0.8344978222718377,0.055404129184553105,-4.769895905057116,-4.740359906718256,-4.723440207129904,-4.733276680734793
-1.7188714418696371,-0.8344823768802276,0.05537029913638629,-4.769990061307269,-4.740266369218103,-4.723254432129446,-4.733466430734335
-1.719154276878204,-0.8345175337550752,0.055363614424841036,-4.769990061307269,-4.740079294217798,-4.7228828821285305,-4.733086930735251
-1.7194216664951605,-0.8345098110592702,0.055362318131576035,-4.770084217557422,-4.740359906718256,-4.723440207129904,-4.733466430734335
-1.7196726424751012,-0.8344514860970077,0.055375890799886814,-4.770084217557422,-4.740266369218103,-4.723254432129446,-4.733466430734335
-1.7195201250498133,-0.8344163292221604,0.05540283289128811,-4.769801748806964,-4.740266369218103,-4.723347319629674,-4.733181805735022
-1.7190712637151613,-0.8345098110592702,0.0554245898096294,-4.770178373807574,-4.740546981718561,-4.723440207129904,-4.7336561807338775
-1.7186146796847037,-0.8344240519179653,0.055397444473007845,-4.770084217557422,-4.740359906718256,-4.723440207129904,-4.733561305734106
-1.7183936262425774,-0.8344240519179653,0.055373094968136555,-4.769895905057116,-4.740546981718561,-4.723440207129904,-4.733751055733649
-1.5078642783130598,-0.7300529578653392,0.07826735068513169,-4.191553683406939,-4.164189582763882,-4.145455978993062,-4.156144570413308
-1.5080843635097803,-0.7300529578653392,0.07826735068513169,-4.191553683406939,-4.164376657764187,-4.1450844289921465,-4.156049695413537
-1.5080689181181701,-0.7300803920443816,0.07828092335344246,-4.19164783965709,-4.164189582763882,-4.145455978993062,-4.156239445413079
-1.5077880196004159,-0.7300529578653392,0.07827014651688194,-4.191553683406939,-4.164376657764187,-4.145455978993062,-4.156144570413308
-1.5078333875298398,-0.7300881147401865,0.0782742386418972,-4.191741995907243,-4.164189582763882,-4.145455978993062,-4.15633432041285
-1.5077802969046108,-0.7300606805611443,0.07826605439186668,-4.191553683406939,-4.164376657764187,-4.145455978993062,-4.15633432041285
-1.5079395687802977,-0.7300606805611443,0.07825787014183616,-4.191741995907243,-4.166247407767239,-4.14722084149741,-4.157757445409417
-1.5079318460844928,-0.7301035601317966,0.07827962706017746,-4.191741995907243,-4.164376657764187,-4.145548866493291,-4.15633432041285
-1.5079550141719076,-0.7301815965772964,0.0782755349351622,-4.191836152157396,-4.1644701952643395,-4.145270203992604,-4.156144570413308
-1.5078411102256448,-0.7300409690779068,0.07825916643510117,-4.19164783965709,-4.164563732764492,-4.1453630914928326,-4.156618945412164
-1.5079704595635177,-0.729955209936602,0.07826735068513169,-4.191741995907243,-4.164002507763576,-4.145548866493291,-4.156049695413537
-1.508205990151848,-0.7300529578653392,0.07828092335344246,-4.19164783965709,-4.164096045263729,-4.145270203992604,-4.156239445413079
-1.5080998089013902,-0.7300529578653392,0.07825787014183616,-4.191741995907243,-4.1646572702646445,-4.145455978993062,-4.156429195412621
-1.5080467182761617,-0.7300100782946869,0.07827014651688194,-4.191553683406939,-4.1642831202640345,-4.145455978993062,-4.156144570413308
-1.508198267456043,-0.7301155489192291,0.07827273910341194,-4.191741995907243,-4.1644701952643395,-4.145270203992604,-4.156429195412621
-1.5080312728845517,-0.7300452351695342,0.07826585114664641,-4.191553683406939,-4.164376657764187,-4.1456417539935195,-4.15633432041285
-1.5080312728845517,-0.7300958374359916,0.07826455485338142,-4.191741995907243,-4.164376657764187,-4.145455978993062,-4.156144570413308
-1.5080843635097803,-0.7301309943108392,0.07826325856011643,-4.191553683406939,-4.164376657764187,-4.145734641493749,-4.15633432041285
-1.5079395687802977,-0.7300606805611443,0.07826325856011643,-4.19164783965709,-4.164937882765102,-4.146199078994893,-4.156903570411477
-1.5077117608877724,-0.7300255236862969,0.07826046272836616,-4.191459527156786,-4.1644701952643395,-4.145827528993977,-4.156429195412621
-1.5078710327634588,-0.7300684032569492,0.07826864697839668,-4.19164783965709,-4.164563732764492,-4.1456417539935195,-4.156239445413079
-1.5077117608877724,-0.7300684032569492,0.07826325856011643,-4.19164783965709,-4.1644701952643395,-4.1456417539935195,-4.156144570413308
-1.5076509475667383,-0.7300606805611443,0.07827144281014695,-4.191741995907243,-4.164563732764492,-4.145455978993062,-4.156429195412621
-1.5079550141719076,-0.7300529578653392,0.07826864697839668,-4.191553683406939,-4.1659667952667805,-4.146942178996724,-4.157852320409188
-1.5080689181181701,-0.7300178009904918,0.07827533168994194,-4.191741995907243,-4.1642831202640345,-4.145270203992604,-4.156429195412621
-1.5079781822593228,-0.729939764544992,0.07827812752169219,-4.191553683406939,-4.163815432763271,-4.145177316492375,-4.155670195414452
-1.5081528995266191,-0.7300452351695342,0.07826175902163116,-4.19164783965709,-4.164563732764492,-4.145548866493291,-4.156049695413537
-1.508092086205585,-0.7300529578653392,0.07827403539667693,-4.191741995907243,-4.163254207762356,-4.144619991491002,-4.155290695415368
-1.5079627368677126,-0.7300452351695342,0.07826585114664641,-4.19164783965709,-4.164376657764187,-4.145455978993062,-4.15633432041285
-1.5080389955803566,-0.7300452351695342,0.07826994327166167,-4.19164783965709,-4.164376657764187,-4.1456417539935195,-4.156239445413079
-1.5079627368677126,-0.7301035601317966,0.07826455485338142,-4.191553683406939,-4.164376657764187,-4.145548866493291,-4.15633432041285
-1.5075669661582893,-0.7301035601317966,0.07827144281014695,-4.19164783965709,-4.1642831202640345,-4.145548866493291,-4.15633432041285
-1.5073159901783488,-0.7300332463821019,0.07826585114664641,-4.191836152157396,-4.1639089702634235,-4.144712878991231,-4.1557650704142235
-1.507323712874154,-0.7299826441156443,0.07828890435825273,-4.191553683406939,-4.1646572702646445,-4.145548866493291,-4.156239445413079
-1.5078102194424248,-0.7300452351695342,0.07828351593997246,-4.191741995907243,-4.164096045263729,-4.1456417539935195,-4.156239445413079
-1.5080158274929416,-0.7301232716150341,0.07827273910341194,-4.191741995907243,-4.164376657764187,-4.145548866493291,-4.156239445413079
-1.508266803472882,-0.7300178009904918,0.07828760806498772,-4.191553683406939,-4.164096045263729,-4.145177316492375,-4.155670195414452
-1.5080766408139752,-0.7299826441156443,0.07828072010822221,-4.191741995907243,-4.1644701952643395,-4.1456417539935195,-4.15633432041285
-1.5079704595635177,-0.7300100782946869,0.07828760806498772,-4.191553683406939,-4.1644701952643395,-4.145827528993977,-4.156239445413079
-1.5080689181181701,-0.7300178009904918,0.0782794238149572,-4.191553683406939,-4.164937882765102,-4.145827528993977,-4.156618945412164
-1.5078102194424248,-0.7300606805611443,0.07828221964670745,-4.191741995907243,-4.164376657764187,-4.145455978993062,-4.156239445413079
-1.5074607849078314,-0.729962932632407,0.07828351593997246,-4.191741995907243,-4.164096045263729,-4.144991541491917,-4.156049695413537
-1.5077117608877724,-0.7300606805611443,0.07827662798320695,-4.19164783965709,-4.1644701952643395,-4.1456417539935195,-4.15633432041285
-1.5079096462424837,-0.7300529578653392,0.07826714743991142,-4.191741995907243,-4.163815432763271,-4.1450844289921465,-4.155670195414452
-1.5079328143298987,-0.7300606805611443,0.07827403539667693,-4.191741995907243,-4.164937882765102,-4.1459204164942065,-4.156808695411706
-1.5080766408139752,-0.7301387170066441,0.07827403539667693,-4.191836152157396,-4.164376657764187,-4.1453630914928326,-4.156144570413308
-1.5077880196004159,-0.7300178009904918,0.07828481223323747,-4.19164783965709,-4.1657797202664755,-4.14722084149741,-4.157377945410333
-1.5078333875298398,-0.7300529578653392,0.07827662798320695,-4.191741995907243,-4.164376657764187,-4.145548866493291,-4.156429195412621
-1.5080003821013317,-0.7301155489192291,0.07828221964670745,-4.191741995907243,-4.164376657764187,-4.1456417539935195,-4.15633432041285
-1.5079472914761027,-0.7300178009904918,0.07826864697839668,-4.191553683406939,-4.163815432763271,-4.1450844289921465,-4.155670195414452
-1.5078411102256448,-0.7300606805611443,0.07829299648326798,-4.19164783965709,-4.1646572702646445,-4.145734641493749,-4.156239445413079
-1.5080843635097803,-0.7300529578653392,0.07828610852650246,-4.191836152157396,-4.163254207762356,-4.144712878991231,-4.1550060704160545
-1.508198267456043,-0.7300178009904918,0.07828610852650246,-4.191741995907243,-4.1644701952643395,-4.145548866493291,-4.15633432041285
-1.508289971560297,-0.7300606805611443,0.07828481223323747,-4.191741995907243,-4.163441282762661,-4.1450844289921465,-4.15548044541491
-1.508411598202365,-0.7300606805611443,0.07828072010822221,-4.191930308407548,-4.1644701952643395,-4.145270203992604,-4.155954820413766
-1.508335339489721,-0.7300529578653392,0.07828890435825273,-4.191553683406939,-4.164563732764492,-4.145455978993062,-4.156239445413079
-1.5080998089013902,-0.7300100782946869,0.07828351593997246,-4.191930308407548,-4.164563732764492,-4.1456417539935195,-4.156239445413079
-1.5079627368677126,-0.7300375124737293,0.07827123956492668,-4.191930308407548,-4.1644701952643395,-4.145455978993062,-4.156239445413079
-1.5078333875298398,-0.7299749214198393,0.07828351593997246,-4.191553683406939,-4.164563732764492,-4.145734641493749,-4.156429195412621
-1.5073690808035773,-0.7300529578653392,0.07829299648326798,-4.191741995907243,-4.163628357762966,-4.144434216490544,-4.155290695415368
-1.5068825742353067,-0.7300178009904918,0.07828740481976745,-4.19164783965709,-4.1646572702646445,-4.146291966495122,-4.156618945412164
-1.507004200877374,-0.7300881147401865,0.07829688536306298,-4.191741995907243,-4.1644701952643395,-4.145455978993062,-4.15633432041285
-1.507292822090934,-0.7300529578653392,0.07828890435825273,-4.191553683406939,-4.1646572702646445,-4.145734641493749,-4.156429195412621
-1.5075592434624845,-0.7301309943108392,0.07828631177172271,-4.191553683406939,-4.164002507763576,-4.145270203992604,-4.155859945413995
-1.5076123340877134,-0.7300958374359916,0.07826455485338142,-4.191741995907243,-4.165686182766323,-4.1467564039962665,-4.157567695409875
-1.5077947740508146,-0.7300684032569492,0.07829020065151772,-4.191836152157396,-4.164376657764187,-4.1456417539935195,-4.156239445413079
-1.5076663929583485,-0.7300255236862969,0.07828610852650246,-4.19127121465648,-4.164750807764797,-4.1456417539935195,-4.1565240704123925
-1.5078864781550687,-0.7300529578653392,0.07829558906979797,-4.19164783965709,-4.164376657764187,-4.1456417539935195,-4.156429195412621
-1.5078565556172547,-0.7300881147401865,0.07829558906979797,-4.191553683406939,-4.165686182766323,-4.147035066496953,-4.157567695409875
-1.5079019235466786,-0.7300606805611443,0.07829149694478271,-4.191553683406939,-4.1639089702634235,-4.1448057664914595,-4.1557650704142235
-1.5080457500307551,-0.7299826441156443,0.07829020065151772,-4.191553683406939,-4.164376657764187,-4.1456417539935195,-4.15633432041285
-1.508175099368628,-0.7299826441156443,0.07827533168994194,-4.191553683406939,-4.164002507763576,-4.145455978993062,-4.156144570413308
-1.508281280619086,-0.7300529578653392,0.07829040389673797,-4.19164783965709,-4.164376657764187,-4.145177316492375,-4.156239445413079
-1.5079472914761027,-0.7300803920443816,0.07828072010822221,-4.19164783965709,-4.164563732764492,-4.1456417539935195,-4.156429195412621
-1.5078942008508738,-0.7299594760282293,0.07829558906979797,-4.19164783965709,-4.164189582763882,-4.144991541491917,-4.1557650704142235
-1.5078864781550687,-0.7301078262234242,0.07829279323804772,-4.191741995907243,-4.164750807764797,-4.145827528993977,-4.156808695411706
-1.5076586702625434,-0.7300529578653392,0.07827922056973693,-4.191553683406939,-4.163628357762966,-4.1448057664914595,-4.15548044541491
-1.5078179421382298,-0.7300684032569492,0.07828481223323747,-4.191741995907243,-4.164376657764187,-4.1456417539935195,-4.15633432041285
-1.5078102194424248,-0.7300332463821019,0.07828481223323747,-4.191741995907243,-4.164096045263729,-4.145270203992604,-4.15633432041285
-1.5075061528372555,-0.729955209936602,0.07828351593997246,-4.19164783965709,-4.164376657764187,-4.145455978993062,-4.156144570413308
-1.507339158265764,-0.7300529578653392,0.07828890435825273,-4.191553683406939,-4.164563732764492,-4.1453630914928326,-4.1565240704123925
-1.5074376168204164,-0.7300529578653392,0.07828481223323747,-4.191741995907243,-4.1642831202640345,-4.1453630914928326,-4.15633432041285
-1.5075669661582893,-0.7299903668114494,0.07829558906979797,-4.19164783965709,-4.164563732764492,-4.1459204164942065,-4.156429195412621
-1.5076963154961622,-0.7300958374359916,0.07829688536306298,-4.191553683406939,-4.164376657764187,-4.145548866493291,-4.15633432041285
-1.5079627368677126,-0.7300529578653392,0.07829020065151772,-4.191553683406939,-4.16521849526556,-4.146663516496037,-4.157093320411019
-1.508327616793916,-0.7299826441156443,0.07828351593997246,-4.191553683406939,-4.164376657764187,-4.1456417539935195,-4.15633432041285
-1.508411598202365,-0.7299826441156443,0.07828351593997246,-4.19164783965709,-4.164563732764492,-4.1456417539935195,-4.156429195412621
-1.5084878569150084,-0.7300178009904918,0.07828481223323747,-4.191553683406939,-4.1642831202640345,-4.145455978993062,-4.15633432041285
-1.508366230272941,-0.729939764544992,0.07827662798320695,-4.19164783965709,-4.164376657764187,-4.145455978993062,-4.156049695413537
-1.508289971560297,-0.7300529578653392,0.07828072010822221,-4.19164783965709,-4.163628357762966,-4.144991541491917,-4.155670195414452
-1.5081528995266191,-0.7300529578653392,0.07827792427647194,-4.191553683406939,-4.164096045263729,-4.1453630914928326,-4.156144570413308
-1.5079627368677126,-0.7300606805611443,0.07829429277653298,-4.191741995907243,-4.164750807764797,-4.145827528993977,-4.156429195412621
-1.5079395687802977,-0.7300606805611443,0.07829968119481323,-4.191836152157396,-4.164096045263729,-4.145270203992604,-4.155954820413766
-1.507825664834035,-0.7300881147401865,0.07828740481976745,-4.19164783965709,-4.164189582763882,-4.145455978993062,-4.15633432041285
-1.5076586702625434,-0.7300452351695342,0.07829558906979797,-4.191741995907243,-4.164376657764187,-4.1456417539935195,-4.156429195412621
-1.5077571288171958,-0.7300023555988819,0.07829149694478271,-4.19164783965709,-4.164563732764492,-4.145548866493291,-4.156429195412621
-1.5077349289751873,-0.7299671987240344,0.07828740481976745,-4.191553683406939,-4.1644701952643395,-4.145734641493749,-4.156429195412621
-1.5080158274929416,-0.7301155489192291,0.07829429277653298,-4.19164783965709,-4.1633477452625085,-4.145455978993062,-4.15633432041285
-1.5079627368677126,-0.7300178009904918,0.07828610852650246,-4.191836152157396,-4.16306713276205,-4.144155553989857,-4.1550060704160545
-1.5078942008508738,-0.7300178009904918,0.0782820164014872,-4.191365370906633,-4.1646572702646445,-4.145734641493749,-4.15633432041285
-1.5078179421382298,-0.7300606805611443,0.07828890435825273,-4.191741995907243,-4.163628357762966,-4.144991541491917,-4.15548044541491
-1.5077648515130009,-0.7300606805611443,0.07829708860828324,-4.191930308407548,-4.164376657764187,-4.145548866493291,-4.156144570413308
-1.5078179421382298,-0.7300178009904918,0.07828481223323747,-4.191553683406939,-4.164750807764797,-4.145827528993977,-4.156429195412621
-1.507825664834035,-0.7301309943108392,0.07827662798320695,-4.191553683406939,-4.1639089702634235,-4.145177316492375,-4.155670195414452
-1.5080534727265602,-0.7300255236862969,0.07829020065151772,-4.191741995907243,-4.164096045263729,-4.1450844289921465,-4.156049695413537
-1.5080389955803566,-0.7300529578653392,0.07829838490154824,-4.191836152157396,-4.164189582763882,-4.145455978993062,-4.156429195412621
-1.508358507577136,-0.7300452351695342,0.07828610852650246,-4.191553683406939,-4.164376657764187,-4.145455978993062,-4.15633432041285
-1.5085486702360424,-0.729939764544992,0.07828740481976745,-4.191365370906633,-4.164376657764187,-4.1456417539935195,-4.156239445413079
-1.5085563929318475,-0.7300803920443816,0.07829020065151772,-4.19164783965709,-4.164189582763882,-4.144898653991689,-4.156049695413537
-1.5084955796108135,-0.7299749214198393,0.07829020065151772,-4.191836152157396,-4.164563732764492,-4.1456417539935195,-4.15633432041285
-1.5085100567570175,-0.7300023555988819,0.07828610852650246,-4.191553683406939,-4.164376657764187,-4.145270203992604,-4.156429195412621
-1.5081297314392041,-0.7300529578653392,0.07828610852650246,-4.191553683406939,-4.164096045263729,-4.145455978993062,-4.155859945413995
-1.5076963154961622,-0.7300606805611443,0.07828610852650246,-4.191741995907243,-4.164563732764492,-4.145455978993062,-4.156144570413308
-1.507308267482544,-0.7300684032569492,0.07828610852650246,-4.191741995907243,-4.164376657764187,-4.145548866493291,-4.156239445413079
-1.507065014198408,-0.7301035601317966,0.07829149694478271,-4.191741995907243,-4.166621557767849,-4.147871053999013,-4.158706195407128
-1.507004200877374,-0.7300606805611443,0.07828740481976745,-4.191365370906633,-4.1642831202640345,-4.1456417539935195,-4.15633432041285
-1.5073005447867391,-0.7300606805611443,0.07828870111303246,-4.19164783965709,-4.1633477452625085,-4.144898653991689,-4.155385570415139
-1.5075061528372555,-0.7300178009904918,0.07828610852650246,-4.191553683406939,-4.164189582763882,-4.1453630914928326,-4.156144570413308
-1.5080457500307551,-0.7300529578653392,0.07828890435825273,-4.19164783965709,-4.1644701952643395,-4.145734641493749,-4.15633432041285
-1.5080389955803566,-0.7300452351695342,0.07828760806498772,-4.19164783965709,-4.164563732764492,-4.145455978993062,-4.156239445413079
-1.50838843011495,-0.7300452351695342,0.07828890435825273,-4.191741995907243,-4.164189582763882,-4.145455978993062,-4.156429195412621
-1.5082368809350681,-0.7300375124737293,0.07829429277653298,-4.191553683406939,-4.164002507763576,-4.144991541491917,-4.155670195414452
-1.508312171402306,-0.7301155489192291,0.07829020065151772,-4.19164783965709,-4.1639089702634235,-4.144898653991689,-4.155954820413766
-1.5080312728845517,-0.7300178009904918,0.0782820164014872,-4.191741995907243,-4.164002507763576,-4.145177316492375,-4.155859945413995
-1.5078942008508738,-0.7299826441156443,0.07828610852650246,-4.191836152157396,-4.1637218952631185,-4.144898653991689,-4.15548044541491
-1.5079241233886878,-0.7300178009904918,0.07827512844472168,-4.19164783965709,-4.1648443452649495,-4.145827528993977,-4.1565240704123925
-1.5077571288171958,-0.7300255236862969,0.07828740481976745,-4.192024464657701,-4.164376657764187,-4.1453630914928326,-4.156239445413079
-1.507825664834035,-0.7299123303659496,0.07829149694478271,-4.191741995907243,-4.164376657764187,-4.1456417539935195,-4.156429195412621
-1.5078942008508738,-0.7300529578653392,0.0782833126947522,-4.191365370906633,-4.164376657764187,-4.1453630914928326,-4.156429195412621
-1.5079472914761027,-0.7300529578653392,0.07829149694478271,-4.191553683406939,-4.164189582763882,-4.1456417539935195,-4.156239445413079
-1.5078565556172547,-0.7299826441156443,0.07827922056973693,-4.191553683406939,-4.164937882765102,-4.14647774149558,-4.157093320411019
-1.5080158274929416,-0.7300178009904918,0.07828610852650246,-4.191553683406939,-4.1642831202640345,-4.145734641493749,-4.156239445413079
-1.508061195422365,-0.7299749214198393,0.07828610852650246,-4.19164783965709,-4.164376657764187,-4.145455978993062,-4.156144570413308
-1.5078179421382298,-0.7300100782946869,0.07828610852650246,-4.19164783965709,-4.164376657764187,-4.145827528993977,-4.156618945412164
-1.5075901342457043,-0.7300803920443816,0.07828481223323747,-4.191741995907243,-4.1644701952643395,-4.145734641493749,-4.156429195412621
-1.5075824115498992,-0.7300100782946869,0.07828610852650246,-4.191741995907243,-4.164002507763576,-4.145270203992604,-4.1557650704142235
-1.5076355021751282,-0.7300881147401865,0.07828610852650246,-4.191836152157396,-4.1644701952643395,-4.145548866493291,-4.15633432041285
-1.5076963154961622,-0.7301232716150341,0.07828610852650246,-4.191553683406939,-4.164096045263729,-4.145270203992604,-4.156144570413308
-1.5078864781550687,-0.7300958374359916,0.07827383215145668,-4.191741995907243,-4.164376657764187,-4.145827528993977,-4.156239445413079
-1.5083198940981108,-0.7300452351695342,0.0782820164014872,-4.191741995907243,-4.164750807764797,-4.1456417539935195,-4.156618945412164
-1.5083807074191449,-0.7300452351695342,0.0782820164014872,-4.19164783965709,-4.164376657764187,-4.145455978993062,-4.15633432041285
-1.5083807074191449,-0.7300375124737293,0.07828481223323747,-4.191741995907243,-4.164189582763882,-4.145548866493291,-4.155954820413766
-1.5081374541350092,-0.7300023555988819,0.07827662798320695,-4.191741995907243,-4.1644701952643395,-4.145734641493749,-4.156618945412164
-1.5078488329214497,-0.7300452351695342,0.07828610852650246,-4.19164783965709,-4.164376657764187,-4.1456417539935195,-4.15633432041285
-1.5077117608877724,-0.7300881147401865,0.07829020065151772,-4.191741995907243,-4.163628357762966,-4.144712878991231,-4.15548044541491
-1.5077947740508146,-0.7300881147401865,0.07828610852650246,-4.191741995907243,-4.1642831202640345,-4.145270203992604,-4.156144570413308
-1.5076885928003572,-0.7300881147401865,0.07828740481976745,-4.19164783965709,-4.164376657764187,-4.145734641493749,-4.156144570413308
-1.5078633100676537,-0.7300606805611443,0.0782833126947522,-4.191741995907243,-4.1631606702622035,-4.144712878991231,-4.155195820415597
-1.5079849367097218,-0.7301584284898814,0.07829020065151772,-4.191741995907243,-4.1631606702622035,-4.144341328990315,-4.155100945415826
-1.5080534727265602,-0.7300881147401865,0.07828481223323747,-4.191836152157396,-4.164376657764187,-4.1459204164942065,-4.1565240704123925
-1.5080235501887467,-0.7300803920443816,0.07829429277653298,-4.191741995907243,-4.164376657764187,-4.1456417539935195,-4.156429195412621
-1.5080766408139752,-0.7301155489192291,0.07829429277653298,-4.191930308407548,-4.164376657764187,-4.145548866493291,-4.156429195412621
-1.5080081047971365,-0.7300100782946869,0.07828610852650246,-4.191459527156786,-4.163815432763271,-4.144898653991689,-4.155670195414452
-1.5078333875298398,-0.7300452351695342,0.07829429277653298,-4.191741995907243,-4.164376657764187,-4.1453630914928326,-4.15633432041285
-1.5076133023331195,-0.7299671987240344,0.0782833126947522,-4.19164783965709,-4.164376657764187,-4.145270203992604,-4.155859945413995
-1.5078787554592639,-0.7300452351695342,0.07829020065151772,-4.191836152157396,-4.164376657764187,-4.145270203992604,-4.15633432041285
-1.5077194835835774,-0.7300529578653392,0.07828610852650246,-4.191459527156786,-4.163815432763271,-4.145177316492375,-4.155670195414452
-1.507825664834035,-0.7300606805611443,0.07827792427647194,-4.191741995907243,-4.1644701952643395,-4.1456417539935195,-4.156618945412164
-1.5079627368677126,-0.7301387170066441,0.07826844373317643,-4.191553683406939,-4.162880057761745,-4.143969778989399,-4.154721445416741
-1.5080689181181701,-0.7301035601317966,0.07828890435825273,-4.191553683406939,-4.164563732764492,-4.145455978993062,-4.156429195412621
-1.5080689181181701,-0.7300958374359916,0.0782820164014872,-4.191836152157396,-4.1646572702646445,-4.145455978993062,-4.15633432041285
-1.5080766408139752,-0.7300452351695342,0.07828610852650246,-4.191553683406939,-4.1642831202640345,-4.1456417539935195,-4.156239445413079
-1.508251358081272,-0.7300023555988819,0.07829838490154824,-4.191553683406939,-4.163441282762661,-4.145270203992604,-4.155859945413995
-1.5080766408139752,-0.7299946329030769,0.07829149694478271,-4.191741995907243,-4.16306713276205,-4.144527103990773,-4.155290695415368
-1.5079318460844928,-0.7299671987240344,0.07829299648326798,-4.191741995907243,-4.1644701952643395,-4.1456417539935195,-4.156144570413308
-1.5078179421382298,-0.7299671987240344,0.07829429277653298,-4.191553683406939,-4.163628357762966,-4.144991541491917,-4.15548044541491
-1.5078179421382298,-0.7300297897779242,0.07828610852650246,-4.19164783965709,-4.164376657764187,-4.1453630914928326,-4.15633432041285
-1.5077571288171958,-0.7300452351695342,0.07828740481976745,-4.191836152157396,-4.164376657764187,-4.145548866493291,-4.156429195412621
-1.5075978569415094,-0.7300958374359916,0.07828740481976745,-4.191741995907243,-4.1646572702646445,-4.1456417539935195,-4.156144570413308
-1.5078411102256448,-0.7301035601317966,0.07829558906979797,-4.191741995907243,-4.164096045263729,-4.145177316492375,-4.156239445413079
-1.5078411102256448,-0.7301387170066441,0.07829020065151772,-4.191741995907243,-4.1644701952643395,-4.1456417539935195,-4.156429195412621
-1.5079318460844928,-0.7300761259527542,0.07829429277653298,-4.19164783965709,-4.165499107766018,-4.146942178996724,-4.157472820410104
-1.5078333875298398,-0.7300255236862969,0.07828481223323747,-4.191741995907243,-4.164563732764492,-4.145548866493291,-4.156144570413308
-1.5078333875298398,-0.7300375124737293,0.07827662798320695,-4.19164783965709,-4.164563732764492,-4.145827528993977,-4.156429195412621
-1.5079627368677126,-0.7300023555988819,0.07827383215145668,-4.191741995907243,-4.1642831202640345,-4.145455978993062,-4.15633432041285
-1.5079627368677126,-0.7299671987240344,0.07827792427647194,-4.191553683406939,-4.165873257766628,-4.146942178996724,-4.157947195408959
-1.508061195422365,-0.7300297897779242,0.07829020065151772,-4.19164783965709,-4.1644701952643395,-4.1456417539935195,-4.156618945412164
-1.5080081047971365,-0.7300649466527716,0.07829279323804772,-4.191836152157396,-4.164096045263729,-4.145455978993062,-4.156144570413308
-1.5080081047971365,-0.7299946329030769,0.07827922056973693,-4.191553683406939,-4.1644701952643395,-4.145548866493291,-4.156429195412621
-1.5080689181181701,-0.7299165964575769,0.07829149694478271,-4.19164783965709,-4.164563732764492,-4.145548866493291,-4.156618945412164
-1.5079550141719076,-0.729924319153382,0.07827792427647194,-4.191365370906633,-4.1639089702634235,-4.144991541491917,-4.1557650704142235
-1.5077648515130009,-0.7300452351695342,0.07828481223323747,-4.191741995907243,-4.164563732764492,-4.146199078994893,-4.156429195412621
-1.5076808701045523,-0.7300178009904918,0.07829170019000298,-4.191930308407548,-4.164376657764187,-4.1453630914928326,-4.1565240704123925
-1.5074376168204164,-0.7300529578653392,0.07828072010822221,-4.191553683406939,-4.1646572702646445,-4.145827528993977,-4.156618945412164
-1.507323712874154,-0.7301661511856865,0.07828610852650246,-4.191741995907243,-4.164096045263729,-4.1453630914928326,-4.156239445413079
-1.5073922488909925,-0.7300529578653392,0.07828610852650246,-4.191741995907243,-4.1633477452625085,-4.144434216490544,-4.155100945415826
-1.5076277794793234,-0.7300881147401865,0.0782820164014872,-4.191836152157396,-4.1631606702622035,-4.144248441490086,-4.155290695415368
-1.5078333875298398,-0.7300375124737293,0.07827922056973693,-4.191553683406939,-4.1639089702634235,-4.144991541491917,-4.155670195414452
-1.508182822064433,-0.7300220670821191,0.0782833126947522,-4.191553683406939,-4.163815432763271,-4.1448057664914595,-4.155670195414452
-1.5081528995266191,-0.7300220670821191,0.07828740481976745,-4.191741995907243,-4.164750807764797,-4.145455978993062,-4.15633432041285
-1.508107531597195,-0.7300066216905092,0.07828740481976745,-4.191741995907243,-4.166528020267696,-4.147592391498326,-4.158421570407815
-1.508205990151848,-0.7300143443863143,0.07828740481976745,-4.19164783965709,-4.164750807764797,-4.145734641493749,-4.156808695411706
-1.5080235501887467,-0.7300297897779242,0.07829149694478271,-4.191836152157396,-4.1644701952643395,-4.145734641493749,-4.1565240704123925
-1.5078488329214497,-0.7300375124737293,0.07829558906979797,-4.192024464657701,-4.164563732764492,-4.1456417539935195,-4.1565240704123925
-1.5077494061213907,-0.7300803920443816,0.0782820164014872,-4.191836152157396,-4.163441282762661,-4.1448057664914595,-4.155385570415139
-1.5075669661582893,-0.7300452351695342,0.07828610852650246,-4.191741995907243,-4.164376657764187,-4.1453630914928326,-4.156429195412621
-1.5074453395162215,-0.7300178009904918,0.07828481223323747,-4.191741995907243,-4.164096045263729,-4.145734641493749,-4.156239445413079
-1.5074298941246114,-0.7300881147401865,0.0782820164014872,-4.191553683406939,-4.164002507763576,-4.145177316492375,-4.155670195414452
-1.507339158265764,-0.729932041849187,0.07829020065151772,-4.191741995907243,-4.1646572702646445,-4.145734641493749,-4.1565240704123925
-1.5075746888540944,-0.7300297897779242,0.07829838490154824,-4.191741995907243,-4.1650314202652545,-4.146199078994893,-4.157377945410333
-1.5078787554592639,-0.7299517533324242,0.07827922056973693,-4.191365370906633,-4.163628357762966,-4.1450844289921465,-4.155575320414681
-1.5080843635097803,-0.7300572239569665,0.07829968119481323,-4.191930308407548,-4.1644701952643395,-4.145455978993062,-4.156239445413079
-1.508343062185526,-0.729979187511467,0.07829149694478271,-4.191836152157396,-4.164189582763882,-4.145270203992604,-4.15633432041285
-1.5085100567570175,-0.7300066216905092,0.07829558906979797,-4.191836152157396,-4.164002507763576,-4.145270203992604,-4.156049695413537
-1.5083507848813311,-0.7300220670821191,0.07828740481976745,-4.191741995907243,-4.164563732764492,-4.145827528993977,-4.156429195412621
-1.508213712847653,-0.7300297897779242,0.0782820164014872,-4.191553683406939,-4.164376657764187,-4.145455978993062,-4.15633432041285
-1.508182822064433,-0.7300023555988819,0.07828610852650246,-4.19164783965709,-4.165873257766628,-4.147035066496953,-4.157757445409417
-1.507825664834035,-0.7300803920443816,0.07829149694478271,-4.191553683406939,-4.1644701952643395,-4.145827528993977,-4.15633432041285
-1.5076808701045523,-0.7301155489192291,0.07827922056973693,-4.191741995907243,-4.1637218952631185,-4.1448057664914595,-4.15548044541491
-1.5076654247129424,-0.7300881147401865,0.07829149694478271,-4.192024464657701,-4.164750807764797,-4.145827528993977,-4.156618945412164
-1.5077716059633999,-0.7300726693485766,0.07828740481976745,-4.191553683406939,-4.164376657764187,-4.145548866493291,-4.156429195412621
-1.5076355021751282,-0.7299594760282293,0.07828740481976745,-4.191741995907243,-4.1646572702646445,-4.145455978993062,-4.15633432041285
-1.5077571288171958,-0.7299594760282293,0.07827922056973693,-4.19164783965709,-4.163815432763271,-4.1450844289921465,-4.155575320414681
-1.5079627368677126,-0.7300572239569665,0.07827792427647194,-4.191836152157396,-4.1642831202640345,-4.1453630914928326,-4.156049695413537
-1.5082436353854671,-0.7300143443863143,0.0782820164014872,-4.191741995907243,-4.1642831202640345,-4.1453630914928326,-4.156239445413079
-1.508092086205585,-0.7301198150108565,0.07829149694478271,-4.191741995907243,-4.164189582763882,-4.145455978993062,-4.156239445413079
-1.508145176830814,-0.7300572239569665,0.07828740481976745,-4.191741995907243,-4.164096045263729,-4.145177316492375,-4.155859945413995
-1.5078488329214497,-0.7301001035276191,0.0782820164014872,-4.191553683406939,-4.1633477452625085,-4.144712878991231,-4.155290695415368
-1.5077880196004159,-0.7300726693485766,0.07829429277653298,-4.191741995907243,-4.164376657764187,-4.1456417539935195,-4.156429195412621
-1.5078102194424248,-0.7300375124737293,0.07829299648326798,-4.191741995907243,-4.164376657764187,-4.145827528993977,-4.15633432041285
-1.5076885928003572,-0.7301078262234242,0.07828610852650246,-4.192024464657701,-4.164563732764492,-4.145827528993977,-4.156618945412164
-1.5075293209246703,-0.7300100782946869,0.0782820164014872,-4.19164783965709,-4.164563732764492,-4.145827528993977,-4.156239445413079
-1.5078179421382298,-0.7300023555988819,0.07828610852650246,-4.19164783965709,-4.164096045263729,-4.145455978993062,-4.156239445413079
-1.5080457500307551,-0.7300297897779242,0.07828610852650246,-4.191741995907243,-4.164376657764187,-4.145827528993977,-4.156239445413079
-1.5080689181181701,-0.7300220670821191,0.07829149694478271,-4.191836152157396,-4.1642831202640345,-4.145548866493291,-4.156239445413079
-1.508092086205585,-0.7299165964575769,0.07828740481976745,-4.191553683406939,-4.164376657764187,-4.1456417539935195,-4.156429195412621
-1.508205990151848,-0.7299517533324242,0.07828610852650246,-4.191553683406939,-4.164376657764187,-4.145734641493749,-4.156618945412164
-1.5079704595635177,-0.729979187511467,0.07829429277653298,-4.191365370906633,-4.164376657764187,-4.145827528993977,-4.156239445413079
-1.5079472914761027,-0.7301001035276191,0.07828481223323747,-4.191741995907243,-4.1644701952643395,-4.145548866493291,-4.156429195412621
-1.5077194835835774,-0.7300649466527716,0.07828610852650246,-4.191741995907243,-4.164563732764492,-4.145548866493291,-4.156429195412621
-1.5075978569415094,-0.7300726693485766,0.07828610852650246,-4.191741995907243,-4.1644701952643395,-4.145548866493291,-4.156239445413079
-1.5078024967466197,-0.7300803920443816,0.07828610852650246,-4.191741995907243,-4.1639089702634235,-4.1450844289921465,-4.156049695413537
-1.507825664834035,-0.7300023555988819,0.07829149694478271,-4.191741995907243,-4.163815432763271,-4.145177316492375,-4.156049695413537
-1.5078942008508738,-0.7299671987240344,0.07828740481976745,-4.191741995907243,-4.164563732764492,-4.145827528993977,-4.156429195412621
-1.5080081047971365,-0.7299594760282293,0.07827512844472168,-4.191553683406939,-4.164376657764187,-4.145455978993062,-4.156144570413308
-1.5080158274929416,-0.7300572239569665,0.07829149694478271,-4.191741995907243,-4.1644701952643395,-4.1456417539935195,-4.156239445413079
-1.5080235501887467,-0.7299440306366194,0.07828740481976745,-4.191553683406939,-4.164376657764187,-4.145548866493291,-4.156144570413308
-1.5079019235466786,-0.7300495012611616,0.0782833126947522,-4.19164783965709,-4.164750807764797,-4.146106191494664,-4.156808695411706
-1.5079318460844928,-0.7300572239569665,0.07829149694478271,-4.19164783965709,-4.165499107766018,-4.146942178996724,-4.157662570409646
-1.5078787554592639,-0.7300297897779242,0.07828740481976745,-4.191836152157396,-4.1644701952643395,-4.145734641493749,-4.156429195412621
-1.507772574208806,-0.7301001035276191,0.07829558906979797,-4.191553683406939,-4.1633477452625085,-4.144248441490086,-4.155290695415368
-1.5077194835835774,-0.729932041849187,0.07829149694478271,-4.191741995907243,-4.164563732764492,-4.1456417539935195,-4.156618945412164
-1.507825664834035,-0.7300726693485766,0.0782833126947522,-4.191553683406939,-4.164376657764187,-4.145548866493291,-4.156429195412621
-1.5079472914761027,-0.7300100782946869,0.07829149694478271,-4.191741995907243,-4.164002507763576,-4.145270203992604,-4.155859945413995
-1.5078411102256448,-0.7299671987240344,0.0782833126947522,-4.191365370906633,-4.1642831202640345,-4.1456417539935195,-4.156429195412621
-1.508061195422365,-0.7300649466527716,0.07829558906979797,-4.191741995907243,-4.164189582763882,-4.1456417539935195,-4.15633432041285
-1.5079096462424837,-0.7300572239569665,0.07827922056973693,-4.191741995907243,-4.164376657764187,-4.145734641493749,-4.15633432041285
-1.5080081047971365,-0.7300220670821191,0.07828740481976745,-4.191741995907243,-4.16521849526556,-4.14638485399535,-4.157093320411019
-1.5079019235466786,-0.7300143443863143,0.07828740481976745,-4.19164783965709,-4.1633477452625085,-4.144527103990773,-4.155290695415368
-1.5080003821013317,-0.7300495012611616,0.07829149694478271,-4.19164783965709,-4.1639089702634235,-4.144898653991689,-4.156049695413537
-1.2972084857818877,-0.6240705326362592,0.10118440676717948,-3.593949415670826,-3.5823664048550055,-3.571373025865833,-3.5725216936616584
-1.2971621496070578,-0.6241331236901491,0.10119668314222525,-3.5941377281711304,-3.5804956548519535,-3.569793938361942,-3.570529318666465
-1.2969719869481513,-0.6241408463859541,0.10118720259892974,-3.5942318844212835,-3.5821793298547004,-3.571651688366519,-3.5725216936616584
-1.296554016396719,-0.6240782553320642,0.10119668314222525,-3.5940435719209782,-3.5825534798553105,-3.5715588008662906,-3.5728063186609718
-1.2963561310420078,-0.6240508211530218,0.10118440676717948,-3.593949415670826,-3.5823664048550055,-3.5714659133660613,-3.5727114436612006
-1.2964014989714312,-0.6241288575985215,0.10119259101721,-3.5941377281711304,-3.582647017355464,-3.571651688366519,-3.5728063186609718
-1.2965154029176942,-0.6241640144733691,0.10118849889219474,-3.5941377281711304,-3.5821793298547004,-3.571373025865833,-3.5726165686614295
-1.2967586562018294,-0.6241485690817591,0.10120207156050551,-3.5944201969215888,-3.582459942355158,-3.5712801383656037,-3.5724268186618873
-1.2970019094859653,-0.6242188828314538,0.10120616368552077,-3.5947968219221993,-3.5823664048550055,-3.5714659133660613,-3.5724268186618873
-1.2968812510893035,-0.6240705326362592,0.10119797943549025,-3.5940435719209782,-3.5821793298547004,-3.571373025865833,-3.5724268186618873
-1.2971698723028626,-0.6240705326362592,0.10120207156050551,-3.5944201969215888,-3.582272867354853,-3.5714659133660613,-3.5727114436612006
-1.2970791364440153,-0.6241408463859541,0.10119797943549025,-3.5944201969215888,-3.581711642353938,-3.5709085883646883,-3.572047318662803
-1.2971467042154479,-0.6240628099404542,0.10118979518545973,-3.5940435719209782,-3.5818051798540904,-3.5709085883646883,-3.5718575686632605
-1.2968127150724644,-0.6240705326362592,0.10118570306044447,-3.5940435719209782,-3.582272867354853,-3.571373025865833,-3.572331943662116
-1.2968802828438974,-0.6241056895111066,0.10118979518545973,-3.5943260406714357,-3.5823664048550055,-3.5714659133660613,-3.5724268186618873
-1.2967432108102195,-0.6241837259566064,0.10118979518545973,-3.5944201969215888,-3.5821793298547004,-3.5714659133660613,-3.5728063186609718
-1.2967663788976345,-0.6241134122069115,0.10119259101721,-3.5943260406714357,-3.5823664048550055,-3.571651688366519,-3.5724268186618873
-1.296607107021948,-0.6240782553320642,0.10118979518545973,-3.5941377281711304,-3.582647017355464,-3.5715588008662906,-3.5728063186609718
-1.2968426376102784,-0.6241211349027165,0.10119388731047499,-3.5940435719209782,-3.582272867354853,-3.571373025865833,-3.572331943662116
-1.2968127150724644,-0.6241485690817591,0.10118849889219474,-3.5941377281711304,-3.5823664048550055,-3.5715588008662906,-3.5725216936616584
-1.2970250775733803,-0.6242111601356488,0.10119388731047499,-3.5940435719209782,-3.582459942355158,-3.571373025865833,-3.5725216936616584
-1.2970250775733803,-0.6240705326362592,0.10118570306044447,-3.5944201969215888,-3.5821793298547004,-3.5712801383656037,-3.5724268186618873
-1.2969034509313122,-0.6240979668153015,0.10119797943549025,-3.5944201969215888,-3.5827405548556164,-3.5717445758667483,-3.572901193660743
-1.2968503603060832,-0.6240550872446492,0.10118570306044447,-3.5941377281711304,-3.582459942355158,-3.5712801383656037,-3.5724268186618873
-1.2967818242892446,-0.6241056895111066,0.10118979518545973,-3.5944201969215888,-3.582272867354853,-3.5711872508653753,-3.5724268186618873
-1.296614829717753,-0.6241134122069115,0.10118570306044447,-3.5940435719209782,-3.5816181048537854,-3.5706299258640013,-3.5718575686632605
-1.296554016396719,-0.6241134122069115,0.10118161093542921,-3.5941377281711304,-3.582459942355158,-3.5712801383656037,-3.5724268186618873
-1.2967741015934395,-0.6241485690817591,0.10118979518545973,-3.5941377281711304,-3.5821793298547004,-3.571094363365146,-3.5726165686614295
-1.2968349149144736,-0.6240859780278691,0.10118570306044447,-3.593855259420673,-3.581337492353327,-3.5701654883628575,-3.571288318664634
-1.2970250775733803,-0.6241134122069115,0.10119668314222525,-3.5941377281711304,-3.5825534798553105,-3.5715588008662906,-3.572901193660743
-1.2969719869481513,-0.6241485690817591,0.10119388731047499,-3.5942318844212835,-3.582085792354548,-3.571373025865833,-3.5724268186618873
-1.2970328002691853,-0.6241408463859541,0.10119388731047499,-3.5941377281711304,-3.5816181048537854,-3.5706299258640013,-3.5716678186637183
-1.2970250775733803,-0.6241408463859541,0.10120207156050551,-3.5940435719209782,-3.5819922548543954,-3.5711872508653753,-3.5724268186618873
-1.2967972696808543,-0.6240705326362592,0.10118161093542921,-3.5940435719209782,-3.5821793298547004,-3.5712801383656037,-3.5724268186618873
-1.2967818242892446,-0.6242034374398437,0.10119388731047499,-3.5942318844212835,-3.582272867354853,-3.5712801383656037,-3.572331943662116
-1.2967210109682106,-0.6241056895111066,0.10118570306044447,-3.5942318844212835,-3.582272867354853,-3.5709085883646883,-3.5725216936616584
-1.2967663788976345,-0.6242111601356488,0.10119797943549025,-3.594514353171741,-3.582272867354853,-3.5714659133660613,-3.5724268186618873
-1.2967741015934395,-0.6241408463859541,0.10119388731047499,-3.5942318844212835,-3.5823664048550055,-3.571373025865833,-3.5725216936616584
-1.2968426376102784,-0.624156291777564,0.10119668314222525,-3.5941377281711304,-3.5825534798553105,-3.571373025865833,-3.5724268186618873
-1.2970704455028037,-0.6242188828314538,0.10118440676717948,-3.5940435719209782,-3.5823664048550055,-3.571373025865833,-3.5724268186618873
-1.2970250775733803,-0.6241837259566064,0.10119259101721,-3.5942318844212835,-3.5816181048537854,-3.570537038363773,-3.5719524436630317
-1.2970328002691853,-0.6241056895111066,0.10120486739225577,-3.5942318844212835,-3.581337492353327,-3.570537038363773,-3.5717626936634894
-1.2969111736271173,-0.6241056895111066,0.10119259101721,-3.5944201969215888,-3.5812439548531745,-3.570351263363315,-3.571572943663947
-1.2967895469850494,-0.6240705326362592,0.10118440676717948,-3.5941377281711304,-3.5825534798553105,-3.571373025865833,-3.5724268186618873
-1.2967287336640156,-0.6241056895111066,0.10118440676717948,-3.5942318844212835,-3.582459942355158,-3.571373025865833,-3.5725216936616584
-1.296614829717753,-0.6240628099404542,0.10119668314222525,-3.5941377281711304,-3.583395317356684,-3.572209013367893,-3.573849943658454
-1.296660197647177,-0.6241056895111066,0.10118440676717948,-3.5942318844212835,-3.5821793298547004,-3.5715588008662906,-3.5727114436612006
-1.2967287336640156,-0.6240353757614119,0.10118440676717948,-3.5940435719209782,-3.582272867354853,-3.5711872508653753,-3.572331943662116
-1.2969034509313122,-0.6241408463859541,0.10118440676717948,-3.5942318844212835,-3.5825534798553105,-3.571373025865833,-3.5724268186618873
-1.2970173548775752,-0.6241056895111066,0.10120077526724051,-3.594514353171741,-3.5825534798553105,-3.571373025865833,-3.5724268186618873
-1.2969111736271173,-0.6240705326362592,0.10118979518545973,-3.5944201969215888,-3.5814310298534795,-3.5701654883628575,-3.571572943663947
-1.2970173548775752,-0.6240782553320642,0.10118979518545973,-3.5941377281711304,-3.582272867354853,-3.5712801383656037,-3.5725216936616584
-1.2968580830018883,-0.6240782553320642,0.10119259101721,-3.5944201969215888,-3.5823664048550055,-3.5711872508653753,-3.5724268186618873
-1.2968503603060832,-0.6241056895111066,0.10120077526724051,-3.5941377281711304,-3.5819922548543954,-3.5710014758649176,-3.572331943662116
-1.2967895469850494,-0.6241056895111066,0.10119259101721,-3.5944201969215888,-3.582834092355769,-3.5721161258676637,-3.5731858186600562
-1.2967895469850494,-0.6241056895111066,0.10119259101721,-3.593949415670826,-3.582085792354548,-3.5711872508653753,-3.5725216936616584
-1.2968957282355074,-0.6241056895111066,0.10120486739225577,-3.594514353171741,-3.581898717354243,-3.57081570086446,-3.572047318662803
-1.2967287336640156,-0.6240979668153015,0.10119668314222525,-3.5941377281711304,-3.5825534798553105,-3.571094363365146,-3.5724268186618873
-1.2967895469850494,-0.6240979668153015,0.10119668314222525,-3.5941377281711304,-3.5827405548556164,-3.5717445758667483,-3.572901193660743
-1.2970550001111938,-0.6241331236901491,0.10119259101721,-3.5942318844212835,-3.5823664048550055,-3.5711872508653753,-3.5724268186618873
-1.2968957282355074,-0.6240705326362592,0.10118440676717948,-3.5940435719209782,-3.582085792354548,-3.5712801383656037,-3.5725216936616584
-1.2968957282355074,-0.6242111601356488,0.10118849889219474,-3.5943260406714357,-3.582272867354853,-3.5712801383656037,-3.5724268186618873
-1.2968426376102784,-0.6241760032608015,0.10118849889219474,-3.5944201969215888,-3.582459942355158,-3.571373025865833,-3.572901193660743
-1.2967441790556253,-0.6240705326362592,0.10118849889219474,-3.5942318844212835,-3.5823664048550055,-3.571373025865833,-3.5724268186618873
-1.2968957282355074,-0.6241837259566064,0.10118849889219474,-3.5940435719209782,-3.5823664048550055,-3.571373025865833,-3.5725216936616584
-1.2968349149144736,-0.6241056895111066,0.10119668314222525,-3.5944201969215888,-3.581898717354243,-3.5710014758649176,-3.572331943662116
-1.2968880055397025,-0.6241760032608015,0.10119259101721,-3.5941377281711304,-3.5818051798540904,-3.5704441508635436,-3.5718575686632605
-1.2970019094859653,-0.6241056895111066,0.10120486739225577,-3.594514353171741,-3.582459942355158,-3.5712801383656037,-3.5727114436612006
-1.2968957282355074,-0.6240705326362592,0.10118440676717948,-3.5944201969215888,-3.583208242356379,-3.572487675868579,-3.573849943658454
-1.2969034509313122,-0.6241056895111066,0.10119668314222525,-3.5944201969215888,-3.582085792354548,-3.5715588008662906,-3.5726165686614295
-1.2970627228069986,-0.6242737511895387,0.10119668314222525,-3.5941377281711304,-3.582272867354853,-3.5711872508653753,-3.5726165686614295
-1.2970096321817701,-0.6241408463859541,0.10119259101721,-3.5941377281711304,-3.5821793298547004,-3.5712801383656037,-3.5725216936616584
-1.2969111736271173,-0.6241056895111066,0.10118849889219474,-3.5940435719209782,-3.582085792354548,-3.5711872508653753,-3.5724268186618873
-1.2968503603060832,-0.6241760032608015,0.10118849889219474,-3.5942318844212835,-3.5825534798553105,-3.5709085883646883,-3.5724268186618873
-1.2968880055397025,-0.6241134122069115,0.10119668314222525,-3.5943260406714357,-3.581898717354243,-3.571373025865833,-3.5724268186618873
-1.2968271922186685,-0.6241485690817591,0.10119668314222525,-3.5941377281711304,-3.5823664048550055,-3.571373025865833,-3.5725216936616584
-1.2967663788976345,-0.6242188828314538,0.10118849889219474,-3.5942318844212835,-3.582272867354853,-3.5712801383656037,-3.572237068662345
-1.2967663788976345,-0.6242111601356488,0.10119668314222525,-3.5944201969215888,-3.5821793298547004,-3.5712801383656037,-3.5725216936616584
-1.2968880055397025,-0.6241056895111066,0.10120486739225577,-3.5941377281711304,-3.5821793298547004,-3.5715588008662906,-3.5726165686614295
-1.2970096321817701,-0.6240353757614119,0.10119668314222525,-3.5942318844212835,-3.582085792354548,-3.5714659133660613,-3.5724268186618873
-1.2967519017514304,-0.6240002188865643,0.10118440676717948,-3.593855259420673,-3.581898717354243,-3.5709085883646883,-3.572047318662803
-1.2970781681986088,-0.6240979668153015,0.10120077526724051,-3.5940435719209782,-3.5821793298547004,-3.5714659133660613,-3.5724268186618873
-1.2970250775733803,-0.6241331236901491,0.10118031464216422,-3.5944201969215888,-3.5821793298547004,-3.5711872508653753,-3.572237068662345
-1.2968658056976934,-0.6241408463859541,0.10120077526724051,-3.5942318844212835,-3.582272867354853,-3.5715588008662906,-3.5727114436612006
-1.2969034509313122,-0.6241056895111066,0.10118031464216422,-3.5942318844212835,-3.5825534798553105,-3.5715588008662906,-3.5728063186609718
-1.2968426376102784,-0.6242111601356488,0.10120077526724051,-3.5944201969215888,-3.5823664048550055,-3.5715588008662906,-3.5727114436612006
-1.2967741015934395,-0.6242188828314538,0.10119259101721,-3.5942318844212835,-3.5823664048550055,-3.5715588008662906,-3.5725216936616584
-1.296667920342982,-0.6241485690817591,0.10118849889219474,-3.5944201969215888,-3.5825534798553105,-3.5717445758667483,-3.5731858186600562
-1.2967132882724055,-0.6241760032608015,0.10119668314222525,-3.5942318844212835,-3.5825534798553105,-3.5715588008662906,-3.5725216936616584
-1.2967741015934395,-0.6241408463859541,0.10118849889219474,-3.5942318844212835,-3.582459942355158,-3.571651688366519,-3.5725216936616584
-1.2970096321817701,-0.6241760032608015,0.10120486739225577,-3.5944201969215888,-3.581524567353632,-3.57081570086446,-3.5718575686632605
-1.2970173548775752,-0.6241056895111066,0.10119668314222525,-3.5942318844212835,-3.5823664048550055,-3.5715588008662906,-3.5726165686614295
-1.2970250775733803,-0.6240705326362592,0.10118849889219474,-3.593949415670826,-3.582459942355158,-3.571373025865833,-3.5726165686614295
-1.2969111736271173,-0.6240979668153015,0.10118849889219474,-3.5942318844212835,-3.582272867354853,-3.5712801383656037,-3.5724268186618873
-1.2969034509313122,-0.6241056895111066,0.10120077526724051,-3.5942318844212835,-3.582272867354853,-3.571373025865833,-3.5726165686614295
-1.2969941867901604,-0.6241056895111066,0.10119668314222525,-3.5942318844212835,-3.5823664048550055,-3.571373025865833,-3.5725216936616584
-1.2967210109682106,-0.6241134122069115,0.10118849889219474,-3.5941377281711304,-3.5808698048525645,-3.5699797133624,-3.571288318664634
-1.2967741015934395,-0.6240782553320642,0.10118849889219474,-3.5944201969215888,-3.582272867354853,-3.571373025865833,-3.5725216936616584
-1.2968802828438974,-0.6241408463859541,0.10120077526724051,-3.5944201969215888,-3.5834888548568364,-3.572766338369266,-3.573944818658225
-1.2970019094859653,-0.6241056895111066,0.10118849889219474,-3.594514353171741,-3.5808698048525645,-3.5698868258621705,-3.5709088186655493
-1.2969034509313122,-0.6241056895111066,0.10119668314222525,-3.5944201969215888,-3.5823664048550055,-3.5712801383656037,-3.5724268186618873
-1.2970704455028037,-0.6240705326362592,0.10118849889219474,-3.5941377281711304,-3.5821793298547004,-3.571373025865833,-3.5726165686614295
-1.2970173548775752,-0.6241408463859541,0.10120077526724051,-3.5942318844212835,-3.582647017355464,-3.5717445758667483,-3.5728063186609718
-1.2968658056976934,-0.6240628099404542,0.10118849889219474,-3.593949415670826,-3.5823664048550055,-3.5715588008662906,-3.5725216936616584
-1.2968580830018883,-0.6241331236901491,0.10119668314222525,-3.5941377281711304,-3.582085792354548,-3.5710014758649176,-3.5728063186609718
-1.2968426376102784,-0.6241331236901491,0.10119668314222525,-3.5944201969215888,-3.5821793298547004,-3.5712801383656037,-3.5725216936616584
-1.2967818242892446,-0.6241331236901491,0.10119668314222525,-3.5940435719209782,-3.582085792354548,-3.5711872508653753,-3.5725216936616584
-1.2967287336640156,-0.6241331236901491,0.10119259101721,-3.5942318844212835,-3.582272867354853,-3.5712801383656037,-3.5725216936616584
-1.2967663788976345,-0.6241682805649964,0.10119668314222525,-3.5942318844212835,-3.5823664048550055,-3.5712801383656037,-3.5724268186618873
-1.2967741015934395,-0.6241331236901491,0.10119668314222525,-3.5940435719209782,-3.5819922548543954,-3.571373025865833,-3.5725216936616584
-1.2968880055397025,-0.6241056895111066,0.10119668314222525,-3.5944201969215888,-3.581337492353327,-3.570351263363315,-3.5716678186637183
-1.2970019094859653,-0.6241056895111066,0.10118849889219474,-3.5942318844212835,-3.5821793298547004,-3.571373025865833,-3.5726165686614295
-1.2969565415565412,-0.6241408463859541,0.10120077526724051,-3.5944201969215888,-3.5834888548568364,-3.5728592258694944,-3.573660193658912
-1.2969034509313122,-0.6241056895111066,0.10118849889219474,-3.5940435719209782,-3.5823664048550055,-3.5714659133660613,-3.572331943662116
-1.2970173548775752,-0.6242111601356488,0.10119668314222525,-3.5944201969215888,-3.5834888548568364,-3.5725805633688084,-3.5734704436593696
-1.2970781681986088,-0.6240979668153015,0.10119668314222525,-3.5944201969215888,-3.5821793298547004,-3.571094363365146,-3.5725216936616584
-1.2969111736271173,-0.6240628099404542,0.10120486739225577,-3.5941377281711304,-3.5825534798553105,-3.5717445758667483,-3.5726165686614295
-1.2970096321817701,-0.6240979668153015,0.10118849889219474,-3.5940435719209782,-3.5825534798553105,-3.571930350867206,-3.572901193660743
-1.2968957282355074,-0.6241331236901491,0.10118440676717948,-3.5944201969215888,-3.5825534798553105,-3.5715588008662906,-3.5726165686614295
-1.2967818242892446,-0.6241331236901491,0.10119668314222525,-3.5944201969215888,-3.582459942355158,-3.5714659133660613,-3.5724268186618873
-1.2966756430387871,-0.6240705326362592,0.10119259101721,-3.5944201969215888,-3.581898717354243,-3.5711872508653753,-3.5726165686614295
-1.2967818242892446,-0.6241056895111066,0.10118440676717948,-3.593855259420673,-3.5827405548556164,-3.5720232383674353,-3.5727114436612006
-1.2967741015934395,-0.6241408463859541,0.10118849889219474,-3.593949415670826,-3.5823664048550055,-3.5715588008662906,-3.5725216936616584
-1.2968349149144736,-0.6240705326362592,0.10120077526724051,-3.5944201969215888,-3.5821793298547004,-3.5712801383656037,-3.5724268186618873
-1.2968957282355074,-0.6241056895111066,0.10120077526724051,-3.593949415670826,-3.582459942355158,-3.5711872508653753,-3.5728063186609718
-1.2969034509313122,-0.6240628099404542,0.10118440676717948,-3.5941377281711304,-3.5825534798553105,-3.571373025865833,-3.5724268186618873
-1.2969034509313122,-0.6242034374398437,0.10118849889219474,-3.5943260406714357,-3.5818051798540904,-3.5710014758649176,-3.572047318662803
-1.2967972696808543,-0.6240628099404542,0.10118849889219474,-3.5941377281711304,-3.582272867354853,-3.5714659133660613,-3.5728063186609718
-1.2969111736271173,-0.6241331236901491,0.10119259101721,-3.5942318844212835,-3.5819922548543954,-3.5710014758649176,-3.572047318662803
-1.2968503603060832,-0.6240979668153015,0.10118440676717948,-3.5944201969215888,-3.583395317356684,-3.572487675868579,-3.573755068658683
-1.2968957282355074,-0.6242034374398437,0.10119668314222525,-3.5942318844212835,-3.5814310298534795,-3.570537038363773,-3.571288318664634
-1.2968957282355074,-0.6240705326362592,0.10118849889219474,-3.5944201969215888,-3.582272867354853,-3.5711872508653753,-3.5727114436612006
-1.2967364563598205,-0.6242111601356488,0.10119668314222525,-3.5942318844212835,-3.5840500798577524,-3.5732307758704107,-3.5743243186573097
-1.2969488188607363,-0.6240705326362592,0.10120077526724051,-3.593949415670826,-3.5821793298547004,-3.571373025865833,-3.5725216936616584
-1.2968880055397025,-0.6240705326362592,0.10118849889219474,-3.594514353171741,-3.5821793298547004,-3.5714659133660613,-3.5725216936616584
-1.2968426376102784,-0.6241056895111066,0.10119259101721,-3.5942318844212835,-3.582085792354548,-3.5712801383656037,-3.5725216936616584
-1.2968957282355074,-0.6240628099404542,0.10118849889219474,-3.5940435719209782,-3.5834888548568364,-3.5726734508690368,-3.573755068658683
-1.2969565415565412,-0.6240628099404542,0.10119259101721,-3.5944201969215888,-3.5833017798565314,-3.572487675868579,-3.573660193658912
-1.2967441790556253,-0.6240628099404542,0.10118440676717948,-3.5941377281711304,-3.582272867354853,-3.5714659133660613,-3.5726165686614295
-1.2967972696808543,-0.6241331236901491,0.10119259101721,-3.5942318844212835,-3.5823664048550055,-3.571373025865833,-3.5727114436612006
-1.2967972696808543,-0.6240628099404542,0.10118849889219474,-3.5942318844212835,-3.5821793298547004,-3.5715588008662906,-3.5725216936616584
-1.2968426376102784,-0.6240628099404542,0.10119259101721,-3.5941377281711304,-3.5821793298547004,-3.5712801383656037,-3.5726165686614295
-1.2967895469850494,-0.6240705326362592,0.10119668314222525,-3.5942318844212835,-3.5825534798553105,-3.5712801383656037,-3.572331943662116
-1.2968957282355074,-0.6241408463859541,0.10120077526724051,-3.5942318844212835,-3.582459942355158,-3.5717445758667483,-3.5726165686614295
-1.2968426376102784,-0.6240705326362592,0.10119668314222525,-3.5941377281711304,-3.5821793298547004,-3.5714659133660613,-3.5725216936616584
-1.2967972696808543,-0.6241056895111066,0.10118849889219474,-3.5941377281711304,-3.5821793298547004,-3.5712801383656037,-3.5726165686614295
-1.2970096321817701,-0.6241408463859541,0.10119668314222525,-3.5941377281711304,-3.582459942355158,-3.571373025865833,-3.5724268186618873
-1.2968957282355074,-0.6241408463859541,0.10119259101721,-3.5940435719209782,-3.582085792354548,-3.571373025865833,-3.5724268186618873
-1.2967895469850494,-0.6240979668153015,0.10119668314222525,-3.5941377281711304,-3.582272867354853,-3.5711872508653753,-3.5725216936616584
-1.2967818242892446,-0.6240628099404542,0.10119668314222525,-3.5944201969215888,-3.582272867354853,-3.5712801383656037,-3.5726165686614295
-1.2970019094859653,-0.6241682805649964,0.10119668314222525,-3.5944201969215888,-3.5821793298547004,-3.5711872508653753,-3.5725216936616584
-1.2969034509313122,-0.6240628099404542,0.10118440676717948,-3.5942318844212835,-3.582085792354548,-3.5712801383656037,-3.5724268186618873
-1.2970173548775752,-0.6241331236901491,0.10118440676717948,-3.5942318844212835,-3.5819922548543954,-3.5712801383656037,-3.5724268186618873
-1.2968049923766594,-0.6241056895111066,0.10119668314222525,-3.5941377281711304,-3.582085792354548,-3.571373025865833,-3.5724268186618873
-1.2969034509313122,-0.6241408463859541,0.10120486739225577,-3.5942318844212835,-3.582272867354853,-3.5712801383656037,-3.5725216936616584
-1.2968957282355074,-0.6242111601356488,0.10118849889219474,-3.5942318844212835,-3.5823664048550055,-3.571651688366519,-3.5727114436612006
-1.2967287336640156,-0.6240705326362592,0.10118849889219474,-3.593949415670826,-3.5823664048550055,-3.5717445758667483,-3.5726165686614295
-1.2967818242892446,-0.6241056895111066,0.10119668314222525,-3.5942318844212835,-3.5821793298547004,-3.571373025865833,-3.5725216936616584
-1.2967741015934395,-0.6240002188865643,0.10118849889219474,-3.5941377281711304,-3.582459942355158,-3.571373025865833,-3.5724268186618873
-1.2969488188607363,-0.6241056895111066,0.10119259101721,-3.5944201969215888,-3.582085792354548,-3.5723947883683507,-3.5734704436593696
-1.2969034509313122,-0.6240979668153015,0.10119668314222525,-3.5942318844212835,-3.580402117351801,-3.569422388361026,-3.570529318666465
-1.2970173548775752,-0.6241331236901491,0.10118440676717948,-3.5941377281711304,-3.582085792354548,-3.5712801383656037,-3.5726165686614295
-1.2969111736271173,-0.6240979668153015,0.10119668314222525,-3.5941377281711304,-3.5821793298547004,-3.5712801383656037,-3.5726165686614295
-1.2970250775733803,-0.6240979668153015,0.10120077526724051,-3.5943260406714357,-3.581337492353327,-3.570537038363773,-3.5716678186637183
-1.2968049923766594,-0.6240276530656068,0.10118849889219474,-3.5943260406714357,-3.5816181048537854,-3.5709085883646883,-3.572237068662345
-1.2969410961649315,-0.6241760032608015,0.10119259101721,-3.5942318844212835,-3.5821793298547004,-3.5712801383656037,-3.5726165686614295
-1.2967741015934395,-0.6240705326362592,0.10120077526724051,-3.5942318844212835,-3.5827405548556164,-3.5718374633669767,-3.572901193660743
-1.2968194695228634,-0.6240705326362592,0.10120077526724051,-3.5941377281711304,-3.5819922548543954,-3.5711872508653753,-3.5725216936616584
-1.2967818242892446,-0.6241056895111066,0.10118849889219474,-3.5944201969215888,-3.5823664048550055,-3.5711872508653753,-3.5724268186618873
-1.2968426376102784,-0.6241056895111066,0.10118849889219474,-3.5940435719209782,-3.5821793298547004,-3.5712801383656037,-3.5726165686614295
-1.2967972696808543,-0.6241760032608015,0.10120077526724051,-3.5944201969215888,-3.582085792354548,-3.5712801383656037,-3.5725216936616584
-1.2969034509313122,-0.6241331236901491,0.10120077526724051,-3.5944201969215888,-3.5819922548543954,-3.5712801383656037,-3.572237068662345
-1.2970627228069986,-0.6241682805649964,0.10120486739225577,-3.5940435719209782,-3.5823664048550055,-3.5715588008662906,-3.5724268186618873
-1.2968049923766594,-0.6240628099404542,0.10118849889219474,-3.5940435719209782,-3.5821793298547004,-3.5712801383656037,-3.5726165686614295
-1.2969565415565412,-0.6240979668153015,0.10118849889219474,-3.593949415670826,-3.5825534798553105,-3.5715588008662906,-3.572331943662116
-1.2969941867901604,-0.6241760032608015,0.10119259101721,-3.5942318844212835,-3.5819922548543954,-3.571094363365146,-3.5724268186618873
-1.2968880055397025,-0.6241408463859541,0.10119109147872474,-3.5944201969215888,-3.5825534798553105,-3.5717445758667483,-3.5728063186609718
-1.2967287336640156,-0.6241056895111066,0.10119518360374,-3.5940435719209782,-3.5821793298547004,-3.571373025865833,-3.5724268186618873
-1.2967818242892446,-0.6241408463859541,0.10119518360374,-3.5944201969215888,-3.5814310298534795,-3.57081570086446,-3.5717626936634894
-1.2967895469850494,-0.6240705326362592,0.10119518360374,-3.5944201969215888,-3.582459942355158,-3.571651688366519,-3.5728063186609718
-1.2970096321817701,-0.6240705326362592,0.10120336785377052,-3.5944201969215888,-3.5806827298522594,-3.5698868258621705,-3.5710036936653204
-1.2967972696808543,-0.6241056895111066,0.10118290722869422,-3.593949415670826,-3.5823664048550055,-3.5715588008662906,-3.5725216936616584
-1.2969565415565412,-0.6240979668153015,0.10119518360374,-3.5941377281711304,-3.583582392356989,-3.5728592258694944,-3.5741345686577675
-1.2969642642523462,-0.6241682805649964,0.10119927572875526,-3.5941377281711304,-3.582272867354853,-3.571373025865833,-3.5726165686614295
-1.2970096321817701,-0.6240979668153015,0.10119518360374,-3.5940435719209782,-3.5836759298571423,-3.572766338369266,-3.573660193658912
-1.2967895469850494,-0.6240628099404542,0.10119109147872474,-3.5940435719209782,-3.5821793298547004,-3.5712801383656037,-3.5724268186618873
-1.2967818242892446,-0.6240628099404542,0.10119927572875526,-3.5942318844212835,-3.5821793298547004,-3.5712801383656037,-3.5726165686614295
-1.2967818242892446,-0.6242463170104964,0.10119518360374,-3.5943260406714357,-3.5836759298571423,-3.5731378883701814,-3.5740396936579963
-1.2968271922186685,-0.6241408463859541,0.10119518360374,-3.5942318844212835,-3.5825534798553105,-3.5714659133660613,-3.5727114436612006
-1.2968880055397025,-0.6241408463859541,0.10118699935370948,-3.5941377281711304,-3.5823664048550055,-3.571651688366519,-3.5726165686614295
-1.2970019094859653,-0.6241056895111066,0.10120336785377052,-3.5941377281711304,-3.582647017355464,-3.571651688366519,-3.5727114436612006
-1.2968503603060832,-0.6241408463859541,0.10119109147872474,-3.5941377281711304,-3.5823664048550055,-3.5711872508653753,-3.5726165686614295
-1.2969111736271173,-0.6241056895111066,0.10119518360374,-3.5940435719209782,-3.581337492353327,-3.5704441508635436,-3.5716678186637183
-1.2969111736271173,-0.6241056895111066,0.10120336785377052,-3.5941377281711304,-3.582085792354548,-3.5712801383656037,-3.5728063186609718
-1.2968580830018883,-0.6241331236901491,0.10119518360374,-3.5941377281711304,-3.582459942355158,-3.5715588008662906,-3.5728063186609718
-1.2969034509313122,-0.6240628099404542,0.10119109147872474,-3.5944201969215888,-3.582085792354548,-3.5711872508653753,-3.5724268186618873
-1.2970096321817701,-0.6240979668153015,0.10119927572875526,-3.5944201969215888,-3.5823664048550055,-3.571373025865833,-3.572237068662345
-1.2969565415565412,-0.6242034374398437,0.10119927572875526,-3.5944201969215888,-3.5821793298547004,-3.5715588008662906,-3.5724268186618873
-1.2968503603060832,-0.6240353757614119,0.10119927572875526,-3.5941377281711304,-3.5819922548543954,-3.571373025865833,-3.5725216936616584
-1.2970096321817701,-0.6240705326362592,0.10119518360374,-3.5941377281711304,-3.5823664048550055,-3.5714659133660613,-3.5725216936616584
-1.2969565415565412,-0.6241760032608015,0.10119927572875526,-3.594514353171741,-3.5825534798553105,-3.571373025865833,-3.5726165686614295
-1.2967972696808543,-0.6241408463859541,0.10118699935370948,-3.5940435719209782,-3.581898717354243,-3.57081570086446,-3.572142193662574
-1.2967441790556253,-0.6240705326362592,0.10119927572875526,-3.5941377281711304,-3.5821793298547004,-3.5714659133660613,-3.5725216936616584
-1.2969488188607363,-0.6241056895111066,0.10119927572875526,-3.5941377281711304,-3.581150417353022,-3.5700726008626282,-3.571478068664176
-1.2969488188607363,-0.6241056895111066,0.10119927572875526,-3.5944201969215888,-3.5823664048550055,-3.5712801383656037,-3.5727114436612006
-1.2967818242892446,-0.6240979668153015,0.10119109147872474,-3.5941377281711304,-3.582085792354548,-3.5711872508653753,-3.5725216936616584
-1.2968880055397025,-0.6240979668153015,0.10119109147872474,-3.5941377281711304,-3.5825534798553105,-3.571651688366519,-3.572996068660514
-1.2968426376102784,-0.6241331236901491,0.10119927572875526,-3.5940435719209782,-3.5823664048550055,-3.5711872508653753,-3.5726165686614295
-1.2968957282355074,-0.6240705326362592,0.10118699935370948,-3.593949415670826,-3.5819922548543954,-3.5710014758649176,-3.572237068662345
-1.2967364563598205,-0.6241408463859541,0.10118699935370948,-3.5941377281711304,-3.5823664048550055,-3.5717445758667483,-3.572901193660743
-1.2968957282355074,-0.6241408463859541,0.10120745997878577,-3.5944201969215888,-3.582272867354853,-3.5712801383656037,-3.5727114436612006
-1.2967972696808543,-0.6241331236901491,0.10120336785377052,-3.5942318844212835,-3.580776267352412,-3.5700726008626282,-3.5709088186655493
-1.2968503603060832,-0.6240979668153015,0.10119109147872474,-3.5942318844212835,-3.5827405548556164,-3.5717445758667483,-3.572901193660743
-1.2970096321817701,-0.6240199303698019,0.10119518360374,-3.594608509421894,-3.582272867354853,-3.5717445758667483,-3.5728063186609718
-1.2969034509313122,-0.6241254009943441,0.10119927572875526,-3.5942318844212835,-3.582085792354548,-3.571094363365146,-3.5725216936616584
-1.2969565415565412,-0.6242034374398437,0.10119109147872474,-3.5940435719209782,-3.582272867354853,-3.5717445758667483,-3.5728063186609718
-1.2969034509313122,-0.6241331236901491,0.10119518360374,-3.5943260406714357,-3.582085792354548,-3.5712801383656037,-3.5726165686614295
-1.2969034509313122,-0.6240979668153015,0.10119927572875526,-3.5941377281711304,-3.5823664048550055,-3.571373025865833,-3.5724268186618873
-1.2969565415565412,-0.6240628099404542,0.10119518360374,-3.5944201969215888,-3.5814310298534795,-3.570537038363773,-3.5716678186637183
-1.2969034509313122,-0.6240705326362592,0.10119109147872474,-3.5940435719209782,-3.5821793298547004,-3.571373025865833,-3.5724268186618873
-1.2968503603060832,-0.6241408463859541,0.10119109147872474,-3.5941377281711304,-3.582647017355464,-3.571651688366519,-3.572901193660743
-1.2968503603060832,-0.6241056895111066,0.10119518360374,-3.5940435719209782,-3.5819922548543954,-3.571373025865833,-3.5724268186618873
-1.2967972696808543,-0.6240979668153015,0.10120336785377052,-3.5944201969215888,-3.582085792354548,-3.571094363365146,-3.572331943662116
-1.2968503603060832,-0.6241957147440388,0.10120336785377052,-3.5940435719209782,-3.5821793298547004,-3.5711872508653753,-3.5724268186618873
-1.2970019094859653,-0.6241254009943441,0.10119109147872474,-3.5940435719209782,-3.5819922548543954,-3.5711872508653753,-3.5724268186618873
-1.2968426376102784,-0.6240550872446492,0.10121155210380103,-3.5941377281711304,-3.582272867354853,-3.5715588008662906,-3.5726165686614295
-1.2969034509313122,-0.6240550872446492,0.10118699935370948,-3.5940435719209782,-3.582085792354548,-3.571373025865833,-3.5724268186618873
-1.2967972696808543,-0.6240628099404542,0.10119518360374,-3.5944201969215888,-3.5818051798540904,-3.57081570086446,-3.572047318662803
-1.2969034509313122,-0.6241331236901491,0.10119927572875526,-3.593949415670826,-3.5823664048550055,-3.5715588008662906,-3.5726165686614295
-1.2967972696808543,-0.6241682805649964,0.10120336785377052,-3.5941377281711304,-3.5833017798565314,-3.5723947883683507,-3.5735653186591407
-1.2968503603060832,-0.6241331236901491,0.10119109147872474,-3.5942318844212835,-3.5821793298547004,-3.5711872508653753,-3.5724268186618873
-1.2969034509313122,-0.6240705326362592,0.10119518360374,-3.5941377281711304,-3.5819922548543954,-3.57081570086446,-3.572047318662803
-1.2967972696808543,-0.6240705326362592,0.10119927572875526,-3.594514353171741,-3.5818051798540904,-3.5710014758649176,-3.5724268186618873
-1.2968503603060832,-0.6241408463859541,0.10119109147872474,-3.593949415670826,-3.582272867354853,-3.571373025865833,-3.5726165686614295
-1.2967972696808543,-0.6241056895111066,0.10119518360374,-3.5942318844212835,-3.581524567353632,-3.57081570086446,-3.5717626936634894
-1.2968503603060832,-0.6242111601356488,0.10119518360374,-3.5942318844212835,-3.582085792354548,-3.5712801383656037,-3.572331943662116
-1.2967972696808543,-0.6241056895111066,0.10120336785377052,-3.5944201969215888,-3.581711642353938,-3.5710014758649176,-3.572142193662574
-1.2967972696808543,-0.6241056895111066,0.10119927572875526,-3.5944201969215888,-3.580963342352717,-3.5700726008626282,-3.5710985686650916
-1.2969034509313122,-0.6241408463859541,0.10118699935370948,-3.5941377281711304,-3.582272867354853,-3.5715588008662906,-3.572331943662116
-1.2968503603060832,-0.6241056895111066,0.10119518360374,-3.593949415670826,-3.583582392356989,-3.572766338369266,-3.5740396936579963
-1.2967895469850494,-0.6241408463859541,0.10119518360374,-3.5944201969215888,-3.5821793298547004,-3.5714659133660613,-3.5726165686614295
-1.2970019094859653,-0.6240705326362592,0.10118699935370948,-3.5941377281711304,-3.583582392356989,-3.5725805633688084,-3.5734704436593696
-1.2970019094859653,-0.6241056895111066,0.10120336785377052,-3.5944201969215888,-3.5816181048537854,-3.5711872508653753,-3.572237068662345
-1.2969565415565412,-0.6241408463859541,0.10120336785377052,-3.5942318844212835,-3.582272867354853,-3.571651688366519,-3.5725216936616584
-1.2969034509313122,-0.6242111601356488,0.10119927572875526,-3.593855259420673,-3.5821793298547004,-3.5711872508653753,-3.5725216936616584
-1.2967972696808543,-0.6240705326362592,0.10119109147872474,-3.5941377281711304,-3.5819922548543954,-3.571373025865833,-3.5719524436630317
-1.2969488188607363,-0.6242111601356488,0.10120745997878577,-3.5944201969215888,-3.5821793298547004,-3.5717445758667483,-3.5725216936616584
-1.2968349149144736,-0.6241056895111066,0.10119518360374,-3.5941377281711304,-3.5818051798540904,-3.5707228133642306,-3.572142193662574
-1.2967818242892446,-0.6241408463859541,0.10119927572875526,-3.5941377281711304,-3.582647017355464,-3.571930350867206,-3.5728063186609718
-1.2968880055397025,-0.6240353757614119,0.10119109147872474,-3.5940435719209782,-3.582085792354548,-3.5711872508653753,-3.5724268186618873
-1.085139509720733,-0.5194815841261935,0.12432912231159651,-3.0014437713024127,-2.9984447979974265,-2.98432707665183,-2.985633800472063
-1.085131787024928,-0.5193761135016512,0.12432503018658125,-3.0011613025519552,-2.9984447979974265,-2.9842341891516018,-2.9852543004729784
-1.085131787024928,-0.5194464272513462,0.12433730656162703,-3.0015379275525658,-2.998351260497274,-2.9842341891516018,-2.9854440504725206
-1.085070973703894,-0.5194464272513462,0.12433321443661177,-3.0014437713024127,-2.998351260497274,-2.9841413016513725,-2.9853491754727495
-1.085131787024928,-0.5194112703764986,0.12433730656162703,-3.0012554588021074,-2.997228810495443,-2.9831195391488547,-2.9844004254750383
-1.085131787024928,-0.5195167410010408,0.12432503018658125,-3.0012554588021074,-2.9997543229995625,-2.985441726654577,-2.9869620504688585
-1.0852456909711905,-0.5194464272513462,0.12431684593655074,-3.0013496150522605,-2.9971352729952905,-2.9831195391488547,-2.9841158004757258
-1.0852987815964195,-0.5194464272513462,0.124320938061566,-3.001067146301802,-2.997790035496358,-2.983676864150228,-2.984969675473665
-1.085147232416538,-0.5194464272513462,0.12432503018658125,-3.0012554588021074,-2.997977110496664,-2.984048414151143,-2.984874800473894
-1.085086419095504,-0.5195167410010408,0.12432503018658125,-3.0013496150522605,-2.997602960496053,-2.983212426649084,-2.9844953004748094
-1.085078696399699,-0.5193409566268039,0.12433730656162703,-3.0011613025519552,-2.9984447979974265,-2.9844199641520595,-2.985633800472063
-1.085139509720733,-0.5193409566268039,0.12434139868664229,-3.0012554588021074,-2.998351260497274,-2.984048414151143,-2.985633800472063
-1.0850333284702751,-0.5193838361974562,0.12433730656162703,-3.00097299005165,-2.998538335497579,-2.9844199641520595,-2.985633800472063
-1.0850941417913091,-0.5193838361974562,0.12433730656162703,-3.0013496150522605,-2.999847860499715,-2.985627501655035,-2.9869620504688585
-1.0852080457375715,-0.5194541499471511,0.12432912231159651,-3.0013496150522605,-2.998538335497579,-2.9844199641520595,-2.985633800472063
-1.0852234911291814,-0.5193838361974562,0.12432912231159651,-3.0012554588021074,-2.9978835729965114,-2.9838626391506855,-2.984969675473665
-1.0852688590586053,-0.5194541499471511,0.12433730656162703,-3.0011613025519552,-2.998538335497579,-2.98432707665183,-2.9855389254722917
-1.085139509720733,-0.5193409566268039,0.12431275381153548,-3.0013496150522605,-2.9984447979974265,-2.9844199641520595,-2.9855389254722917
-1.085078696399699,-0.5194815841261935,0.12433601026836202,-3.0013496150522605,-2.9976964979962055,-2.9833982016495417,-2.9854440504725206
-1.08501016038286,-0.5195167410010408,0.12432373389331626,-3.0013496150522605,-2.998538335497579,-2.9844199641520595,-2.985728675471834
-1.085100896241708,-0.5195167410010408,0.12432782601833152,-3.0013496150522605,-2.997977110496664,-2.9838626391506855,-2.984969675473665
-1.08499471499125,-0.5193409566268039,0.12431554964328574,-3.0011613025519552,-2.9980706479968164,-2.983955526650915,-2.984969675473665
-1.08499471499125,-0.5193838361974562,0.124319641768301,-3.0011613025519552,-3.0006896980010884,-2.9868350391580103,-2.988195425465883
-1.0850632510080889,-0.5194541499471511,0.12433601026836202,-3.0015379275525658,-2.999099560498495,-2.98516306415389,-2.986392800470232
-1.08502560577447,-0.5194541499471511,0.12433601026836202,-3.0011613025519552,-2.997602960496053,-2.98349108914977,-2.984969675473665
-1.085147232416538,-0.5193135224477613,0.12432503018658125,-3.00097299005165,-2.998538335497579,-2.9842341891516018,-2.985728675471834
-1.0851626778081478,-0.5194541499471511,0.12433730656162703,-3.0012554588021074,-2.998538335497579,-2.9844199641520595,-2.985728675471834
-1.0853827630048682,-0.5193838361974562,0.12432782601833152,-3.0015379275525658,-2.9984447979974265,-2.984048414151143,-2.9855389254722917
-1.085048773861885,-0.5194112703764986,0.12433601026836202,-3.0012554588021074,-2.997415885495748,-2.982933764148397,-2.9845901754745805
-1.0852456909711905,-0.5194815841261935,0.12433601026836202,-3.0012554588021074,-2.998164185496969,-2.9844199641520595,-2.9855389254722917
-1.0850333284702751,-0.5194464272513462,0.124319641768301,-3.0015379275525658,-2.9986318729977315,-2.9842341891516018,-2.985633800472063
-1.084972515149241,-0.5194189930723035,0.124319641768301,-3.001067146301802,-2.99966078549941,-2.9855346141548056,-2.9869620504688585
-1.085017883078665,-0.5194189930723035,0.12433601026836202,-3.0013496150522605,-2.998351260497274,-2.984048414151143,-2.985728675471834
-1.084957069757631,-0.5194893068219985,0.12433191814334678,-3.0015379275525658,-2.997790035496358,-2.983676864150228,-2.984969675473665
-1.085131787024928,-0.5194189930723035,0.12432782601833152,-3.0011613025519552,-2.9984447979974265,-2.984048414151143,-2.985633800472063
-1.0850410511660802,-0.5193838361974562,0.124319641768301,-3.0012554588021074,-2.9986318729977315,-2.9844199641520595,-2.9855389254722917
-1.085154955112343,-0.5194189930723035,0.12432373389331626,-3.0013496150522605,-2.999847860499715,-2.9858132766554926,-2.9869620504688585
-1.085154955112343,-0.5194541499471511,0.124319641768301,-3.0011613025519552,-2.998538335497579,-2.98432707665183,-2.985633800472063
-1.0852534136669956,-0.5194464272513462,0.12433601026836202,-3.001067146301802,-2.9984447979974265,-2.9844199641520595,-2.9853491754727495
-1.085139509720733,-0.5194464272513462,0.124319641768301,-3.0013496150522605,-2.9992866354988,-2.9852559516541186,-2.986392800470232
-1.085131787024928,-0.5194464272513462,0.12432373389331626,-3.0013496150522605,-2.9984447979974265,-2.9841413016513725,-2.9854440504725206
-1.084972515149241,-0.5194464272513462,0.12433601026836202,-3.0012554588021074,-2.997602960496053,-2.9831195391488547,-2.9844953004748094
-1.085078696399699,-0.5193838361974562,0.124319641768301,-3.0012554588021074,-2.99966078549941,-2.9855346141548056,-2.9868671754690874
-1.08502560577447,-0.5195244636968458,0.12432782601833152,-3.0011613025519552,-2.998538335497579,-2.983955526650915,-2.9854440504725206
-1.0851926003459615,-0.5194189930723035,0.12432782601833152,-3.0013496150522605,-2.998164185496969,-2.9838626391506855,-2.985064550473436
-1.085147232416538,-0.5194815841261935,0.12432373389331626,-3.001067146301802,-2.998351260497274,-2.984048414151143,-2.9854440504725206
-1.0853595949174535,-0.5194112703764986,0.12433191814334678,-3.0012554588021074,-2.998351260497274,-2.9844199641520595,-2.985633800472063
-1.0852534136669956,-0.5194112703764986,0.12432373389331626,-3.001067146301802,-2.9986318729977315,-2.9841413016513725,-2.985633800472063
-1.085154955112343,-0.5193683908058462,0.12431554964328574,-3.0012554588021074,-2.997977110496664,-2.983676864150228,-2.984874800473894
-1.0852456909711905,-0.5193409566268039,0.12432782601833152,-3.0014437713024127,-2.9984447979974265,-2.9844199641520595,-2.9854440504725206
-1.0852379682753854,-0.5193761135016512,0.124319641768301,-3.0012554588021074,-2.9993801729989524,-2.98516306415389,-2.986487675470003
-1.0849194245240121,-0.5193057997519563,0.12432503018658125,-3.0011613025519552,-2.998351260497274,-2.983955526650915,-2.9851594254732072
-1.084964792453436,-0.5194464272513462,0.12432912231159651,-3.0012554588021074,-2.998351260497274,-2.983769751650457,-2.9854440504725206
-1.08501016038286,-0.5194112703764986,0.12433730656162703,-3.0013496150522605,-2.9984447979974265,-2.9842341891516018,-2.9854440504725206
-1.084964792453436,-0.5193838361974562,0.124322234354831,-3.001067146301802,-2.997602960496053,-2.983676864150228,-2.9845901754745805
-1.085078696399699,-0.5194464272513462,0.124322234354831,-3.0015379275525658,-3.0003155480004784,-2.986184826656408,-2.987436425467714
-1.0849802378450462,-0.5195167410010408,0.124322234354831,-3.0012554588021074,-2.998164185496969,-2.9842341891516018,-2.9853491754727495
-1.0851926003459615,-0.5194112703764986,0.12432632647984626,-3.0013496150522605,-2.998351260497274,-2.984048414151143,-2.9852543004729784
-1.0851926003459615,-0.5194738614303884,0.12432632647984626,-3.0015379275525658,-2.9980706479968164,-2.983955526650915,-2.9851594254732072
-1.085139509720733,-0.5193761135016512,0.12433860285489202,-3.0013496150522605,-2.998538335497579,-2.9844199641520595,-2.9855389254722917
-1.0852003230417666,-0.5194815841261935,0.12433860285489202,-3.0013496150522605,-2.9980706479968164,-2.9841413016513725,-2.9855389254722917
-1.0850410511660802,-0.5194112703764986,0.12433451072987678,-3.0013496150522605,-2.99891248549819,-2.9846986266527455,-2.9862979254704607
-1.085147232416538,-0.5194464272513462,0.12432632647984626,-3.0012554588021074,-2.997977110496664,-2.983769751650457,-2.984969675473665
-1.0850333284702751,-0.5195244636968458,0.12433041860486152,-3.0012554588021074,-2.998351260497274,-2.9844199641520595,-2.985633800472063
-1.085086419095504,-0.5194893068219985,0.12433860285489202,-3.001067146301802,-2.9978835729965114,-2.9833982016495417,-2.984874800473894
-1.085078696399699,-0.5194112703764986,0.12433041860486152,-3.00172624005287,-2.998351260497274,-2.9844199641520595,-2.9853491754727495
-1.085131787024928,-0.5193409566268039,0.12433860285489202,-3.0013496150522605,-2.998538335497579,-2.9844199641520595,-2.985633800472063
-1.08502560577447,-0.5194464272513462,0.12433041860486152,-3.0011613025519552,-2.997602960496053,-2.9833982016495417,-2.9844953004748094
-1.085070973703894,-0.5193332339309988,0.12432632647984626,-3.0011613025519552,-2.998538335497579,-2.9841413016513725,-2.9853491754727495
-1.085078696399699,-0.5194387045555411,0.12433860285489202,-3.0013496150522605,-2.998725410497884,-2.9844199641520595,-2.9860133004711473
-1.0850333284702751,-0.5194112703764986,0.12433041860486152,-3.0015379275525658,-2.9999413979998684,-2.9857203891552633,-2.9870569254686297
-1.0850333284702751,-0.5193057997519563,0.12433860285489202,-3.0015379275525658,-2.998538335497579,-2.9842341891516018,-2.985633800472063
-1.085086419095504,-0.5194815841261935,0.12433451072987678,-3.0013496150522605,-2.9992866354988,-2.985070176653661,-2.986392800470232
-1.0852456909711905,-0.5194112703764986,0.12432632647984626,-3.0013496150522605,-2.9991930979986474,-2.9846986266527455,-2.9862030504706896
-1.085147232416538,-0.5195244636968458,0.12433451072987678,-3.0013496150522605,-2.997415885495748,-2.982933764148397,-2.984305550475267
-1.0851926003459615,-0.5194189930723035,0.12433860285489202,-3.001632083802718,-2.998538335497579,-2.9844199641520595,-2.9854440504725206
-1.085131787024928,-0.5193761135016512,0.12433451072987678,-3.0014437713024127,-2.998164185496969,-2.9842341891516018,-2.985728675471834
-1.085131787024928,-0.5193761135016512,0.12432632647984626,-3.0015379275525658,-2.998538335497579,-2.984048414151143,-2.9854440504725206
-1.085017883078665,-0.5193761135016512,0.124322234354831,-3.001067146301802,-2.998538335497579,-2.9841413016513725,-2.985633800472063
-1.085070973703894,-0.5194815841261935,0.12433451072987678,-3.0015379275525658,-2.998351260497274,-2.9844199641520595,-2.985823550471605
-1.08502560577447,-0.5194035476806935,0.12432632647984626,-3.0011613025519552,-2.998538335497579,-2.9844199641520595,-2.985728675471834
-1.0852456909711905,-0.5195090183052358,0.12433860285489202,-3.001067146301802,-2.998351260497274,-2.9844199641520595,-2.985728675471834
-1.085086419095504,-0.5193761135016512,0.12432632647984626,-3.0013496150522605,-2.998538335497579,-2.9844199641520595,-2.985633800472063
-1.085139509720733,-0.5193761135016512,0.12433041860486152,-3.0013496150522605,-2.998164185496969,-2.9841413016513725,-2.9855389254722917
-1.0850941417913091,-0.5195870547507357,0.12433860285489202,-3.0013496150522605,-2.9984447979974265,-2.9842341891516018,-2.9855389254722917
-1.085139509720733,-0.5194464272513462,0.12433041860486152,-3.0013496150522605,-2.9986318729977315,-2.9844199641520595,-2.985633800472063
-1.085131787024928,-0.5194189930723035,0.12433041860486152,-3.0012554588021074,-2.998538335497579,-2.9844199641520595,-2.985728675471834
-1.085078696399699,-0.5194541499471511,0.124322234354831,-3.0012554588021074,-2.998538335497579,-2.9844199641520595,-2.9855389254722917
-1.084972515149241,-0.5194464272513462,0.12433041860486152,-3.0013496150522605,-2.9984447979974265,-2.9841413016513725,-2.985633800472063
-1.0851771549543514,-0.5194464272513462,0.12432632647984626,-3.0013496150522605,-2.9984447979974265,-2.984048414151143,-2.985633800472063
-1.0851848776501565,-0.5194815841261935,0.12433860285489202,-3.0013496150522605,-2.998538335497579,-2.98432707665183,-2.985633800472063
-1.085086419095504,-0.5193761135016512,0.124322234354831,-3.0013496150522605,-2.998351260497274,-2.9844199641520595,-2.9854440504725206
-1.085147232416538,-0.5193332339309988,0.124322234354831,-3.0011613025519552,-2.998351260497274,-2.9842341891516018,-2.985633800472063
-1.0852534136669956,-0.5193683908058462,0.12432632647984626,-3.0012554588021074,-2.997977110496664,-2.9838626391506855,-2.9851594254732072
-1.0852080457375715,-0.5194815841261935,0.12433041860486152,-3.0012554588021074,-2.998351260497274,-2.9844199641520595,-2.985728675471834
-1.085147232416538,-0.5193761135016512,0.12432632647984626,-3.0012554588021074,-2.9984447979974265,-2.9844199641520595,-2.9855389254722917
-1.0852456909711905,-0.5194112703764986,0.12434678710492254,-3.0015379275525658,-2.9984447979974265,-2.9842341891516018,-2.985633800472063
-1.08502560577447,-0.5193486793226089,0.12432632647984626,-3.0012554588021074,-2.9990060229983424,-2.984791514152975,-2.985918425471376
-1.085078696399699,-0.5194189930723035,0.12432632647984626,-3.0012554588021074,-2.997977110496664,-2.9833982016495417,-2.985064550473436
-1.085131787024928,-0.5194464272513462,0.12432632647984626,-3.0012554588021074,-2.9984447979974265,-2.9844199641520595,-2.9854440504725206
-1.084972515149241,-0.5193761135016512,0.12433041860486152,-3.001632083802718,-2.998725410497884,-2.9844199641520595,-2.985633800472063
-1.084964792453436,-0.5193409566268039,0.12432632647984626,-3.0012554588021074,-2.998351260497274,-2.984048414151143,-2.9855389254722917
-1.0849802378450462,-0.5193761135016512,0.12432632647984626,-3.0011613025519552,-2.999473710499105,-2.985627501655035,-2.9867723004693163
-1.085139509720733,-0.5194112703764986,0.12434269497990728,-3.0011613025519552,-2.998725410497884,-2.984791514152975,-2.9860133004711473
-1.0853065042922245,-0.5195090183052358,0.12433860285489202,-3.0012554588021074,-2.997977110496664,-2.9838626391506855,-2.985064550473436
-1.085154955112343,-0.5194464272513462,0.12432632647984626,-3.0012554588021074,-2.998538335497579,-2.9844199641520595,-2.985918425471376
-1.085147232416538,-0.5194464272513462,0.12432632647984626,-3.0012554588021074,-2.9980706479968164,-2.983955526650915,-2.9853491754727495
-1.085139509720733,-0.5193761135016512,0.12433860285489202,-3.0015379275525658,-2.998538335497579,-2.984048414151143,-2.985633800472063
-1.0851926003459615,-0.5193761135016512,0.12433041860486152,-3.0012554588021074,-2.998351260497274,-2.9844199641520595,-2.985633800472063
-1.085086419095504,-0.5193486793226089,0.12433860285489202,-3.0012554588021074,-2.997602960496053,-2.98349108914977,-2.984874800473894
-1.085139509720733,-0.5194112703764986,0.12433860285489202,-3.0011613025519552,-2.9988189479980365,-2.984791514152975,-2.9860133004711473
-1.085131787024928,-0.5193683908058462,0.12433860285489202,-3.0013496150522605,-2.9984447979974265,-2.9842341891516018,-2.9854440504725206
-1.085139509720733,-0.5193606681100412,0.12433041860486152,-3.0013496150522605,-2.998351260497274,-2.9841413016513725,-2.985633800472063
-1.085139509720733,-0.5192903543603463,0.124322234354831,-3.0011613025519552,-2.997415885495748,-2.983676864150228,-2.984874800473894
-1.085147232416538,-0.5194035476806935,0.12432632647984626,-3.0011613025519552,-2.998538335497579,-2.9842341891516018,-2.985633800472063
-1.0852456909711905,-0.5193761135016512,0.12433860285489202,-3.0013496150522605,-2.998351260497274,-2.98432707665183,-2.985728675471834
-1.085139509720733,-0.5194464272513462,0.12432632647984626,-3.0012554588021074,-2.998351260497274,-2.9841413016513725,-2.9854440504725206
-1.085131787024928,-0.5194112703764986,0.12432503018658125,-3.0013496150522605,-2.998538335497579,-2.9844199641520595,-2.985633800472063
-1.084964792453436,-0.5194464272513462,0.12432912231159651,-3.0015379275525658,-2.997977110496664,-2.983769751650457,-2.985064550473436
-1.0851771549543514,-0.5194189930723035,0.12433730656162703,-3.0011613025519552,-3.000222010500326,-2.985906164155721,-2.987246675468172
-1.085131787024928,-0.5194112703764986,0.12432912231159651,-3.0013496150522605,-2.9986318729977315,-2.984512851652288,-2.985823550471605
-1.085131787024928,-0.5193761135016512,0.12433730656162703,-3.0011613025519552,-2.9984447979974265,-2.9842341891516018,-2.9855389254722917
-1.085139509720733,-0.5193683908058462,0.12432632647984626,-3.0015379275525658,-2.998351260497274,-2.9844199641520595,-2.985728675471834
-1.085139509720733,-0.5194387045555411,0.12433041860486152,-3.0013496150522605,-2.9984447979974265,-2.9844199641520595,-2.985823550471605
-1.085139509720733,-0.5194309818597361,0.12433041860486152,-3.0014437713024127,-2.998164185496969,-2.9841413016513725,-2.9854440504725206
-1.085147232416538,-0.5194387045555411,0.12433041860486152,-3.0013496150522605,-2.997977110496664,-2.9835839766499994,-2.9851594254732072
-1.085139509720733,-0.5193683908058462,0.12433860285489202,-3.0012554588021074,-2.9988189479980365,-2.9848844016532032,-2.9861081754709184
-1.0852456909711905,-0.5194464272513462,0.124322234354831,-3.0011613025519552,-2.997790035496358,-2.9835839766499994,-2.985064550473436
-1.085086419095504,-0.5193761135016512,0.12433860285489202,-3.0011613025519552,-2.997602960496053,-2.98349108914977,-2.984874800473894
-1.085139509720733,-0.5194112703764986,0.12433860285489202,-3.0011613025519552,-2.9986318729977315,-2.984512851652288,-2.985823550471605
-1.0851926003459615,-0.5194541499471511,0.12434678710492254,-3.0015379275525658,-2.9984447979974265,-2.9841413016513725,-2.9855389254722917
-1.085086419095504,-0.5193761135016512,0.12433860285489202,-3.0011613025519552,-2.998351260497274,-2.9841413016513725,-2.985633800472063
-1.085078696399699,-0.5194464272513462,0.12434678710492254,-3.0015379275525658,-2.998351260497274,-2.9841413016513725,-2.9855389254722917
-1.0852379682753854,-0.5194387045555411,0.12433860285489202,-3.0015379275525658,-2.9984447979974265,-2.9844199641520595,-2.9854440504725206
-1.0851848776501565,-0.5194387045555411,0.12432632647984626,-3.0013496150522605,-2.99891248549819,-2.9844199641520595,-2.985823550471605
-1.085131787024928,-0.5193958249848886,0.12433041860486152,-3.0011613025519552,-2.998351260497274,-2.9844199641520595,-2.985633800472063
-1.084972515149241,-0.5193606681100412,0.124322234354831,-3.001067146301802,-2.998725410497884,-2.9844199641520595,-2.985728675471834
-1.085131787024928,-0.5193683908058462,0.12433860285489202,-3.0013496150522605,-2.9986318729977315,-2.984048414151143,-2.985728675471834
-1.08502560577447,-0.5194035476806935,0.12433860285489202,-3.001632083802718,-2.998538335497579,-2.9844199641520595,-2.985633800472063
-1.0851848776501565,-0.5193761135016512,0.124322234354831,-3.0013496150522605,-2.9984447979974265,-2.9844199641520595,-2.9855389254722917
-1.085131787024928,-0.5193409566268039,0.12432503018658125,-3.0011613025519552,-2.9984447979974265,-2.9842341891516018,-2.9854440504725206
-1.085078696399699,-0.5194189930723035,0.12433730656162703,-3.0012554588021074,-2.998351260497274,-2.9842341891516018,-2.985633800472063
-1.08502560577447,-0.5194893068219985,0.12432912231159651,-3.0015379275525658,-2.9982577229971215,-2.984048414151143,-2.985823550471605
-1.085139509720733,-0.5194112703764986,0.12434139868664229,-3.0015379275525658,-2.9982577229971215,-2.9844199641520595,-2.985728675471834
-1.085086419095504,-0.5193057997519563,0.124320938061566,-3.00097299005165,-2.9984447979974265,-2.983955526650915,-2.9854440504725206
-1.0851926003459615,-0.5193409566268039,0.12433730656162703,-3.00097299005165,-2.998351260497274,-2.9841413016513725,-2.985728675471834
-1.085139509720733,-0.5194464272513462,0.12433730656162703,-3.0013496150522605,-2.998351260497274,-2.983955526650915,-2.985633800472063
-1.0850333284702751,-0.5193409566268039,0.12432503018658125,-3.0013496150522605,-2.997977110496664,-2.98349108914977,-2.984874800473894
-1.085078696399699,-0.5194464272513462,0.12432912231159651,-3.0012554588021074,-2.9973223479955955,-2.9833053141493124,-2.9845901754745805
-1.085078696399699,-0.5194387045555411,0.12433730656162703,-3.0015379275525658,-2.9984447979974265,-2.9842341891516018,-2.9854440504725206
-1.085131787024928,-0.5193332339309988,0.12431684593655074,-3.0012554588021074,-2.9978835729965114,-2.9838626391506855,-2.985064550473436
-1.0852456909711905,-0.5194738614303884,0.12433730656162703,-3.0015379275525658,-2.998538335497579,-2.9841413016513725,-2.9855389254722917
-1.0852456909711905,-0.5194035476806935,0.12432912231159651,-3.0013496150522605,-2.9984447979974265,-2.9842341891516018,-2.985633800472063
-1.0852003230417666,-0.5194387045555411,0.12433730656162703,-3.0013496150522605,-2.998351260497274,-2.9842341891516018,-2.985633800472063
-1.085139509720733,-0.5194035476806935,0.12432912231159651,-3.0011613025519552,-2.9984447979974265,-2.9842341891516018,-2.9855389254722917
-1.0852456909711905,-0.5194464272513462,0.12432912231159651,-3.0013496150522605,-2.998351260497274,-2.9841413016513725,-2.9854440504725206
-1.0852379682753854,-0.5194464272513462,0.12432912231159651,-3.0015379275525658,-2.9984447979974265,-2.9841413016513725,-2.9854440504725206
-1.0852910589006144,-0.5193761135016512,0.12433730656162703,-3.0011613025519552,-2.996854660494833,-2.9824693266472524,-2.9838311754764124
-1.08502560577447,-0.5194815841261935,0.12433730656162703,-3.0011613025519552,-2.9984447979974265,-2.9842341891516018,-2.9852543004729784
-1.0852302455795804,-0.5194112703764986,0.12433321443661177,-3.0014437713024127,-2.9982577229971215,-2.9838626391506855,-2.9851594254732072
-1.0852379682753854,-0.5194035476806935,0.12432503018658125,-3.0013496150522605,-2.998351260497274,-2.984048414151143,-2.985633800472063
-1.0851848776501565,-0.5194738614303884,0.12432912231159651,-3.0015379275525658,-2.9986318729977315,-2.984605739152517,-2.985918425471376
-1.0852456909711905,-0.5194387045555411,0.12432503018658125,-3.0012554588021074,-2.9986318729977315,-2.9842341891516018,-2.9860133004711473
-1.085086419095504,-0.5193683908058462,0.12432503018658125,-3.0011613025519552,-2.9984447979974265,-2.9842341891516018,-2.985633800472063
-1.085139509720733,-0.5194464272513462,0.12434139868664229,-3.0012554588021074,-2.998351260497274,-2.984512851652288,-2.9855389254722917
-1.0852534136669956,-0.5194815841261935,0.12432912231159651,-3.0013496150522605,-2.998164185496969,-2.9842341891516018,-2.985728675471834
-1.0852456909711905,-0.5194815841261935,0.12433730656162703,-3.00172624005287,-2.99966078549941,-2.9855346141548056,-2.9869620504688585
-1.0850333284702751,-0.5193409566268039,0.12433321443661177,-3.0015379275525658,-2.9984447979974265,-2.9844199641520595,-2.9854440504725206
-1.0851926003459615,-0.5193409566268039,0.12431684593655074,-3.0013496150522605,-2.998351260497274,-2.9841413016513725,-2.9855389254722917
-1.085086419095504,-0.5193057997519563,0.124320938061566,-3.0012554588021074,-2.9984447979974265,-2.98432707665183,-2.985633800472063
-1.0849802378450462,-0.5193409566268039,0.12432912231159651,-3.001067146301802,-2.998538335497579,-2.9844199641520595,-2.985823550471605
-1.0850333284702751,-0.5194035476806935,0.12432912231159651,-3.0015379275525658,-2.9986318729977315,-2.9844199641520595,-2.985633800472063
-1.0852456909711905,-0.5194035476806935,0.12432503018658125,-3.0011613025519552,-2.9984447979974265,-2.984048414151143,-2.9855389254722917
-1.085131787024928,-0.5193332339309988,0.12431684593655074,-3.0012554588021074,-2.998351260497274,-2.984048414151143,-2.9854440504725206
-1.0851848776501565,-0.5194738614303884,0.12433730656162703,-3.0015379275525658,-2.998164185496969,-2.9842341891516018,-2.985633800472063
-1.085131787024928,-0.5194464272513462,0.12432503018658125,-3.0015379275525658,-2.9980706479968164,-2.984048414151143,-2.985633800472063
-1.085131787024928,-0.5193409566268039,0.12432503018658125,-3.0011613025519552,-2.997977110496664,-2.9841413016513725,-2.9854440504725206
-1.084972515149241,-0.5193409566268039,0.12432912231159651,-3.0012554588021074,-2.998351260497274,-2.9842341891516018,-2.9855389254722917
-1.0852910589006144,-0.5194815841261935,0.12432912231159651,-3.0013496150522605,-2.998351260497274,-2.983955526650915,-2.9855389254722917
-1.0851848776501565,-0.5194464272513462,0.12432503018658125,-3.0013496150522605,-2.9976964979962055,-2.98349108914977,-2.9845901754745805
-1.085139509720733,-0.5193761135016512,0.12433321443661177,-3.0015379275525658,-2.998164185496969,-2.9842341891516018,-2.9854440504725206
-1.085139509720733,-0.5194035476806935,0.12433730656162703,-3.0011613025519552,-2.998538335497579,-2.9842341891516018,-2.9855389254722917
-1.0852456909711905,-0.5193683908058462,0.12433730656162703,-3.0014437713024127,-2.998164185496969,-2.98432707665183,-2.9854440504725206
-1.085086419095504,-0.5193683908058462,0.12432503018658125,-3.0013496150522605,-2.9984447979974265,-2.98432707665183,-2.985918425471376
-1.0852379682753854,-0.5195090183052358,0.12432912231159651,-3.0015379275525658,-2.9982577229971215,-2.984048414151143,-2.9855389254722917
-1.085131787024928,-0.5194464272513462,0.12433730656162703,-3.0011613025519552,-2.998351260497274,-2.984512851652288,-2.985633800472063
-1.0852910589006144,-0.5194112703764986,0.12432912231159651,-3.0013496150522605,-2.9982577229971215,-2.984048414151143,-2.9852543004729784
-1.085131787024928,-0.5194464272513462,0.12433730656162703,-3.0014437713024127,-2.998725410497884,-2.984605739152517,-2.9860133004711473
-1.085139509720733,-0.5194112703764986,0.12434139868664229,-3.0015379275525658,-2.997602960496053,-2.98349108914977,-2.984874800473894
-1.0852456909711905,-0.5193761135016512,0.12432912231159651,-3.0015379275525658,-2.9986318729977315,-2.9844199641520595,-2.985633800472063
-1.085086419095504,-0.5194112703764986,0.12432912231159651,-3.0011613025519552,-2.9984447979974265,-2.984048414151143,-2.9854440504725206
-1.0851926003459615,-0.5193409566268039,0.12432912231159651,-3.0011613025519552,-2.998538335497579,-2.9842341891516018,-2.9860133004711473
-1.0852379682753854,-0.5194464272513462,0.124320938061566,-3.0013496150522605,-2.998538335497579,-2.9844199641520595,-2.9852543004729784
-1.085131787024928,-0.5193761135016512,0.12432503018658125,-3.0013496150522605,-2.9986318729977315,-2.9844199641520595,-2.9854440504725206
-1.0852379682753854,-0.5194815841261935,0.12433730656162703,-3.001632083802718,-2.998351260497274,-2.98432707665183,-2.9854440504725206
-1.0852379682753854,-0.5195167410010408,0.12432503018658125,-3.0015379275525658,-3.0001284730001734,-2.985906164155721,-2.987341550467943
-1.0852910589006144,-0.5194464272513462,0.12434139868664229,-3.0015379275525658,-2.998351260497274,-2.983955526650915,-2.9853491754727495
-1.085078696399699,-0.5193761135016512,0.12432912231159651,-3.0013496150522605,-2.9984447979974265,-2.9841413016513725,-2.985728675471834
-1.085078696399699,-0.5193409566268039,0.12432503018658125,-3.0012554588021074,-2.9986318729977315,-2.984048414151143,-2.985633800472063
-1.085139509720733,-0.5194112703764986,0.12433730656162703,-3.0011613025519552,-2.998164185496969,-2.983955526650915,-2.9853491754727495
-1.0850333284702751,-0.5194112703764986,0.12432912231159651,-3.0012554588021074,-2.998538335497579,-2.9842341891516018,-2.985633800472063
-1.0850333284702751,-0.5194815841261935,0.124320938061566,-3.0013496150522605,-2.9995672479992574,-2.9855346141548056,-2.986677425469545
-1.0851926003459615,-0.5195167410010408,0.12433730656162703,-3.001632083802718,-2.998351260497274,-2.9842341891516018,-2.9854440504725206
-1.085139509720733,-0.5193761135016512,0.12432503018658125,-3.00097299005165,-2.9986318729977315,-2.9842341891516018,-2.9854440504725206
-1.0852456909711905,-0.5193761135016512,0.12432503018658125,-3.0014437713024127,-2.998351260497274,-2.9841413016513725,-2.985633800472063
-1.085086419095504,-0.5194815841261935,0.12432503018658125,-3.0013496150522605,-2.9984447979974265,-2.9844199641520595,-2.9855389254722917
-1.0851848776501565,-0.5194387045555411,0.12432503018658125,-3.001067146301802,-2.998351260497274,-2.984048414151143,-2.9855389254722917
-1.085131787024928,-0.5194464272513462,0.12432503018658125,-3.0011613025519552,-2.9984447979974265,-2.9844199641520595,-2.9854440504725206
-1.085131787024928,-0.5193761135016512,0.124320938061566,-3.0011613025519552,-2.998351260497274,-2.984048414151143,-2.9854440504725206
-1.085078696399699,-0.5194815841261935,0.12433321443661177,-3.0015379275525658,-2.998351260497274,-2.9842341891516018,-2.9855389254722917
-1.08502560577447,-0.5193761135016512,0.12432912231159651,-3.0011613025519552,-2.9984447979974265,-2.9841413016513725,-2.9855389254722917
-1.0852379682753854,-0.5194112703764986,0.12432912231159651,-3.0011613025519552,-2.998351260497274,-2.9844199641520595,-2.985823550471605
-1.085078696399699,-0.5194112703764986,0.12432912231159651,-3.0013496150522605,-2.998351260497274,-2.984048414151143,-2.9854440504725206
-1.0851848776501565,-0.5194815841261935,0.12432912231159651,-3.0011613025519552,-2.9984447979974265,-2.9844199641520595,-2.985633800472063
-1.0851848776501565,-0.5193409566268039,0.124320938061566,-3.0011613025519552,-2.998351260497274,-2.9842341891516018,-2.985633800472063
-1.085131787024928,-0.5194815841261935,0.12431684593655074,-3.0013496150522605,-2.998538335497579,-2.984512851652288,-2.985918425471376
-1.0852456909711905,-0.5194815841261935,0.12432503018658125,-3.0012554588021074,-2.99891248549819,-2.984605739152517,-2.986392800470232
-1.0852456909711905,-0.5194112703764986,0.12432912231159651,-3.0011613025519552,-2.9984447979974265,-2.984512851652288,-2.985633800472063
-1.0851848776501565,-0.5194112703764986,0.12433730656162703,-3.001632083802718,-2.998351260497274,-2.9842341891516018,-2.9853491754727495
-1.0851848776501565,-0.5194815841261935,0.12432912231159651,-3.0015379275525658,-2.998351260497274,-2.9842341891516018,-2.9854440504725206
-1.085124064329123,-0.5193761135016512,0.12433730656162703,-3.0012554588021074,-2.9984447979974265,-2.9841413016513725,-2.9854440504725206
-1.0851848776501565,-0.5193409566268039,0.12433321443661177,-3.0013496150522605,-2.9984447979974265,-2.9842341891516018,-2.985633800472063
-1.0851848776501565,-0.5194464272513462,0.124320938061566,-3.0011613025519552,-2.998351260497274,-2.984512851652288,-2.985633800472063
-1.085139509720733,-0.5193761135016512,0.124320938061566,-3.0013496150522605,-2.998538335497579,-2.9844199641520595,-2.985633800472063
-1.0852456909711905,-0.5194464272513462,0.12433730656162703,-3.0013496150522605,-2.998164185496969,-2.984048414151143,-2.9854440504725206
-1.0851926003459615,-0.5194815841261935,0.12433730656162703,-3.0013496150522605,-2.998538335497579,-2.984512851652288,-2.985918425471376
-1.0852003230417666,-0.5194112703764986,0.12433730656162703,-3.0011613025519552,-2.996854660494833,-2.98265510164771,-2.9838311754764124
-1.085139509720733,-0.5194815841261935,0.124320938061566,-3.0015379275525658,-2.997790035496358,-2.983676864150228,-2.9851594254732072
-1.085131787024928,-0.5194112703764986,0.12433730656162703,-3.001067146301802,-2.9988189479980365,-2.98432707665183,-2.985728675471834
-1.08502560577447,-0.5193761135016512,0.12433730656162703,-3.0013496150522605,-2.997602960496053,-2.98349108914977,-2.984874800473894
-1.085131787024928,-0.5193409566268039,0.124320938061566,-3.0012554588021074,-2.9986318729977315,-2.98432707665183,-2.9854440504725206
-1.084964792453436,-0.5193761135016512,0.12432912231159651,-3.0011613025519552,-2.998351260497274,-2.984048414151143,-2.9855389254722917
-1.084972515149241,-0.5194112703764986,0.12433730656162703,-3.0013496150522605,-2.998351260497274,-2.984048414151143,-2.985823550471605
-1.085139509720733,-0.5194815841261935,0.12433321443661177,-3.0013496150522605,-2.998351260497274,-2.9844199641520595,-2.985633800472063
-1.0851926003459615,-0.5194464272513462,0.12432912231159651,-3.0012554588021074,-2.9984447979974265,-2.9841413016513725,-2.9854440504725206
-1.0851926003459615,-0.5193761135016512,0.12433730656162703,-3.0011613025519552,-2.998538335497579,-2.9844199641520595,-2.985633800472063
-1.0853065042922245,-0.5194464272513462,0.12433730656162703,-3.0012554588021074,-2.9986318729977315,-2.9844199641520595,-2.985823550471605
-1.085086419095504,-0.5194464272513462,0.124320938061566,-3.001067146301802,-2.9984447979974265,-2.9841413016513725,-2.9854440504725206
-1.085086419095504,-0.5193761135016512,0.12432503018658125,-3.0014437713024127,-2.998725410497884,-2.9844199641520595,-2.9860133004711473
-1.0852379682753854,-0.5194112703764986,0.12434549081165755,-3.0012554588021074,-2.998538335497579,-2.9844199641520595,-2.9855389254722917
-1.085131787024928,-0.5193761135016512,0.12433730656162703,-3.0012554588021074,-2.998164185496969,-2.984048414151143,-2.9853491754727495
-1.085131787024928,-0.5193683908058462,0.12433730656162703,-3.0013496150522605,-2.998351260497274,-2.984512851652288,-2.985633800472063
-1.0851848776501565,-0.5194309818597361,0.12432912231159651,-3.0011613025519552,-2.9986318729977315,-2.984048414151143,-2.9855389254722917
-1.085139509720733,-0.5193958249848886,0.124320938061566,-3.0011613025519552,-2.998351260497274,-2.984048414151143,-2.9853491754727495
-1.085139509720733,-0.5194387045555411,0.12432912231159651,-3.0013496150522605,-2.9984447979974265,-2.98432707665183,-2.985728675471834
-1.085139509720733,-0.5194387045555411,0.12434139868664229,-3.00172624005287,-2.997977110496664,-2.983769751650457,-2.984969675473665
-1.0852003230417666,-0.5194035476806935,0.12433730656162703,-3.0012554588021074,-2.998538335497579,-2.984512851652288,-2.985728675471834
-1.085131787024928,-0.5194387045555411,0.124320938061566,-3.0012554588021074,-2.9980706479968164,-2.984048414151143,-2.985064550473436
-1.085131787024928,-0.5194035476806935,0.12433730656162703,-3.0011613025519552,-2.998725410497884,-2.9841413016513725,-2.9852543004729784
-1.085124064329123,-0.5194815841261935,0.124320938061566,-3.0015379275525658,-2.9984447979974265,-2.9842341891516018,-2.985633800472063
-0.8757366605984512,-0.4139037583743944,0.14735658894711284,-2.4031004394245397,-2.4112899825798535,-2.3992421445523227,-2.3955038151819346
-0.8755542206353493,-0.41389603567858935,0.14736068107212813,-2.403382908174997,-2.4125995075819895,-2.400728344555985,-2.3970218151782725
-0.875303244655409,-0.41391148107019937,0.1473524968220976,-2.4030062831743866,-2.4112899825798535,-2.3994279195527803,-2.3955038151819346
-0.875143004534316,-0.41396208333665696,0.1473443125720671,-2.403194595674692,-2.4111029075795476,-2.3992421445523227,-2.395693565181477
-0.8749373964837996,-0.41397752872826693,0.14735658894711284,-2.4031004394245397,-2.411383520080006,-2.3994279195527803,-2.3955038151819346
-0.8750281323426475,-0.4140358536905293,0.1473443125720671,-2.403288751924845,-2.4107287575789376,-2.3986848195509496,-2.394934565183308
-0.8750204096468426,-0.4140084195114869,0.14735658894711284,-2.403194595674692,-2.4112899825798535,-2.3992421445523227,-2.395693565181477
-0.8749373964837996,-0.4140084195114869,0.14734970099034733,-2.403194595674692,-2.4111029075795476,-2.399335032052552,-2.3955038151819346
-0.875180649767935,-0.41404357638633427,0.14735788524037785,-2.403382908174997,-2.411009370079395,-2.399335032052552,-2.395693565181477
-0.875287799263799,-0.41388750349533465,0.14735788524037785,-2.4031004394245397,-2.411570595080311,-2.399613694553239,-2.3960730651805613
-0.8755387752437394,-0.41393464915761435,0.14734690515859708,-2.403194595674692,-2.411009370079395,-2.3994279195527803,-2.3955986901817057
-0.8755542206353493,-0.4139192037660044,0.14735099728361234,-2.403194595674692,-2.4111029075795476,-2.3991492570520943,-2.395883315181019
-0.8755619433311543,-0.41383344462469973,0.1473550894086276,-2.403382908174997,-2.4112899825798535,-2.3992421445523227,-2.3955038151819346
-0.8754934073143158,-0.4139037583743944,0.14735918153364286,-2.403382908174997,-2.4112899825798535,-2.3992421445523227,-2.3954089401821634
-0.8754625165310959,-0.41387632419535203,0.14735918153364286,-2.4030062831743866,-2.4109158325792426,-2.3991492570520943,-2.395693565181477
-0.8752115405511549,-0.4139269264618094,0.14735099728361234,-2.403194595674692,-2.4118512075807685,-2.399613694553239,-2.39597819018079
-0.8750291005880535,-0.41397752872826693,0.14734690515859708,-2.4030062831743866,-2.4105416825786325,-2.398777707051179,-2.394934565183308
-0.8750667458216725,-0.41391493767437704,0.14735918153364286,-2.403288751924845,-2.4105416825786325,-2.398220382049805,-2.394934565183308
-0.8749451191796046,-0.4139655399408344,0.14734690515859708,-2.4031004394245397,-2.411009370079395,-2.3992421445523227,-2.395693565181477
-0.8750368232838586,-0.41402813099472424,0.14735099728361234,-2.403194595674692,-2.4111029075795476,-2.399056369551865,-2.395693565181477
-0.875256908480579,-0.41398525142407194,0.14735099728361234,-2.403194595674692,-2.4112899825798535,-2.3992421445523227,-2.395788440181248
-0.8754470711394858,-0.4139698060324619,0.14736327365865812,-2.4031004394245397,-2.411196445079701,-2.399335032052552,-2.395693565181477
-0.8754547938352908,-0.4138566127121147,0.14735918153364286,-2.403382908174997,-2.411196445079701,-2.3992421445523227,-2.3955038151819346
-0.8753486125848329,-0.41395436064085195,0.14734690515859708,-2.403382908174997,-2.411383520080006,-2.399335032052552,-2.395693565181477
-0.8754547938352908,-0.41394663794504694,0.1473550894086276,-2.403382908174997,-2.4112899825798535,-2.3988705945514073,-2.395693565181477
-0.875166172621731,-0.4139817948198943,0.14735099728361234,-2.4028179706740813,-2.4112899825798535,-2.399335032052552,-2.395883315181019
-0.8752115405511549,-0.41389176958696205,0.1473550894086276,-2.403194595674692,-2.411196445079701,-2.399335032052552,-2.395883315181019
-0.8753254444974179,-0.41386433540791967,0.14734970099034733,-2.403194595674692,-2.411196445079701,-2.3992421445523227,-2.395693565181477
-0.87521926324696,-0.41397752872826693,0.14735788524037785,-2.403288751924845,-2.411196445079701,-2.3995208070530096,-2.3955986901817057
-0.87521926324696,-0.4140478424779616,0.14736327365865812,-2.403382908174997,-2.4099804575777166,-2.3980346070493472,-2.394175565185139
-0.8753177218016128,-0.4140204082989193,0.14736327365865812,-2.403194595674692,-2.411196445079701,-2.399335032052552,-2.3955038151819346
-0.8753708124268418,-0.41391493767437704,0.14735918153364286,-2.403288751924845,-2.4111029075795476,-2.3991492570520943,-2.395883315181019
-0.875166172621731,-0.4140478424779616,0.14736736578367338,-2.403194595674692,-2.411009370079395,-2.3994279195527803,-2.395693565181477
-0.8752115405511549,-0.4138720581037247,0.14735918153364286,-2.403194595674692,-2.4112899825798535,-2.3994279195527803,-2.395693565181477
-0.8752038178553501,-0.41393464915761435,0.14735918153364286,-2.403288751924845,-2.4114770575801585,-2.3992421445523227,-2.3955986901817057
-0.875256908480579,-0.413899492282767,0.14735918153364286,-2.4030062831743866,-2.411196445079701,-2.3994279195527803,-2.395883315181019
-0.87521926324696,-0.413899492282767,0.14734690515859708,-2.4030062831743866,-2.411196445079701,-2.3992421445523227,-2.3955986901817057
-0.875333167193223,-0.41396208333665696,0.1473550894086276,-2.403194595674692,-2.4101675325780225,-2.3981274945495765,-2.394460190184452
-0.8753486125848329,-0.4139698060324619,0.14734690515859708,-2.4031004394245397,-2.4112899825798535,-2.399056369551865,-2.3955986901817057
-0.8755233298521293,-0.41393464915761435,0.14736327365865812,-2.403194595674692,-2.411196445079701,-2.3992421445523227,-2.395693565181477
-0.8755918658689683,-0.4139698060324619,0.14736327365865812,-2.403194595674692,-2.410073995077869,-2.3981274945495765,-2.3946499401839945
-0.8755387752437394,-0.413899492282767,0.14735099728361234,-2.403288751924845,-2.4112899825798535,-2.399056369551865,-2.3955038151819346
-0.8754702392269008,-0.4139269264618094,0.14735918153364286,-2.4030062831743866,-2.4112899825798535,-2.3989634820516366,-2.395693565181477
-0.8755001617647143,-0.4139269264618094,0.14737145790868864,-2.4035712206753024,-2.411383520080006,-2.3994279195527803,-2.3955986901817057
-0.87521926324696,-0.4139972402115043,0.1473550894086276,-2.403194595674692,-2.4112899825798535,-2.3992421445523227,-2.39597819018079
-0.8749760099628245,-0.4139698060324619,0.14735099728361234,-2.4031004394245397,-2.4112899825798535,-2.3991492570520943,-2.395693565181477
-0.8749605645712146,-0.4139698060324619,0.1473550894086276,-2.4030062831743866,-2.410261070078175,-2.3981274945495765,-2.3945550651842233
-0.8750590231258675,-0.41393464915761435,0.14734690515859708,-2.4031004394245397,-2.4111029075795476,-2.3994279195527803,-2.3954089401821634
-0.875127559142706,-0.41397752872826693,0.14735918153364286,-2.4030062831743866,-2.412318895081532,-2.4005425695555274,-2.3968320651787303
-0.875143004534316,-0.413907214978572,0.14733872090856656,-2.4031004394245397,-2.4125995075819895,-2.4008212320562143,-2.397306440177586
-0.8754239030520707,-0.41400496290730926,0.14735918153364286,-2.403382908174997,-2.4112899825798535,-2.399335032052552,-2.395883315181019
-0.8754547938352908,-0.41393464915761435,0.14736327365865812,-2.403288751924845,-2.411196445079701,-2.3991492570520943,-2.3954089401821634
-0.8754702392269008,-0.41400496290730926,0.14735099728361234,-2.4035712206753024,-2.411196445079701,-2.399335032052552,-2.3955986901817057
-0.8755233298521293,-0.4139698060324619,0.1473550894086276,-2.403194595674692,-2.4112899825798535,-2.3992421445523227,-2.395693565181477
-0.8753486125848329,-0.41393464915761435,0.14734281303358182,-2.4030062831743866,-2.4111029075795476,-2.399335032052552,-2.395693565181477
-0.8754393484436809,-0.41389176958696205,0.14736736578367338,-2.40347706442515,-2.4118512075807685,-2.4000781320543827,-2.396547440179417
-0.875226985942765,-0.41389176958696205,0.1473537931153626,-2.4031004394245397,-2.4116641325804635,-2.3997994695536966,-2.395883315181019
-0.8752723538721889,-0.4139269264618094,0.1473537931153626,-2.403194595674692,-2.410635220078785,-2.398777707051179,-2.39512431518285
-0.8753785351226469,-0.41396208333665696,0.14736606949040837,-2.403382908174997,-2.4112899825798535,-2.3994279195527803,-2.395693565181477
-0.8752723538721889,-0.41389176958696205,0.14735788524037785,-2.4031004394245397,-2.411196445079701,-2.399335032052552,-2.395693565181477
-0.8755455296941383,-0.4139269264618094,0.14735788524037785,-2.403288751924845,-2.411383520080006,-2.3995208070530096,-2.39597819018079
-0.8753408898890279,-0.4139269264618094,0.14734560886533207,-2.4031004394245397,-2.411009370079395,-2.399056369551865,-2.3953140651823923
-0.8755078844605193,-0.4139269264618094,0.14737145790868864,-2.403194595674692,-2.411009370079395,-2.3991492570520943,-2.395693565181477
-0.8754547938352908,-0.41396208333665696,0.14737145790868864,-2.4031004394245397,-2.4116641325804635,-2.3997065820534673,-2.3962628151801035
-0.8754470711394858,-0.41403239708635164,0.14735788524037785,-2.403194595674692,-2.4111029075795476,-2.3992421445523227,-2.395693565181477
-0.8753862578184519,-0.41389176958696205,0.1473619773653931,-2.403194595674692,-2.411196445079701,-2.3995208070530096,-2.3955986901817057
-0.8752723538721889,-0.4139269264618094,0.1473537931153626,-2.403194595674692,-2.411383520080006,-2.399335032052552,-2.3955038151819346
-0.8752115405511549,-0.4140401197821566,0.1473537931153626,-2.403382908174997,-2.4112899825798535,-2.3992421445523227,-2.395693565181477
-0.8753785351226469,-0.41400496290730926,0.1473537931153626,-2.40347706442515,-2.408951545076038,-2.397105732047059,-2.39341656518697
-0.8754393484436809,-0.41396208333665696,0.14735788524037785,-2.403194595674692,-2.4114770575801585,-2.3992421445523227,-2.395883315181019
-0.8754470711394858,-0.41396208333665696,0.1473537931153626,-2.4031004394245397,-2.411009370079395,-2.399335032052552,-2.3954089401821634
-0.8756063430151723,-0.41409498814024154,0.14736606949040837,-2.403382908174997,-2.4101675325780225,-2.398313269550034,-2.3947448151837656
-0.8755078844605193,-0.41389176958696205,0.1473619773653931,-2.4030062831743866,-2.411570595080311,-2.3994279195527803,-2.3960730651805613
-0.8755609750857483,-0.41393464915761435,0.1473619773653931,-2.403382908174997,-2.4109158325792426,-2.3991492570520943,-2.3954089401821634
-0.8754924390689094,-0.4140401197821566,0.14735788524037785,-2.4029121269242344,-2.4112899825798535,-2.3992421445523227,-2.3955038151819346
-0.875333167193223,-0.4138720581037247,0.14734970099034733,-2.4028179706740813,-2.4112899825798535,-2.399335032052552,-2.395693565181477
-0.87521926324696,-0.4139500945492244,0.14734560886533207,-2.4030062831743866,-2.4111029075795476,-2.3992421445523227,-2.3955038151819346
-0.87521926324696,-0.413907214978572,0.14734970099034733,-2.4031004394245397,-2.411570595080311,-2.3995208070530096,-2.395788440181248
-0.8754239030520707,-0.41396208333665696,0.14735788524037785,-2.4031004394245397,-2.411383520080006,-2.399613694553239,-2.395883315181019
-0.8754470711394858,-0.4139895175156993,0.14734560886533207,-2.403194595674692,-2.411383520080006,-2.399613694553239,-2.395693565181477
-0.8754470711394858,-0.4139895175156993,0.14735788524037785,-2.403382908174997,-2.411009370079395,-2.399335032052552,-2.3953140651823923
-0.8754547938352908,-0.41391148107019937,0.14735788524037785,-2.403194595674692,-2.4112899825798535,-2.399335032052552,-2.395693565181477
-0.8754470711394858,-0.4139972402115043,0.14736606949040837,-2.403382908174997,-2.411009370079395,-2.399335032052552,-2.3955986901817057
-0.875333167193223,-0.41400496290730926,0.14735788524037785,-2.403382908174997,-2.4112899825798535,-2.3994279195527803,-2.395788440181248
-0.8754316257478758,-0.4140478424779616,0.1473619773653931,-2.403194595674692,-2.4111029075795476,-2.3991492570520943,-2.395788440181248
-0.8753254444974179,-0.4140478424779616,0.14734970099034733,-2.4031004394245397,-2.411196445079701,-2.3995208070530096,-2.3955038151819346
-0.8754239030520707,-0.4140204082989193,0.14735788524037785,-2.403194595674692,-2.4109158325792426,-2.3992421445523227,-2.395788440181248
-0.8753254444974179,-0.41401268560311427,0.1473619773653931,-2.403194595674692,-2.4105416825786325,-2.3989634820516366,-2.39512431518285
-0.8754470711394858,-0.4139269264618094,0.1473537931153626,-2.403382908174997,-2.4112899825798535,-2.3992421445523227,-2.3955038151819346
-0.8754547938352908,-0.4139895175156993,0.14735788524037785,-2.4031004394245397,-2.411009370079395,-2.3992421445523227,-2.3954089401821634
-0.8754017032100618,-0.4139192037660044,0.14737016161542363,-2.403382908174997,-2.4112899825798535,-2.3992421445523227,-2.395693565181477
-0.8754625165310959,-0.4139895175156993,0.14735788524037785,-2.403382908174997,-2.411009370079395,-2.3989634820516366,-2.3955038151819346
-0.8755609750857483,-0.41391148107019937,0.1473619773653931,-2.403288751924845,-2.4101675325780225,-2.3984061570502635,-2.3948396901835367
-0.8753862578184519,-0.4139269264618094,0.1473537931153626,-2.403194595674692,-2.4114770575801585,-2.399613694553239,-2.3960730651805613
-0.8753177218016128,-0.41400496290730926,0.14735788524037785,-2.403288751924845,-2.411383520080006,-2.3992421445523227,-2.3955986901817057
-0.8752646311763839,-0.41394237185341937,0.14735788524037785,-2.403194595674692,-2.4109158325792426,-2.3992421445523227,-2.395693565181477
-0.8753630897310369,-0.41397752872826693,0.1473619773653931,-2.403288751924845,-2.4112899825798535,-2.3992421445523227,-2.395788440181248
-0.8753177218016128,-0.41398525142407194,0.14735788524037785,-2.403288751924845,-2.4111029075795476,-2.399335032052552,-2.395788440181248
-0.875333167193223,-0.4138720581037247,0.14735788524037785,-2.4031004394245397,-2.4114770575801585,-2.3995208070530096,-2.3960730651805613
-0.8753408898890279,-0.4139269264618094,0.14736606949040837,-2.403194595674692,-2.4114770575801585,-2.3994279195527803,-2.395693565181477
-0.8755686977815533,-0.4138488900163097,0.1473537931153626,-2.4030062831743866,-2.4105416825786325,-2.398499044550492,-2.3947448151837656
-0.8755609750857483,-0.41395436064085195,0.14735788524037785,-2.403382908174997,-2.409886920077564,-2.397755944548661,-2.3940806901853677
-0.8753408898890279,-0.41391148107019937,0.1473537931153626,-2.403288751924845,-2.4118512075807685,-2.3997994695536966,-2.39597819018079
-0.8754393484436809,-0.4139192037660044,0.14735788524037785,-2.403194595674692,-2.4112899825798535,-2.3992421445523227,-2.3955038151819346
-0.8754393484436809,-0.4139269264618094,0.14736606949040837,-2.403194595674692,-2.411009370079395,-2.399335032052552,-2.395788440181248
-0.8752115405511549,-0.4139698060324619,0.14736606949040837,-2.403382908174997,-2.4111029075795476,-2.3992421445523227,-2.395693565181477
-0.87521926324696,-0.41393464915761435,0.1473619773653931,-2.403382908174997,-2.411383520080006,-2.3992421445523227,-2.3955986901817057
-0.875333167193223,-0.41400496290730926,0.1473619773653931,-2.403194595674692,-2.4112899825798535,-2.3994279195527803,-2.395788440181248
-0.8754470711394858,-0.41401268560311427,0.14735788524037785,-2.403288751924845,-2.411009370079395,-2.399335032052552,-2.395788440181248
-0.8755001617647143,-0.41393464915761435,0.14735788524037785,-2.4031004394245397,-2.4103546075783275,-2.398499044550492,-2.3946499401839945
-0.8755078844605193,-0.41389176958696205,0.14736606949040837,-2.403288751924845,-2.4112899825798535,-2.3992421445523227,-2.395788440181248
-0.8755078844605193,-0.4139269264618094,0.14735788524037785,-2.403194595674692,-2.4112899825798535,-2.399056369551865,-2.395693565181477
-0.875280076567994,-0.4139269264618094,0.14734970099034733,-2.403288751924845,-2.410635220078785,-2.3989634820516366,-2.395219190182621
-0.8753177218016128,-0.41396208333665696,0.14735788524037785,-2.403194595674692,-2.4112899825798535,-2.3991492570520943,-2.395693565181477
-0.8752646311763839,-0.41395436064085195,0.14735788524037785,-2.403382908174997,-2.4109158325792426,-2.399056369551865,-2.3954089401821634
-0.8752646311763839,-0.41388404689115704,0.1473619773653931,-2.403382908174997,-2.4112899825798535,-2.3994279195527803,-2.395788440181248
-0.8754239030520707,-0.41396208333665696,0.14735788524037785,-2.403382908174997,-2.4112899825798535,-2.399056369551865,-2.395693565181477
-0.8753785351226469,-0.41396208333665696,0.1473619773653931,-2.403194595674692,-2.4112899825798535,-2.3994279195527803,-2.3955986901817057
-0.875333167193223,-0.4139972402115043,0.14735788524037785,-2.403288751924845,-2.4111029075795476,-2.399613694553239,-2.3955986901817057
-0.87523470863857,-0.41396208333665696,0.14734970099034733,-2.4031004394245397,-2.411009370079395,-2.399335032052552,-2.395883315181019
-0.8755532523899433,-0.41403239708635164,0.1473619773653931,-2.403382908174997,-2.4112899825798535,-2.3992421445523227,-2.395693565181477
-0.8753939805142569,-0.41393464915761435,0.14736606949040837,-2.403194595674692,-2.4114770575801585,-2.3994279195527803,-2.395883315181019
-0.8754017032100618,-0.4139698060324619,0.14735788524037785,-2.403382908174997,-2.4114770575801585,-2.399613694553239,-2.3961679401803324
-0.8755001617647143,-0.41393464915761435,0.14735788524037785,-2.403382908174997,-2.4103546075783275,-2.398777707051179,-2.3947448151837656
-0.8753862578184519,-0.41389176958696205,0.14735788524037785,-2.403382908174997,-2.4111029075795476,-2.3992421445523227,-2.3955986901817057
-0.8754316257478758,-0.4139269264618094,0.14734560886533207,-2.4031004394245397,-2.411196445079701,-2.3992421445523227,-2.395693565181477
-0.8754239030520707,-0.4139972402115043,0.1473619773653931,-2.403288751924845,-2.4109158325792426,-2.399056369551865,-2.3954089401821634
-0.8752646311763839,-0.41402467439054663,0.14735788524037785,-2.403382908174997,-2.411383520080006,-2.399056369551865,-2.395788440181248
-0.8754239030520707,-0.41388404689115704,0.14735788524037785,-2.4031004394245397,-2.411196445079701,-2.3991492570520943,-2.3955986901817057
-0.8752646311763839,-0.4139192037660044,0.14734970099034733,-2.403382908174997,-2.412880120082447,-2.4010998945569004,-2.3975910651768992
-0.8753708124268418,-0.41396208333665696,0.14735788524037785,-2.4031004394245397,-2.4112899825798535,-2.3992421445523227,-2.395883315181019
-0.8754239030520707,-0.4139972402115043,0.14735788524037785,-2.403194595674692,-2.4124124325816845,-2.400449682055298,-2.3971166901780436
-0.8754239030520707,-0.4139698060324619,0.14735788524037785,-2.4031004394245397,-2.411383520080006,-2.3994279195527803,-2.395693565181477
-0.8753177218016128,-0.41401268560311427,0.1473619773653931,-2.4031004394245397,-2.411383520080006,-2.3994279195527803,-2.395693565181477
-0.8753254444974179,-0.41401268560311427,0.14735788524037785,-2.403382908174997,-2.411570595080311,-2.3997065820534673,-2.3961679401803324
-0.8754393484436809,-0.41400496290730926,0.1473537931153626,-2.403382908174997,-2.411383520080006,-2.399335032052552,-2.395693565181477
-0.8757578921950542,-0.41396208333665696,0.14735788524037785,-2.403382908174997,-2.411570595080311,-2.3997994695536966,-2.3962628151801035
-0.8753939805142569,-0.41396208333665696,0.1473619773653931,-2.403288751924845,-2.4107287575789376,-2.398777707051179,-2.395029440183079
-0.8754470711394858,-0.4139269264618094,0.14736606949040837,-2.403382908174997,-2.4112899825798535,-2.3992421445523227,-2.395693565181477
-0.8755609750857483,-0.4140675539611992,0.1473619773653931,-2.403382908174997,-2.411196445079701,-2.3991492570520943,-2.3955986901817057
-0.8754547938352908,-0.4139972402115043,0.1473537931153626,-2.403288751924845,-2.4112899825798535,-2.3991492570520943,-2.395693565181477
-0.8754393484436809,-0.41402467439054663,0.1473415167403168,-2.403194595674692,-2.4114770575801585,-2.3992421445523227,-2.395693565181477
-0.8753254444974179,-0.4139972402115043,0.1473619773653931,-2.4031004394245397,-2.411383520080006,-2.3992421445523227,-2.395693565181477
-0.8753254444974179,-0.4140401197821566,0.14735788524037785,-2.403288751924845,-2.411009370079395,-2.3991492570520943,-2.3954089401821634
-0.8752646311763839,-0.4140401197821566,0.14734970099034733,-2.403382908174997,-2.411383520080006,-2.3994279195527803,-2.3955986901817057
-0.8752115405511549,-0.41401268560311427,0.14735788524037785,-2.4031004394245397,-2.411196445079701,-2.399335032052552,-2.395693565181477
-0.8754239030520707,-0.41394237185341937,0.1473537931153626,-2.403194595674692,-2.4109158325792426,-2.3991492570520943,-2.3953140651823923
-0.8754316257478758,-0.41393464915761435,0.14735788524037785,-2.403194595674692,-2.4109158325792426,-2.3994279195527803,-2.3955986901817057
-0.875333167193223,-0.41389176958696205,0.1473619773653931,-2.403288751924845,-2.4112899825798535,-2.3992421445523227,-2.395883315181019
-0.8754470711394858,-0.4139269264618094,0.1473537931153626,-2.403382908174997,-2.410073995077869,-2.3981274945495765,-2.3947448151837656
-0.8754470711394858,-0.41395436064085195,0.1473537931153626,-2.403194595674692,-2.4114770575801585,-2.3995208070530096,-2.395883315181019
-0.8755532523899433,-0.4139817948198943,0.14735788524037785,-2.403382908174997,-2.4109158325792426,-2.3992421445523227,-2.3953140651823923
-0.875287799263799,-0.4139192037660044,0.1473619773653931,-2.403288751924845,-2.4111029075795476,-2.3991492570520943,-2.3954089401821634
-0.875280076567994,-0.41388404689115704,0.14734970099034733,-2.4031004394245397,-2.4109158325792426,-2.3994279195527803,-2.395693565181477
-0.8753785351226469,-0.41403239708635164,0.14736327365865812,-2.403194595674692,-2.4111029075795476,-2.3992421445523227,-2.395693565181477
-0.8752646311763839,-0.41396208333665696,0.14735918153364286,-2.403194595674692,-2.4112899825798535,-2.3994279195527803,-2.395693565181477
-0.8753177218016128,-0.413899492282767,0.1473645699519231,-2.403194595674692,-2.4116641325804635,-2.3991492570520943,-2.395693565181477
-0.8754316257478758,-0.41394237185341937,0.14734820145186206,-2.4031004394245397,-2.4111029075795476,-2.3992421445523227,-2.3955038151819346
-0.87521926324696,-0.41393464915761435,0.14735638570189258,-2.4031004394245397,-2.4111029075795476,-2.3995208070530096,-2.395693565181477
-0.8754393484436809,-0.4139269264618094,0.14736047782690787,-2.4031004394245397,-2.4111029075795476,-2.3992421445523227,-2.395693565181477
-0.875280076567994,-0.4139269264618094,0.14735229357687735,-2.4031004394245397,-2.4116641325804635,-2.399613694553239,-2.395883315181019
-0.8754393484436809,-0.41389176958696205,0.14735229357687735,-2.403194595674692,-2.4107287575789376,-2.398777707051179,-2.3953140651823923
-0.8755001617647143,-0.4139269264618094,0.1473645699519231,-2.4031004394245397,-2.4111029075795476,-2.399056369551865,-2.3955986901817057
-0.87521926324696,-0.4139895175156993,0.14735229357687735,-2.403382908174997,-2.411570595080311,-2.3995208070530096,-2.395883315181019
-0.8753254444974179,-0.4139895175156993,0.14736866207693838,-2.4031004394245397,-2.4111029075795476,-2.3992421445523227,-2.3955038151819346
-0.8753708124268418,-0.41389176958696205,0.14735229357687735,-2.4031004394245397,-2.411009370079395,-2.3991492570520943,-2.3955986901817057
-0.8754316257478758,-0.4140675539611992,0.14736047782690787,-2.40347706442515,-2.4112899825798535,-2.3992421445523227,-2.395883315181019
-0.875280076567994,-0.4139972402115043,0.14735229357687735,-2.403382908174997,-2.4111029075795476,-2.3994279195527803,-2.395693565181477
-0.8753862578184519,-0.413899492282767,0.14735638570189258,-2.4030062831743866,-2.411383520080006,-2.3992421445523227,-2.395693565181477
-0.875333167193223,-0.41393464915761435,0.1473645699519231,-2.403194595674692,-2.41082229507909,-2.399056369551865,-2.3954089401821634
-0.8755001617647143,-0.41400496290730926,0.14735229357687735,-2.403194595674692,-2.4101675325780225,-2.3981274945495765,-2.3945550651842233
-0.8753486125848329,-0.41400496290730926,0.14735229357687735,-2.403194595674692,-2.4124124325816845,-2.4005425695555274,-2.3968320651787303
-0.8753939805142569,-0.4139269264618094,0.1473645699519231,-2.403194595674692,-2.410635220078785,-2.399056369551865,-2.39512431518285
-0.875226985942765,-0.4138566127121147,0.14736047782690787,-2.4031004394245397,-2.411009370079395,-2.3992421445523227,-2.395883315181019
-0.8754393484436809,-0.41382145583726715,0.14736866207693838,-2.4031004394245397,-2.4112899825798535,-2.3994279195527803,-2.395788440181248
-0.8752723538721889,-0.41388404689115704,0.14736047782690787,-2.403382908174997,-2.4109158325792426,-2.399056369551865,-2.3953140651823923
-0.8753254444974179,-0.4139192037660044,0.14736047782690787,-2.403194595674692,-2.4103546075783275,-2.398313269550034,-2.3948396901835367
-0.8753177218016128,-0.4139192037660044,0.14734820145186206,-2.4030062831743866,-2.4116641325804635,-2.3997994695536966,-2.3961679401803324
-0.8752646311763839,-0.4139895175156993,0.1473645699519231,-2.4031004394245397,-2.4112899825798535,-2.3995208070530096,-2.3960730651805613
-0.8754239030520707,-0.41389176958696205,0.1473645699519231,-2.403382908174997,-2.4109158325792426,-2.399056369551865,-2.3954089401821634
-0.8754316257478758,-0.4138566127121147,0.14736047782690787,-2.4030062831743866,-2.411196445079701,-2.3994279195527803,-2.395693565181477
-0.8754393484436809,-0.41396208333665696,0.14736047782690787,-2.4031004394245397,-2.4112899825798535,-2.3991492570520943,-2.3955038151819346
-0.8753862578184519,-0.41400496290730926,0.14734410932684683,-2.403194595674692,-2.4112899825798535,-2.3995208070530096,-2.395693565181477
-0.8754393484436809,-0.41400496290730926,0.14736047782690787,-2.403194595674692,-2.412131820081226,-2.4003567945550697,-2.3968320651787303
-0.8754393484436809,-0.41393464915761435,0.14735229357687735,-2.403194595674692,-2.4120382825810736,-2.3999852445541543,-2.3964525651796458
-0.8755455296941383,-0.41396208333665696,0.1473645699519231,-2.403288751924845,-2.4114770575801585,-2.3995208070530096,-2.39597819018079
-0.875333167193223,-0.41396208333665696,0.14734820145186206,-2.403382908174997,-2.411570595080311,-2.399613694553239,-2.394934565183308
-0.8754470711394858,-0.4139269264618094,0.14735638570189258,-2.4031004394245397,-2.4112899825798535,-2.399056369551865,-2.3955986901817057
-0.8754393484436809,-0.4139269264618094,0.1473645699519231,-2.4031004394245397,-2.4114770575801585,-2.3992421445523227,-2.395883315181019
-0.8754393484436809,-0.41395436064085195,0.1473645699519231,-2.4031004394245397,-2.411196445079701,-2.3992421445523227,-2.39597819018079
-0.8754393484436809,-0.41388404689115704,0.14736866207693838,-2.4030062831743866,-2.411009370079395,-2.399056369551865,-2.395693565181477
-0.8752723538721889,-0.4139269264618094,0.14736866207693838,-2.403382908174997,-2.411383520080006,-2.399335032052552,-2.395693565181477
-0.8754316257478758,-0.41396208333665696,0.14736866207693838,-2.403194595674692,-2.411383520080006,-2.3995208070530096,-2.395788440181248
-0.87521926324696,-0.4139972402115043,0.14735229357687735,-2.4030062831743866,-2.4112899825798535,-2.3997065820534673,-2.39597819018079
-0.8754239030520707,-0.4139269264618094,0.14736047782690787,-2.403194595674692,-2.4107287575789376,-2.3988705945514073,-2.394934565183308
-0.8754316257478758,-0.41393464915761435,0.14735638570189258,-2.403194595674692,-2.4097933825774116,-2.397755944548661,-2.394365315184681
-0.875333167193223,-0.4139698060324619,0.14736047782690787,-2.403194595674692,-2.411383520080006,-2.3994279195527803,-2.395693565181477
-0.875333167193223,-0.4138566127121147,0.14736047782690787,-2.4031004394245397,-2.4112899825798535,-2.3995208070530096,-2.395788440181248
-0.8753939805142569,-0.4139269264618094,0.14735638570189258,-2.403194595674692,-2.4111029075795476,-2.3991492570520943,-2.395693565181477
-0.8755609750857483,-0.4139269264618094,0.1473645699519231,-2.4031004394245397,-2.4112899825798535,-2.3991492570520943,-2.395693565181477
-0.8755078844605193,-0.41403239708635164,0.14736047782690787,-2.4035712206753024,-2.4103546075783275,-2.398777707051179,-2.394934565183308
-0.8753939805142569,-0.4139269264618094,0.14735229357687735,-2.403288751924845,-2.41082229507909,-2.399335032052552,-2.3954089401821634
-0.8753862578184519,-0.4138488900163097,0.14735638570189258,-2.4030062831743866,-2.4112899825798535,-2.3991492570520943,-2.3955986901817057
-0.8754316257478758,-0.41395436064085195,0.14736047782690787,-2.403382908174997,-2.411383520080006,-2.3995208070530096,-2.395693565181477
-0.8753177218016128,-0.4139972402115043,0.14735638570189258,-2.403382908174997,-2.411009370079395,-2.3995208070530096,-2.395883315181019
-0.8753708124268418,-0.4139972402115043,0.14735229357687735,-2.4031004394245397,-2.4112899825798535,-2.399335032052552,-2.3955986901817057
-0.8752646311763839,-0.41396208333665696,0.1473645699519231,-2.4030062831743866,-2.411383520080006,-2.399335032052552,-2.3955986901817057
-0.8754316257478758,-0.413899492282767,0.14735638570189258,-2.403194595674692,-2.4112899825798535,-2.3991492570520943,-2.395693565181477
-0.8753785351226469,-0.41400496290730926,0.14736047782690787,-2.4031004394245397,-2.4109158325792426,-2.3991492570520943,-2.3955038151819346
-0.8753785351226469,-0.41389176958696205,0.1473645699519231,-2.403194595674692,-2.4103546075783275,-2.398591932050721,-2.394934565183308
-0.8754316257478758,-0.41396208333665696,0.14736047782690787,-2.4030062831743866,-2.411383520080006,-2.399613694553239,-2.395883315181019
-0.8754316257478758,-0.4139269264618094,0.14736047782690787,-2.40347706442515,-2.411383520080006,-2.3992421445523227,-2.3955038151819346
-0.8754316257478758,-0.41396208333665696,0.1473645699519231,-2.4031004394245397,-2.4112899825798535,-2.399613694553239,-2.395693565181477
-0.8754393484436809,-0.4139972402115043,0.14735229357687735,-2.403382908174997,-2.4112899825798535,-2.3994279195527803,-2.395883315181019
-0.875333167193223,-0.4139895175156993,0.14736866207693838,-2.403382908174997,-2.411383520080006,-2.3992421445523227,-2.3955986901817057
-0.8754847163731043,-0.4139192037660044,0.14737275420195362,-2.403288751924845,-2.411009370079395,-2.399335032052552,-2.395883315181019
-0.8754316257478758,-0.4139895175156993,0.1473645699519231,-2.4031004394245397,-2.411009370079395,-2.3992421445523227,-2.395693565181477
-0.875333167193223,-0.41388404689115704,0.14735638570189258,-2.403382908174997,-2.4137219575838205,-2.401750107058503,-2.398065440175755
-0.8754470711394858,-0.41395436064085195,0.14736047782690787,-2.4030062831743866,-2.410635220078785,-2.3988705945514073,-2.394934565183308
-0.8754470711394858,-0.41388404689115704,0.14735638570189258,-2.403194595674692,-2.4112899825798535,-2.3994279195527803,-2.395693565181477
-0.8754470711394858,-0.41395436064085195,0.14736047782690787,-2.403382908174997,-2.4112899825798535,-2.3991492570520943,-2.395788440181248
-0.875333167193223,-0.4139895175156993,0.1473645699519231,-2.4031004394245397,-2.4112899825798535,-2.3991492570520943,-2.395693565181477
-0.8754393484436809,-0.41388404689115704,0.14736047782690787,-2.403382908174997,-2.4112899825798535,-2.3992421445523227,-2.3955986901817057
-0.875333167193223,-0.41395436064085195,0.1473645699519231,-2.4031004394245397,-2.409886920077564,-2.397755944548661,-2.39427044018491
-0.8754393484436809,-0.41403239708635164,0.14735229357687735,-2.403288751924845,-2.4112899825798535,-2.3992421445523227,-2.3955986901817057
-0.8754393484436809,-0.41396208333665696,0.14736047782690787,-2.403382908174997,-2.4127865825822945,-2.400728344555985,-2.3972115651778148
-0.8754393484436809,-0.4139192037660044,0.14736866207693838,-2.4031004394245397,-2.4112899825798535,-2.3992421445523227,-2.395693565181477
-0.8753254444974179,-0.41395436064085195,0.14736047782690787,-2.4031004394245397,-2.4112899825798535,-2.399335032052552,-2.3955986901817057
-0.8754316257478758,-0.41388404689115704,0.14734820145186206,-2.403382908174997,-2.4111029075795476,-2.3989634820516366,-2.3955986901817057
-0.8754847163731043,-0.4139192037660044,0.14735229357687735,-2.403382908174997,-2.411570595080311,-2.3997065820534673,-2.3960730651805613
-0.8754316257478758,-0.41388404689115704,0.14736047782690787,-2.4031004394245397,-2.4101675325780225,-2.398499044550492,-2.3947448151837656
-0.8754316257478758,-0.4139192037660044,0.14736047782690787,-2.403382908174997,-2.411009370079395,-2.3992421445523227,-2.3954089401821634
-0.8754316257478758,-0.41388404689115704,0.14735638570189258,-2.403194595674692,-2.4112899825798535,-2.3995208070530096,-2.395693565181477
-0.8754316257478758,-0.41402467439054663,0.14736047782690787,-2.4031004394245397,-2.4118512075807685,-2.3999852445541543,-2.396547440179417
-0.8753254444974179,-0.41389176958696205,0.14735229357687735,-2.4031004394245397,-2.4111029075795476,-2.3989634820516366,-2.3955986901817057
-0.8755378069983333,-0.41403239708635164,0.14736866207693838,-2.403194595674692,-2.412318895081532,-2.400728344555985,-2.395883315181019
-0.8753785351226469,-0.4139269264618094,0.14736047782690787,-2.4031004394245397,-2.4112899825798535,-2.399613694553239,-2.39597819018079
-0.8755378069983333,-0.4139972402115043,0.1473645699519231,-2.403382908174997,-2.4111029075795476,-2.399335032052552,-2.3955038151819346
-0.8754316257478758,-0.41388404689115704,0.14736047782690787,-2.403382908174997,-2.411196445079701,-2.3991492570520943,-2.395693565181477
-0.8753785351226469,-0.41388404689115704,0.14735638570189258,-2.403288751924845,-2.41082229507909,-2.399056369551865,-2.3955986901817057
-0.8754393484436809,-0.4139192037660044,0.14736047782690787,-2.403194595674692,-2.4116641325804635,-2.3997065820534673,-2.395883315181019
-0.875333167193223,-0.41395436064085195,0.14735638570189258,-2.40347706442515,-2.4124124325816845,-2.400449682055298,-2.3970218151782725
-0.875333167193223,-0.41388404689115704,0.14735229357687735,-2.4030062831743866,-2.4112899825798535,-2.399335032052552,-2.39597819018079
-0.8754393484436809,-0.41395436064085195,0.14735229357687735,-2.403382908174997,-2.411009370079395,-2.3992421445523227,-2.3955986901817057
-0.875280076567994,-0.41388404689115704,0.1473645699519231,-2.4031004394245397,-2.4112899825798535,-2.399056369551865,-2.3954089401821634
-0.8753785351226469,-0.41396208333665696,0.14735229357687735,-2.4030062831743866,-2.4112899825798535,-2.3994279195527803,-2.3955986901817057
-0.8753254444974179,-0.4139269264618094,0.14736866207693838,-2.403382908174997,-2.4112899825798535,-2.399335032052552,-2.395693565181477
-0.8753254444974179,-0.4139269264618094,0.14736866207693838,-2.403288751924845,-2.4101675325780225,-2.398220382049805,-2.394460190184452
-0.875280076567994,-0.4139269264618094,0.14735229357687735,-2.403194595674692,-2.411383520080006,-2.399335032052552,-2.395693565181477
-0.8755001617647143,-0.41395436064085195,0.14736047782690787,-2.403194595674692,-2.411009370079395,-2.3992421445523227,-2.395693565181477
-0.6634186450481676,-0.3094194710014212,0.17030467924557718,-1.803747188130874,-1.8189906046538873,-1.8039704617632202,-1.79954718846004
-0.6635171036028206,-0.3093491572517263,0.170316955620623,-1.803747188130874,-1.8194582921546507,-1.8042491242639067,-1.8000215634588956
-0.663623284853278,-0.30935687994753136,0.170316955620623,-1.8036530318807213,-1.8192712171543457,-1.8043420117641356,-1.8000215634588956
-0.663623284853278,-0.3094623505720736,0.170316955620623,-1.8038413443810266,-1.8191776796541923,-1.804063349263449,-1.7997369384595823
-0.663623284853278,-0.30931400037687895,0.170316955620623,-1.803747188130874,-1.8191776796541923,-1.8037846867627625,-1.7997369384595823
-0.663684098174312,-0.30938431412657363,0.17032513987065348,-1.803747188130874,-1.8188970671537348,-1.804063349263449,-1.7998318134593534
-0.663631007549083,-0.309306277681074,0.170316955620623,-1.803747188130874,-1.8190841421540398,-1.804063349263449,-1.7996420634598111
-0.6635325489944306,-0.3092282412355741,0.17032104774563822,-1.8036530318807213,-1.8189906046538873,-1.8038775742629913,-1.7996420634598111
-0.663744911495346,-0.30940402560981123,0.1703128634956077,-1.8039355006311792,-1.8191776796541923,-1.8041562367636779,-1.7999266884591245
-0.663684098174312,-0.30934143455592134,0.17032923199566874,-1.803747188130874,-1.8192712171543457,-1.8044348992643644,-1.8000215634588956
-0.6635248262986255,-0.30934143455592134,0.17032513987065348,-1.803747188130874,-1.8206742796566342,-1.8056424367673398,-1.801160063456149
-0.6634794583692016,-0.309306277681074,0.170316955620623,-1.8035588756305687,-1.8190841421540398,-1.804063349263449,-1.7996420634598111
-0.6636464529406931,-0.30941174830561624,0.170316955620623,-1.8039355006311792,-1.8193647546544982,-1.804620674264822,-1.8000215634588956
-0.6636995435659221,-0.30927112080622643,0.1703128634956077,-1.803370563130264,-1.8191776796541923,-1.804063349263449,-1.7999266884591245
-0.6636464529406931,-0.3093765914307687,0.17032513987065348,-1.803747188130874,-1.8195518296548032,-1.8044348992643644,-1.8002113134584379
-0.6634949037608115,-0.30941174830561624,0.170316955620623,-1.803747188130874,-1.8185229171531248,-1.8034131367618467,-1.79954718846004
-0.6636464529406931,-0.30931400037687895,0.1703128634956077,-1.8035588756305687,-1.8193647546544982,-1.8041562367636779,-1.8000215634588956
-0.6636387302448881,-0.30938431412657363,0.17032513987065348,-1.8038413443810266,-1.8192712171543457,-1.8041562367636779,-1.7998318134593534
-0.6635171036028206,-0.3092788435020314,0.170316955620623,-1.8035588756305687,-1.8191776796541923,-1.8042491242639067,-1.8000215634588956
-0.6634640129775916,-0.30931400037687895,0.170316955620623,-1.803747188130874,-1.8190841421540398,-1.8038775742629913,-1.7999266884591245
-0.6635624715322446,-0.30941174830561624,0.17032513987065348,-1.8035588756305687,-1.8192712171543457,-1.8041562367636779,-1.7999266884591245
-0.6634485675859816,-0.30927112080622643,0.170316955620623,-1.8034647193804165,-1.8192712171543457,-1.8042491242639067,-1.7998318134593534
-0.6635624715322446,-0.30934143455592134,0.1703128634956077,-1.8036530318807213,-1.8194582921546507,-1.8042491242639067,-1.8001164384586668
-0.663631007549083,-0.30941174830561624,0.17032513987065348,-1.8041238131314845,-1.8190841421540398,-1.8043420117641356,-1.7996420634598111
-0.663691820870117,-0.30934143455592134,0.17032104774563822,-1.803747188130874,-1.8190841421540398,-1.8038775742629913,-1.7996420634598111
-0.663858815441609,-0.309306277681074,0.17032513987065348,-1.803747188130874,-1.8186164546532773,-1.8033202492616178,-1.7992625634607267
-0.6636464529406931,-0.3093491572517263,0.17032104774563822,-1.8034647193804165,-1.8192712171543457,-1.8041562367636779,-1.7998318134593534
-0.6636995435659221,-0.3093491572517263,0.170316955620623,-1.8035588756305687,-1.8191776796541923,-1.804063349263449,-1.79954718846004
-0.6637072662617269,-0.30931400037687895,0.17032923199566874,-1.8036530318807213,-1.8193647546544982,-1.8042491242639067,-1.7999266884591245
-0.663691820870117,-0.30931400037687895,0.17032104774563822,-1.8036530318807213,-1.8189906046538873,-1.8038775742629913,-1.79954718846004
-0.6635248262986255,-0.3094194710014212,0.170316955620623,-1.803747188130874,-1.8190841421540398,-1.804063349263449,-1.7998318134593534
-0.6635779169238545,-0.3094194710014212,0.17032513987065348,-1.8035588756305687,-1.8190841421540398,-1.8041562367636779,-1.7998318134593534
-0.663631007549083,-0.3092788435020314,0.170316955620623,-1.8038413443810266,-1.8188035296535823,-1.8035989117623044,-1.79954718846004
-0.6635248262986255,-0.30945462787626854,0.1703128634956077,-1.8039355006311792,-1.8190841421540398,-1.8042491242639067,-1.7999266884591245
-0.663623284853278,-0.30931400037687895,0.170333324120684,-1.8036530318807213,-1.8192712171543457,-1.8041562367636779,-1.7998318134593534
-0.663631007549083,-0.3092788435020314,0.170316955620623,-1.803747188130874,-1.8189906046538873,-1.804063349263449,-1.7998318134593534
-0.6637371887995409,-0.30931400037687895,0.1703128634956077,-1.8035588756305687,-1.8191776796541923,-1.8038775742629913,-1.7999266884591245
-0.6636387302448881,-0.30934143455592134,0.170316955620623,-1.803747188130874,-1.8191776796541923,-1.804063349263449,-1.7998318134593534
-0.6635402716902357,-0.3093765914307687,0.17032104774563822,-1.8036530318807213,-1.8192712171543457,-1.804620674264822,-1.8004010634579801
-0.663752634191151,-0.30938431412657363,0.170316955620623,-1.8038413443810266,-1.8189906046538873,-1.8038775742629913,-1.7998318134593534
-0.6635856396196596,-0.3093491572517263,0.17032513987065348,-1.803747188130874,-1.8195518296548032,-1.8045277867645932,-1.7999266884591245
-0.6636387302448881,-0.3094194710014212,0.1703128634956077,-1.803747188130874,-1.8194582921546507,-1.8042491242639067,-1.7999266884591245
-0.6636387302448881,-0.30938431412657363,0.17032104774563822,-1.8035588756305687,-1.8190841421540398,-1.8041562367636779,-1.7998318134593534
-0.6636387302448881,-0.3094194710014212,0.1703128634956077,-1.8036530318807213,-1.8192712171543457,-1.8041562367636779,-1.7996420634598111
-0.6636387302448881,-0.30945462787626854,0.17032513987065348,-1.8038413443810266,-1.8193647546544982,-1.8041562367636779,-1.7999266884591245
-0.663631007549083,-0.3092788435020314,0.170316955620623,-1.803747188130874,-1.8189906046538873,-1.804063349263449,-1.7999266884591245
-0.6636387302448881,-0.30931400037687895,0.17032104774563822,-1.8039355006311792,-1.8193647546544982,-1.8044348992643644,-1.8001164384586668
-0.663691820870117,-0.30931400037687895,0.17032513987065348,-1.8038413443810266,-1.8192712171543457,-1.8039704617632202,-1.7997369384595823
-0.663691820870117,-0.3094194710014212,0.170316955620623,-1.8038413443810266,-1.8182423046526672,-1.8030415867609313,-1.7988830634616422
-0.663858815441609,-0.3093491572517263,0.17032104774563822,-1.803747188130874,-1.8181487671525138,-1.8034131367618467,-1.7988830634616422
-0.6636387302448881,-0.30931400037687895,0.17032513987065348,-1.8036530318807213,-1.8188970671537348,-1.804063349263449,-1.7999266884591245
-0.6635856396196596,-0.3093491572517263,0.170316955620623,-1.803747188130874,-1.8192712171543457,-1.804063349263449,-1.7998318134593534
-0.6635701942280495,-0.3094194710014212,0.17032513987065348,-1.8034647193804165,-1.8191776796541923,-1.8041562367636779,-1.7998318134593534
-0.663676375478507,-0.3093491572517263,0.170316955620623,-1.803747188130874,-1.8183358421528197,-1.8038775742629913,-1.7991676884609555
-0.6635171036028206,-0.30931400037687895,0.17032104774563822,-1.803747188130874,-1.8191776796541923,-1.804063349263449,-1.8000215634588956
-0.6634562902817867,-0.3093491572517263,0.17032104774563822,-1.8035588756305687,-1.8189906046538873,-1.8039704617632202,-1.7998318134593534
-0.663623284853278,-0.3093491572517263,0.17032104774563822,-1.803747188130874,-1.8201130546557183,-1.8053637742666533,-1.8006856884572935
-0.6636387302448881,-0.30931400037687895,0.17032104774563822,-1.8034647193804165,-1.8192712171543457,-1.8041562367636779,-1.7997369384595823
-0.6636464529406931,-0.3094194710014212,0.17032513987065348,-1.8036530318807213,-1.8192712171543457,-1.804063349263449,-1.7998318134593534
-0.663752634191151,-0.30931400037687895,0.17032513987065348,-1.8038413443810266,-1.8193647546544982,-1.8041562367636779,-1.7997369384595823
-0.663654175636498,-0.30931400037687895,0.17032104774563822,-1.803747188130874,-1.8191776796541923,-1.8043420117641356,-1.7998318134593534
-0.6637603568869559,-0.3094194710014212,0.17032234403890323,-1.803747188130874,-1.8191776796541923,-1.804063349263449,-1.7997369384595823
-0.6636387302448881,-0.3093491572517263,0.1703141597888727,-1.803747188130874,-1.8189906046538873,-1.8042491242639067,-1.8000215634588956
-0.663631007549083,-0.3094194710014212,0.17032773245718347,-1.8039355006311792,-1.8191776796541923,-1.8042491242639067,-1.8000215634588956
-0.6635701942280495,-0.3092788435020314,0.17031954820715298,-1.803747188130874,-1.8190841421540398,-1.8042491242639067,-1.7998318134593534
-0.6634640129775916,-0.30931400037687895,0.17031954820715298,-1.8034647193804165,-1.8182423046526672,-1.8033202492616178,-1.7988830634616422
-0.663623284853278,-0.3093491572517263,0.17033591670721399,-1.803747188130874,-1.8191776796541923,-1.8041562367636779,-1.7996420634598111
-0.6636155621574731,-0.30931400037687895,0.17032364033216824,-1.8036530318807213,-1.8191776796541923,-1.804063349263449,-1.7997369384595823
-0.663623284853278,-0.3094194710014212,0.17032773245718347,-1.803370563130264,-1.8189906046538873,-1.8039704617632202,-1.7997369384595823
-0.663631007549083,-0.30931400037687895,0.17031954820715298,-1.803747188130874,-1.8191776796541923,-1.8041562367636779,-1.7999266884591245
-0.6636387302448881,-0.3094194710014212,0.17032773245718347,-1.8036530318807213,-1.8188035296535823,-1.804063349263449,-1.7999266884591245
-0.663744911495346,-0.3094194710014212,0.17031136395712246,-1.8035588756305687,-1.8189906046538873,-1.8038775742629913,-1.7996420634598111
-0.6636387302448881,-0.30931400037687895,0.17032773245718347,-1.8036530318807213,-1.8194582921546507,-1.804620674264822,-1.8000215634588956
-0.6636464529406931,-0.3094194710014212,0.17031954820715298,-1.803747188130874,-1.8203936671561767,-1.805549549267111,-1.801160063456149
-0.6636387302448881,-0.309306277681074,0.17031954820715298,-1.803747188130874,-1.8191776796541923,-1.804063349263449,-1.7999266884591245
-0.663631007549083,-0.309306277681074,0.17032773245718347,-1.8036530318807213,-1.8193647546544982,-1.804063349263449,-1.7997369384595823
-0.663623284853278,-0.3094469051804636,0.17032364033216824,-1.8038413443810266,-1.8191776796541923,-1.804063349263449,-1.7997369384595823
-0.663721743407931,-0.30940402560981123,0.17032773245718347,-1.8038413443810266,-1.8191776796541923,-1.8041562367636779,-1.7997369384595823
-0.663721743407931,-0.309298554985269,0.17032773245718347,-1.8038413443810266,-1.8183358421528197,-1.8031344742611601,-1.7989779384614133
-0.663623284853278,-0.30940402560981123,0.17033182458219875,-1.8036530318807213,-1.8191776796541923,-1.8041562367636779,-1.7998318134593534
-0.663631007549083,-0.3093337118601163,0.17031954820715298,-1.8035588756305687,-1.8189906046538873,-1.8042491242639067,-1.8001164384586668
-0.663691820870117,-0.30934143455592134,0.17032773245718347,-1.8039355006311792,-1.8190841421540398,-1.8041562367636779,-1.7997369384595823
-0.6636387302448881,-0.30941174830561624,0.17031954820715298,-1.803747188130874,-1.8190841421540398,-1.804063349263449,-1.7996420634598111
-0.6638510927458039,-0.3093765914307687,0.17032773245718347,-1.803747188130874,-1.8189906046538873,-1.804063349263449,-1.7998318134593534
-0.663752634191151,-0.30931400037687895,0.17032773245718347,-1.8034647193804165,-1.8188970671537348,-1.804063349263449,-1.7997369384595823
-0.663744911495346,-0.3093491572517263,0.17033591670721399,-1.803747188130874,-1.8192712171543457,-1.804063349263449,-1.7998318134593534
-0.6638433700499988,-0.309306277681074,0.17031954820715298,-1.803747188130874,-1.8189906046538873,-1.804063349263449,-1.7997369384595823
-0.663631007549083,-0.30934143455592134,0.17032773245718347,-1.8038413443810266,-1.8190841421540398,-1.8039704617632202,-1.7999266884591245
-0.6634031996565577,-0.309306277681074,0.17032364033216824,-1.8036530318807213,-1.8190841421540398,-1.8037846867627625,-1.79954718846004
-0.6636155621574731,-0.30934143455592134,0.17032364033216824,-1.8038413443810266,-1.8189906046538873,-1.804063349263449,-1.7997369384595823
-0.6635701942280495,-0.3092633981104214,0.17032773245718347,-1.8035588756305687,-1.8190841421540398,-1.8042491242639067,-1.7999266884591245
-0.663684098174312,-0.30940402560981123,0.17032364033216824,-1.8035588756305687,-1.8190841421540398,-1.804063349263449,-1.7997369384595823
-0.663631007549083,-0.3094743393595059,0.17032364033216824,-1.8038413443810266,-1.8169327796505303,-1.8018340492579559,-1.797270188465533
-0.6637371887995409,-0.30934143455592134,0.17032364033216824,-1.8039355006311792,-1.8191776796541923,-1.8037846867627625,-1.7993574384604978
-0.6637371887995409,-0.3093765914307687,0.17032364033216824,-1.8036530318807213,-1.8188970671537348,-1.804063349263449,-1.7997369384595823
-0.663631007549083,-0.30931400037687895,0.17031545608213772,-1.8039355006311792,-1.8186164546532773,-1.8035989117623044,-1.799452313460269
-0.663744911495346,-0.3094194710014212,0.17031545608213772,-1.803747188130874,-1.8192712171543457,-1.8041562367636779,-1.8000215634588956
-0.6636387302448881,-0.30934143455592134,0.17033182458219875,-1.8038413443810266,-1.8192712171543457,-1.8041562367636779,-1.7999266884591245
-0.663744911495346,-0.30920080705653175,0.17031954820715298,-1.8039355006311792,-1.8188035296535823,-1.804063349263449,-1.7996420634598111
-0.6635856396196596,-0.3092282412355741,0.17031954820715298,-1.803747188130874,-1.8189906046538873,-1.804063349263449,-1.7996420634598111
-0.6636387302448881,-0.3092556754146164,0.17032364033216824,-1.803747188130874,-1.8205807421564817,-1.8054566617668821,-1.801160063456149
-0.663691820870117,-0.3092556754146164,0.17031545608213772,-1.803747188130874,-1.8190841421540398,-1.804063349263449,-1.7996420634598111
-0.663691820870117,-0.309298554985269,0.17033591670721399,-1.8038413443810266,-1.8191776796541923,-1.8041562367636779,-1.7999266884591245
-0.6636387302448881,-0.30943918248465857,0.17031545608213772,-1.803747188130874,-1.8188035296535823,-1.8036917992625336,-1.79954718846004
-0.663691820870117,-0.30941174830561624,0.17031954820715298,-1.8038413443810266,-1.8189906046538873,-1.8038775742629913,-1.7998318134593534
-0.663744911495346,-0.30941174830561624,0.17032364033216824,-1.803747188130874,-1.8182423046526672,-1.8031344742611601,-1.7989779384614133
-0.6635856396196596,-0.3094194710014212,0.17032364033216824,-1.8035588756305687,-1.8191776796541923,-1.8041562367636779,-1.7998318134593534
-0.663684098174312,-0.30941174830561624,0.17032364033216824,-1.8039355006311792,-1.8191776796541923,-1.804063349263449,-1.8000215634588956
-0.663684098174312,-0.3093765914307687,0.17032773245718347,-1.803747188130874,-1.8192712171543457,-1.8042491242639067,-1.7997369384595823
-0.663631007549083,-0.309298554985269,0.17032773245718347,-1.8034647193804165,-1.8194582921546507,-1.8044348992643644,-1.8002113134584379
-0.6635856396196596,-0.3092633981104214,0.17032773245718347,-1.8035588756305687,-1.8192712171543457,-1.8042491242639067,-1.7997369384595823
-0.6638510927458039,-0.30929083228946397,0.17033182458219875,-1.8038413443810266,-1.8193647546544982,-1.8043420117641356,-1.7999266884591245
-0.6636387302448881,-0.30929083228946397,0.17031954820715298,-1.803747188130874,-1.8191776796541923,-1.804063349263449,-1.7996420634598111
-0.6636387302448881,-0.30936886873496366,0.17031954820715298,-1.803747188130874,-1.8191776796541923,-1.8044348992643644,-1.8001164384586668
-0.663744911495346,-0.3093337118601163,0.17032773245718347,-1.803747188130874,-1.8190841421540398,-1.804063349263449,-1.7999266884591245
-0.6636387302448881,-0.30936886873496366,0.17032773245718347,-1.803747188130874,-1.8190841421540398,-1.8041562367636779,-1.7997369384595823
-0.6635856396196596,-0.30940402560981123,0.17032773245718347,-1.803747188130874,-1.8193647546544982,-1.8039704617632202,-1.7998318134593534
-0.663631007549083,-0.3093337118601163,0.17032364033216824,-1.803747188130874,-1.8192712171543457,-1.8042491242639067,-1.7998318134593534
-0.6638433700499988,-0.3093337118601163,0.17032773245718347,-1.8036530318807213,-1.8187099921534298,-1.8035060242620755,-1.7992625634607267
-0.663684098174312,-0.30927112080622643,0.17032364033216824,-1.8035588756305687,-1.8188035296535823,-1.8036917992625336,-1.7991676884609555
-0.663631007549083,-0.3094469051804636,0.17031545608213772,-1.803747188130874,-1.8193647546544982,-1.804063349263449,-1.7997369384595823
-0.6638510927458039,-0.3092633981104214,0.17032773245718347,-1.8038413443810266,-1.8192712171543457,-1.8041562367636779,-1.7998318134593534
-0.6635856396196596,-0.30929083228946397,0.17031136395712246,-1.8035588756305687,-1.8183358421528197,-1.8030415867609313,-1.7990728134611844
-0.663631007549083,-0.3093259891643113,0.17031954820715298,-1.803747188130874,-1.8184293796529722,-1.8035060242620755,-1.7991676884609555
-0.663631007549083,-0.3093337118601163,0.17032364033216824,-1.803747188130874,-1.8192712171543457,-1.804063349263449,-1.8000215634588956
-0.663729466103736,-0.30936886873496366,0.17032234403890323,-1.803747188130874,-1.8190841421540398,-1.8042491242639067,-1.7999266884591245
-0.663623284853278,-0.3093337118601163,0.1703264361639185,-1.8034647193804165,-1.8209548921570917,-1.8056424367673398,-1.8015395634552336
-0.663623284853278,-0.30940402560981123,0.17033052828893375,-1.803747188130874,-1.8193647546544982,-1.8042491242639067,-1.8001164384586668
-0.663631007549083,-0.3092633981104214,0.1703264361639185,-1.8035588756305687,-1.8188035296535823,-1.8037846867627625,-1.79954718846004
-0.663684098174312,-0.30941174830561624,0.170318251913888,-1.803747188130874,-1.8189906046538873,-1.8042491242639067,-1.7997369384595823
-0.663684098174312,-0.30934143455592134,0.170318251913888,-1.8036530318807213,-1.8190841421540398,-1.804063349263449,-1.79954718846004
-0.6635856396196596,-0.30934143455592134,0.17033052828893375,-1.803747188130874,-1.8191776796541923,-1.804063349263449,-1.7998318134593534
-0.6636387302448881,-0.30934143455592134,0.17033052828893375,-1.8038413443810266,-1.8191776796541923,-1.804063349263449,-1.7999266884591245
-0.663744911495346,-0.309306277681074,0.17032234403890323,-1.803747188130874,-1.8189906046538873,-1.8037846867627625,-1.7998318134593534
-0.6637980021205749,-0.3093765914307687,0.170318251913888,-1.8038413443810266,-1.8185229171531248,-1.8033202492616178,-1.7993574384604978
-0.6636387302448881,-0.30941174830561624,0.17032234403890323,-1.8035588756305687,-1.8190841421540398,-1.8041562367636779,-1.7998318134593534
-0.663744911495346,-0.30934143455592134,0.170334620413949,-1.803747188130874,-1.8192712171543457,-1.804063349263449,-1.8000215634588956
-0.663691820870117,-0.30941174830561624,0.17033052828893375,-1.8035588756305687,-1.8189906046538873,-1.8036917992625336,-1.7996420634598111
-0.6636387302448881,-0.30934143455592134,0.170334620413949,-1.803747188130874,-1.8198324421552607,-1.8048064492652802,-1.8006856884572935
-0.6636387302448881,-0.3093765914307687,0.17032234403890323,-1.8036530318807213,-1.8180552296523613,-1.8033202492616178,-1.798788188461871
-0.6636387302448881,-0.30934143455592134,0.170318251913888,-1.8039355006311792,-1.8181487671525138,-1.8031344742611601,-1.798788188461871
-0.663691820870117,-0.309306277681074,0.17033052828893375,-1.8035588756305687,-1.8191776796541923,-1.8042491242639067,-1.7997369384595823
-0.6635856396196596,-0.309306277681074,0.17032234403890323,-1.8035588756305687,-1.8190841421540398,-1.804063349263449,-1.8001164384586668
-0.6636387302448881,-0.3094469051804636,0.170318251913888,-1.8034647193804165,-1.8189906046538873,-1.8038775742629913,-1.7998318134593534
-0.6636387302448881,-0.309306277681074,0.170318251913888,-1.8038413443810266,-1.8184293796529722,-1.8031344742611601,-1.7991676884609555
-0.6637371887995409,-0.30941174830561624,0.170318251913888,-1.8041238131314845,-1.8183358421528197,-1.803227361761389,-1.7989779384614133
-0.6637371887995409,-0.30941174830561624,0.17032234403890323,-1.8039355006311792,-1.8190841421540398,-1.804063349263449,-1.7997369384595823
-0.663684098174312,-0.30934143455592134,0.1703264361639185,-1.8038413443810266,-1.8194582921546507,-1.8043420117641356,-1.8002113134584379
-0.663631007549083,-0.309306277681074,0.170318251913888,-1.803747188130874,-1.8189906046538873,-1.804063349263449,-1.7997369384595823
-0.6634794583692016,-0.3094469051804636,0.170318251913888,-1.803747188130874,-1.8199259796554133,-1.8048064492652802,-1.8005908134575224
-0.6636387302448881,-0.30927112080622643,0.17032234403890323,-1.803747188130874,-1.8189906046538873,-1.804063349263449,-1.7999266884591245
-0.6635856396196596,-0.30927112080622643,0.170318251913888,-1.8035588756305687,-1.8189906046538873,-1.804063349263449,-1.79954718846004
-0.6635856396196596,-0.30934143455592134,0.1703141597888727,-1.803747188130874,-1.8190841421540398,-1.8038775742629913,-1.7997369384595823
-0.6635856396196596,-0.309306277681074,0.1703264361639185,-1.803747188130874,-1.8191776796541923,-1.804620674264822,-1.7997369384595823
-0.6636387302448881,-0.30934143455592134,0.170334620413949,-1.8038413443810266,-1.8190841421540398,-1.8041562367636779,-1.7997369384595823
-0.663744911495346,-0.30934143455592134,0.1703264361639185,-1.8038413443810266,-1.8189906046538873,-1.804063349263449,-1.7998318134593534
-0.6634794583692016,-0.309306277681074,0.170318251913888,-1.8035588756305687,-1.8189906046538873,-1.804063349263449,-1.7997369384595823
-0.6636387302448881,-0.309306277681074,0.1703264361639185,-1.803747188130874,-1.8192712171543457,-1.8042491242639067,-1.7997369384595823
-0.663691820870117,-0.30941174830561624,0.1703264361639185,-1.8036530318807213,-1.8189906046538873,-1.804063349263449,-1.7998318134593534
-0.663744911495346,-0.30934143455592134,0.17032234403890323,-1.803747188130874,-1.8192712171543457,-1.804063349263449,-1.8000215634588956
-0.663691820870117,-0.30934143455592134,0.17033052828893375,-1.8035588756305687,-1.8190841421540398,-1.804063349263449,-1.8000215634588956
-0.663691820870117,-0.3093765914307687,0.170318251913888,-1.8035588756305687,-1.8190841421540398,-1.8037846867627625,-1.7997369384595823
-0.6636387302448881,-0.30934143455592134,0.17033052828893375,-1.8039355006311792,-1.8198324421552607,-1.804620674264822,-1.8007805634570646
-0.6636387302448881,-0.309306277681074,0.1703264361639185,-1.8035588756305687,-1.8190841421540398,-1.8042491242639067,-1.7999266884591245
-0.663631007549083,-0.30934143455592134,0.17033052828893375,-1.8040296568813319,-1.8191776796541923,-1.804063349263449,-1.8001164384586668
-0.6638433700499988,-0.3093765914307687,0.1703264361639185,-1.8041238131314845,-1.8190841421540398,-1.804063349263449,-1.7998318134593534
-0.663631007549083,-0.309306277681074,0.1703141597888727,-1.8038413443810266,-1.8189906046538873,-1.8037846867627625,-1.79954718846004
-0.6635856396196596,-0.309306277681074,0.1703264361639185,-1.8035588756305687,-1.8204872046563292,-1.8053637742666533,-1.8007805634570646
-0.663744911495346,-0.30927112080622643,0.1703264361639185,-1.803747188130874,-1.8188035296535823,-1.804063349263449,-1.7996420634598111
-0.6636387302448881,-0.3093765914307687,0.170318251913888,-1.8036530318807213,-1.8186164546532773,-1.8038775742629913,-1.79954718846004
-0.663744911495346,-0.3093765914307687,0.170318251913888,-1.8036530318807213,-1.8188035296535823,-1.8037846867627625,-1.79954718846004
-0.6636387302448881,-0.30941174830561624,0.1703264361639185,-1.803747188130874,-1.8188970671537348,-1.8037846867627625,-1.7993574384604978
-0.6635325489944306,-0.309306277681074,0.170318251913888,-1.8035588756305687,-1.8189906046538873,-1.8043420117641356,-1.7999266884591245
-0.6635325489944306,-0.30934143455592134,0.1703264361639185,-1.803747188130874,-1.8189906046538873,-1.804063349263449,-1.79954718846004
-0.6638510927458039,-0.30936886873496366,0.1703264361639185,-1.803747188130874,-1.8193647546544982,-1.804063349263449,-1.7998318134593534
-0.663744911495346,-0.30929083228946397,0.170318251913888,-1.8039355006311792,-1.8182423046526672,-1.8030415867609313,-1.7989779384614133
-0.6635856396196596,-0.30929083228946397,0.17032234403890323,-1.8035588756305687,-1.8190841421540398,-1.8035060242620755,-1.7992625634607267
-0.6636387302448881,-0.309298554985269,0.1703264361639185,-1.803747188130874,-1.8191776796541923,-1.804063349263449,-1.7999266884591245
-0.6635856396196596,-0.30936886873496366,0.1703264361639185,-1.8038413443810266,-1.8190841421540398,-1.804063349263449,-1.7998318134593534
-0.6635856396196596,-0.30934143455592134,0.170334620413949,-1.803747188130874,-1.8193647546544982,-1.8048064492652802,-1.8000215634588956
-0.6635779169238545,-0.3093765914307687,0.1703264361639185,-1.803747188130874,-1.8193647546544982,-1.8042491242639067,-1.8001164384586668
-0.6635856396196596,-0.30927112080622643,0.1703264361639185,-1.8039355006311792,-1.8186164546532773,-1.8035060242620755,-1.7991676884609555
-0.6636387302448881,-0.3093337118601163,0.17033052828893375,-1.803747188130874,-1.8189906046538873,-1.804063349263449,-1.7997369384595823
-0.6635325489944306,-0.3091853616649217,0.170318251913888,-1.8034647193804165,-1.8191776796541923,-1.804063349263449,-1.7999266884591245
-0.6635933623154646,-0.3093259891643113,0.170318251913888,-1.8036530318807213,-1.8195518296548032,-1.8043420117641356,-1.7996420634598111
-0.663631007549083,-0.3093259891643113,0.17032234403890323,-1.8039355006311792,-1.8188970671537348,-1.8038775742629913,-1.7999266884591245
-0.6635701942280495,-0.309298554985269,0.170318251913888,-1.8039355006311792,-1.8190841421540398,-1.804063349263449,-1.7997369384595823
-0.6635624715322446,-0.30936886873496366,0.17032234403890323,-1.803747188130874,-1.8191776796541923,-1.804063349263449,-1.7999266884591245
-0.6635624715322446,-0.30940402560981123,0.170318251913888,-1.803747188130874,-1.8188970671537348,-1.8041562367636779,-1.7998318134593534
-0.663660930086897,-0.3092359639313791,0.1703141597888727,-1.8038413443810266,-1.8193647546544982,-1.8042491242639067,-1.7997369384595823
-0.6635701942280495,-0.3092633981104214,0.1703264361639185,-1.8035588756305687,-1.8194582921546507,-1.8045277867645932,-1.800306188458209
-0.6638510927458039,-0.3093337118601163,0.1703264361639185,-1.803747188130874,-1.8192712171543457,-1.8041562367636779,-1.7996420634598111
-0.66380572481638,-0.309298554985269,0.1703264361639185,-1.8036530318807213,-1.8191776796541923,-1.804063349263449,-1.7998318134593534
-0.6638134475121849,-0.30922051853976906,0.17034280466397952,-1.803747188130874,-1.8190841421540398,-1.8041562367636779,-1.8001164384586668
-0.6638665381374138,-0.30929083228946397,0.170334620413949,-1.803747188130874,-1.8193647546544982,-1.8044348992643644,-1.7999266884591245
-0.663858815441609,-0.3093259891643113,0.1703264361639185,-1.803747188130874,-1.8191776796541923,-1.804063349263449,-1.7998318134593534
-0.6635779169238545,-0.30936886873496366,0.1703264361639185,-1.8039355006311792,-1.8191776796541923,-1.804063349263449,-1.7998318134593534
-0.6635171036028206,-0.309298554985269,0.1703264361639185,-1.8036530318807213,-1.8194582921546507,-1.8044348992643644,-1.8001164384586668
-0.663721743407931,-0.30940402560981123,0.17032234403890323,-1.803747188130874,-1.8183358421528197,-1.8031344742611601,-1.7989779384614133
-0.6635624715322446,-0.30927112080622643,0.170318251913888,-1.803747188130874,-1.8190841421540398,-1.804063349263449,-1.7998318134593534
-0.663607839461668,-0.309298554985269,0.1703264361639185,-1.8035588756305687,-1.8191776796541923,-1.804063349263449,-1.7997369384595823
-0.663623284853278,-0.30940402560981123,0.170318251913888,-1.8039355006311792,-1.8180552296523613,-1.8033202492616178,-1.798788188461871
-0.6638510927458039,-0.3092633981104214,0.1703264361639185,-1.8038413443810266,-1.8188970671537348,-1.8035989117623044,-1.7993574384604978
-0.663744911495346,-0.309298554985269,0.17032234403890323,-1.8038413443810266,-1.8191776796541923,-1.8042491242639067,-1.7996420634598111
-0.6638510927458039,-0.30940402560981123,0.170318251913888,-1.803747188130874,-1.8192712171543457,-1.8041562367636779,-1.7999266884591245
-0.6636464529406931,-0.3093259891643113,0.1703264361639185,-1.8035588756305687,-1.8195518296548032,-1.8045277867645932,-1.8001164384586668
-0.663744911495346,-0.3093963029140062,0.170318251913888,-1.8039355006311792,-1.8187099921534298,-1.8042491242639067,-1.7996420634598111
-0.663623284853278,-0.309298554985269,0.1703264361639185,-1.803747188130874,-1.8193647546544982,-1.8038775742629913,-1.7996420634598111
-0.663623284853278,-0.3092633981104214,0.1703264361639185,-1.8039355006311792,-1.8182423046526672,-1.803227361761389,-1.798788188461871
-0.663607839461668,-0.309306277681074,0.170318251913888,-1.803747188130874,-1.8180552296523613,-1.8033202492616178,-1.7986933134621
-0.6635547488364395,-0.3092633981104214,0.1703264361639185,-1.8035588756305687,-1.8191776796541923,-1.8041562367636779,-1.7998318134593534
-0.6636155621574731,-0.309298554985269,0.170318251913888,-1.8036530318807213,-1.8189906046538873,-1.8041562367636779,-1.7999266884591245
-0.663729466103736,-0.30922051853976906,0.170318251913888,-1.8039355006311792,-1.8184293796529722,-1.8034131367618467,-1.7991676884609555
-0.663684098174312,-0.3091853616649217,0.1703264361639185,-1.8036530318807213,-1.8193647546544982,-1.8042491242639067,-1.79954718846004
-0.6636387302448881,-0.30924795271881145,0.1703264361639185,-1.803747188130874,-1.8199259796554133,-1.8051779992661956,-1.8006856884572935
-0.663752634191151,-0.3092556754146164,0.17032234403890323,-1.8036530318807213,-1.8189906046538873,-1.8036917992625336,-1.799452313460269
-0.6636387302448881,-0.30936114603915865,0.1703264361639185,-1.8036530318807213,-1.8186164546532773,-1.803227361761389,-1.7991676884609555
-0.6637902794247699,-0.30929083228946397,0.17032234403890323,-1.8038413443810266,-1.8187099921534298,-1.8035060242620755,-1.7991676884609555
-0.663676375478507,-0.3093963029140062,0.170318251913888,-1.8035588756305687,-1.8190841421540398,-1.804063349263449,-1.7997369384595823
-0.6635624715322446,-0.3092556754146164,0.1703264361639185,-1.803370563130264,-1.8190841421540398,-1.804063349263449,-1.7997369384595823
-0.6634485675859816,-0.309298554985269,0.1703264361639185,-1.803747188130874,-1.8183358421528197,-1.8031344742611601,-1.7990728134611844
-0.6637140207121259,-0.3092556754146164,0.1703264361639185,-1.8038413443810266,-1.8205807421564817,-1.805549549267111,-1.8013498134556913
-0.663623284853278,-0.3092556754146164,0.170334620413949,-1.8038413443810266,-1.8192712171543457,-1.8041562367636779,-1.7999266884591245
-0.663684098174312,-0.30922051853976906,0.17032234403890323,-1.803747188130874,-1.8194582921546507,-1.8043420117641356,-1.800306188458209
-0.6638433700499988,-0.30931826646850635,0.1703264361639185,-1.8039355006311792,-1.8205807421564817,-1.8054566617668821,-1.801160063456149
-0.663631007549083,-0.3092127958439641,0.17032234403890323,-1.8035588756305687,-1.8192712171543457,-1.804063349263449,-1.7998318134593534
-0.6637371887995409,-0.3093259891643113,0.170334620413949,-1.803747188130874,-1.8190841421540398,-1.804063349263449,-1.7998318134593534
-0.6637371887995409,-0.30943145978885356,0.170318251913888,-1.803747188130874,-1.8192712171543457,-1.8044348992643644,-1.8000215634588956
-0.6636387302448881,-0.3092556754146164,0.1703141597888727,-1.803747188130874,-1.8193647546544982,-1.804063349263449,-1.8000215634588956
-0.6636387302448881,-0.3093259891643113,0.1703264361639185,-1.8040296568813319,-1.8203936671561767,-1.805549549267111,-1.801065188456378
-0.6635248262986255,-0.309298554985269,0.17033052828893375,-1.803747188130874,-1.8190841421540398,-1.8041562367636779,-1.7999266884591245
-0.663623284853278,-0.3092556754146164,0.170318251913888,-1.803747188130874,-1.8204872046563292,-1.8056424367673398,-1.801160063456149
-0.663668652782702,-0.30929083228946397,0.1703264361639185,-1.8038413443810266,-1.8183358421528197,-1.8030415867609313,-1.7986933134621
-0.6635547488364395,-0.30929083228946397,0.17032234403890323,-1.803747188130874,-1.8184293796529722,-1.8035060242620755,-1.7990728134611844
-0.6635093809070156,-0.3092556754146164,0.1703264361639185,-1.803747188130874,-1.8191776796541923,-1.804063349263449,-1.7997369384595823
-0.663668652782702,-0.30938858021820126,0.17033052828893375,-1.8039355006311792,-1.8193647546544982,-1.8043420117641356,-1.8000215634588956
-0.6635779169238545,-0.309283109593659,0.1703141597888727,-1.803747188130874,-1.8179616921522088,-1.8031344742611601,-1.7986933134621
-0.663631007549083,-0.30929083228946397,0.1703264361639185,-1.803747188130874,-1.8187099921534298,-1.8038775742629913,-1.7996420634598111
-0.663691820870117,-0.30936114603915865,0.17031006766385748,-1.8035588756305687,-1.8191776796541923,-1.804063349263449,-1.7997369384595823
-0.6638510927458039,-0.3093337118601163,0.1703264361639185,-1.8039355006311792,-1.8182423046526672,-1.803227361761389,-1.798788188461871
-0.6636464529406931,-0.3093337118601163,0.17032234403890323,-1.803747188130874,-1.8179616921522088,-1.8029486992607024,-1.7986933134621
-0.6635856396196596,-0.3092633981104214,0.1703264361639185,-1.8036530318807213,-1.8190841421540398,-1.8041562367636779,-1.7997369384595823
-0.663729466103736,-0.3093259891643113,0.17034280466397952,-1.8039355006311792,-1.8190841421540398,-1.8042491242639067,-1.7999266884591245
-0.6636155621574731,-0.3093259891643113,0.1703264361639185,-1.8034647193804165,-1.8216096546581602,-1.8067570867700864,-1.8024883134529448
-0.663607839461668,-0.3092556754146164,0.17033052828893375,-1.803747188130874,-1.8190841421540398,-1.804063349263449,-1.7997369384595823
-0.663607839461668,-0.30924795271881145,0.17032234403890323,-1.8035588756305687,-1.8192712171543457,-1.8041562367636779,-1.7997369384595823
-0.6636155621574731,-0.309283109593659,0.1703141597888727,-1.8038413443810266,-1.8193647546544982,-1.804620674264822,-1.8002113134584379
-0.663631007549083,-0.30938858021820126,0.17032234403890323,-1.8036530318807213,-1.8191776796541923,-1.8044348992643644,-1.7999266884591245
-0.663744911495346,-0.3092127958439641,0.1703141597888727,-1.803747188130874,-1.8192712171543457,-1.8037846867627625,-1.79954718846004
-0.6638510927458039,-0.3093259891643113,0.17033052828893375,-1.8035588756305687,-1.8189906046538873,-1.8037846867627625,-1.7997369384595823
-0.45329375876928457,-0.20547106893441378,0.1935189609152536,-1.2079318891476607,-1.2255687767260905,-1.1985431671135878,-1.1996058117477584
-0.45339994001974226,-0.20556881686315104,0.1935230530402689,-1.2079318891476607,-1.2256623142262435,-1.1988218296142743,-1.1997006867475295
-0.4533391266987085,-0.20556881686315104,0.19352714516528413,-1.2080260453978133,-1.227065376728532,-1.1999364796170209,-1.2013135617436386
-0.45351384396600514,-0.2055336599883037,0.1935189609152536,-1.2079318891476607,-1.2255687767260905,-1.1986360546138166,-1.1997955617473006
-0.4534607533407762,-0.20559625104219337,0.19352714516528413,-1.2079318891476607,-1.2255687767260905,-1.198450279613359,-1.1998904367470717
-0.4534076627155472,-0.20556109416734603,0.19351486879023838,-1.2080260453978133,-1.225475239225938,-1.1985431671135878,-1.1996058117477584
-0.45339994001974226,-0.2054830577218461,0.1935189609152536,-1.2080260453978133,-1.2256623142262435,-1.1985431671135878,-1.1997955617473006
-0.4533391266987085,-0.205553371471541,0.19352584887201912,-1.2079318891476607,-1.225942926726701,-1.1991004921149608,-1.200080186746614
-0.4532705906818696,-0.20558852834638836,0.1935217567470039,-1.2079318891476607,-1.2256623142262435,-1.1987289421140455,-1.1997955617473006
-0.45327831337767455,-0.20552593729249868,0.1935217567470039,-1.208120201647966,-1.2253817017257855,-1.1986360546138166,-1.1996058117477584
-0.45328603607347956,-0.20549078041765112,0.19352584887201912,-1.207837732897508,-1.225755851726396,-1.1986360546138166,-1.1997006867475295
-0.4533391266987085,-0.20560397373799838,0.1935217567470039,-1.208120201647966,-1.2256623142262435,-1.1985431671135878,-1.1999853117468429
-0.4534530306449712,-0.20563913061284594,0.19352584887201912,-1.207837732897508,-1.2255687767260905,-1.19835739211313,-1.1996058117477584
-0.4533545720903185,-0.20556881686315104,0.1935176646219886,-1.2079318891476607,-1.2255687767260905,-1.1986360546138166,-1.1997955617473006
-0.4534607533407762,-0.20542818936376145,0.1935176646219886,-1.207837732897508,-1.225755851726396,-1.1985431671135878,-1.1997955617473006
-0.4534684760365812,-0.20556881686315104,0.19352584887201912,-1.207837732897508,-1.226878301728227,-1.2000293671172497,-1.2010289367443252
-0.4534076627155472,-0.20556109416734603,0.19352584887201912,-1.2079318891476607,-1.2253817017257855,-1.198450279613359,-1.1997006867475295
-0.45339994001974226,-0.2054830577218461,0.1935094803719581,-1.2079318891476607,-1.225475239225938,-1.198450279613359,-1.1997006867475295
-0.45334684939451353,-0.20551821459669367,0.1935176646219886,-1.208120201647966,-1.225475239225938,-1.1987289421140455,-1.1996058117477584
-0.45328603607347956,-0.20549078041765112,0.1935217567470039,-1.2079318891476607,-1.2256623142262435,-1.198450279613359,-1.1999853117468429
-0.4533314040029035,-0.20556109416734603,0.1935217567470039,-1.208120201647966,-1.225755851726396,-1.198450279613359,-1.1995109367479873
-0.45317213212721685,-0.20549078041765112,0.1935217567470039,-1.2079318891476607,-1.225288164225633,-1.1986360546138166,-1.1997006867475295
-0.45328603607347956,-0.20551821459669367,0.19351357249697337,-1.2080260453978133,-1.2260364642268535,-1.1989147171145031,-1.200080186746614
-0.45329375876928457,-0.20551821459669367,0.1935217567470039,-1.2079318891476607,-1.225101089225328,-1.1981716171126724,-1.1994160617482161
-0.45329375876928457,-0.20558852834638836,0.1935176646219886,-1.2079318891476607,-1.2255687767260905,-1.1986360546138166,-1.1997006867475295
-0.4533391266987085,-0.20558852834638836,0.19352584887201912,-1.208120201647966,-1.2253817017257855,-1.198450279613359,-1.1996058117477584
-0.4533391266987085,-0.205553371471541,0.1935217567470039,-1.2079318891476607,-1.2255687767260905,-1.1985431671135878,-1.1997006867475295
-0.45349839857439517,-0.20565884209608326,0.1935299409970344,-1.2083085141482712,-1.2255687767260905,-1.1985431671135878,-1.1995109367479873
-0.45339221732393725,-0.20551821459669367,0.1935176646219886,-1.2079318891476607,-1.2249140142250226,-1.1978929546119854,-1.199226311748674
-0.45329375876928457,-0.2054830577218461,0.19352584887201912,-1.2079318891476607,-1.2255687767260905,-1.19835739211313,-1.1995109367479873
-0.4535061212702002,-0.20556109416734603,0.19351357249697337,-1.2079318891476607,-1.225475239225938,-1.1985431671135878,-1.1997955617473006
-0.45330148146508953,-0.20552593729249868,0.1935094803719581,-1.207837732897508,-1.2263170767273115,-1.199286267115419,-1.200175061746385
-0.45330148146508953,-0.20552593729249868,0.1935176646219886,-1.2079318891476607,-1.2255687767260905,-1.198450279613359,-1.1998904367470717
-0.4534076627155472,-0.20563140791704093,0.19352584887201912,-1.208120201647966,-1.225755851726396,-1.1986360546138166,-1.1996058117477584
-0.4531875775188269,-0.20552593729249868,0.19351357249697337,-1.208120201647966,-1.2255687767260905,-1.1986360546138166,-1.1996058117477584
-0.45334684939451353,-0.20559625104219337,0.19352584887201912,-1.2080260453978133,-1.225755851726396,-1.1989147171145031,-1.1999853117468429
-0.4534530306449712,-0.20551821459669367,0.19352584887201912,-1.2077435766473554,-1.225288164225633,-1.198450279613359,-1.1996058117477584
-0.45329375876928457,-0.2054830577218461,0.19352584887201912,-1.207837732897508,-1.2258493892265485,-1.1991004921149608,-1.200080186746614
-0.45329375876928457,-0.20558852834638836,0.19352584887201912,-1.2079318891476607,-1.2247269392247175,-1.1977071796115277,-1.1987519367498183
-0.45329375876928457,-0.20551821459669367,0.1935176646219886,-1.2080260453978133,-1.226691226727922,-1.1996578171163343,-1.200839186744783
-0.4532329454482506,-0.2054830577218461,0.19352584887201912,-1.207837732897508,-1.2253817017257855,-1.19835739211313,-1.1995109367479873
-0.45328603607347956,-0.205553371471541,0.19351357249697337,-1.2080260453978133,-1.2255687767260905,-1.1986360546138166,-1.1994160617482161
-0.45349839857439517,-0.20558852834638836,0.19352584887201912,-1.208120201647966,-1.225007551725175,-1.1978000671117566,-1.1988468117495894
-0.4533391266987085,-0.20552593729249868,0.1935176646219886,-1.2079318891476607,-1.2253817017257855,-1.198450279613359,-1.1997006867475295
-0.45328603607347956,-0.20563140791704093,0.1935217567470039,-1.208120201647966,-1.225475239225938,-1.1985431671135878,-1.1996058117477584
-0.45339221732393725,-0.20559625104219337,0.19350538824694286,-1.208120201647966,-1.226597689227769,-1.199843592116792,-1.2010289367443252
-0.4533391266987085,-0.20556109416734603,0.1935299409970344,-1.2079318891476607,-1.2255687767260905,-1.1986360546138166,-1.1997955617473006
-0.45339221732393725,-0.20549078041765112,0.1935176646219886,-1.2080260453978133,-1.2253817017257855,-1.1982645046129012,-1.1996058117477584
-0.4533391266987085,-0.20556109416734603,0.19352584887201912,-1.2079318891476607,-1.2256623142262435,-1.198450279613359,-1.1997955617473006
-0.45334684939451353,-0.20552593729249868,0.19352584887201912,-1.208120201647966,-1.2255687767260905,-1.1985431671135878,-1.1997955617473006
-0.45351384396600514,-0.20556109416734603,0.19352584887201912,-1.2079318891476607,-1.225288164225633,-1.1982645046129012,-1.1994160617482161
-0.4533545720903185,-0.20562368522123592,0.1935176646219886,-1.208120201647966,-1.2251946267254805,-1.1978000671117566,-1.199226311748674
-0.45339994001974226,-0.20558852834638836,0.19352584887201912,-1.2080260453978133,-1.2255687767260905,-1.1988218296142743,-1.1997006867475295
-0.45339221732393725,-0.20562368522123592,0.1935217567470039,-1.2080260453978133,-1.2255687767260905,-1.1986360546138166,-1.1997006867475295
-0.4532329454482506,-0.20562368522123592,0.19351357249697337,-1.2079318891476607,-1.2255687767260905,-1.198450279613359,-1.1997955617473006
-0.45328603607347956,-0.20558852834638836,0.1935299409970344,-1.208120201647966,-1.2256623142262435,-1.1985431671135878,-1.1997006867475295
-0.45338449462813224,-0.20559625104219337,0.19352584887201912,-1.2079318891476607,-1.225475239225938,-1.1985431671135878,-1.1997955617473006
-0.45317985482302187,-0.20556109416734603,0.1935176646219886,-1.207837732897508,-1.225755851726396,-1.1988218296142743,-1.1996058117477584
-0.45339221732393725,-0.20552593729249868,0.1935217567470039,-1.2079318891476607,-1.225475239225938,-1.198450279613359,-1.1997006867475295
-0.45339994001974226,-0.20552593729249868,0.1935217567470039,-1.2079318891476607,-1.225007551725175,-1.1978929546119854,-1.1990365617491316
-0.45339994001974226,-0.20552593729249868,0.1935217567470039,-1.2079318891476607,-1.225475239225938,-1.1986360546138166,-1.1997006867475295
-0.4535061212702002,-0.20552593729249868,0.1935176646219886,-1.2079318891476607,-1.225475239225938,-1.1986360546138166,-1.199321186748445
-0.45351384396600514,-0.20551821459669367,0.1935217567470039,-1.2080260453978133,-1.226691226727922,-1.1999364796170209,-1.200934061744554
-0.45329375876928457,-0.2054830577218461,0.19351357249697337,-1.2079318891476607,-1.2256623142262435,-1.1986360546138166,-1.1997006867475295
-0.45329375876928457,-0.2054830577218461,0.19351357249697337,-1.2082143578981186,-1.2251946267254805,-1.1986360546138166,-1.1996058117477584
-0.45328603607347956,-0.20556109416734603,0.1935176646219886,-1.2082143578981186,-1.2253817017257855,-1.198450279613359,-1.1997006867475295
-0.4534375852533612,-0.20559625104219337,0.1935217567470039,-1.2079318891476607,-1.2253817017257855,-1.1985431671135878,-1.1997955617473006
-0.45339221732393725,-0.20556109416734603,0.19351357249697337,-1.2079318891476607,-1.225475239225938,-1.1985431671135878,-1.1996058117477584
-0.45339221732393725,-0.20552593729249868,0.1935176646219886,-1.2082143578981186,-1.224633401724565,-1.1978000671117566,-1.1989416867493605
-0.4535061212702002,-0.20556109416734603,0.1935217567470039,-1.208120201647966,-1.2256623142262435,-1.19835739211313,-1.1994160617482161
-0.45339994001974226,-0.20552593729249868,0.1935176646219886,-1.207837732897508,-1.225007551725175,-1.198078729612443,-1.1989416867493605
-0.4534076627155472,-0.20556109416734603,0.19352584887201912,-1.208120201647966,-1.2256623142262435,-1.198450279613359,-1.200080186746614
-0.4535061212702002,-0.205553371471541,0.1935217567470039,-1.208120201647966,-1.225288164225633,-1.1985431671135878,-1.1999853117468429
-0.45328603607347956,-0.20551821459669367,0.1935176646219886,-1.2079318891476607,-1.2244463267242596,-1.19752140461107,-1.198467311750505
-0.4532329454482506,-0.205553371471541,0.19353123729029942,-1.2077435766473554,-1.2255687767260905,-1.1987289421140455,-1.1997006867475295
-0.4533391266987085,-0.20559625104219337,0.1935189609152536,-1.2079318891476607,-1.2255687767260905,-1.1985431671135878,-1.1997006867475295
-0.45328603607347956,-0.20552593729249868,0.19351616508350336,-1.2077435766473554,-1.225755851726396,-1.199007604614732,-1.1996058117477584
-0.45327831337767455,-0.20549078041765112,0.19351616508350336,-1.2079318891476607,-1.225475239225938,-1.1989147171145031,-1.1995109367479873
-0.45339221732393725,-0.20563140791704093,0.19351616508350336,-1.208120201647966,-1.225755851726396,-1.1986360546138166,-1.1997955617473006
-0.4535061212702002,-0.20545562354280378,0.19352434933353388,-1.2082143578981186,-1.2255687767260905,-1.1989147171145031,-1.1995109367479873
-0.45339994001974226,-0.20556109416734603,0.19352025720851862,-1.2079318891476607,-1.226691226727922,-1.1999364796170209,-1.1994160617482161
-0.4535061212702002,-0.20563140791704093,0.19352434933353388,-1.2080260453978133,-1.2255687767260905,-1.1985431671135878,-1.1996058117477584
-0.4535061212702002,-0.20552593729249868,0.19352844145854914,-1.2079318891476607,-1.225475239225938,-1.19835739211313,-1.1996058117477584
-0.4534076627155472,-0.20556109416734603,0.19352025720851862,-1.2080260453978133,-1.2255687767260905,-1.1985431671135878,-1.1995109367479873
-0.4534530306449712,-0.20552593729249868,0.19352844145854914,-1.2079318891476607,-1.2251946267254805,-1.198078729612443,-1.199321186748445
-0.45329375876928457,-0.20549078041765112,0.19352844145854914,-1.2080260453978133,-1.2253817017257855,-1.19835739211313,-1.1994160617482161
-0.4534453079491662,-0.20556109416734603,0.19352025720851862,-1.2079318891476607,-1.2256623142262435,-1.198450279613359,-1.1995109367479873
-0.45327831337767455,-0.20558852834638836,0.19352434933353388,-1.2079318891476607,-1.225007551725175,-1.198078729612443,-1.1988468117495894
-0.45349067587859015,-0.205553371471541,0.19352434933353388,-1.208120201647966,-1.225755851726396,-1.1985431671135878,-1.1997955617473006
-0.45338449462813224,-0.2055104919008887,0.19351616508350336,-1.2079318891476607,-1.2255687767260905,-1.1985431671135878,-1.1997006867475295
-0.45338449462813224,-0.2055104919008887,0.19352434933353388,-1.2079318891476607,-1.2269718392283795,-1.2001222546174786,-1.2011238117440963
-0.45317985482302187,-0.205553371471541,0.19352434933353388,-1.2079318891476607,-1.2255687767260905,-1.198450279613359,-1.1994160617482161
-0.45328603607347956,-0.20551821459669367,0.19352025720851862,-1.2077435766473554,-1.2253817017257855,-1.19835739211313,-1.199321186748445
-0.45339221732393725,-0.205553371471541,0.19352434933353388,-1.208120201647966,-1.2261300017270065,-1.199286267115419,-1.200175061746385
-0.4534453079491662,-0.20558852834638836,0.19352434933353388,-1.2079318891476607,-1.225755851726396,-1.1987289421140455,-1.1997955617473006
-0.45339221732393725,-0.20563140791704093,0.19352434933353388,-1.2079318891476607,-1.2253817017257855,-1.1985431671135878,-1.1995109367479873
-0.4533391266987085,-0.20556109416734603,0.19351616508350336,-1.2077435766473554,-1.2256623142262435,-1.198450279613359,-1.1996058117477584
-0.45339221732393725,-0.20551821459669367,0.19352434933353388,-1.2079318891476607,-1.225288164225633,-1.198450279613359,-1.1996058117477584
-0.45329375876928457,-0.20551821459669367,0.19352025720851862,-1.208120201647966,-1.225475239225938,-1.1985431671135878,-1.1996058117477584
-0.45339994001974226,-0.20562368522123592,0.19352434933353388,-1.207837732897508,-1.2256623142262435,-1.1988218296142743,-1.1997955617473006
-0.4535061212702002,-0.2055104919008887,0.19352434933353388,-1.2080260453978133,-1.224539864224412,-1.1973356296106124,-1.1983724367507338
-0.4531875775188269,-0.2055104919008887,0.19352025720851862,-1.207837732897508,-1.2256623142262435,-1.198450279613359,-1.1996058117477584
-0.4533391266987085,-0.205553371471541,0.19351616508350336,-1.2080260453978133,-1.224633401724565,-1.1974285171108412,-1.198562186750276
-0.45328603607347956,-0.205553371471541,0.19352844145854914,-1.207837732897508,-1.225755851726396,-1.1988218296142743,-1.1997006867475295
-0.45339221732393725,-0.20559625104219337,0.19351616508350336,-1.2079318891476607,-1.2255687767260905,-1.1985431671135878,-1.1996058117477584
-0.45349839857439517,-0.20556109416734603,0.19352844145854914,-1.2077435766473554,-1.225475239225938,-1.1986360546138166,-1.1995109367479873
-0.4533391266987085,-0.20545562354280378,0.1935120729584881,-1.2079318891476607,-1.225475239225938,-1.1985431671135878,-1.1995109367479873
-0.45329375876928457,-0.205553371471541,0.19352434933353388,-1.2077435766473554,-1.2255687767260905,-1.198450279613359,-1.1997955617473006
-0.45339994001974226,-0.20551821459669367,0.19352025720851862,-1.208120201647966,-1.22482047672487,-1.19752140461107,-1.1988468117495894
-0.4532329454482506,-0.20551821459669367,0.19352434933353388,-1.208120201647966,-1.2253817017257855,-1.19835739211313,-1.199321186748445
-0.4533391266987085,-0.20561596252543093,0.19351616508350336,-1.2079318891476607,-1.2256623142262435,-1.1988218296142743,-1.200080186746614
-0.45327831337767455,-0.20547533502604112,0.19352025720851862,-1.208120201647966,-1.225475239225938,-1.1986360546138166,-1.1997955617473006
-0.45327831337767455,-0.20554564877573603,0.19351616508350336,-1.2079318891476607,-1.22482047672487,-1.1978929546119854,-1.1989416867493605
-0.45339994001974226,-0.20558080565058337,0.19352844145854914,-1.2080260453978133,-1.225475239225938,-1.198450279613359,-1.1995109367479873
-0.45329375876928457,-0.20547533502604112,0.19352434933353388,-1.207837732897508,-1.225755851726396,-1.1988218296142743,-1.200175061746385
-0.45339994001974226,-0.2055104919008887,0.1935325335835644,-1.208120201647966,-1.2251946267254805,-1.1982645046129012,-1.199321186748445
-0.45334684939451353,-0.20561596252543093,0.1935325335835644,-1.2079318891476607,-1.2263170767273115,-1.1995649296161055,-1.2004596867456985
-0.45351384396600514,-0.2055104919008887,0.19351616508350336,-1.2077435766473554,-1.2253817017257855,-1.1986360546138166,-1.1996058117477584
-0.45329375876928457,-0.20554564877573603,0.19352434933353388,-1.2080260453978133,-1.225755851726396,-1.198450279613359,-1.1996058117477584
-0.45339221732393725,-0.20554564877573603,0.19352844145854914,-1.2080260453978133,-1.2256623142262435,-1.198450279613359,-1.1996058117477584
-0.45339221732393725,-0.2055104919008887,0.19352434933353388,-1.2080260453978133,-1.2255687767260905,-1.198450279613359,-1.1997006867475295
-0.4533391266987085,-0.20558080565058337,0.19352025720851862,-1.2077435766473554,-1.2255687767260905,-1.1982645046129012,-1.1996058117477584
-0.4534453079491662,-0.20565111940027828,0.19352844145854914,-1.2077435766473554,-1.2255687767260905,-1.1985431671135878,-1.1996058117477584
-0.45349067587859015,-0.20554564877573603,0.19352844145854914,-1.207837732897508,-1.2253817017257855,-1.198450279613359,-1.1996058117477584
-0.45328603607347956,-0.2055104919008887,0.19352434933353388,-1.2080260453978133,-1.2255687767260905,-1.198450279613359,-1.1995109367479873
-0.45339221732393725,-0.20554564877573603,0.1935325335835644,-1.208120201647966,-1.225288164225633,-1.198450279613359,-1.199321186748445
-0.45328603607347956,-0.20547533502604112,0.19352434933353388,-1.2079318891476607,-1.225475239225938,-1.1986360546138166,-1.1996058117477584
-0.4534453079491662,-0.2055104919008887,0.19352844145854914,-1.208120201647966,-1.225755851726396,-1.1988218296142743,-1.200080186746614
-0.4534453079491662,-0.2055104919008887,0.19352434933353388,-1.208120201647966,-1.2267847642280745,-1.199843592116792,-1.2010289367443252
-0.4534453079491662,-0.20558080565058337,0.19352025720851862,-1.2079318891476607,-1.2255687767260905,-1.1986360546138166,-1.1997006867475295
-0.4534530306449712,-0.20558080565058337,0.19350798083347287,-1.2079318891476607,-1.225755851726396,-1.1989147171145031,-1.1999853117468429
-0.45339994001974226,-0.2055104919008887,0.19352844145854914,-1.2079318891476607,-1.225475239225938,-1.1986360546138166,-1.1996058117477584
-0.45334684939451353,-0.205553371471541,0.19352434933353388,-1.2079318891476607,-1.2255687767260905,-1.19835739211313,-1.1995109367479873
-0.4534530306449712,-0.20551821459669367,0.19352025720851862,-1.208120201647966,-1.224539864224412,-1.19752140461107,-1.1989416867493605
-0.45339994001974226,-0.20551821459669367,0.19351616508350336,-1.2079318891476607,-1.225475239225938,-1.1986360546138166,-1.1996058117477584
-0.4533391266987085,-0.205553371471541,0.19351616508350336,-1.2080260453978133,-1.2255687767260905,-1.198450279613359,-1.1997006867475295
-0.45328603607347956,-0.20554564877573603,0.19352434933353388,-1.207837732897508,-1.2256623142262435,-1.1985431671135878,-1.1996058117477584
-0.4533391266987085,-0.20558080565058337,0.19352434933353388,-1.2077435766473554,-1.225475239225938,-1.1986360546138166,-1.1998904367470717
-0.45339221732393725,-0.2055104919008887,0.1935325335835644,-1.208120201647966,-1.2256623142262435,-1.1985431671135878,-1.1996058117477584
-0.45339994001974226,-0.20561596252543093,0.1935325335835644,-1.2079318891476607,-1.225288164225633,-1.1978929546119854,-1.199321186748445
-0.45339994001974226,-0.20554564877573603,0.19352844145854914,-1.2077435766473554,-1.2255687767260905,-1.1986360546138166,-1.1997955617473006
-0.4532406681440556,-0.20544017815119378,0.19352025720851862,-1.2079318891476607,-1.225475239225938,-1.198450279613359,-1.1994160617482161
-0.45328603607347956,-0.2055104919008887,0.19352844145854914,-1.2077435766473554,-1.225755851726396,-1.1985431671135878,-1.1999853117468429
-0.4533314040029035,-0.20558080565058337,0.19352434933353388,-1.207837732897508,-1.2247269392247175,-1.1977071796115277,-1.1987519367498183
-0.45349067587859015,-0.20551821459669367,0.19352844145854914,-1.208120201647966,-1.22482047672487,-1.1973356296106124,-1.198467311750505
-0.45328603607347956,-0.205553371471541,0.19352844145854914,-1.207837732897508,-1.225475239225938,-1.1988218296142743,-1.1996058117477584
-0.45339221732393725,-0.20554564877573603,0.19352434933353388,-1.2079318891476607,-1.2267847642280745,-1.199843592116792,-1.2010289367443252
-0.45328603607347956,-0.20547533502604112,0.19352434933353388,-1.2079318891476607,-1.225475239225938,-1.198450279613359,-1.1996058117477584
-0.45328603607347956,-0.20554564877573603,0.19352844145854914,-1.208120201647966,-1.2255687767260905,-1.1986360546138166,-1.1996058117477584
-0.4534453079491662,-0.2055104919008887,0.1935120729584881,-1.2079318891476607,-1.2255687767260905,-1.1982645046129012,-1.1995109367479873
-0.45339221732393725,-0.2055104919008887,0.19352844145854914,-1.2079318891476607,-1.2255687767260905,-1.1985431671135878,-1.1995109367479873
-0.4535061212702002,-0.20547533502604112,0.19352025720851862,-1.2080260453978133,-1.225475239225938,-1.1985431671135878,-1.1994160617482161
-0.4534530306449712,-0.2054830577218461,0.19352844145854914,-1.2082143578981186,-1.2255687767260905,-1.198450279613359,-1.1995109367479873
-0.45339994001974226,-0.20558852834638836,0.19352844145854914,-1.207837732897508,-1.2256623142262435,-1.1985431671135878,-1.1995109367479873
-0.45329375876928457,-0.2054830577218461,0.19352025720851862,-1.207837732897508,-1.2253817017257855,-1.198450279613359,-1.1996058117477584
-0.45329375876928457,-0.20558080565058337,0.19352434933353388,-1.2080260453978133,-1.225475239225938,-1.198450279613359,-1.1996058117477584
-0.4532406681440556,-0.20533470752665153,0.19352025720851862,-1.207837732897508,-1.225475239225938,-1.1985431671135878,-1.1996058117477584
-0.45334684939451353,-0.20558080565058337,0.19352434933353388,-1.2083085141482712,-1.2255687767260905,-1.1985431671135878,-1.1999853117468429
-0.4535061212702002,-0.20554564877573603,0.19352025720851862,-1.2080260453978133,-1.2253817017257855,-1.19835739211313,-1.1995109367479873
-0.4534530306449712,-0.2055104919008887,0.19351616508350336,-1.208120201647966,-1.225755851726396,-1.1986360546138166,-1.1996058117477584
-0.45339221732393725,-0.20554564877573603,0.19352434933353388,-1.207837732897508,-1.22482047672487,-1.1977071796115277,-1.1988468117495894
-0.45339221732393725,-0.20558080565058337,0.19351616508350336,-1.2079318891476607,-1.225288164225633,-1.19835739211313,-1.1994160617482161
-0.4533391266987085,-0.20562368522123592,0.19352844145854914,-1.207837732897508,-1.2255687767260905,-1.1989147171145031,-1.1997955617473006
-0.45328603607347956,-0.2054830577218461,0.19352025720851862,-1.2079318891476607,-1.2255687767260905,-1.198450279613359,-1.1996058117477584
-0.45339994001974226,-0.20551821459669367,0.19352434933353388,-1.208120201647966,-1.2253817017257855,-1.1985431671135878,-1.1995109367479873
-0.4535061212702002,-0.20551821459669367,0.19352025720851862,-1.207837732897508,-1.2253817017257855,-1.1986360546138166,-1.1997006867475295
-0.45339994001974226,-0.205553371471541,0.19350798083347287,-1.208120201647966,-1.225755851726396,-1.1989147171145031,-1.1999853117468429
-0.4534530306449712,-0.20551821459669367,0.19353662570857966,-1.2080260453978133,-1.225475239225938,-1.198450279613359,-1.1997006867475295
-0.45328603607347956,-0.20554564877573603,0.19352025720851862,-1.2079318891476607,-1.225475239225938,-1.1985431671135878,-1.1996058117477584
-0.45339221732393725,-0.2055104919008887,0.19352025720851862,-1.2080260453978133,-1.2255687767260905,-1.1988218296142743,-1.1996058117477584
-0.45349839857439517,-0.20558080565058337,0.19352025720851862,-1.208120201647966,-1.2247269392247175,-1.1978000671117566,-1.1989416867493605
-0.45339994001974226,-0.20554564877573603,0.19352434933353388,-1.208120201647966,-1.225755851726396,-1.1988218296142743,-1.1996058117477584
-0.45329375876928457,-0.20554564877573603,0.19352025720851862,-1.208120201647966,-1.2255687767260905,-1.1986360546138166,-1.1997955617473006
-0.45339994001974226,-0.20558080565058337,0.19353662570857966,-1.2079318891476607,-1.225755851726396,-1.198078729612443,-1.1990365617491316
-0.4535061212702002,-0.20561596252543093,0.19352025720851862,-1.2079318891476607,-1.225755851726396,-1.1989147171145031,-1.1998904367470717
-0.45329375876928457,-0.20558080565058337,0.1935325335835644,-1.2080260453978133,-1.2256623142262435,-1.198450279613359,-1.1997955617473006
-0.45327831337767455,-0.2055104919008887,0.19352025720851862,-1.2080260453978133,-1.225755851726396,-1.1985431671135878,-1.1997955617473006
-0.4532252227524456,-0.2055104919008887,0.19351616508350336,-1.2080260453978133,-1.2253817017257855,-1.198450279613359,-1.1994160617482161
-0.4534453079491662,-0.20561596252543093,0.19352844145854914,-1.2077435766473554,-1.2251946267254805,-1.198450279613359,-1.1997006867475295
-0.45328603607347956,-0.20551821459669367,0.19352844145854914,-1.2079318891476607,-1.2255687767260905,-1.19835739211313,-1.1997006867475295
-0.4533391266987085,-0.20551821459669367,0.19352025720851862,-1.208120201647966,-1.2253817017257855,-1.1986360546138166,-1.1996058117477584
-0.45328603607347956,-0.2054830577218461,0.19352025720851862,-1.2079318891476607,-1.225288164225633,-1.198450279613359,-1.1995109367479873
-0.45339221732393725,-0.205553371471541,0.19352025720851862,-1.2079318891476607,-1.2255687767260905,-1.1985431671135878,-1.1997006867475295
-0.45328603607347956,-0.20551821459669367,0.19352025720851862,-1.2079318891476607,-1.225755851726396,-1.1986360546138166,-1.1995109367479873
-0.45334684939451353,-0.20562368522123592,0.19352025720851862,-1.207837732897508,-1.227065376728532,-1.1999364796170209,-1.2011238117440963
-0.4535061212702002,-0.205553371471541,0.19352434933353388,-1.2079318891476607,-1.2256623142262435,-1.1982645046129012,-1.1997006867475295
-0.4535061212702002,-0.20551821459669367,0.19352844145854914,-1.208120201647966,-1.225475239225938,-1.1986360546138166,-1.1996058117477584
-0.45339994001974226,-0.20562368522123592,0.19352025720851862,-1.2079318891476607,-1.2251946267254805,-1.1982645046129012,-1.1994160617482161
-0.45329375876928457,-0.20551821459669367,0.19352844145854914,-1.2075552641470506,-1.226878301728227,-1.2000293671172497,-1.2011238117440963
-0.45334684939451353,-0.205553371471541,0.19353662570857966,-1.2080260453978133,-1.2256623142262435,-1.1988218296142743,-1.1997006867475295
-0.45339994001974226,-0.2055104919008887,0.19352844145854914,-1.2080260453978133,-1.226878301728227,-1.2001222546174786,-1.200839186744783
-0.45339994001974226,-0.20547533502604112,0.19352434933353388,-1.2079318891476607,-1.22482047672487,-1.1977071796115277,-1.1986570617500472
-0.45329375876928457,-0.20554564877573603,0.19352434933353388,-1.2079318891476607,-1.2244463267242596,-1.1971498546101547,-1.1983724367507338
-0.45349839857439517,-0.20561596252543093,0.19352844145854914,-1.207837732897508,-1.225475239225938,-1.1986360546138166,-1.1996058117477584
-0.45349839857439517,-0.20554564877573603,0.19352844145854914,-1.2080260453978133,-1.225755851726396,-1.1982645046129012,-1.1995109367479873
-0.4533391266987085,-0.205553371471541,0.19352025720851862,-1.208120201647966,-1.225755851726396,-1.1989147171145031,-1.1997006867475295
-0.45334684939451353,-0.2054830577218461,0.19351616508350336,-1.2079318891476607,-1.2258493892265485,-1.1988218296142743,-1.1999853117468429
-0.45329375876928457,-0.2054830577218461,0.19352844145854914,-1.2079318891476607,-1.2251946267254805,-1.1982645046129012,-1.199321186748445
-0.45329375876928457,-0.20558852834638836,0.19352434933353388,-1.2079318891476607,-1.226878301728227,-1.1999364796170209,-1.2011238117440963
-0.45339994001974226,-0.205553371471541,0.1935120729584881,-1.2080260453978133,-1.2256623142262435,-1.198450279613359,-1.1997006867475295
-0.45329375876928457,-0.20541274397215142,0.19352025720851862,-1.2080260453978133,-1.2256623142262435,-1.1986360546138166,-1.1996058117477584
-0.4535061212702002,-0.2054830577218461,0.19352844145854914,-1.2080260453978133,-1.2265041517276165,-1.199286267115419,-1.2004596867456985
-0.4533391266987085,-0.20551821459669367,0.19352434933353388,-1.2077435766473554,-1.225475239225938,-1.1986360546138166,-1.1995109367479873
-0.45349839857439517,-0.20551821459669367,0.19352844145854914,-1.2079318891476607,-1.2251946267254805,-1.198078729612443,-1.199321186748445
-0.4533391266987085,-0.205553371471541,0.19351616508350336,-1.2079318891476607,-1.2255687767260905,-1.1985431671135878,-1.1996058117477584
-0.45349839857439517,-0.20558852834638836,0.19352844145854914,-1.208120201647966,-1.227065376728532,-1.2000293671172497,-1.2010289367443252
-0.4532406681440556,-0.20551821459669367,0.19352434933353388,-1.207837732897508,-1.225942926726701,-1.199007604614732,-1.1997955617473006
-0.4534530306449712,-0.20558852834638836,0.19352434933353388,-1.208120201647966,-1.225755851726396,-1.1982645046129012,-1.1996058117477584
-0.45328603607347956,-0.20551821459669367,0.19352025720851862,-1.208120201647966,-1.2269718392283795,-1.1997507046165632,-1.2010289367443252
-0.45339221732393725,-0.20565884209608326,0.19352434933353388,-1.2079318891476607,-1.224633401724565,-1.1974285171108412,-1.198562186750276
-0.45339221732393725,-0.205553371471541,0.19352025720851862,-1.2079318891476607,-1.2255687767260905,-1.198450279613359,-1.1997006867475295
-0.4533314040029035,-0.20562368522123592,0.1935325335835644,-1.2080260453978133,-1.2255687767260905,-1.1985431671135878,-1.1996058117477584
-0.45338449462813224,-0.20544790084699877,0.19352434933353388,-1.2079318891476607,-1.2255687767260905,-1.1985431671135878,-1.1996058117477584
-0.45339221732393725,-0.2054830577218461,0.19352025720851862,-1.207837732897508,-1.2255687767260905,-1.1986360546138166,-1.1996058117477584
-0.45339221732393725,-0.20551821459669367,0.19352844145854914,-1.208120201647966,-1.2255687767260905,-1.1985431671135878,-1.1995109367479873
-0.45339994001974226,-0.2054830577218461,0.19352434933353388,-1.207837732897508,-1.225755851726396,-1.1987289421140455,-1.1997006867475295
-0.45330148146508953,-0.20558852834638836,0.1935120729584881,-1.2079318891476607,-1.2255687767260905,-1.1988218296142743,-1.1996058117477584
-0.4534607533407762,-0.20562368522123592,0.19352844145854914,-1.208120201647966,-1.226878301728227,-1.1997507046165632,-1.2011238117440963
-0.45334684939451353,-0.205553371471541,0.19352434933353388,-1.2079318891476607,-1.225288164225633,-1.1988218296142743,-1.1995109367479873
-0.45329375876928457,-0.205553371471541,0.19352434933353388,-1.2076494203972028,-1.225475239225938,-1.198450279613359,-1.1995109367479873
-0.4533391266987085,-0.20558852834638836,0.19352844145854914,-1.2079318891476607,-1.225475239225938,-1.198450279613359,-1.1997006867475295
-0.45328603607347956,-0.2054830577218461,0.19351486879023838,-1.2076494203972028,-1.224539864224412,-1.1976142921112989,-1.1988468117495894
-0.4533391266987085,-0.205553371471541,0.1935189609152536,-1.2077435766473554,-1.2255687767260905,-1.198450279613359,-1.1996058117477584
-0.45349067587859015,-0.20558852834638836,0.19352714516528413,-1.2079318891476607,-1.2251946267254805,-1.198450279613359,-1.1995109367479873
-0.4533314040029035,-0.20551821459669367,0.19353532941531465,-1.2079318891476607,-1.2249140142250226,-1.198078729612443,-1.1987519367498183
-0.45339221732393725,-0.2054830577218461,0.1935189609152536,-1.2077435766473554,-1.2267847642280745,-1.199843592116792,-1.2010289367443252
-0.45349839857439517,-0.205553371471541,0.1935107766652231,-1.2080260453978133,-1.2258493892265485,-1.1988218296142743,-1.1997955617473006
-0.45339221732393725,-0.20554564877573603,0.19353532941531465,-1.207837732897508,-1.224539864224412,-1.1978000671117566,-1.1987519367498183
-0.45349839857439517,-0.20554564877573603,0.19352714516528413,-1.207837732897508,-1.2255687767260905,-1.1987289421140455,-1.1997006867475295
-0.45349839857439517,-0.20544790084699877,0.19352714516528413,-1.2077435766473554,-1.226691226727922,-1.1995649296161055,-1.2007443117450118
-0.45339994001974226,-0.20558852834638836,0.1935230530402689,-1.2079318891476607,-1.224633401724565,-1.1977071796115277,-1.1990365617491316
-0.45339994001974226,-0.20551821459669367,0.1935189609152536,-1.207837732897508,-1.2255687767260905,-1.198450279613359,-1.1996058117477584
-0.45339994001974226,-0.205553371471541,0.1935230530402689,-1.208120201647966,-1.2251946267254805,-1.198450279613359,-1.1994160617482161
-0.4535061212702002,-0.205553371471541,0.19353123729029942,-1.207837732897508,-1.226597689227769,-1.1994720421158767,-1.2010289367443252
-0.45329375876928457,-0.20547533502604112,0.19351486879023838,-1.2079318891476607,-1.2253817017257855,-1.1986360546138166,-1.1997006867475295
-0.4535061212702002,-0.20553792607993104,0.19352714516528413,-1.2077435766473554,-1.225475239225938,-1.1986360546138166,-1.1997955617473006
-0.45349839857439517,-0.2055027692050837,0.19352714516528413,-1.2077435766473554,-1.225475239225938,-1.198450279613359,-1.1995109367479873
-0.45328603607347956,-0.20557308295477839,0.19351486879023838,-1.2079318891476607,-1.2255687767260905,-1.198450279613359,-1.1994160617482161
-0.45328603607347956,-0.20547533502604112,0.19352714516528413,-1.2079318891476607,-1.225475239225938,-1.1985431671135878,-1.1997006867475295
-0.4534453079491662,-0.2055104919008887,0.19351486879023838,-1.2080260453978133,-1.225288164225633,-1.19835739211313,-1.199321186748445
-0.45329375876928457,-0.20547533502604112,0.1935107766652231,-1.207837732897508,-1.2255687767260905,-1.1987289421140455,-1.1997006867475295
-0.45339994001974226,-0.205553371471541,0.1935230530402689,-1.2079318891476607,-1.226691226727922,-1.1996578171163343,-1.2010289367443252
-0.45334684939451353,-0.20541274397215142,0.1935189609152536,-1.2077435766473554,-1.22482047672487,-1.1976142921112989,-1.1986570617500472
-0.45329375876928457,-0.20537758709730386,0.1935189609152536,-1.2079318891476607,-1.225942926726701,-1.1986360546138166,-1.1997006867475295
-0.45334684939451353,-0.20554564877573603,0.19352714516528413,-1.207837732897508,-1.2242592517239546,-1.1972427421103835,-1.1986570617500472
-0.45339994001974226,-0.20546761233023614,0.19352714516528413,-1.208120201647966,-1.2255687767260905,-1.1985431671135878,-1.1996058117477584
-0.45334684939451353,-0.20553792607993104,0.19352714516528413,-1.2079318891476607,-1.2255687767260905,-1.1986360546138166,-1.1999853117468429
-0.45349839857439517,-0.20553792607993104,0.19352714516528413,-1.2079318891476607,-1.225288164225633,-1.198450279613359,-1.1994160617482161
-0.4534453079491662,-0.20553792607993104,0.1935230530402689,-1.2079318891476607,-1.2251946267254805,-1.19835739211313,-1.199226311748674
-0.45339221732393725,-0.20553792607993104,0.19353532941531465,-1.208120201647966,-1.2255687767260905,-1.198450279613359,-1.1995109367479873
-0.24126918239214723,-0.1001480921441799,0.2164365003096854,-0.6065213862100982,-0.6244768737857818,-0.5919392092965614,-0.6044867179154885
-0.24126145969634222,-0.10010521257352734,0.21642831605965487,-0.6065213862100982,-0.6247574862862393,-0.5918463217963326,-0.6047713429148018
-0.24126145969634222,-0.10006233300287498,0.21643240818467013,-0.6067096987104035,-0.6246639487860868,-0.5922178717972479,-0.6042969679159462
-0.24126145969634222,-0.10016780362741723,0.21642422393463961,-0.6065213862100982,-0.6244768737857818,-0.5920320967967903,-0.6046764679150307
-0.24126918239214723,-0.10019523780645959,0.21643240818467013,-0.6067096987104035,-0.6249445612865443,-0.5925894217981633,-0.604866217914573
-0.24116300114168954,-0.10008976718191734,0.21642831605965487,-0.6065213862100982,-0.6242897987854763,-0.5915676592956456,-0.604107217916404
-0.24127690508795224,-0.10016780362741723,0.2164365003096854,-0.6065213862100982,-0.6244768737857818,-0.5923107592974768,-0.6043918429157173
-0.24127690508795224,-0.10017552632322224,0.21643240818467013,-0.6064272299599456,-0.6246639487860868,-0.5921249842970191,-0.6044867179154885
-0.2413299957131812,-0.10021840589387458,0.21642422393463961,-0.6068980112107083,-0.6246639487860868,-0.5922178717972479,-0.6045815929152596
-0.24127690508795224,-0.10012065796513733,0.21642422393463961,-0.6067096987104035,-0.6249445612865443,-0.5924965342979345,-0.6049610929143441
-0.2411176332122656,-0.10019097171483224,0.21641194755959384,-0.6065213862100982,-0.6241962612853238,-0.5914747717954167,-0.604107217916404
-0.24116300114168954,-0.1001480921441799,0.21642422393463961,-0.6067096987104035,-0.6248510237863918,-0.5918463217963326,-0.6042969679159462
-0.24117072383749455,-0.1001403694483749,0.21642422393463961,-0.6065213862100982,-0.6244768737857818,-0.5918463217963326,-0.6044867179154885
-0.24127690508795224,-0.10013264675256989,0.21642422393463961,-0.6065213862100982,-0.6244768737857818,-0.5922178717972479,-0.6046764679150307
-0.2413299957131812,-0.10009748987772232,0.21644059243470065,-0.6067096987104035,-0.6246639487860868,-0.5919392092965614,-0.6043918429157173
-0.24139080903421492,-0.10008976718191734,0.21642013180962436,-0.6066155424602508,-0.6248510237863918,-0.5918463217963326,-0.6043918429157173
-0.24127690508795224,-0.1001249240567649,0.21643240818467013,-0.6065213862100982,-0.6248510237863918,-0.5929609717990791,-0.6050559679141152
-0.24122381446272328,-0.10013264675256989,0.21642013180962436,-0.6064272299599456,-0.6245704112859343,-0.5920320967967903,-0.6044867179154885
-0.24137536364260492,-0.10021068319806958,0.21643240818467013,-0.6066155424602508,-0.6245704112859343,-0.5921249842970191,-0.6044867179154885
-0.2410490971954266,-0.10017552632322224,0.21642013180962436,-0.6068980112107083,-0.6253187112871548,-0.592775196798621,-0.6053405929134286
-0.24114755575007954,-0.10017552632322224,0.21642422393463961,-0.6064272299599456,-0.6246639487860868,-0.5921249842970191,-0.6044867179154885
-0.24126145969634222,-0.10018324901902724,0.2164365003096854,-0.6067096987104035,-0.6243833362856288,-0.5917534342961033,-0.6042969679159462
-0.24120836907111326,-0.10021840589387458,0.21644059243470065,-0.6067096987104035,-0.6246639487860868,-0.5923107592974768,-0.6046764679150307
-0.24126145969634222,-0.10021068319806958,0.2164365003096854,-0.6067096987104035,-0.6246639487860868,-0.5919392092965614,-0.6046764679150307
-0.24126918239214723,-0.10021068319806958,0.21642831605965487,-0.6065213862100982,-0.6241962612853238,-0.5918463217963326,-0.6042969679159462
-0.24110991051646058,-0.1001403694483749,0.21642013180962436,-0.6062389174596403,-0.6252251737870023,-0.5924965342979345,-0.604866217914573
-0.24121609176691827,-0.10010521257352734,0.21643240818467013,-0.6067096987104035,-0.6246639487860868,-0.5921249842970191,-0.6043918429157173
-0.2413222730173762,-0.10021068319806958,0.21642422393463961,-0.6067096987104035,-0.6244768737857818,-0.5921249842970191,-0.6044867179154885
-0.24126918239214723,-0.10013264675256989,0.2164365003096854,-0.6067096987104035,-0.6245704112859343,-0.5919392092965614,-0.6047713429148018
-0.24126918239214723,-0.10016780362741723,0.21642831605965487,-0.6068038549605561,-0.6245704112859343,-0.5921249842970191,-0.6045815929152596
-0.2411176332122656,-0.10009748987772232,0.21642422393463961,-0.6064272299599456,-0.6244768737857818,-0.5917534342961033,-0.6042969679159462
-0.24133771840898618,-0.10021068319806958,0.21643240818467013,-0.6067096987104035,-0.6257863987879178,-0.5933325217999945,-0.606004717911826
-0.24133771840898618,-0.10021068319806958,0.21643240818467013,-0.6065213862100982,-0.6247574862862393,-0.5921249842970191,-0.6045815929152596
-0.24127690508795224,-0.1001403694483749,0.21643240818467013,-0.6067096987104035,-0.6246639487860868,-0.5920320967967903,-0.6044867179154885
-0.24120836907111326,-0.10013264675256989,0.21643240818467013,-0.6067096987104035,-0.6248510237863918,-0.5920320967967903,-0.6046764679150307
-0.24126145969634222,-0.10006233300287498,0.2164365003096854,-0.6068038549605561,-0.6245704112859343,-0.5921249842970191,-0.6042969679159462
-0.2410490971954266,-0.10009748987772232,0.21642422393463961,-0.6065213862100982,-0.6244768737857818,-0.5921249842970191,-0.6044867179154885
-0.24114755575007954,-0.10006233300287498,0.21642422393463961,-0.6064272299599456,-0.6239156487848658,-0.5913818842951879,-0.6037277179173195
-0.24126145969634222,-0.1001403694483749,0.21642831605965487,-0.6067096987104035,-0.6246639487860868,-0.5921249842970191,-0.6045815929152596
-0.2413222730173762,-0.10017552632322224,0.21642422393463961,-0.6065213862100982,-0.6246639487860868,-0.5919392092965614,-0.6043918429157173
-0.24127690508795224,-0.1001403694483749,0.21643240818467013,-0.6064272299599456,-0.6243833362856288,-0.5920320967967903,-0.6046764679150307
-0.24128462778375723,-0.1001403694483749,0.21642831605965487,-0.6067096987104035,-0.6246639487860868,-0.5921249842970191,-0.6046764679150307
-0.24134544110479117,-0.10017552632322224,0.21643240818467013,-0.6067096987104035,-0.6247574862862393,-0.5921249842970191,-0.6045815929152596
-0.24133771840898618,-0.10021068319806958,0.21643240818467013,-0.6068038549605561,-0.6257863987879178,-0.5934254093002234,-0.605720092912513
-0.24127690508795224,-0.10013264675256989,0.21642422393463961,-0.6068038549605561,-0.6238221112847133,-0.5911961092947302,-0.6037277179173195
-0.24126918239214723,-0.10013264675256989,0.21642831605965487,-0.6066155424602508,-0.6245704112859343,-0.5921249842970191,-0.6042020929161751
-0.24105681989123162,-0.10016780362741723,0.21642142810288936,-0.6067096987104035,-0.6246639487860868,-0.5919392092965614,-0.6043918429157173
-0.24126918239214723,-0.10006233300287498,0.21643500077120015,-0.6066155424602508,-0.6244768737857818,-0.5920320967967903,-0.6043918429157173
-0.24126145969634222,-0.10007005569868,0.21644318502123067,-0.6067096987104035,-0.6244768737857818,-0.5918463217963326,-0.6042969679159462
-0.24126145969634222,-0.1001403694483749,0.21643500077120015,-0.6068980112107083,-0.6245704112859343,-0.5921249842970191,-0.6045815929152596
-0.24126918239214723,-0.1001403694483749,0.21642681652116963,-0.6065213862100982,-0.6246639487860868,-0.5918463217963326,-0.6042020929161751
-0.24126918239214723,-0.09999974194898509,0.21643909289621538,-0.6065213862100982,-0.6251316362868498,-0.5926823092983922,-0.6050559679141152
-0.24126918239214723,-0.10007005569868,0.21643500077120015,-0.6067096987104035,-0.6250380987866972,-0.5923107592974768,-0.6046764679150307
-0.24127690508795224,-0.10017552632322224,0.21643090864618486,-0.6064272299599456,-0.6246639487860868,-0.5920320967967903,-0.6044867179154885
-0.2413299957131812,-0.10020296050226457,0.21643090864618486,-0.6067096987104035,-0.6255993237876127,-0.5932396342997657,-0.6055303429129708
-0.2413222730173762,-0.10013264675256989,0.21642681652116963,-0.6067096987104035,-0.6247574862862393,-0.5918463217963326,-0.6044867179154885
-0.2413222730173762,-0.10016780362741723,0.21642681652116963,-0.6065213862100982,-0.6252251737870023,-0.5924965342979345,-0.6050559679141152
-0.24126145969634222,-0.10009748987772232,0.21643500077120015,-0.6065213862100982,-0.6242897987854763,-0.5921249842970191,-0.6044867179154885
-0.2413222730173762,-0.1001403694483749,0.21643909289621538,-0.6065213862100982,-0.6243833362856288,-0.5919392092965614,-0.6042969679159462
-0.24126918239214723,-0.1001403694483749,0.21643090864618486,-0.6067096987104035,-0.6244768737857818,-0.5920320967967903,-0.6043918429157173
-0.24126918239214723,-0.10009748987772232,0.21643500077120015,-0.6067096987104035,-0.6248510237863918,-0.5918463217963326,-0.6043918429157173
-0.24139080903421492,-0.10013264675256989,0.21643090864618486,-0.6065213862100982,-0.6255993237876127,-0.5928680842988499,-0.6054354679131997
-0.24128462778375723,-0.1001249240567649,0.21642681652116963,-0.6067096987104035,-0.6247574862862393,-0.5919392092965614,-0.6046764679150307
-0.24138308633840994,-0.1001249240567649,0.21643500077120015,-0.6065213862100982,-0.6248510237863918,-0.5922178717972479,-0.6045815929152596
-0.24117072383749455,-0.10016780362741723,0.21643909289621538,-0.6068038549605561,-0.6240091862850188,-0.5914747717954167,-0.6037277179173195
-0.24105681989123162,-0.10013264675256989,0.21643500077120015,-0.6067096987104035,-0.6258799362880703,-0.593611184300681,-0.6056252179127419
-0.24126918239214723,-0.10016780362741723,0.21643909289621538,-0.6064272299599456,-0.6246639487860868,-0.5916605467958744,-0.6042969679159462
-0.24126918239214723,-0.10013264675256989,0.21643500077120015,-0.6068038549605561,-0.6245704112859343,-0.5922178717972479,-0.6046764679150307
-0.24131455032157118,-0.10028099694776449,0.21643500077120015,-0.6067096987104035,-0.6270959237900542,-0.5946329468031988,-0.6068585929097661
-0.24115527844588452,-0.10013264675256989,0.2164186322711391,-0.6067096987104035,-0.6237285737845608,-0.5911961092947302,-0.6034430929180061
-0.24126918239214723,-0.10009748987772232,0.2164186322711391,-0.6067096987104035,-0.6245704112859343,-0.5920320967967903,-0.6042969679159462
-0.2413222730173762,-0.10020296050226457,0.21642272439615434,-0.6067096987104035,-0.6246639487860868,-0.5921249842970191,-0.6045815929152596
-0.24126918239214723,-0.10009748987772232,0.21642681652116963,-0.6064272299599456,-0.6248510237863918,-0.5924965342979345,-0.6046764679150307
-0.2413299957131812,-0.10016008093161224,0.21643909289621538,-0.6067096987104035,-0.6261605487885282,-0.5937040718009099,-0.606004717911826
-0.24127690508795224,-0.10013264675256989,0.21643500077120015,-0.6064272299599456,-0.6248510237863918,-0.5920320967967903,-0.6046764679150307
-0.24127690508795224,-0.10006233300287498,0.21643500077120015,-0.6066155424602508,-0.6247574862862393,-0.5919392092965614,-0.6045815929152596
-0.24127690508795224,-0.10021068319806958,0.2164377966029504,-0.6067096987104035,-0.6247574862862393,-0.5922178717972479,-0.6046764679150307
-0.24127690508795224,-0.1001403694483749,0.21642961235291988,-0.6064272299599456,-0.6246639487860868,-0.5920320967967903,-0.6045815929152596
-0.24127690508795224,-0.10013264675256989,0.21642681652116963,-0.6065213862100982,-0.6238221112847133,-0.591288996794959,-0.6038225929170906
-0.24127690508795224,-0.10002717612802764,0.21642681652116963,-0.6064272299599456,-0.6245704112859343,-0.5921249842970191,-0.6047713429148018
-0.24127690508795224,-0.10020296050226457,0.21642681652116963,-0.6067096987104035,-0.6244768737857818,-0.5920320967967903,-0.6042020929161751
-0.24117072383749455,-0.10005461030707,0.21642681652116963,-0.6064272299599456,-0.6241962612853238,-0.5918463217963326,-0.6044867179154885
-0.24121609176691827,-0.1001249240567649,0.21642681652116963,-0.6065213862100982,-0.6248510237863918,-0.5921249842970191,-0.6042020929161751
-0.24131455032157118,-0.10020296050226457,0.21643370447793514,-0.6067096987104035,-0.6241027237851713,-0.5913818842951879,-0.6038225929170906
-0.24115527844588452,-0.10021068319806958,0.21642961235291988,-0.6067096987104035,-0.6241962612853238,-0.5918463217963326,-0.6042020929161751
-0.24126145969634222,-0.1001403694483749,0.2164377966029504,-0.6067096987104035,-0.6250380987866972,-0.5924965342979345,-0.6045815929152596
-0.24126918239214723,-0.10007005569868,0.21642552022790462,-0.6064272299599456,-0.6249445612865443,-0.5924965342979345,-0.6047713429148018
-0.24126918239214723,-0.10021068319806958,0.21642552022790462,-0.6065213862100982,-0.6235414987842558,-0.5913818842951879,-0.6034430929180061
-0.2413222730173762,-0.10023039468130693,0.21643370447793514,-0.6068038549605561,-0.6245704112859343,-0.5920320967967903,-0.6044867179154885
-0.24137536364260492,-0.10019523780645959,0.21643370447793514,-0.6067096987104035,-0.6244768737857818,-0.5919392092965614,-0.6044867179154885
-0.24127690508795224,-0.10016008093161224,0.21642552022790462,-0.6067096987104035,-0.6245704112859343,-0.5921249842970191,-0.6044867179154885
-0.2413299957131812,-0.10016008093161224,0.21642961235291988,-0.6067096987104035,-0.6246639487860868,-0.5921249842970191,-0.6044867179154885
-0.24127690508795224,-0.1001249240567649,0.21643370447793514,-0.6067096987104035,-0.6246639487860868,-0.5921249842970191,-0.6044867179154885
-0.24127690508795224,-0.1001249240567649,0.21642552022790462,-0.6065213862100982,-0.6237285737845608,-0.5913818842951879,-0.6035379679177773
-0.24127690508795224,-0.1001249240567649,0.21642552022790462,-0.6064272299599456,-0.6247574862862393,-0.5919392092965614,-0.6044867179154885
-0.24138308633840994,-0.10005461030707,0.21643370447793514,-0.6068038549605561,-0.6246639487860868,-0.5921249842970191,-0.6044867179154885
-0.24127690508795224,-0.10023039468130693,0.21643370447793514,-0.6068038549605561,-0.6241962612853238,-0.5916605467958744,-0.604107217916404
-0.24127690508795224,-0.1001249240567649,0.21642961235291988,-0.6067096987104035,-0.6246639487860868,-0.5918463217963326,-0.6045815929152596
-0.24127690508795224,-0.10019523780645959,0.2164377966029504,-0.6067096987104035,-0.6247574862862393,-0.5921249842970191,-0.6043918429157173
-0.24106454258703663,-0.10016008093161224,0.21643370447793514,-0.6067096987104035,-0.6247574862862393,-0.5919392092965614,-0.6045815929152596
-0.2413299957131812,-0.1001249240567649,0.21643370447793514,-0.6066155424602508,-0.6245704112859343,-0.5921249842970191,-0.6044867179154885
-0.24122381446272328,-0.10019523780645959,0.2164377966029504,-0.6064272299599456,-0.6245704112859343,-0.5921249842970191,-0.6046764679150307
-0.24127690508795224,-0.1001249240567649,0.21642552022790462,-0.6067096987104035,-0.6246639487860868,-0.5921249842970191,-0.6044867179154885
-0.24127690508795224,-0.10016008093161224,0.2164377966029504,-0.6068980112107083,-0.6243833362856288,-0.5919392092965614,-0.6045815929152596
-0.24138308633840994,-0.1001249240567649,0.21643370447793514,-0.6067096987104035,-0.6234479612841033,-0.5910103342942725,-0.6032533429184639
-0.24127690508795224,-0.10016008093161224,0.21642961235291988,-0.606333073709793,-0.6246639487860868,-0.5919392092965614,-0.6042969679159462
-0.2411176332122656,-0.10019523780645959,0.21642552022790462,-0.6068980112107083,-0.6241962612853238,-0.591288996794959,-0.6038225929170906
-0.24127690508795224,-0.10013264675256989,0.21642961235291988,-0.6068038549605561,-0.6240091862850188,-0.5911961092947302,-0.6037277179173195
-0.24126918239214723,-0.10016008093161224,0.2164377966029504,-0.6064272299599456,-0.6248510237863918,-0.5922178717972479,-0.6047713429148018
-0.2413222730173762,-0.10008976718191734,0.2164173359778741,-0.6064272299599456,-0.6249445612865443,-0.5922178717972479,-0.604866217914573
-0.24126145969634222,-0.10005461030707,0.21642961235291988,-0.6064272299599456,-0.6242897987854763,-0.5915676592956456,-0.604107217916404
-0.24126145969634222,-0.10008976718191734,0.21642142810288936,-0.6067096987104035,-0.6243833362856288,-0.5920320967967903,-0.6043918429157173
-0.24126145969634222,-0.10016008093161224,0.21642552022790462,-0.6065213862100982,-0.6237285737845608,-0.5911032217945014,-0.603348217918235
-0.24137536364260492,-0.10019523780645959,0.21643370447793514,-0.6064272299599456,-0.6248510237863918,-0.5923107592974768,-0.604866217914573
-0.2413222730173762,-0.10016008093161224,0.21642552022790462,-0.6068980112107083,-0.6244768737857818,-0.5918463217963326,-0.604107217916404
-0.24126918239214723,-0.10016008093161224,0.2164377966029504,-0.606333073709793,-0.6247574862862393,-0.5920320967967903,-0.6044867179154885
-0.24126918239214723,-0.1001249240567649,0.21642961235291988,-0.6066155424602508,-0.6248510237863918,-0.5924036467977056,-0.6045815929152596
-0.2413299957131812,-0.10016008093161224,0.21642961235291988,-0.6067096987104035,-0.6242897987854763,-0.5916605467958744,-0.604107217916404
-0.24127690508795224,-0.1001249240567649,0.21642552022790462,-0.6067096987104035,-0.6240091862850188,-0.591288996794959,-0.6038225929170906
-0.24121609176691827,-0.10005461030707,0.21642142810288936,-0.6065213862100982,-0.6248510237863918,-0.5922178717972479,-0.6047713429148018
-0.24116300114168954,-0.10008976718191734,0.21643370447793514,-0.6064272299599456,-0.6246639487860868,-0.5922178717972479,-0.6047713429148018
-0.24126918239214723,-0.10005461030707,0.21642961235291988,-0.6067096987104035,-0.6245704112859343,-0.5919392092965614,-0.6045815929152596
-0.24120836907111326,-0.10019523780645959,0.21642552022790462,-0.6065213862100982,-0.6246639487860868,-0.5919392092965614,-0.6044867179154885
-0.24131455032157118,-0.10019523780645959,0.21642142810288936,-0.6068038549605561,-0.6246639487860868,-0.5919392092965614,-0.6046764679150307
-0.24126918239214723,-0.1001249240567649,0.21642142810288936,-0.6068038549605561,-0.6247574862862393,-0.5920320967967903,-0.6046764679150307
-0.24126918239214723,-0.10023039468130693,0.21642552022790462,-0.6067096987104035,-0.6238221112847133,-0.5915676592956456,-0.6039174679168617
-0.24116300114168954,-0.1001249240567649,0.21642961235291988,-0.6068980112107083,-0.6246639487860868,-0.5924965342979345,-0.6044867179154885
-0.24127690508795224,-0.10016008093161224,0.21642552022790462,-0.6064272299599456,-0.6248510237863918,-0.5921249842970191,-0.6043918429157173
-0.24127690508795224,-0.1001249240567649,0.2164377966029504,-0.6065213862100982,-0.6246639487860868,-0.5923107592974768,-0.6045815929152596
-0.2411176332122656,-0.10016008093161224,0.21642142810288936,-0.6065213862100982,-0.6244768737857818,-0.5921249842970191,-0.6046764679150307
-0.24127690508795224,-0.10016008093161224,0.21642552022790462,-0.6067096987104035,-0.6247574862862393,-0.5920320967967903,-0.6046764679150307
-0.2413299957131812,-0.10019523780645959,0.21642142810288936,-0.606333073709793,-0.6247574862862393,-0.5918463217963326,-0.6044867179154885
-0.24127690508795224,-0.10013264675256989,0.21643370447793514,-0.6066155424602508,-0.6257863987879178,-0.5934254093002234,-0.6055303429129708
-0.2413299957131812,-0.10016780362741723,0.21642961235291988,-0.6067096987104035,-0.6241962612853238,-0.5915676592956456,-0.6039174679168617
-0.2411176332122656,-0.10009748987772232,0.21642961235291988,-0.6065213862100982,-0.6245704112859343,-0.5920320967967903,-0.6045815929152596
-0.24127690508795224,-0.10001945343222265,0.21642552022790462,-0.6062389174596403,-0.6247574862862393,-0.5920320967967903,-0.6043918429157173
-0.24127690508795224,-0.10019523780645959,0.2164377966029504,-0.606333073709793,-0.6247574862862393,-0.5919392092965614,-0.6042969679159462
-0.24127690508795224,-0.10019523780645959,0.21642961235291988,-0.6064272299599456,-0.6246639487860868,-0.5921249842970191,-0.6044867179154885
-0.24127690508795224,-0.1001249240567649,0.21642142810288936,-0.6066155424602508,-0.6246639487860868,-0.5920320967967903,-0.6042020929161751
-0.24127690508795224,-0.10005461030707,0.21643370447793514,-0.6065213862100982,-0.6244768737857818,-0.5921249842970191,-0.6045815929152596
-0.2413222730173762,-0.1001249240567649,0.21642961235291988,-0.6066155424602508,-0.6245704112859343,-0.5920320967967903,-0.6044867179154885
-0.24126145969634222,-0.10013264675256989,0.21642552022790462,-0.6067096987104035,-0.6230738112834928,-0.5906387842933567,-0.6031584679186928
-0.24126145969634222,-0.10016780362741723,0.2164377966029504,-0.6068038549605561,-0.6243833362856288,-0.5921249842970191,-0.6044867179154885
-0.24126145969634222,-0.10009748987772232,0.21642552022790462,-0.6068038549605561,-0.6250380987866972,-0.5922178717972479,-0.6046764679150307
-0.24115527844588452,-0.10013264675256989,0.21642961235291988,-0.6067096987104035,-0.6246639487860868,-0.5919392092965614,-0.6045815929152596
-0.24126145969634222,-0.10009748987772232,0.2164377966029504,-0.6068980112107083,-0.6244768737857818,-0.5920320967967903,-0.6042969679159462
-0.24126145969634222,-0.10001945343222265,0.21642961235291988,-0.6067096987104035,-0.6245704112859343,-0.5920320967967903,-0.6045815929152596
-0.24121609176691827,-0.1001249240567649,0.21642552022790462,-0.606333073709793,-0.6246639487860868,-0.5919392092965614,-0.6043918429157173
-0.24116300114168954,-0.10005461030707,0.21642552022790462,-0.6068038549605561,-0.6244768737857818,-0.5919392092965614,-0.6044867179154885
-0.24138308633840994,-0.1001249240567649,0.21644188872796566,-0.6068038549605561,-0.6246639487860868,-0.5918463217963326,-0.6044867179154885
-0.24127690508795224,-0.10005461030707,0.21642961235291988,-0.6067096987104035,-0.6244768737857818,-0.5920320967967903,-0.6046764679150307
-0.24117072383749455,-0.10013264675256989,0.21643370447793514,-0.606333073709793,-0.6246639487860868,-0.5918463217963326,-0.6044867179154885
-0.24127690508795224,-0.10009748987772232,0.21643370447793514,-0.606333073709793,-0.6246639487860868,-0.5921249842970191,-0.6045815929152596
-0.24117072383749455,-0.10013264675256989,0.21642961235291988,-0.6064272299599456,-0.6241962612853238,-0.5917534342961033,-0.6040123429166329
-0.24127690508795224,-0.10006233300287498,0.21643370447793514,-0.6067096987104035,-0.6244768737857818,-0.5918463217963326,-0.6044867179154885
-0.24126918239214723,-0.10013264675256989,0.21643370447793514,-0.6064272299599456,-0.6244768737857818,-0.5920320967967903,-0.6042969679159462
-0.24116300114168954,-0.10008976718191734,0.21642142810288936,-0.6067096987104035,-0.6242897987854763,-0.5914747717954167,-0.6039174679168617
-0.24116300114168954,-0.10005461030707,0.21642142810288936,-0.6067096987104035,-0.6244768737857818,-0.5922178717972479,-0.6045815929152596
-0.24126145969634222,-0.10019523780645959,0.21642961235291988,-0.6065213862100982,-0.6246639487860868,-0.5921249842970191,-0.6045815929152596
-0.24126145969634222,-0.10016008093161224,0.21644188872796566,-0.6067096987104035,-0.6246639487860868,-0.5919392092965614,-0.6043918429157173
-0.24126145969634222,-0.10026555155615449,0.21642552022790462,-0.6065213862100982,-0.6246639487860868,-0.5920320967967903,-0.6044867179154885
-0.24137536364260492,-0.10013264675256989,0.21642552022790462,-0.6064272299599456,-0.6246639487860868,-0.5921249842970191,-0.6044867179154885
-0.24126918239214723,-0.10013264675256989,0.21642961235291988,-0.6066155424602508,-0.6243833362856288,-0.5920320967967903,-0.6044867179154885
-0.24142845426783388,-0.10020296050226457,0.21643370447793514,-0.6065213862100982,-0.6244768737857818,-0.5917534342961033,-0.6042969679159462
-0.24127690508795224,-0.10013264675256989,0.21642961235291988,-0.6067096987104035,-0.6249445612865443,-0.5921249842970191,-0.6045815929152596
-0.24127690508795224,-0.10009748987772232,0.21642552022790462,-0.6065213862100982,-0.6246639487860868,-0.5919392092965614,-0.6045815929152596
-0.24127690508795224,-0.10020296050226457,0.21642961235291988,-0.6068038549605561,-0.6244768737857818,-0.5920320967967903,-0.6044867179154885
-0.24127690508795224,-0.10009748987772232,0.21643370447793514,-0.6065213862100982,-0.6254122487873073,-0.5932396342997657,-0.6052457179136574
-0.24106454258703663,-0.10009748987772232,0.21642961235291988,-0.6065213862100982,-0.6259734737882228,-0.5933325217999945,-0.606004717911826
-0.24127690508795224,-0.10013264675256989,0.21642552022790462,-0.6065213862100982,-0.6244768737857818,-0.5920320967967903,-0.6046764679150307
-0.24127690508795224,-0.10013264675256989,0.21643370447793514,-0.6067096987104035,-0.6252251737870023,-0.5926823092983922,-0.6047713429148018
-0.24127690508795224,-0.10013264675256989,0.21642961235291988,-0.6065213862100982,-0.6243833362856288,-0.5919392092965614,-0.6044867179154885
-0.24127690508795224,-0.10013264675256989,0.21643370447793514,-0.6064272299599456,-0.6244768737857818,-0.5917534342961033,-0.6045815929152596
-0.2413299957131812,-0.10016780362741723,0.21643370447793514,-0.6065213862100982,-0.6246639487860868,-0.5920320967967903,-0.6043918429157173
-0.24110991051646058,-0.10013264675256989,0.21643370447793514,-0.6067096987104035,-0.6247574862862393,-0.5919392092965614,-0.604107217916404
-0.24115527844588452,-0.10009748987772232,0.2164377966029504,-0.6066155424602508,-0.6247574862862393,-0.5919392092965614,-0.6044867179154885
-0.24115527844588452,-0.10009748987772232,0.21643370447793514,-0.6064272299599456,-0.6247574862862393,-0.5921249842970191,-0.6044867179154885
-0.24126145969634222,-0.10006233300287498,0.21643370447793514,-0.6065213862100982,-0.6242897987854763,-0.5915676592956456,-0.6037277179173195
-0.24126918239214723,-0.10020296050226457,0.21642552022790462,-0.6068038549605561,-0.6244768737857818,-0.5921249842970191,-0.6045815929152596
-0.24121609176691827,-0.10013264675256989,0.21643629706446516,-0.6068038549605561,-0.6246639487860868,-0.5922178717972479,-0.6045815929152596
-0.24126918239214723,-0.10023811737711191,0.21643220493944987,-0.6069921674608609,-0.6235414987842558,-0.5909174467940437,-0.6031584679186928
-0.24126918239214723,-0.10013264675256989,0.21643220493944987,-0.6065213862100982,-0.6246639487860868,-0.5918463217963326,-0.6045815929152596
-0.24126918239214723,-0.10023811737711191,0.21643629706446516,-0.6068980112107083,-0.6246639487860868,-0.5919392092965614,-0.6043918429157173
-0.24127690508795224,-0.10013264675256989,0.21642811281443464,-0.6064272299599456,-0.6245704112859343,-0.5919392092965614,-0.6044867179154885
-0.24127690508795224,-0.10006233300287498,0.21643220493944987,-0.6064272299599456,-0.6246639487860868,-0.5919392092965614,-0.6042969679159462
-0.24126918239214723,-0.1001249240567649,0.21643220493944987,-0.6067096987104035,-0.6244768737857818,-0.5921249842970191,-0.6044867179154885
-0.24126918239214723,-0.10008976718191734,0.2164403891894804,-0.6065213862100982,-0.6248510237863918,-0.5922178717972479,-0.6046764679150307
-0.24126918239214723,-0.10016780362741723,0.2164403891894804,-0.6065213862100982,-0.6255993237876127,-0.5928680842988499,-0.6053405929134286
-0.24105681989123162,-0.10009748987772232,0.21642811281443464,-0.6067096987104035,-0.6250380987866972,-0.5919392092965614,-0.6046764679150307
-0.24110218782065557,-0.10023811737711191,0.21643220493944987,-0.6065213862100982,-0.6246639487860868,-0.5922178717972479,-0.6045815929152596
-0.24120836907111326,-0.10013264675256989,0.21643629706446516,-0.6067096987104035,-0.6243833362856288,-0.5917534342961033,-0.6042969679159462
-0.24126918239214723,-0.10016780362741723,0.21642811281443464,-0.6065213862100982,-0.6250380987866972,-0.5924965342979345,-0.6049610929143441
-0.24116300114168954,-0.10002717612802764,0.21643220493944987,-0.6067096987104035,-0.6261605487885282,-0.5938898468013676,-0.606004717911826
-0.24126918239214723,-0.10016780362741723,0.21643629706446516,-0.6064272299599456,-0.6242897987854763,-0.5916605467958744,-0.6042969679159462
-0.24126918239214723,-0.10013264675256989,0.21643220493944987,-0.6067096987104035,-0.6243833362856288,-0.5918463217963326,-0.6042969679159462
-0.24117072383749455,-0.10020296050226457,0.21642811281443464,-0.6067096987104035,-0.6245704112859343,-0.5921249842970191,-0.6044867179154885
-0.24127690508795224,-0.10020296050226457,0.21643629706446516,-0.606333073709793,-0.6246639487860868,-0.5921249842970191,-0.6045815929152596
-0.24127690508795224,-0.10020296050226457,0.21643629706446516,-0.6065213862100982,-0.6246639487860868,-0.5920320967967903,-0.6046764679150307
-0.24127690508795224,-0.10020296050226457,0.21642811281443464,-0.6068038549605561,-0.6243833362856288,-0.5916605467958744,-0.6043918429157173
-0.24106454258703663,-0.10002717612802764,0.21643629706446516,-0.6067096987104035,-0.6244768737857818,-0.5921249842970191,-0.6045815929152596
-0.24127690508795224,-0.10016780362741723,0.21642811281443464,-0.6065213862100982,-0.6248510237863918,-0.5924036467977056,-0.604866217914573
-0.24127690508795224,-0.10027327425195948,0.21643629706446516,-0.6065213862100982,-0.6246639487860868,-0.5919392092965614,-0.6042969679159462
-0.24138308633840994,-0.10016780362741723,0.21642811281443464,-0.6068038549605561,-0.6245704112859343,-0.5920320967967903,-0.6043918429157173
-0.24127690508795224,-0.10013264675256989,0.2164403891894804,-0.6065213862100982,-0.6235414987842558,-0.5911032217945014,-0.6035379679177773
-0.24127690508795224,-0.10020296050226457,0.21643629706446516,-0.6066155424602508,-0.6245704112859343,-0.5919392092965614,-0.6047713429148018
-0.24126918239214723,-0.10002717612802764,0.21643220493944987,-0.6067096987104035,-0.6245704112859343,-0.5921249842970191,-0.6046764679150307
-0.24115527844588452,-0.10006233300287498,0.21642811281443464,-0.6065213862100982,-0.6247574862862393,-0.5920320967967903,-0.6045815929152596
-0.24126145969634222,-0.10013264675256989,0.21643220493944987,-0.6066155424602508,-0.6240091862850188,-0.5913818842951879,-0.6039174679168617
-0.24126145969634222,-0.10013264675256989,0.21643629706446516,-0.6067096987104035,-0.6246639487860868,-0.5921249842970191,-0.6044867179154885
-0.24126145969634222,-0.10013264675256989,0.2164403891894804,-0.6067096987104035,-0.6246639487860868,-0.5922178717972479,-0.6047713429148018
-0.24126145969634222,-0.10009748987772232,0.21643220493944987,-0.6068038549605561,-0.6244768737857818,-0.5917534342961033,-0.6042969679159462
-0.24148154489306284,-0.10016780362741723,0.2164403891894804,-0.6065213862100982,-0.6247574862862393,-0.5919392092965614,-0.6043918429157173
-0.24137536364260492,-0.10023811737711191,0.21643220493944987,-0.6067096987104035,-0.6246639487860868,-0.5919392092965614,-0.6046764679150307
-0.24126918239214723,-0.10013264675256989,0.2164403891894804,-0.6065213862100982,-0.6246639487860868,-0.5921249842970191,-0.6046764679150307
-0.2413222730173762,-0.10013264675256989,0.21644448131449567,-0.6068980112107083,-0.6239156487848658,-0.5915676592956456,-0.6037277179173195
-0.2413299957131812,-0.10016780362741723,0.21643629706446516,-0.6066155424602508,-0.6245704112859343,-0.5921249842970191,-0.6044867179154885
-0.24127690508795224,-0.10009748987772232,0.2164403891894804,-0.6066155424602508,-0.6244768737857818,-0.5919392092965614,-0.6042969679159462
-0.24127690508795224,-0.10013264675256989,0.21643629706446516,-0.6064272299599456,-0.6255993237876127,-0.593053859299308,-0.6053405929134286
-0.24138308633840994,-0.10013264675256989,0.21643629706446516,-0.6066155424602508,-0.6236350362844083,-0.5910103342942725,-0.6035379679177773
-0.24121609176691827,-0.10006233300287498,0.21642811281443464,-0.6065213862100982,-0.6247574862862393,-0.5919392092965614,-0.6045815929152596
-0.24126918239214723,-0.10013264675256989,0.21642811281443464,-0.6064272299599456,-0.6244768737857818,-0.5920320967967903,-0.6043918429157173
-0.24126918239214723,-0.10020296050226457,0.2164403891894804,-0.6070863237110136,-0.6246639487860868,-0.5919392092965614,-0.6043918429157173
-0.24116300114168954,-0.10020296050226457,0.21643220493944987,-0.6067096987104035,-0.6246639487860868,-0.5919392092965614,-0.6045815929152596
-0.24131455032157118,-0.10013264675256989,0.21643220493944987,-0.6067096987104035,-0.6244768737857818,-0.5919392092965614,-0.6044867179154885
-0.24126145969634222,-0.10002717612802764,0.21643629706446516,-0.6067096987104035,-0.6245704112859343,-0.5920320967967903,-0.6044867179154885
-0.24126145969634222,-0.10016780362741723,0.21643629706446516,-0.6068980112107083,-0.6261605487885282,-0.5935182968004522,-0.606004717911826
-0.24137536364260492,-0.10020296050226457,0.21643629706446516,-0.6065213862100982,-0.6239156487848658,-0.591288996794959,-0.6044867179154885
-0.24126918239214723,-0.10013264675256989,0.21641992856440412,-0.6066155424602508,-0.6242897987854763,-0.5916605467958744,-0.604107217916404
-0.24126918239214723,-0.10013264675256989,0.21642811281443464,-0.6064272299599456,-0.6239156487848658,-0.5914747717954167,-0.6035379679177773
-0.24116300114168954,-0.10009748987772232,0.21643220493944987,-0.6066155424602508,-0.6243833362856288,-0.5919392092965614,-0.6044867179154885
-0.24127690508795224,-0.10013264675256989,0.21643220493944987,-0.6065213862100982,-0.6244768737857818,-0.5919392092965614,-0.6045815929152596
-0.2411176332122656,-0.10006233300287498,0.21642811281443464,-0.6065213862100982,-0.6245704112859343,-0.5919392092965614,-0.6042969679159462
-0.2413222730173762,-0.10013264675256989,0.21643220493944987,-0.6065213862100982,-0.6245704112859343,-0.5920320967967903,-0.6042969679159462
-0.24126918239214723,-0.10023811737711191,0.2164403891894804,-0.6065213862100982,-0.6246639487860868,-0.5921249842970191,-0.6044867179154885
-0.24126145969634222,-0.10020296050226457,0.2164403891894804,-0.6067096987104035,-0.6239156487848658,-0.5911961092947302,-0.6035379679177773
-0.2413676409467999,-0.10020296050226457,0.21642811281443464,-0.6065213862100982,-0.6246639487860868,-0.5920320967967903,-0.6046764679150307
-0.24126145969634222,-0.10013264675256989,0.21643220493944987,-0.6068980112107083,-0.6244768737857818,-0.5917534342961033,-0.6042969679159462
-0.2410490971954266,-0.10009748987772232,0.21643220493944987,-0.606333073709793,-0.6249445612865443,-0.5920320967967903,-0.6046764679150307
-0.2413676409467999,-0.10013264675256989,0.21643220493944987,-0.6068980112107083,-0.6246639487860868,-0.5919392092965614,-0.6046764679150307
-0.24126145969634222,-0.10009748987772232,0.21643629706446516,-0.6065213862100982,-0.6244768737857818,-0.5919392092965614,-0.6044867179154885
-0.24126145969634222,-0.10013264675256989,0.2164485734395109,-0.6066155424602508,-0.6244768737857818,-0.5932396342997657,-0.606004717911826
-0.24126145969634222,-0.10013264675256989,0.21643629706446516,-0.6064272299599456,-0.6245704112859343,-0.5922178717972479,-0.6045815929152596
-0.24126145969634222,-0.10013264675256989,0.21642811281443464,-0.6066155424602508,-0.6244768737857818,-0.5921249842970191,-0.6044867179154885
-0.24126145969634222,-0.10009748987772232,0.21643220493944987,-0.606333073709793,-0.6246639487860868,-0.5921249842970191,-0.6044867179154885
-0.24127690508795224,-0.10016780362741723,0.21642811281443464,-0.6065213862100982,-0.6244768737857818,-0.5920320967967903,-0.6040123429166329
-0.24126918239214723,-0.10013264675256989,0.21643629706446516,-0.6064272299599456,-0.6247574862862393,-0.5920320967967903,-0.6044867179154885
-0.24126918239214723,-0.10023811737711191,0.21642811281443464,-0.6064272299599456,-0.6242897987854763,-0.5920320967967903,-0.6044867179154885
-0.24127690508795224,-0.10006233300287498,0.2164485734395109,-0.6067096987104035,-0.6247574862862393,-0.5921249842970191,-0.6042969679159462
-0.24117072383749455,-0.10020296050226457,0.2164403891894804,-0.6067096987104035,-0.6235414987842558,-0.5910103342942725,-0.603348217918235
-0.24126918239214723,-0.10006233300287498,0.21643220493944987,-0.6065213862100982,-0.6240091862850188,-0.5913818842951879,-0.6038225929170906
-0.03032958660700251,0.005169809066976961,0.23967144584965838,-0.015333929343821653,-0.018789303728535916,0.022962610376417295,0.0023412673343573215
-0.03032958660700251,0.005142374887934619,0.2396755379746736,-0.015051460593363755,-0.018976378728841375,0.02268394787573076,0.002151517334815078
-0.03032958660700251,0.005150097583739619,0.23968781434971942,-0.015145616843516388,-0.018789303728535916,0.02305549787664614,0.002625892333670687
-0.03032958660700251,0.005185254458586961,0.23968372222470413,-0.015145616843516388,-0.018508691228078394,0.023241272877103827,0.0027207673334418087
-0.03032958660700251,0.005255568208281867,0.2396755379746736,-0.015145616843516388,-0.01869576622838341,0.022962610376417295,0.0024361423341284433
-0.03032958660700251,0.005122663404697055,0.2396796300996889,-0.015333929343821653,-0.01869576622838341,0.022962610376417295,0.0023412673343573215
-0.030215682660739814,0.005114940708892055,0.23968781434971942,-0.01523977309366902,-0.01869576622838341,0.022962610376417295,0.0024361423341284433
-0.030481135786884158,0.005107218013087055,0.2396755379746736,-0.015428085593973842,-0.018882841228688423,0.022962610376417295,0.002056642335043956
-0.03032958660700251,0.005177531762781961,0.23967144584965838,-0.01523977309366902,-0.018882841228688423,0.022776835375959606,0.002531017333899565
-0.0304434905532652,0.005142374887934619,0.2396796300996889,-0.015145616843516388,-0.018789303728535916,0.02305549787664614,0.0024361423341284433
-0.0304434905532652,0.005177531762781961,0.23967144584965838,-0.015051460593363755,-0.020005291230519844,0.021476410372755342,0.0012976423368749818
-0.03028421867757855,0.0051346521921296195,0.2396673537246431,-0.015051460593363755,-0.018789303728535916,0.02305549787664614,0.0027207673334418087
-0.0304434905532652,0.005212688637629303,0.23966326159962786,-0.015051460593363755,-0.019537603729756863,0.022219510374586096,0.001677142335959469
-0.030337309302807508,0.005150097583739619,0.2396755379746736,-0.01523977309366902,-0.018976378728841375,0.02286972287618845,0.0023412673343573215
-0.030291941373383553,0.005150097583739619,0.2396755379746736,-0.015051460593363755,-0.018882841228688423,0.022776835375959606,0.002625892333670687
-0.0304434905532652,0.005185254458586961,0.2396796300996889,-0.01523977309366902,-0.018976378728841375,0.022776835375959606,0.0022463923345861997
-0.030382677232231245,0.005150097583739619,0.23968781434971942,-0.015333929343821653,-0.01757331622655243,0.023984372878935026,0.003479767331610783
-0.03032958660700251,0.005192977154391961,0.2396755379746736,-0.015051460593363755,-0.0186022287282309,0.022962610376417295,0.0024361423341284433
-0.030382677232231245,0.005185254458586961,0.2396796300996889,-0.015051460593363755,-0.018321616227772935,0.02333416037733267,0.0029105173329840523
-0.030223405356544816,0.005212688637629303,0.23967144584965838,-0.015279758289015387,-0.01813454122746792,0.023612822878019205,0.0029105173329840523
-0.03048885848268916,0.005212688637629303,0.23968372222470413,-0.015468070789320653,-0.0186022287282309,0.022776835375959606,0.002531017333899565
-0.03058731703734185,0.005142374887934619,0.2396755379746736,-0.015562227039472841,-0.017853928727009954,0.02389148537870618,0.003479767331610783
-0.030374954536426243,0.0051346521921296195,0.23967144584965838,-0.015091445788710122,-0.0186022287282309,0.022962610376417295,0.0024361423341284433
-0.030374954536426243,0.005107218013087055,0.23968781434971942,-0.015562227039472841,-0.017386241226247417,0.024448810380079247,0.0036695173311530266
-0.030374954536426243,0.005142374887934619,0.23968781434971942,-0.015279758289015387,-0.0186022287282309,0.02305549787664614,0.0024361423341284433
-0.030382677232231245,0.005220411333434303,0.2396796300996889,-0.015279758289015387,-0.018882841228688423,0.022591060375501917,0.0023412673343573215
-0.030541949107917896,0.005150097583739619,0.23968372222470413,-0.01537391453916802,-0.018882841228688423,0.022776835375959606,0.0023412673343573215
-0.030382677232231245,0.005185254458586961,0.23967144584965838,-0.015279758289015387,-0.018789303728535916,0.022962610376417295,0.002531017333899565
-0.030337309302807508,0.005150097583739619,0.2396755379746736,-0.01537391453916802,-0.017947466227162905,0.023705710378248493,0.0032900173320685394
-0.030390399928036244,0.005192977154391961,0.23966605743137812,-0.015185602038862754,-0.018789303728535916,0.02286972287618845,0.002531017333899565
-0.030549671803722894,0.005114940708892055,0.2396783338064239,-0.015279758289015387,-0.019256991229298897,0.022591060375501917,0.002056642335043956
-0.030451213249070203,0.005150097583739619,0.2396783338064239,-0.01537391453916802,-0.0186022287282309,0.02286972287618845,0.0023412673343573215
-0.030337309302807508,0.005150097583739619,0.2396783338064239,-0.015279758289015387,-0.017853928727009954,0.02389148537870618,0.003479767331610783
-0.030435767857460203,0.005220411333434303,0.2396865180564544,-0.015185602038862754,-0.018508691228078394,0.02305549787664614,0.0028156423332129305
-0.030374954536426243,0.005114940708892055,0.23967424168140863,-0.015279758289015387,-0.018789303728535916,0.023148385376874983,0.002531017333899565
-0.030374954536426243,0.005107218013087055,0.2396865180564544,-0.015279758289015387,-0.0186022287282309,0.023148385376874983,0.0024361423341284433
-0.0304280451616552,0.005212688637629303,0.2396783338064239,-0.015279758289015387,-0.0186022287282309,0.02286972287618845,0.0024361423341284433
-0.0304280451616552,0.005114940708892055,0.2396783338064239,-0.015091445788710122,-0.018415153727925886,0.02351993537779036,0.0028156423332129305
-0.030420322465850202,0.005220411333434303,0.2396865180564544,-0.015279758289015387,-0.01766685372670494,0.023984372878935026,0.003479767331610783
-0.030374954536426243,0.0050797838340447135,0.23967014955639337,-0.015468070789320653,-0.018789303728535916,0.02286972287618845,0.002625892333670687
-0.03049658117849416,0.0050797838340447135,0.2396783338064239,-0.015750539539778105,-0.018789303728535916,0.023148385376874983,0.0024361423341284433
-0.03049658117849416,0.005192977154391961,0.23967424168140863,-0.015562227039472841,-0.018789303728535916,0.022591060375501917,0.002151517334815078
-0.030405845319646244,0.005157820279544619,0.23967424168140863,-0.015185602038862754,-0.018789303728535916,0.02286972287618845,0.0023412673343573215
-0.030565117195332895,0.005255568208281867,0.23967424168140863,-0.015185602038862754,-0.020285903730977366,0.02129063537229721,0.0009181423377904946
-0.030458935944875202,0.005185254458586961,0.2396783338064239,-0.015279758289015387,-0.01869576622838341,0.022962610376417295,0.0023412673343573215
-0.030382677232231245,0.005072061138239713,0.2396865180564544,-0.015185602038862754,-0.018976378728841375,0.022776835375959606,0.002531017333899565
-0.030435767857460203,0.005107218013087055,0.2396865180564544,-0.015468070789320653,-0.01869576622838341,0.02305549787664614,0.002531017333899565
-0.03032958660700251,0.005185254458586961,0.2396865180564544,-0.015185602038862754,-0.018882841228688423,0.02286972287618845,0.0023412673343573215
-0.030382677232231245,0.005185254458586961,0.2396865180564544,-0.015185602038862754,-0.018789303728535916,0.022776835375959606,0.002151517334815078
-0.03017031473131586,0.005185254458586961,0.23967424168140863,-0.015185602038862754,-0.018508691228078394,0.02305549787664614,0.002531017333899565
-0.030321863911197507,0.005185254458586961,0.2396783338064239,-0.015279758289015387,-0.018976378728841375,0.02286972287618845,0.0023412673343573215
-0.030541949107917896,0.005052349655002371,0.2396783338064239,-0.01537391453916802,-0.01916345372914639,0.022591060375501917,0.0022463923345861997
-0.030435767857460203,0.005192977154391961,0.23967424168140863,-0.015185602038862754,-0.018789303728535916,0.02305549787664614,0.002625892333670687
-0.030435767857460203,0.005122663404697055,0.23967014955639337,-0.015468070789320653,-0.017760391226857446,0.02389148537870618,0.0032900173320685394
-0.030337309302807508,0.005185254458586961,0.23967424168140863,-0.015185602038862754,-0.01916345372914639,0.02286972287618845,0.0022463923345861997
-0.030337309302807508,0.005142374887934619,0.2396865180564544,-0.015279758289015387,-0.018789303728535916,0.023148385376874983,0.002531017333899565
-0.030390399928036244,0.005142374887934619,0.2396783338064239,-0.015279758289015387,-0.020566516231435333,0.020919085371381832,0.0005386423387060075
-0.030337309302807508,0.005114940708892055,0.2396865180564544,-0.01537391453916802,-0.017853928727009954,0.023705710378248493,0.0032900173320685394
-0.030337309302807508,0.005255568208281867,0.23967424168140863,-0.015091445788710122,-0.018789303728535916,0.022776835375959606,0.0023412673343573215
-0.0304434905532652,0.005220411333434303,0.2396865180564544,-0.015468070789320653,-0.018882841228688423,0.02268394787573076,0.002151517334815078
-0.030435767857460203,0.005150097583739619,0.2396783338064239,-0.015279758289015387,-0.018976378728841375,0.022776835375959606,0.0019617673352728343
-0.03032958660700251,0.005185254458586961,0.23967424168140863,-0.015091445788710122,-0.017947466227162905,0.02407726037916387,0.0033848923318396612
-0.030382677232231245,0.005157820279544619,0.2396865180564544,-0.015279758289015387,-0.01869576622838341,0.022962610376417295,0.0022463923345861997
-0.0304434905532652,0.005122663404697055,0.2396783338064239,-0.015468070789320653,-0.018882841228688423,0.023241272877103827,0.0022463923345861997
-0.0304434905532652,0.005192977154391961,0.2396865180564544,-0.015091445788710122,-0.018882841228688423,0.02286972287618845,0.0023412673343573215
-0.030382677232231245,0.005157820279544619,0.2396783338064239,-0.015468070789320653,-0.018041003727315413,0.023705710378248493,0.0033848923318396612
-0.030435767857460203,0.0052281340292393026,0.2396783338064239,-0.015279758289015387,-0.018882841228688423,0.022962610376417295,0.0024361423341284433
-0.03032958660700251,0.005192977154391961,0.23967424168140863,-0.015279758289015387,-0.018976378728841375,0.02286972287618845,0.0024361423341284433
-0.030223405356544816,0.005150097583739619,0.23966196530636286,-0.015185602038862754,-0.017479778726399924,0.02407726037916387,0.0037643923309241484
-0.030382677232231245,0.005185254458586961,0.23967014955639337,-0.015091445788710122,-0.01869576622838341,0.02305549787664614,0.002531017333899565
-0.030321863911197507,0.005150097583739619,0.2396783338064239,-0.015185602038862754,-0.018789303728535916,0.02286972287618845,0.002531017333899565
-0.030481135786884158,0.005185254458586961,0.23967424168140863,-0.015185602038862754,-0.018976378728841375,0.022962610376417295,0.0023412673343573215
-0.03032958660700251,0.005220411333434303,0.23968242593143915,-0.015468070789320653,-0.018882841228688423,0.02305549787664614,0.002151517334815078
-0.030435767857460203,0.005220411333434303,0.23966605743137812,-0.015279758289015387,-0.017479778726399924,0.024170147879392714,0.0036695173311530266
-0.030435767857460203,0.0052281340292393026,0.2396865180564544,-0.015185602038862754,-0.018882841228688423,0.022962610376417295,0.002531017333899565
-0.03048885848268916,0.005157820279544619,0.23967424168140863,-0.015279758289015387,-0.018508691228078394,0.022962610376417295,0.002531017333899565
-0.030382677232231245,0.005192977154391961,0.23968242593143915,-0.015185602038862754,-0.018789303728535916,0.02305549787664614,0.0024361423341284433
-0.030337309302807508,0.0052632909040868665,0.23968242593143915,-0.015279758289015387,-0.018415153727925886,0.02333416037733267,0.0027207673334418087
-0.0304434905532652,0.005185254458586961,0.23967424168140863,-0.015468070789320653,-0.01869576622838341,0.021383522872526053,0.0005386423387060075
-0.030435767857460203,0.005220411333434303,0.2396865180564544,-0.015279758289015387,-0.018789303728535916,0.02286972287618845,0.0024361423341284433
-0.030382677232231245,0.005220411333434303,0.2396865180564544,-0.015279758289015387,-0.018508691228078394,0.022962610376417295,0.002625892333670687
-0.030382677232231245,0.005220411333434303,0.2396783338064239,-0.015185602038862754,-0.0186022287282309,0.022962610376417295,0.002625892333670687
-0.03032958660700251,0.005185254458586961,0.23967424168140863,-0.015279758289015387,-0.018508691228078394,0.022962610376417295,0.0024361423341284433
-0.030382677232231245,0.005114940708892055,0.2396783338064239,-0.015279758289015387,-0.018415153727925886,0.023148385376874983,0.0024361423341284433
-0.030321863911197507,0.0050797838340447135,0.2396783338064239,-0.015468070789320653,-0.018882841228688423,0.022962610376417295,0.002625892333670687
-0.030481135786884158,0.0050797838340447135,0.2396865180564544,-0.015562227039472841,-0.019069916228993882,0.02249817287527263,0.002056642335043956
-0.030321863911197507,0.005185254458586961,0.23967424168140863,-0.015091445788710122,-0.01869576622838341,0.022776835375959606,0.002531017333899565
-0.03032958660700251,0.005150097583739619,0.2396783338064239,-0.015468070789320653,-0.0186022287282309,0.02286972287618845,0.0024361423341284433
-0.03032958660700251,0.005150097583739619,0.2396865180564544,-0.015185602038862754,-0.02019236623082486,0.021197747872068365,0.0006335173384771292
-0.0304434905532652,0.005114940708892055,0.23967014955639337,-0.015091445788710122,-0.01869576622838341,0.023148385376874983,0.0024361423341284433
-0.030337309302807508,0.005185254458586961,0.2396865180564544,-0.015185602038862754,-0.01766685372670494,0.02407726037916387,0.0033848923318396612
-0.030337309302807508,0.005185254458586961,0.23966605743137812,-0.015185602038862754,-0.018882841228688423,0.02286972287618845,0.0023412673343573215
-0.030390399928036244,0.005220411333434303,0.23967424168140863,-0.015185602038862754,-0.018882841228688423,0.02305549787664614,0.002531017333899565
-0.030337309302807508,0.005185254458586961,0.23968242593143915,-0.015468070789320653,-0.01869576622838341,0.022776835375959606,0.0023412673343573215
-0.030390399928036244,0.0050797838340447135,0.2396865180564544,-0.015468070789320653,-0.018789303728535916,0.023148385376874983,0.0024361423341284433
-0.030231128052349815,0.005150097583739619,0.2396809263929539,-0.015185602038862754,-0.018976378728841375,0.022776835375959606,0.0023412673343573215
-0.030337309302807508,0.005185254458586961,0.23968911064298443,-0.015091445788710122,-0.018789303728535916,0.022776835375959606,0.0023412673343573215
-0.030337309302807508,0.005220411333434303,0.23967683426793862,-0.015185602038862754,-0.020005291230519844,0.02166218537321303,0.0010130173375616164
-0.030549671803722894,0.005220411333434303,0.23968911064298443,-0.015279758289015387,-0.0186022287282309,0.022962610376417295,0.0024361423341284433
-0.030382677232231245,0.005150097583739619,0.23967683426793862,-0.015279758289015387,-0.018789303728535916,0.02268394787573076,0.002151517334815078
-0.030435767857460203,0.005044626959197372,0.2396809263929539,-0.015279758289015387,-0.02009882873067235,0.021476410372755342,0.0022463923345861997
-0.030276495981773552,0.005185254458586961,0.23968911064298443,-0.015656383289625472,-0.018415153727925886,0.02333416037733267,0.0027207673334418087
-0.030321863911197507,0.005150097583739619,0.23968911064298443,-0.015185602038862754,-0.01869576622838341,0.022776835375959606,0.002151517334815078
-0.030321863911197507,0.005044626959197372,0.23967683426793862,-0.01537391453916802,-0.01869576622838341,0.02305549787664614,0.0023412673343573215
-0.03032958660700251,0.005150097583739619,0.2396809263929539,-0.015468070789320653,-0.018508691228078394,0.022962610376417295,0.002625892333670687
-0.03032958660700251,0.005185254458586961,0.2396809263929539,-0.015279758289015387,-0.018789303728535916,0.02286972287618845,0.002151517334815078
-0.030435767857460203,0.0050797838340447135,0.2396809263929539,-0.015185602038862754,-0.018789303728535916,0.02286972287618845,0.002531017333899565
-0.030435767857460203,0.005114940708892055,0.23968501851796914,-0.015279758289015387,-0.018789303728535916,0.022776835375959606,0.0022463923345861997
-0.030382677232231245,0.005185254458586961,0.2396809263929539,-0.015091445788710122,-0.018789303728535916,0.022962610376417295,0.0024361423341284433
-0.0304434905532652,0.005114940708892055,0.23968911064298443,-0.015279758289015387,-0.01869576622838341,0.023148385376874983,0.0024361423341284433
-0.030382677232231245,0.005185254458586961,0.23967683426793862,-0.015279758289015387,-0.016918553725484436,0.024913247881223913,0.0046182673288638005
-0.030435767857460203,0.005150097583739619,0.2396727421429234,-0.015468070789320653,-0.018508691228078394,0.02305549787664614,0.002625892333670687
-0.03032958660700251,0.005220411333434303,0.23967683426793862,-0.015279758289015387,-0.017760391226857446,0.02389148537870618,0.0032900173320685394
-0.03031414121539251,0.005150097583739619,0.23966455789289287,-0.014997289538557489,-0.018789303728535916,0.022776835375959606,0.0024361423341284433
-0.030321863911197507,0.005185254458586961,0.2396809263929539,-0.015279758289015387,-0.0186022287282309,0.022962610376417295,0.0024361423341284433
-0.030541949107917896,0.005150097583739619,0.23968501851796914,-0.015185602038862754,-0.01869576622838341,0.022591060375501917,0.0023412673343573215
-0.030541949107917896,0.005185254458586961,0.23967683426793862,-0.015468070789320653,-0.0186022287282309,0.02305549787664614,0.002625892333670687
-0.030435767857460203,0.005220411333434303,0.23967683426793862,-0.015185602038862754,-0.01869576622838341,0.02268394787573076,0.002531017333899565
-0.03032958660700251,0.005220411333434303,0.2396809263929539,-0.015279758289015387,-0.018789303728535916,0.02305549787664614,0.0024361423341284433
-0.030382677232231245,0.005185254458586961,0.2396686500179081,-0.015185602038862754,-0.01869576622838341,0.02286972287618845,0.0027207673334418087
-0.030337309302807508,0.005325881957976551,0.2396686500179081,-0.015091445788710122,-0.0186022287282309,0.022776835375959606,0.0024361423341284433
-0.03032958660700251,0.005150097583739619,0.23967683426793862,-0.015185602038862754,-0.0186022287282309,0.023241272877103827,0.0024361423341284433
-0.03026877328596855,0.005150097583739619,0.2396809263929539,-0.015468070789320653,-0.018508691228078394,0.022776835375959606,0.0024361423341284433
-0.03032958660700251,0.005114940708892055,0.23967683426793862,-0.015185602038862754,-0.018228078727620427,0.023705710378248493,0.0031951423322974177
-0.0304280451616552,0.005220411333434303,0.23967683426793862,-0.015185602038862754,-0.018415153727925886,0.022962610376417295,0.002625892333670687
-0.0304280451616552,0.005185254458586961,0.23968501851796914,-0.015279758289015387,-0.018976378728841375,0.022591060375501917,0.0022463923345861997
-0.030534226412112894,0.005150097583739619,0.23968911064298443,-0.015185602038862754,-0.018041003727315413,0.02351993537779036,0.0031951423322974177
-0.030321863911197507,0.005185254458586961,0.2396727421429234,-0.015279758289015387,-0.0186022287282309,0.02268394787573076,0.0024361423341284433
-0.030374954536426243,0.005114940708892055,0.23967683426793862,-0.015468070789320653,-0.018789303728535916,0.022776835375959606,0.002531017333899565
-0.030374954536426243,0.005185254458586961,0.2396727421429234,-0.015185602038862754,-0.018789303728535916,0.022776835375959606,0.002531017333899565
-0.030374954536426243,0.005114940708892055,0.2396727421429234,-0.015279758289015387,-0.01869576622838341,0.022591060375501917,0.0023412673343573215
-0.030321863911197507,0.005255568208281867,0.23966046576787758,-0.015185602038862754,-0.018789303728535916,0.022776835375959606,0.002151517334815078
-0.030321863911197507,0.005185254458586961,0.2396809263929539,-0.015185602038862754,-0.01869576622838341,0.02286972287618845,0.002531017333899565
-0.030321863911197507,0.005255568208281867,0.23968501851796914,-0.015279758289015387,-0.01869576622838341,0.023148385376874983,0.002531017333899565
-0.030374954536426243,0.005255568208281867,0.2396809263929539,-0.015279758289015387,-0.018789303728535916,0.023241272877103827,0.002531017333899565
-0.030321863911197507,0.005290725083129209,0.23967683426793862,-0.015279758289015387,-0.018882841228688423,0.02286972287618845,0.002531017333899565
-0.030374954536426243,0.005185254458586961,0.23967683426793862,-0.015091445788710122,-0.018976378728841375,0.022962610376417295,0.0023412673343573215
-0.03048885848268916,0.005114940708892055,0.23967683426793862,-0.015279758289015387,-0.0186022287282309,0.022776835375959606,0.002531017333899565
-0.030435767857460203,0.005044626959197372,0.23968911064298443,-0.015468070789320653,-0.0186022287282309,0.02286972287618845,0.0023412673343573215
-0.0304434905532652,0.005185254458586961,0.23967683426793862,-0.015279758289015387,-0.017760391226857446,0.023705710378248493,0.0031951423322974177
-0.030549671803722894,0.005150097583739619,0.2396809263929539,-0.015185602038862754,-0.0186022287282309,0.02286972287618845,0.0024361423341284433
-0.0304434905532652,0.005185254458586961,0.2396727421429234,-0.01537391453916802,-0.01869576622838341,0.022962610376417295,0.0024361423341284433
-0.03032958660700251,0.005185254458586961,0.2396727421429234,-0.014903133288404856,-0.01869576622838341,0.02305549787664614,0.0023412673343573215
-0.030382677232231245,0.005185254458586961,0.2396809263929539,-0.01537391453916802,-0.01869576622838341,0.02286972287618845,0.002625892333670687
-0.03032958660700251,0.005114940708892055,0.2396809263929539,-0.015279758289015387,-0.018882841228688423,0.022962610376417295,0.0023412673343573215
-0.03032958660700251,0.005150097583739619,0.2396809263929539,-0.015185602038862754,-0.0186022287282309,0.023148385376874983,0.0028156423332129305
-0.030534226412112894,0.005220411333434303,0.2396727421429234,-0.015279758289015387,-0.018508691228078394,0.023148385376874983,0.002625892333670687
-0.030374954536426243,0.005185254458586961,0.2396809263929539,-0.015279758289015387,-0.0186022287282309,0.02305549787664614,0.0024361423341284433
-0.030374954536426243,0.005150097583739619,0.2396727421429234,-0.015279758289015387,-0.01869576622838341,0.022776835375959606,0.002625892333670687
-0.03032958660700251,0.005185254458586961,0.2396727421429234,-0.015091445788710122,-0.01869576622838341,0.022776835375959606,0.002531017333899565
-0.030337309302807508,0.005150097583739619,0.2396727421429234,-0.01537391453916802,-0.018789303728535916,0.022776835375959606,0.0024361423341284433
-0.030382677232231245,0.005185254458586961,0.2396727421429234,-0.015091445788710122,-0.01869576622838341,0.02268394787573076,0.0022463923345861997
-0.030223405356544816,0.005220411333434303,0.23968501851796914,-0.015468070789320653,-0.0186022287282309,0.022962610376417295,0.002625892333670687
-0.030549671803722894,0.005157820279544619,0.23967683426793862,-0.015185602038862754,-0.01869576622838341,0.02286972287618845,0.002531017333899565
-0.03049658117849416,0.005192977154391961,0.2396727421429234,-0.014997289538557489,-0.018789303728535916,0.02286972287618845,0.0027207673334418087
-0.030337309302807508,0.005165542975349619,0.23967683426793862,-0.015562227039472841,-0.018789303728535916,0.022776835375959606,0.0024361423341284433
-0.03032958660700251,0.005235856725044303,0.23967683426793862,-0.015279758289015387,-0.01869576622838341,0.02268394787573076,0.002625892333670687
-0.030382677232231245,0.005165542975349619,0.23968501851796914,-0.015091445788710122,-0.0186022287282309,0.022962610376417295,0.0027207673334418087
-0.03032958660700251,0.005165542975349619,0.23969320276799966,-0.014997289538557489,-0.018789303728535916,0.022776835375959606,0.0024361423341284433
-0.030435767857460203,0.005235856725044303,0.2396809263929539,-0.015468070789320653,-0.018789303728535916,0.023148385376874983,0.0027207673334418087
-0.03032958660700251,0.0050600723508073715,0.2396809263929539,-0.014997289538557489,-0.0186022287282309,0.022962610376417295,0.0027207673334418087
-0.030374954536426243,0.005235856725044303,0.23967683426793862,-0.015185602038862754,-0.018321616227772935,0.022962610376417295,0.003005392332755174
-0.0304280451616552,0.005165542975349619,0.2396809263929539,-0.015279758289015387,-0.018041003727315413,0.023427047877561516,0.0031951423322974177
-0.0304280451616552,0.0052281340292393026,0.23967683426793862,-0.015468070789320653,-0.018789303728535916,0.022962610376417295,0.002531017333899565
-0.030374954536426243,0.005157820279544619,0.23968911064298443,-0.015279758289015387,-0.018789303728535916,0.022962610376417295,0.0027207673334418087
-0.030321863911197507,0.005192977154391961,0.23967683426793862,-0.01537391453916802,-0.0186022287282309,0.023241272877103827,0.002531017333899565
-0.030374954536426243,0.005130386100502055,0.2396727421429234,-0.015279758289015387,-0.018789303728535916,0.023148385376874983,0.002531017333899565
-0.030481135786884158,0.005165542975349619,0.2396727421429234,-0.015185602038862754,-0.0186022287282309,0.02286972287618845,0.0024361423341284433
-0.030374954536426243,0.005165542975349619,0.23967683426793862,-0.015279758289015387,-0.019256991229298897,0.022591060375501917,0.0019617673352728343
-0.030374954536426243,0.005165542975349619,0.23967683426793862,-0.015185602038862754,-0.0186022287282309,0.022962610376417295,0.002531017333899565
-0.030374954536426243,0.005200699850196961,0.2396727421429234,-0.015185602038862754,-0.018976378728841375,0.022776835375959606,0.002625892333670687
-0.030374954536426243,0.005200699850196961,0.23967683426793862,-0.015279758289015387,-0.0186022287282309,0.022962610376417295,0.0024361423341284433
-0.030374954536426243,0.005192977154391961,0.2396809263929539,-0.015279758289015387,-0.01869576622838341,0.02268394787573076,0.002151517334815078
-0.030321863911197507,0.005122663404697055,0.23967683426793862,-0.015279758289015387,-0.02066005373158784,0.020919085371381832,0.0006335173384771292
-0.030534226412112894,0.005122663404697055,0.23967683426793862,-0.015185602038862754,-0.01869576622838341,0.023148385376874983,0.002625892333670687
-0.0304280451616552,0.005130386100502055,0.2396727421429234,-0.015185602038862754,-0.020285903730977366,0.02110486037183952,0.000728392338248251
-0.030374954536426243,0.005271013599891867,0.2396809263929539,-0.01537391453916802,-0.0186022287282309,0.02305549787664614,0.0024361423341284433
-0.030534226412112894,0.005130386100502055,0.23967683426793862,-0.015468070789320653,-0.018041003727315413,0.023241272877103827,0.003100267332526296
-0.030374954536426243,0.005024915475959808,0.23968911064298443,-0.015185602038862754,-0.019818216230214385,0.022126622874357252,0.0013925173366461036
-0.03026877328596855,0.005130386100502055,0.23967683426793862,-0.015185602038862754,-0.018508691228078394,0.02268394787573076,0.0024361423341284433
-0.030321863911197507,0.0052281340292393026,0.2396727421429234,-0.015091445788710122,-0.018228078727620427,0.023705710378248493,0.0033848923318396612
-0.030374954536426243,0.005192977154391961,0.2396809263929539,-0.015091445788710122,-0.018789303728535916,0.022962610376417295,0.0027207673334418087
-0.030374954536426243,0.005192977154391961,0.23967683426793862,-0.015562227039472841,-0.018789303728535916,0.023148385376874983,0.0023412673343573215
-0.030374954536426243,0.005192977154391961,0.23968911064298443,-0.015279758289015387,-0.01916345372914639,0.02268394787573076,0.002151517334815078
-0.0304280451616552,0.005157820279544619,0.23968501851796914,-0.015468070789320653,-0.018789303728535916,0.022962610376417295,0.002151517334815078
-0.030534226412112894,0.005157820279544619,0.23968501851796914,-0.015279758289015387,-0.018508691228078394,0.022962610376417295,0.0024361423341284433
-0.030321863911197507,0.005157820279544619,0.23968911064298443,-0.015279758289015387,-0.01813454122746792,0.023427047877561516,0.0031951423322974177
-0.030534226412112894,0.0052281340292393026,0.23967683426793862,-0.015185602038862754,-0.018041003727315413,0.023705710378248493,0.0031951423322974177
-0.0304280451616552,0.005192977154391961,0.2396809263929539,-0.015279758289015387,-0.0186022287282309,0.02286972287618845,0.0024361423341284433
-0.030382677232231245,0.0052281340292393026,0.2396809263929539,-0.015468070789320653,-0.018789303728535916,0.02286972287618845,0.0022463923345861997
-0.030276495981773552,0.005157820279544619,0.23968911064298443,-0.015091445788710122,-0.01869576622838341,0.023148385376874983,0.002625892333670687
-0.030374954536426243,0.005157820279544619,0.2396809263929539,-0.015468070789320653,-0.01869576622838341,0.02286972287618845,0.0023412673343573215
-0.0304280451616552,0.005122663404697055,0.23967683426793862,-0.015185602038862754,-0.018508691228078394,0.022962610376417295,0.0027207673334418087
-0.030321863911197507,0.005087506529849713,0.23968911064298443,-0.015091445788710122,-0.02009882873067235,0.02166218537321303,0.0010130173375616164
-0.030321863911197507,0.0052281340292393026,0.23968501851796914,-0.01537391453916802,-0.017386241226247417,0.02426303537962156,0.004049017330237514
-0.030374954536426243,0.005157820279544619,0.23968911064298443,-0.015185602038862754,-0.018789303728535916,0.02305549787664614,0.002531017333899565
-0.0304280451616552,0.005157820279544619,0.23968501851796914,-0.015185602038862754,-0.018041003727315413,0.023798597878477337,0.003479767331610783
-0.0304280451616552,0.005157820279544619,0.2396809263929539,-0.01537391453916802,-0.018882841228688423,0.02286972287618845,0.0023412673343573215
-0.030435767857460203,0.005192977154391961,0.23968501851796914,-0.014903133288404856,-0.018789303728535916,0.022962610376417295,0.0023412673343573215
-0.0304434905532652,0.0052281340292393026,0.23968501851796914,-0.015468070789320653,-0.018789303728535916,0.02286972287618845,0.002531017333899565
-0.030337309302807508,0.005157820279544619,0.2396809263929539,-0.015279758289015387,-0.0186022287282309,0.023148385376874983,0.002531017333899565
-0.030390399928036244,0.005192977154391961,0.23967683426793862,-0.015091445788710122,-0.01813454122746792,0.023612822878019205,0.0031951423322974177
-0.030390399928036244,0.005052349655002371,0.23967683426793862,-0.015279758289015387,-0.01869576622838341,0.022776835375959606,0.0027207673334418087
-0.030382677232231245,0.0052281340292393026,0.2396809263929539,-0.015185602038862754,-0.018508691228078394,0.023148385376874983,0.0027207673334418087
-0.03032958660700251,0.0052281340292393026,0.23967683426793862,-0.015185602038862754,-0.018882841228688423,0.02268394787573076,0.002531017333899565
-0.03032958660700251,0.005192977154391961,0.23967683426793862,-0.015279758289015387,-0.018882841228688423,0.022776835375959606,0.0023412673343573215
-0.030382677232231245,0.005192977154391961,0.2396727421429234,-0.015185602038862754,-0.018789303728535916,0.022962610376417295,0.0024361423341284433
-0.03048885848268916,0.0052632909040868665,0.23967683426793862,-0.015279758289015387,-0.018789303728535916,0.022776835375959606,0.002531017333899565
-0.030321863911197507,0.005192977154391961,0.23967683426793862,-0.015279758289015387,-0.02047297873128238,0.0206404228706953,0.00034889233916376387
-0.030534226412112894,0.005192977154391961,0.23967683426793862,-0.015185602038862754,-0.018976378728841375,0.022962610376417295,0.002531017333899565
-0.03032958660700251,0.0052281340292393026,0.23967683426793862,-0.015091445788710122,-0.017853928727009954,0.023798597878477337,0.0032900173320685394
-0.03028421867757855,0.0052281340292393026,0.23967683426793862,-0.015185602038862754,-0.017853928727009954,0.023798597878477337,0.0033848923318396612
-0.0304434905532652,0.005122663404697055,0.23968501851796914,-0.015562227039472841,-0.018976378728841375,0.02286972287618845,0.0023412673343573215
-0.0304434905532652,0.005157820279544619,0.2396727421429234,-0.01537391453916802,-0.018508691228078394,0.023148385376874983,0.002625892333670687
-0.03049658117849416,0.005192977154391961,0.23969320276799966,-0.015091445788710122,-0.0186022287282309,0.022962610376417295,0.002531017333899565
-0.0304434905532652,0.0052281340292393026,0.23967683426793862,-0.015468070789320653,-0.018882841228688423,0.022776835375959606,0.002531017333899565
-0.030374954536426243,0.005192977154391961,0.2396727421429234,-0.014903133288404856,-0.0186022287282309,0.02305549787664614,0.0027207673334418087
-0.0304280451616552,0.005122663404697055,0.2396809263929539,-0.015279758289015387,-0.018882841228688423,0.022962610376417295,0.0023412673343573215
-0.030534226412112894,0.005122663404697055,0.2396809263929539,-0.015279758289015387,-0.018041003727315413,0.023705710378248493,0.003479767331610783
-0.030321863911197507,0.005192977154391961,0.2396727421429234,-0.015279758289015387,-0.0186022287282309,0.02286972287618845,0.0024361423341284433
-0.0304280451616552,0.005122663404697055,0.2396809263929539,-0.015279758289015387,-0.019444066229604356,0.022219510374586096,0.0018668923355017126
-0.0304280451616552,0.005192977154391961,0.2396727421429234,-0.01537391453916802,-0.018976378728841375,0.022776835375959606,0.002531017333899565
-0.030321863911197507,0.005157820279544619,0.2396727421429234,-0.015185602038862754,-0.02009882873067235,0.021476410372755342,0.0010130173375616164
-0.030321863911197507,0.005157820279544619,0.2396809263929539,-0.015468070789320653,-0.01869576622838341,0.022962610376417295,0.002625892333670687
-0.0304280451616552,0.005192977154391961,0.2396809263929539,-0.015185602038862754,-0.017947466227162905,0.02351993537779036,0.0032900173320685394
-0.030374954536426243,0.005157820279544619,0.2396727421429234,-0.01537391453916802,-0.018789303728535916,0.02268394787573076,0.002531017333899565
-0.030374954536426243,0.005192977154391961,0.2396727421429234,-0.014997289538557489,-0.0186022287282309,0.02305549787664614,0.002531017333899565
-0.030534226412112894,0.005157820279544619,0.2396727421429234,-0.015279758289015387,-0.018976378728841375,0.02305549787664614,0.002531017333899565
-0.030321863911197507,0.005192977154391961,0.2396727421429234,-0.014903133288404856,-0.0186022287282309,0.022962610376417295,0.002625892333670687
-0.030534226412112894,0.005157820279544619,0.23967683426793862,-0.015279758289015387,-0.018789303728535916,0.022962610376417295,0.0024361423341284433
-0.030374954536426243,0.005157820279544619,0.2396727421429234,-0.015185602038862754,-0.0186022287282309,0.023148385376874983,0.002531017333899565
-0.030374954536426243,0.005157820279544619,0.23967683426793862,-0.015091445788710122,-0.018789303728535916,0.022962610376417295,0.0024361423341284433
-0.0304280451616552,0.005157820279544619,0.2396809263929539,-0.015185602038862754,-0.018415153727925886,0.02286972287618845,0.002531017333899565
-0.030374954536426243,0.0052281340292393026,0.2396809263929539,-0.015468070789320653,-0.018789303728535916,0.022962610376417295,0.002531017333899565
-0.030374954536426243,0.0052632909040868665,0.23967683426793862,-0.015468070789320653,-0.018789303728535916,0.02305549787664614,0.002625892333670687
-0.030374954536426243,0.0052632909040868665,0.23967683426793862,-0.015091445788710122,-0.018976378728841375,0.02286972287618845,0.002151517334815078
-0.030374954536426243,0.005122663404697055,0.2396809263929539,-0.015185602038862754,-0.01869576622838341,0.02305549787664614,0.002531017333899565
-0.03048885848268916,0.005130386100502055,0.2396809263929539,-0.015185602038862754,-0.020285903730977366,0.02110486037183952,0.0010130173375616164
-0.03032958660700251,0.005278736295696867,0.23967683426793862,-0.015279758289015387,-0.018882841228688423,0.022776835375959606,0.002625892333670687
-0.030435767857460203,0.005102951921459714,0.2396809263929539,-0.01537391453916802,-0.01869576622838341,0.022962610376417295,0.002531017333899565
-0.0304280451616552,0.0051732656711546195,0.23967683426793862,-0.01537391453916802,-0.018415153727925886,0.023148385376874983,0.002625892333670687
-0.030374954536426243,0.005102951921459714,0.23967683426793862,-0.015468070789320653,-0.019911753730366893,0.021476410372755342,0.0012976423368749818
-0.030374954536426243,0.005243579420849303,0.23967683426793862,-0.014808977038252224,-0.018041003727315413,0.02351993537779036,0.0031951423322974177
-0.0304280451616552,0.005208422546001961,0.2396727421429234,-0.015279758289015387,-0.019444066229604356,0.022033735374128408,0.0017720173357305908
-0.030481135786884158,0.0051732656711546195,0.23967683426793862,-0.015279758289015387,-0.018508691228078394,0.02286972287618845,0.002625892333670687
-0.030435767857460203,0.005243579420849303,0.2396809263929539,-0.015468070789320653,-0.01869576622838341,0.023148385376874983,0.0024361423341284433
-0.0304434905532652,0.0051732656711546195,0.23968911064298443,-0.01537391453916802,-0.01710562872578945,0.024634585380536936,0.003954142330466392
-0.030337309302807508,0.005208422546001961,0.2396727421429234,-0.015185602038862754,-0.018228078727620427,0.023148385376874983,0.003005392332755174
-0.030337309302807508,0.005208422546001961,0.23968501851796914,-0.015091445788710122,-0.018882841228688423,0.023148385376874983,0.0028156423332129305
-0.030435767857460203,0.005278736295696867,0.2396686500179081,-0.015091445788710122,-0.01916345372914639,0.022776835375959606,0.002056642335043956
0.18130309204233613,0.11095166285950525,0.26266673561938003,0.581799557141528,0.5967073742352718,0.631837122144207,0.610710176917953
0.18130309204233613,0.1109242286804629,0.26268310411944107,0.5818937133916806,0.5954913867332878,0.6307224721414604,0.6096665519204707
0.18115154286245447,0.11078360118107308,0.2626708277443953,0.5818937133916806,0.5956784617335933,0.6307224721414604,0.6097614269202418
0.18120463348768343,0.11088907180561533,0.2626749198694106,0.5820820258919859,0.5952107742328303,0.6308153596416892,0.6094768019209285
0.18115154286245447,0.11089679450142034,0.2626708277443953,0.581799557141528,0.5961461492343558,0.6314655721432916,0.6104255519186397
0.18115926555825945,0.11082648075172566,0.26266673561938003,0.5819878696418332,0.5953043117329828,0.6306295846412315,0.6095716769206996
0.1810984522372255,0.11085391493076799,0.2626708277443953,0.5822703383922911,0.5958655367338983,0.6312797971428339,0.6103306769188686
0.18115154286245447,0.110846192234963,0.26266264349436486,0.5819878696418332,0.5954913867332878,0.6307224721414604,0.6097614269202418
0.18125000141710718,0.1109087832888529,0.26266673561938003,0.5819878696418332,0.5954913867332878,0.6308153596416892,0.6096665519204707
0.18109072954142053,0.11080331266431065,0.2626749198694106,0.5820820258919859,0.5952107742328303,0.6310011346421469,0.6095716769206996
0.18118918809607343,0.11081103536011566,0.2626708277443953,0.5819878696418332,0.5953978492331353,0.6309082471419181,0.6095716769206996
0.18118146540026842,0.11085391493076799,0.2626572550760845,0.5820820258919859,0.5956784617335933,0.6310011346421469,0.6098563019200129
0.1810752841498105,0.1109242286804629,0.26266953145113026,0.5820820258919859,0.5953978492331353,0.6309082471419181,0.6095716769206996
0.18112837477503946,0.11089679450142034,0.2626654393261151,0.5820820258919859,0.5955849242334403,0.6309082471419181,0.6095716769206996
0.18112837477503946,0.1109396740720729,0.26266953145113026,0.5820820258919859,0.5956784617335933,0.6309082471419181,0.6096665519204707
0.18118918809607343,0.110869360322378,0.2626613472010998,0.5818937133916806,0.5953978492331353,0.6307224721414604,0.6097614269202418
0.18109072954142053,0.1107913238768781,0.2626654393261151,0.5819878696418332,0.5953978492331353,0.6302580346403162,0.6093819269211573
0.18114382016664948,0.11085391493076799,0.2626613472010998,0.5822703383922911,0.5954913867332878,0.6310011346421469,0.6092870519213862
0.18135618266756487,0.11088907180561533,0.26266953145113026,0.5822703383922911,0.5956784617335933,0.6307224721414604,0.6099511769197841
0.18125000141710718,0.1109242286804629,0.2626613472010998,0.5819878696418332,0.5953043117329828,0.6307224721414604,0.6094768019209285
0.18109072954142053,0.11081875805592065,0.26266953145113026,0.5819878696418332,0.5963332242346613,0.631837122144207,0.6105204269184108
0.18119691079187844,0.1107758784852681,0.2626613472010998,0.5819878696418332,0.5957719992337458,0.6315584596435204,0.6101409269193263
0.18114382016664948,0.11085391493076799,0.26267362357614554,0.581799557141528,0.5955849242334403,0.6307224721414604,0.6096665519204707
0.18119691079187844,0.11081875805592065,0.2626654393261151,0.581799557141528,0.5966138367351188,0.631837122144207,0.6108050519177242
0.18119691079187844,0.11075616700203075,0.26267362357614554,0.5816112446412227,0.5962396867345088,0.6316513471437493,0.6096665519204707
0.18119691079187844,0.1109319513762679,0.26267771570116083,0.5821761821421385,0.5959590742340508,0.6316513471437493,0.6101409269193263
0.18120463348768343,0.11083420344753066,0.26267362357614554,0.5820820258919859,0.5953043117329828,0.6307224721414604,0.6095716769206996
0.18114382016664948,0.110869360322378,0.2626613472010998,0.5820820258919859,0.5940883242309989,0.6292362721377984,0.6080536769243616
0.1810830068456155,0.1107913238768781,0.26267771570116083,0.5821761821421385,0.5954913867332878,0.6308153596416892,0.6097614269202418
0.18118918809607343,0.11089679450142034,0.2626654393261151,0.5821761821421385,0.5951172367326774,0.6302580346403162,0.6092870519213862
0.18117374270446343,0.11082648075172566,0.26266953145113026,0.5821761821421385,0.5954913867332878,0.6306295846412315,0.6095716769206996
0.18106756145400552,0.11089679450142034,0.26267362357614554,0.5820820258919859,0.5959590742340508,0.6312797971428339,0.6100460519195552
0.18118146540026842,0.11075616700203075,0.26266953145113026,0.5819878696418332,0.5953978492331353,0.6306295846412315,0.6095716769206996
0.18109072954142053,0.1107913238768781,0.2626818078261761,0.5820820258919859,0.5953978492331353,0.6307224721414604,0.6095716769206996
0.18115926555825945,0.11095938555531024,0.26266953145113026,0.5821761821421385,0.5936206367302364,0.6288647221368826,0.6077690519250483
0.1813185374339461,0.11081875805592065,0.2626572550760845,0.581799557141528,0.5953043117329828,0.6307224721414604,0.6097614269202418
0.18122007887929342,0.110861637626573,0.2626654393261151,0.5821761821421385,0.5953978492331353,0.6309082471419181,0.6095716769206996
0.1809999936825728,0.1109319513762679,0.2626818078261761,0.5818937133916806,0.5955849242334403,0.6309082471419181,0.6097614269202418
0.18115154286245447,0.1109396740720729,0.2626613472010998,0.5820820258919859,0.5956784617335933,0.6308153596416892,0.6096665519204707
0.18119691079187844,0.1109396740720729,0.2626613472010998,0.5820820258919859,0.5953978492331353,0.6307224721414604,0.6096665519204707
0.18102991622038678,0.11082648075172566,0.26266953145113026,0.5819878696418332,0.5955849242334403,0.6308153596416892,0.6097614269202418
0.18113609747084447,0.11075616700203075,0.26267362357614554,0.5819878696418332,0.5953043117329828,0.6309082471419181,0.6097614269202418
0.18112837477503946,0.11089679450142034,0.2626818078261761,0.5820820258919859,0.5954913867332878,0.6310940221423758,0.6098563019200129
0.18112837477503946,0.110861637626573,0.26266953145113026,0.5821761821421385,0.5955849242334403,0.6307224721414604,0.6096665519204707
0.18113609747084447,0.11085391493076799,0.26266953145113026,0.5819878696418332,0.5953978492331353,0.6309082471419181,0.6097614269202418
0.18125000141710718,0.11088907180561533,0.2626613472010998,0.5820820258919859,0.5953978492331353,0.6308153596416892,0.6095716769206996
0.1810376389161918,0.11082648075172566,0.26267362357614554,0.5819878696418332,0.5953043117329828,0.6309082471419181,0.6096665519204707
0.18114382016664948,0.110861637626573,0.2626818078261761,0.5820820258919859,0.5954913867332878,0.6308153596416892,0.6096665519204707
0.18109072954142053,0.11082648075172566,0.2626654393261151,0.5821761821421385,0.5955849242334403,0.6308153596416892,0.6097614269202418
0.18119691079187844,0.110861637626573,0.26267362357614554,0.5820820258919859,0.5951172367326774,0.6307224721414604,0.6093819269211573
0.18119691079187844,0.11090451719722534,0.2626654393261151,0.5820820258919859,0.5954913867332878,0.6308153596416892,0.6099511769197841
0.1810984522372255,0.110869360322378,0.2626818078261761,0.581799557141528,0.5965202992349663,0.6315584596435204,0.6105204269184108
0.18131081473814112,0.11082648075172566,0.26267362357614554,0.5819878696418332,0.5954913867332878,0.6305366971410027,0.6094768019209285
0.18120463348768343,0.110861637626573,0.2626654393261151,0.5819878696418332,0.5963332242346613,0.6315584596435204,0.6105204269184108
0.18099227098676782,0.110861637626573,0.2626654393261151,0.5822703383922911,0.5953978492331353,0.6305366971410027,0.6091921769216151
0.18120463348768343,0.11078360118107308,0.26267362357614554,0.5820820258919859,0.5953978492331353,0.6308153596416892,0.6095716769206996
0.18125772411291216,0.1109242286804629,0.26266953145113026,0.5823644946424438,0.5954913867332878,0.6308153596416892,0.6094768019209285
0.18115154286245447,0.110861637626573,0.26267771570116083,0.5819878696418332,0.5963332242346613,0.6316513471437493,0.6105204269184108
0.18125772411291216,0.11096710825111525,0.2626654393261151,0.5819878696418332,0.5953978492331353,0.6305366971410027,0.6094768019209285
0.18114382016664948,0.1107913238768781,0.26266953145113026,0.5819878696418332,0.5953978492331353,0.6307224721414604,0.6096665519204707
0.18119691079187844,0.11089679450142034,0.2626654393261151,0.5821761821421385,0.5954913867332878,0.6307224721414604,0.6095716769206996
0.18114382016664948,0.11083420344753066,0.26267771570116083,0.5820820258919859,0.5965202992349663,0.6319300096444358,0.6108999269174953
0.18113609747084447,0.110869360322378,0.26267362357614554,0.5822703383922911,0.5955849242334403,0.6309082471419181,0.6095716769206996
0.18118918809607343,0.1107990465726831,0.2626654393261151,0.5820820258919859,0.5954913867332878,0.6308153596416892,0.6097614269202418
0.18113609747084447,0.110869360322378,0.26267362357614554,0.5821761821421385,0.5955849242334403,0.6307224721414604,0.6095716769206996
0.18119691079187844,0.11083420344753066,0.26266953145113026,0.5818937133916806,0.5953978492331353,0.6305366971410027,0.6093819269211573
0.18119691079187844,0.110869360322378,0.26267362357614554,0.5820820258919859,0.5953978492331353,0.6308153596416892,0.6098563019200129
0.18125000141710718,0.1109396740720729,0.2626613472010998,0.5820820258919859,0.5954913867332878,0.6309082471419181,0.6096665519204707
0.18119691079187844,0.1109396740720729,0.2626572550760845,0.581799557141528,0.5953978492331353,0.6307224721414604,0.6095716769206996
0.18119691079187844,0.1109396740720729,0.2626654393261151,0.5820820258919859,0.5954913867332878,0.6310011346421469,0.6094768019209285
0.18114382016664948,0.110861637626573,0.26266953145113026,0.5820820258919859,0.5954913867332878,0.6307224721414604,0.6096665519204707
0.18120463348768343,0.1109319513762679,0.26266953145113026,0.5820820258919859,0.5939947867308464,0.6292362721377984,0.608338301923675
0.1810984522372255,0.11083420344753066,0.2626654393261151,0.581799557141528,0.5954913867332878,0.6307224721414604,0.6096665519204707
0.18125772411291216,0.110869360322378,0.26266953145113026,0.5818937133916806,0.5954913867332878,0.6307224721414604,0.6096665519204707
0.18114382016664948,0.11083420344753066,0.26266953145113026,0.5821761821421385,0.5954913867332878,0.6309082471419181,0.6096665519204707
0.18130309204233613,0.110869360322378,0.2626654393261151,0.5820820258919859,0.5957719992337458,0.6309082471419181,0.6099511769197841
0.18114382016664948,0.11090451719722534,0.2626654393261151,0.5820820258919859,0.5954913867332878,0.6308153596416892,0.6095716769206996
0.1810830068456155,0.1107990465726831,0.26267362357614554,0.5820820258919859,0.5953978492331353,0.6309082471419181,0.6098563019200129
0.18118918809607343,0.1107990465726831,0.26267362357614554,0.5820820258919859,0.5953043117329828,0.6306295846412315,0.6094768019209285
0.18118918809607343,0.11097483094692025,0.26267362357614554,0.5822703383922911,0.5955849242334403,0.6308153596416892,0.6097614269202418
0.18119691079187844,0.110869360322378,0.2626818078261761,0.5821761821421385,0.5957719992337458,0.6310940221423758,0.6098563019200129
0.18114382016664948,0.1107990465726831,0.26266953145113026,0.5822703383922911,0.5945560117317619,0.6300722596398585,0.6087178019227595
0.18109072954142053,0.110869360322378,0.26266953145113026,0.5819878696418332,0.5955849242334403,0.6307224721414604,0.6098563019200129
0.18125000141710718,0.110861637626573,0.2626654393261151,0.5822703383922911,0.5956784617335933,0.6308153596416892,0.6094768019209285
0.18114382016664948,0.110861637626573,0.2626818078261761,0.5819878696418332,0.5954913867332878,0.6307224721414604,0.6095716769206996
0.18119691079187844,0.11082648075172566,0.2626613472010998,0.5819878696418332,0.5952107742328303,0.6304438096407738,0.609097301921844
0.18099227098676782,0.1109319513762679,0.26267362357614554,0.5819878696418332,0.5951172367326774,0.6308153596416892,0.6094768019209285
0.18120463348768343,0.11075616700203075,0.26267362357614554,0.5820820258919859,0.5953978492331353,0.6309082471419181,0.6093819269211573
0.18120463348768343,0.110861637626573,0.2626818078261761,0.5819878696418332,0.5953978492331353,0.6309082471419181,0.6094768019209285
0.18120463348768343,0.110869360322378,0.2626654393261151,0.5820820258919859,0.5959590742340508,0.6310940221423758,0.6101409269193263
0.18104536161199677,0.11083420344753066,0.26266953145113026,0.5820820258919859,0.5953043117329828,0.6310940221423758,0.6097614269202418
0.18119691079187844,0.110869360322378,0.26267362357614554,0.5819878696418332,0.5953043117329828,0.6308153596416892,0.6096665519204707
0.18118918809607343,0.110861637626573,0.2626572550760845,0.5819878696418332,0.5953978492331353,0.6309082471419181,0.6095716769206996
0.18113609747084447,0.110861637626573,0.26266953145113026,0.5819878696418332,0.5954913867332878,0.6306295846412315,0.6095716769206996
0.18113609747084447,0.11082648075172566,0.26266953145113026,0.5821761821421385,0.5954913867332878,0.6306295846412315,0.6096665519204707
0.18113609747084447,0.1109319513762679,0.2626613472010998,0.5822703383922911,0.5955849242334403,0.6309082471419181,0.6097614269202418
0.18119691079187844,0.110861637626573,0.26267362357614554,0.5822703383922911,0.5978298242371027,0.6331375471474112,0.6120384269147487
0.18119691079187844,0.110861637626573,0.26266953145113026,0.5820820258919859,0.5955849242334403,0.6308153596416892,0.6095716769206996
0.18114382016664948,0.110861637626573,0.26266953145113026,0.5822703383922911,0.5954913867332878,0.6310011346421469,0.6095716769206996
0.18119691079187844,0.1107913238768781,0.26267362357614554,0.5819878696418332,0.5955849242334403,0.631186909642605,0.6097614269202418
0.18114382016664948,0.110861637626573,0.26267362357614554,0.5820820258919859,0.5941818617311518,0.629514934638485,0.608338301923675
0.18114382016664948,0.11082648075172566,0.2626654393261151,0.5820820258919859,0.5955849242334403,0.6309082471419181,0.6098563019200129
0.18125772411291216,0.11082648075172566,0.2626654393261151,0.5819878696418332,0.5954913867332878,0.6309082471419181,0.6095716769206996
0.18131081473814112,0.110861637626573,0.2626654393261151,0.5819878696418332,0.5957719992337458,0.631186909642605,0.6099511769197841
0.18119691079187844,0.1109319513762679,0.26267362357614554,0.5819878696418332,0.5953043117329828,0.6304438096407738,0.6095716769206996
0.18135618266756487,0.11096710825111525,0.2626654393261151,0.5823644946424438,0.5954913867332878,0.6306295846412315,0.6096665519204707
0.18119691079187844,0.110861637626573,0.2626572550760845,0.5819878696418332,0.5953978492331353,0.6308153596416892,0.6095716769206996
0.18129536934653112,0.1109319513762679,0.2626654393261151,0.5822703383922911,0.5951172367326774,0.6306295846412315,0.6096665519204707
0.18119691079187844,0.110861637626573,0.26266953145113026,0.5821761821421385,0.5968009117354243,0.6322086721451223,0.6110896769170375
0.18130309204233613,0.1109319513762679,0.26267362357614554,0.5821761821421385,0.5955849242334403,0.6305366971410027,0.6096665519204707
0.18119691079187844,0.1107913238768781,0.26267362357614554,0.5820820258919859,0.5954913867332878,0.6308153596416892,0.6095716769206996
0.18130309204233613,0.110861637626573,0.2626654393261151,0.5820820258919859,0.5959590742340508,0.6313726846430627,0.6103306769188686
0.18109072954142053,0.11082648075172566,0.26266953145113026,0.5820820258919859,0.5956784617335933,0.6309082471419181,0.6097614269202418
0.18114382016664948,0.1109319513762679,0.2626654393261151,0.5821761821421385,0.5954913867332878,0.6308153596416892,0.6095716769206996
0.18115154286245447,0.1107913238768781,0.2626818078261761,0.5821761821421385,0.5954913867332878,0.6307224721414604,0.6095716769206996
0.18120463348768343,0.11082648075172566,0.26267362357614554,0.5819878696418332,0.5953978492331353,0.6308153596416892,0.6096665519204707
0.18115154286245447,0.1109319513762679,0.26266953145113026,0.5823644946424438,0.5952107742328303,0.6307224721414604,0.6097614269202418
0.18131081473814112,0.1109319513762679,0.2626654393261151,0.5821761821421385,0.5953978492331353,0.6307224721414604,0.6095716769206996
0.18120463348768343,0.11082648075172566,0.26266953145113026,0.5822703383922911,0.5953978492331353,0.6309082471419181,0.6095716769206996
0.18120463348768343,0.11082648075172566,0.26267362357614554,0.5819878696418332,0.5954913867332878,0.6310011346421469,0.6097614269202418
0.1810984522372255,0.11082648075172566,0.26266953145113026,0.5819878696418332,0.5954913867332878,0.6307224721414604,0.6097614269202418
0.18120463348768343,0.110861637626573,0.2626818078261761,0.5820820258919859,0.5953978492331353,0.6308153596416892,0.6097614269202418
0.18125772411291216,0.11089679450142034,0.2626654393261151,0.5820820258919859,0.5940883242309989,0.629514934638485,0.6081485519241328
0.18120463348768343,0.110861637626573,0.2626818078261761,0.5821761821421385,0.5952107742328303,0.6307224721414604,0.6097614269202418
0.18120463348768343,0.1107913238768781,0.2626818078261761,0.5821761821421385,0.5938077117305414,0.6290504971373407,0.6080536769243616
0.18120463348768343,0.110861637626573,0.26266953145113026,0.5821761821421385,0.5953978492331353,0.6306295846412315,0.6098563019200129
0.18125772411291216,0.1107913238768781,0.26266953145113026,0.5819878696418332,0.5953978492331353,0.6308153596416892,0.6096665519204707
0.18109072954142053,0.11082648075172566,0.2626858999511913,0.5819878696418332,0.5955849242334403,0.6309082471419181,0.6098563019200129
0.18114382016664948,0.11082648075172566,0.2626654393261151,0.5821761821421385,0.5944624742316094,0.6298864846394003,0.6086229269229884
0.18114382016664948,0.110861637626573,0.26266953145113026,0.5818937133916806,0.5954913867332878,0.6310011346421469,0.6098563019200129
0.18135618266756487,0.1107913238768781,0.2626654393261151,0.581799557141528,0.5954913867332878,0.6308153596416892,0.6096665519204707
0.18135618266756487,0.1109319513762679,0.26266953145113026,0.5821761821421385,0.5954913867332878,0.6307224721414604,0.6095716769206996
0.18119691079187844,0.1109319513762679,0.2626654393261151,0.5820820258919859,0.5952107742328303,0.6305366971410027,0.6097614269202418
0.1810984522372255,0.1107913238768781,0.26267362357614554,0.5822703383922911,0.5956784617335933,0.6308153596416892,0.6096665519204707
0.18125772411291216,0.110861637626573,0.26267362357614554,0.5821761821421385,0.5961461492343558,0.6314655721432916,0.6105204269184108
0.18131081473814112,0.11082648075172566,0.2626654393261151,0.5823644946424438,0.5954913867332878,0.6309082471419181,0.6099511769197841
0.18119691079187844,0.11082648075172566,0.2626654393261151,0.5819878696418332,0.5966138367351188,0.6320228971446646,0.6110896769170375
0.18118918809607343,0.110861637626573,0.2626654393261151,0.5820820258919859,0.5946495492319148,0.6298864846394003,0.6088126769225306
0.18118918809607343,0.110861637626573,0.26266673561938003,0.5819878696418332,0.5954913867332878,0.6310011346421469,0.6095716769206996
0.18129536934653112,0.110861637626573,0.26268030828769084,0.5821761821421385,0.5953978492331353,0.6309082471419181,0.6097614269202418
0.1810376389161918,0.11090451719722534,0.26267212403766027,0.5821761821421385,0.5955849242334403,0.6308153596416892,0.6098563019200129
0.18109072954142053,0.11090451719722534,0.2626680319126451,0.5820820258919859,0.5953978492331353,0.6308153596416892,0.6095716769206996
0.18114382016664948,0.110869360322378,0.26267621616267556,0.5820820258919859,0.5953978492331353,0.6307224721414604,0.6095716769206996
0.18119691079187844,0.11077161239364075,0.26265575553759934,0.5822703383922911,0.5954913867332878,0.6307224721414604,0.6096665519204707
0.1810376389161918,0.11080676926848809,0.26267621616267556,0.5818937133916806,0.5953978492331353,0.6309082471419181,0.6098563019200129
0.18130309204233613,0.110877083018183,0.26267621616267556,0.5819878696418332,0.5955849242334403,0.6307224721414604,0.6094768019209285
0.18119691079187844,0.11091223989303034,0.2626680319126451,0.5821761821421385,0.5960526117342033,0.6312797971428339,0.6101409269193263
0.18125772411291216,0.1109473967678779,0.2626639397876298,0.5823644946424438,0.5958655367338983,0.6310940221423758,0.6097614269202418
0.18131081473814112,0.11098255364272525,0.2626680319126451,0.5820820258919859,0.5956784617335933,0.6309082471419181,0.6097614269202418
0.18120463348768343,0.11084192614333566,0.26267212403766027,0.5820820258919859,0.5954913867332878,0.6308153596416892,0.6097614269202418
0.18120463348768343,0.11084192614333566,0.2626639397876298,0.5821761821421385,0.5967073742352718,0.631837122144207,0.6108050519177242
0.18120463348768343,0.11090451719722534,0.26267212403766027,0.5819878696418332,0.5955849242334403,0.6309082471419181,0.6095716769206996
0.18115154286245447,0.110869360322378,0.2626680319126451,0.5820820258919859,0.5953978492331353,0.6310011346421469,0.6096665519204707
0.1810984522372255,0.1109396740720729,0.26267212403766027,0.5822703383922911,0.5959590742340508,0.6310940221423758,0.6100460519195552
0.18120463348768343,0.110869360322378,0.26267212403766027,0.5823644946424438,0.5957719992337458,0.6310011346421469,0.6100460519195552
0.18115154286245447,0.11091223989303034,0.2626598476626145,0.5819878696418332,0.5954913867332878,0.6308153596416892,0.6096665519204707
0.18120463348768343,0.11084192614333566,0.2626639397876298,0.5821761821421385,0.5963332242346613,0.6317442346439781,0.610710176917953
0.18120463348768343,0.11091223989303034,0.26267212403766027,0.5821761821421385,0.5953043117329828,0.6307224721414604,0.6092870519213862
0.1810984522372255,0.11077161239364075,0.26268440041270613,0.5818937133916806,0.5953978492331353,0.6307224721414604,0.6095716769206996
0.18119691079187844,0.110877083018183,0.26267621616267556,0.5820820258919859,0.5963332242346613,0.6315584596435204,0.6106153019181819
0.18114382016664948,0.110877083018183,0.2626680319126451,0.5819878696418332,0.5953978492331353,0.6307224721414604,0.6093819269211573
0.18125000141710718,0.11084192614333566,0.26267212403766027,0.5820820258919859,0.5953978492331353,0.6309082471419181,0.6099511769197841
0.18119691079187844,0.110877083018183,0.26268440041270613,0.5821761821421385,0.5954913867332878,0.6309082471419181,0.6096665519204707
0.18114382016664948,0.110869360322378,0.26268440041270613,0.5820820258919859,0.5953043117329828,0.6309082471419181,0.6097614269202418
0.18130309204233613,0.11090451719722534,0.2626639397876298,0.5822703383922911,0.5952107742328303,0.6309082471419181,0.6099511769197841
0.18115154286245447,0.11090451719722534,0.26268440041270613,0.5819878696418332,0.5957719992337458,0.6310940221423758,0.6098563019200129
0.18120463348768343,0.1109396740720729,0.26267212403766027,0.5821761821421385,0.5953978492331353,0.6307224721414604,0.6095716769206996
0.18115154286245447,0.1107990465726831,0.26268440041270613,0.581799557141528,0.5953978492331353,0.6310940221423758,0.6097614269202418
0.18136390536336985,0.110869360322378,0.26267212403766027,0.5819878696418332,0.5954913867332878,0.6309082471419181,0.6096665519204707
0.18115154286245447,0.11090451719722534,0.2626680319126451,0.5819878696418332,0.5962396867345088,0.6314655721432916,0.6102358019190974
0.18131081473814112,0.110869360322378,0.2626598476626145,0.5819878696418332,0.5957719992337458,0.631186909642605,0.6103306769188686
0.1810984522372255,0.1109396740720729,0.26268440041270613,0.5822703383922911,0.5947430867320673,0.6301651471400873,0.6088126769225306
0.18120463348768343,0.110869360322378,0.26267212403766027,0.5819878696418332,0.5957719992337458,0.6309082471419181,0.6097614269202418
0.1810984522372255,0.11090451719722534,0.26267621616267556,0.5820820258919859,0.5950236992325248,0.6306295846412315,0.6095716769206996
0.18125000141710718,0.11090451719722534,0.26267621616267556,0.581799557141528,0.5955849242334403,0.6309082471419181,0.6098563019200129
0.18114382016664948,0.1109396740720729,0.2626680319126451,0.5820820258919859,0.5954913867332878,0.6305366971410027,0.6096665519204707
0.18119691079187844,0.110869360322378,0.26267212403766027,0.5820820258919859,0.5959590742340508,0.6312797971428339,0.6102358019190974
0.18114382016664948,0.110869360322378,0.2626639397876298,0.5819878696418332,0.5958655367338983,0.6310011346421469,0.6100460519195552
0.18109072954142053,0.1107990465726831,0.2626680319126451,0.5818937133916806,0.5952107742328303,0.6305366971410027,0.6093819269211573
0.18125000141710718,0.1109396740720729,0.26268030828769084,0.5819878696418332,0.5954913867332878,0.6308153596416892,0.6096665519204707
0.18115154286245447,0.11083420344753066,0.26268440041270613,0.5819878696418332,0.5962396867345088,0.6316513471437493,0.6103306769188686
0.18120463348768343,0.110869360322378,0.26267212403766027,0.5819878696418332,0.5945560117317619,0.629514934638485,0.6086229269229884
0.18115154286245447,0.110869360322378,0.2626680319126451,0.5820820258919859,0.5952107742328303,0.630350922140545,0.6092870519213862
0.18104536161199677,0.11090451719722534,0.26267212403766027,0.5821761821421385,0.5953978492331353,0.6308153596416892,0.6099511769197841
0.18125772411291216,0.11090451719722534,0.2626639397876298,0.5820820258919859,0.5953978492331353,0.6307224721414604,0.6097614269202418
0.18115154286245447,0.11076388969783575,0.26267621616267556,0.5819878696418332,0.5944624742316094,0.629514934638485,0.6082434269239039
0.18131081473814112,0.110869360322378,0.2626639397876298,0.5819878696418332,0.5953978492331353,0.6307224721414604,0.6096665519204707
0.18136390536336985,0.11090451719722534,0.2626639397876298,0.5822703383922911,0.5955849242334403,0.6309082471419181,0.6095716769206996
0.18120463348768343,0.110869360322378,0.2626680319126451,0.5820820258919859,0.5954913867332878,0.6310011346421469,0.6096665519204707
0.1810984522372255,0.1107990465726831,0.26267212403766027,0.5819878696418332,0.5952107742328303,0.6309082471419181,0.6096665519204707
0.18130309204233613,0.110869360322378,0.2626680319126451,0.5822703383922911,0.5954913867332878,0.6308153596416892,0.6096665519204707
0.18114382016664948,0.11083420344753066,0.26267212403766027,0.5819878696418332,0.5953978492331353,0.6305366971410027,0.6095716769206996
0.18130309204233613,0.110869360322378,0.26267621616267556,0.5821761821421385,0.5954913867332878,0.6308153596416892,0.6096665519204707
0.18114382016664948,0.1107990465726831,0.26267621616267556,0.581799557141528,0.5955849242334403,0.6308153596416892,0.6095716769206996
0.18109072954142053,0.11090451719722534,0.26267621616267556,0.5820820258919859,0.5955849242334403,0.6309082471419181,0.6098563019200129
0.18119691079187844,0.11097483094692025,0.2626639397876298,0.5819878696418332,0.5955849242334403,0.6309082471419181,0.6099511769197841
0.18119691079187844,0.11083420344753066,0.26267212403766027,0.5821761821421385,0.5953978492331353,0.6309082471419181,0.6096665519204707
0.18125772411291216,0.110869360322378,0.2626639397876298,0.5821761821421385,0.5954913867332878,0.6307224721414604,0.6098563019200129
0.18120463348768343,0.11076388969783575,0.26268030828769084,0.5821761821421385,0.5956784617335933,0.6310011346421469,0.6096665519204707
0.18125772411291216,0.1109396740720729,0.2626680319126451,0.5821761821421385,0.5953978492331353,0.6308153596416892,0.6095716769206996
0.18125772411291216,0.11090451719722534,0.2626680319126451,0.5820820258919859,0.5963332242346613,0.631837122144207,0.6106153019181819
0.18120463348768343,0.110869360322378,0.2626680319126451,0.5820820258919859,0.5955849242334403,0.6308153596416892,0.6096665519204707
0.18120463348768343,0.11090451719722534,0.2626680319126451,0.5822703383922911,0.5954913867332878,0.6307224721414604,0.6098563019200129
0.18125772411291216,0.11090451719722534,0.26267212403766027,0.5819878696418332,0.5947430867320673,0.6300722596398585,0.6089075519223017
0.1810376389161918,0.11100998782176759,0.26267212403766027,0.5819878696418332,0.5955849242334403,0.6306295846412315,0.6095716769206996
0.18130309204233613,0.110869360322378,0.26268030828769084,0.5823644946424438,0.5955849242334403,0.6310940221423758,0.6097614269202418
0.18098454829096283,0.11083420344753066,0.26267621616267556,0.5818937133916806,0.5955849242334403,0.6309082471419181,0.6096665519204707
0.18109072954142053,0.110869360322378,0.2626680319126451,0.5821761821421385,0.5953978492331353,0.6306295846412315,0.6095716769206996
0.18109072954142053,0.11083420344753066,0.26267212403766027,0.5819878696418332,0.5960526117342033,0.6313726846430627,0.6106153019181819
0.18109072954142053,0.11098255364272525,0.26267212403766027,0.5821761821421385,0.5945560117317619,0.6297007096389426,0.6085280519232172
0.18114382016664948,0.11084192614333566,0.26268030828769084,0.5819878696418332,0.5953043117329828,0.6305366971410027,0.6092870519213862
0.18125000141710718,0.110877083018183,0.26267212403766027,0.5823644946424438,0.5943689367314569,0.6297007096389426,0.6081485519241328
0.18119691079187844,0.11084964883914065,0.26267212403766027,0.5821761821421385,0.5956784617335933,0.6309082471419181,0.6094768019209285
0.18120463348768343,0.110884805713988,0.26267212403766027,0.5820820258919859,0.5955849242334403,0.6308153596416892,0.6095716769206996
0.18115154286245447,0.110884805713988,0.26268030828769084,0.5820820258919859,0.5954913867332878,0.6308153596416892,0.6097614269202418
0.18120463348768343,0.11091996258883534,0.2626680319126451,0.5820820258919859,0.5956784617335933,0.6308153596416892,0.6095716769206996
0.18115154286245447,0.11091996258883534,0.26267212403766027,0.5820820258919859,0.5955849242334403,0.6310011346421469,0.6097614269202418
0.18125772411291216,0.11102543321337759,0.2626598476626145,0.5822703383922911,0.5957719992337458,0.6309082471419181,0.6099511769197841
0.18115154286245447,0.110884805713988,0.26268030828769084,0.581799557141528,0.5954913867332878,0.6305366971410027,0.6093819269211573
0.1810984522372255,0.11091996258883534,0.26268440041270613,0.5819878696418332,0.5951172367326774,0.6305366971410027,0.6091921769216151
0.18115154286245447,0.11091996258883534,0.26267212403766027,0.5820820258919859,0.5952107742328303,0.6309082471419181,0.6098563019200129
0.18119691079187844,0.110884805713988,0.26267621616267556,0.5819878696418332,0.5956784617335933,0.6310940221423758,0.6098563019200129
0.18119691079187844,0.110884805713988,0.2626639397876298,0.5820820258919859,0.5945560117317619,0.6297007096389426,0.6086229269229884
0.18114382016664948,0.110884805713988,0.2626680319126451,0.5819878696418332,0.5955849242334403,0.6309082471419181,0.6097614269202418
0.18114382016664948,0.110877083018183,0.26268030828769084,0.581799557141528,0.5953978492331353,0.6308153596416892,0.6098563019200129
0.18109072954142053,0.110877083018183,0.2626639397876298,0.5818937133916806,0.5952107742328303,0.6302580346403162,0.6092870519213862
0.18119691079187844,0.110884805713988,0.26267621616267556,0.5820820258919859,0.5956784617335933,0.6307224721414604,0.6098563019200129
0.18119691079187844,0.11081449196429309,0.26267621616267556,0.5820820258919859,0.5954913867332878,0.6309082471419181,0.6098563019200129
0.18125772411291216,0.11091996258883534,0.26267621616267556,0.5820820258919859,0.5966138367351188,0.6320228971446646,0.6106153019181819
0.18131081473814112,0.11084964883914065,0.26267212403766027,0.5821761821421385,0.5955849242334403,0.6307224721414604,0.6096665519204707
0.18120463348768343,0.11084964883914065,0.26267621616267556,0.5822703383922911,0.5953978492331353,0.6309082471419181,0.6097614269202418
0.18115154286245447,0.11084964883914065,0.26267212403766027,0.5822703383922911,0.5954913867332878,0.6306295846412315,0.6096665519204707
0.18115154286245447,0.110877083018183,0.26268440041270613,0.581799557141528,0.5953978492331353,0.6307224721414604,0.6096665519204707
0.18120463348768343,0.11084192614333566,0.26267212403766027,0.5820820258919859,0.5963332242346613,0.6316513471437493,0.6104255519186397
0.18120463348768343,0.11084192614333566,0.26267621616267556,0.5821761821421385,0.5957719992337458,0.6309082471419181,0.6096665519204707
0.18120463348768343,0.110877083018183,0.2626639397876298,0.5818937133916806,0.5955849242334403,0.6310940221423758,0.6097614269202418
0.18120463348768343,0.11091223989303034,0.26267621616267556,0.5821761821421385,0.5956784617335933,0.6308153596416892,0.6096665519204707
0.18115154286245447,0.11091223989303034,0.26267621616267556,0.5820820258919859,0.5955849242334403,0.6307224721414604,0.6095716769206996
0.18099227098676782,0.110877083018183,0.2626680319126451,0.5821761821421385,0.5958655367338983,0.6310940221423758,0.6099511769197841
0.18119691079187844,0.1109473967678779,0.2626680319126451,0.5820820258919859,0.5953043117329828,0.6310011346421469,0.6097614269202418
0.18114382016664948,0.11098255364272525,0.26267212403766027,0.5821761821421385,0.5954913867332878,0.6310940221423758,0.6097614269202418
0.18125000141710718,0.11091223989303034,0.26267621616267556,0.5821761821421385,0.5941818617311518,0.6292362721377984,0.608338301923675
0.18114382016664948,0.110877083018183,0.26268440041270613,0.5821761821421385,0.5957719992337458,0.631186909642605,0.6101409269193263
0.18114382016664948,0.11084192614333566,0.2626639397876298,0.5821761821421385,0.5952107742328303,0.630350922140545,0.6093819269211573
0.18119691079187844,0.110877083018183,0.2626598476626145,0.5822703383922911,0.5951172367326774,0.6305366971410027,0.6093819269211573
0.18135618266756487,0.11084192614333566,0.2626680319126451,0.5821761821421385,0.5953978492331353,0.6309082471419181,0.6097614269202418
0.18130309204233613,0.110877083018183,0.26267621616267556,0.5821761821421385,0.5955849242334403,0.6309082471419181,0.6097614269202418
0.18131081473814112,0.110877083018183,0.26267621616267556,0.5822703383922911,0.5954913867332878,0.6307224721414604,0.6097614269202418
0.18115154286245447,0.11091223989303034,0.26267621616267556,0.5819878696418332,0.5953978492331353,0.6308153596416892,0.6093819269211573
0.18131081473814112,0.11091223989303034,0.2626680319126451,0.5821761821421385,0.5957719992337458,0.6310940221423758,0.6099511769197841
0.3928295894412168,0.21519757480435178,0.28554116766756976,1.1782055929615436,1.2006866100708513,1.246047475370313,1.2196810207168063
0.3929965840127085,0.21512726105465688,0.28554116766756976,1.1782055929615436,1.2012478350717668,1.2466048003716865,1.2195861457170352
0.3928904027622508,0.21520529750015677,0.2855506482108653,1.1782997492116962,1.2004059975703933,1.24549015036894,1.2189220207186373
0.39301202940431845,0.21523273167919912,0.28554655608585,1.1782055929615436,1.2011542975716138,1.2462332503707707,1.2195861457170352
0.3928981254580558,0.2151195383588519,0.2855506482108653,1.1782997492116962,1.2009672225713088,1.246047475370313,1.2196810207168063
0.3929434933874795,0.21515469523369923,0.28555883246089575,1.1780172804612383,1.2005930725706984,1.2457688128696265,1.219396395717493
0.39298886131690347,0.21518212941274178,0.28554655608585,1.1783939054618489,1.2007801475710038,1.2464190253712284,1.2195861457170352
0.3928749573706408,0.21524472046663146,0.2855383718358194,1.1783939054618489,1.2008736850711563,1.2462332503707707,1.219491270717264
0.3928672346748358,0.21517440671693677,0.28554655608585,1.1783939054618489,1.2007801475710038,1.2462332503707707,1.219491270717264
0.39281414404960685,0.21518212941274178,0.28554655608585,1.1783939054618489,1.2010607600714613,1.246047475370313,1.2197758957165774
0.39291260260425953,0.21515469523369923,0.2855506482108653,1.1782997492116962,1.2008736850711563,1.246047475370313,1.219396395717493
0.39292032530006454,0.21523273167919912,0.2855534440426155,1.1783939054618489,1.2011542975716138,1.2462332503707707,1.2195861457170352
0.3928672346748358,0.21523273167919912,0.285545259792585,1.1784880617120015,1.2020896725731398,1.2473479003735173,1.2205348957147464
0.3929811386210985,0.21519757480435178,0.2855575361676308,1.1782997492116962,1.2009672225713088,1.2463261378709996,1.2196810207168063
0.3928826800664458,0.21520529750015677,0.2855370755425545,1.1782055929615436,1.2018090600726823,1.2473479003735173,1.2206297707145175
0.39283731213702183,0.2151701406253092,0.285545259792585,1.1782997492116962,1.2011542975716138,1.2462332503707707,1.2195861457170352
0.3929434933874795,0.21519757480435178,0.2855534440426155,1.1782997492116962,1.2008736850711563,1.246047475370313,1.2196810207168063
0.3928904027622508,0.2151898521085468,0.2855370755425545,1.1783939054618489,1.2011542975716138,1.2462332503707707,1.2199656457161197
0.39283731213702183,0.2151898521085468,0.2855534440426155,1.1783939054618489,1.2008736850711563,1.2463261378709996,1.2197758957165774
0.39283731213702183,0.2151898521085468,0.2855534440426155,1.1782055929615436,1.2010607600714613,1.246047475370313,1.2197758957165774
0.3928295894412168,0.21514697253789422,0.2855575361676308,1.1782055929615436,1.2009672225713088,1.2462332503707707,1.2197758957165774
0.39271568549495417,0.2151898521085468,0.2855493519176003,1.1782055929615436,1.1998447725694779,1.2450257128677953,1.2184476457197817
0.3928295894412168,0.21522500898339414,0.285545259792585,1.1782055929615436,1.2016219850723768,1.246883462872373,1.220250270715433
0.39277649881598786,0.21519757480435178,0.285545259792585,1.1782055929615436,1.2004995350705459,1.2458617003698553,1.2190168957184084
0.3928826800664458,0.21519757480435178,0.2855534440426155,1.1785822179621541,1.2008736850711563,1.2462332503707707,1.219491270717264
0.3929965840127085,0.21519757480435178,0.2855534440426155,1.1784880617120015,1.2010607600714613,1.2462332503707707,1.219491270717264
0.3929434933874795,0.21523273167919912,0.2855493519176003,1.1783939054618489,1.2008736850711563,1.2461403628705419,1.219396395717493
0.3927687761201829,0.21520529750015677,0.2855534440426155,1.1783939054618489,1.2014349100720718,1.2464190253712284,1.2199656457161197
0.39281414404960685,0.21519757480435178,0.2855534440426155,1.1783939054618489,1.2007801475710038,1.2463261378709996,1.2196810207168063
0.39292032530006454,0.21526788855404647,0.285545259792585,1.1785822179621541,1.2006866100708513,1.2463261378709996,1.2192066457179507
0.39280642135380184,0.21519757480435178,0.2855493519176003,1.1782055929615436,1.2013413725719193,1.2466976878719154,1.2197758957165774
0.3928595119790308,0.21516241792950422,0.2855493519176003,1.1782055929615436,1.2001253850699354,1.2458617003698553,1.2192066457179507
0.39292804799586956,0.21530304542889403,0.285545259792585,1.1783939054618489,1.2008736850711563,1.2463261378709996,1.2196810207168063
0.3928904027622508,0.2151195383588519,0.2855493519176003,1.1783939054618489,1.1993770850687149,1.24465416286688,1.217973270720926
0.3929434933874795,0.2151898521085468,0.2855493519176003,1.1784880617120015,1.2010607600714613,1.2461403628705419,1.2197758957165774
0.3929434933874795,0.21523273167919912,0.285545259792585,1.1782055929615436,1.2008736850711563,1.2464190253712284,1.2197758957165774
0.3929434933874795,0.21519757480435178,0.2855534440426155,1.1782055929615436,1.2019025975728348,1.246976350372602,1.2205348957147464
0.3929965840127085,0.21523273167919912,0.2855493519176003,1.1782997492116962,1.2008736850711563,1.2461403628705419,1.2195861457170352
0.39273885358236915,0.21519757480435178,0.28556981254267655,1.1782055929615436,1.2008736850711563,1.2462332503707707,1.2197758957165774
0.3929357706916745,0.2151701406253092,0.285545259792585,1.1782055929615436,1.2008736850711563,1.2461403628705419,1.219396395717493
0.3929811386210985,0.2152404543750041,0.28553298341753924,1.1786763742123068,1.2011542975716138,1.2462332503707707,1.219491270717264
0.3927610534243779,0.21516241792950422,0.28554116766756976,1.1783939054618489,1.2009672225713088,1.2463261378709996,1.219491270717264
0.3928672346748358,0.21526788855404647,0.285545259792585,1.1783939054618489,1.2009672225713088,1.2461403628705419,1.2196810207168063
0.39280642135380184,0.21519757480435178,0.285545259792585,1.1783939054618489,1.19956416006902,1.2444683878664222,1.2180681457206972
0.39292032530006454,0.2151898521085468,0.28554116766756976,1.1784880617120015,1.2008736850711563,1.2464190253712284,1.2196810207168063
0.3928749573706408,0.21529532273308905,0.285545259792585,1.1782997492116962,1.2007801475710038,1.2461403628705419,1.219396395717493
0.3929434933874795,0.21526788855404647,0.2855493519176003,1.1784880617120015,1.2019961350729873,1.2471621253730596,1.2208195207140597
0.3928981254580558,0.21516241792950422,0.28554116766756976,1.1782997492116962,1.2020896725731398,1.2472550128732884,1.2205348957147464
0.39295121608328454,0.21523273167919912,0.285545259792585,1.1784880617120015,1.1996576975691728,1.2447470503671088,1.2183527707200106
0.39284503483282684,0.21512726105465688,0.2855493519176003,1.1782055929615436,1.2008736850711563,1.2465119128714577,1.2196810207168063
0.39273113088656414,0.21520529750015677,0.285545259792585,1.1782055929615436,1.2005930725706984,1.2461403628705419,1.2191117707181796
0.3928295894412168,0.2151701406253092,0.2855534440426155,1.1782997492116962,1.2007801475710038,1.2462332503707707,1.219491270717264
0.3929357706916745,0.21527561124985145,0.2855493519176003,1.1783939054618489,1.2009672225713088,1.2462332503707707,1.2198707707163485
0.3929357706916745,0.21508438148400455,0.2855534440426155,1.1783939054618489,1.2008736850711563,1.2462332503707707,1.2196810207168063
0.39277649881598786,0.21522500898339414,0.2855534440426155,1.1784880617120015,1.2008736850711563,1.2461403628705419,1.219491270717264
0.3928295894412168,0.21515469523369923,0.2855534440426155,1.1784880617120015,1.2015284475722243,1.2467905753721442,1.220250270715433
0.39292804799586956,0.21523273167919912,0.2855534440426155,1.1782997492116962,1.2010607600714613,1.2462332503707707,1.2196810207168063
0.3926625948697252,0.21519757480435178,0.285545259792585,1.1782055929615436,1.2008736850711563,1.2463261378709996,1.2195861457170352
0.3928904027622508,0.21523273167919912,0.285545259792585,1.1783939054618489,1.2008736850711563,1.2463261378709996,1.2195861457170352
0.3928295894412168,0.21523273167919912,0.28554116766756976,1.1782997492116962,1.2008736850711563,1.2462332503707707,1.2195861457170352
0.3928826800664458,0.21523273167919912,0.28554116766756976,1.1784880617120015,1.2008736850711563,1.2462332503707707,1.2195861457170352
0.3928826800664458,0.21519757480435178,0.2855370755425545,1.1782997492116962,1.2011542975716138,1.2462332503707707,1.2197758957165774
0.3928295894412168,0.21520529750015677,0.28556162829264603,1.1783939054618489,1.2011542975716138,1.2465119128714577,1.2198707707163485
0.3928295894412168,0.21527561124985145,0.285545259792585,1.1782997492116962,1.1997512350693254,1.2448399378673376,1.2184476457197817
0.39282186674541186,0.2151701406253092,0.28556162829264603,1.178111436711391,1.2008736850711563,1.2462332503707707,1.2196810207168063
0.39273113088656414,0.2151701406253092,0.285545259792585,1.1783939054618489,1.2011542975716138,1.2464190253712284,1.2197758957165774
0.3928981254580558,0.21509982687561452,0.285545259792585,1.1782055929615436,1.2008736850711563,1.2462332503707707,1.2196810207168063
0.3928904027622508,0.21526788855404647,0.28554116766756976,1.1783939054618489,1.2013413725719193,1.2463261378709996,1.2200605207158908
0.3928904027622508,0.21519757480435178,0.28556162829264603,1.1782055929615436,1.2013413725719193,1.246883462872373,1.2200605207158908
0.39283731213702183,0.21505694730496197,0.28556162829264603,1.178111436711391,1.2007801475710038,1.2462332503707707,1.2195861457170352
0.39283731213702183,0.21523273167919912,0.2855534440426155,1.1784880617120015,1.2006866100708513,1.2458617003698553,1.2195861457170352
0.3928295894412168,0.21519757480435178,0.2855534440426155,1.1782997492116962,1.2007801475710038,1.2462332503707707,1.2197758957165774
0.3929357706916745,0.21523273167919912,0.28554116766756976,1.1783939054618489,1.2009672225713088,1.246047475370313,1.219491270717264
0.3928826800664458,0.21523273167919912,0.2855370755425545,1.1782055929615436,1.2008736850711563,1.2461403628705419,1.2195861457170352
0.3927234081907591,0.21519757480435178,0.285545259792585,1.1783939054618489,1.2007801475710038,1.2458617003698553,1.2196810207168063
0.3929357706916745,0.21523273167919912,0.285545259792585,1.1782997492116962,1.2008736850711563,1.2458617003698553,1.2195861457170352
0.39277649881598786,0.21523273167919912,0.2855534440426155,1.177828967960933,1.1997512350693254,1.2447470503671088,1.2184476457197817
0.3929357706916745,0.21512726105465688,0.2855493519176003,1.178111436711391,1.2006866100708513,1.2462332503707707,1.219491270717264
0.3928295894412168,0.21516241792950422,0.2855493519176003,1.1782997492116962,1.2005930725706984,1.246047475370313,1.2195861457170352
0.3927234081907591,0.21512726105465688,0.2855534440426155,1.1783939054618489,1.2010607600714613,1.2463261378709996,1.2197758957165774
0.39298886131690347,0.21519757480435178,0.2855493519176003,1.1782055929615436,1.2010607600714613,1.2466048003716865,1.2195861457170352
0.3928826800664458,0.21516241792950422,0.2855534440426155,1.1782055929615436,1.2016219850723768,1.2466976878719154,1.220250270715433
0.39283731213702183,0.21519757480435178,0.285545259792585,1.1784880617120015,1.2009672225713088,1.2463261378709996,1.2196810207168063
0.39283731213702183,0.21523273167919912,0.2855534440426155,1.1782055929615436,1.2008736850711563,1.2466048003716865,1.2197758957165774
0.3928295894412168,0.21516241792950422,0.2855534440426155,1.1783939054618489,1.2010607600714613,1.2461403628705419,1.2197758957165774
0.39282186674541186,0.21512726105465688,0.2855493519176003,1.1782055929615436,1.2010607600714613,1.2463261378709996,1.2196810207168063
0.39292804799586956,0.21516241792950422,0.28554116766756976,1.1784880617120015,1.2008736850711563,1.2462332503707707,1.2197758957165774
0.39309504256736116,0.21519757480435178,0.2855493519176003,1.1786763742123068,1.2007801475710038,1.2458617003698553,1.219491270717264
0.3928295894412168,0.21526788855404647,0.285545259792585,1.1782997492116962,1.2014349100720718,1.2471621253730596,1.2204400207149753
0.3928295894412168,0.21523273167919912,0.285545259792585,1.1784880617120015,1.2018090600726823,1.2472550128732884,1.2203451457152041
0.39282186674541186,0.21526788855404647,0.2855493519176003,1.1782997492116962,1.2007801475710038,1.2463261378709996,1.2196810207168063
0.3928826800664458,0.21512726105465688,0.285545259792585,1.1784880617120015,1.2009672225713088,1.2461403628705419,1.2196810207168063
0.3928749573706408,0.21523273167919912,0.285545259792585,1.1782055929615436,1.2019025975728348,1.2471621253730596,1.2207246457142886
0.39292804799586956,0.21519757480435178,0.2855534440426155,1.1783939054618489,1.2008736850711563,1.2463261378709996,1.219491270717264
0.3928826800664458,0.21523273167919912,0.2855534440426155,1.1782997492116962,1.2009672225713088,1.2462332503707707,1.2196810207168063
0.3929357706916745,0.21519757480435178,0.28554116766756976,1.1783939054618489,1.2008736850711563,1.2461403628705419,1.2195861457170352
0.3928295894412168,0.21523273167919912,0.2855534440426155,1.1782997492116962,1.2006866100708513,1.2459545878700842,1.2193015207177218
0.39277649881598786,0.21523273167919912,0.285545259792585,1.1782055929615436,1.2007801475710038,1.2464190253712284,1.2195861457170352
0.39283731213702183,0.21523273167919912,0.2855534440426155,1.1782055929615436,1.2015284475722243,1.246883462872373,1.2200605207158908
0.39304967463793744,0.21519757480435178,0.285545259792585,1.1783939054618489,1.2010607600714613,1.2461403628705419,1.2198707707163485
0.39277649881598786,0.21526788855404647,0.2855493519176003,1.1782055929615436,1.2010607600714613,1.2462332503707707,1.2196810207168063
0.3928826800664458,0.21526788855404647,0.2855493519176003,1.1783939054618489,1.2012478350717668,1.2464190253712284,1.2198707707163485
0.39270796279914916,0.21523273167919912,0.2855534440426155,1.1782997492116962,1.2001253850699354,1.245397262868711,1.2185425207195528
0.39281414404960685,0.21519757480435178,0.2855493519176003,1.1782055929615436,1.2009672225713088,1.2461403628705419,1.2196810207168063
0.39292032530006454,0.21523273167919912,0.285545259792585,1.1782055929615436,1.2019025975728348,1.246976350372602,1.2203451457152041
0.39282186674541186,0.21516241792950422,0.2855534440426155,1.1783939054618489,1.2012478350717668,1.2461403628705419,1.2198707707163485
0.3928295894412168,0.2152404543750041,0.285545259792585,1.1782055929615436,1.2007801475710038,1.2458617003698553,1.219491270717264
0.3928295894412168,0.2152404543750041,0.2855493519176003,1.1782055929615436,1.2021832100732923,1.2473479003735173,1.221009270713602
0.3928826800664458,0.21521302019596178,0.2855493519176003,1.1783939054618489,1.2013413725719193,1.2466048003716865,1.2198707707163485
0.3929357706916745,0.21524817707080912,0.2855493519176003,1.1783939054618489,1.2010607600714613,1.2463261378709996,1.2197758957165774
0.3928295894412168,0.21514270644626687,0.28554116766756976,1.1782997492116962,1.2008736850711563,1.2463261378709996,1.2196810207168063
0.3929434933874795,0.21521302019596178,0.28554116766756976,1.1785822179621541,1.2008736850711563,1.2463261378709996,1.2195861457170352
0.39283731213702183,0.21510754957141953,0.2855493519176003,1.1782997492116962,1.1996576975691728,1.2451186003680241,1.2183527707200106
0.3928295894412168,0.21524817707080912,0.28554785237911495,1.1783939054618489,1.2010607600714613,1.2461403628705419,1.2196810207168063
0.3928826800664458,0.21521302019596178,0.2855437602540998,1.1783939054618489,1.2019025975728348,1.2473479003735173,1.2209143957138309
0.3928295894412168,0.21524817707080912,0.28555194450413024,1.1784880617120015,1.2010607600714613,1.246047475370313,1.2195861457170352
0.3928826800664458,0.21524817707080912,0.28555194450413024,1.1782997492116962,1.2008736850711563,1.2462332503707707,1.2196810207168063
0.3929811386210985,0.2151701406253092,0.28555194450413024,1.1782997492116962,1.2016219850723768,1.246976350372602,1.2200605207158908
0.3928749573706408,0.21527561124985145,0.28555194450413024,1.1782997492116962,1.2009672225713088,1.2461403628705419,1.2195861457170352
0.39282186674541186,0.2152404543750041,0.2855560366291455,1.1785822179621541,1.2004995350705459,1.245397262868711,1.2191117707181796
0.3927842215117929,0.2152404543750041,0.2855560366291455,1.1780172804612383,1.1993770850687149,1.2447470503671088,1.2180681457206972
0.39283731213702183,0.2152404543750041,0.2855437602540998,1.1783939054618489,1.2008736850711563,1.2462332503707707,1.2198707707163485
0.3928295894412168,0.21521302019596178,0.28555194450413024,1.1784880617120015,1.2011542975716138,1.2463261378709996,1.2197758957165774
0.3928749573706408,0.21521302019596178,0.2855355760040692,1.1782055929615436,1.2018090600726823,1.2471621253730596,1.2205348957147464
0.39282186674541186,0.21521302019596178,0.2855560366291455,1.1783939054618489,1.2010607600714613,1.2462332503707707,1.2196810207168063
0.39282186674541186,0.21521302019596178,0.28554785237911495,1.1782997492116962,1.2008736850711563,1.2464190253712284,1.2198707707163485
0.39282186674541186,0.21521302019596178,0.2855560366291455,1.1782997492116962,1.2007801475710038,1.2461403628705419,1.2196810207168063
0.3928295894412168,0.21520529750015677,0.2855437602540998,1.1782055929615436,1.2008736850711563,1.2462332503707707,1.219491270717264
0.39298886131690347,0.21520529750015677,0.2855560366291455,1.1783939054618489,1.2012478350717668,1.2462332503707707,1.2199656457161197
0.3928295894412168,0.21513498375046186,0.28554785237911495,1.1780172804612383,1.2012478350717668,1.2462332503707707,1.2195861457170352
0.39298886131690347,0.21520529750015677,0.28555194450413024,1.1785822179621541,1.2008736850711563,1.2462332503707707,1.2196810207168063
0.3929434933874795,0.21520529750015677,0.28554785237911495,1.1783939054618489,1.2013413725719193,1.246883462872373,1.220155395715662
0.3927842215117929,0.21513498375046186,0.28554785237911495,1.1782055929615436,1.2008736850711563,1.2458617003698553,1.2196810207168063
0.3928826800664458,0.2151701406253092,0.2855437602540998,1.1782997492116962,1.2008736850711563,1.2462332503707707,1.2198707707163485
0.3928295894412168,0.21520529750015677,0.28554785237911495,1.1782055929615436,1.2018090600726823,1.2467905753721442,1.220155395715662
0.39281414404960685,0.21527561124985145,0.2855560366291455,1.1782055929615436,1.2010607600714613,1.2461403628705419,1.2197758957165774
0.39281414404960685,0.2152404543750041,0.2855437602540998,1.1783939054618489,1.2009672225713088,1.2462332503707707,1.2197758957165774
0.39292032530006454,0.2151701406253092,0.2855437602540998,1.1782055929615436,1.2018090600726823,1.2474407878737461,1.2206297707145175
0.39292804799586956,0.2152404543750041,0.28554785237911495,1.1782055929615436,1.2006866100708513,1.2462332503707707,1.2195861457170352
0.3928826800664458,0.21527561124985145,0.28555194450413024,1.1783939054618489,1.2007801475710038,1.246047475370313,1.219491270717264
0.3929357706916745,0.2152404543750041,0.28554785237911495,1.1783939054618489,1.2010607600714613,1.2462332503707707,1.2196810207168063
0.39295121608328454,0.2151701406253092,0.2855601287541608,1.1783939054618489,1.2008736850711563,1.2463261378709996,1.2198707707163485
0.39295121608328454,0.21520529750015677,0.2855437602540998,1.1782997492116962,1.2010607600714613,1.2463261378709996,1.2198707707163485
0.3927842215117929,0.21506467000076696,0.2855560366291455,1.1783939054618489,1.2010607600714613,1.2462332503707707,1.2196810207168063
0.3929357706916745,0.21520529750015677,0.28554785237911495,1.1782055929615436,1.2008736850711563,1.2462332503707707,1.2197758957165774
0.3928826800664458,0.2152404543750041,0.2855396681290845,1.1783939054618489,1.2010607600714613,1.2462332503707707,1.2195861457170352
0.3929357706916745,0.21520529750015677,0.28554785237911495,1.178770530462459,1.2014349100720718,1.2466976878719154,1.2200605207158908
0.3927234081907591,0.21513498375046186,0.2855601287541608,1.1782997492116962,1.2008736850711563,1.2462332503707707,1.2196810207168063
0.3928826800664458,0.21520529750015677,0.2855560366291455,1.1785822179621541,1.2007801475710038,1.246047475370313,1.219491270717264
0.3928295894412168,0.21527561124985145,0.28555194450413024,1.1783939054618489,1.2010607600714613,1.246047475370313,1.2193015207177218
0.39282186674541186,0.21520529750015677,0.2855560366291455,1.1782997492116962,1.2010607600714613,1.2458617003698553,1.219491270717264
0.39282186674541186,0.2152404543750041,0.28555194450413024,1.1784880617120015,1.2022767475734453,1.2474407878737461,1.221009270713602
0.39292804799586956,0.2152404543750041,0.28554785237911495,1.1782997492116962,1.2009672225713088,1.2461403628705419,1.2195861457170352
0.3928749573706408,0.21520529750015677,0.28555194450413024,1.1782055929615436,1.2019961350729873,1.246976350372602,1.2207246457142886
0.39292804799586956,0.2151701406253092,0.2855560366291455,1.1785822179621541,1.2005930725706984,1.2457688128696265,1.219491270717264
0.3928749573706408,0.2152404543750041,0.28554785237911495,1.1785822179621541,1.2010607600714613,1.2463261378709996,1.2197758957165774
0.3928295894412168,0.2151701406253092,0.2855437602540998,1.1782055929615436,1.2009672225713088,1.2463261378709996,1.2197758957165774
0.3928904027622508,0.21520529750015677,0.2855601287541608,1.1784880617120015,1.2017155225725298,1.2470692378728307,1.2203451457152041
0.39298886131690347,0.2152404543750041,0.2855601287541608,1.1782055929615436,1.2012478350717668,1.2465119128714577,1.2196810207168063
0.3927234081907591,0.21520529750015677,0.2855601287541608,1.1782997492116962,1.2010607600714613,1.2462332503707707,1.2199656457161197
0.3928826800664458,0.21520529750015677,0.2855560366291455,1.1783939054618489,1.2009672225713088,1.2465119128714577,1.2198707707163485
0.39304967463793744,0.21513498375046186,0.2855437602540998,1.1782997492116962,1.2009672225713088,1.2463261378709996,1.2195861457170352
0.39273113088656414,0.21520529750015677,0.28555194450413024,1.1782055929615436,1.2010607600714613,1.2463261378709996,1.2197758957165774
0.3929357706916745,0.21513498375046186,0.28554785237911495,1.1782997492116962,1.2011542975716138,1.2461403628705419,1.2197758957165774
0.3927234081907591,0.2151701406253092,0.28554785237911495,1.1782055929615436,1.2010607600714613,1.2464190253712284,1.2196810207168063
0.3929357706916745,0.2151701406253092,0.2855560366291455,1.1782997492116962,1.2008736850711563,1.2463261378709996,1.2197758957165774
0.3927234081907591,0.2151701406253092,0.2855560366291455,1.178111436711391,1.2009672225713088,1.2462332503707707,1.2198707707163485
0.3927234081907591,0.21513498375046186,0.28554785237911495,1.1783939054618489,1.2011542975716138,1.2462332503707707,1.2196810207168063
0.3928826800664458,0.21521302019596178,0.28554785237911495,1.1784880617120015,1.1997512350693254,1.2448399378673376,1.2184476457197817
0.3928749573706408,0.21529105664146148,0.2855560366291455,1.1784880617120015,1.2011542975716138,1.2464190253712284,1.2198707707163485
0.39298886131690347,0.2152207428917668,0.2855560366291455,1.1785822179621541,1.2009672225713088,1.2465119128714577,1.2195861457170352
0.3928295894412168,0.21529105664146148,0.28554785237911495,1.1785822179621541,1.2010607600714613,1.2463261378709996,1.2197758957165774
0.39277649881598786,0.2152207428917668,0.28554785237911495,1.1783939054618489,1.2008736850711563,1.2462332503707707,1.2195861457170352
0.3929357706916745,0.21525589976661413,0.2855601287541608,1.1783939054618489,1.2009672225713088,1.2463261378709996,1.2198707707163485
0.3928295894412168,0.21518558601691923,0.2855560366291455,1.1782055929615436,1.2005930725706984,1.2459545878700842,1.2196810207168063
0.39283731213702183,0.2152207428917668,0.28554785237911495,1.1783939054618489,1.2009672225713088,1.2464190253712284,1.2197758957165774
0.3928904027622508,0.21529105664146148,0.28555194450413024,1.1780172804612383,1.2010607600714613,1.2462332503707707,1.2197758957165774
0.39277649881598786,0.21518558601691923,0.28555194450413024,1.1782997492116962,1.2010607600714613,1.2463261378709996,1.219491270717264
0.3928826800664458,0.21517786332111422,0.28554785237911495,1.1782997492116962,1.2010607600714613,1.2461403628705419,1.2198707707163485
0.3928295894412168,0.21517786332111422,0.28554785237911495,1.1783939054618489,1.2010607600714613,1.2463261378709996,1.2197758957165774
0.3927234081907591,0.21517786332111422,0.2855437602540998,1.1782997492116962,1.2007801475710038,1.246047475370313,1.219491270717264
0.3929357706916745,0.21528333394565646,0.2855437602540998,1.1784880617120015,1.2008736850711563,1.2462332503707707,1.2196810207168063
0.39282186674541186,0.21524817707080912,0.2855437602540998,1.1783939054618489,1.2010607600714613,1.2463261378709996,1.2196810207168063
0.3927687761201829,0.21521302019596178,0.2855601287541608,1.1783939054618489,1.2008736850711563,1.2461403628705419,1.2195861457170352
0.3928749573706408,0.21524817707080912,0.2855396681290845,1.1782997492116962,1.2010607600714613,1.2462332503707707,1.2196810207168063
0.3929811386210985,0.21521302019596178,0.28555194450413024,1.1785822179621541,1.2011542975716138,1.246047475370313,1.2196810207168063
0.3928749573706408,0.2151504291420719,0.28554785237911495,1.1782055929615436,1.198254635066884,1.2430750753629887,1.2166450207241304
0.39292804799586956,0.21517786332111422,0.285564220879176,1.1783939054618489,1.2008736850711563,1.2462332503707707,1.2196810207168063
0.3927687761201829,0.21524817707080912,0.28554785237911495,1.1783939054618489,1.2008736850711563,1.2464190253712284,1.2196810207168063
0.39298886131690347,0.21528333394565646,0.2855396681290845,1.1783939054618489,1.2004995350705459,1.2458617003698553,1.219396395717493
0.3928826800664458,0.21517786332111422,0.28554785237911495,1.1783939054618489,1.2006866100708513,1.2458617003698553,1.2192066457179507
0.3928295894412168,0.21514270644626687,0.2855560366291455,1.1783939054618489,1.2010607600714613,1.2462332503707707,1.2197758957165774
0.3928826800664458,0.21510754957141953,0.2855437602540998,1.1782055929615436,1.2030250475746658,1.2481838878755773,1.2216733957119998
0.3928904027622508,0.21514270644626687,0.2855560366291455,1.1783939054618489,1.2010607600714613,1.2461403628705419,1.219491270717264
0.39273113088656414,0.21524817707080912,0.2855437602540998,1.1785822179621541,1.2008736850711563,1.2462332503707707,1.2195861457170352
0.3929357706916745,0.21524817707080912,0.2855437602540998,1.1783939054618489,1.2007801475710038,1.246047475370313,1.219396395717493
0.3928826800664458,0.21524817707080912,0.2855437602540998,1.1783939054618489,1.2010607600714613,1.246047475370313,1.2196810207168063
0.3929357706916745,0.21524817707080912,0.2855437602540998,1.1783939054618489,1.2008736850711563,1.2462332503707707,1.2198707707163485
0.3929357706916745,0.21528333394565646,0.2855437602540998,1.1780172804612383,1.2014349100720718,1.246976350372602,1.2199656457161197
0.3928295894412168,0.21517786332111422,0.28555194450413024,1.1782997492116962,1.2009672225713088,1.2461403628705419,1.2195861457170352
0.39282186674541186,0.21521302019596178,0.28555194450413024,1.1782055929615436,1.2010607600714613,1.2464190253712284,1.2198707707163485
0.39277649881598786,0.21521302019596178,0.28554785237911495,1.1783939054618489,1.2008736850711563,1.2462332503707707,1.2196810207168063
0.3928295894412168,0.21524817707080912,0.28554785237911495,1.1784880617120015,1.2016219850723768,1.2466048003716865,1.220250270715433
0.3927234081907591,0.21524817707080912,0.2855437602540998,1.1783939054618489,1.2007801475710038,1.2462332503707707,1.2195861457170352
0.3928295894412168,0.21524817707080912,0.2855560366291455,1.1782997492116962,1.2016219850723768,1.246976350372602,1.2203451457152041
0.3928826800664458,0.21528333394565646,0.2855396681290845,1.1785822179621541,1.2008736850711563,1.2461403628705419,1.2195861457170352
0.3927234081907591,0.21528333394565646,0.2855601287541608,1.1782055929615436,1.2010607600714613,1.2465119128714577,1.2196810207168063
0.39283731213702183,0.21517786332111422,0.28554785237911495,1.1782055929615436,1.2006866100708513,1.246047475370313,1.2198707707163485
0.3929965840127085,0.21514270644626687,0.2855560366291455,1.1782997492116962,1.2005930725706984,1.2461403628705419,1.2193015207177218
0.3928826800664458,0.21510754957141953,0.28555194450413024,1.1782997492116962,1.2019025975728348,1.2471621253730596,1.2208195207140597
0.3929357706916745,0.21531849082050403,0.28554785237911495,1.1783939054618489,1.2003124600702408,1.2456759253693976,1.2190168957184084
0.3928826800664458,0.21521302019596178,0.2855437602540998,1.1783939054618489,1.2009672225713088,1.2461403628705419,1.2197758957165774
0.3928295894412168,0.21521302019596178,0.2855560366291455,1.1782997492116962,1.2009672225713088,1.246047475370313,1.219491270717264
0.3928826800664458,0.21517786332111422,0.28554785237911495,1.1782055929615436,1.2010607600714613,1.246047475370313,1.2196810207168063
0.3927687761201829,0.21514270644626687,0.28555194450413024,1.1782055929615436,1.1997512350693254,1.2451186003680241,1.218637395719324
0.39292804799586956,0.21524817707080912,0.28554785237911495,1.1783939054618489,1.2015284475722243,1.2465119128714577,1.2200605207158908
0.39271568549495417,0.21524817707080912,0.28555194450413024,1.1782055929615436,1.2004059975703933,1.2455830378691688,1.2190168957184084
0.3928295894412168,0.21521302019596178,0.2855560366291455,1.1783939054618489,1.2010607600714613,1.2466048003716865,1.2195861457170352
0.3929357706916745,0.21521302019596178,0.28554785237911495,1.1782997492116962,1.2012478350717668,1.2462332503707707,1.2196810207168063
0.3929357706916745,0.21521302019596178,0.28555194450413024,1.1784880617120015,1.2010607600714613,1.2464190253712284,1.2197758957165774
0.3928826800664458,0.21517786332111422,0.28555194450413024,1.1784880617120015,1.2010607600714613,1.2462332503707707,1.2195861457170352
0.3929357706916745,0.21514270644626687,0.28555194450413024,1.1785822179621541,1.2012478350717668,1.2462332503707707,1.2197758957165774
0.39298886131690347,0.21525589976661413,0.2855560366291455,1.1784880617120015,1.2010607600714613,1.2461403628705419,1.219491270717264
0.3929357706916745,0.21529105664146148,0.28554785237911495,1.1784880617120015,1.2016219850723768,1.246883462872373,1.2203451457152041
0.3929434933874795,0.2152207428917668,0.28554785237911495,1.1783939054618489,1.2010607600714613,1.2463261378709996,1.2196810207168063
0.3928904027622508,0.21529105664146148,0.2855560366291455,1.1782997492116962,1.1996576975691728,1.2449328253675664,1.2183527707200106
0.3929357706916745,0.21529105664146148,0.285564220879176,1.1782997492116962,1.2010607600714613,1.2462332503707707,1.2196810207168063
0.3928295894412168,0.2151933087127242,0.28554785237911495,1.1784880617120015,1.2010607600714613,1.2461403628705419,1.2196810207168063
0.3928295894412168,0.2151933087127242,0.2855437602540998,1.1782997492116962,1.2009672225713088,1.246047475370313,1.2198707707163485
0.3929357706916745,0.21522846558757178,0.28554785237911495,1.1784880617120015,1.2009672225713088,1.246047475370313,1.2196810207168063
0.3928295894412168,0.21526362246241912,0.28554785237911495,1.1782997492116962,1.2010607600714613,1.2461403628705419,1.2197758957165774
0.39282186674541186,0.2152207428917668,0.2855396681290845,1.1782055929615436,1.2010607600714613,1.2463261378709996,1.2198707707163485
0.3927687761201829,0.21525589976661413,0.2855560366291455,1.1785822179621541,1.2009672225713088,1.2462332503707707,1.2197758957165774
0.3928826800664458,0.21518558601691923,0.2855560366291455,1.1785822179621541,1.1999383100696304,1.2456759253693976,1.218637395719324
0.39298886131690347,0.21525589976661413,0.2855437602540998,1.1786763742123068,1.2008736850711563,1.2461403628705419,1.2196810207168063
0.3928826800664458,0.21525589976661413,0.28555194450413024,1.1782055929615436,1.2009672225713088,1.2461403628705419,1.2196810207168063
0.3927234081907591,0.2152207428917668,0.28555194450413024,1.1785822179621541,1.2008736850711563,1.2462332503707707,1.219491270717264
0.3928826800664458,0.2151504291420719,0.2855437602540998,1.1783939054618489,1.2006866100708513,1.2461403628705419,1.2195861457170352
0.3928826800664458,0.21529105664146148,0.2855560366291455,1.1783939054618489,1.2011542975716138,1.2462332503707707,1.2197758957165774
0.3928904027622508,0.2152207428917668,0.2855560366291455,1.1782055929615436,1.2010607600714613,1.2462332503707707,1.2196810207168063
0.39283731213702183,0.21529105664146148,0.2855560366291455,1.1782055929615436,1.2014349100720718,1.2467905753721442,1.220155395715662
0.3927842215117929,0.2151504291420719,0.2855601287541608,1.1782055929615436,1.2009672225713088,1.2462332503707707,1.2198707707163485
0.3929357706916745,0.2152207428917668,0.2855601287541608,1.178111436711391,1.2001253850699354,1.2451186003680241,1.218732270719095
0.39298886131690347,0.21529105664146148,0.28554785237911495,1.1783939054618489,1.2020896725731398,1.247533675373975,1.2207246457142886
0.3928295894412168,0.21518558601691923,0.2855560366291455,1.1782997492116962,1.2009672225713088,1.246047475370313,1.2197758957165774
0.3929357706916745,0.21529105664146148,0.28555194450413024,1.1782055929615436,1.2015284475722243,1.2467905753721442,1.220155395715662
0.3928295894412168,0.2152207428917668,0.2855437602540998,1.1782055929615436,1.2017155225725298,1.2471621253730596,1.220250270715433
0.3928826800664458,0.21525589976661413,0.28554785237911495,1.1783939054618489,1.2010607600714613,1.2464190253712284,1.2196810207168063
0.39292804799586956,0.21529105664146148,0.2855560366291455,1.1782997492116962,1.2007801475710038,1.2462332503707707,1.2197758957165774
0.39292804799586956,0.21529105664146148,0.28555194450413024,1.1783939054618489,1.2011542975716138,1.2464190253712284,1.2197758957165774
0.6051621054051481,0.3198123385185603,0.3085168866150396,1.7791595005078031,1.802579746567187,1.8587716285927571,1.8162068974373275
0.6053290999766398,0.3198123385185603,0.30850461023999387,1.7795361255084132,1.8022991340667294,1.8582143035913836,1.8153530224393875
0.6052914547430208,0.31996841140955984,0.30850870236500916,1.779347813008108,1.802112059066424,1.8585858535922994,1.815732522438472
0.605230641421987,0.3198552180892127,0.30850870236500916,1.7794419692582606,1.8024862090670344,1.8584000785918413,1.8161120224375564
0.6053821906018687,0.3197420247688655,0.3085250708650702,1.779347813008108,1.8027668215674924,1.8589574035932148,1.8163017724370987
0.6053290999766398,0.31983977269760266,0.3085168866150396,1.7792536567579553,1.8023926715668819,1.8586787410925283,1.8160171474377853
0.6052151960303771,0.3198046158227552,0.3085168866150396,1.7792536567579553,1.8024862090670344,1.8584000785918413,1.8160171474377853
0.6052605639598008,0.31983977269760266,0.30851279449002433,1.7792536567579553,1.8018314465659664,1.8576569785900106,1.815068397440074
0.6050935693883092,0.31972657937725546,0.3085250708650702,1.7792536567579553,1.802579746567187,1.8584929660920706,1.815732522438472
0.6051466600135381,0.3198046158227552,0.3085168866150396,1.7794419692582606,1.8031409715681024,1.859421841094359,1.8167761474359543
0.6051997506387671,0.3198123385185603,0.3085209787400549,1.7792536567579553,1.802579746567187,1.858864516092986,1.8160171474377853
0.6052451185681909,0.3198552180892127,0.3085168866150396,1.7792536567579553,1.800334846563525,1.8561707785863482,1.8136452724435073
0.6051543827093431,0.31974974746467044,0.30852636715833515,1.7789711880074979,1.802579746567187,1.8587716285927571,1.8156376474387008
0.6052151960303771,0.3197926270353228,0.3085099986582741,1.7791595005078031,1.802112059066424,1.8585858535922994,1.815732522438472
0.6052151960303771,0.3198629407850177,0.30851818290830463,1.779347813008108,1.8034215840685603,1.8596076160948172,1.8167761474359543
0.6051621054051481,0.3198552180892127,0.30852357132658487,1.7791595005078031,1.8024862090670344,1.8584000785918413,1.815732522438472
0.6051167374757241,0.3198552180892127,0.30851947920156964,1.7790653442576505,1.8024862090670344,1.8586787410925283,1.8160171474377853
0.6052151960303771,0.31984749539340773,0.30852357132658487,1.7791595005078031,1.8036086590688654,1.8596076160948172,1.8169658974354965
0.6051621054051481,0.3197771816437128,0.3085112949515391,1.7791595005078031,1.8024862090670344,1.8583071910916125,1.815827397438243
0.6052151960303771,0.31984749539340773,0.30851947920156964,1.779347813008108,1.8023926715668819,1.8585858535922994,1.8160171474377853
0.6052605639598008,0.31984749539340773,0.30851538707655435,1.7789711880074979,1.8033280465684078,1.859421841094359,1.8169658974354965
0.6053136545850297,0.3198046158227552,0.30851947920156964,1.779347813008108,1.8027668215674924,1.8587716285927571,1.8159222724380142
0.6051090147799192,0.3198123385185603,0.30852766345160015,1.7791595005078031,1.8026732840673394,1.8585858535922994,1.815827397438243
0.6052151960303771,0.31982006121436524,0.30852357132658487,1.7792536567579553,1.802579746567187,1.8587716285927571,1.815827397438243
0.6052229187261821,0.31982006121436524,0.30852766345160015,1.7792536567579553,1.8018314465659664,1.858028528590926,1.8155427724389297
0.6050636468504954,0.3198552180892127,0.30852766345160015,1.7792536567579553,1.8026732840673394,1.8586787410925283,1.815827397438243
0.6052151960303771,0.31982006121436524,0.30852357132658487,1.7794419692582606,1.8024862090670344,1.8585858535922994,1.8159222724380142
0.605207473334572,0.31982778391017025,0.30851947920156964,1.779347813008108,1.802579746567187,1.8589574035932148,1.8162068974373275
0.6051466600135381,0.3197926270353228,0.30851947920156964,1.779347813008108,1.8015508340655084,1.8572854285890947,1.8147837724407607
0.6051997506387671,0.31982006121436524,0.30852357132658487,1.7792536567579553,1.8024862090670344,1.8587716285927571,1.8160171474377853
0.6050935693883092,0.31974974746467044,0.30852766345160015,1.779347813008108,1.8026732840673394,1.8587716285927571,1.815827397438243
0.6050327560672755,0.31982006121436524,0.30851947920156964,1.7792536567579553,1.8024862090670344,1.8585858535922994,1.815827397438243
0.6051012920841141,0.3198552180892127,0.30851947920156964,1.7789711880074979,1.801270221565051,1.8576569785900106,1.8148786474405318
0.6052151960303771,0.3198123385185603,0.3085112949515391,1.7794419692582606,1.8023926715668819,1.8584000785918413,1.8159222724380142
0.6051698281009531,0.3197771816437128,0.30852766345160015,1.779347813008108,1.8024862090670344,1.8584929660920706,1.8156376474387008
0.6052837320472158,0.3198552180892127,0.30851947920156964,1.7791595005078031,1.8027668215674924,1.8587716285927571,1.815827397438243
0.6052383641177921,0.3198552180892127,0.30852357132658487,1.7794419692582606,1.8022055965665769,1.8585858535922994,1.8156376474387008
0.6053368226724447,0.3198552180892127,0.30852357132658487,1.7795361255084132,1.8024862090670344,1.8586787410925283,1.8156376474387008
0.6052151960303771,0.3198552180892127,0.30851538707655435,1.7795361255084132,1.8041698840697808,1.8604436035968768,1.8176300224338944
0.6051012920841141,0.31974974746467044,0.3085440319516612,1.7792536567579553,1.802579746567187,1.8585858535922994,1.8159222724380142
0.605207473334572,0.3199332545347125,0.30851538707655435,1.7791595005078031,1.8024862090670344,1.8584929660920706,1.815732522438472
0.6051997506387671,0.31982006121436524,0.30851538707655435,1.7791595005078031,1.8024862090670344,1.8584000785918413,1.815732522438472
0.6051920279429621,0.31982006121436524,0.30851947920156964,1.7794419692582606,1.8015508340655084,1.8574712035895529,1.8148786474405318
0.6052451185681909,0.3198123385185603,0.30851947920156964,1.779347813008108,1.8022991340667294,1.8584000785918413,1.815827397438243
0.6051997506387671,0.3198123385185603,0.30851947920156964,1.7794419692582606,1.8027668215674924,1.8586787410925283,1.8160171474377853
0.605207473334572,0.31982006121436524,0.30851947920156964,1.7794419692582606,1.802579746567187,1.8586787410925283,1.8159222724380142
0.6053213772808348,0.3197849043395178,0.30851947920156964,1.7789711880074979,1.8011766840648984,1.8569138785881794,1.8145940224412185
0.6053213772808348,0.3198552180892127,0.3085112949515391,1.7795361255084132,1.802579746567187,1.8586787410925283,1.815827397438243
0.6052151960303771,0.3198552180892127,0.30851947920156964,1.7791595005078031,1.8026732840673394,1.8586787410925283,1.8160171474377853
0.6053213772808348,0.3198552180892127,0.30851947920156964,1.7794419692582606,1.8024862090670344,1.8584929660920706,1.8156376474387008
0.6052229187261821,0.31974974746467044,0.30852357132658487,1.7791595005078031,1.8024862090670344,1.8584929660920706,1.815827397438243
0.6052151960303771,0.3198552180892127,0.30851538707655435,1.7791595005078031,1.8030474340679499,1.8592360660939014,1.8166812724361832
0.6051090147799192,0.3197926270353228,0.30851538707655435,1.7790653442576505,1.8022991340667294,1.8584000785918413,1.8154478974391586
0.6051621054051481,0.31982778391017025,0.30851538707655435,1.7795361255084132,1.8022055965665769,1.8584000785918413,1.815827397438243
0.6051621054051481,0.3197926270353228,0.30852357132658487,1.779347813008108,1.8023926715668819,1.8586787410925283,1.8159222724380142
0.6052151960303771,0.31982778391017025,0.30851538707655435,1.7792536567579553,1.8029538965677974,1.8591431785936725,1.8161120224375564
0.605207473334572,0.31982778391017025,0.30851538707655435,1.7792536567579553,1.802579746567187,1.8585858535922994,1.815827397438243
0.6053136545850297,0.3198552180892127,0.30852357132658487,1.779347813008108,1.8022055965665769,1.8585858535922994,1.815827397438243
0.6052151960303771,0.31989037496406003,0.30851947920156964,1.7791595005078031,1.8030474340679499,1.8586787410925283,1.8161120224375564
0.6052151960303771,0.31974974746467044,0.30851538707655435,1.7792536567579553,1.8007089965641354,1.8569138785881794,1.8140247724425917
0.6051621054051481,0.31968715641078055,0.30852357132658487,1.7792536567579553,1.802579746567187,1.8587716285927571,1.8160171474377853
0.6052151960303771,0.31983550660597526,0.30852766345160015,1.779347813008108,1.8026732840673394,1.858864516092986,1.8159222724380142
0.6052682866556058,0.3198706634808227,0.30852357132658487,1.7792536567579553,1.8013637590652034,1.8572854285890947,1.8144042724416762
0.6051543827093431,0.3198003497311278,0.30852766345160015,1.779347813008108,1.8023926715668819,1.8585858535922994,1.8160171474377853
0.6054198358354874,0.3198629407850177,0.30851538707655435,1.779347813008108,1.8026732840673394,1.8586787410925283,1.815732522438472
0.6053136545850297,0.3198629407850177,0.3085112949515391,1.7792536567579553,1.8024862090670344,1.8585858535922994,1.8159222724380142
0.6053667452102587,0.31982778391017025,0.30851947920156964,1.779347813008108,1.8022055965665769,1.858028528590926,1.8153530224393875
0.6053136545850297,0.31996841140955984,0.30851538707655435,1.779347813008108,1.802579746567187,1.8586787410925283,1.815732522438472
0.6052151960303771,0.31989037496406003,0.30852766345160015,1.7792536567579553,1.8023926715668819,1.8586787410925283,1.815827397438243
0.6050636468504954,0.3197849043395178,0.30852357132658487,1.7792536567579553,1.8010831465647454,1.8570067660884082,1.8144042724416762
0.6051698281009531,0.3197849043395178,0.30853584770163067,1.7792536567579553,1.8024862090670344,1.8587716285927571,1.8156376474387008
0.6052151960303771,0.3198552180892127,0.30851947920156964,1.7792536567579553,1.802579746567187,1.8584000785918413,1.8156376474387008
0.6052151960303771,0.3198629407850177,0.3085112949515391,1.7791595005078031,1.8033280465684078,1.8593289535941302,1.8166812724361832
0.6052151960303771,0.31989809765986504,0.30852357132658487,1.779347813008108,1.8023926715668819,1.8584000785918413,1.8159222724380142
0.6050559241546904,0.3198706634808227,0.30852357132658487,1.7791595005078031,1.8023926715668819,1.8584929660920706,1.815827397438243
0.6051090147799192,0.3198706634808227,0.30851538707655435,1.7794419692582606,1.800802534064288,1.8568209910879505,1.8141196474423629
0.605207473334572,0.3198003497311278,0.30852766345160015,1.779347813008108,1.8030474340679499,1.859421841094359,1.8166812724361832
0.605207473334572,0.31983550660597526,0.30851538707655435,1.779347813008108,1.8024862090670344,1.8584929660920706,1.8156376474387008
0.6051012920841141,0.3198706634808227,0.30851538707655435,1.779347813008108,1.8027668215674924,1.8589574035932148,1.815827397438243
0.6051543827093431,0.3198003497311278,0.30851947920156964,1.7789711880074979,1.8017379090658139,1.8576569785900106,1.8146888974409896
0.6052605639598008,0.31983550660597526,0.30853584770163067,1.7791595005078031,1.8026732840673394,1.8584000785918413,1.815827397438243
0.6053136545850297,0.3198003497311278,0.30852766345160015,1.7795361255084132,1.8022991340667294,1.8584929660920706,1.815827397438243
0.6053667452102587,0.3198003497311278,0.30852227503331986,1.779347813008108,1.8036086590688654,1.8595147285945879,1.8166812724361832
0.605207473334572,0.3198706634808227,0.30851818290830463,1.7791595005078031,1.8024862090670344,1.8584929660920706,1.8156376474387008
0.6051543827093431,0.31982778391017025,0.30851409078328934,1.7794419692582606,1.8023926715668819,1.858864516092986,1.815732522438472
0.6051543827093431,0.3197926270353228,0.30851818290830463,1.7792536567579553,1.802579746567187,1.8587716285927571,1.8160171474377853
0.605207473334572,0.31982778391017025,0.30851818290830463,1.7791595005078031,1.8027668215674924,1.8589574035932148,1.8161120224375564
0.6052151960303771,0.31983550660597526,0.30852227503331986,1.7791595005078031,1.8024862090670344,1.8582143035913836,1.815732522438472
0.605207473334572,0.31976519285628047,0.30853455140836566,1.7792536567579553,1.8023926715668819,1.8586787410925283,1.8159222724380142
0.605207473334572,0.31983550660597526,0.30852227503331986,1.7792536567579553,1.8029538965677974,1.8587716285927571,1.8163017724370987
0.6052151960303771,0.31983550660597526,0.30851409078328934,1.779347813008108,1.8035151215687129,1.859700503595046,1.8169658974354965
0.6052682866556058,0.319730035981433,0.30851409078328934,1.7795361255084132,1.8028603590676449,1.858864516092986,1.8162068974373275
0.6052151960303771,0.31990582035567006,0.30852636715833515,1.7792536567579553,1.8026732840673394,1.8586787410925283,1.815732522438472
0.6053667452102587,0.31983550660597526,0.30851818290830463,1.7791595005078031,1.802579746567187,1.8586787410925283,1.8160171474377853
0.605207473334572,0.31982778391017025,0.30852636715833515,1.7792536567579553,1.8026732840673394,1.8586787410925283,1.8163017724370987
0.6052151960303771,0.31989809765986504,0.3085099986582741,1.7795361255084132,1.8023926715668819,1.8585858535922994,1.815827397438243
0.6052151960303771,0.31982778391017025,0.30852227503331986,1.7795361255084132,1.802579746567187,1.8587716285927571,1.8159222724380142
0.6051090147799192,0.3198629407850177,0.30852636715833515,1.779347813008108,1.8024862090670344,1.8582143035913836,1.815827397438243
0.6051167374757241,0.31982778391017025,0.3085099986582741,1.7792536567579553,1.8023926715668819,1.858864516092986,1.8155427724389297
0.6052760093514108,0.31990582035567006,0.3085304592833504,1.7794419692582606,1.8028603590676449,1.8586787410925283,1.8160171474377853
0.6052151960303771,0.31983550660597526,0.3085099986582741,1.779347813008108,1.8024862090670344,1.8586787410925283,1.8161120224375564
0.6052151960303771,0.31976519285628047,0.30852636715833515,1.7791595005078031,1.801270221565051,1.857099653588637,1.8145940224412185
0.6051621054051481,0.3198706634808227,0.30851818290830463,1.7792536567579553,1.8023926715668819,1.8586787410925283,1.815827397438243
0.6053213772808348,0.31983550660597526,0.30851818290830463,1.779347813008108,1.8020185215662714,1.8581214160911548,1.815068397440074
0.6052151960303771,0.3197926270353228,0.3085099986582741,1.7792536567579553,1.802579746567187,1.8585858535922994,1.815732522438472
0.6052682866556058,0.31989809765986504,0.30852636715833515,1.7791595005078031,1.8029538965677974,1.8590502910934437,1.8160171474377853
0.6053136545850297,0.31982778391017025,0.30852227503331986,1.7791595005078031,1.8024862090670344,1.8584929660920706,1.815827397438243
0.605207473334572,0.3198629407850177,0.30852227503331986,1.779347813008108,1.802579746567187,1.858864516092986,1.8160171474377853
0.6053744679060638,0.3198629407850177,0.30851409078328934,1.7794419692582606,1.8020185215662714,1.8586787410925283,1.8156376474387008
0.6052151960303771,0.3198629407850177,0.30851818290830463,1.7792536567579553,1.8024862090670344,1.8585858535922994,1.8159222724380142
0.6051090147799192,0.31982778391017025,0.30852227503331986,1.7791595005078031,1.8026732840673394,1.8586787410925283,1.8160171474377853
0.6054352812270974,0.31989809765986504,0.30851409078328934,1.779347813008108,1.8027668215674924,1.8587716285927571,1.8159222724380142
0.6052229187261821,0.31989809765986504,0.30851409078328934,1.779347813008108,1.8022055965665769,1.8583071910916125,1.815827397438243
0.6052151960303771,0.3198629407850177,0.30852636715833515,1.7792536567579553,1.8022991340667294,1.8584929660920706,1.8154478974391586
0.6053213772808348,0.31982778391017025,0.30852227503331986,1.7795361255084132,1.8024862090670344,1.8585858535922994,1.815827397438243
0.6051621054051481,0.31982778391017025,0.30851818290830463,1.7792536567579553,1.8031409715681024,1.8591431785936725,1.8163966474368698
0.6051621054051481,0.3197926270353228,0.30851818290830463,1.7789711880074979,1.8024862090670344,1.8586787410925283,1.815827397438243
0.6053136545850297,0.3198629407850177,0.30851409078328934,1.779347813008108,1.8026732840673394,1.8592360660939014,1.8161120224375564
0.6053136545850297,0.3198629407850177,0.30851818290830463,1.779347813008108,1.802579746567187,1.8584000785918413,1.8160171474377853
0.6053136545850297,0.31982778391017025,0.30852636715833515,1.7791595005078031,1.8035151215687129,1.859700503595046,1.8168710224357254
0.605207473334572,0.31982778391017025,0.30851818290830463,1.7790653442576505,1.802579746567187,1.8586787410925283,1.815827397438243
0.6053136545850297,0.3197926270353228,0.3085099986582741,1.7791595005078031,1.8027668215674924,1.8590502910934437,1.8160171474377853
0.605207473334572,0.31982778391017025,0.30852636715833515,1.7791595005078031,1.8022055965665769,1.8583071910916125,1.8155427724389297
0.6051012920841141,0.3198629407850177,0.30852636715833515,1.779347813008108,1.8022991340667294,1.8584000785918413,1.8159222724380142
0.6051543827093431,0.31982778391017025,0.3085059065332588,1.7792536567579553,1.8024862090670344,1.8586787410925283,1.815827397438243
0.6052605639598008,0.31982778391017025,0.30851818290830463,1.7792536567579553,1.8026732840673394,1.8587716285927571,1.815732522438472
0.605207473334572,0.3197926270353228,0.3085059065332588,1.779347813008108,1.8020185215662714,1.8581214160911548,1.8152581474396163
0.6052605639598008,0.31982778391017025,0.30851818290830463,1.7790653442576505,1.8023926715668819,1.8584929660920706,1.8159222724380142
0.6052682866556058,0.3197926270353228,0.30852227503331986,1.7792536567579553,1.802112059066424,1.8584929660920706,1.8159222724380142
0.6052229187261821,0.3198629407850177,0.3085304592833504,1.7792536567579553,1.8024862090670344,1.8585858535922994,1.8156376474387008
0.6052229187261821,0.31982778391017025,0.30851409078328934,1.7795361255084132,1.802579746567187,1.8587716285927571,1.8162068974373275
0.6053290999766398,0.31982778391017025,0.30851818290830463,1.7795361255084132,1.8026732840673394,1.8586787410925283,1.815827397438243
0.6052760093514108,0.31982778391017025,0.30852227503331986,1.779347813008108,1.8034215840685603,1.859700503595046,1.8168710224357254
0.6051621054051481,0.3198629407850177,0.30851409078328934,1.7791595005078031,1.8011766840648984,1.8572854285890947,1.8144991474414474
0.6052151960303771,0.31982778391017025,0.30853455140836566,1.7791595005078031,1.802579746567187,1.8584929660920706,1.8161120224375564
0.6052151960303771,0.31982778391017025,0.30851818290830463,1.779347813008108,1.8026732840673394,1.8590502910934437,1.8160171474377853
0.6052682866556058,0.3198629407850177,0.30851818290830463,1.7792536567579553,1.8027668215674924,1.8586787410925283,1.8160171474377853
0.6053213772808348,0.31982778391017025,0.30852227503331986,1.7795361255084132,1.8022991340667294,1.8587716285927571,1.815827397438243
0.605207473334572,0.31983550660597526,0.30852636715833515,1.779347813008108,1.8023926715668819,1.8584000785918413,1.8156376474387008
0.6051543827093431,0.3198432293017802,0.3085304592833504,1.7792536567579553,1.8023926715668819,1.8584000785918413,1.8156376474387008
0.6053213772808348,0.319913543051475,0.30851818290830463,1.7791595005078031,1.8024862090670344,1.8584000785918413,1.8159222724380142
0.6052682866556058,0.31973775867723797,0.30852227503331986,1.779347813008108,1.802579746567187,1.8586787410925283,1.8159222724380142
0.6053213772808348,0.3198432293017802,0.30851818290830463,1.7795361255084132,1.8026732840673394,1.8586787410925283,1.8159222724380142
0.6052760093514108,0.319913543051475,0.30851409078328934,1.7794419692582606,1.8023926715668819,1.8585858535922994,1.8156376474387008
0.6052229187261821,0.31987838617662767,0.30851409078328934,1.779347813008108,1.8023926715668819,1.8585858535922994,1.8156376474387008
0.6051698281009531,0.31980807242693277,0.30852227503331986,1.779347813008108,1.8022991340667294,1.8584000785918413,1.815827397438243
0.6052229187261821,0.31980807242693277,0.30852227503331986,1.7791595005078031,1.8022991340667294,1.8585858535922994,1.8159222724380142
0.6053290999766398,0.319913543051475,0.30852227503331986,1.7795361255084132,1.8026732840673394,1.8584929660920706,1.815827397438243
0.6052151960303771,0.3198432293017802,0.30852636715833515,1.7791595005078031,1.8030474340679499,1.859421841094359,1.8163966474368698
0.6051621054051481,0.3198432293017802,0.30851818290830463,1.779347813008108,1.8026732840673394,1.8586787410925283,1.8159222724380142
0.6053136545850297,0.31990582035567006,0.30852227503331986,1.779347813008108,1.8024862090670344,1.8587716285927571,1.8159222724380142
0.6051543827093431,0.31990582035567006,0.30852227503331986,1.7792536567579553,1.8027668215674924,1.8587716285927571,1.8161120224375564
0.6053136545850297,0.31983550660597526,0.3085099986582741,1.7792536567579553,1.8023926715668819,1.857935641090697,1.8153530224393875
0.6051543827093431,0.3198706634808227,0.30851818290830463,1.7795361255084132,1.8023926715668819,1.8584929660920706,1.815732522438472
0.605207473334572,0.31990582035567006,0.30851409078328934,1.7792536567579553,1.8023926715668819,1.8585858535922994,1.815827397438243
0.6053136545850297,0.31983550660597526,0.30851409078328934,1.779347813008108,1.802579746567187,1.8587716285927571,1.8160171474377853
0.6052605639598008,0.31990582035567006,0.30852227503331986,1.7791595005078031,1.8024862090670344,1.8584000785918413,1.8159222724380142
0.6052151960303771,0.3198706634808227,0.30852227503331986,1.7794419692582606,1.8022991340667294,1.8584000785918413,1.8155427724389297
0.6051621054051481,0.3198706634808227,0.30851409078328934,1.779347813008108,1.8024862090670344,1.8586787410925283,1.8156376474387008
0.6052151960303771,0.31983550660597526,0.30852227503331986,1.7795361255084132,1.8023926715668819,1.8584000785918413,1.8159222724380142
0.6052760093514108,0.31983550660597526,0.3085304592833504,1.779347813008108,1.8024862090670344,1.8585858535922994,1.815827397438243
0.6052229187261821,0.31990582035567006,0.30851818290830463,1.7795361255084132,1.8032345090682553,1.859421841094359,1.8167761474359543
0.6051698281009531,0.31976519285628047,0.30851818290830463,1.7791595005078031,1.802579746567187,1.8587716285927571,1.8160171474377853
0.6052151960303771,0.3198003497311278,0.30851818290830463,1.7791595005078031,1.8022991340667294,1.8584929660920706,1.8156376474387008
0.6052682866556058,0.3198706634808227,0.30852227503331986,1.779347813008108,1.802579746567187,1.8584000785918413,1.8159222724380142
0.6052151960303771,0.31983550660597526,0.30852227503331986,1.779347813008108,1.8029538965677974,1.8589574035932148,1.8162068974373275
0.6054275585312925,0.31983550660597526,0.30851409078328934,1.779347813008108,1.8024862090670344,1.8587716285927571,1.8155427724389297
0.6051621054051481,0.31983550660597526,0.30851818290830463,1.7791595005078031,1.8027668215674924,1.8587716285927571,1.8159222724380142
0.6052151960303771,0.31976519285628047,0.30852636715833515,1.779347813008108,1.802579746567187,1.8587716285927571,1.8160171474377853
0.6053136545850297,0.31990582035567006,0.30851818290830463,1.7791595005078031,1.802579746567187,1.8584929660920706,1.815827397438243
0.6051543827093431,0.31990582035567006,0.30851818290830463,1.7791595005078031,1.802579746567187,1.8586787410925283,1.815827397438243
0.6052151960303771,0.31990582035567006,0.30851818290830463,1.7792536567579553,1.8018314465659664,1.858028528590926,1.8152581474396163
0.6051621054051481,0.3198003497311278,0.30851818290830463,1.779347813008108,1.8022055965665769,1.858864516092986,1.815827397438243
0.6051621054051481,0.31983550660597526,0.30852227503331986,1.779347813008108,1.802579746567187,1.8585858535922994,1.815827397438243
0.6053213772808348,0.31990582035567006,0.30851818290830463,1.7794419692582606,1.8024862090670344,1.8585858535922994,1.815827397438243
0.6052760093514108,0.31976519285628047,0.30852636715833515,1.7792536567579553,1.8024862090670344,1.8584929660920706,1.8160171474377853
0.6051698281009531,0.3198706634808227,0.30851818290830463,1.7792536567579553,1.802579746567187,1.8585858535922994,1.8160171474377853
0.6052229187261821,0.31990582035567006,0.30851409078328934,1.779347813008108,1.802579746567187,1.8584929660920706,1.815827397438243
0.6052229187261821,0.31990582035567006,0.30851818290830463,1.7795361255084132,1.8011766840648984,1.857099653588637,1.8144991474414474
0.6052229187261821,0.31990582035567006,0.30851818290830463,1.7791595005078031,1.802579746567187,1.8587716285927571,1.8160171474377853
0.6051543827093431,0.31990582035567006,0.30851409078328934,1.7795361255084132,1.8029538965677974,1.8589574035932148,1.8163017724370987
0.6051012920841141,0.319913543051475,0.30851818290830463,1.7790653442576505,1.8030474340679499,1.8589574035932148,1.8163966474368698
0.605207473334572,0.31980807242693277,0.30851409078328934,1.7789711880074979,1.8024862090670344,1.858864516092986,1.8160171474377853
0.6053213772808348,0.31994869992632247,0.30851409078328934,1.7794419692582606,1.8020185215662714,1.8584000785918413,1.8156376474387008
0.605207473334572,0.3198432293017802,0.30851818290830463,1.7791595005078031,1.8026732840673394,1.8585858535922994,1.8159222724380142
0.605207473334572,0.3198157951227378,0.30852636715833515,1.7795361255084132,1.8026732840673394,1.8585858535922994,1.8160171474377853
0.605207473334572,0.31985095199758523,0.30852636715833515,1.7791595005078031,1.8024862090670344,1.8587716285927571,1.8159222724380142
0.6050482014588854,0.31992126574728,0.30851409078328934,1.7795361255084132,1.8029538965677974,1.8591431785936725,1.816586397436412
0.6052605639598008,0.31985095199758523,0.30851409078328934,1.7792536567579553,1.8024862090670344,1.8586787410925283,1.815827397438243
0.6053213772808348,0.3198861088724327,0.30852636715833515,1.7791595005078031,1.8029538965677974,1.8590502910934437,1.8163966474368698
0.6053213772808348,0.319913543051475,0.30851818290830463,1.7794419692582606,1.8023926715668819,1.8584000785918413,1.815827397438243
0.6053744679060638,0.319913543051475,0.30851409078328934,1.7792536567579553,1.8026732840673394,1.8587716285927571,1.8160171474377853
0.6052151960303771,0.3198432293017802,0.30852636715833515,1.779347813008108,1.8024862090670344,1.8584000785918413,1.8160171474377853
0.6051698281009531,0.31980807242693277,0.30852636715833515,1.779347813008108,1.802579746567187,1.858864516092986,1.8159222724380142
0.6052229187261821,0.31987838617662767,0.30851818290830463,1.7794419692582606,1.8024862090670344,1.8585858535922994,1.815827397438243
0.6052229187261821,0.31987838617662767,0.30852636715833515,1.779347813008108,1.8023926715668819,1.8585858535922994,1.8160171474377853
0.6052151960303771,0.31987838617662767,0.30851818290830463,1.779347813008108,1.8033280465684078,1.859421841094359,1.8167761474359543
0.6052151960303771,0.3198432293017802,0.30851818290830463,1.7792536567579553,1.8026732840673394,1.8585858535922994,1.8160171474377853
0.6052151960303771,0.31980807242693277,0.3085099986582741,1.779347813008108,1.8023926715668819,1.8585858535922994,1.8159222724380142
0.6052151960303771,0.319913543051475,0.30852227503331986,1.7792536567579553,1.8023926715668819,1.8585858535922994,1.815827397438243
0.605207473334572,0.3198432293017802,0.30852227503331986,1.7795361255084132,1.8013637590652034,1.8569138785881794,1.8145940224412185
0.6051543827093431,0.31980807242693277,0.30851409078328934,1.7791595005078031,1.802579746567187,1.8584000785918413,1.8159222724380142
0.6051012920841141,0.3198432293017802,0.30852636715833515,1.7791595005078031,1.8026732840673394,1.8586787410925283,1.8160171474377853
0.6052151960303771,0.3198432293017802,0.30851818290830463,1.7794419692582606,1.8028603590676449,1.8587716285927571,1.8162068974373275
0.6052151960303771,0.3198432293017802,0.30852636715833515,1.7791595005078031,1.8023926715668819,1.8584000785918413,1.8161120224375564
0.6052151960303771,0.31987838617662767,0.30852227503331986,1.779347813008108,1.802579746567187,1.8586787410925283,1.8160171474377853
0.6052682866556058,0.3198432293017802,0.30851818290830463,1.7792536567579553,1.802579746567187,1.8584929660920706,1.8156376474387008
0.6052229187261821,0.31987838617662767,0.30851409078328934,1.7792536567579553,1.8024862090670344,1.8584000785918413,1.815827397438243
0.6052229187261821,0.31994869992632247,0.30852636715833515,1.7790653442576505,1.8033280465684078,1.8596076160948172,1.8168710224357254
0.6052229187261821,0.3198432293017802,0.30851409078328934,1.779347813008108,1.802579746567187,1.8586787410925283,1.8163966474368698
0.6052151960303771,0.3198432293017802,0.30852227503331986,1.7792536567579553,1.802579746567187,1.8589574035932148,1.8161120224375564
0.605207473334572,0.31987838617662767,0.30852227503331986,1.7795361255084132,1.8030474340679499,1.8591431785936725,1.816586397436412
0.6052605639598008,0.3198432293017802,0.30852636715833515,1.7792536567579553,1.802579746567187,1.8586787410925283,1.8160171474377853
0.6051012920841141,0.3198432293017802,0.30852227503331986,1.779347813008108,1.802579746567187,1.8584000785918413,1.815732522438472
0.6052605639598008,0.3198432293017802,0.30852227503331986,1.779347813008108,1.8024862090670344,1.8584929660920706,1.8155427724389297
0.6052605639598008,0.3198432293017802,0.30852227503331986,1.7796302817585659,1.8027668215674924,1.8585858535922994,1.815732522438472
0.6053136545850297,0.3198432293017802,0.30852227503331986,1.7790653442576505,1.802579746567187,1.8584000785918413,1.8159222724380142
0.6053136545850297,0.3198432293017802,0.30851409078328934,1.779347813008108,1.8024862090670344,1.8584929660920706,1.8156376474387008
0.605207473334572,0.3198432293017802,0.30851409078328934,1.7795361255084132,1.8024862090670344,1.8584000785918413,1.815827397438243
0.6053213772808348,0.319913543051475,0.30851818290830463,1.7792536567579553,1.8027668215674924,1.8586787410925283,1.815827397438243
0.6052229187261821,0.3197729155520854,0.3085099986582741,1.7792536567579553,1.802579746567187,1.8584000785918413,1.8159222724380142
0.6052151960303771,0.31978063824789044,0.30852636715833515,1.7792536567579553,1.8023926715668819,1.8584929660920706,1.815732522438472
0.6053213772808348,0.3198938315682377,0.3085099986582741,1.7792536567579553,1.802579746567187,1.8585858535922994,1.815827397438243
0.6053290999766398,0.3198235178185428,0.30852227503331986,1.779347813008108,1.8038892715693233,1.8597933910952749,1.8169658974354965
0.6052760093514108,0.3198235178185428,0.30851409078328934,1.7795361255084132,1.802579746567187,1.8586787410925283,1.815827397438243
0.6052760093514108,0.31985867469339024,0.30852227503331986,1.7792536567579553,1.8029538965677974,1.8589574035932148,1.8163017724370987
0.6051698281009531,0.31985867469339024,0.30851818290830463,1.7790653442576505,1.802579746567187,1.8584929660920706,1.8160171474377853
0.6052151960303771,0.31992898844308504,0.30852227503331986,1.7791595005078031,1.802579746567187,1.8586787410925283,1.815827397438243
0.6051621054051481,0.3198938315682377,0.30852227503331986,1.7791595005078031,1.8027668215674924,1.8585858535922994,1.815827397438243
0.6052682866556058,0.3198938315682377,0.30852636715833515,1.779347813008108,1.801270221565051,1.8572854285890947,1.8148786474405318
0.6052682866556058,0.31992898844308504,0.30851818290830463,1.779347813008108,1.8031409715681024,1.858864516092986,1.8163017724370987
0.605207473334572,0.3198861088724327,0.30852227503331986,1.7792536567579553,1.801644371565661,1.8578427535904682,1.8146888974409896
0.6053136545850297,0.3199564226221275,0.30851409078328934,1.7792536567579553,1.8023926715668819,1.8583071910916125,1.8156376474387008
0.605207473334572,0.3198861088724327,0.30851818290830463,1.779347813008108,1.8024862090670344,1.8583071910916125,1.8155427724389297
0.605207473334572,0.3199564226221275,0.30851818290830463,1.779347813008108,1.8023926715668819,1.8587716285927571,1.815732522438472
0.6052760093514108,0.3198861088724327,0.30851818290830463,1.779347813008108,1.802579746567187,1.8585858535922994,1.8160171474377853
0.6052151960303771,0.3198157951227378,0.30851818290830463,1.7795361255084132,1.802579746567187,1.8584929660920706,1.8159222724380142
0.6052229187261821,0.31985095199758523,0.30851818290830463,1.7791595005078031,1.8023926715668819,1.8586787410925283,1.815827397438243
0.6051167374757241,0.31985095199758523,0.30852636715833515,1.7791595005078031,1.8027668215674924,1.8589574035932148,1.8162068974373275
0.6052229187261821,0.31978063824789044,0.30851818290830463,1.7791595005078031,1.8024862090670344,1.8586787410925283,1.815827397438243
0.6053290999766398,0.3198861088724327,0.30852227503331986,1.7792536567579553,1.8022991340667294,1.8585858535922994,1.8161120224375564
0.6052229187261821,0.3198861088724327,0.30851818290830463,1.779347813008108,1.8008960715644404,1.857099653588637,1.8140247724425917
0.6052760093514108,0.3198861088724327,0.30852227503331986,1.7792536567579553,1.8022991340667294,1.8583071910916125,1.8156376474387008
0.6053290999766398,0.31992126574728,0.30851409078328934,1.7792536567579553,1.8022991340667294,1.8582143035913836,1.8156376474387008
0.6051167374757241,0.3198861088724327,0.30852227503331986,1.7794419692582606,1.8022991340667294,1.8585858535922994,1.815827397438243
0.6052151960303771,0.31985095199758523,0.30851818290830463,1.779347813008108,1.8033280465684078,1.8593289535941302,1.8166812724361832
0.605207473334572,0.31992126574728,0.30852636715833515,1.779347813008108,1.8031409715681024,1.8593289535941302,1.816586397436412
0.605207473334572,0.31992126574728,0.30852636715833515,1.779347813008108,1.802579746567187,1.8587716285927571,1.8160171474377853
0.6051012920841141,0.31985095199758523,0.30851409078328934,1.779347813008108,1.8022991340667294,1.8582143035913836,1.8154478974391586
0.605207473334572,0.3198861088724327,0.30852636715833515,1.7792536567579553,1.8023926715668819,1.8585858535922994,1.815827397438243
0.8155794858792151,0.42483008273515016,0.33168343589974136,2.37327998698827,2.396322790940788,2.4580683482272834,2.4145910077075436
0.8155872085750202,0.42483008273515016,0.3316711595246956,2.373468299488575,2.395574490939567,2.457418135725681,2.414021757708917
0.8156480218960542,0.4248652396099975,0.3316793437747261,2.373374143238422,2.395387415939262,2.4573252482254526,2.413926882709146
0.8156026539666301,0.4248378054309552,0.3316793437747261,2.373468299488575,2.3954809534394146,2.4575110232259103,2.413926882709146
0.8155949312708253,0.4249432760554974,0.3316752516497109,2.3737507682390326,2.3956680284397196,2.4576039107261387,2.414211507708459
0.8156325765044441,0.4249355533596924,0.3316670673996803,2.373468299488575,2.395387415939262,2.4572323607252233,2.4137371327096036
0.8154655819329525,0.4248652396099975,0.3316670673996803,2.373468299488575,2.395387415939262,2.457418135725681,2.4136422577098324
0.8154578592371475,0.4248652396099975,0.3316752516497109,2.37327998698827,2.3962292534406355,2.458254123227741,2.4145910077075436
0.8156171311128342,0.4248652396099975,0.3316711595246956,2.373374143238422,2.3954809534394146,2.456953698224537,2.4138320077093747
0.8154047686119186,0.42483008273515016,0.3316711595246956,2.37327998698827,2.3952938784391096,2.4572323607252233,2.4137371327096036
0.8156702217380629,0.42496298753873474,0.3316711595246956,2.373468299488575,2.395200340938957,2.4571394732249945,2.4135473827100613
0.8154501365413425,0.42490039648484496,0.3316752516497109,2.373468299488575,2.394077890937126,2.455931935722019,2.412408882712808
0.8155563177918002,0.42490811918064997,0.3316793437747261,2.373468299488575,2.395387415939262,2.4573252482254526,2.4137371327096036
0.8154578592371475,0.42490811918064997,0.3316711595246956,2.37365661198888,2.395200340938957,2.4571394732249945,2.4138320077093747
0.8156248538086391,0.42490811918064997,0.3316752516497109,2.373468299488575,2.395387415939262,2.4573252482254526,2.4138320077093747
0.8154655819329525,0.4248729623058025,0.3316670673996803,2.37327998698827,2.395200340938957,2.456860810724308,2.413357632710519
0.8156325765044441,0.42484552812676013,0.3316711595246956,2.373468299488575,2.3952938784391096,2.4572323607252233,2.4137371327096036
0.8155872085750202,0.42490811918064997,0.3316793437747261,2.373374143238422,2.3951068034388046,2.4571394732249945,2.413262757710748
0.8154733046287574,0.4248729623058025,0.3316793437747261,2.373374143238422,2.3952938784391096,2.4572323607252233,2.414021757708917
0.8155717631834102,0.42490811918064997,0.33168343589974136,2.37327998698827,2.395574490939567,2.4572323607252233,2.4137371327096036
0.8154047686119186,0.4248729623058025,0.3316670673996803,2.373468299488575,2.395574490939567,2.4572323607252233,2.4138320077093747
0.8153516779866896,0.4248378054309552,0.3316670673996803,2.37327998698827,2.3954809534394146,2.4571394732249945,2.4137371327096036
0.8155186725581812,0.42490039648484496,0.3316711595246956,2.373374143238422,2.395387415939262,2.4575110232259103,2.413926882709146
0.8156325765044441,0.42490039648484496,0.3316670673996803,2.3738449244891853,2.39604217844033,2.4580683482272834,2.4144012577080014
0.8155872085750202,0.4248729623058025,0.3316752516497109,2.373468299488575,2.3950132659386516,2.4571394732249945,2.4135473827100613
0.8154733046287574,0.4248103712519127,0.3316793437747261,2.373185830738117,2.3951068034388046,2.4573252482254526,2.4135473827100613
0.8155109498623763,0.42488068500160747,0.33166297527466515,2.373468299488575,2.3954809534394146,2.457418135725681,2.4137371327096036
0.8154047686119186,0.42492356457225994,0.3316670673996803,2.373468299488575,2.395387415939262,2.4573252482254526,2.4138320077093747
0.8154578592371475,0.4248884076974125,0.3316711595246956,2.373468299488575,2.394919728438499,2.4570465857247656,2.41345250771029
0.8154501365413425,0.42488068500160747,0.3316752516497109,2.37327998698827,2.3959486409401776,2.4578825732268257,2.4143063827082303
0.8154578592371475,0.4248103712519127,0.3316711595246956,2.373468299488575,2.395574490939567,2.457418135725681,2.413926882709146
0.8155186725581812,0.4249158418764549,0.3316793437747261,2.373468299488575,2.395761565939872,2.457789685726597,2.414211507708459
0.8154655819329525,0.42488068500160747,0.3316793437747261,2.37327998698827,2.395387415939262,2.4575110232259103,2.4138320077093747
0.8155794858792151,0.4248378054309552,0.3316752516497109,2.37327998698827,2.395200340938957,2.4572323607252233,2.4135473827100613
0.8154733046287574,0.42490811918064997,0.33168343589974136,2.373374143238422,2.3950132659386516,2.456953698224537,2.4136422577098324
0.8155872085750202,0.42490811918064997,0.3316711595246956,2.37365661198888,2.3954809534394146,2.4575110232259103,2.4137371327096036
0.8155949312708253,0.4249158418764549,0.3316711595246956,2.3735624557387274,2.395387415939262,2.4573252482254526,2.4135473827100613
0.8154810273245625,0.4249509987513024,0.3316711595246956,2.373468299488575,2.3951068034388046,2.4573252482254526,2.4135473827100613
0.8153594006824946,0.42488068500160747,0.3316670673996803,2.373185830738117,2.395761565939872,2.4573252482254526,2.413926882709146
0.8155640404876052,0.4249509987513024,0.3316752516497109,2.37327998698827,2.3952938784391096,2.4575110232259103,2.4138320077093747
0.8154578592371475,0.4248884076974125,0.3316793437747261,2.373468299488575,2.3952938784391096,2.4573252482254526,2.4138320077093747
0.8155485950959952,0.42492356457225994,0.3316793437747261,2.37327998698827,2.395574490939567,2.4573252482254526,2.4138320077093747
0.8156016857212242,0.42488068500160747,0.3316752516497109,2.373374143238422,2.393984353436973,2.45583904822179,2.4122191327132656
0.8156171311128342,0.4249509987513024,0.3316793437747261,2.373468299488575,2.3954809534394146,2.4572323607252233,2.4137371327096036
0.8156248538086391,0.42488068500160747,0.3316793437747261,2.373468299488575,2.3954809534394146,2.457418135725681,2.4135473827100613
0.8155717631834102,0.4249432760554974,0.3316711595246956,2.373468299488575,2.396135715940483,2.4579754607270545,2.4144961327077725
0.8155717631834102,0.4249158418764549,0.3316670673996803,2.3737507682390326,2.395387415939262,2.4573252482254526,2.413926882709146
0.8155186725581812,0.4249158418764549,0.3316711595246956,2.373374143238422,2.3954809534394146,2.4572323607252233,2.4137371327096036
0.8157841256843256,0.42484552812676013,0.3316711595246956,2.37327998698827,2.3956680284397196,2.4573252482254526,2.414116632708688
0.8154655819329525,0.4249158418764549,0.3316711595246956,2.373468299488575,2.395387415939262,2.4573252482254526,2.413926882709146
0.8155717631834102,0.42488068500160747,0.3316711595246956,2.373374143238422,2.395387415939262,2.4573252482254526,2.4137371327096036
0.8156248538086391,0.4249861556261497,0.33166986323143055,2.3735624557387274,2.396884015941703,2.458811448229114,2.4153500077057126
0.8155794858792151,0.42488068500160747,0.3316657711064154,2.373468299488575,2.3956680284397196,2.4575110232259103,2.4135473827100613
0.8155717631834102,0.42485325082256514,0.3316780474814611,2.37365661198888,2.395387415939262,2.4573252482254526,2.4138320077093747
0.8155717631834102,0.4249587214471074,0.33167395535644584,2.373468299488575,2.395574490939567,2.4573252482254526,2.4137371327096036
0.8154655819329525,0.42485325082256514,0.3316616789814001,2.373374143238422,2.3954809534394146,2.4573252482254526,2.414116632708688
0.8154124913077235,0.4248884076974125,0.3316821396064764,2.373374143238422,2.395574490939567,2.457696798226368,2.4137371327096036
0.8155109498623763,0.42492356457225994,0.33166986323143055,2.3735624557387274,2.395574490939567,2.4575110232259103,2.413926882709146
0.8154047686119186,0.42484552812676013,0.33166986323143055,2.37327998698827,2.395387415939262,2.4572323607252233,2.413926882709146
0.8155640404876052,0.42488068500160747,0.3316657711064154,2.373468299488575,2.394077890937126,2.456024823222248,2.412408882712808
0.8155640404876052,0.42492356457225994,0.33166986323143055,2.37365661198888,2.395574490939567,2.457418135725681,2.4135473827100613
0.8154578592371475,0.42492356457225994,0.3316780474814611,2.373374143238422,2.395387415939262,2.4573252482254526,2.4137371327096036
0.8156171311128342,0.4249587214471074,0.3316780474814611,2.373468299488575,2.395200340938957,2.456953698224537,2.4137371327096036
0.8155717631834102,0.42493128726806495,0.33167395535644584,2.373374143238422,2.394826190938346,2.4563963732231633,2.413167882710977
0.8155186725581812,0.4248961303932175,0.3316780474814611,2.3735624557387274,2.395387415939262,2.4573252482254526,2.413926882709146
0.8155794858792151,0.42492356457225994,0.3316657711064154,2.373468299488575,2.395387415939262,2.4573252482254526,2.4137371327096036
0.8156402992002492,0.42499387832195473,0.3316616789814001,2.373468299488575,2.3947326534381936,2.456582148223621,2.4129781327114346
0.8155872085750202,0.4249158418764549,0.3316780474814611,2.373468299488575,2.3954809534394146,2.457418135725681,2.4137371327096036
0.8155794858792151,0.4249861556261497,0.3316616789814001,2.373468299488575,2.396135715940483,2.458161235727512,2.4144961327077725
0.8155186725581812,0.4249158418764549,0.33167395535644584,2.37365661198888,2.395387415939262,2.4571394732249945,2.4137371327096036
0.8155717631834102,0.4249587214471074,0.33166986323143055,2.373468299488575,2.396322790940788,2.4584398982281988,2.414970507706628
0.8155186725581812,0.42492356457225994,0.3316862317314916,2.373468299488575,2.395387415939262,2.4573252482254526,2.4136422577098324
0.8155717631834102,0.42492356457225994,0.3316780474814611,2.373374143238422,2.3954809534394146,2.4572323607252233,2.4136422577098324
0.8156702217380629,0.4249587214471074,0.33166986323143055,2.37365661198888,2.395200340938957,2.4572323607252233,2.4135473827100613
0.8155640404876052,0.4248180939477177,0.3316780474814611,2.373374143238422,2.3952938784391096,2.4572323607252233,2.4138320077093747
0.8154578592371475,0.4248884076974125,0.3316616789814001,2.37327998698827,2.395200340938957,2.456953698224537,2.413262757710748
0.8155640404876052,0.42493128726806495,0.3316657711064154,2.373468299488575,2.3954809534394146,2.4573252482254526,2.413926882709146
0.8155186725581812,0.4249664441429124,0.33167395535644584,2.3735624557387274,2.3962292534406355,2.4579754607270545,2.4144012577080014
0.8154655819329525,0.42493128726806495,0.33166986323143055,2.373468299488575,2.3954809534394146,2.4573252482254526,2.413926882709146
0.8155717631834102,0.4248961303932175,0.3316780474814611,2.373468299488575,2.3954809534394146,2.4573252482254526,2.4137371327096036
0.8156248538086391,0.42493128726806495,0.33166986323143055,2.373468299488575,2.395574490939567,2.4573252482254526,2.4138320077093747
0.8155794858792151,0.42493128726806495,0.33166986323143055,2.373468299488575,2.395387415939262,2.4573252482254526,2.4137371327096036
0.8155794858792151,0.42499387832195473,0.3316657711064154,2.373468299488575,2.3956680284397196,2.4573252482254526,2.4138320077093747
0.8154733046287574,0.42492356457225994,0.33167395535644584,2.373374143238422,2.3964163284409405,2.4584398982281988,2.4146858827073148
0.8155263952539862,0.4248884076974125,0.3316780474814611,2.373468299488575,2.395761565939872,2.4573252482254526,2.4137371327096036
0.8154733046287574,0.42492356457225994,0.33166986323143055,2.373374143238422,2.39604217844033,2.457696798226368,2.4145910077075436
0.8154733046287574,0.4249587214471074,0.33166986323143055,2.37327998698827,2.395387415939262,2.457418135725681,2.4138320077093747
0.8155794858792151,0.4248884076974125,0.33166986323143055,2.37327998698827,2.3954809534394146,2.4575110232259103,2.4138320077093747
0.8155794858792151,0.4248884076974125,0.3316780474814611,2.373468299488575,2.395200340938957,2.4572323607252233,2.413926882709146
0.8155717631834102,0.4248884076974125,0.3316821396064764,2.373468299488575,2.395387415939262,2.4572323607252233,2.4138320077093747
0.8154124913077235,0.4248884076974125,0.3316821396064764,2.373374143238422,2.3956680284397196,2.457418135725681,2.413926882709146
0.8155717631834102,0.4249587214471074,0.33166986323143055,2.373468299488575,2.395200340938957,2.4571394732249945,2.4136422577098324
0.8154578592371475,0.42492356457225994,0.33166986323143055,2.373468299488575,2.395574490939567,2.457418135725681,2.4137371327096036
0.8155109498623763,0.4248884076974125,0.33166986323143055,2.373468299488575,2.3952938784391096,2.4572323607252233,2.4135473827100613
0.8154655819329525,0.4248884076974125,0.3316780474814611,2.373185830738117,2.3954809534394146,2.457418135725681,2.4137371327096036
0.8155186725581812,0.4248884076974125,0.33167395535644584,2.373468299488575,2.395761565939872,2.4575110232259103,2.414116632708688
0.8154655819329525,0.4248884076974125,0.3316780474814611,2.373468299488575,2.395387415939262,2.4571394732249945,2.4135473827100613
0.8155186725581812,0.4248180939477177,0.3316657711064154,2.373374143238422,2.3950132659386516,2.4570465857247656,2.4135473827100613
0.8155717631834102,0.4249587214471074,0.33166986323143055,2.37365661198888,2.3954809534394146,2.4572323607252233,2.4135473827100613
0.8155794858792151,0.4248884076974125,0.3316780474814611,2.373374143238422,2.3954809534394146,2.4573252482254526,2.4137371327096036
0.8154733046287574,0.4248884076974125,0.3316616789814001,2.37327998698827,2.395387415939262,2.4572323607252233,2.4136422577098324
0.8155794858792151,0.42492356457225994,0.3316780474814611,2.373374143238422,2.395387415939262,2.4573252482254526,2.4138320077093747
0.8154655819329525,0.42492356457225994,0.33167395535644584,2.373468299488575,2.3951068034388046,2.4571394732249945,2.4135473827100613
0.8154655819329525,0.4248884076974125,0.3316780474814611,2.373468299488575,2.395761565939872,2.457696798226368,2.4144012577080014
0.8154655819329525,0.42492356457225994,0.33166986323143055,2.373374143238422,2.3951068034388046,2.4571394732249945,2.413357632710519
0.8154655819329525,0.42486097351837016,0.33166986323143055,2.37365661198888,2.395200340938957,2.4573252482254526,2.4137371327096036
0.8155640404876052,0.4249664441429124,0.3316616789814001,2.37365661198888,2.395200340938957,2.4571394732249945,2.4135473827100613
0.8155186725581812,0.4248686962141751,0.3316821396064764,2.373374143238422,2.395574490939567,2.4573252482254526,2.414021757708917
0.8155186725581812,0.4249390099638699,0.3316780474814611,2.37327998698827,2.3954809534394146,2.4573252482254526,2.4138320077093747
0.8154655819329525,0.42490385308902245,0.3316780474814611,2.373468299488575,2.395574490939567,2.4573252482254526,2.4137371327096036
0.8155717631834102,0.4250093237135647,0.3316780474814611,2.373468299488575,2.395387415939262,2.4575110232259103,2.4137371327096036
0.8154733046287574,0.42490385308902245,0.33166986323143055,2.373468299488575,2.3954809534394146,2.4573252482254526,2.4137371327096036
0.8155794858792151,0.42490385308902245,0.33166986323143055,2.3735624557387274,2.3951068034388046,2.4571394732249945,2.4135473827100613
0.8155263952539862,0.42490385308902245,0.33167395535644584,2.373468299488575,2.3950132659386516,2.4566750357238503,2.413357632710519
0.8155263952539862,0.4248686962141751,0.33167395535644584,2.373468299488575,2.3954809534394146,2.4572323607252233,2.4136422577098324
0.8154733046287574,0.4249390099638699,0.3316616789814001,2.37365661198888,2.3952938784391096,2.456953698224537,2.4135473827100613
0.8155794858792151,0.42493128726806495,0.3316780474814611,2.373374143238422,2.395200340938957,2.4571394732249945,2.413926882709146
0.8155794858792151,0.42493128726806495,0.3316657711064154,2.373374143238422,2.3964163284409405,2.458254123227741,2.4146858827073148
0.8154655819329525,0.4249664441429124,0.3316862317314916,2.37327998698827,2.3956680284397196,2.4575110232259103,2.414021757708917
0.8154578592371475,0.42486097351837016,0.33167395535644584,2.373468299488575,2.395387415939262,2.4575110232259103,2.4138320077093747
0.8154578592371475,0.42486097351837016,0.3316657711064154,2.3735624557387274,2.396322790940788,2.4583470107279703,2.4146858827073148
0.8154578592371475,0.42493128726806495,0.3316780474814611,2.3735624557387274,2.3954809534394146,2.457418135725681,2.4135473827100613
0.8154655819329525,0.42493128726806495,0.33166986323143055,2.373468299488575,2.3941714284372786,2.4573252482254526,2.4138320077093747
0.8154655819329525,0.4248961303932175,0.3316780474814611,2.373468299488575,2.3951068034388046,2.456860810724308,2.413357632710519
0.8156248538086391,0.42486097351837016,0.33166986323143055,2.373468299488575,2.395387415939262,2.457418135725681,2.4136422577098324
0.8154655819329525,0.4249664441429124,0.3316780474814611,2.373468299488575,2.396135715940483,2.458254123227741,2.414780757707086
0.8155717631834102,0.42486097351837016,0.3316780474814611,2.373374143238422,2.395574490939567,2.4572323607252233,2.4138320077093747
0.8156248538086391,0.4248961303932175,0.3316862317314916,2.373468299488575,2.3956680284397196,2.4575110232259103,2.413926882709146
0.8154655819329525,0.4248961303932175,0.3316780474814611,2.37327998698827,2.3954809534394146,2.4572323607252233,2.4138320077093747
0.8155717631834102,0.4248961303932175,0.33166986323143055,2.37365661198888,2.395200340938957,2.4573252482254526,2.4138320077093747
0.8154202140035285,0.42493128726806495,0.3316903238565069,2.373468299488575,2.3959486409401776,2.4576039107261387,2.4144961327077725
0.8154733046287574,0.42500160101775974,0.3316821396064764,2.373468299488575,2.3951068034388046,2.4572323607252233,2.4137371327096036
0.8155263952539862,0.4249664441429124,0.3316780474814611,2.37365661198888,2.394452040937736,2.4562105982227056,2.41259863271235
0.8155186725581812,0.4249664441429124,0.3316657711064154,2.373468299488575,2.395574490939567,2.4571394732249945,2.414021757708917
0.8156779444338679,0.4248961303932175,0.3316821396064764,2.373468299488575,2.3954809534394146,2.4572323607252233,2.4138320077093747
0.8153516779866896,0.42493128726806495,0.3316780474814611,2.37327998698827,2.3954809534394146,2.457418135725681,2.413926882709146
0.8154578592371475,0.42493128726806495,0.3316780474814611,2.373468299488575,2.3954809534394146,2.4572323607252233,2.4137371327096036
0.8155109498623763,0.42490385308902245,0.3316780474814611,2.373374143238422,2.3954809534394146,2.4572323607252233,2.4137371327096036
0.8155109498623763,0.42490385308902245,0.3316862317314916,2.373374143238422,2.3951068034388046,2.456953698224537,2.41345250771029
0.8155717631834102,0.42490385308902245,0.3316780474814611,2.373185830738117,2.395387415939262,2.457418135725681,2.4136422577098324
0.8155717631834102,0.4249115757848275,0.33166986323143055,2.373374143238422,2.3954809534394146,2.4571394732249945,2.4136422577098324
0.8155717631834102,0.424946732659675,0.3316780474814611,2.373468299488575,2.3959486409401776,2.4580683482272834,2.414116632708688
0.8156248538086391,0.42498188953452243,0.3316657711064154,2.3737507682390326,2.395574490939567,2.4572323607252233,2.414021757708917
0.8154124913077235,0.42498188953452243,0.3316862317314916,2.373468299488575,2.394919728438499,2.4566750357238503,2.413262757710748
0.8155186725581812,0.4249115757848275,0.33166986323143055,2.373468299488575,2.395761565939872,2.457696798226368,2.4143063827082303
0.8154733046287574,0.42497416683871736,0.3316780474814611,2.3735624557387274,2.3954809534394146,2.457418135725681,2.414021757708917
0.8154733046287574,0.4249390099638699,0.33167395535644584,2.373185830738117,2.3951068034388046,2.456953698224537,2.41345250771029
0.8154733046287574,0.4248686962141751,0.33167395535644584,2.37327998698827,2.395574490939567,2.4573252482254526,2.4136422577098324
0.8154655819329525,0.42490385308902245,0.3316821396064764,2.373374143238422,2.395387415939262,2.4571394732249945,2.4138320077093747
0.8153516779866896,0.42497416683871736,0.3316780474814611,2.373374143238422,2.3954809534394146,2.4573252482254526,2.4138320077093747
0.8154578592371475,0.42497416683871736,0.3316821396064764,2.373468299488575,2.3952938784391096,2.4576039107261387,2.4137371327096036
0.8155109498623763,0.42497416683871736,0.33166986323143055,2.373468299488575,2.3954809534394146,2.4573252482254526,2.413926882709146
0.8154578592371475,0.4248686962141751,0.33166986323143055,2.37365661198888,2.395387415939262,2.4575110232259103,2.4137371327096036
0.8153516779866896,0.4248686962141751,0.3316780474814611,2.373374143238422,2.395200340938957,2.4572323607252233,2.4138320077093747
0.8153516779866896,0.42497416683871736,0.3316657711064154,2.373374143238422,2.395387415939262,2.4571394732249945,2.413926882709146
0.8155717631834102,0.42490385308902245,0.33166986323143055,2.373374143238422,2.3950132659386516,2.456953698224537,2.413357632710519
0.8154124913077235,0.42497416683871736,0.3316780474814611,2.373374143238422,2.3952938784391096,2.457418135725681,2.413926882709146
0.8156248538086391,0.4250093237135647,0.33166986323143055,2.37327998698827,2.395387415939262,2.4573252482254526,2.413926882709146
0.8154655819329525,0.42483353933932766,0.3316780474814611,2.373374143238422,2.3954809534394146,2.4571394732249945,2.4136422577098324
0.8155186725581812,0.4249390099638699,0.3316657711064154,2.373468299488575,2.395200340938957,2.457418135725681,2.4137371327096036
0.8155186725581812,0.4248686962141751,0.3316616789814001,2.3737507682390326,2.394264965937431,2.456024823222248,2.412503757712579
0.8154733046287574,0.4250093237135647,0.3316821396064764,2.373374143238422,2.395387415939262,2.4573252482254526,2.413926882709146
0.8155794858792151,0.4248686962141751,0.33167395535644584,2.373468299488575,2.396696940941398,2.458532785728428,2.4150653827063993
0.8155794858792151,0.42497416683871736,0.33166986323143055,2.373468299488575,2.395387415939262,2.457418135725681,2.4138320077093747
0.8155186725581812,0.4249390099638699,0.3316575868563848,2.37365661198888,2.3954809534394146,2.4575110232259103,2.413926882709146
0.8154655819329525,0.42490385308902245,0.33166986323143055,2.373468299488575,2.395387415939262,2.4573252482254526,2.4137371327096036
0.8154655819329525,0.4249115757848275,0.33166986323143055,2.373468299488575,2.396322790940788,2.4580683482272834,2.4145910077075436
0.8155109498623763,0.4248412620351327,0.3316821396064764,2.373468299488575,2.395387415939262,2.4573252482254526,2.4137371327096036
0.8154578592371475,0.4248764189099802,0.33167395535644584,2.373468299488575,2.3958551034400246,2.4576039107261387,2.414211507708459
0.8156171311128342,0.42501704640936977,0.3316657711064154,2.373374143238422,2.395574490939567,2.4578825732268257,2.4135473827100613
0.8155186725581812,0.4249115757848275,0.3316657711064154,2.373468299488575,2.3945455784378886,2.4562105982227056,2.4128832577116635
0.8155717631834102,0.424946732659675,0.33166986323143055,2.373468299488575,2.395387415939262,2.4575110232259103,2.4138320077093747
0.8155717631834102,0.4249115757848275,0.33166986323143055,2.373468299488575,2.395574490939567,2.4571394732249945,2.413926882709146
0.8154655819329525,0.42501704640936977,0.3316780474814611,2.373468299488575,2.3950132659386516,2.456860810724308,2.413357632710519
0.8154655819329525,0.4248412620351327,0.3316821396064764,2.37327998698827,2.3954809534394146,2.4571394732249945,2.4138320077093747
0.8155186725581812,0.4248764189099802,0.33167395535644584,2.373468299488575,2.394919728438499,2.4570465857247656,2.4135473827100613
0.8155794858792151,0.42498188953452243,0.3316616789814001,2.373374143238422,2.3952938784391096,2.457418135725681,2.4136422577098324
0.8155263952539862,0.4249115757848275,0.33167395535644584,2.373374143238422,2.395387415939262,2.457418135725681,2.4137371327096036
0.8154733046287574,0.424946732659675,0.33167395535644584,2.373468299488575,2.3952938784391096,2.4573252482254526,2.4137371327096036
0.8156325765044441,0.424946732659675,0.3316780474814611,2.37365661198888,2.396884015941703,2.4587185607288857,2.4152551327059415
0.8155794858792151,0.42498188953452243,0.3316780474814611,2.37365661198888,2.395387415939262,2.4572323607252233,2.413926882709146
0.8156325765044441,0.4249115757848275,0.3316657711064154,2.3735624557387274,2.395200340938957,2.4573252482254526,2.4138320077093747
0.8154733046287574,0.4249115757848275,0.3316657711064154,2.373468299488575,2.396135715940483,2.4583470107279703,2.4144961327077725
0.8154733046287574,0.4249115757848275,0.3316780474814611,2.3735624557387274,2.395387415939262,2.4573252482254526,2.4136422577098324
0.8154733046287574,0.4249115757848275,0.33166986323143055,2.37327998698827,2.395761565939872,2.4575110232259103,2.414116632708688
0.8154733046287574,0.4249115757848275,0.3316780474814611,2.373468299488575,2.3954809534394146,2.457418135725681,2.413926882709146
0.8154733046287574,0.42477094828543793,0.3316821396064764,2.373468299488575,2.3954809534394146,2.4573252482254526,2.4137371327096036
0.8155186725581812,0.42498188953452243,0.3316780474814611,2.373468299488575,2.3954809534394146,2.4575110232259103,2.414021757708917
0.8153594006824946,0.424946732659675,0.3316862317314916,2.373468299488575,2.395761565939872,2.4576039107261387,2.413926882709146
0.8155186725581812,0.424946732659675,0.33167395535644584,2.3735624557387274,2.395574490939567,2.4573252482254526,2.4137371327096036
0.8154124913077235,0.4249115757848275,0.3316780474814611,2.373374143238422,2.395761565939872,2.4575110232259103,2.4143063827082303
0.8154655819329525,0.4248764189099802,0.33166986323143055,2.373468299488575,2.3954809534394146,2.4573252482254526,2.4138320077093747
0.8155717631834102,0.42501704640936977,0.33166986323143055,2.373468299488575,2.395200340938957,2.4573252482254526,2.4135473827100613
0.8154733046287574,0.4249192984806325,0.33167395535644584,2.373468299488575,2.395387415939262,2.4573252482254526,2.413926882709146
0.8155263952539862,0.4249896122303274,0.3316657711064154,2.373468299488575,2.395574490939567,2.4572323607252233,2.4135473827100613
0.8155186725581812,0.4249192984806325,0.3316657711064154,2.3737507682390326,2.396322790940788,2.458254123227741,2.4145910077075436
0.8155186725581812,0.4249896122303274,0.33166986323143055,2.3735624557387274,2.3956680284397196,2.4573252482254526,2.4138320077093747
0.8154655819329525,0.4249896122303274,0.33166986323143055,2.373374143238422,2.393703740936515,2.455467498220875,2.4119345077139522
0.8155186725581812,0.4250247691051747,0.3316657711064154,2.3737507682390326,2.395387415939262,2.4575110232259103,2.414021757708917
0.8156171311128342,0.4249192984806325,0.3316780474814611,2.373468299488575,2.396509865941093,2.4584398982281988,2.414780757707086
0.8154578592371475,0.4249192984806325,0.3316780474814611,2.373468299488575,2.395200340938957,2.4576039107261387,2.4137371327096036
0.8154655819329525,0.4249192984806325,0.33167395535644584,2.373374143238422,2.3956680284397196,2.4573252482254526,2.413926882709146
0.8153594006824946,0.42495445535547993,0.3316780474814611,2.3737507682390326,2.393984353436973,2.45583904822179,2.412408882712808
0.8154124913077235,0.4249896122303274,0.33167395535644584,2.373468299488575,2.3958551034400246,2.4576039107261387,2.413926882709146
0.8154655819329525,0.4248489847309377,0.33166986323143055,2.373468299488575,2.3954809534394146,2.4573252482254526,2.413926882709146
0.8155717631834102,0.4249192984806325,0.3316780474814611,2.373468299488575,2.395574490939567,2.4575110232259103,2.4137371327096036
0.8155717631834102,0.4249192984806325,0.3316780474814611,2.373468299488575,2.395200340938957,2.4571394732249945,2.4136422577098324
0.8155186725581812,0.4249896122303274,0.3316780474814611,2.373468299488575,2.3954809534394146,2.457418135725681,2.4137371327096036
0.8154733046287574,0.42495445535547993,0.3316657711064154,2.37327998698827,2.3954809534394146,2.4575110232259103,2.413926882709146
0.8155794858792151,0.4249896122303274,0.3316780474814611,2.37327998698827,2.395387415939262,2.4572323607252233,2.4137371327096036
0.8155263952539862,0.4249192984806325,0.33167395535644584,2.373374143238422,2.395387415939262,2.4576039107261387,2.414021757708917
0.8155263952539862,0.4249192984806325,0.3316821396064764,2.373468299488575,2.3950132659386516,2.4570465857247656,2.41345250771029
0.8155794858792151,0.42495445535547993,0.3316780474814611,2.373468299488575,2.395387415939262,2.4571394732249945,2.4137371327096036
0.8154733046287574,0.42495445535547993,0.3316821396064764,2.373468299488575,2.395574490939567,2.4572323607252233,2.414021757708917
0.8153671233782995,0.42488414160578514,0.3316780474814611,2.373374143238422,2.3952938784391096,2.456953698224537,2.4136422577098324
0.8155794858792151,0.42488414160578514,0.3316780474814611,2.373374143238422,2.3952938784391096,2.4571394732249945,2.413926882709146
0.8155794858792151,0.4249896122303274,0.33166986323143055,2.37327998698827,2.394264965937431,2.456024823222248,2.4127883827118923
0.8155794858792151,0.4249192984806325,0.33167395535644584,2.373374143238422,2.395387415939262,2.4573252482254526,2.4135473827100613
0.8156325765044441,0.4249896122303274,0.33167395535644584,2.373468299488575,2.3962292534406355,2.458254123227741,2.4144961327077725
0.8154655819329525,0.42495445535547993,0.33166986323143055,2.3735624557387274,2.395200340938957,2.456953698224537,2.4137371327096036
0.8155717631834102,0.42495445535547993,0.3316657711064154,2.3738449244891853,2.3952938784391096,2.4572323607252233,2.4136422577098324
0.8155186725581812,0.42495445535547993,0.33166986323143055,2.373468299488575,2.3954809534394146,2.4571394732249945,2.413926882709146
0.8155717631834102,0.42495445535547993,0.33166986323143055,2.373468299488575,2.3954809534394146,2.457418135725681,2.4137371327096036
0.8155186725581812,0.4249896122303274,0.3316657711064154,2.373468299488575,2.394919728438499,2.456953698224537,2.413357632710519
0.8155717631834102,0.4249192984806325,0.3316821396064764,2.37327998698827,2.3952938784391096,2.4573252482254526,2.4137371327096036
0.8155263952539862,0.4248567074267427,0.3316862317314916,2.3737507682390326,2.396696940941398,2.458532785728428,2.414970507706628
0.8155263952539862,0.4249973349261324,0.3316821396064764,2.3735624557387274,2.3954809534394146,2.4573252482254526,2.4138320077093747
0.8155794858792151,0.42496217805128494,0.3316780474814611,2.3735624557387274,2.3956680284397196,2.4573252482254526,2.414021757708917
0.8156325765044441,0.42489186430159015,0.3316780474814611,2.373468299488575,2.3950132659386516,2.456953698224537,2.4137371327096036
0.8155263952539862,0.42489186430159015,0.33166986323143055,2.373374143238422,2.395200340938957,2.4573252482254526,2.4135473827100613
0.8154733046287574,0.4248567074267427,0.3316821396064764,2.373468299488575,2.393984353436973,2.45583904822179,2.4122191327132656
0.8154202140035285,0.42496217805128494,0.33166986323143055,2.3735624557387274,2.395200340938957,2.4573252482254526,2.413926882709146
0.8155794858792151,0.42496217805128494,0.3316821396064764,2.373468299488575,2.393703740936515,2.4556532732213325,2.4120293827137234
0.8155794858792151,0.4249973349261324,0.3316657711064154,2.373468299488575,2.3958551034400246,2.4575110232259103,2.414211507708459
0.8155717631834102,0.42489186430159015,0.33166986323143055,2.373374143238422,2.395574490939567,2.4573252482254526,2.4138320077093747
0.8155186725581812,0.4249973349261324,0.3316821396064764,2.373374143238422,2.393984353436973,2.4557461607215614,2.412503757712579
0.8154124913077235,0.42503249180097974,0.3316657711064154,2.373374143238422,2.3954809534394146,2.457418135725681,2.413926882709146
0.8154124913077235,0.4249270211764375,0.33167395535644584,2.37327998698827,2.395387415939262,2.4572323607252233,2.4137371327096036
0.8154655819329525,0.4249270211764375,0.3316821396064764,2.37327998698827,2.3959486409401776,2.4580683482272834,2.4144961327077725
0.8154655819329525,0.4249270211764375,0.33167395535644584,2.373374143238422,2.395387415939262,2.457418135725681,2.413926882709146
0.8155717631834102,0.4249973349261324,0.33167395535644584,2.373374143238422,2.395387415939262,2.4571394732249945,2.413926882709146
0.8155186725581812,0.42496217805128494,0.3316657711064154,2.37327998698827,2.3954809534394146,2.4573252482254526,2.4136422577098324
0.8155794858792151,0.4249270211764375,0.33166986323143055,2.373374143238422,2.395200340938957,2.4573252482254526,2.4137371327096036
0.8155263952539862,0.42489186430159015,0.3316780474814611,2.373374143238422,2.395387415939262,2.4572323607252233,2.4137371327096036
0.8154202140035285,0.4249973349261324,0.33169441598152216,2.3737507682390326,2.395574490939567,2.4576039107261387,2.4138320077093747
0.8155794858792151,0.42496217805128494,0.3316780474814611,2.37365661198888,2.395574490939567,2.4573252482254526,2.4137371327096036
0.8155794858792151,0.4249973349261324,0.3316780474814611,2.373468299488575,2.395387415939262,2.457418135725681,2.413926882709146
0.8154733046287574,0.42496217805128494,0.3316821396064764,2.373468299488575,2.395574490939567,2.4573252482254526,2.4138320077093747
0.8155794858792151,0.42496217805128494,0.33167245581796057,2.373374143238422,2.3954809534394146,2.4575110232259103,2.4137371327096036
0.8155794858792151,0.42496217805128494,0.33167245581796057,2.37327998698827,2.3952938784391096,2.4573252482254526,2.4143063827082303
1.026210197099604,0.5304121745785765,0.35499231975715273,2.968758646166219,2.984238235969042,3.0444124513847246,3.0061670423316516
1.026225642491214,0.5304198972743814,0.35498822763213744,2.968476177415761,2.984612385969652,3.044319563884496,3.0061670423316516
1.026172551865985,0.5303847403995341,0.35498822763213744,2.968476177415761,2.9847059234698046,3.044226676384267,3.0062619173314227
1.026172551865985,0.5303770177037291,0.35499231975715273,2.968476177415761,2.9847059234698046,3.044319563884496,3.006451667330965
1.026225642491214,0.5303418608288817,0.354996411882168,2.9686644899160664,2.9847059234698046,3.044226676384267,3.006451667330965
1.0263849143669006,0.5303067039540342,0.3550045961321985,2.968758646166219,2.984612385969652,3.044226676384267,3.0062619173314227
1.026210197099604,0.5304121745785765,0.354996411882168,2.9686644899160664,2.9847059234698046,3.044319563884496,3.0061670423316516
1.026202474403799,0.5304473314534239,0.35498822763213744,2.968758646166219,2.9849865359702625,3.0445982263851827,3.0068311673300494
1.026096293153341,0.5303418608288817,0.35499231975715273,2.968476177415761,2.983115785967211,3.042740476380605,3.004838792334856
1.02614938377857,0.5304044518827715,0.35498822763213744,2.968758646166219,2.9847059234698046,3.044319563884496,3.006356792331194
1.02614938377857,0.5302638243833819,0.354996411882168,2.9688528024163716,2.984612385969652,3.044226676384267,3.0062619173314227
1.02614938377857,0.5303264154372718,0.35499231975715273,2.9688528024163716,2.9847059234698046,3.0444124513847246,3.0062619173314227
1.026210197099604,0.5304044518827715,0.354996411882168,2.9686644899160664,2.9847059234698046,3.044226676384267,3.0062619173314227
1.026157106474375,0.5304121745785765,0.3550005040071833,2.9686644899160664,2.984425310969347,3.0440409013838092,3.0061670423316516
1.026210197099604,0.5304121745785765,0.35498822763213744,2.9689469586665242,2.984425310969347,3.0441337888840385,3.006451667330965
1.0261040158491461,0.5303495835246868,0.35499231975715273,2.9686644899160664,2.984799460969957,3.044226676384267,3.006641417330507
1.0262179197954089,0.5303924630953392,0.3550045961321985,2.968758646166219,2.983115785967211,3.0425547013801473,3.0047439173350847
1.0262179197954089,0.5303847403995341,0.354996411882168,2.9688528024163716,2.9843317734691945,3.044226676384267,3.0061670423316516
1.026111738544951,0.5304198972743814,0.35499231975715273,2.968382021165609,2.9845188484694996,3.0441337888840385,3.0060721673318804
1.0262179197954089,0.5303067039540342,0.354996411882168,2.9688528024163716,2.9843317734691945,3.044226676384267,3.006356792331194
1.02616482917018,0.5303770177037291,0.35499231975715273,2.9686644899160664,2.984612385969652,3.044226676384267,3.0061670423316516
1.0262179197954089,0.5304044518827715,0.3550005040071833,2.9689469586665242,2.984425310969347,3.0441337888840385,3.0062619173314227
1.0260586479197222,0.5304396087576189,0.3550045961321985,2.968758646166219,2.9859219109717885,3.0455271013874716,3.0076850423279895
1.026157106474375,0.5303418608288817,0.354996411882168,2.9686644899160664,2.984425310969347,3.044226676384267,3.0061670423316516
1.026210197099604,0.5303067039540342,0.35499231975715273,2.968476177415761,2.9845188484694996,3.044226676384267,3.0061670423316516
1.026225642491214,0.5303067039540342,0.35498822763213744,2.9689469586665242,2.98489299847011,3.044319563884496,3.006546542330736
1.026111738544951,0.530455054149229,0.35499511558890295,2.9686644899160664,2.984612385969652,3.044319563884496,3.0061670423316516
1.0262632877248326,0.5303144266498392,0.3550073919639487,2.968476177415761,2.9845188484694996,3.0444124513847246,3.006451667330965
1.026210197099604,0.5303847403995341,0.35500329983893353,2.9686644899160664,2.9847059234698046,3.0444124513847246,3.006546542330736
1.026202474403799,0.5303847403995341,0.3549828392138572,2.9686644899160664,2.9845188484694996,3.0441337888840385,3.0060721673318804
1.02614938377857,0.5303924630953392,0.3549910234638878,2.968476177415761,2.984612385969652,3.0444124513847246,3.006451667330965
1.026096293153341,0.5303144266498392,0.3549869313388725,2.9686644899160664,2.985173610970568,3.0445982263851827,3.0069260423298205
1.026210197099604,0.5304198972743814,0.35499920771391824,2.9688528024163716,2.9841446984688895,3.0441337888840385,3.005692667332796
1.0262179197954089,0.5303770177037291,0.35499511558890295,2.968570333665914,2.9840511609687366,3.0438551263833515,3.005787542332567
1.0263241010458666,0.5303692950079242,0.35499511558890295,2.968382021165609,2.9854542234710255,3.0451555513865562,3.0071157923293628
1.0262179197954089,0.5303692950079242,0.3549869313388725,2.9689469586665242,2.983115785967211,3.0430191388812915,3.005028542334398
1.0262179197954089,0.5304121745785765,0.35499511558890295,2.968758646166219,2.984612385969652,3.044226676384267,3.006356792331194
1.0262787331164427,0.5304198972743814,0.35499511558890295,2.9686644899160664,2.984425310969347,3.044226676384267,3.006356792331194
1.02616482917018,0.5303573062204917,0.3550073919639487,2.968476177415761,2.984799460969957,3.0440409013838092,3.006356792331194
1.0262179197954089,0.5303573062204917,0.3549910234638878,2.968758646166219,2.9847059234698046,3.0440409013838092,3.0062619173314227
1.0260509252239172,0.5304353426659915,0.35499511558890295,2.968758646166219,2.9845188484694996,3.0441337888840385,3.0061670423316516
1.0260432025281123,0.5302947151666019,0.35500329983893353,2.9686644899160664,2.9847059234698046,3.044226676384267,3.0062619173314227
1.0262555650290277,0.5304001857911441,0.35499511558890295,2.9688528024163716,2.984238235969042,3.0440409013838092,3.0059772923321093
1.0263009329584516,0.530462776845034,0.3549910234638878,2.9688528024163716,2.9847059234698046,3.044505338884954,3.0062619173314227
1.026141661082765,0.5303924630953392,0.3549910234638878,2.968758646166219,2.984612385969652,3.044319563884496,3.0060721673318804
1.02614938377857,0.5303221493456443,0.35500329983893353,2.969041114916677,2.984799460969957,3.0445982263851827,3.006356792331194
1.026157106474375,0.5303924630953392,0.3549910234638878,2.9686644899160664,2.9845188484694996,3.0441337888840385,3.0061670423316516
1.0262710104206376,0.5304276199701865,0.3549869313388725,2.9688528024163716,2.9841446984688895,3.043948013883581,3.0059772923321093
1.026119461240756,0.5303144266498392,0.35500329983893353,2.968570333665914,2.984612385969652,3.044319563884496,3.0061670423316516
1.026172551865985,0.5303847403995341,0.3549910234638878,2.968758646166219,2.985173610970568,3.0447840013856404,3.0069260423298205
1.026225642491214,0.5304276199701865,0.3549910234638878,2.9689469586665242,2.984612385969652,3.0444124513847246,3.006356792331194
1.0260586479197222,0.5304276199701865,0.3549869313388725,2.9686644899160664,2.9845188484694996,3.044319563884496,3.0062619173314227
1.02616482917018,0.5303573062204917,0.3549910234638878,2.968476177415761,2.9845188484694996,3.0440409013838092,3.0061670423316516
1.0262179197954089,0.5304001857911441,0.3549910234638878,2.9688528024163716,2.984799460969957,3.044319563884496,3.0061670423316516
1.02616482917018,0.5304001857911441,0.3549910234638878,2.9686644899160664,2.9841446984688895,3.0438551263833515,3.005787542332567
1.026111738544951,0.5304276199701865,0.3549910234638878,2.968758646166219,2.98489299847011,3.0445982263851827,3.006546542330736
1.0262179197954089,0.5303924630953392,0.35500329983893353,2.969041114916677,2.984425310969347,3.0441337888840385,3.0061670423316516
1.026210197099604,0.5304198972743814,0.3549869313388725,2.9689469586665242,2.9847059234698046,3.0445982263851827,3.006451667330965
1.0260432025281123,0.530455054149229,0.35500329983893353,2.9686644899160664,2.9843317734691945,3.0441337888840385,3.0060721673318804
1.026210197099604,0.5303847403995341,0.35499511558890295,2.968476177415761,2.985360685970873,3.0448768888858693,3.0068311673300494
1.026157106474375,0.5303924630953392,0.35499511558890295,2.9688528024163716,2.9849865359702625,3.0445982263851827,3.006641417330507
1.026202474403799,0.530462776845034,0.3549828392138572,2.9689469586665242,2.985080073470415,3.0446911138854116,3.0070209173295916
1.026096293153341,0.5303573062204917,0.3549910234638878,2.9688528024163716,2.983489935967821,3.042647588880376,3.005028542334398
1.0262632877248326,0.5303924630953392,0.3549869313388725,2.968758646166219,2.9849865359702625,3.0446911138854116,3.0067362923302783
1.0262632877248326,0.5303924630953392,0.35499511558890295,2.9688528024163716,2.984612385969652,3.044505338884954,3.0061670423316516
1.0262632877248326,0.5303924630953392,0.35500329983893353,2.969041114916677,2.984612385969652,3.044226676384267,3.0060721673318804
1.02616482917018,0.5304353426659915,0.3549910234638878,2.968382021165609,2.984425310969347,3.043948013883581,3.0059772923321093
1.026119461240756,0.5304704995408389,0.3549910234638878,2.968758646166219,2.984799460969957,3.0444124513847246,3.0062619173314227
1.026172551865985,0.5303298720414492,0.35500329983893353,2.968570333665914,2.984612385969652,3.044226676384267,3.0062619173314227
1.0262179197954089,0.5304353426659915,0.35499920771391824,2.9686644899160664,2.985360685970873,3.0451555513865562,3.007305542328905
1.0263241010458666,0.5304001857911441,0.3549910234638878,2.9686644899160664,2.9847059234698046,3.044319563884496,3.006356792331194
1.026210197099604,0.5304353426659915,0.35499511558890295,2.9688528024163716,2.984799460969957,3.0445982263851827,3.0067362923302783
1.0263163783500615,0.5303573062204917,0.3549910234638878,2.968758646166219,2.984612385969652,3.0441337888840385,3.0062619173314227
1.026210197099604,0.530462776845034,0.35500329983893353,2.968758646166219,2.9845188484694996,3.044226676384267,3.0061670423316516
1.026202474403799,0.5304979337198814,0.3550073919639487,2.9686644899160664,2.984612385969652,3.044226676384267,3.0060721673318804
1.026202474403799,0.530462776845034,0.3549910234638878,2.968570333665914,2.9859219109717885,3.0455271013874716,3.007400417328676
1.026210197099604,0.5303924630953392,0.35500329983893353,2.9688528024163716,2.984612385969652,3.0441337888840385,3.0060721673318804
1.0261040158491461,0.5303221493456443,0.35500329983893353,2.968570333665914,2.984425310969347,3.044319563884496,3.0062619173314227
1.026157106474375,0.5304276199701865,0.35499511558890295,2.9689469586665242,2.9847059234698046,3.044319563884496,3.006356792331194
1.026210197099604,0.5303573062204917,0.3549910234638878,2.968758646166219,2.984612385969652,3.044226676384267,3.0059772923321093
1.026111738544951,0.5302869924707969,0.35500329983893353,2.968758646166219,2.9845188484694996,3.044319563884496,3.0059772923321093
1.0262710104206376,0.5304276199701865,0.35499511558890295,2.9686644899160664,2.984425310969347,3.0441337888840385,3.0061670423316516
1.0262179197954089,0.5303573062204917,0.35499920771391824,2.9688528024163716,2.9845188484694996,3.044319563884496,3.0061670423316516
1.0262179197954089,0.5303221493456443,0.3549910234638878,2.968758646166219,2.985173610970568,3.045062663886327,3.0070209173295916
1.0262179197954089,0.5303924630953392,0.3549910234638878,2.968476177415761,2.9847059234698046,3.0441337888840385,3.0061670423316516
1.0262179197954089,0.5303924630953392,0.35499511558890295,2.9688528024163716,2.9847059234698046,3.044226676384267,3.006356792331194
1.0261040158491461,0.530462776845034,0.3550073919639487,2.9686644899160664,2.986296060972399,3.0457128763879293,3.0078747923275317
1.0261040158491461,0.5303924630953392,0.35499511558890295,2.9688528024163716,2.984799460969957,3.0444124513847246,3.0061670423316516
1.026210197099604,0.5304276199701865,0.3549910234638878,2.9689469586665242,2.984425310969347,3.044319563884496,3.0062619173314227
1.0262179197954089,0.5303573062204917,0.35499511558890295,2.968758646166219,2.984612385969652,3.0441337888840385,3.0061670423316516
1.0260586479197222,0.5303221493456443,0.35499920771391824,2.968758646166219,2.984238235969042,3.043948013883581,3.0061670423316516
1.0262710104206376,0.5303924630953392,0.3549869313388725,2.9686644899160664,2.984612385969652,3.044226676384267,3.0061670423316516
1.026111738544951,0.530462776845034,0.35499511558890295,2.9688528024163716,2.984612385969652,3.0444124513847246,3.0061670423316516
1.026111738544951,0.5303221493456443,0.3549869313388725,2.968476177415761,2.984425310969347,3.0444124513847246,3.006356792331194
1.02616482917018,0.5303924630953392,0.35500329983893353,2.9688528024163716,2.983115785967211,3.042740476380605,3.004933667334627
1.0261040158491461,0.5303924630953392,0.35499511558890295,2.968476177415761,2.984612385969652,3.044226676384267,3.0061670423316516
1.0261040158491461,0.5303924630953392,0.355011484088964,2.968758646166219,2.984425310969347,3.044226676384267,3.0060721673318804
1.02616482917018,0.5303221493456443,0.3549910234638878,2.9686644899160664,2.9849865359702625,3.0445982263851827,3.006641417330507
1.0262179197954089,0.5303221493456443,0.3549910234638878,2.968758646166219,2.9847059234698046,3.044226676384267,3.0061670423316516
1.0262787331164427,0.5304001857911441,0.35499920771391824,2.968476177415761,2.984425310969347,3.0444124513847246,3.006356792331194
1.0262179197954089,0.5304704995408389,0.3549910234638878,2.9689469586665242,2.984238235969042,3.0441337888840385,3.0062619173314227
1.02616482917018,0.5304353426659915,0.35499511558890295,2.968758646166219,2.984612385969652,3.044226676384267,3.006356792331194
1.0263694689752905,0.5304353426659915,0.35499511558890295,2.9688528024163716,2.9845188484694996,3.044505338884954,3.0062619173314227
1.026210197099604,0.5304001857911441,0.3549910234638878,2.968758646166219,2.9840511609687366,3.043948013883581,3.005787542332567
1.0261040158491461,0.5304001857911441,0.3549910234638878,2.9686644899160664,2.984612385969652,3.0441337888840385,3.0062619173314227
1.026202474403799,0.530478222236644,0.3549869313388725,2.9688528024163716,2.9849865359702625,3.0447840013856404,3.0068311673300494
1.026202474403799,0.5304079084869491,0.35500329983893353,2.968476177415761,2.9847059234698046,3.044226676384267,3.0062619173314227
1.0261040158491461,0.5303375947372542,0.35500329983893353,2.968570333665914,2.984425310969347,3.044319563884496,3.006451667330965
1.026157106474375,0.5305133791114913,0.35499511558890295,2.9686644899160664,2.984612385969652,3.044226676384267,3.0061670423316516
1.026210197099604,0.5304079084869491,0.3549828392138572,2.9686644899160664,2.9847059234698046,3.0444124513847246,3.006451667330965
1.0262787331164427,0.5304353426659915,0.3549828392138572,2.968758646166219,2.984612385969652,3.044226676384267,3.006356792331194
1.026172551865985,0.5304353426659915,0.3549869313388725,2.9688528024163716,2.983115785967211,3.042926251381063,3.004933667334627
1.026172551865985,0.5304353426659915,0.3549910234638878,2.968758646166219,2.984612385969652,3.044226676384267,3.006451667330965
1.0260055572944933,0.5303298720414492,0.35499511558890295,2.9686644899160664,2.984612385969652,3.0441337888840385,3.0061670423316516
1.0262179197954089,0.5304353426659915,0.3549910234638878,2.9686644899160664,2.983115785967211,3.042833363880834,3.004933667334627
1.026111738544951,0.5304001857911441,0.35500329983893353,2.968758646166219,2.984799460969957,3.044226676384267,3.006356792331194
1.0262179197954089,0.5304353426659915,0.35499511558890295,2.9688528024163716,2.984612385969652,3.044319563884496,3.0061670423316516
1.0262710104206376,0.5304001857911441,0.35500329983893353,2.9686644899160664,2.984238235969042,3.0438551263833515,3.005787542332567
1.0262179197954089,0.5304353426659915,0.3549910234638878,2.968758646166219,2.984612385969652,3.044226676384267,3.0061670423316516
1.0262710104206376,0.5303650289162967,0.3549828392138572,2.9688528024163716,2.984425310969347,3.0441337888840385,3.0059772923321093
1.0260055572944933,0.5304353426659915,0.3549910234638878,2.968758646166219,2.9847059234698046,3.0440409013838092,3.0060721673318804
1.02616482917018,0.5304001857911441,0.35500329983893353,2.968476177415761,2.9852671484707205,3.0446911138854116,3.0068311673300494
1.0263241010458666,0.5304353426659915,0.3549910234638878,2.9688528024163716,2.9845188484694996,3.044319563884496,3.006356792331194
1.0262179197954089,0.5304353426659915,0.3549910234638878,2.968758646166219,2.984612385969652,3.044319563884496,3.0061670423316516
1.0262179197954089,0.5305133791114913,0.35499511558890295,2.968758646166219,2.984612385969652,3.0444124513847246,3.0061670423316516
1.026111738544951,0.5304507880576015,0.3549910234638878,2.9688528024163716,2.9832093234673636,3.0430191388812915,3.004933667334627
1.0262632877248326,0.5304156311827541,0.35500329983893353,2.968758646166219,2.9852671484707205,3.0452484388867846,3.0069260423298205
1.026157106474375,0.5304156311827541,0.35499511558890295,2.9688528024163716,2.9847059234698046,3.0444124513847246,3.006356792331194
1.0262632877248326,0.5304507880576015,0.3549910234638878,2.968758646166219,2.984612385969652,3.044226676384267,3.0061670423316516
1.026210197099604,0.5304156311827541,0.3549828392138572,2.9686644899160664,2.982835173466753,3.0423689263796896,3.0046490423353136
1.026210197099604,0.5303453174330592,0.3549910234638878,2.968758646166219,2.984425310969347,3.0440409013838092,3.0062619173314227
1.0262632877248326,0.5304156311827541,0.35499920771391824,2.9688528024163716,2.984612385969652,3.0444124513847246,3.0061670423316516
1.026111738544951,0.5304859449324489,0.35499511558890295,2.9688528024163716,2.985547760971178,3.045341326387014,3.0069260423298205
1.0262179197954089,0.5304430653617964,0.3549910234638878,2.9689469586665242,2.9843317734691945,3.044226676384267,3.0060721673318804
1.0262710104206376,0.5303727516121017,0.35499511558890295,2.968758646166219,2.98489299847011,3.044226676384267,3.0060721673318804
1.0263241010458666,0.5304079084869491,0.35499511558890295,2.9686644899160664,2.984612385969652,3.044319563884496,3.006356792331194
1.026111738544951,0.5303024378624068,0.35499511558890295,2.968758646166219,2.985360685970873,3.045062663886327,3.0069260423298205
1.0262179197954089,0.530478222236644,0.35499511558890295,2.968758646166219,2.98489299847011,3.0445982263851827,3.006451667330965
1.0262179197954089,0.5304079084869491,0.35499511558890295,2.968476177415761,2.984612385969652,3.044319563884496,3.006356792331194
1.026210197099604,0.530478222236644,0.35499511558890295,2.9686644899160664,2.984799460969957,3.044505338884954,3.0061670423316516
1.026210197099604,0.5304079084869491,0.35500329983893353,2.968758646166219,2.9845188484694996,3.044226676384267,3.0062619173314227
1.0262632877248326,0.530478222236644,0.3549869313388725,2.968758646166219,2.983302860967516,3.043112026381521,3.004933667334627
1.026210197099604,0.5303024378624068,0.3549910234638878,2.968476177415761,2.984612385969652,3.0444124513847246,3.006356792331194
1.0261040158491461,0.5304079084869491,0.35500329983893353,2.9686644899160664,2.984799460969957,3.0440409013838092,3.006451667330965
1.026157106474375,0.5304079084869491,0.3549869313388725,2.9686644899160664,2.984612385969652,3.044226676384267,3.0062619173314227
1.026157106474375,0.5303375947372542,0.35499511558890295,2.968382021165609,2.984425310969347,3.0441337888840385,3.0061670423316516
1.026111738544951,0.5303727516121017,0.3549910234638878,2.968758646166219,2.9845188484694996,3.0444124513847246,3.0061670423316516
1.0260055572944933,0.530478222236644,0.35500329983893353,2.968758646166219,2.985080073470415,3.044226676384267,3.006451667330965
1.0262179197954089,0.5304079084869491,0.35499511558890295,2.968570333665914,2.984612385969652,3.044319563884496,3.006356792331194
1.026111738544951,0.5303375947372542,0.3550073919639487,2.968758646166219,2.984425310969347,3.044319563884496,3.0062619173314227
1.02616482917018,0.5304430653617964,0.35499511558890295,2.968758646166219,2.986670210973009,3.0463630888895317,3.0082542923266162
1.026111738544951,0.5304079084869491,0.35500329983893353,2.9689469586665242,2.984238235969042,3.044226676384267,3.0062619173314227
1.0262179197954089,0.5304079084869491,0.3549910234638878,2.968758646166219,2.984425310969347,3.044319563884496,3.0061670423316516
1.0262179197954089,0.5304430653617964,0.35500329983893353,2.968758646166219,2.9841446984688895,3.044226676384267,3.005882417332338
1.0260055572944933,0.5303727516121017,0.3550073919639487,2.968476177415761,2.9837705484682786,3.043204913881749,3.0052182923339403
1.0262179197954089,0.5303727516121017,0.35499511558890295,2.968570333665914,2.984612385969652,3.044319563884496,3.0060721673318804
1.0261040158491461,0.5304430653617964,0.35499920771391824,2.968758646166219,2.9845188484694996,3.0441337888840385,3.0062619173314227
1.026210197099604,0.5304430653617964,0.35499511558890295,2.9688528024163716,2.9845188484694996,3.044226676384267,3.006356792331194
1.0262632877248326,0.5304430653617964,0.35500329983893353,2.968570333665914,2.984612385969652,3.044226676384267,3.0061670423316516
1.026210197099604,0.5304430653617964,0.35499511558890295,2.9686644899160664,2.984612385969652,3.044505338884954,3.006356792331194
1.0260509252239172,0.5303727516121017,0.355011484088964,2.968476177415761,2.9845188484694996,3.0440409013838092,3.0062619173314227
1.026210197099604,0.5304936676282539,0.35499511558890295,2.968758646166219,2.984425310969347,3.044319563884496,3.005787542332567
1.026210197099604,0.5303530401288643,0.35500329983893353,2.968758646166219,2.9845188484694996,3.0441337888840385,3.006451667330965
1.026157106474375,0.5304585107534066,0.35500329983893353,2.9688528024163716,2.984799460969957,3.0445982263851827,3.006356792331194
1.0262710104206376,0.5304233538785592,0.3549910234638878,2.9688528024163716,2.985547760971178,3.0452484388867846,3.007305542328905
1.0262710104206376,0.5304233538785592,0.35499920771391824,2.9686644899160664,2.984612385969652,3.044226676384267,3.0060721673318804
1.0262710104206376,0.5303804743079067,0.35499511558890295,2.968758646166219,2.98489299847011,3.044505338884954,3.0062619173314227
1.0262179197954089,0.5304859449324489,0.35500329983893353,2.9688528024163716,2.9854542234710255,3.0445982263851827,3.0070209173295916
1.026111738544951,0.5304156311827541,0.3550073919639487,2.968758646166219,2.984238235969042,3.0441337888840385,3.0061670423316516
1.0262179197954089,0.5304859449324489,0.3549910234638878,2.9688528024163716,2.9845188484694996,3.044226676384267,3.0061670423316516
1.026210197099604,0.5304507880576015,0.3550005040071833,2.968758646166219,2.9847059234698046,3.0441337888840385,3.0062619173314227
1.026210197099604,0.5304156311827541,0.35499770817543297,2.9686644899160664,2.9845188484694996,3.0441337888840385,3.0062619173314227
1.026157106474375,0.5304156311827541,0.3549936160504178,2.968758646166219,2.984612385969652,3.044226676384267,3.0061670423316516
1.026210197099604,0.5304859449324489,0.3549936160504178,2.9686644899160664,2.984425310969347,3.044319563884496,3.0061670423316516
1.026210197099604,0.5303453174330592,0.35500589242546354,2.9688528024163716,2.9843317734691945,3.044226676384267,3.0061670423316516
1.026210197099604,0.5304507880576015,0.35499770817543297,2.9686644899160664,2.9845188484694996,3.0445982263851827,3.006451667330965
1.026157106474375,0.5304156311827541,0.35499770817543297,2.9686644899160664,2.9852671484707205,3.045062663886327,3.0070209173295916
1.026210197099604,0.5304859449324489,0.35499770817543297,2.968758646166219,2.984612385969652,3.0441337888840385,3.0061670423316516
1.0260055572944933,0.5303453174330592,0.35500589242546354,2.968570333665914,2.984612385969652,3.0444124513847246,3.006451667330965
1.0262179197954089,0.5303453174330592,0.35500180030044826,2.9686644899160664,2.9845188484694996,3.0444124513847246,3.0061670423316516
1.0262179197954089,0.5304156311827541,0.35500589242546354,2.9688528024163716,2.984612385969652,3.044226676384267,3.006356792331194
1.0262179197954089,0.5304156311827541,0.3549895239254025,2.9686644899160664,2.98489299847011,3.0444124513847246,3.006356792331194
1.0262179197954089,0.5305211018072964,0.35498133967537193,2.9688528024163716,2.984612385969652,3.0440409013838092,3.0062619173314227
1.0262179197954089,0.5304156311827541,0.3549936160504178,2.9686644899160664,2.984238235969042,3.0441337888840385,3.0059772923321093
1.0262179197954089,0.5303804743079067,0.35500589242546354,2.9686644899160664,2.984799460969957,3.0444124513847246,3.006356792331194
1.0260586479197222,0.5304156311827541,0.35500180030044826,2.9686644899160664,2.984612385969652,3.0446911138854116,3.006356792331194
1.026111738544951,0.5304156311827541,0.35500589242546354,2.968758646166219,2.984612385969652,3.0444124513847246,3.006451667330965
1.0259978345986882,0.5304156311827541,0.3549936160504178,2.9686644899160664,2.983677010968126,3.043576463882665,3.0054080423334826
1.0261040158491461,0.5304585107534066,0.3549895239254025,2.968570333665914,2.9847059234698046,3.044226676384267,3.0062619173314227
1.026157106474375,0.5304233538785592,0.35499770817543297,2.9686644899160664,2.9847059234698046,3.043948013883581,3.0062619173314227
1.026210197099604,0.530501390324059,0.35499770817543297,2.9688528024163716,2.984612385969652,3.044319563884496,3.006451667330965
1.0260509252239172,0.5303959196995167,0.35500589242546354,2.9686644899160664,2.9845188484694996,3.044226676384267,3.006451667330965
1.026157106474375,0.530501390324059,0.3549895239254025,2.9686644899160664,2.984612385969652,3.044319563884496,3.0062619173314227
1.0263163783500615,0.5304310765743642,0.35500589242546354,2.9686644899160664,2.9847059234698046,3.044226676384267,3.0061670423316516
1.0261040158491461,0.5304662334492115,0.3550099845504787,2.9688528024163716,2.9847059234698046,3.044319563884496,3.0061670423316516
1.0261040158491461,0.5304585107534066,0.3549936160504178,2.9688528024163716,2.984425310969347,3.044226676384267,3.0061670423316516
1.026111738544951,0.5304585107534066,0.35500180030044826,2.9688528024163716,2.9845188484694996,3.044319563884496,3.0061670423316516
1.0260055572944933,0.5303881970037116,0.35500180030044826,2.968570333665914,2.9832093234673636,3.042926251381063,3.004933667334627
1.0262710104206376,0.5304585107534066,0.3549936160504178,2.9688528024163716,2.984799460969957,3.0444124513847246,3.006356792331194
1.0262179197954089,0.5304585107534066,0.3549936160504178,2.9688528024163716,2.984612385969652,3.0441337888840385,3.006356792331194
1.0262179197954089,0.5304936676282539,0.35499770817543297,2.9688528024163716,2.984612385969652,3.0444124513847246,3.0062619173314227
1.026111738544951,0.5304233538785592,0.3549936160504178,2.9686644899160664,2.984612385969652,3.044226676384267,3.0062619173314227
1.026210197099604,0.5303530401288643,0.35499770817543297,2.9686644899160664,2.9852671484707205,3.0451555513865562,3.0068311673300494
1.026210197099604,0.5304936676282539,0.35499770817543297,2.9686644899160664,2.985080073470415,3.0447840013856404,3.0067362923302783
1.026210197099604,0.5305288245031015,0.35500589242546354,2.968758646166219,2.9845188484694996,3.044226676384267,3.006451667330965
1.026210197099604,0.5303530401288643,0.35500589242546354,2.9688528024163716,2.984425310969347,3.044226676384267,3.006356792331194
1.0260509252239172,0.5303881970037116,0.35500589242546354,2.9686644899160664,2.984799460969957,3.0445982263851827,3.006356792331194
1.0263163783500615,0.5304936676282539,0.3549895239254025,2.968758646166219,2.984612385969652,3.044226676384267,3.006451667330965
1.026210197099604,0.5304585107534066,0.3549936160504178,2.9689469586665242,2.984612385969652,3.0440409013838092,3.0061670423316516
1.026210197099604,0.5304585107534066,0.3549936160504178,2.968758646166219,2.984612385969652,3.0441337888840385,3.0060721673318804
1.0261040158491461,0.5304233538785592,0.35500589242546354,2.968758646166219,2.9845188484694996,3.044505338884954,3.0061670423316516
1.026210197099604,0.5303530401288643,0.355014076675494,2.9688528024163716,2.984799460969957,3.0441337888840385,3.006356792331194
1.0260509252239172,0.5304585107534066,0.3549895239254025,2.9686644899160664,2.9833963984676686,3.042926251381063,3.005028542334398
1.026111738544951,0.5303530401288643,0.35499770817543297,2.9686644899160664,2.984238235969042,3.0441337888840385,3.005692667332796
1.0262179197954089,0.530317883254017,0.35500180030044826,2.9689469586665242,2.9856412984713305,3.044969776386098,3.0070209173295916
1.0260586479197222,0.5303530401288643,0.3549895239254025,2.9688528024163716,2.9833963984676686,3.043204913881749,3.005028542334398
1.026111738544951,0.5304585107534066,0.3549936160504178,2.9688528024163716,2.9847059234698046,3.0441337888840385,3.0062619173314227
1.02616482917018,0.5304310765743642,0.35499770817543297,2.9686644899160664,2.984612385969652,3.0441337888840385,3.0061670423316516
1.0262179197954089,0.5304662334492115,0.35499770817543297,2.9686644899160664,2.984612385969652,3.0445982263851827,3.0062619173314227
1.026111738544951,0.530501390324059,0.35499770817543297,2.9686644899160664,2.9845188484694996,3.044226676384267,3.0061670423316516
1.0261040158491461,0.5304662334492115,0.35500589242546354,2.9688528024163716,2.983302860967516,3.043204913881749,3.005028542334398
1.026210197099604,0.5304310765743642,0.3549936160504178,2.9686644899160664,2.98489299847011,3.044505338884954,3.006546542330736
1.026157106474375,0.5303333286456269,0.35500589242546354,2.9686644899160664,2.9859219109717885,3.0454342138872423,3.007305542328905
1.0261040158491461,0.5304036423953217,0.35500589242546354,2.9686644899160664,2.984799460969957,3.044319563884496,3.0062619173314227
1.0259978345986882,0.5304739561450165,0.35499770817543297,2.968758646166219,2.984612385969652,3.0444124513847246,3.006356792331194
1.0261040158491461,0.5304310765743642,0.35500589242546354,2.9686644899160664,2.985173610970568,3.0447840013856404,3.0069260423298205
1.026210197099604,0.5305365471989064,0.35500589242546354,2.9686644899160664,2.981619185964769,3.0411613888767137,3.003320792338518
1.026210197099604,0.5304310765743642,0.35500180030044826,2.968758646166219,2.983957623468584,3.0438551263833515,3.005597792333025
1.0262179197954089,0.5304310765743642,0.35499770817543297,2.9686644899160664,2.9847059234698046,3.044319563884496,3.006356792331194
1.0262710104206376,0.5304662334492115,0.35500180030044826,2.9686644899160664,2.9845188484694996,3.044226676384267,3.006356792331194
1.026111738544951,0.5304662334492115,0.355014076675494,2.968570333665914,2.9852671484707205,3.044969776386098,3.0068311673300494
1.026111738544951,0.5303607628246693,0.35500589242546354,2.968758646166219,2.985360685970873,3.045341326387014,3.0062619173314227
1.0260586479197222,0.5304310765743642,0.35500589242546354,2.968476177415761,2.9859219109717885,3.0457128763879293,3.0071157923293628
1.0262179197954089,0.5303959196995167,0.35500589242546354,2.9686644899160664,2.9838640859684316,3.043669351382894,3.005692667332796
1.026157106474375,0.5304662334492115,0.3549936160504178,2.9686644899160664,2.9847059234698046,3.044319563884496,3.0061670423316516
1.0261040158491461,0.5304662334492115,0.35500589242546354,2.968758646166219,2.983302860967516,3.0423689263796896,3.0047439173350847
1.0261040158491461,0.5303959196995167,0.3549936160504178,2.9688528024163716,2.984612385969652,3.044319563884496,3.0062619173314227
1.0261040158491461,0.5304662334492115,0.35500180030044826,2.969041114916677,2.985734835971483,3.0457128763879293,3.007305542328905
1.0261040158491461,0.5303607628246693,0.3549936160504178,2.968758646166219,2.9841446984688895,3.0441337888840385,3.005787542332567
1.026210197099604,0.5304662334492115,0.35499770817543297,2.968758646166219,2.9852671484707205,3.044505338884954,3.0068311673300494
1.026157106474375,0.530501390324059,0.35498133967537193,2.9688528024163716,2.9845188484694996,3.044226676384267,3.0061670423316516
1.026210197099604,0.530501390324059,0.3549895239254025,2.9688528024163716,2.984238235969042,3.0438551263833515,3.0059772923321093
1.026210197099604,0.5304310765743642,0.3549895239254025,2.9689469586665242,2.985173610970568,3.044969776386098,3.006546542330736
1.0261040158491461,0.5304310765743642,0.35498133967537193,2.9686644899160664,2.9845188484694996,3.044226676384267,3.0061670423316516
1.026157106474375,0.5304662334492115,0.35500589242546354,2.9686644899160664,2.9841446984688895,3.0438551263833515,3.005787542332567
1.0260055572944933,0.5304310765743642,0.35499770817543297,2.9686644899160664,2.984612385969652,3.0444124513847246,3.0061670423316516
1.02616482917018,0.5303959196995167,0.35500589242546354,2.968758646166219,2.984799460969957,3.0445982263851827,3.0067362923302783
1.0262179197954089,0.5304662334492115,0.35500589242546354,2.968758646166219,2.9845188484694996,3.0441337888840385,3.0062619173314227
1.0262179197954089,0.5304662334492115,0.35500589242546354,2.969041114916677,2.985734835971483,3.0451555513865562,3.007400417328676
1.0262179197954089,0.5304662334492115,0.3549854318003872,2.9688528024163716,2.984612385969652,3.044226676384267,3.0061670423316516
1.2373737510630938,0.6354427170700486,0.37813540933980766,3.558533759280207,3.570083526384479,3.622314171631027,3.59521413617857
1.2374953777051614,0.6353724033203538,0.37812722508977714,3.5584396030300542,3.571673663887073,3.623800371634689,3.5965423861753654
1.2375407456345853,0.6353372464455064,0.37812722508977714,3.558533759280207,3.5717672013872255,3.623800371634689,3.5967321361749076
1.237609281651424,0.6354075601952012,0.3781231329647619,3.558251290529749,3.571673663887073,3.62370748413446,3.5966372611751365
1.237609281651424,0.6353372464455064,0.3781231329647619,3.5583454467799016,3.572796113888904,3.625007909137665,3.5974911361730766
1.237609281651424,0.6354427170700486,0.37813131721479243,3.558533759280207,3.571673663887073,3.623986146635147,3.5968270111746787
1.2375407456345853,0.6354427170700486,0.37813131721479243,3.558722071780512,3.572421963888294,3.624729246636978,3.5973013861735343
1.2375407456345853,0.6353724033203538,0.37813950146482295,3.558157134279597,3.571673663887073,3.623986146635147,3.5967321361749076
1.2375330229387802,0.6354075601952012,0.37813950146482295,3.5584396030300542,3.5722348888879885,3.62454347163652,3.5973962611733055
1.2374722096177462,0.635309812266464,0.37813540933980766,3.558251290529749,3.571673663887073,3.623986146635147,3.5966372611751365
1.2373129377420597,0.6354152828910062,0.37812722508977714,3.5586279155303595,3.5719542763875305,3.6240790341353755,3.5967321361749076
1.2374644869219413,0.6354152828910062,0.37812722508977714,3.558533759280207,3.571486588886768,3.623800371634689,3.5964475111755942
1.2376392041892381,0.6354504397658536,0.37813540933980766,3.5583454467799016,3.5717672013872255,3.623986146635147,3.5965423861753654
1.2374345643841274,0.6354427170700486,0.37813131721479243,3.5584396030300542,3.571486588886768,3.623800371634689,3.5967321361749076
1.2373814737588986,0.6354504397658536,0.37813131721479243,3.558722071780512,3.572047813887683,3.6238932591349178,3.5965423861753654
1.237593836259814,0.6354504397658536,0.37814768571485347,3.5583454467799016,3.5715801263869205,3.6236145966342312,3.5964475111755942
1.237593836259814,0.6355284762113534,0.3781231329647619,3.558533759280207,3.572141351387836,3.624264809135833,3.597111636173992
1.2374422870799324,0.6353955714077688,0.37813540933980766,3.558251290529749,3.5719542763875305,3.6240790341353755,3.59692188617445
1.2374876550093563,0.6353526918371164,0.37813131721479243,3.558533759280207,3.571673663887073,3.623800371634689,3.5967321361749076
1.2374799323135512,0.6354230055868112,0.37813540933980766,3.558251290529749,3.571860738887378,3.623986146635147,3.5967321361749076
1.2374345643841274,0.6354933193365061,0.37813131721479243,3.5586279155303595,3.571860738887378,3.6243576966360624,3.59692188617445
1.237593836259814,0.6354230055868112,0.37813131721479243,3.558533759280207,3.571673663887073,3.6241719216356048,3.5967321361749076
1.2374799323135512,0.6353526918371164,0.37813540933980766,3.5583454467799016,3.5715801263869205,3.6236145966342312,3.5966372611751365
1.2375861135640092,0.6354230055868112,0.3781231329647619,3.558251290529749,3.571486588886768,3.623986146635147,3.5967321361749076
1.2374799323135512,0.6354581624616586,0.37813540933980766,3.558533759280207,3.5712995138864625,3.6235217091340024,3.5964475111755942
1.2374799323135512,0.6355284762113534,0.37813131721479243,3.5584396030300542,3.571860738887378,3.623800371634689,3.5966372611751365
1.2374876550093563,0.6353449691413113,0.37813950146482295,3.5584396030300542,3.571673663887073,3.6241719216356048,3.5967321361749076
1.2375330229387802,0.6355207535155485,0.37813950146482295,3.5583454467799016,3.571860738887378,3.623986146635147,3.5966372611751365
1.2374345643841274,0.6354230055868112,0.37814768571485347,3.558533759280207,3.57120597638631,3.6233359341335447,3.596257761176052
1.2373814737588986,0.6354581624616586,0.37813131721479243,3.558251290529749,3.571673663887073,3.6238932591349178,3.5966372611751365
1.2374345643841274,0.6354581624616586,0.37813540933980766,3.5583454467799016,3.571860738887378,3.6241719216356048,3.59692188617445
1.2374345643841274,0.6353526918371164,0.3781231329647619,3.5584396030300542,3.5717672013872255,3.6238932591349178,3.5968270111746787
1.2375861135640092,0.6353252576580739,0.37813131721479243,3.5583454467799016,3.5719542763875305,3.6238932591349178,3.5967321361749076
1.2375330229387802,0.6354581624616586,0.37813131721479243,3.5583454467799016,3.5719542763875305,3.623986146635147,3.5967321361749076
1.237593836259814,0.6353526918371164,0.37813950146482295,3.5583454467799016,3.571486588886768,3.623800371634689,3.5967321361749076
1.2374953777051614,0.6354230055868112,0.37813540933980766,3.5586279155303595,3.5719542763875305,3.623986146635147,3.5967321361749076
1.2375561910261954,0.6353526918371164,0.37813540933980766,3.5583454467799016,3.5717672013872255,3.623800371634689,3.5965423861753654
1.2375561910261954,0.6354152828910062,0.37813950146482295,3.5583454467799016,3.571673663887073,3.623986146635147,3.5968270111746787
1.2375484683303903,0.6354230055868112,0.37813950146482295,3.5586279155303595,3.571673663887073,3.6243576966360624,3.59692188617445
1.2375407456345853,0.6354230055868112,0.37813670563307267,3.5583454467799016,3.5687740013823426,3.6208279716273646,3.5939807611815455
1.2374268416883223,0.6353955714077688,0.3781380019263377,3.5584396030300542,3.571673663887073,3.623986146635147,3.5966372611751365
1.2375330229387802,0.6354307282826162,0.37813390980132244,3.558533759280207,3.5717672013872255,3.623986146635147,3.5967321361749076
1.2374722096177462,0.6353681372287263,0.3781380019263377,3.558533759280207,3.5717672013872255,3.6241719216356048,3.5967321361749076
1.2375253002429751,0.6354384509784212,0.37813390980132244,3.5583454467799016,3.571860738887378,3.6240790341353755,3.5967321361749076
1.2374799323135512,0.6353955714077688,0.37814209405135296,3.5583454467799016,3.571486588886768,3.623986146635147,3.5966372611751365
1.2375330229387802,0.6354307282826162,0.37814209405135296,3.558251290529749,3.570270601384784,3.6224999466314847,3.5956885111774257
1.2373814737588986,0.6353955714077688,0.3781380019263377,3.558251290529749,3.5711124388861575,3.623986146635147,3.596257761176052
1.237593836259814,0.6354658851574637,0.37813390980132244,3.5586279155303595,3.571860738887378,3.6238932591349178,3.5966372611751365
1.2375484683303903,0.6354307282826162,0.37814209405135296,3.5584396030300542,3.5717672013872255,3.6240790341353755,3.5967321361749076
1.237601558955619,0.6354230055868112,0.37812981767630716,3.5583454467799016,3.571860738887378,3.624264809135833,3.5967321361749076
1.2374422870799324,0.6353955714077688,0.37813390980132244,3.5586279155303595,3.5717672013872255,3.6240790341353755,3.5967321361749076
1.2373891964547037,0.6355010420323111,0.3781380019263377,3.5583454467799016,3.571673663887073,3.6241719216356048,3.5968270111746787
1.2374345643841274,0.6353604145329215,0.3781380019263377,3.5583454467799016,3.572609038888599,3.6249150216374355,3.597680886172619
1.2374799323135512,0.6354307282826162,0.3781380019263377,3.558533759280207,3.571860738887378,3.6238932591349178,3.59692188617445
1.2373737510630938,0.6354736078532686,0.37814209405135296,3.558533759280207,3.5727025763887514,3.625100796637893,3.59777576117239
1.2374268416883223,0.6354736078532686,0.37812981767630716,3.5583454467799016,3.571860738887378,3.623800371634689,3.5967321361749076
1.2375330229387802,0.6354736078532686,0.37812981767630716,3.5588162280306648,3.571860738887378,3.623986146635147,3.5965423861753654
1.2374799323135512,0.6353681372287263,0.3781380019263377,3.5584396030300542,3.5708318263856995,3.6234288216337736,3.5959731361767386
1.2374799323135512,0.6354384509784212,0.3781502783013835,3.5586279155303595,3.571673663887073,3.623986146635147,3.5967321361749076
1.2374799323135512,0.6355087647281161,0.3781461861763682,3.5584396030300542,3.571673663887073,3.6240790341353755,3.5967321361749076
1.237593836259814,0.6355010420323111,0.37813390980132244,3.558533759280207,3.571860738887378,3.623986146635147,3.5967321361749076
1.2374876550093563,0.6354307282826162,0.37813390980132244,3.5586279155303595,3.572328426388141,3.624636359136749,3.5973013861735343
1.2373737510630938,0.6352901007832266,0.37814209405135296,3.558157134279597,3.571673663887073,3.6238932591349178,3.5967321361749076
1.2374799323135512,0.6353604145329215,0.3781380019263377,3.5583454467799016,3.5717672013872255,3.6240790341353755,3.5967321361749076
1.237593836259814,0.6354307282826162,0.37813390980132244,3.5583454467799016,3.571673663887073,3.6238932591349178,3.5967321361749076
1.2375407456345853,0.6353604145329215,0.37813390980132244,3.5583454467799016,3.5717672013872255,3.6240790341353755,3.5968270111746787
1.237593836259814,0.6354307282826162,0.37813390980132244,3.5586279155303595,3.571673663887073,3.6235217091340024,3.596352636175823
1.2374953777051614,0.6354307282826162,0.3781380019263377,3.5583454467799016,3.571673663887073,3.6240790341353755,3.5968270111746787
1.2375484683303903,0.6354307282826162,0.37813390980132244,3.5583454467799016,3.572421963888294,3.6248221341372067,3.5973962611733055
1.2375407456345853,0.6353604145329215,0.37813390980132244,3.558251290529749,3.572047813887683,3.62454347163652,3.5967321361749076
1.2375407456345853,0.6353604145329215,0.3781380019263377,3.558251290529749,3.568493388881885,3.620735084127136,3.593696136182232
1.2374345643841274,0.6354307282826162,0.37814209405135296,3.558251290529749,3.571673663887073,3.623986146635147,3.5967321361749076
1.2374345643841274,0.6354307282826162,0.3781461861763682,3.5584396030300542,3.5717672013872255,3.623986146635147,3.5967321361749076
1.2374876550093563,0.6355010420323111,0.3781380019263377,3.558533759280207,3.571673663887073,3.623986146635147,3.5967321361749076
1.2374799323135512,0.6355010420323111,0.37814209405135296,3.5586279155303595,3.571486588886768,3.623800371634689,3.5968270111746787
1.2375330229387802,0.6355010420323111,0.3781380019263377,3.558251290529749,3.5717672013872255,3.623986146635147,3.5966372611751365
1.2375407456345853,0.6353252576580739,0.37813390980132244,3.5583454467799016,3.5719542763875305,3.6243576966360624,3.5967321361749076
1.237593836259814,0.6353252576580739,0.37814209405135296,3.558533759280207,3.5713930513866154,3.6238932591349178,3.5964475111755942
1.2373814737588986,0.6353955714077688,0.3781380019263377,3.558533759280207,3.571860738887378,3.62370748413446,3.59692188617445
1.2373814737588986,0.6353604145329215,0.3781502783013835,3.558533759280207,3.572796113888904,3.625100796637893,3.597870636172161
1.2375484683303903,0.6354307282826162,0.3781502783013835,3.5583454467799016,3.570738288885547,3.6224999466314847,3.5953090111783412
1.2374422870799324,0.6354658851574637,0.37813390980132244,3.558722071780512,3.5690546138828005,3.6210137466278223,3.5937910111820033
1.2375484683303903,0.6353604145329215,0.37814209405135296,3.5586279155303595,3.571673663887073,3.6240790341353755,3.5968270111746787
1.2375407456345853,0.6354307282826162,0.37814209405135296,3.5583454467799016,3.571673663887073,3.623986146635147,3.5967321361749076
1.2373814737588986,0.6353604145329215,0.37813390980132244,3.5583454467799016,3.572609038888599,3.625286571638351,3.597965511171932
1.2374876550093563,0.6353955714077688,0.37813390980132244,3.558533759280207,3.5712995138864625,3.6236145966342312,3.596352636175823
1.2375330229387802,0.6354658851574637,0.3781380019263377,3.5583454467799016,3.5717672013872255,3.623800371634689,3.5966372611751365
1.2374268416883223,0.6355010420323111,0.37813390980132244,3.558533759280207,3.571860738887378,3.623800371634689,3.59692188617445
1.2374799323135512,0.6353955714077688,0.3781380019263377,3.558533759280207,3.571673663887073,3.623800371634689,3.5968270111746787
1.2374799323135512,0.6354658851574637,0.37813390980132244,3.5586279155303595,3.571673663887073,3.623800371634689,3.5965423861753654
1.2373737510630938,0.6354307282826162,0.3781502783013835,3.558157134279597,3.5717672013872255,3.623986146635147,3.5967321361749076
1.2375330229387802,0.6354658851574637,0.3781461861763682,3.558533759280207,3.571673663887073,3.62370748413446,3.5964475111755942
1.2373737510630938,0.6353604145329215,0.3781380019263377,3.5583454467799016,3.570925363885852,3.623150159133087,3.596257761176052
1.2373737510630938,0.6355010420323111,0.37813390980132244,3.558533759280207,3.5717672013872255,3.6240790341353755,3.5967321361749076
1.237593836259814,0.6354658851574637,0.37814209405135296,3.558533759280207,3.5717672013872255,3.623800371634689,3.5966372611751365
1.2375407456345853,0.6354307282826162,0.37814209405135296,3.5584396030300542,3.571673663887073,3.6241719216356048,3.59692188617445
1.2374345643841274,0.6354658851574637,0.37814209405135296,3.558533759280207,3.572328426388141,3.62454347163652,3.597680886172619
1.2375484683303903,0.6354658851574637,0.37814209405135296,3.558533759280207,3.571673663887073,3.623800371634689,3.5965423861753654
1.2375484683303903,0.6355010420323111,0.37814209405135296,3.5583454467799016,3.5717672013872255,3.6238932591349178,3.5965423861753654
1.2374422870799324,0.6354307282826162,0.3781380019263377,3.558533759280207,3.571673663887073,3.6238932591349178,3.5967321361749076
1.2373814737588986,0.6354658851574637,0.37814209405135296,3.558533759280207,3.5717672013872255,3.624264809135833,3.5966372611751365
1.2375407456345853,0.6354307282826162,0.37813390980132244,3.5583454467799016,3.571673663887073,3.623986146635147,3.5967321361749076
1.2373814737588986,0.6353604145329215,0.37814209405135296,3.5586279155303595,3.5727025763887514,3.625100796637893,3.5975860111728477
1.2374876550093563,0.6353604145329215,0.3781380019263377,3.558533759280207,3.5717672013872255,3.6240790341353755,3.5967321361749076
1.2375861135640092,0.6354384509784212,0.37813390980132244,3.5586279155303595,3.571860738887378,3.623800371634689,3.5967321361749076
1.2372675698126359,0.6354384509784212,0.3781380019263377,3.5584396030300542,3.571860738887378,3.6241719216356048,3.5967321361749076
1.2374799323135512,0.6353758599245314,0.37814209405135296,3.558533759280207,3.572983188889209,3.625100796637893,3.59777576117239
1.2375407456345853,0.6355164874239211,0.37813390980132244,3.5583454467799016,3.572796113888904,3.625100796637893,3.597680886172619
1.2374876550093563,0.6354813305490736,0.3781502783013835,3.558533759280207,3.5725155013884464,3.625100796637893,3.597680886172619
1.2374345643841274,0.6354461736742262,0.3781461861763682,3.558533759280207,3.5713930513866154,3.623800371634689,3.596352636175823
1.2373891964547037,0.6353758599245314,0.37814209405135296,3.558157134279597,3.571673663887073,3.623986146635147,3.5967321361749076
1.2373891964547037,0.6355164874239211,0.37814209405135296,3.5583454467799016,3.5715801263869205,3.6241719216356048,3.5966372611751365
1.2374953777051614,0.6354032941035739,0.37814209405135296,3.558157134279597,3.569989988884326,3.62203550913034,3.5949295111792567
1.2374345643841274,0.6355439216029635,0.3781380019263377,3.5586279155303595,3.571673663887073,3.623986146635147,3.5967321361749076
1.2373206604378648,0.6353681372287263,0.3781380019263377,3.5586279155303595,3.571673663887073,3.624264809135833,3.5967321361749076
1.2374268416883223,0.6354736078532686,0.3781502783013835,3.558533759280207,3.572328426388141,3.62454347163652,3.5973962611733055
1.2373737510630938,0.6353681372287263,0.37814209405135296,3.558533759280207,3.5717672013872255,3.623986146635147,3.5966372611751365
1.2375330229387802,0.6355087647281161,0.3781380019263377,3.5584396030300542,3.571673663887073,3.623800371634689,3.5967321361749076
1.2374799323135512,0.6354384509784212,0.37814209405135296,3.5584396030300542,3.5717672013872255,3.6240790341353755,3.5967321361749076
1.2374799323135512,0.6353681372287263,0.3781502783013835,3.5583454467799016,3.5719542763875305,3.6240790341353755,3.5967321361749076
1.2373737510630938,0.6354384509784212,0.3781380019263377,3.558533759280207,3.571860738887378,3.6240790341353755,3.5967321361749076
1.2374799323135512,0.6354736078532686,0.37814209405135296,3.558251290529749,3.570925363885852,3.6233359341335447,3.596162886176281
1.2375861135640092,0.6354384509784212,0.3781380019263377,3.558251290529749,3.57120597638631,3.6232430466333154,3.596257761176052
1.2373737510630938,0.6354384509784212,0.3781380019263377,3.5586279155303595,3.571673663887073,3.623800371634689,3.5966372611751365
1.237593836259814,0.6354384509784212,0.3781461861763682,3.558533759280207,3.572796113888904,3.6249150216374355,3.59777576117239
1.2374876550093563,0.6355439216029635,0.37812981767630716,3.5586279155303595,3.571673663887073,3.62370748413446,3.5964475111755942
1.2375407456345853,0.6354736078532686,0.37813390980132244,3.5584396030300542,3.571673663887073,3.623986146635147,3.5967321361749076
1.2374345643841274,0.6354384509784212,0.3781502783013835,3.5586279155303595,3.571673663887073,3.6240790341353755,3.5966372611751365
1.2374953777051614,0.6355439216029635,0.37814209405135296,3.5586279155303595,3.5719542763875305,3.6240790341353755,3.5967321361749076
1.2374422870799324,0.6354384509784212,0.3781502783013835,3.558157134279597,3.571860738887378,3.6241719216356048,3.5968270111746787
1.2374953777051614,0.6354384509784212,0.3781502783013835,3.558533759280207,3.572421963888294,3.6244505841362913,3.597111636173992
1.2375407456345853,0.6354110167993788,0.3781461861763682,3.558533759280207,3.5717672013872255,3.6241719216356048,3.5967321361749076
1.2374876550093563,0.6354461736742262,0.3781380019263377,3.5586279155303595,3.5715801263869205,3.623800371634689,3.5966372611751365
1.2373814737588986,0.6353758599245314,0.3781461861763682,3.5586279155303595,3.571673663887073,3.6240790341353755,3.5966372611751365
1.2374876550093563,0.6354813305490736,0.37814209405135296,3.558533759280207,3.571673663887073,3.623800371634689,3.5966372611751365
1.237593836259814,0.6354461736742262,0.37814209405135296,3.558251290529749,3.571673663887073,3.623986146635147,3.5965423861753654
1.2374799323135512,0.6355164874239211,0.3781380019263377,3.5586279155303595,3.571673663887073,3.6240790341353755,3.5967321361749076
1.2374799323135512,0.635524210119726,0.3781380019263377,3.5586279155303595,3.5711124388861575,3.6233359341335447,3.596162886176281
1.2374345643841274,0.6353835826203365,0.37814209405135296,3.5586279155303595,3.5717672013872255,3.623986146635147,3.5967321361749076
1.2374876550093563,0.6354890532448787,0.37813670563307267,3.558251290529749,3.5717672013872255,3.6240790341353755,3.5966372611751365
1.2373814737588986,0.6354538963700311,0.37813670563307267,3.5586279155303595,3.5722348888879885,3.6248221341372067,3.5973962611733055
1.2374876550093563,0.6354813305490736,0.37814079775808795,3.5586279155303595,3.571860738887378,3.6241719216356048,3.5967321361749076
1.2373814737588986,0.6354461736742262,0.37813261350805744,3.5583454467799016,3.571486588886768,3.623800371634689,3.5967321361749076
1.2374953777051614,0.6353758599245314,0.37814079775808795,3.558533759280207,3.571673663887073,3.623986146635147,3.59692188617445
1.2374422870799324,0.6355164874239211,0.3781489820081185,3.558722071780512,3.5717672013872255,3.623986146635147,3.5965423861753654
1.2374876550093563,0.6353407030496839,0.37814079775808795,3.5583454467799016,3.571860738887378,3.623986146635147,3.5967321361749076
1.2375861135640092,0.6355868011736159,0.3781489820081185,3.5583454467799016,3.572328426388141,3.62454347163652,3.5973962611733055
1.2373814737588986,0.6353758599245314,0.3781489820081185,3.558533759280207,3.571860738887378,3.623986146635147,3.5968270111746787
1.2374345643841274,0.6353758599245314,0.3781448898831032,3.558251290529749,3.571673663887073,3.6241719216356048,3.59692188617445
1.2372675698126359,0.6354461736742262,0.37813670563307267,3.5586279155303595,3.571673663887073,3.6236145966342312,3.5967321361749076
1.2374799323135512,0.6353758599245314,0.37813670563307267,3.5588162280306648,3.5717672013872255,3.6238932591349178,3.5967321361749076
1.2374268416883223,0.6354110167993788,0.37814079775808795,3.558533759280207,3.570925363885852,3.6230572716328577,3.5957833861771964
1.2374268416883223,0.6355164874239211,0.37814079775808795,3.558533759280207,3.571673663887073,3.6240790341353755,3.5965423861753654
1.2373814737588986,0.6354461736742262,0.37813670563307267,3.558533759280207,3.570364138884937,3.6227786091321716,3.5955936361776546
1.2374876550093563,0.6353758599245314,0.3781244292580269,3.5583454467799016,3.571486588886768,3.6238932591349178,3.5967321361749076
1.237593836259814,0.6355516442987684,0.3781489820081185,3.5583454467799016,3.571860738887378,3.6238932591349178,3.5967321361749076
1.2373814737588986,0.6354813305490736,0.37814079775808795,3.5583454467799016,3.572421963888294,3.625007909137665,3.5965423861753654
1.2374953777051614,0.6354813305490736,0.37813670563307267,3.5583454467799016,3.571860738887378,3.6244505841362913,3.5973013861735343
1.2374345643841274,0.6354813305490736,0.37814079775808795,3.5586279155303595,3.570925363885852,3.6230572716328577,3.5959731361767386
1.2373814737588986,0.6354110167993788,0.37812852138304215,3.558251290529749,3.571673663887073,3.6240790341353755,3.5967321361749076
1.2374422870799324,0.6353758599245314,0.37814079775808795,3.558533759280207,3.570925363885852,3.6229643841326293,3.5958782611769675
1.2374953777051614,0.6355593669945734,0.37813261350805744,3.5586279155303595,3.5715801263869205,3.6240790341353755,3.5968270111746787
1.2375407456345853,0.6354890532448787,0.3781489820081185,3.558533759280207,3.571860738887378,3.6240790341353755,3.5967321361749076
1.2375407456345853,0.635524210119726,0.37813261350805744,3.558722071780512,3.5713930513866154,3.623800371634689,3.5964475111755942
1.2374876550093563,0.6354187394951838,0.37813261350805744,3.558533759280207,3.5717672013872255,3.6238932591349178,3.5966372611751365
1.2375330229387802,0.6354538963700311,0.37814079775808795,3.5584396030300542,3.5717672013872255,3.623800371634689,3.5965423861753654
1.2373737510630938,0.6354890532448787,0.37813670563307267,3.5583454467799016,3.5719542763875305,3.623986146635147,3.5967321361749076
1.2373737510630938,0.635524210119726,0.37813670563307267,3.558533759280207,3.571673663887073,3.6238932591349178,3.5967321361749076
1.2373814737588986,0.6354187394951838,0.3781448898831032,3.5583454467799016,3.5725155013884464,3.6249150216374355,3.5974911361730766
1.2375407456345853,0.6354538963700311,0.3781448898831032,3.558533759280207,3.5717672013872255,3.624264809135833,3.5967321361749076
1.2374345643841274,0.6354538963700311,0.37814079775808795,3.5584396030300542,3.571673663887073,3.6241719216356048,3.5966372611751365
1.2374345643841274,0.635524210119726,0.37814079775808795,3.558533759280207,3.5717672013872255,3.6241719216356048,3.5965423861753654
1.2374876550093563,0.6354187394951838,0.3781489820081185,3.558533759280207,3.5717672013872255,3.6238932591349178,3.5966372611751365
1.2373814737588986,0.6354538963700311,0.3781489820081185,3.558533759280207,3.5727025763887514,3.6251936841381225,3.597870636172161
1.237601558955619,0.6354538963700311,0.37814079775808795,3.558533759280207,3.5717672013872255,3.624264809135833,3.59692188617445
1.237601558955619,0.6354538963700311,0.37813670563307267,3.5583454467799016,3.5717672013872255,3.6241719216356048,3.5967321361749076
1.237601558955619,0.635524210119726,0.3781448898831032,3.558533759280207,3.571673663887073,3.6238932591349178,3.5965423861753654
1.2373814737588986,0.6354187394951838,0.37813670563307267,3.5584396030300542,3.5717672013872255,3.623800371634689,3.597016761174221
1.2374876550093563,0.6354538963700311,0.37814079775808795,3.5583454467799016,3.5715801263869205,3.623800371634689,3.5966372611751365
1.2374876550093563,0.6354538963700311,0.37813670563307267,3.5583454467799016,3.5711124388861575,3.6234288216337736,3.5960680111765098
1.2373737510630938,0.6354538963700311,0.3781448898831032,3.5583454467799016,3.571673663887073,3.6240790341353755,3.5967321361749076
1.2373737510630938,0.6354890532448787,0.37814079775808795,3.5584396030300542,3.572328426388141,3.6248221341372067,3.5973962611733055
1.2374799323135512,0.6353835826203365,0.37814079775808795,3.5583454467799016,3.571486588886768,3.62370748413446,3.596352636175823
1.2374799323135512,0.6354890532448787,0.37813670563307267,3.558533759280207,3.5717672013872255,3.623986146635147,3.5968270111746787
1.2374268416883223,0.6353913053161414,0.37813670563307267,3.5583454467799016,3.571860738887378,3.6241719216356048,3.597016761174221
1.2374345643841274,0.6353913053161414,0.3781489820081185,3.5584396030300542,3.572141351387836,3.6243576966360624,3.5973013861735343
1.2375407456345853,0.6354616190658362,0.3781489820081185,3.5586279155303595,3.5717672013872255,3.6241719216356048,3.597111636173992
1.2375407456345853,0.6354967759406837,0.37813670563307267,3.5586279155303595,3.5712995138864625,3.623986146635147,3.596352636175823
1.2374345643841274,0.6354616190658362,0.37813261350805744,3.5583454467799016,3.5722348888879885,3.624636359136749,3.5975860111728477
1.2374345643841274,0.635356148441294,0.378157166258149,3.5584396030300542,3.571673663887073,3.6241719216356048,3.5967321361749076
1.2374422870799324,0.6353913053161414,0.37813261350805744,3.558722071780512,3.571673663887073,3.623986146635147,3.5967321361749076
1.2373891964547037,0.6353913053161414,0.3781489820081185,3.5584396030300542,3.571673663887073,3.6240790341353755,3.5967321361749076
1.2374422870799324,0.6354616190658362,0.3781489820081185,3.5583454467799016,3.5717672013872255,3.623986146635147,3.5967321361749076
1.2374953777051614,0.6354616190658362,0.3781448898831032,3.558533759280207,3.571673663887073,3.623986146635147,3.5967321361749076
1.2375330229387802,0.6354616190658362,0.37813261350805744,3.558157134279597,3.5719542763875305,3.6238932591349178,3.5968270111746787
1.2374345643841274,0.6354616190658362,0.37814079775808795,3.558533759280207,3.5717672013872255,3.623986146635147,3.5966372611751365
1.2374799323135512,0.6355319328155311,0.3781489820081185,3.5584396030300542,3.5719542763875305,3.6240790341353755,3.5967321361749076
1.2374268416883223,0.6354967759406837,0.37814079775808795,3.5583454467799016,3.5710189013860045,3.6234288216337736,3.5959731361767386
1.2374268416883223,0.6354616190658362,0.3781530741331337,3.5586279155303595,3.5719542763875305,3.6241719216356048,3.59692188617445
1.2374268416883223,0.6354967759406837,0.3781448898831032,3.5584396030300542,3.571860738887378,3.6240790341353755,3.5967321361749076
1.2373891964547037,0.6355319328155311,0.37813670563307267,3.5586279155303595,3.5719542763875305,3.6240790341353755,3.5967321361749076
1.2375407456345853,0.635356148441294,0.37814079775808795,3.558533759280207,3.5717672013872255,3.6240790341353755,3.5967321361749076
1.2374876550093563,0.6353913053161414,0.3781448898831032,3.5583454467799016,3.5717672013872255,3.6241719216356048,3.5967321361749076
1.2374345643841274,0.6353913053161414,0.3781530741331337,3.5586279155303595,3.5704576763850895,3.6226857216319424,3.5954987611778835
1.2373814737588986,0.6354264621909889,0.37814079775808795,3.5586279155303595,3.5715801263869205,3.6240790341353755,3.59692188617445
1.2374345643841274,0.6354616190658362,0.378157166258149,3.5584396030300542,3.571673663887073,3.6241719216356048,3.5968270111746787
1.2375407456345853,0.6354616190658362,0.37814079775808795,3.558251290529749,3.571673663887073,3.6240790341353755,3.5968270111746787
1.2374953777051614,0.6353913053161414,0.37814079775808795,3.558251290529749,3.5717672013872255,3.6240790341353755,3.5967321361749076
1.2374422870799324,0.6354616190658362,0.3781489820081185,3.558533759280207,3.570364138884937,3.6225928341317135,3.5954987611778835
1.2374953777051614,0.6355670896903785,0.37813670563307267,3.5583454467799016,3.571860738887378,3.624264809135833,3.59692188617445
1.2373891964547037,0.6355319328155311,0.37814079775808795,3.558533759280207,3.571486588886768,3.6240790341353755,3.5967321361749076
1.2374268416883223,0.6354616190658362,0.3781489820081185,3.5584396030300542,3.572421963888294,3.624729246636978,3.5973013861735343
1.2374799323135512,0.6355319328155311,0.3781489820081185,3.558722071780512,3.5715801263869205,3.6240790341353755,3.5966372611751365
1.2374268416883223,0.6354616190658362,0.37812852138304215,3.558251290529749,3.5712995138864625,3.6234288216337736,3.596162886176281
1.2375330229387802,0.6355319328155311,0.3781489820081185,3.558533759280207,3.571860738887378,3.6243576966360624,3.59692188617445
1.2375330229387802,0.6354616190658362,0.37813261350805744,3.558722071780512,3.571673663887073,3.623800371634689,3.59692188617445
1.2373814737588986,0.6354419075825988,0.37814079775808795,3.558533759280207,3.570925363885852,3.623150159133087,3.596162886176281
1.2374345643841274,0.6355122213322937,0.37813670563307267,3.5583454467799016,3.571673663887073,3.62370748413446,3.5967321361749076
1.2374345643841274,0.6355122213322937,0.3781489820081185,3.558251290529749,3.5717672013872255,3.6240790341353755,3.5967321361749076
1.2375407456345853,0.6354067507077514,0.3781489820081185,3.558533759280207,3.571673663887073,3.6241719216356048,3.5967321361749076
1.2375407456345853,0.6354770644574461,0.37814079775808795,3.5583454467799016,3.5712995138864625,3.6236145966342312,3.5964475111755942
1.2374345643841274,0.6354419075825988,0.37814079775808795,3.5583454467799016,3.5713930513866154,3.6236145966342312,3.5965423861753654
1.2372752925084407,0.6354770644574461,0.37813670563307267,3.5583454467799016,3.570551213885242,3.6228714966324,3.5955936361776546
1.2373361058294747,0.6354067507077514,0.3781448898831032,3.558533759280207,3.5715801263869205,3.623800371634689,3.5967321361749076
1.2374422870799324,0.6354770644574461,0.3781489820081185,3.558533759280207,3.571673663887073,3.6240790341353755,3.5967321361749076
1.237601558955619,0.6355396555113362,0.3781489820081185,3.558533759280207,3.571673663887073,3.623986146635147,3.5968270111746787
1.2374953777051614,0.6353990280119464,0.3781489820081185,3.5583454467799016,3.572047813887683,3.623986146635147,3.5967321361749076
1.2375484683303903,0.6354693417616413,0.3781489820081185,3.5584396030300542,3.5725155013884464,3.6249150216374355,3.5973013861735343
1.2375484683303903,0.6355396555113362,0.3781489820081185,3.5583454467799016,3.5717672013872255,3.6241719216356048,3.5966372611751365
1.2374422870799324,0.6355044986364886,0.3781489820081185,3.558251290529749,3.571860738887378,3.6241719216356048,3.5967321361749076
1.2375484683303903,0.6353990280119464,0.37814079775808795,3.5586279155303595,3.5715801263869205,3.6240790341353755,3.5967321361749076
1.2374422870799324,0.6355396555113362,0.37812852138304215,3.5583454467799016,3.572141351387836,3.6244505841362913,3.5973013861735343
1.2373891964547037,0.6355044986364886,0.37814079775808795,3.5588162280306648,3.571673663887073,3.6241719216356048,3.5967321361749076
1.2375484683303903,0.6355396555113362,0.37813670563307267,3.5586279155303595,3.571673663887073,3.623986146635147,3.5967321361749076
1.2374876550093563,0.6353287142622517,0.3781489820081185,3.5583454467799016,3.5728896513890565,3.625100796637893,3.597965511171932
1.2374876550093563,0.6354693417616413,0.37814079775808795,3.5584396030300542,3.5708318263856995,3.6230572716328577,3.5956885111774257
1.2373814737588986,0.6354693417616413,0.37814079775808795,3.5583454467799016,3.571673663887073,3.623986146635147,3.5967321361749076
1.2375407456345853,0.6355396555113362,0.3781489820081185,3.5586279155303595,3.5715801263869205,3.6241719216356048,3.5966372611751365
1.2373814737588986,0.6355044986364886,0.37814079775808795,3.558533759280207,3.571486588886768,3.623800371634689,3.5964475111755942
1.2374422870799324,0.6354693417616413,0.37813261350805744,3.5586279155303595,3.571860738887378,3.6241719216356048,3.597111636173992
1.2374953777051614,0.6355396555113362,0.37814079775808795,3.5586279155303595,3.5717672013872255,3.623986146635147,3.5966372611751365
1.2374953777051614,0.6353990280119464,0.37813670563307267,3.5586279155303595,3.5717672013872255,3.6238932591349178,3.5966372611751365
1.2374422870799324,0.6354693417616413,0.3781489820081185,3.558533759280207,3.5713930513866154,3.6234288216337736,3.596257761176052
1.237601558955619,0.6354693417616413,0.3781489820081185,3.5583454467799016,3.571860738887378,3.6241719216356048,3.5967321361749076
1.2375484683303903,0.6354341848867939,0.37814079775808795,3.5586279155303595,3.571860738887378,3.6241719216356048,3.5967321361749076
1.2375484683303903,0.6355122213322937,0.3781530741331337,3.558722071780512,3.571673663887073,3.6238932591349178,3.5967321361749076
1.2374422870799324,0.6355825350819884,0.37812852138304215,3.558533759280207,3.571673663887073,3.623986146635147,3.5967321361749076
1.2373361058294747,0.6354847871532512,0.37813670563307267,3.5588162280306648,3.571673663887073,3.623986146635147,3.5967321361749076
1.2374422870799324,0.6354847871532512,0.37813670563307267,3.5583454467799016,3.5712995138864625,3.623800371634689,3.5965423861753654
1.2374953777051614,0.6355551009029461,0.3781448898831032,3.558533759280207,3.5712995138864625,3.6234288216337736,3.596352636175823
1.447878985927234,0.7395575618405885,0.4012270040809698,4.145444199694271,4.162903525366014,4.1982136208175636,4.191628795791004
1.447886708623039,0.7396355982860883,0.40121063558090875,4.145350043444118,4.163090600366319,4.198678058318707,4.191439045791462
1.447780527372581,0.7395652845363934,0.40121472770592403,4.145161730943813,4.162903525366014,4.198306508317792,4.191533920791233
1.447886708623039,0.7396004414112407,0.40121063558090875,4.145255887193965,4.163371212866776,4.198678058318707,4.1917236707907755
1.447947521944073,0.739530127661546,0.40122570778770483,4.145350043444118,4.163090600366319,4.198585170818479,4.191533920791233
1.447780527372581,0.739530127661546,0.40121343141265897,4.145067574693661,4.162997062866166,4.1984922833182505,4.191439045791462
1.4478181726062003,0.7396355982860883,0.40121752353767426,4.145255887193965,4.162903525366014,4.1982136208175636,4.191628795791004
1.4475980874094794,0.7394949707866985,0.40122161566268955,4.145067574693661,4.163184137866471,4.1984922833182505,4.191533920791233
1.4478104499103952,0.7394598139118511,0.40121752353767426,4.1455383559444225,4.162997062866166,4.1984922833182505,4.191439045791462
1.4478104499103952,0.739537850357351,0.40121752353767426,4.145444199694271,4.16383890036754,4.199142495819853,4.192387795789173
1.4476511780347083,0.7394949707866985,0.40122570778770483,4.145255887193965,4.162997062866166,4.1982136208175636,4.19124929579192
1.4478104499103952,0.7396004414112407,0.40121752353767426,4.145255887193965,4.162997062866166,4.198585170818479,4.191533920791233
1.4478712632314292,0.7395652845363934,0.40121752353767426,4.145067574693661,4.162716450365709,4.197934958316877,4.191059545792378
1.447878985927234,0.7396630324651305,0.40121752353767426,4.145444199694271,4.162997062866166,4.198585170818479,4.191628795791004
1.4477728046767762,0.7394949707866985,0.40121752353767426,4.145255887193965,4.161968150364488,4.197470520815733,4.190490295793751
1.4477728046767762,0.7395730072321984,0.40122161566268955,4.145350043444118,4.163090600366319,4.1984922833182505,4.1917236707907755
1.4478258953020051,0.7395807299280035,0.40121343141265897,4.145350043444118,4.16383890036754,4.19932827082031,4.192387795789173
1.447780527372581,0.7395884526238085,0.40122570778770483,4.145067574693661,4.163277675366624,4.198585170818479,4.19124929579192
1.4477728046767762,0.7395884526238085,0.4012093392876438,4.145161730943813,4.163371212866776,4.198863833319166,4.191818545790547
1.447878985927234,0.7395455730531559,0.40122161566268955,4.145255887193965,4.162997062866166,4.198306508317792,4.19124929579192
1.4479243538566577,0.7395807299280035,0.40121343141265897,4.145255887193965,4.163090600366319,4.198585170818479,4.191439045791462
1.4478635405356242,0.7395807299280035,0.40121343141265897,4.145161730943813,4.162997062866166,4.198120733317335,4.19124929579192
1.4479697217860816,0.7395455730531559,0.40122161566268955,4.1455383559444225,4.162997062866166,4.198306508317792,4.191533920791233
1.4476589007305134,0.739530127661546,0.40121752353767426,4.145161730943813,4.162997062866166,4.198585170818479,4.191439045791462
1.447878985927234,0.7395652845363934,0.40122161566268955,4.145444199694271,4.162716450365709,4.198120733317335,4.191059545792378
1.447878985927234,0.739530127661546,0.4012093392876438,4.145255887193965,4.162903525366014,4.198399395818021,4.191344170791691
1.4477728046767762,0.739713634731588,0.40121752353767426,4.145255887193965,4.163184137866471,4.198120733317335,4.191439045791462
1.4477728046767762,0.7395807299280035,0.40122570778770483,4.145255887193965,4.163277675366624,4.198678058318707,4.191533920791233
1.4477650819809713,0.7395807299280035,0.40121752353767426,4.145255887193965,4.163932437867692,4.199142495819853,4.192387795789173
1.4478104499103952,0.739553295748961,0.40121752353767426,4.145067574693661,4.163090600366319,4.1984922833182505,4.191533920791233
1.4477573592851662,0.7394907046950712,0.4012093392876438,4.145255887193965,4.164025975367845,4.199421158320539,4.192672420788487
1.4478712632314292,0.739561018444766,0.40122161566268955,4.145161730943813,4.161968150364488,4.197006083314588,4.19039542079398
1.4477119913557424,0.7396587663735033,0.40121752353767426,4.145444199694271,4.162997062866166,4.198306508317792,4.19124929579192
1.4477728046767762,0.7395104161783086,0.40121752353767426,4.145255887193965,4.162903525366014,4.1984922833182505,4.191533920791233
1.4477197140515474,0.7395807299280035,0.40122161566268955,4.145161730943813,4.163558287867081,4.19932827082031,4.19210317078986
1.44783361799781,0.7396510436776982,0.40122161566268955,4.145255887193965,4.162903525366014,4.1984922833182505,4.19124929579192
1.4475681648716656,0.739537850357351,0.40122570778770483,4.145444199694271,4.162997062866166,4.198585170818479,4.191533920791233
1.4477728046767762,0.7395730072321984,0.40122161566268955,4.145444199694271,4.16206168786464,4.197470520815733,4.19039542079398
1.4477650819809713,0.7394752593034613,0.40122161566268955,4.145161730943813,4.163090600366319,4.1984922833182505,4.191533920791233
1.4478712632314292,0.7395884526238085,0.40121752353767426,4.145161730943813,4.162903525366014,4.198027845817106,4.191439045791462
1.447552719480056,0.739553295748961,0.40122979991272,4.145067574693661,4.162997062866166,4.1984922833182505,4.191628795791004
1.4478104499103952,0.7396236094986558,0.40122161566268955,4.145161730943813,4.161781075364183,4.197098970814817,4.190110795794666
1.4478635405356242,0.7396236094986558,0.40122570778770483,4.145255887193965,4.163184137866471,4.1984922833182505,4.191628795791004
1.4479243538566577,0.7396236094986558,0.40122161566268955,4.1455383559444225,4.162716450365709,4.198306508317792,4.191439045791462
1.4478712632314292,0.739561018444766,0.40121752353767426,4.145067574693661,4.163090600366319,4.198678058318707,4.191439045791462
1.4478712632314292,0.739553295748961,0.4012052471626285,4.145067574693661,4.163090600366319,4.198678058318707,4.191344170791691
1.44783361799781,0.7394829819992662,0.4012093392876438,4.145350043444118,4.162997062866166,4.198306508317792,4.19124929579192
1.447780527372581,0.7395884526238085,0.40121752353767426,4.145444199694271,4.163090600366319,4.1987709458189375,4.191439045791462
1.4478258953020051,0.7395884526238085,0.4012093392876438,4.145444199694271,4.163277675366624,4.198585170818479,4.191533920791233
1.4477197140515474,0.7395104161783086,0.40121752353767426,4.145350043444118,4.163277675366624,4.1984922833182505,4.191533920791233
1.4477728046767762,0.7395807299280035,0.40122979991272,4.145161730943813,4.162716450365709,4.1982136208175636,4.191059545792378
1.4477728046767762,0.739553295748961,0.40122161566268955,4.145350043444118,4.163277675366624,4.198399395818021,4.191439045791462
1.4477728046767762,0.739553295748961,0.40122161566268955,4.145161730943813,4.163090600366319,4.198678058318707,4.1917236707907755
1.4478181726062003,0.739553295748961,0.40122979991272,4.145444199694271,4.163090600366319,4.198585170818479,4.191344170791691
1.4479243538566577,0.7396587663735033,0.40121752353767426,4.145350043444118,4.163651825367234,4.198863833319166,4.192198045789631
1.447552719480056,0.7396664890693082,0.40121343141265897,4.145255887193965,4.162155225364794,4.1973776333155035,4.19039542079398
1.4478712632314292,0.7396313321944608,0.40121752353767426,4.145444199694271,4.163184137866471,4.198585170818479,4.191628795791004
1.447878985927234,0.7396664890693082,0.40122161566268955,4.145255887193965,4.162716450365709,4.198399395818021,4.191439045791462
1.447878985927234,0.7396313321944608,0.40121752353767426,4.145255887193965,4.163090600366319,4.1984922833182505,4.191533920791233
1.4478258953020051,0.7396664890693082,0.4012093392876438,4.145350043444118,4.163090600366319,4.1984922833182505,4.191628795791004
1.4478258953020051,0.739561018444766,0.40121343141265897,4.145067574693661,4.162903525366014,4.198678058318707,4.191533920791233
1.4477728046767762,0.739561018444766,0.40122161566268955,4.145161730943813,4.163090600366319,4.198678058318707,4.1917236707907755
1.4477650819809713,0.7395258615699185,0.40121343141265897,4.145255887193965,4.163090600366319,4.1984922833182505,4.191628795791004
1.4479774444818867,0.739561018444766,0.40121752353767426,4.145444199694271,4.163090600366319,4.198678058318707,4.191439045791462
1.4477728046767762,0.7395884526238085,0.40122570778770483,4.145350043444118,4.163184137866471,4.198585170818479,4.191439045791462
1.4477728046767762,0.7395884526238085,0.40121343141265897,4.145255887193965,4.162997062866166,4.198585170818479,4.191628795791004
1.44783361799781,0.739553295748961,0.4012093392876438,4.145350043444118,4.163277675366624,4.198678058318707,4.191628795791004
1.4477197140515474,0.739553295748961,0.40122161566268955,4.145067574693661,4.161781075364183,4.197284745815274,4.190110795794666
1.447878985927234,0.739553295748961,0.40121752353767426,4.145067574693661,4.163277675366624,4.1987709458189375,4.191533920791233
1.4477119913557424,0.7395884526238085,0.40121752353767426,4.145350043444118,4.163184137866471,4.198678058318707,4.191628795791004
1.4477119913557424,0.739553295748961,0.40122570778770483,4.145350043444118,4.164025975367845,4.199235383320081,4.192482670788944
1.4477573592851662,0.7395884526238085,0.40122161566268955,4.145255887193965,4.162997062866166,4.1984922833182505,4.191533920791233
1.4477573592851662,0.739553295748961,0.40121343141265897,4.145255887193965,4.163090600366319,4.198306508317792,4.191533920791233
1.4477650819809713,0.7396236094986558,0.40121752353767426,4.145255887193965,4.163277675366624,4.1984922833182505,4.191439045791462
1.4478181726062003,0.7396313321944608,0.40122161566268955,4.145161730943813,4.163184137866471,4.198678058318707,4.191439045791462
1.4476589007305134,0.739561018444766,0.40121752353767426,4.144973418443508,4.163277675366624,4.198585170818479,4.191913420790318
1.4477650819809713,0.7395884526238085,0.40122570778770483,4.145161730943813,4.162997062866166,4.198306508317792,4.191439045791462
1.4479243538566577,0.7396587663735033,0.4012052471626285,4.145255887193965,4.162997062866166,4.198678058318707,4.191533920791233
1.4477650819809713,0.7395884526238085,0.40122979991272,4.145444199694271,4.163090600366319,4.1984922833182505,4.19124929579192
1.4478181726062003,0.7394829819992662,0.40122570778770483,4.145255887193965,4.1616875378640295,4.1973776333155035,4.190110795794666
1.4478181726062003,0.739561018444766,0.40121752353767426,4.145255887193965,4.163090600366319,4.198585170818479,4.191439045791462
1.4477650819809713,0.739561018444766,0.40122161566268955,4.145350043444118,4.163371212866776,4.1984922833182505,4.191628795791004
1.4478258953020051,0.7395335842657236,0.40122161566268955,4.145161730943813,4.163184137866471,4.198585170818479,4.191533920791233
1.4477197140515474,0.7395687411405709,0.40122570778770483,4.145255887193965,4.163932437867692,4.199235383320081,4.192292920789402
1.4479320765524628,0.7395687411405709,0.40121343141265897,4.145255887193965,4.163277675366624,4.1984922833182505,4.191628795791004
1.4476666234263185,0.7396038980154185,0.40121752353767426,4.145255887193965,4.163090600366319,4.198585170818479,4.191533920791233
1.4477728046767762,0.7396038980154185,0.40122161566268955,4.145632512194576,4.163184137866471,4.1984922833182505,4.191628795791004
1.4477728046767762,0.7396390548902658,0.4012093392876438,4.145255887193965,4.163090600366319,4.198678058318707,4.191628795791004
1.4478258953020051,0.7396390548902658,0.40122161566268955,4.145444199694271,4.164493662868608,4.199699820821225,4.192672420788487
1.4477728046767762,0.7395687411405709,0.4012093392876438,4.145255887193965,4.163184137866471,4.198585170818479,4.191533920791233
1.4479320765524628,0.7396742117651132,0.40121752353767426,4.145350043444118,4.161874612864335,4.197191858315046,4.19039542079398
1.4478181726062003,0.7395961753196134,0.40121752353767426,4.145350043444118,4.163277675366624,4.198585170818479,4.191628795791004
1.4477650819809713,0.7395961753196134,0.40122161566268955,4.145067574693661,4.162997062866166,4.198027845817106,4.191344170791691
1.4477119913557424,0.7395961753196134,0.40121343141265897,4.145067574693661,4.163090600366319,4.1984922833182505,4.1917236707907755
1.4478258953020051,0.7396038980154185,0.40122161566268955,4.145444199694271,4.162997062866166,4.1982136208175636,4.191439045791462
1.44783361799781,0.7395687411405709,0.40121343141265897,4.145161730943813,4.163090600366319,4.1984922833182505,4.1917236707907755
1.447780527372581,0.7396742117651132,0.40120654345589346,4.145444199694271,4.162248762864946,4.19774918331642,4.190774920793064
1.447780527372581,0.7395687411405709,0.4012201161242043,4.144879262193355,4.163090600366319,4.1984922833182505,4.191628795791004
1.4479320765524628,0.7395335842657236,0.4012201161242043,4.145350043444118,4.163277675366624,4.198585170818479,4.191533920791233
1.4478258953020051,0.7394907046950712,0.401216023999189,4.145255887193965,4.162903525366014,4.198585170818479,4.191628795791004
1.4476589007305134,0.7395961753196134,0.4012201161242043,4.145350043444118,4.162903525366014,4.198585170818479,4.191439045791462
1.4478104499103952,0.7396313321944608,0.4012201161242043,4.145161730943813,4.163932437867692,4.199235383320081,4.192387795789173
1.4478104499103952,0.739561018444766,0.40122420824921956,4.145350043444118,4.161594000363877,4.197284745815274,4.190110795794666
1.4477650819809713,0.7396313321944608,0.40122830037423485,4.1455383559444225,4.163090600366319,4.198585170818479,4.191818545790547
1.4479243538566577,0.7395961753196134,0.40122420824921956,4.145350043444118,4.164025975367845,4.199514045820768,4.192387795789173
1.4478712632314292,0.7395258615699185,0.40122830037423485,4.145350043444118,4.162903525366014,4.198585170818479,4.19124929579192
1.4477728046767762,0.7395961753196134,0.40122830037423485,4.145161730943813,4.163651825367234,4.199235383320081,4.192387795789173
1.447780527372581,0.7394907046950712,0.40122830037423485,4.145161730943813,4.162903525366014,4.1984922833182505,4.1917236707907755
1.447886708623039,0.739561018444766,0.40122420824921956,4.145444199694271,4.164119512867997,4.199606933320997,4.192767295788258
1.44783361799781,0.7396313321944608,0.4012201161242043,4.145444199694271,4.164213050368151,4.199606933320997,4.1925775457887156
1.4479928898734968,0.7396313321944608,0.4012119318741738,4.145444199694271,4.164306587868303,4.199699820821225,4.192767295788258
1.4477728046767762,0.7395258615699185,0.4012201161242043,4.145444199694271,4.163090600366319,4.198306508317792,4.191628795791004
1.4477728046767762,0.7396313321944608,0.4012201161242043,4.145255887193965,4.163090600366319,4.1984922833182505,4.191628795791004
1.4477728046767762,0.739561018444766,0.40122830037423485,4.145444199694271,4.163090600366319,4.1984922833182505,4.191533920791233
1.4477728046767762,0.7396313321944608,0.4012201161242043,4.145161730943813,4.163090600366319,4.198678058318707,4.191628795791004
1.4477650819809713,0.7395961753196134,0.40122420824921956,4.145161730943813,4.163090600366319,4.198678058318707,4.191344170791691
1.4477650819809713,0.739561018444766,0.40122420824921956,4.145255887193965,4.164025975367845,4.199235383320081,4.192292920789402
1.4478181726062003,0.7395335842657236,0.40122420824921956,4.145255887193965,4.163745362867386,4.198863833319166,4.192292920789402
1.447552719480056,0.7395687411405709,0.4012364846242653,4.145161730943813,4.162903525366014,4.1984922833182505,4.191533920791233
1.4477650819809713,0.7396390548902658,0.40122420824921956,4.145161730943813,4.162903525366014,4.198678058318707,4.191533920791233
1.4478181726062003,0.7397093686399605,0.4012078397491585,4.145255887193965,4.162997062866166,4.198306508317792,4.191533920791233
1.4478712632314292,0.7395687411405709,0.4012201161242043,4.145161730943813,4.163090600366319,4.198678058318707,4.1917236707907755
1.4478181726062003,0.7396390548902658,0.4012201161242043,4.145161730943813,4.163184137866471,4.198678058318707,4.191628795791004
1.4478712632314292,0.7395687411405709,0.4012119318741738,4.145444199694271,4.162903525366014,4.198306508317792,4.191059545792378
1.4477650819809713,0.7395687411405709,0.40122420824921956,4.145161730943813,4.162997062866166,4.1984922833182505,4.191533920791233
1.4478712632314292,0.7395687411405709,0.4012201161242043,4.145444199694271,4.163277675366624,4.198399395818021,4.1917236707907755
1.4477650819809713,0.7395687411405709,0.40122420824921956,4.145444199694271,4.162997062866166,4.198306508317792,4.191439045791462
1.4478181726062003,0.7396038980154185,0.40122830037423485,4.145444199694271,4.163371212866776,4.198863833319166,4.191818545790547
1.4478181726062003,0.7396390548902658,0.40122420824921956,4.145444199694271,4.163090600366319,4.1984922833182505,4.191628795791004
1.447878985927234,0.7396390548902658,0.4012201161242043,4.145255887193965,4.163277675366624,4.198678058318707,4.191628795791004
1.4477728046767762,0.7395687411405709,0.4012201161242043,4.145255887193965,4.162997062866166,4.198678058318707,4.19124929579192
1.4477728046767762,0.7396038980154185,0.40122420824921956,4.145350043444118,4.16383890036754,4.199235383320081,4.192198045789631
1.4477728046767762,0.7395413069615285,0.4012201161242043,4.145255887193965,4.162342300365099,4.197563408315961,4.190869795792835
1.447878985927234,0.7395413069615285,0.40122420824921956,4.145255887193965,4.163090600366319,4.1984922833182505,4.191439045791462
1.4476666234263185,0.7396116207112234,0.40122830037423485,4.145350043444118,4.162997062866166,4.1987709458189375,4.191628795791004
1.4477650819809713,0.7396545002818757,0.40122830037423485,4.145350043444118,4.162997062866166,4.1984922833182505,4.191818545790547
1.4478712632314292,0.7395490296573335,0.40122420824921956,4.145161730943813,4.164119512867997,4.199699820821225,4.192387795789173
1.4478181726062003,0.739584186532181,0.4012364846242653,4.145255887193965,4.162809987865861,4.198027845817106,4.19124929579192
1.4477197140515474,0.739584186532181,0.4012201161242043,4.145255887193965,4.163277675366624,4.198399395818021,4.191818545790547
1.44783361799781,0.7396545002818757,0.40122830037423485,4.145444199694271,4.16383890036754,4.199049608319624,4.192198045789631
1.4477274367473525,0.7396467775860708,0.40122830037423485,4.145067574693661,4.162716450365709,4.198120733317335,4.191059545792378
1.4479851671776918,0.739576463836376,0.40123239249925,4.145255887193965,4.163090600366319,4.198399395818021,4.1917236707907755
1.447552719480056,0.7396116207112234,0.40122420824921956,4.145161730943813,4.164119512867997,4.199421158320539,4.192672420788487
1.4477728046767762,0.7396116207112234,0.40123239249925,4.145255887193965,4.163090600366319,4.198585170818479,4.191628795791004
1.4477728046767762,0.739576463836376,0.4012201161242043,4.145255887193965,4.163184137866471,4.198585170818479,4.191628795791004
1.4476666234263185,0.7395413069615285,0.4012201161242043,4.145350043444118,4.163464750366929,4.198678058318707,4.191913420790318
1.447878985927234,0.739576463836376,0.40123239249925,4.145255887193965,4.163371212866776,4.198678058318707,4.191628795791004
1.4476666234263185,0.739576463836376,0.40123239249925,4.145067574693661,4.162997062866166,4.198585170818479,4.191344170791691
1.447878985927234,0.7396116207112234,0.40122420824921956,4.145161730943813,4.163090600366319,4.1982136208175636,4.191533920791233
1.4477650819809713,0.739576463836376,0.40122830037423485,4.145255887193965,4.163090600366319,4.198585170818479,4.191533920791233
1.4478712632314292,0.7396116207112234,0.4012078397491585,4.145444199694271,4.163184137866471,4.198585170818479,4.1917236707907755
1.4477119913557424,0.7396819344609182,0.4012201161242043,4.145444199694271,4.163558287867081,4.198678058318707,4.191913420790318
1.4478712632314292,0.7397170913357656,0.4012201161242043,4.145255887193965,4.163371212866776,4.198956720819394,4.191913420790318
1.4478712632314292,0.7395061500866812,0.40123239249925,4.145444199694271,4.163090600366319,4.1987709458189375,4.191628795791004
1.4477728046767762,0.739576463836376,0.40122420824921956,4.145255887193965,4.162342300365099,4.197563408315961,4.190869795792835
1.447780527372581,0.7396467775860708,0.40122420824921956,4.145255887193965,4.163184137866471,4.198027845817106,4.191344170791691
1.44783361799781,0.7396467775860708,0.4012119318741738,4.145350043444118,4.1616875378640295,4.197098970814817,4.189826170795353
1.4477274367473525,0.7396819344609182,0.40123239249925,4.145255887193965,4.162903525366014,4.198399395818021,4.191533920791233
1.447780527372581,0.7396467775860708,0.40122830037423485,4.1455383559444225,4.163184137866471,4.1984922833182505,4.191439045791462
1.447878985927234,0.739576463836376,0.4012119318741738,4.145350043444118,4.163184137866471,4.198678058318707,4.191628795791004
1.4477197140515474,0.7395413069615285,0.4012201161242043,4.145255887193965,4.163184137866471,4.198678058318707,4.191628795791004
1.4476666234263185,0.739584186532181,0.40122830037423485,4.145255887193965,4.162997062866166,4.198306508317792,4.191628795791004
1.4476666234263185,0.739584186532181,0.40122830037423485,4.145444199694271,4.162997062866166,4.198585170818479,4.19124929579192
1.4477728046767762,0.739584186532181,0.40123239249925,4.144973418443508,4.163277675366624,4.198399395818021,4.191533920791233
1.4477197140515474,0.7395138727824861,0.40122420824921956,4.145255887193965,4.162997062866166,4.1984922833182505,4.19124929579192
1.4478181726062003,0.739584186532181,0.4012201161242043,4.145067574693661,4.163090600366319,4.198399395818021,4.191533920791233
1.4478181726062003,0.7396193434070284,0.40122420824921956,4.145444199694271,4.162622912865556,4.198585170818479,4.19124929579192
1.4479320765524628,0.7396896571567233,0.4012201161242043,4.145350043444118,4.16383890036754,4.19932827082031,4.192008295790089
1.447780527372581,0.7396193434070284,0.4012364846242653,4.145444199694271,4.163090600366319,4.1984922833182505,4.191533920791233
1.447780527372581,0.7396193434070284,0.40123239249925,4.145255887193965,4.162903525366014,4.1984922833182505,4.191344170791691
1.44783361799781,0.739584186532181,0.40123239249925,4.145255887193965,4.163090600366319,4.198585170818479,4.191439045791462
1.447780527372581,0.7396193434070284,0.4012201161242043,4.145161730943813,4.163277675366624,4.198585170818479,4.1917236707907755
1.4479928898734968,0.7396896571567233,0.401216023999189,4.1455383559444225,4.163277675366624,4.198863833319166,4.191628795791004
1.4477728046767762,0.739584186532181,0.4012078397491585,4.145350043444118,4.163932437867692,4.199421158320539,4.192198045789631
1.447878985927234,0.7396545002818757,0.40122830037423485,4.145350043444118,4.162809987865861,4.198306508317792,4.191439045791462
1.4477728046767762,0.7396545002818757,0.401216023999189,4.145444199694271,4.162903525366014,4.198306508317792,4.191344170791691
1.4477728046767762,0.7396545002818757,0.4012119318741738,4.145444199694271,4.163184137866471,4.198678058318707,4.1917236707907755
1.4478712632314292,0.7396193434070284,0.4012364846242653,4.145255887193965,4.163090600366319,4.1984922833182505,4.191533920791233
1.4479320765524628,0.739584186532181,0.40123239249925,4.145350043444118,4.163090600366319,4.198306508317792,4.191533920791233
1.4477650819809713,0.739584186532181,0.4012364846242653,4.145350043444118,4.163277675366624,4.198585170818479,4.191533920791233
1.4477650819809713,0.7396193434070284,0.4012201161242043,4.145067574693661,4.162903525366014,4.198678058318707,4.19124929579192
1.4478712632314292,0.739584186532181,0.40122420824921956,4.144973418443508,4.163184137866471,4.1984922833182505,4.191628795791004
1.4478712632314292,0.739584186532181,0.40122420824921956,4.145161730943813,4.162997062866166,4.1984922833182505,4.191628795791004
1.4476589007305134,0.7395567523531386,0.401216023999189,4.145444199694271,4.163090600366319,4.1984922833182505,4.191439045791462
1.4477119913557424,0.739599631923791,0.4012364846242653,4.145161730943813,4.163090600366319,4.1984922833182505,4.191533920791233
1.4476589007305134,0.7396347887986384,0.4012201161242043,4.145444199694271,4.161968150364488,4.197563408315961,4.190490295793751
1.4478712632314292,0.7397051025483332,0.40122420824921956,4.145350043444118,4.163277675366624,4.198678058318707,4.191439045791462
1.4476589007305134,0.7396699456734858,0.40122420824921956,4.145350043444118,4.163277675366624,4.1987709458189375,4.1917236707907755
1.4478181726062003,0.739599631923791,0.4012201161242043,4.1455383559444225,4.162997062866166,4.198585170818479,4.191628795791004
1.4477650819809713,0.7396699456734858,0.4012201161242043,4.145350043444118,4.163184137866471,4.198678058318707,4.1917236707907755
1.4477119913557424,0.7397051025483332,0.4012078397491585,4.145350043444118,4.163184137866471,4.1984922833182505,4.191439045791462
1.4478712632314292,0.7395919092279859,0.40122830037423485,4.145444199694271,4.163277675366624,4.198585170818479,4.1917236707907755
1.4477650819809713,0.7395919092279859,0.40123239249925,4.145444199694271,4.162716450365709,4.197934958316877,4.191154420792149
1.4477119913557424,0.7396622229776808,0.40122830037423485,4.145350043444118,4.162809987865861,4.1982136208175636,4.191533920791233
1.4478258953020051,0.7395919092279859,0.4012201161242043,4.145444199694271,4.163090600366319,4.1984922833182505,4.191533920791233
1.4477728046767762,0.7395567523531386,0.40122420824921956,4.145444199694271,4.163184137866471,4.199049608319624,4.1917236707907755
1.4477119913557424,0.7396270661028335,0.4012119318741738,4.145161730943813,4.163090600366319,4.198306508317792,4.191533920791233
1.4477650819809713,0.7396973798525281,0.4012078397491585,4.145350043444118,4.163184137866471,4.198399395818021,4.191533920791233
1.4477650819809713,0.7395919092279859,0.40122830037423485,4.145255887193965,4.163090600366319,4.198585170818479,4.1917236707907755
1.4477650819809713,0.7395215954782912,0.40122420824921956,4.145350043444118,4.163090600366319,4.1984922833182505,4.191439045791462
1.4478712632314292,0.7395919092279859,0.4012119318741738,4.145161730943813,4.163277675366624,4.1984922833182505,4.191628795791004
1.4477119913557424,0.7395919092279859,0.40123239249925,4.145067574693661,4.163090600366319,4.198306508317792,4.191628795791004
1.4477650819809713,0.7396622229776808,0.4012201161242043,4.145067574693661,4.163184137866471,4.198399395818021,4.191439045791462
1.4478181726062003,0.7395919092279859,0.40122830037423485,4.145161730943813,4.161968150364488,4.197191858315046,4.1902056707944375
1.4478181726062003,0.7396270661028335,0.4012201161242043,4.145444199694271,4.163184137866471,4.1984922833182505,4.191439045791462
1.4479243538566577,0.7396973798525281,0.40122420824921956,4.145161730943813,4.163090600366319,4.198585170818479,4.191628795791004
1.4479243538566577,0.7395919092279859,0.40122830037423485,4.145067574693661,4.163651825367234,4.198956720819394,4.191913420790318
1.4477119913557424,0.7396973798525281,0.40122420824921956,4.145067574693661,4.163184137866471,4.198585170818479,4.191439045791462
1.4477650819809713,0.7396270661028335,0.40122830037423485,4.145255887193965,4.162529375365404,4.198027845817106,4.1909646707926065
1.4478181726062003,0.7396270661028335,0.4012201161242043,4.145350043444118,4.163090600366319,4.198399395818021,4.191439045791462
1.4478181726062003,0.7396622229776808,0.40122420824921956,4.145444199694271,4.162809987865861,4.198678058318707,4.191818545790547
1.4477650819809713,0.7395919092279859,0.4012119318741738,4.145161730943813,4.163184137866471,4.198678058318707,4.191439045791462
1.4476589007305134,0.7396270661028335,0.40122830037423485,4.145255887193965,4.163184137866471,4.198585170818479,4.191913420790318
1.4477650819809713,0.7395644750489435,0.40122830037423485,4.145161730943813,4.163932437867692,4.199421158320539,4.192387795789173
1.4478712632314292,0.739775416298028,0.4012119318741738,4.145350043444118,4.163371212866776,4.198678058318707,4.191628795791004
1.4478181726062003,0.739599631923791,0.4012201161242043,4.145255887193965,4.163371212866776,4.1984922833182505,4.1917236707907755
1.4477650819809713,0.7395644750489435,0.40122420824921956,4.145255887193965,4.164119512867997,4.199699820821225,4.1929570457878
1.4477119913557424,0.739599631923791,0.40122830037423485,4.145444199694271,4.163184137866471,4.198585170818479,4.1917236707907755
1.4479243538566577,0.739599631923791,0.40122420824921956,4.145350043444118,4.162529375365404,4.197934958316877,4.191154420792149
1.4478712632314292,0.739599631923791,0.40122420824921956,4.145067574693661,4.162903525366014,4.198306508317792,4.19124929579192
1.4479243538566577,0.739599631923791,0.4012078397491585,4.145444199694271,4.163090600366319,4.198399395818021,4.191439045791462
1.4477650819809713,0.7395293181740962,0.40122830037423485,4.145255887193965,4.163090600366319,4.198585170818479,4.191344170791691
1.4478181726062003,0.739599631923791,0.40122830037423485,4.145350043444118,4.163090600366319,4.198399395818021,4.19124929579192
1.4478712632314292,0.7396347887986384,0.40122420824921956,4.145161730943813,4.163184137866471,4.1984922833182505,4.191439045791462
1.4479243538566577,0.7396699456734858,0.4012364846242653,4.145350043444118,4.163371212866776,4.198585170818479,4.191439045791462
1.4478258953020051,0.7397051025483332,0.401216023999189,4.145161730943813,4.163090600366319,4.198585170818479,4.191533920791233
1.4478181726062003,0.7395644750489435,0.4012364846242653,4.145255887193965,4.163184137866471,4.198306508317792,4.191628795791004
1.4477119913557424,0.7396347887986384,0.40122830037423485,4.145632512194576,4.162903525366014,4.1982136208175636,4.191154420792149
1.4477650819809713,0.7397051025483332,0.4012201161242043,4.145350043444118,4.162997062866166,4.198678058318707,4.191628795791004
1.4478181726062003,0.7396699456734858,0.4012364846242653,4.145161730943813,4.163184137866471,4.198585170818479,4.191628795791004
1.4478181726062003,0.739599631923791,0.40122420824921956,4.145255887193965,4.163277675366624,4.1984922833182505,4.1917236707907755
1.4477119913557424,0.739599631923791,0.40122830037423485,4.145067574693661,4.163651825367234,4.198678058318707,4.191818545790547
1.4478181726062003,0.7396347887986384,0.4012119318741738,4.145350043444118,4.163277675366624,4.1987709458189375,4.191628795791004
1.4478181726062003,0.7397051025483332,0.40122420824921956,4.145255887193965,4.163277675366624,4.198399395818021,4.191533920791233
1.4478181726062003,0.7396347887986384,0.4012119318741738,4.145350043444118,4.163184137866471,4.1984922833182505,4.191439045791462
1.4477119913557424,0.7396347887986384,0.40122420824921956,4.145444199694271,4.163277675366624,4.1984922833182505,4.191533920791233
1.4478181726062003,0.7395644750489435,0.4012364846242653,4.145161730943813,4.162248762864946,4.197191858315046,4.19039542079398
1.4478181726062003,0.739599631923791,0.40122830037423485,4.145255887193965,4.163277675366624,4.198399395818021,4.1917236707907755
1.4478712632314292,0.7396347887986384,0.40122420824921956,4.145161730943813,4.163184137866471,4.198585170818479,4.191439045791462
1.4478712632314292,0.7396347887986384,0.4012201161242043,4.145444199694271,4.163371212866776,4.1984922833182505,4.1917236707907755
1.4478181726062003,0.7396347887986384,0.40122420824921956,4.145255887193965,4.163277675366624,4.1987709458189375,4.191628795791004
1.4478712632314292,0.739599631923791,0.401216023999189,4.1455383559444225,4.163184137866471,4.1984922833182505,4.191628795791004
1.4478181726062003,0.739607354619596,0.40123239249925,4.145255887193965,4.163371212866776,4.1984922833182505,4.1917236707907755
1.4477650819809713,0.7396425114944434,0.4012201161242043,4.145255887193965,4.160752162862504,4.195705658311384,4.189067170797184
1.4478712632314292,0.7395721977447485,0.4012201161242043,4.145255887193965,4.161781075364183,4.197098970814817,4.1902056707944375
1.4477119913557424,0.7396425114944434,0.40122830037423485,4.145161730943813,4.163184137866471,4.198678058318707,4.1917236707907755
1.4477650819809713,0.7395721977447485,0.40122830037423485,4.145161730943813,4.163184137866471,4.1984922833182505,4.191628795791004
1.4477650819809713,0.7396425114944434,0.40122420824921956,4.145350043444118,4.163184137866471,4.198585170818479,4.1917236707907755
1.4479243538566577,0.739607354619596,0.40122830037423485,4.145350043444118,4.161594000363877,4.19682030831413,4.189921045795124
1.447552719480056,0.7395721977447485,0.40122420824921956,4.145444199694271,4.163277675366624,4.198399395818021,4.191818545790547
1.6583340349023636,0.8444440202284933,0.4242729757113033,4.731601390107114,4.745849153276721,4.7716463614431905,4.781680248189678
1.6583417575981687,0.8446120819069253,0.424268883586288,4.731978015107725,4.745662078276416,4.771181923942046,4.781775123189449
1.6584025709192027,0.8446120819069253,0.4242770678363186,4.732072171357877,4.745849153276721,4.7716463614431905,4.781490498190136
1.6585164748654653,0.8445769250320779,0.42426069933625754,4.732072171357877,4.745849153276721,4.7716463614431905,4.781680248189678
1.6584633842402365,0.8446395160859677,0.42426069933625754,4.731883858857572,4.745849153276721,4.771832136443648,4.782059748188763
1.6584633842402365,0.8445769250320779,0.4242729757113033,4.7317897026074185,4.745662078276416,4.7716463614431905,4.781775123189449
1.6582963896687448,0.8445494908530355,0.4242770678363186,4.7317897026074185,4.746129765777178,4.772203686444564,4.782059748188763
1.6582278536519062,0.8445494908530355,0.4242729757113033,4.731883858857572,4.746690990778093,4.772203686444564,4.7826289981873895
1.6582278536519062,0.8445846477278829,0.42428525208634904,4.731978015107725,4.746597453277941,4.772389461445021,4.782344373188076
1.6581670403308721,0.8446198046027302,0.4242770678363186,4.732072171357877,4.745849153276721,4.771832136443648,4.781680248189678
1.6581062270098381,0.8446275272985353,0.4242729757113033,4.731978015107725,4.745662078276416,4.771181923942046,4.781490498190136
1.6580985043140333,0.8446549614775778,0.4242770678363186,4.731883858857572,4.746410378277636,4.772389461445021,4.782249498188305
1.6580000457593806,0.8446549614775778,0.4242770678363186,4.7317897026074185,4.745755615776568,4.771553473942962,4.781775123189449
1.6582278536519062,0.8446198046027302,0.4242729757113033,4.731978015107725,4.745755615776568,4.7716463614431905,4.781585373189907
1.6582355763477112,0.8446198046027302,0.42428525208634904,4.7317897026074185,4.745849153276721,4.771739248943419,4.781775123189449
1.658243299043516,0.8445417681572305,0.4242729757113033,4.731978015107725,4.745755615776568,4.7716463614431905,4.781490498190136
1.6581902084182873,0.8446472387817727,0.424268883586288,4.731978015107725,4.745942690776873,4.771832136443648,4.781680248189678
1.6583572029897788,0.8445846477278829,0.4242729757113033,4.731978015107725,4.746690990778093,4.77257523644548,4.782344373188076
1.658251021739321,0.8446549614775778,0.424268883586288,4.731978015107725,4.745942690776873,4.7716463614431905,4.781775123189449
1.6583417575981687,0.8446549614775778,0.4242770678363186,4.7317897026074185,4.745662078276416,4.771274811442275,4.781300748190594
1.6583263122065588,0.8446198046027302,0.4242729757113033,4.731978015107725,4.746971603278552,4.772761011445937,4.782723873187161
1.658220130956101,0.844592370423688,0.4242647914612728,4.7317897026074185,4.746036228277026,4.7716463614431905,4.781680248189678
1.658220130956101,0.844592370423688,0.4242770678363186,4.731601390107114,4.744820240775042,4.770624598940673,4.780636623192196
1.6581670403308721,0.8445846477278829,0.42428525208634904,4.731978015107725,4.746036228277026,4.7716463614431905,4.781964873188992
1.6581670403308721,0.8445143339781882,0.4242770678363186,4.731978015107725,4.745849153276721,4.771553473942962,4.781680248189678
1.6581670403308721,0.8445769250320779,0.4242729757113033,4.7317897026074185,4.745942690776873,4.771553473942962,4.781585373189907
1.6580685817762193,0.8447175525314675,0.42428525208634904,4.731978015107725,4.745662078276416,4.771367698942504,4.781300748190594
1.6581216724014483,0.8445846477278829,0.4242729757113033,4.732166327608029,4.745755615776568,4.7716463614431905,4.781680248189678
1.6581139497056432,0.8446978410482302,0.4242770678363186,4.732072171357877,4.746597453277941,4.77257523644548,4.782439248187847
1.6581216724014483,0.8446626841733827,0.42428525208634904,4.731978015107725,4.746410378277636,4.772203686444564,4.782059748188763
1.6582355763477112,0.8446078158152979,0.42428525208634904,4.731883858857572,4.745849153276721,4.7716463614431905,4.781585373189907
1.6581293950972533,0.8445375020656032,0.42428525208634904,4.731695546357266,4.746129765777178,4.771739248943419,4.782249498188305
1.6582963896687448,0.8446352499943403,0.42428115996133386,4.731978015107725,4.745755615776568,4.771460586442733,4.781775123189449
1.6580917498636345,0.8446704068691877,0.4242729757113033,4.7317897026074185,4.745849153276721,4.771553473942962,4.781775123189449
1.6581448404888632,0.8445297793697981,0.4242893442113643,4.7317897026074185,4.746129765777178,4.771553473942962,4.781680248189678
1.6582963896687448,0.8446000931194929,0.42428525208634904,4.7317897026074185,4.745662078276416,4.7716463614431905,4.781680248189678
1.6580763044720244,0.8446000931194929,0.4242647914612728,4.732166327608029,4.746036228277026,4.7716463614431905,4.781585373189907
1.6581747630266772,0.8446000931194929,0.4242770678363186,4.7317897026074185,4.745568540776263,4.771181923942046,4.781300748190594
1.6581670403308721,0.8446626841733827,0.4242770678363186,4.731883858857572,4.746223303277331,4.771739248943419,4.782439248187847
1.6580077684551857,0.8446275272985353,0.4242729757113033,4.731978015107725,4.745662078276416,4.771739248943419,4.781775123189449
1.6581139497056432,0.8446000931194929,0.42427577154305357,4.732072171357877,4.745755615776568,4.771553473942962,4.781490498190136
1.658159317635067,0.8446000931194929,0.42426758729302305,4.731883858857572,4.745662078276416,4.7716463614431905,4.781205873190823
1.6581139497056432,0.8446352499943403,0.42427986366806886,4.731883858857572,4.746036228277026,4.771553473942962,4.781775123189449
1.6581293950972533,0.8446078158152979,0.42427167941803834,4.732166327608029,4.745942690776873,4.7719250239438775,4.781964873188992
1.6581293950972533,0.8445375020656032,0.42426758729302305,4.731883858857572,4.745849153276721,4.771553473942962,4.781680248189678
1.658243299043516,0.8446704068691877,0.42427577154305357,4.731695546357266,4.745849153276721,4.771739248943419,4.781680248189678
1.6581448404888632,0.8446704068691877,0.4242839557930841,4.731978015107725,4.746036228277026,4.771553473942962,4.781775123189449
1.6581979311140922,0.8445297793697981,0.42427986366806886,4.7317897026074185,4.746503915777788,4.772203686444564,4.782249498188305
1.658243299043516,0.8446275272985353,0.42427577154305357,4.7317897026074185,4.745942690776873,4.771367698942504,4.781585373189907
1.6581293950972533,0.8445572135488405,0.4242880479180994,4.731978015107725,4.745942690776873,4.7716463614431905,4.781585373189907
1.6581293950972533,0.844592370423688,0.42427577154305357,4.731883858857572,4.745662078276416,4.771274811442275,4.781490498190136
1.6580685817762193,0.8446352499943403,0.4242839557930841,4.732260483858182,4.744539628274584,4.770253048939757,4.7802571231931115
1.6580608590804145,0.8446078158152979,0.4242839557930841,4.731883858857572,4.745849153276721,4.771739248943419,4.781680248189678
1.6580608590804145,0.8446429726901452,0.42427167941803834,4.7317897026074185,4.744165478273974,4.769788611438613,4.779972498193798
1.6581216724014483,0.8446429726901452,0.42427577154305357,4.731601390107114,4.746878065778399,4.77257523644548,4.782534123187618
1.6581216724014483,0.8446429726901452,0.4242839557930841,4.7317897026074185,4.746223303277331,4.771460586442733,4.782059748188763
1.6581216724014483,0.8446000931194929,0.42427577154305357,4.732166327608029,4.746036228277026,4.771460586442733,4.781680248189678
1.6582278536519062,0.8446704068691877,0.42427577154305357,4.731978015107725,4.745849153276721,4.771367698942504,4.781585373189907
1.6582278536519062,0.8447055637440352,0.42427577154305357,4.731883858857572,4.746129765777178,4.7716463614431905,4.7818699981892205
1.6580685817762193,0.8445649362446455,0.42427577154305357,4.731978015107725,4.746036228277026,4.771553473942962,4.781680248189678
1.6581747630266772,0.8446429726901452,0.4242839557930841,4.731883858857572,4.745755615776568,4.7716463614431905,4.781775123189449
1.6581293950972533,0.8446429726901452,0.42427986366806886,4.731978015107725,4.745849153276721,4.771460586442733,4.781490498190136
1.6581293950972533,0.8446078158152979,0.4242839557930841,4.732166327608029,4.747252215779009,4.772761011445937,4.782818748186932
1.6581824857224823,0.8446429726901452,0.4242839557930841,4.731695546357266,4.745662078276416,4.771739248943419,4.781964873188992
1.6581824857224823,0.8447132864398401,0.4242839557930841,4.731978015107725,4.745849153276721,4.771460586442733,4.781585373189907
1.6581371177930584,0.8446781295649928,0.42427167941803834,4.731978015107725,4.745475003276111,4.771274811442275,4.781205873190823
1.6580309365426005,0.8446429726901452,0.4242880479180994,4.731695546357266,4.745662078276416,4.771274811442275,4.781490498190136
1.6581824857224823,0.8446352499943403,0.4242880479180994,4.731601390107114,4.746036228277026,4.7716463614431905,4.781490498190136
1.6581216724014483,0.8445297793697981,0.42427577154305357,4.7317897026074185,4.746036228277026,4.771832136443648,4.7818699981892205
1.6579624005257616,0.8446781295649928,0.42427986366806886,4.731978015107725,4.746223303277331,4.771832136443648,4.782059748188763
1.6580154911509906,0.8446155385111029,0.4242839557930841,4.7317897026074185,4.746784528278247,4.772389461445021,4.7826289981873895
1.658220130956101,0.8446155385111029,0.42427986366806886,4.732166327608029,4.746036228277026,4.7716463614431905,4.781775123189449
1.6581139497056432,0.844623261206908,0.4242921400431146,4.731883858857572,4.745942690776873,4.771553473942962,4.781680248189678
1.6581216724014483,0.844623261206908,0.42427986366806886,4.731883858857572,4.746690990778093,4.771832136443648,4.781680248189678
1.6580763044720244,0.8446155385111029,0.4242839557930841,4.7317897026074185,4.748281128280688,4.774061436449141,4.784146998183727
1.6580763044720244,0.8447210091356452,0.4242839557930841,4.731883858857572,4.7451008532755,4.7710890364418175,4.780731498191967
1.6581371177930584,0.8446506953859503,0.4242921400431146,4.7317897026074185,4.746036228277026,4.7716463614431905,4.781680248189678
1.6581979311140922,0.8446781295649928,0.4242839557930841,4.731978015107725,4.746410378277636,4.772110798944335,4.782154623188534
1.6580917498636345,0.8446078158152979,0.4242839557930841,4.731978015107725,4.746036228277026,4.771739248943419,4.7818699981892205
1.6580840271678294,0.8446506953859503,0.42427986366806886,4.731695546357266,4.746129765777178,4.771739248943419,4.781585373189907
1.6581293950972533,0.8446506953859503,0.4242839557930841,4.731978015107725,4.745849153276721,4.771739248943419,4.781775123189449
1.6582355763477112,0.8446858522607977,0.42427986366806886,4.731978015107725,4.745849153276721,4.7719250239438775,4.781964873188992
1.6580763044720244,0.8447210091356452,0.4242921400431146,4.7317897026074185,4.746971603278552,4.772482348945251,4.782723873187161
1.6580232138467956,0.8446858522607977,0.4242880479180994,4.732072171357877,4.745849153276721,4.7716463614431905,4.781775123189449
1.6581293950972533,0.8446506953859503,0.4242880479180994,4.732166327608029,4.746129765777178,4.771832136443648,4.7818699981892205
1.6580763044720244,0.8446155385111029,0.4242839557930841,4.731883858857572,4.746036228277026,4.771553473942962,4.781775123189449
1.6581293950972533,0.8446506953859503,0.42427577154305357,4.731978015107725,4.746036228277026,4.771739248943419,4.781490498190136
1.6581293950972533,0.8446858522607977,0.4242839557930841,4.7317897026074185,4.745849153276721,4.771832136443648,4.781585373189907
1.6580685817762193,0.8446506953859503,0.42427577154305357,4.731601390107114,4.746597453277941,4.772389461445021,4.782344373188076
1.6582278536519062,0.8446155385111029,0.4242839557930841,4.731883858857572,4.745849153276721,4.772152052889605,4.781775123189449
1.6581216724014483,0.8446858522607977,0.4242839557930841,4.732166327608029,4.746036228277026,4.772193306834875,4.7818699981892205
1.6580763044720244,0.8446858522607977,0.42427986366806886,4.732072171357877,4.746036228277026,4.77182175683396,4.781680248189678
1.6581824857224823,0.8446506953859503,0.4242880479180994,4.731978015107725,4.745849153276721,4.77182175683396,4.781775123189449
1.6581293950972533,0.8446858522607977,0.4242839557930841,4.7317897026074185,4.7444460907744315,4.770428444330526,4.780541748192425
1.6582355763477112,0.8446506953859503,0.4242839557930841,4.731978015107725,4.745849153276721,4.771728869333731,4.781680248189678
1.6581293950972533,0.8446858522607977,0.4242839557930841,4.731883858857572,4.745942690776873,4.772007531834417,4.781680248189678
1.6581371177930584,0.8446155385111029,0.4242839557930841,4.731695546357266,4.745475003276111,4.771728869333731,4.781205873190823
1.6581293950972533,0.8447561660104925,0.4242839557930841,4.731883858857572,4.745942690776873,4.771914644334188,4.781490498190136
1.6581293950972533,0.8446155385111029,0.42427986366806886,4.7317897026074185,4.745849153276721,4.771543094333273,4.781680248189678
1.6580685817762193,0.8446155385111029,0.4242921400431146,4.731695546357266,4.745942690776873,4.77182175683396,4.781680248189678
1.6580685817762193,0.8447210091356452,0.4242839557930841,4.731978015107725,4.7444460907744315,4.77014978182984,4.779972498193798
1.6579015872047278,0.8446155385111029,0.4242921400431146,4.731601390107114,4.745942690776873,4.771728869333731,4.781775123189449
1.6582278536519062,0.8447561660104925,0.4242839557930841,4.7317897026074185,4.745849153276721,4.771914644334188,4.781775123189449
1.6581216724014483,0.8446858522607977,0.4242839557930841,4.7317897026074185,4.746036228277026,4.771728869333731,4.781680248189678
1.6580763044720244,0.8446506953859503,0.4242839557930841,4.731695546357266,4.746597453277941,4.772379081835333,4.782439248187847
1.6580763044720244,0.8446506953859503,0.42427986366806886,4.731601390107114,4.746316840777483,4.771914644334188,4.782059748188763
1.6581371177930584,0.8446155385111029,0.4242880479180994,4.731978015107725,4.746223303277331,4.772007531834417,4.781964873188992
1.6581979311140922,0.8445452247614081,0.4243003242931451,4.731883858857572,4.7444460907744315,4.770242669330068,4.7802571231931115
1.6581979311140922,0.8446506953859503,0.4242839557930841,4.7317897026074185,4.745942690776873,4.772007531834417,4.781680248189678
1.6580840271678294,0.8447287318314503,0.4242880479180994,4.7317897026074185,4.746129765777178,4.771914644334188,4.781775123189449
1.6581293950972533,0.844623261206908,0.42427577154305357,4.7317897026074185,4.745849153276721,4.771914644334188,4.781775123189449
1.6580763044720244,0.8446935749566027,0.4242839557930841,4.731695546357266,4.745849153276721,4.771728869333731,4.7818699981892205
1.6579701232215667,0.844623261206908,0.4242880479180994,4.7317897026074185,4.745568540776263,4.771450206833044,4.781110998191052
1.6581293950972533,0.844623261206908,0.4242839557930841,4.731883858857572,4.745568540776263,4.7716359818335015,4.781775123189449
1.6581293950972533,0.8446584180817553,0.4242839557930841,4.732072171357877,4.746129765777178,4.771914644334188,4.781680248189678
1.6581293950972533,0.8446584180817553,0.42427577154305357,4.7317897026074185,4.746223303277331,4.771728869333731,4.782059748188763
1.6580232138467956,0.844623261206908,0.4243003242931451,4.7317897026074185,4.745849153276721,4.771728869333731,4.781585373189907
1.6581216724014483,0.8447287318314503,0.42427986366806886,4.731978015107725,4.745662078276416,4.771543094333273,4.781300748190594
1.6580154911509906,0.8445881043320604,0.4242880479180994,4.7317897026074185,4.7446331657747365,4.770799994331442,4.780541748192425
1.6581216724014483,0.8446935749566027,0.4242880479180994,4.7317897026074185,4.745942690776873,4.771914644334188,4.781775123189449
1.6580763044720244,0.8446584180817553,0.4242839557930841,4.7317897026074185,4.745849153276721,4.771728869333731,4.781490498190136
1.6582355763477112,0.8447638887062976,0.4242839557930841,4.731978015107725,4.745942690776873,4.772007531834417,4.781964873188992
1.657917032596338,0.8447638887062976,0.4242921400431146,4.731695546357266,4.745942690776873,4.771914644334188,4.7818699981892205
1.6581293950972533,0.8446935749566027,0.42430441641816036,4.731978015107725,4.746036228277026,4.771728869333731,4.7818699981892205
1.6579701232215667,0.8447287318314503,0.4242880479180994,4.7317897026074185,4.745942690776873,4.77182175683396,4.781680248189678
1.6580309365426005,0.8446935749566027,0.4242880479180994,4.731601390107114,4.746036228277026,4.771914644334188,4.7818699981892205
1.6580309365426005,0.8446935749566027,0.4242880479180994,4.731601390107114,4.745849153276721,4.772007531834417,4.781775123189449
1.6579701232215667,0.8447287318314503,0.42427986366806886,4.731883858857572,4.745849153276721,4.7716359818335015,4.781680248189678
1.6580763044720244,0.8446584180817553,0.4242880479180994,4.731978015107725,4.745942690776873,4.771914644334188,4.781964873188992
1.6580608590804145,0.8446584180817553,0.4242839557930841,4.7317897026074185,4.745007315775347,4.770521331830755,4.780541748192425
1.6580608590804145,0.8446584180817553,0.4242880479180994,4.7317897026074185,4.745849153276721,4.77182175683396,4.781490498190136
1.6580077684551857,0.8446309839027129,0.4242921400431146,4.7317897026074185,4.745381465775958,4.771543094333273,4.781110998191052
1.6581747630266772,0.8446661407775602,0.4242880479180994,4.7317897026074185,4.746503915777788,4.7724719693355615,4.782249498188305
1.6579624005257616,0.8446309839027129,0.42427577154305357,4.731695546357266,4.746036228277026,4.772007531834417,4.781775123189449
1.6580763044720244,0.8445958270278655,0.4242839557930841,4.731601390107114,4.746878065778399,4.7727506318362485,4.782439248187847
1.6581293950972533,0.8446661407775602,0.4242880479180994,4.7317897026074185,4.745942690776873,4.771728869333731,4.781775123189449
1.6580763044720244,0.8447012976524078,0.4242921400431146,4.7317897026074185,4.747439290779315,4.773215069337393,4.7833879981855585
1.6580232138467956,0.8446661407775602,0.4242880479180994,4.731978015107725,4.746036228277026,4.772100419334646,4.781964873188992
1.6581824857224823,0.8446309839027129,0.42427986366806886,4.731601390107114,4.745942690776873,4.771914644334188,4.7818699981892205
1.6581371177930584,0.8447012976524078,0.4242880479180994,4.7317897026074185,4.746036228277026,4.771914644334188,4.781490498190136
1.658243299043516,0.8445958270278655,0.4242839557930841,4.7317897026074185,4.746036228277026,4.771728869333731,4.781775123189449
1.6581293950972533,0.8446661407775602,0.4242921400431146,4.731507233856961,4.746503915777788,4.772286194335104,4.7826289981873895
1.6580232138467956,0.8446661407775602,0.4242839557930841,4.7317897026074185,4.746036228277026,4.771728869333731,4.7818699981892205
1.6580763044720244,0.8445958270278655,0.42429623216812984,4.731978015107725,4.745942690776873,4.771914644334188,4.7818699981892205
1.6579701232215667,0.8447012976524078,0.4242921400431146,4.731883858857572,4.746129765777178,4.772379081835333,4.782249498188305
1.6579701232215667,0.8445958270278655,0.42429623216812984,4.731695546357266,4.746036228277026,4.771914644334188,4.7818699981892205
1.6580763044720244,0.8447364545272551,0.4242921400431146,4.731978015107725,4.746036228277026,4.771728869333731,4.781680248189678
1.6580154911509906,0.8446661407775602,0.42427986366806886,4.732072171357877,4.746036228277026,4.771914644334188,4.781680248189678
1.6581216724014483,0.8447012976524078,0.4242880479180994,4.7317897026074185,4.745849153276721,4.772007531834417,4.781964873188992
1.6579624005257616,0.8447012976524078,0.42427577154305357,4.7317897026074185,4.745755615776568,4.77182175683396,4.781490498190136
1.6581824857224823,0.8447012976524078,0.4242839557930841,4.731883858857572,4.746223303277331,4.772007531834417,4.781964873188992
1.6581293950972533,0.8446661407775602,0.4242880479180994,4.731978015107725,4.745849153276721,4.771728869333731,4.781680248189678
1.6581293950972533,0.8447716114021024,0.4242839557930841,4.7317897026074185,4.745849153276721,4.771914644334188,4.781585373189907
1.6580763044720244,0.8446661407775602,0.4242839557930841,4.731883858857572,4.746316840777483,4.772286194335104,4.782154623188534
1.6580763044720244,0.8446661407775602,0.4242921400431146,4.731978015107725,4.746597453277941,4.772564856835791,4.782534123187618
1.657917032596338,0.8446309839027129,0.4242921400431146,4.731978015107725,4.746503915777788,4.7724719693355615,4.782534123187618
1.6580840271678294,0.8446738634733653,0.4242839557930841,4.731978015107725,4.745475003276111,4.771728869333731,4.781205873190823
1.6579701232215667,0.8446387065985179,0.4242921400431146,4.731695546357266,4.745942690776873,4.771914644334188,4.781775123189449
1.6581293950972533,0.8446738634733653,0.42427986366806886,4.731695546357266,4.746129765777178,4.771914644334188,4.781585373189907
1.6580232138467956,0.8446738634733653,0.4242839557930841,4.732072171357877,4.745849153276721,4.772007531834417,4.781680248189678
1.6580763044720244,0.8446035497236705,0.4242839557930841,4.7317897026074185,4.745662078276416,4.771543094333273,4.781300748190594
1.6580763044720244,0.8447090203482127,0.4242839557930841,4.7317897026074185,4.745849153276721,4.77182175683396,4.7818699981892205
1.6581824857224823,0.8446387065985179,0.4242880479180994,4.731601390107114,4.745942690776873,4.77182175683396,4.7818699981892205
1.6580685817762193,0.8446738634733653,0.4242839557930841,4.7317897026074185,4.746971603278552,4.773029294336935,4.782913623186703
1.6580154911509906,0.8446035497236705,0.4242921400431146,4.731883858857572,4.745942690776873,4.772007531834417,4.781775123189449
1.6581293950972533,0.8446738634733653,0.4242839557930841,4.731883858857572,4.745849153276721,4.77182175683396,4.781585373189907
1.6580763044720244,0.8446387065985179,0.42427577154305357,4.731883858857572,4.746597453277941,4.7727506318362485,4.782439248187847
1.6581293950972533,0.8446035497236705,0.4242839557930841,4.7317897026074185,4.745662078276416,4.771728869333731,4.781775123189449
1.6579701232215667,0.8446387065985179,0.4242880479180994,4.731978015107725,4.743978403273669,4.769964006829381,4.779877623194027
1.6582355763477112,0.8447090203482127,0.4242921400431146,4.731978015107725,4.745007315775347,4.771171544332358,4.781110998191052
1.6579778459173715,0.8447090203482127,0.42427986366806886,4.731883858857572,4.746129765777178,4.772007531834417,4.781775123189449
1.6580309365426005,0.8447167430440177,0.4242880479180994,4.731978015107725,4.746036228277026,4.772007531834417,4.781775123189449
1.6580232138467956,0.8446112724194754,0.4242921400431146,4.731883858857572,4.746597453277941,4.772564856835791,4.782439248187847
1.657917032596338,0.8447167430440177,0.42429623216812984,4.7317897026074185,4.746036228277026,4.772007531834417,4.781395623190365
1.6581293950972533,0.8447167430440177,0.42427577154305357,4.7317897026074185,4.746036228277026,4.771914644334188,4.781775123189449
1.6579701232215667,0.8446815861691703,0.4242880479180994,4.731883858857572,4.745942690776873,4.772100419334646,4.7818699981892205
1.6580685817762193,0.8447870567937126,0.4242880479180994,4.731978015107725,4.745755615776568,4.771914644334188,4.781680248189678
1.6580154911509906,0.8446815861691703,0.4242921400431146,4.731978015107725,4.74472670327489,4.770614219330984,4.780446873192654
1.6579624005257616,0.8446815861691703,0.4242880479180994,4.7317897026074185,4.746036228277026,4.771914644334188,4.781775123189449
1.6580154911509906,0.8446815861691703,0.42427986366806886,4.731695546357266,4.746036228277026,4.771914644334188,4.781680248189678
1.6581216724014483,0.844646429294323,0.4242839557930841,4.7317897026074185,4.746784528278247,4.772657744336019,4.7826289981873895
1.657917032596338,0.844646429294323,0.4242839557930841,4.731978015107725,4.746036228277026,4.77182175683396,4.781680248189678
1.6580232138467956,0.8446815861691703,0.4242880479180994,4.731883858857572,4.745942690776873,4.771914644334188,4.7818699981892205
1.6580232138467956,0.8446815861691703,0.4242880479180994,4.731978015107725,4.747158678278857,4.773029294336935,4.7826289981873895
1.6581293950972533,0.8447518999188652,0.4243003242931451,4.7317897026074185,4.746036228277026,4.771914644334188,4.7818699981892205
1.6579778459173715,0.8446815861691703,0.4242839557930841,4.7317897026074185,4.745942690776873,4.771914644334188,4.781775123189449
1.6581371177930584,0.8447518999188652,0.4242839557930841,4.732166327608029,4.745007315775347,4.770799994331442,4.780826373191738
1.6581371177930584,0.8447518999188652,0.4242921400431146,4.731978015107725,4.745755615776568,4.771728869333731,4.781300748190594
1.6579701232215667,0.8446815861691703,0.4242921400431146,4.7317897026074185,4.745942690776873,4.771728869333731,4.781680248189678
1.6580763044720244,0.8446815861691703,0.4242839557930841,4.731883858857572,4.745662078276416,4.7716359818335015,4.781585373189907
1.6581293950972533,0.8447167430440177,0.42427986366806886,4.732072171357877,4.746036228277026,4.771914644334188,4.781680248189678
1.6581293950972533,0.8446815861691703,0.4242839557930841,4.731695546357266,4.746036228277026,4.771728869333731,4.781964873188992
1.6580154911509906,0.8446893088649753,0.4242880479180994,4.7317897026074185,4.746036228277026,4.77182175683396,4.781775123189449
1.6579624005257616,0.8446541519901279,0.42429623216812984,4.731978015107725,4.745942690776873,4.772007531834417,4.781775123189449
1.6579093099005329,0.8446970315607802,0.4242921400431146,4.731978015107725,4.745942690776873,4.7716359818335015,4.781775123189449
1.6581293950972533,0.8446970315607802,0.4242921400431146,4.732072171357877,4.746597453277941,4.772379081835333,4.782249498188305
1.6580232138467956,0.8447321884356278,0.4242880479180994,4.7317897026074185,4.746036228277026,4.772007531834417,4.781775123189449
1.6581293950972533,0.8447321884356278,0.42427986366806886,4.731883858857572,4.746129765777178,4.772286194335104,4.7818699981892205
1.6580763044720244,0.8446970315607802,0.4242839557930841,4.731601390107114,4.746036228277026,4.772007531834417,4.781680248189678
1.657917032596338,0.8447673453104751,0.4242880479180994,4.732072171357877,4.745849153276721,4.771728869333731,4.781300748190594
1.6580840271678294,0.8446893088649753,0.4243003242931451,4.731978015107725,4.746036228277026,4.772100419334646,4.7818699981892205
1.6579247552921428,0.8446893088649753,0.4242921400431146,4.731695546357266,4.745849153276721,4.771914644334188,4.7818699981892205
1.6580309365426005,0.8446541519901279,0.4243003242931451,4.7317897026074185,4.7442590157741265,4.770056894329611,4.780067373193569
1.6581371177930584,0.8446893088649753,0.4242880479180994,4.7317897026074185,4.745662078276416,4.77182175683396,4.781964873188992
1.6581371177930584,0.8447244657398227,0.4242839557930841,4.731601390107114,4.745942690776873,4.771914644334188,4.781680248189678
1.6580232138467956,0.8447244657398227,0.4242839557930841,4.731978015107725,4.746036228277026,4.7716359818335015,4.781775123189449
1.6580154911509906,0.8446893088649753,0.4242839557930841,4.732072171357877,4.745942690776873,4.771728869333731,4.781680248189678
1.6581216724014483,0.8446541519901279,0.4242839557930841,4.731601390107114,4.746036228277026,4.771914644334188,4.7818699981892205
1.6579624005257616,0.8445838382404331,0.4243003242931451,4.7317897026074185,4.745942690776873,4.771543094333273,4.781775123189449
1.6579624005257616,0.8446893088649753,0.4242880479180994,4.731883858857572,4.746410378277636,4.772564856835791,4.782534123187618
1.657917032596338,0.8446893088649753,0.4243003242931451,4.7317897026074185,4.745942690776873,4.771728869333731,4.781775123189449
1.6580840271678294,0.8446893088649753,0.4242921400431146,4.732072171357877,4.744071940773821,4.770056894329611,4.779972498193798
1.6580840271678294,0.8446893088649753,0.4242865483796141,4.732072171357877,4.745755615776568,4.771914644334188,4.781775123189449
1.6581371177930584,0.8447947794895175,0.42429473262964457,4.732072171357877,4.746036228277026,4.771914644334188,4.781775123189449
1.6581371177930584,0.8447244657398227,0.42430291687967514,4.731978015107725,4.746316840777483,4.772007531834417,4.782249498188305
1.6580309365426005,0.8447596226146702,0.4242865483796141,4.732072171357877,4.745849153276721,4.771728869333731,4.781775123189449
1.6581371177930584,0.8447947794895175,0.4242824562545988,4.731695546357266,4.746036228277026,4.771728869333731,4.781680248189678
1.6581902084182873,0.8447244657398227,0.4242906405046294,4.731978015107725,4.747065140778704,4.773215069337393,4.782818748186932
1.6580840271678294,0.8446893088649753,0.4242865483796141,4.731883858857572,4.746129765777178,4.77182175683396,4.781585373189907
1.6581371177930584,0.8446970315607802,0.4242865483796141,4.731695546357266,4.7446331657747365,4.770614219330984,4.780351998192883
1.6581371177930584,0.8447321884356278,0.42429473262964457,4.731883858857572,4.746784528278247,4.7727506318362485,4.7826289981873895
1.6581371177930584,0.8447321884356278,0.4242865483796141,4.7317897026074185,4.7446331657747365,4.770614219330984,4.780446873192654
1.6581371177930584,0.8446618746859329,0.4242906405046294,4.7317897026074185,4.745849153276721,4.771914644334188,4.7818699981892205
1.6580309365426005,0.8446970315607802,0.42429882475465985,4.7317897026074185,4.7427624157716854,4.768570694325948,4.778549373197231
1.6580840271678294,0.8446618746859329,0.42430291687967514,4.7317897026074185,4.746036228277026,4.772007531834417,4.781964873188992
1.6580840271678294,0.8447321884356278,0.42429473262964457,4.731507233856961,4.745662078276416,4.772007531834417,4.781680248189678
1.6579778459173715,0.8447321884356278,0.42429882475465985,4.7317897026074185,4.745942690776873,4.772007531834417,4.781964873188992
1.6580232138467956,0.8446970315607802,0.4242865483796141,4.731883858857572,4.745849153276721,4.771914644334188,4.781490498190136
1.6580763044720244,0.8446267178110856,0.4243111011297056,4.7317897026074185,4.745942690776873,4.771543094333273,4.7818699981892205
1.6580763044720244,0.8447673453104751,0.4242906405046294,4.732072171357877,4.745568540776263,4.77182175683396,4.781680248189678
1.6581902084182873,0.8447321884356278,0.4242906405046294,4.731978015107725,4.746597453277941,4.772843519336478,4.7826289981873895
1.6580840271678294,0.8446618746859329,0.4242865483796141,4.731978015107725,4.745849153276721,4.771914644334188,4.781964873188992
1.6579778459173715,0.8446267178110856,0.4242865483796141,4.731978015107725,4.746223303277331,4.772100419334646,4.781585373189907
1.6580309365426005,0.8446618746859329,0.4242906405046294,4.731883858857572,4.745942690776873,4.772007531834417,4.781775123189449
1.6580154911509906,0.8446970315607802,0.4242865483796141,4.7317897026074185,4.745662078276416,4.771914644334188,4.781680248189678
1.6581216724014483,0.8446970315607802,0.42429473262964457,4.732072171357877,4.745849153276721,4.771914644334188,4.781585373189907
1.6581216724014483,0.8446618746859329,0.4242906405046294,4.732166327608029,4.746036228277026,4.771914644334188,4.781680248189678
1.6580154911509906,0.8448025021853225,0.42429473262964457,4.731978015107725,4.745662078276416,4.771357319332815,4.781680248189678
1.6579093099005329,0.8446970315607802,0.42429473262964457,4.731695546357266,4.746129765777178,4.772007531834417,4.781775123189449
1.6580309365426005,0.8447673453104751,0.42429473262964457,4.7317897026074185,4.746223303277331,4.772100419334646,4.781964873188992
1.6579247552921428,0.8446970315607802,0.42430291687967514,4.731883858857572,4.745849153276721,4.772100419334646,4.7818699981892205
1.6581371177930584,0.8446970315607802,0.42429882475465985,4.7317897026074185,4.746036228277026,4.772100419334646,4.7818699981892205
1.6579778459173715,0.8446618746859329,0.4242906405046294,4.7317897026074185,4.746410378277636,4.772007531834417,4.7818699981892205
1.6581371177930584,0.8447399111314327,0.4242906405046294,4.731978015107725,4.745942690776873,4.77182175683396,4.781490498190136
1.6581371177930584,0.8447399111314327,0.42430291687967514,4.7317897026074185,4.7451008532755,4.771450206833044,4.781205873190823
1.6580840271678294,0.8447399111314327,0.4242906405046294,4.731978015107725,4.745755615776568,4.771914644334188,4.781680248189678
1.6580309365426005,0.844669597381738,0.42429882475465985,4.7317897026074185,4.746036228277026,4.772100419334646,4.781680248189678
1.6581371177930584,0.8447750680062802,0.42429473262964457,4.732072171357877,4.745849153276721,4.77182175683396,4.781680248189678
1.6580309365426005,0.844669597381738,0.4242906405046294,4.731883858857572,4.746597453277941,4.772657744336019,4.782439248187847
1.6580309365426005,0.8447399111314327,0.4242906405046294,4.731978015107725,4.745662078276416,4.771543094333273,4.781585373189907
1.8701375811048184,0.9496796189025228,0.4473182607840326,5.317664424269805,5.323743756179188,5.337699735605465,5.372268266370346
1.8702514850510812,0.9496718962067179,0.4473195570772976,5.31785273677011,5.323369606178577,5.337606848105237,5.372173391370575
1.8702061171216573,0.9497070530815652,0.4473236492023128,5.317758580519957,5.323650218679035,5.3380712856063814,5.372268266370346
1.8702061171216573,0.9496367393318703,0.4473277413273281,5.31785273677011,5.323556681178882,5.337699735605465,5.371888766371262
1.8703122983721152,0.9496290166360655,0.4473182607840326,5.317570268019653,5.323650218679035,5.337978398106152,5.371888766371262
1.8700999358711996,0.9496718962067179,0.4473264450340631,5.317758580519957,5.323650218679035,5.337885510605924,5.372078516370804
1.8700922131753948,0.9496796189025228,0.4473141686590173,5.3173819555193464,5.323369606178577,5.337978398106152,5.372173391370575
1.8700844904795897,0.9496599074192854,0.4473223529090478,5.317758580519957,5.323556681178882,5.3377926231056945,5.372078516370804
1.8700767677837846,0.9496599074192854,0.44733053715907833,5.3174761117694995,5.322901918677815,5.336956635603634,5.371129766373093
1.8700236771585557,0.9497653780438277,0.4473141686590173,5.317664424269805,5.323556681178882,5.3380712856063814,5.371888766371262
1.8699628638375216,0.9497379438647852,0.4473264450340631,5.317570268019653,5.3238372936793406,5.337606848105237,5.372268266370346
1.8698566825870642,0.9495895936695906,0.44733053715907833,5.317664424269805,5.323743756179188,5.337606848105237,5.372268266370346
1.8701298584090136,0.9497302211689802,0.4473182607840326,5.31785273677011,5.324304981180104,5.338721498107983,5.372647766369431
1.8701375811048184,0.949624750544438,0.4473264450340631,5.317758580519957,5.323650218679035,5.337606848105237,5.371888766371262
1.8701453038006235,0.9497302211689802,0.4473141686590173,5.317570268019653,5.324492056180409,5.33900016060867,5.373122141368286
1.8702061171216573,0.9496599074192854,0.4473264450340631,5.317758580519957,5.3243985186802565,5.3386286106077545,5.372932391368744
1.8700999358711996,0.9496873415983278,0.44733053715907833,5.317758580519957,5.324304981180104,5.3386286106077545,5.373027266368515
1.8701530264964283,0.9497224984731751,0.4473223529090478,5.3173819555193464,5.323743756179188,5.337885510605924,5.371888766371262
1.8701530264964283,0.9497302211689802,0.4473223529090478,5.317758580519957,5.323556681178882,5.337699735605465,5.372173391370575
1.8700922131753948,0.9497302211689802,0.4473264450340631,5.317758580519957,5.323556681178882,5.3377926231056945,5.371983641371033
1.8699860319249368,0.9497302211689802,0.4473264450340631,5.317758580519957,5.323369606178577,5.3377926231056945,5.372173391370575
1.8700922131753948,0.9496599074192854,0.4473264450340631,5.317664424269805,5.323369606178577,5.337606848105237,5.372268266370346
1.8701983944258525,0.9496676301150904,0.4473141686590173,5.317664424269805,5.323650218679035,5.3377926231056945,5.371888766371262
1.8700922131753948,0.9497731007396326,0.4473141686590173,5.31785273677011,5.324866206181019,5.3389072731084415,5.3732170163680575
1.8701453038006235,0.9497302211689802,0.4473264450340631,5.317758580519957,5.323650218679035,5.3377926231056945,5.371888766371262
1.8699783092291318,0.9497224984731751,0.4473141686590173,5.317946893020263,5.3245855936805615,5.338257060606839,5.372932391368744
1.8699783092291318,0.9496170278486329,0.4473346292840936,5.317664424269805,5.324024368679646,5.338442835607297,5.3724580163698885
1.8701298584090136,0.9495895936695906,0.4473223529090478,5.317570268019653,5.323743756179188,5.3377926231056945,5.372078516370804
1.8700767677837846,0.949624750544438,0.4473223529090478,5.317758580519957,5.323276068678425,5.337606848105237,5.371793891371491
1.8700922131753948,0.9497302211689802,0.4473223529090478,5.317664424269805,5.323182531178272,5.337421073104779,5.371888766371262
1.8700391225501658,0.9495895936695906,0.44733053715907833,5.317758580519957,5.323276068678425,5.3377926231056945,5.371983641371033
1.8701530264964283,0.9496599074192854,0.4473264450340631,5.317664424269805,5.323556681178882,5.3377926231056945,5.372078516370804
1.8702592077468863,0.9496599074192854,0.4473346292840936,5.3174761117694995,5.323556681178882,5.3377926231056945,5.372268266370346
1.8701607491922334,0.9496599074192854,0.4473182607840326,5.317570268019653,5.323650218679035,5.337885510605924,5.372173391370575
1.8700545679417757,0.9496599074192854,0.44733053715907833,5.31785273677011,5.323650218679035,5.3377926231056945,5.372268266370346
1.8700999358711996,0.9496599074192854,0.4473264450340631,5.3174761117694995,5.3249597436811715,5.338814385608212,5.3734067663676
1.8701453038006235,0.9497302211689802,0.4473182607840326,5.317758580519957,5.323650218679035,5.337606848105237,5.372173391370575
1.8699783092291318,0.9497653780438277,0.4473264450340631,5.317570268019653,5.323650218679035,5.337978398106152,5.371983641371033
1.8700844904795897,0.9496599074192854,0.44733053715907833,5.317946893020263,5.323743756179188,5.337978398106152,5.372268266370346
1.8699783092291318,0.9497302211689802,0.4473182607840326,5.317664424269805,5.324492056180409,5.338721498107983,5.372837516368973
1.869872127978674,0.9495895936695906,0.4473264450340631,5.3174761117694995,5.323743756179188,5.337885510605924,5.372078516370804
1.8698644052828692,0.9496950642941329,0.4473182607840326,5.317570268019653,5.323650218679035,5.337885510605924,5.372078516370804
1.8700844904795897,0.9496324732402429,0.4473223529090478,5.317758580519957,5.323556681178882,5.337606848105237,5.372268266370346
1.8699860319249368,0.9496676301150904,0.44733872140910885,5.317758580519957,5.322808381177662,5.336585085602719,5.371414391372406
1.8700999358711996,0.9496753528108954,0.4473223529090478,5.317758580519957,5.32308899367812,5.337049523103864,5.371414391372406
1.869940663995513,0.9496753528108954,0.44733053715907833,5.317758580519957,5.323743756179188,5.337885510605924,5.372078516370804
1.8700999358711996,0.9496753528108954,0.44733053715907833,5.317664424269805,5.3238372936793406,5.3377926231056945,5.372268266370346
1.8700545679417757,0.9497808234354377,0.4473264450340631,5.31785273677011,5.323650218679035,5.337606848105237,5.371983641371033
1.8702592077468863,0.9497456665605901,0.4473264450340631,5.317664424269805,5.323743756179188,5.3377926231056945,5.372078516370804
1.8700999358711996,0.9497456665605901,0.44733053715907833,5.317758580519957,5.323556681178882,5.337699735605465,5.372173391370575
1.8700922131753948,0.9497379438647852,0.4473264450340631,5.317758580519957,5.323556681178882,5.337699735605465,5.372078516370804
1.8700844904795897,0.9497379438647852,0.44733053715907833,5.317758580519957,5.324304981180104,5.338535723107526,5.372647766369431
1.8699252186039028,0.9496753528108954,0.44733053715907833,5.317664424269805,5.323743756179188,5.3377926231056945,5.372078516370804
1.8700767677837846,0.9497808234354377,0.4473346292840936,5.317664424269805,5.323743756179188,5.3380712856063814,5.372268266370346
1.8700767677837846,0.9497105096857428,0.4473264450340631,5.317758580519957,5.32346314367873,5.3377926231056945,5.372268266370346
1.8699705865333267,0.9497027869899378,0.4473223529090478,5.317664424269805,5.322527768677205,5.3366779731029474,5.371319516372635
1.869872127978674,0.9496676301150904,0.4473223529090478,5.317664424269805,5.323650218679035,5.337978398106152,5.372078516370804
1.8700313998543607,0.9497808234354377,0.4473264450340631,5.317664424269805,5.322060081176441,5.335934873101117,5.370370766374924
1.8701453038006235,0.9497105096857428,0.44733053715907833,5.317758580519957,5.323369606178577,5.3380712856063814,5.371888766371262
1.8699860319249368,0.9496830755067004,0.44733053715907833,5.317570268019653,5.323556681178882,5.3377926231056945,5.371888766371262
1.8700922131753948,0.9497182323815478,0.4473264450340631,5.317570268019653,5.323369606178577,5.337235298104321,5.371509266372177
1.8701983944258525,0.94982370300609,0.4473346292840936,5.317664424269805,5.324679131180714,5.3389072731084415,5.373122141368286
1.8702514850510812,0.9496830755067004,0.44733872140910885,5.317664424269805,5.3238372936793406,5.337699735605465,5.371888766371262
1.8699860319249368,0.9496830755067004,0.4473223529090478,5.31785273677011,5.3238372936793406,5.3377926231056945,5.372268266370346
1.8700468452459709,0.9497885461312426,0.4473290376205931,5.317664424269805,5.323743756179188,5.3377926231056945,5.372173391370575
1.8700391225501658,0.9497182323815478,0.4473290376205931,5.317570268019653,5.323650218679035,5.337885510605924,5.372363141370117
1.8698798506744791,0.9497182323815478,0.4473290376205931,5.317758580519957,5.322808381177662,5.336956635603634,5.371509266372177
1.8700313998543607,0.9497456665605901,0.4473290376205931,5.317570268019653,5.32346314367873,5.337699735605465,5.372268266370346
1.869872127978674,0.9496753528108954,0.44733312974560835,5.3181352055205675,5.3238372936793406,5.337978398106152,5.372173391370575
1.8699783092291318,0.9497808234354377,0.44733312974560835,5.3173819555193464,5.323650218679035,5.3377926231056945,5.371983641371033
1.8698644052828692,0.9497182323815478,0.4473290376205931,5.317664424269805,5.32308899367812,5.337049523103864,5.371509266372177
1.8699783092291318,0.9496830755067004,0.4473208533705626,5.317758580519957,5.323743756179188,5.3377926231056945,5.372173391370575
1.8699783092291318,0.9497182323815478,0.44732494549557783,5.317758580519957,5.323743756179188,5.337606848105237,5.372078516370804
1.8700922131753948,0.9497182323815478,0.44733312974560835,5.31785273677011,5.3238372936793406,5.337978398106152,5.372173391370575
1.8701453038006235,0.9497533892563952,0.4473290376205931,5.317758580519957,5.323743756179188,5.337885510605924,5.372173391370575
1.8700014773165468,0.9496907982025053,0.4473290376205931,5.3174761117694995,5.324117906179798,5.3383499481070675,5.372742641369202
1.8700545679417757,0.9497259550773529,0.44733312974560835,5.317758580519957,5.324492056180409,5.338442835607297,5.373027266368515
1.8700468452459709,0.9496830755067004,0.4473290376205931,5.317570268019653,5.323930831179493,5.3383499481070675,5.37255289136966
1.8700468452459709,0.9497885461312426,0.44732494549557783,5.317758580519957,5.323650218679035,5.3377926231056945,5.372268266370346
1.8700999358711996,0.9497885461312426,0.44733722187062364,5.317664424269805,5.323556681178882,5.337699735605465,5.371983641371033
1.8700391225501658,0.9497533892563952,0.4473290376205931,5.317570268019653,5.324492056180409,5.33900016060867,5.372837516368973
1.8699329412997079,0.9497533892563952,0.4473290376205931,5.31785273677011,5.323650218679035,5.337699735605465,5.372078516370804
1.8698267600492504,0.9495776048821581,0.44734131399563887,5.317664424269805,5.324866206181019,5.338814385608212,5.373501641367371
1.8699860319249368,0.9497182323815478,0.4473290376205931,5.317758580519957,5.323182531178272,5.337142410604093,5.371509266372177
1.8698798506744791,0.9497182323815478,0.44733312974560835,5.317758580519957,5.323650218679035,5.337699735605465,5.372173391370575
1.8700391225501658,0.9496830755067004,0.44734540612065415,5.317758580519957,5.323650218679035,5.3377926231056945,5.372173391370575
1.8699252186039028,0.9496204844528107,0.44733312974560835,5.317758580519957,5.323743756179188,5.3377926231056945,5.372363141370117
1.8700313998543607,0.9497259550773529,0.44732494549557783,5.317570268019653,5.322247156176747,5.336120648101575,5.370750266374008
1.8700844904795897,0.9497259550773529,0.44732494549557783,5.317664424269805,5.323743756179188,5.3377926231056945,5.372173391370575
1.8700844904795897,0.9497259550773529,0.44733312974560835,5.317664424269805,5.323930831179493,5.337885510605924,5.372173391370575
1.8701453038006235,0.9497259550773529,0.44733312974560835,5.317664424269805,5.323556681178882,5.337699735605465,5.372173391370575
1.8701453038006235,0.9497259550773529,0.44733722187062364,5.317664424269805,5.323369606178577,5.337606848105237,5.372173391370575
1.8700391225501658,0.9497962688270476,0.4473208533705626,5.3174761117694995,5.3242114436799515,5.3383499481070675,5.372647766369431
1.8699860319249368,0.9496985208983104,0.44733312974560835,5.317570268019653,5.3238372936793406,5.337885510605924,5.372078516370804
1.8700391225501658,0.9497259550773529,0.44732494549557783,5.317758580519957,5.3245855936805615,5.338535723107526,5.373027266368515
1.869993754620742,0.9497611119522003,0.44733722187062364,5.317570268019653,5.323556681178882,5.337978398106152,5.372173391370575
1.869993754620742,0.9497611119522003,0.44732494549557783,5.317570268019653,5.322247156176747,5.336213535601804,5.370370766374924
1.8700391225501658,0.9496282071486156,0.44733722187062364,5.317570268019653,5.32346314367873,5.3377926231056945,5.372173391370575
1.869872127978674,0.9496985208983104,0.44734131399563887,5.317570268019653,5.323743756179188,5.3377926231056945,5.371888766371262
1.8699783092291318,0.9497062435941154,0.4473290376205931,5.317570268019653,5.323743756179188,5.337699735605465,5.372363141370117
1.8699783092291318,0.9497414004689628,0.44733312974560835,5.317758580519957,5.322060081176441,5.336120648101575,5.370370766374924
1.8699705865333267,0.9497062435941154,0.44733312974560835,5.317758580519957,5.323182531178272,5.337421073104779,5.3716990163717195
1.8699860319249368,0.9498194369144626,0.4473167612455473,5.317570268019653,5.324679131180714,5.3389072731084415,5.373027266368515
1.8700391225501658,0.9497842800396152,0.4473290376205931,5.317664424269805,5.323556681178882,5.3377926231056945,5.372268266370346
1.8700468452459709,0.9497842800396152,0.4473290376205931,5.317664424269805,5.323650218679035,5.337885510605924,5.372268266370346
1.869940663995513,0.9497491231647679,0.4473290376205931,5.317758580519957,5.323650218679035,5.337699735605465,5.372173391370575
1.8700014773165468,0.9497842800396152,0.4473290376205931,5.317664424269805,5.323743756179188,5.337606848105237,5.371888766371262
1.8700014773165468,0.9496710867192679,0.44733722187062364,5.317664424269805,5.323743756179188,5.337978398106152,5.372173391370575
1.8700999358711996,0.9497765573438102,0.44732494549557783,5.317758580519957,5.323556681178882,5.337699735605465,5.372268266370346
1.869940663995513,0.9497062435941154,0.4473290376205931,5.317570268019653,5.3238372936793406,5.337978398106152,5.372173391370575
1.8700391225501658,0.9497062435941154,0.4473290376205931,5.317570268019653,5.3238372936793406,5.3380712856063814,5.371888766371262
1.8701453038006235,0.9497765573438102,0.44733722187062364,5.317946893020263,5.323650218679035,5.337699735605465,5.372173391370575
1.8699860319249368,0.9497414004689628,0.44733722187062364,5.317664424269805,5.323650218679035,5.337606848105237,5.372173391370575
1.8699860319249368,0.9497765573438102,0.4473290376205931,5.317570268019653,5.323556681178882,5.337421073104779,5.371793891371491
1.8700391225501658,0.9497414004689628,0.44732494549557783,5.317664424269805,5.3238372936793406,5.337978398106152,5.372268266370346
1.869872127978674,0.9497062435941154,0.44733722187062364,5.317758580519957,5.323743756179188,5.3377926231056945,5.372363141370117
1.8699783092291318,0.9497765573438102,0.4473290376205931,5.317570268019653,5.323556681178882,5.3377926231056945,5.371983641371033
1.8700313998543607,0.9497414004689628,0.44734131399563887,5.317570268019653,5.3238372936793406,5.337978398106152,5.372173391370575
1.8699860319249368,0.9497765573438102,0.44733722187062364,5.317758580519957,5.323276068678425,5.337421073104779,5.371888766371262
1.8699860319249368,0.949846871093505,0.44734131399563887,5.317758580519957,5.3242114436799515,5.3383499481070675,5.3724580163698885
1.8699860319249368,0.9497062435941154,0.44734131399563887,5.317758580519957,5.323743756179188,5.337978398106152,5.372173391370575
1.8700391225501658,0.9497062435941154,0.44734540612065415,5.317758580519957,5.3238372936793406,5.3377926231056945,5.372268266370346
1.8698798506744791,0.9497062435941154,0.44733312974560835,5.317758580519957,5.3238372936793406,5.3380712856063814,5.371983641371033
1.8700922131753948,0.9497062435941154,0.44733592557735863,5.317758580519957,5.3247726686808665,5.3389072731084415,5.373122141368286
1.869887573370284,0.9497414004689628,0.44734001770237386,5.317570268019653,5.324117906179798,5.338164173106611,5.3724580163698885
1.8700999358711996,0.9497414004689628,0.4473236492023128,5.317664424269805,5.3238372936793406,5.337699735605465,5.371983641371033
1.869993754620742,0.9497414004689628,0.44733183345234334,5.317946893020263,5.323743756179188,5.337699735605465,5.371888766371262
1.8699860319249368,0.9497491231647679,0.44733183345234334,5.317570268019653,5.3247726686808665,5.3389072731084415,5.3734067663676
1.8698798506744791,0.9497139662899203,0.4473277413273281,5.317758580519957,5.3238372936793406,5.337978398106152,5.372078516370804
1.8700391225501658,0.9497491231647679,0.44733592557735863,5.317758580519957,5.323556681178882,5.337421073104779,5.372173391370575
1.8699329412997079,0.9497842800396152,0.44733183345234334,5.317570268019653,5.323650218679035,5.3380712856063814,5.372268266370346
1.8700391225501658,0.9496436525402256,0.44733183345234334,5.317664424269805,5.3238372936793406,5.337513960605008,5.372363141370117
1.8699783092291318,0.9497139662899203,0.44733183345234334,5.317664424269805,5.323650218679035,5.3377926231056945,5.372268266370346
1.8699860319249368,0.9497491231647679,0.44733183345234334,5.31785273677011,5.323930831179493,5.337699735605465,5.372173391370575
1.8699860319249368,0.9497139662899203,0.4473277413273281,5.317758580519957,5.323369606178577,5.337606848105237,5.371793891371491
1.8700468452459709,0.9496436525402256,0.44733183345234334,5.317758580519957,5.323182531178272,5.337513960605008,5.371414391372406
1.869993754620742,0.949678809415073,0.44733183345234334,5.317570268019653,5.323743756179188,5.3377926231056945,5.371888766371262
1.8700545679417757,0.9497139662899203,0.44733183345234334,5.317570268019653,5.323556681178882,5.3377926231056945,5.372363141370117
1.8701076585670044,0.9497491231647679,0.44733592557735863,5.317758580519957,5.3238372936793406,5.337885510605924,5.371888766371262
1.869940663995513,0.9497216889857254,0.4473482019524044,5.317570268019653,5.3238372936793406,5.3377926231056945,5.372078516370804
1.8700468452459709,0.9497920027354202,0.4473236492023128,5.317664424269805,5.323743756179188,5.337978398106152,5.372173391370575
1.8700391225501658,0.9497920027354202,0.4473277413273281,5.317664424269805,5.3247726686808665,5.3389072731084415,5.3734067663676
1.8698798506744791,0.9497920027354202,0.44734001770237386,5.3173819555193464,5.324304981180104,5.3383499481070675,5.372647766369431
1.8699329412997079,0.9497568458605729,0.4473236492023128,5.317570268019653,5.324117906179798,5.338257060606839,5.372837516368973
1.8698798506744791,0.9497216889857254,0.44734410982738915,5.3173819555193464,5.323556681178882,5.337978398106152,5.371888766371262
1.8698798506744791,0.9497216889857254,0.4473236492023128,5.317664424269805,5.323930831179493,5.338164173106611,5.372078516370804
1.8699783092291318,0.9497568458605729,0.44733183345234334,5.317287799269194,5.322247156176747,5.336213535601804,5.370845141373779
1.8699252186039028,0.9497568458605729,0.4473277413273281,5.317664424269805,5.324304981180104,5.338535723107526,5.372647766369431
1.8698798506744791,0.9497568458605729,0.4473277413273281,5.317758580519957,5.323556681178882,5.337885510605924,5.372173391370575
1.8700922131753948,0.9498271596102676,0.44733183345234334,5.31785273677011,5.323650218679035,5.337699735605465,5.372078516370804
1.8699860319249368,0.9497920027354202,0.4473236492023128,5.317664424269805,5.323650218679035,5.337513960605008,5.371888766371262
1.8698798506744791,0.9497568458605729,0.44733592557735863,5.317758580519957,5.323650218679035,5.337699735605465,5.372173391370575
1.8699860319249368,0.9497216889857254,0.4473482019524044,5.317664424269805,5.323650218679035,5.337606848105237,5.371888766371262
1.8698798506744791,0.9497568458605729,0.44734410982738915,5.317758580519957,5.323556681178882,5.337606848105237,5.371888766371262
1.869887573370284,0.9497920027354202,0.44734001770237386,5.317664424269805,5.323743756179188,5.3377926231056945,5.371888766371262
1.8698344827450553,0.9496162183611832,0.44734410982738915,5.3174761117694995,5.323650218679035,5.337606848105237,5.372268266370346
1.869993754620742,0.9497920027354202,0.44733592557735863,5.317758580519957,5.324492056180409,5.338442835607297,5.372647766369431
1.8697659467282164,0.949862316485115,0.4473236492023128,5.317664424269805,5.3243985186802565,5.338442835607297,5.372647766369431
1.8699860319249368,0.9497920027354202,0.4473236492023128,5.317758580519957,5.323743756179188,5.3377926231056945,5.371888766371262
1.8699329412997079,0.9497294116815305,0.4473236492023128,5.3174761117694995,5.324024368679646,5.338257060606839,5.372363141370117
1.8699860319249368,0.9497997254312252,0.4473277413273281,5.317664424269805,5.323650218679035,5.3377926231056945,5.372268266370346
1.8699252186039028,0.9497645685563778,0.44733183345234334,5.317758580519957,5.323650218679035,5.3377926231056945,5.372173391370575
1.8699783092291318,0.9497997254312252,0.4473277413273281,5.317664424269805,5.323650218679035,5.337699735605465,5.372173391370575
1.8699783092291318,0.9497645685563778,0.44734001770237386,5.317758580519957,5.323369606178577,5.337421073104779,5.3716990163717195
1.8699860319249368,0.9496590979318356,0.44733183345234334,5.317758580519957,5.323556681178882,5.337421073104779,5.3716990163717195
1.8700922131753948,0.9497645685563778,0.4473482019524044,5.317758580519957,5.324492056180409,5.3386286106077545,5.373027266368515
1.8699860319249368,0.9496590979318356,0.44733592557735863,5.317946893020263,5.3238372936793406,5.337699735605465,5.372078516370804
1.8701453038006235,0.9497294116815305,0.44734001770237386,5.317758580519957,5.323556681178882,5.337699735605465,5.372268266370346
1.8698798506744791,0.9497997254312252,0.44733592557735863,5.317946893020263,5.323369606178577,5.337699735605465,5.371793891371491
1.8700468452459709,0.9496942548066829,0.4473277413273281,5.317758580519957,5.32346314367873,5.3377926231056945,5.371888766371262
1.869993754620742,0.9497997254312252,0.44733183345234334,5.317758580519957,5.325053281181324,5.339093048108898,5.373501641367371
1.8698267600492504,0.9497997254312252,0.4473236492023128,5.317664424269805,5.323556681178882,5.337978398106152,5.372078516370804
1.8698798506744791,0.9498700391809201,0.44733183345234334,5.317570268019653,5.3238372936793406,5.338164173106611,5.372078516370804
1.8698798506744791,0.9497294116815305,0.44734001770237386,5.317570268019653,5.323743756179188,5.3377926231056945,5.372363141370117
1.8700391225501658,0.9497371343773353,0.4473277413273281,5.317570268019653,5.323930831179493,5.337978398106152,5.372363141370117
1.869872127978674,0.9497800139479878,0.4473277413273281,5.317758580519957,5.323743756179188,5.337885510605924,5.372268266370346
1.8699252186039028,0.9497800139479878,0.44733592557735863,5.31785273677011,5.323743756179188,5.337699735605465,5.371888766371262
1.869872127978674,0.9497448570731404,0.44733183345234334,5.317664424269805,5.323650218679035,5.337421073104779,5.372078516370804
1.8699329412997079,0.9497448570731404,0.4473236492023128,5.317664424269805,5.323743756179188,5.3377926231056945,5.372078516370804
1.8699329412997079,0.9497448570731404,0.4473236492023128,5.317570268019653,5.322247156176747,5.335841985600888,5.370560516374466
1.8699329412997079,0.9497448570731404,0.44733592557735863,5.3174761117694995,5.323276068678425,5.337235298104321,5.371509266372177
1.8698798506744791,0.9497800139479878,0.4473277413273281,5.317570268019653,5.323650218679035,5.337699735605465,5.371888766371262
1.8699860319249368,0.9497097001982929,0.44733183345234334,5.317664424269805,5.323650218679035,5.337606848105237,5.372078516370804
1.8699860319249368,0.9497800139479878,0.4473277413273281,5.31785273677011,5.323650218679035,5.3377926231056945,5.372078516370804
1.869993754620742,0.9497800139479878,0.44734001770237386,5.317570268019653,5.3238372936793406,5.337978398106152,5.3724580163698885
1.869993754620742,0.94988548457253,0.44733183345234334,5.317570268019653,5.323650218679035,5.337606848105237,5.372078516370804
1.869993754620742,0.9497722912521829,0.44733592557735863,5.317664424269805,5.323930831179493,5.337699735605465,5.371983641371033
1.869993754620742,0.949701977502488,0.44734001770237386,5.317946893020263,5.323369606178577,5.337606848105237,5.372078516370804
1.869940663995513,0.9497722912521829,0.4473482019524044,5.317570268019653,5.323743756179188,5.337699735605465,5.372078516370804
1.8698798506744791,0.9497371343773353,0.44733183345234334,5.317664424269805,5.323743756179188,5.3380712856063814,5.372268266370346
1.8699860319249368,0.9497371343773353,0.44734001770237386,5.3174761117694995,5.323650218679035,5.3380712856063814,5.371888766371262
1.8700313998543607,0.9498426050018776,0.4473277413273281,5.317946893020263,5.323743756179188,5.3377926231056945,5.372173391370575
1.8699783092291318,0.9497722912521829,0.44733183345234334,5.317758580519957,5.3238372936793406,5.337606848105237,5.371888766371262
1.8699783092291318,0.949701977502488,0.44733183345234334,5.317758580519957,5.323650218679035,5.337885510605924,5.372078516370804
1.8698798506744791,0.9497722912521829,0.44734001770237386,5.317758580519957,5.323743756179188,5.3377926231056945,5.372268266370346
1.8699329412997079,0.9498074481270302,0.4473277413273281,5.3174761117694995,5.323650218679035,5.337885510605924,5.372268266370346
1.8699329412997079,0.9498777618767249,0.44733183345234334,5.317664424269805,5.323650218679035,5.337699735605465,5.371888766371262
1.8700922131753948,0.9497722912521829,0.44733592557735863,5.317570268019653,5.323743756179188,5.337606848105237,5.372078516370804
1.8700391225501658,0.9496668206276406,0.44734410982738915,5.317758580519957,5.323743756179188,5.337606848105237,5.372173391370575
1.869993754620742,0.9497722912521829,0.44733592557735863,5.317664424269805,5.323930831179493,5.337606848105237,5.372363141370117
1.8700999358711996,0.9498074481270302,0.4473277413273281,5.317664424269805,5.323743756179188,5.337606848105237,5.372078516370804
1.869887573370284,0.9497800139479878,0.44733592557735863,5.317758580519957,5.323650218679035,5.337699735605465,5.372173391370575
1.8698798506744791,0.9497800139479878,0.44733183345234334,5.317570268019653,5.323276068678425,5.337421073104779,5.371793891371491
1.869872127978674,0.9497448570731404,0.44733183345234334,5.317758580519957,5.323369606178577,5.337513960605008,5.3716990163717195
1.869872127978674,0.94988548457253,0.4473482019524044,5.317664424269805,5.324304981180104,5.3383499481070675,5.372647766369431
1.8700844904795897,0.9498151708228352,0.44733592557735863,5.31785273677011,5.32346314367873,5.337421073104779,5.371793891371491
1.8699252186039028,0.9497800139479878,0.44733183345234334,5.317664424269805,5.323650218679035,5.337699735605465,5.371983641371033
1.8699783092291318,0.9497800139479878,0.44734001770237386,5.317664424269805,5.323743756179188,5.3380712856063814,5.372173391370575
1.8699329412997079,0.9498151708228352,0.44733183345234334,5.31785273677011,5.323743756179188,5.337699735605465,5.371888766371262
1.8699860319249368,0.9498151708228352,0.44734410982738915,5.317758580519957,5.3238372936793406,5.337699735605465,5.372173391370575
1.8700922131753948,0.9497800139479878,0.4473277413273281,5.317664424269805,5.323743756179188,5.3377926231056945,5.372363141370117
1.8699329412997079,0.9497800139479878,0.44733592557735863,5.317570268019653,5.322995456177967,5.336863748103406,5.371224641372864
1.8700391225501658,0.9497448570731404,0.44733592557735863,5.317570268019653,5.323743756179188,5.337978398106152,5.372268266370346
1.869940663995513,0.9498151708228352,0.44734001770237386,5.3173819555193464,5.323650218679035,5.337978398106152,5.372268266370346
1.8700999358711996,0.9498151708228352,0.4473277413273281,5.317758580519957,5.323650218679035,5.3377926231056945,5.372363141370117
1.869993754620742,0.9498151708228352,0.4473277413273281,5.3173819555193464,5.323650218679035,5.337978398106152,5.372078516370804
1.869887573370284,0.9497800139479878,0.44733592557735863,5.317758580519957,5.323556681178882,5.3377926231056945,5.371888766371262
1.869993754620742,0.9498151708228352,0.4473482019524044,5.3174761117694995,5.323743756179188,5.337885510605924,5.372173391370575
1.8697283014945976,0.9498151708228352,0.44734001770237386,5.317758580519957,5.323743756179188,5.3377926231056945,5.372078516370804
1.869887573370284,0.9497448570731404,0.44733183345234334,5.317570268019653,5.3238372936793406,5.3380712856063814,5.372173391370575
1.8700999358711996,0.9497800139479878,0.4473236492023128,5.317758580519957,5.323556681178882,5.3377926231056945,5.372078516370804
1.869940663995513,0.9497097001982929,0.44734001770237386,5.317664424269805,5.323556681178882,5.3377926231056945,5.372078516370804
1.869887573370284,0.9498228935186401,0.44734410982738915,5.317570268019653,5.323650218679035,5.3377926231056945,5.372173391370575
1.8700468452459709,0.9497525797689454,0.44734001770237386,5.317664424269805,5.32346314367873,5.337606848105237,5.372078516370804
1.8698798506744791,0.9497877366437928,0.44733592557735863,5.317570268019653,5.323556681178882,5.337606848105237,5.3716990163717195
1.8698267600492504,0.9498228935186401,0.44733183345234334,5.31785273677011,5.323930831179493,5.337978398106152,5.3724580163698885
1.8699860319249368,0.9497174228940979,0.4473482019524044,5.317664424269805,5.323650218679035,5.3380712856063814,5.372363141370117
1.8700391225501658,0.9498306162144452,0.4473277413273281,5.31785273677011,5.323743756179188,5.337978398106152,5.372268266370346
1.8700391225501658,0.9497954593395979,0.44734001770237386,5.317664424269805,5.323743756179188,5.337978398106152,5.372173391370575
1.8700999358711996,0.9497603024647504,0.4473277413273281,5.3174761117694995,5.323743756179188,5.3377926231056945,5.372078516370804
1.8700999358711996,0.9498228935186401,0.4473277413273281,5.31785273677011,5.323743756179188,5.337699735605465,5.371983641371033
1.869940663995513,0.9498580503934877,0.4473277413273281,5.317570268019653,5.323743756179188,5.3380712856063814,5.372173391370575
1.869887573370284,0.9498228935186401,0.44733183345234334,5.317758580519957,5.323743756179188,5.337699735605465,5.372078516370804
1.869940663995513,0.9497877366437928,0.44733592557735863,5.317570268019653,5.323743756179188,5.3377926231056945,5.371983641371033
1.8700313998543607,0.9497525797689454,0.44733592557735863,5.317664424269805,5.323650218679035,5.337978398106152,5.371983641371033
1.8699252186039028,0.9497877366437928,0.4473277413273281,5.317664424269805,5.323743756179188,5.337606848105237,5.372173391370575
1.8698190373534453,0.9498228935186401,0.44734001770237386,5.317664424269805,5.323369606178577,5.3377926231056945,5.372078516370804
1.8699783092291318,0.9497525797689454,0.4473277413273281,5.317664424269805,5.323650218679035,5.337606848105237,5.372173391370575
1.869940663995513,0.949893207268335,0.44734410982738915,5.317664424269805,5.3238372936793406,5.3380712856063814,5.371888766371262
1.8699329412997079,0.9498228935186401,0.44733183345234334,5.317758580519957,5.323743756179188,5.3377926231056945,5.372363141370117
1.8699329412997079,0.9497877366437928,0.44734001770237386,5.317758580519957,5.323650218679035,5.3377926231056945,5.372363141370117
1.8699860319249368,0.949893207268335,0.44734001770237386,5.317664424269805,5.323743756179188,5.3377926231056945,5.371793891371491
1.869887573370284,0.9497174228940979,0.44733183345234334,5.317758580519957,5.323930831179493,5.3377926231056945,5.372268266370346
1.8698344827450553,0.9497603024647504,0.44734410982738915,5.317758580519957,5.324024368679646,5.338164173106611,5.372647766369431
1.869993754620742,0.9497954593395979,0.44734001770237386,5.317664424269805,5.323650218679035,5.337699735605465,5.371983641371033
1.8700468452459709,0.9498306162144452,0.44733592557735863,5.317758580519957,5.323556681178882,5.3377926231056945,5.372173391370575
1.869887573370284,0.9498306162144452,0.44733592557735863,5.317570268019653,5.323743756179188,5.3380712856063814,5.372363141370117
1.869993754620742,0.9498306162144452,0.4473277413273281,5.317664424269805,5.3238372936793406,5.337885510605924,5.372173391370575
1.869940663995513,0.9497603024647504,0.44734001770237386,5.3181352055205675,5.3238372936793406,5.3377926231056945,5.372363141370117
1.869993754620742,0.9498306162144452,0.44733183345234334,5.317664424269805,5.324492056180409,5.338257060606839,5.372932391368744
