potentiometer0,potentiometer1,potentiometer2,potentiometer3,potentiometer4,potentiometer5,potentiometer6,encoder0,encoder1,encoder2,encoder3,encoder4,encoder5,encoder6
-1.0517950991246963,-0.3501100265228318,-0.523478695349475,-2.7921174621355007,-2.784414671238516,-1.5160099725420344,-3.3574999753310824
-1.0517950991246963,-0.3501100265228318,-0.5232055265994895,-2.7921177585236365,-2.7845093649885113,-1.515821010042039,-3.357403774081086
-1.0517037866246963,-0.3501100265228318,-0.5235049936305196,-2.7919342246355,-2.7846040587385064,-1.5160099725420344,-3.3573556734560883
-1.0517950991246963,-0.35001983277282894,-0.5233500419115662,-2.792056481764879,-2.784414671238516,-1.5160099725420344,-3.3575961765810787
-1.051429849124697,-0.3501100265228318,-0.5232581231615787,-2.7918429022736357,-2.7845093649885113,-1.515821010042039,-3.3573556734560883
-1.0517950991246963,-0.3501100265228318,-0.5235575901926088,-2.7922090808855007,-2.784888139988492,-1.516482378792022,-3.3577885790810713
-1.0517037866246963,-0.3501100265228318,-0.5232844214426233,-2.7918429022736357,-2.784414671238516,-1.515821010042039,-3.357548075956081
-1.0516124741246968,-0.35029041402283706,-0.5236732197236635,-2.7918732442648784,-2.7846040587385064,-1.5162934162920272,-3.3577404784560736
-1.0516124741246968,-0.3502002202728342,-0.5235830259736607,-2.792056481764879,-2.7846987524885014,-1.5163878975420246,-3.3576442772060773
-1.0517037866246963,-0.35001983277282894,-0.5234289367547,-2.792148100514879,-2.7845093649885113,-1.5161989350420293,-3.357548075956081
-1.0517950991246963,-0.3502317117789848,-0.5237003805047005,-2.7920258433855007,-2.7846040587385064,-1.5161044537920318,-3.3576442772060773
-1.0517037866246963,-0.3502317117789848,-0.5235445662857547,-2.7919038826442577,-2.7842252837385253,-1.5160099725420344,-3.357548075956081
-1.0516124741246968,-0.35005132427897956,-0.5235462912857398,-2.7923006996355015,-2.784414671238516,-1.5161044537920318,-3.357403774081086
-1.0517950991246963,-0.35005132427897956,-0.5234815333167893,-2.792056481764879,-2.784414671238516,-1.5161044537920318,-3.3574999753310824
-1.0517037866246963,-0.3502317117789848,-0.5237529770667897,-2.7922666355758423,-2.784414671238516,-1.5161044537920318,-3.357548075956081
-1.0516124741246968,-0.3503219055289877,-0.5238694690978372,-2.7921750168258423,-2.784414671238516,-1.5161044537920318,-3.3574999753310824
-1.0517950991246963,-0.34996113052897715,-0.5237818628478126,-2.7925411954377077,-2.7846040587385064,-1.5160099725420344,-3.3574518747060846
-1.0516124741246968,-0.3501415180289824,-0.5237153798788765,-2.7923582543258423,-2.7842252837385253,-1.5157265287920416,-3.3573075728310897
-1.0518864116246962,-0.3498709367789743,-0.5234447986288684,-2.7920833980758415,-2.7842252837385253,-1.5157265287920416,-3.3573075728310897
-1.0517950991246963,-0.35029041402283706,-0.5239220656599264,-2.7921750168258423,-2.784414671238516,-1.5163878975420246,-3.357548075956081
-1.0518864116246962,-0.3501100265228318,-0.5237416781599211,-2.7922666355758423,-2.784414671238516,-1.5160099725420344,-3.3574999753310824
-1.0518198711847309,-0.35001983277282894,-0.5238335969099086,-2.792205358817085,-2.7849828337384874,-1.5165768600420195,-3.3577885790810713
-1.0518198711847309,-0.3502002202728342,-0.5238581701909681,-2.7922666355758423,-2.784793446238497,-1.5161044537920318,-3.3577885790810713
-1.051728558684731,-0.35001983277282894,-0.5239509514409488,-2.792266339187707,-2.7845093649885113,-1.5159154912920365,-3.3574999753310824
-1.051728558684731,-0.34992963902282653,-0.5236138872220051,-2.7923582543258423,-2.784414671238516,-1.515821010042039,-3.357548075956081
-1.0518198711847309,-0.3498394452728237,-0.5239789747219785,-2.7925715374289517,-2.7845093649885113,-1.5163878975420246,-3.3575961765810787
-1.051728558684731,-0.34998834126667827,-0.5236393230030569,-2.7922972739552208,-2.784414671238516,-1.5160099725420344,-3.3574999753310824
-1.0518198711847309,-0.3497177600166706,-0.5234597980030444,-2.792449873075843,-2.784319977488521,-1.5161044537920318,-3.357548075956081
-1.0519111836847308,-0.3500785350166811,-0.523820573003055,-2.7921750168258423,-2.784888139988492,-1.516482378792022,-3.3576442772060773
-1.0518198711847309,-0.3500785350166811,-0.5239379275340947,-2.792419234696464,-2.7842252837385253,-1.5161989350420293,-3.357548075956081
-1.0516372461847314,-0.34998834126667827,-0.523938790034087,-2.792446151007427,-2.7845093649885113,-1.516482378792022,-3.3574999753310824
-1.0518198711847309,-0.3500785350166811,-0.5238731695651442,-2.792324190266184,-2.7845093649885113,-1.5161989350420293,-3.357548075956081
-1.0518864116246962,-0.3500785350166811,-0.5238731695651442,-2.792415809016184,-2.784414671238516,-1.5161044537920318,-3.3574999753310824
-1.0516124741246968,-0.34998834126667827,-0.5237829758151413,-2.792415809016184,-2.7845093649885113,-1.5161989350420293,-3.357548075956081
-1.0517037866246963,-0.34989814751667586,-0.5239011928461739,-2.792446151007427,-2.784414671238516,-1.5161044537920318,-3.3574999753310824
-1.0518864116246962,-0.3500470435105305,-0.5241726365961747,-2.7926903688780493,-2.784414671238516,-1.5160099725420344,-3.357548075956081
-1.0518864116246962,-0.3500470435105305,-0.5238994678461888,-2.792324190266184,-2.784414671238516,-1.5161044537920318,-3.3574999753310824
-1.0518864116246962,-0.3500470435105305,-0.5239257661272334,-2.792507427766184,-2.784414671238516,-1.5163878975420246,-3.357548075956081
-1.0517037866246963,-0.3500470435105305,-0.5240168223772286,-2.7922935518868046,-2.7845093649885113,-1.5162934162920272,-3.3574999753310824
-1.0518864116246962,-0.3500470435105305,-0.5241341769082684,-2.792537769757427,-2.784793446238497,-1.5162934162920272,-3.357548075956081
-1.0519777241246957,-0.3500470435105305,-0.5241341769082684,-2.792446151007427,-2.7841305899885302,-1.5159154912920365,-3.357403774081086
-1.0517703270646617,-0.3500470435105305,-0.5241341769082684,-2.792354532257426,-2.7838465087385447,-1.515821010042039,-3.3573075728310897
-1.0516790145646617,-0.3501372372605329,-0.524341725189311,-2.7924155126280485,-2.7846987524885014,-1.5161989350420293,-3.3575961765810787
-1.0516790145646617,-0.3500470435105305,-0.524160475189313,-2.792354532257426,-2.7845093649885113,-1.5160099725420344,-3.3574999753310824
-1.0517703270646617,-0.3500470435105305,-0.5243425876893038,-2.792568111748671,-2.7845093649885113,-1.5160099725420344,-3.357548075956081
-1.0517703270646617,-0.3500470435105305,-0.5240046609703672,-2.792415809016184,-2.7846040587385064,-1.5161989350420293,-3.3573556734560883
-1.0516790145646617,-0.3500470435105305,-0.5242778297203532,-2.7924155126280485,-2.784414671238516,-1.5160099725420344,-3.357403774081086
-1.051952952064661,-0.34995684976052766,-0.5240965797203547,-2.792446151007427,-2.7838465087385447,-1.515254122542054,-3.3571632709560952
-1.0515877020646622,-0.3500470435105305,-0.524395184251393,-2.792568111748671,-2.784414671238516,-1.5161044537920318,-3.3573556734560883
-1.0518616395646616,-0.3500470435105305,-0.5243041280013978,-2.7925071313780494,-2.784888139988492,-1.5161044537920318,-3.357548075956081
-1.0515877020646622,-0.3500470435105305,-0.5243041280013978,-2.7925071313780494,-2.7845093649885113,-1.5161044537920318,-3.3575961765810787
-1.051836867504627,-0.34995684976052766,-0.5243312887824347,-2.79247649299867,-2.784414671238516,-1.5160099725420344,-3.357548075956081
-1.051836867504627,-0.3500470435105305,-0.5242393700324468,-2.792171294757426,-2.7846040587385064,-1.5161044537920318,-3.3573075728310897
-1.0515629300046276,-0.3497764622605224,-0.5240598450324343,-2.7924155126280485,-2.7845093649885113,-1.5162934162920272,-3.3573075728310897
-1.0516542425046271,-0.3500470435105305,-0.5243304262824424,-2.79256468606839,-2.7851722212384775,-1.5162934162920272,-3.357692377831075
-1.0516542425046271,-0.3497764622605224,-0.5240861433134789,-2.792747923568391,-2.7841305899885302,-1.5157265287920416,-3.3573075728310897
-1.0515629300046276,-0.3500470435105305,-0.524526675656616,-2.7928089039390125,-2.784793446238497,-1.5160099725420344,-3.3574518747060846
-1.051745555004627,-0.34995684976052766,-0.5244627801876578,-2.7929921414390133,-2.7841305899885302,-1.5159154912920365,-3.3576442772060773
-1.0516542425046271,-0.34968626851052,-0.5240100864376593,-2.7926869431977686,-2.784793446238497,-1.5161044537920318,-3.3576442772060773
-1.051745555004627,-0.34995684976052766,-0.5247622472186879,-2.792991845050878,-2.784793446238497,-1.5160099725420344,-3.3573075728310897
-1.051538157944593,-0.34995684976052766,-0.5241896114376718,-2.792717581577147,-2.7849828337384874,-1.5161989350420293,-3.3576442772060773
-1.0516960108845579,-0.34995684976052766,-0.5246448926876481,-2.793022483430256,-2.784414671238516,-1.515821010042039,-3.3573556734560883
-1.0518786358845573,-0.34995684976052766,-0.5243717239376626,-2.792931161068392,-2.784793446238497,-1.5162934162920272,-3.3574518747060846
-1.0516960108845579,-0.34995684976052766,-0.5248270051876385,-2.7929612066714995,-2.7846040587385064,-1.5161989350420293,-3.357548075956081
-1.051604698384558,-0.3502274310105358,-0.5246423051876707,-2.792747923568391,-2.7845093649885113,-1.515821010042039,-3.3571632709560952
-1.0516960108845579,-0.3502274310105358,-0.5248244176876611,-2.792869884309634,-2.784793446238497,-1.5161989350420293,-3.357403774081086
-1.0516960108845579,-0.3500470435105305,-0.524735086437651,-2.792839245930256,-2.784888139988492,-1.5162934162920272,-3.357692377831075
-1.0517873233845578,-0.34968626851052,-0.5240100864376593,-2.7925953244477686,-2.7846040587385064,-1.5160099725420344,-3.357403774081086
-1.051604698384558,-0.3502274310105358,-0.5247596597187105,-2.7929005226890125,-2.7846040587385064,-1.5159154912920365,-3.357403774081086
-1.0517873233845578,-0.35001555200437984,-0.5248524409686908,-2.792900226300878,-2.7846040587385064,-1.5161989350420293,-3.357548075956081
-1.051604698384558,-0.35001555200437984,-0.5247613847186956,-2.793114102180257,-2.784888139988492,-1.5161989350420293,-3.3573556734560883
-1.051604698384558,-0.3500742542482316,-0.5246694659687077,-2.7927172851890125,-2.784793446238497,-1.5161989350420293,-3.3576442772060773
-1.0515133858845584,-0.3498036729982239,-0.524607295499735,-2.792930864680256,-2.7850775274884825,-1.516482378792022,-3.3575961765810787
-1.0514220733845585,-0.35025464174823684,-0.5248761517497575,-2.7927172851890125,-2.784793446238497,-1.5161044537920318,-3.3574999753310824
-1.0516960108845579,-0.3498938667482263,-0.524515376749747,-2.7928089039390125,-2.7846987524885014,-1.5161989350420293,-3.357403774081086
-1.0516960108845579,-0.3500742542482316,-0.5247868204997475,-2.792869884309634,-2.784793446238497,-1.5161044537920318,-3.3576442772060773
-1.0516960108845579,-0.35025464174823684,-0.5249935062807973,-2.792595028059633,-2.784793446238497,-1.5160099725420344,-3.357548075956081
-1.0516960108845579,-0.3498036729982239,-0.5245425375307844,-2.792961503059634,-2.7850775274884825,-1.5163878975420246,-3.3576442772060773
-1.051604698384558,-0.34998406049822917,-0.5245408125307993,-2.792747923568391,-2.784793446238497,-1.5161989350420293,-3.3574999753310824
-1.051604698384558,-0.35016444799823443,-0.5249943687807901,-2.792930864680256,-2.7841305899885302,-1.5157265287920416,-3.357259472206092
-1.0515133858845584,-0.35025464174823684,-0.5250845625307925,-2.792656008430255,-2.7846987524885014,-1.5161989350420293,-3.3574999753310824
-1.051604698384558,-0.34998406049822917,-0.5249313358118246,-2.792991845050878,-2.7846987524885014,-1.5160099725420344,-3.3574999753310824
-1.0516960108845579,-0.34998406049822917,-0.5249313358118246,-2.7931750825508788,-2.7846987524885014,-1.5161044537920318,-3.3574999753310824
-1.0518786358845573,-0.34998406049822917,-0.5247492233118343,-2.792595028059633,-2.7846040587385064,-1.5161989350420293,-3.3573075728310897
-1.0516960108845579,-0.3500742542482316,-0.5251125858118222,-2.7928695879214986,-2.784793446238497,-1.5160099725420344,-3.3573075728310897
-1.0516960108845579,-0.3498938667482263,-0.5244769170618411,-2.792931161068392,-2.7846040587385064,-1.5161989350420293,-3.3573075728310897
-1.051903407944592,-0.34998406049822917,-0.5249576340928692,-2.792900226300878,-2.7845093649885113,-1.5160099725420344,-3.357403774081086
-1.051538157944593,-0.3500742542482316,-0.5250478278428716,-2.7925337513008763,-2.7851722212384775,-1.5163878975420246,-3.357548075956081
-1.051538157944593,-0.35001555200437984,-0.5245934090928885,-2.792897097008732,-2.784793446238497,-1.5161989350420293,-3.357548075956081
-1.0516294704445925,-0.35010574575438225,-0.5249567715928765,-2.793080038120597,-2.7851722212384775,-1.5161044537920318,-3.3576442772060773
-1.0513555329445932,-0.349925358254377,-0.5243474011239395,-2.792775136267488,-2.7842252837385253,-1.5157265287920416,-3.3572113715810934
-1.0518120954445924,-0.35001555200437984,-0.5248928761239187,-2.793171656870597,-2.7846987524885014,-1.5161044537920318,-3.3574999753310824
-1.0517207829445925,-0.3498351645043746,-0.5246214323739182,-2.7930190577499756,-2.7849828337384874,-1.5161989350420293,-3.3576442772060773
-1.051538157944593,-0.3501959395043851,-0.5248911511239336,-2.792866458629354,-2.7850775274884825,-1.5161989350420293,-3.357692377831075
-1.051538157944593,-0.349925358254377,-0.5247379244049653,-2.7932022952499764,-2.784888139988492,-1.5162934162920272,-3.357548075956081
-1.051446845444593,-0.349925358254377,-0.5248289806549604,-2.793171656870597,-2.784793446238497,-1.5161044537920318,-3.357403774081086
-1.0517207829445925,-0.35001555200437984,-0.5251012869049536,-2.7930187613618402,-2.7846040587385064,-1.5160099725420344,-3.3573556734560883
-1.0517207829445925,-0.3496547770043693,-0.5244673431549576,-2.7930190577499756,-2.7854563024884635,-1.5163878975420246,-3.357692377831075
-1.0520860329445914,-0.3501959395043851,-0.5251906181549637,-2.793141018491219,-2.7850775274884825,-1.5161989350420293,-3.3576442772060773
-1.0518120954445924,-0.349925358254377,-0.5246731664360147,-2.792958077379354,-2.7846040587385064,-1.5159154912920365,-3.3574999753310824
-1.051903407944592,-0.35001555200437984,-0.525036528936003,-2.793141018491219,-2.7845093649885113,-1.515821010042039,-3.3573075728310897
-1.051538157944593,-0.349925358254377,-0.5247642226860099,-2.7930190577499756,-2.7842252837385253,-1.5154430850420488,-3.3571632709560952
-1.051538157944593,-0.35001555200437984,-0.5249454726860079,-2.792988419370597,-2.784793446238497,-1.5161044537920318,-3.3574999753310824
-1.0518120954445924,-0.35001555200437984,-0.5251275851859982,-2.793385236361842,-2.7845093649885113,-1.5161989350420293,-3.357403774081086
-1.0520860329445914,-0.35010574575438225,-0.5252440772170452,-2.793201998861841,-2.784793446238497,-1.5160099725420344,-3.357403774081086
-1.0516294704445925,-0.35010574575438225,-0.5248798522170646,-2.792958077379354,-2.784888139988492,-1.5161044537920318,-3.3573556734560883
-1.0513555329445932,-0.35001555200437984,-0.524698602217067,-2.792988715758732,-2.784793446238497,-1.5160099725420344,-3.3574999753310824
-1.0517207829445925,-0.3502861332543875,-0.5252423522170602,-2.7927135631205964,-2.7846040587385064,-1.5161989350420293,-3.3573075728310897
-1.0518120954445924,-0.3501959395043851,-0.5253342709670481,-2.793385236361842,-2.7842252837385253,-1.5156320475420442,-3.3571632709560952
-1.051538157944593,-0.349925358254377,-0.5249989317480894,-2.793141018491219,-2.7845093649885113,-1.5159154912920365,-3.357259472206092
-1.0518120954445924,-0.349925358254377,-0.5249078754980943,-2.793080038120597,-2.7846040587385064,-1.5161044537920318,-3.357403774081086
-1.0516294704445925,-0.35001555200437984,-0.5249980692480971,-2.793263275620598,-2.784888139988492,-1.5161989350420293,-3.3575961765810787
-1.051903407944592,-0.35010574575438225,-0.5250882629980995,-2.7926219443705955,-2.784793446238497,-1.5161989350420293,-3.357548075956081
-1.0517207829445925,-0.35001555200437984,-0.5251154237791369,-2.7929577809912183,-2.7849828337384874,-1.5163878975420246,-3.357692377831075
-1.0516294704445925,-0.35010574575438225,-0.5252966737791345,-2.793293617611841,-2.7851722212384775,-1.5165768600420195,-3.3576442772060773
-1.0517207829445925,-0.35001555200437984,-0.5251154237791369,-2.793049399741219,-2.784414671238516,-1.5160099725420344,-3.357403774081086
-1.0517207829445925,-0.35001555200437984,-0.5253885925291224,-2.793323959603084,-2.7846987524885014,-1.5161044537920318,-3.3574999753310824
-1.0516294704445925,-0.35001555200437984,-0.5251154237791369,-2.793049399741219,-2.784414671238516,-1.5160099725420344,-3.3573075728310897
-1.051903407944592,-0.35010574575438225,-0.5252966737791345,-2.7928355238618403,-2.784793446238497,-1.5161044537920318,-3.3573075728310897
-1.0517207829445925,-0.35001555200437984,-0.5250506658101863,-2.7928968006205963,-2.784793446238497,-1.5161044537920318,-3.3576442772060773
-1.0516294704445925,-0.35001555200437984,-0.5252327783101767,-2.793201998861841,-2.7851722212384775,-1.5163878975420246,-3.3576442772060773
-1.0516294704445925,-0.3501959395043851,-0.5252310533101916,-2.793354894370598,-2.7845093649885113,-1.5161044537920318,-3.357403774081086
-1.051538157944593,-0.3498351645043746,-0.5248702783101811,-2.793080038120597,-2.7846987524885014,-1.5161044537920318,-3.357403774081086
-1.051903407944592,-0.35001555200437984,-0.5251417220601815,-2.793049399741219,-2.785266914988473,-1.5165768600420195,-3.3576442772060773
-1.0516294704445925,-0.3501959395043851,-0.5254131658101819,-2.793201998861841,-2.784793446238497,-1.5161989350420293,-3.3573556734560883
-1.0517207829445925,-0.35001555200437984,-0.5248037953412454,-2.793171953258733,-2.7846040587385064,-1.5161989350420293,-3.3574518747060846
-1.0517207829445925,-0.349925358254377,-0.5250130686222727,-2.792988419370597,-2.7846040587385064,-1.5161044537920318,-3.3573075728310897
-1.0517207829445925,-0.35001555200437984,-0.5252853748722659,-2.7940629754442297,-2.784888139988492,-1.5161989350420293,-3.3573075728310897
-1.0517207829445925,-0.35001555200437984,-0.5251032623722756,-2.7937342865723043,-2.785266914988473,-1.5161989350420293,-3.3574999753310824
-1.0518120954445924,-0.34995684976052766,-0.5252862373722582,-2.7940088464341697,-2.784793446238497,-1.5161044537920318,-3.3573556734560883
-1.0517207829445925,-0.35010574575438225,-0.5253108106533178,-2.793646093502585,-2.7842252837385253,-1.5157265287920416,-3.357115170331097
-1.051903407944592,-0.35001555200437984,-0.5254027294033057,-2.793859672993828,-2.784888139988492,-1.5163878975420246,-3.3575961765810787
-1.0516294704445925,-0.3497449707543717,-0.5249500356533072,-2.793737712252585,-2.7850775274884825,-1.5161989350420293,-3.3573075728310897
-1.0518120954445924,-0.3501959395043851,-0.5254920606533158,-2.7937070738732066,-2.7849828337384874,-1.5163878975420246,-3.3574518747060846
-1.0513555329445932,-0.349925358254377,-0.5251304231533125,-2.793737712252585,-2.7846987524885014,-1.5161989350420293,-3.3573075728310897
-1.0517207829445925,-0.35001555200437984,-0.525584841903296,-2.793981633735072,-2.7846040587385064,-1.5160099725420344,-3.3573556734560883
-1.0517207829445925,-0.35001555200437984,-0.5253379714343551,-2.7936154551232057,-2.784793446238497,-1.5160099725420344,-3.3573075728310897
-1.0517207829445925,-0.35001555200437984,-0.5255200839343455,-2.7937374158644492,-2.784414671238516,-1.515821010042039,-3.3573075728310897
-1.0517207829445925,-0.3498351645043746,-0.5249754714343595,-2.793585113131963,-2.784793446238497,-1.5163878975420246,-3.3574518747060846
-1.0518120954445924,-0.349925358254377,-0.5250656651843619,-2.7934934943819623,-2.7846040587385064,-1.5161044537920318,-3.3573075728310897
-1.0518120954445924,-0.349925358254377,-0.5251567214343571,-2.793737712252585,-2.7846040587385064,-1.5161044537920318,-3.357548075956081
-1.051446845444593,-0.349925358254377,-0.5253388339343474,-2.793951291743828,-2.784793446238497,-1.5161044537920318,-3.357403774081086
-1.0518120954445924,-0.3498351645043746,-0.5250928259653992,-2.794104187252586,-2.7846040587385064,-1.5161044537920318,-3.357259472206092
-1.051903407944592,-0.35001555200437984,-0.5252732134654045,-2.793737712252585,-2.784414671238516,-1.5161044537920318,-3.3573075728310897
-1.0517207829445925,-0.3498351645043746,-0.5252749384653895,-2.793768054243828,-2.784793446238497,-1.5159154912920365,-3.3573075728310897
-1.0516294704445925,-0.35001555200437984,-0.52554638221539,-2.79392065336445,-2.784888139988492,-1.5161989350420293,-3.3573556734560883
-1.0517207829445925,-0.349925358254377,-0.5253651322153919,-2.793768054243828,-2.784793446238497,-1.5161989350420293,-3.3573075728310897
-1.0517207829445925,-0.349925358254377,-0.5253003742464414,-2.7939819301232074,-2.7850775274884825,-1.516482378792022,-3.3576442772060773
-1.0517207829445925,-0.3498351645043746,-0.5250280679964486,-2.793768350631963,-2.784793446238497,-1.5161989350420293,-3.3573075728310897
-1.0518120954445924,-0.35001555200437984,-0.5253905679964442,-2.7937986926232066,-2.7846040587385064,-1.5161044537920318,-3.357403774081086
-1.0516294704445925,-0.35010574575438225,-0.525662874246437,-2.79392065336445,-2.7851722212384775,-1.5161989350420293,-3.3577885790810713
-1.0517207829445925,-0.3498351645043746,-0.5251191242464438,-2.793646093502585,-2.7846987524885014,-1.5160099725420344,-3.3573075728310897
-1.0516294704445925,-0.35001555200437984,-0.5254168662774888,-2.7938903113732065,-2.784888139988492,-1.515821010042039,-3.3574518747060846
-1.051538157944593,-0.349925358254377,-0.5252356162774908,-2.793829331002585,-2.7851722212384775,-1.5161989350420293,-3.3573556734560883
-1.0517207829445925,-0.35001555200437984,-0.5252347537774985,-2.793676731881963,-2.784793446238497,-1.5161989350420293,-3.3573556734560883
-1.0517207829445925,-0.349925358254377,-0.5252356162774908,-2.793829331002585,-2.784793446238497,-1.5161044537920318,-3.3573075728310897
-1.051903407944592,-0.35001555200437984,-0.5255989787774792,-2.79382903461445,-2.784793446238497,-1.5162934162920272,-3.3573556734560883
-1.0517207829445925,-0.35010574575438225,-0.5255981162774864,-2.793859672993828,-2.7846987524885014,-1.515821010042039,-3.357259472206092
-1.051538157944593,-0.349925358254377,-0.5253529708085306,-2.7939819301232074,-2.7849828337384874,-1.5165768600420195,-3.357403774081086
-1.0517207829445925,-0.349925358254377,-0.5253529708085306,-2.7937070738732066,-2.784888139988492,-1.5163878975420246,-3.357403774081086
-1.0516294704445925,-0.3501959395043851,-0.5258056645585291,-2.79392065336445,-2.784888139988492,-1.5160099725420344,-3.357403774081086
-1.0517207829445925,-0.3500470435105305,-0.5256252770585238,-2.79382903461445,-2.7846040587385064,-1.5162934162920272,-3.357259472206092
-1.0517207829445925,-0.3502274310105358,-0.5258056645585291,-2.79382903461445,-2.7846040587385064,-1.516482378792022,-3.3574999753310824
-1.0516294704445925,-0.34998834126667827,-0.525535083308521,-2.79392065336445,-2.7850775274884825,-1.5161989350420293,-3.357403774081086
-1.0516294704445925,-0.3502589225166864,-0.5258967208085242,-2.793981633735072,-2.7846987524885014,-1.515821010042039,-3.3573556734560883
-1.0516294704445925,-0.349807953766673,-0.52519888158957,-2.7937070738732066,-2.7845093649885113,-1.515821010042039,-3.3573075728310897
-1.0517207829445925,-0.3500785350166811,-0.5258336878395587,-2.7940426141056935,-2.7851722212384775,-1.5163878975420246,-3.3573075728310897
-1.0518120954445924,-0.35016872876668353,-0.5256507128395757,-2.7935848167438273,-2.7846040587385064,-1.515821010042039,-3.3571632709560952
-1.0517207829445925,-0.3497177600166706,-0.5249265753395772,-2.793951588131964,-2.7845093649885113,-1.515821010042039,-3.357259472206092
-1.0517207829445925,-0.34989814751667586,-0.5252890753395728,-2.7937070738732066,-2.784888139988492,-1.5161989350420293,-3.3572113715810934
-1.0517207829445925,-0.3500785350166811,-0.5254694628395781,-2.793832756682866,-2.784793446238497,-1.5160099725420344,-3.3573075728310897
-1.051538157944593,-0.35016872876668353,-0.5254948986206299,-2.7934969200622435,-2.784888139988492,-1.5161989350420293,-3.3573075728310897
-1.0513555329445932,-0.34989814751667586,-0.5252243173706223,-2.7934969200622435,-2.784793446238497,-1.5160099725420344,-3.3573075728310897
-1.0518120954445924,-0.3500785350166811,-0.525677873620613,-2.793771479924109,-2.784793446238497,-1.5160099725420344,-3.3573556734560883
-1.0518120954445924,-0.3500785350166811,-0.525677873620613,-2.793771479924109,-2.7846987524885014,-1.5160099725420344,-3.357259472206092
-1.0517207829445925,-0.3500785350166811,-0.525677873620613,-2.793771479924109,-2.784793446238497,-1.5163878975420246,-3.3574518747060846
-1.051538157944593,-0.34989814751667586,-0.5254064298706126,-2.793802118303487,-2.7849828337384874,-1.5160099725420344,-3.3574999753310824
-1.051538157944593,-0.34998834126667827,-0.5256787361206053,-2.7938324602947304,-2.7854563024884635,-1.5166713412920174,-3.357548075956081
-1.051538157944593,-0.3500785350166811,-0.5254047048706275,-2.7934053013122426,-2.7845093649885113,-1.5160099725420344,-3.357259472206092
-1.0517207829445925,-0.3500785350166811,-0.5255220594016673,-2.793557900432865,-2.784888139988492,-1.5163878975420246,-3.357403774081086
-1.0519947204445919,-0.34998834126667827,-0.5256139781516548,-2.793588242424108,-2.7846987524885014,-1.5162934162920272,-3.3573556734560883
-1.0519947204445919,-0.3500785350166811,-0.5257952281516528,-2.7938324602947304,-2.784793446238497,-1.5161989350420293,-3.357259472206092
-1.0517207829445925,-0.3500785350166811,-0.5257952281516528,-2.7938324602947304,-2.7845093649885113,-1.515821010042039,-3.3573075728310897
-1.0517207829445925,-0.3500470435105305,-0.5257952281516528,-2.7937408415447305,-2.784793446238497,-1.516482378792022,-3.3574999753310824
-1.0517207829445925,-0.34995684976052766,-0.5257960906516451,-2.7938934406653524,-2.784793446238497,-1.5157265287920416,-3.3573075728310897
-1.0516294704445925,-0.34968626851052,-0.5252523406516519,-2.793710499553487,-2.784888139988492,-1.5165768600420195,-3.3574999753310824
-1.051446845444593,-0.34986665601052525,-0.5254327281516572,-2.7938937370534878,-2.784888139988492,-1.5161989350420293,-3.357403774081086
-1.051538157944593,-0.3500470435105305,-0.5257041719016576,-2.793863098674109,-2.7846040587385064,-1.5160099725420344,-3.357259472206092
-1.0517207829445925,-0.34995684976052766,-0.52570503440165,-2.7939240790447304,-2.784793446238497,-1.5159154912920365,-3.3573075728310897
-1.051538157944593,-0.3497764622605224,-0.5252514781516592,-2.793832756682866,-2.7846987524885014,-1.5160099725420344,-3.3573075728310897
-1.0517207829445925,-0.3501372372605329,-0.5259764781516504,-2.7938018219153524,-2.7846987524885014,-1.5161989350420293,-3.3571632709560952
-1.051903407944592,-0.3501372372605329,-0.52579436565166,-2.793496623674108,-2.7845093649885113,-1.5160099725420344,-3.357403774081086
-1.0519947204445919,-0.34986665601052525,-0.5256411389326922,-2.7936492227947296,-2.784793446238497,-1.5159154912920365,-3.3573075728310897
-1.051903407944592,-0.3502274310105358,-0.5260019139327027,-2.7937408415447305,-2.784414671238516,-1.5161044537920318,-3.3573075728310897
-1.0517207829445925,-0.3501372372605329,-0.526002776432695,-2.7938018219153524,-2.784793446238497,-1.5160099725420344,-3.3573075728310897
-1.051903407944592,-0.34995684976052766,-0.525458163932709,-2.793649519182865,-2.784319977488521,-1.5160099725420344,-3.357259472206092
-1.0516294704445925,-0.34986665601052525,-0.525550082682697,-2.793679861174109,-2.784414671238516,-1.5161044537920318,-3.3573075728310897
-1.0516294704445925,-0.3500470435105305,-0.5255483576827119,-2.793557900432865,-2.7850775274884825,-1.5163878975420246,-3.357548075956081
-1.0516294704445925,-0.3500470435105305,-0.5259125826826926,-2.7939850594153524,-2.784888139988492,-1.5161989350420293,-3.3573075728310897
-1.0516294704445925,-0.3502274310105358,-0.5260929701826978,-2.7937102031653516,-2.784888139988492,-1.5162934162920272,-3.357403774081086
-1.0518120954445924,-0.34986665601052525,-0.5256411389326922,-2.7938324602947304,-2.7850775274884825,-1.5167658225420149,-3.357692377831075
-1.0518120954445924,-0.3501372372605329,-0.5259117201826998,-2.7937408415447305,-2.7850775274884825,-1.5160099725420344,-3.357403774081086
-1.0517207829445925,-0.3502274310105358,-0.5259108576827075,-2.793679861174109,-2.784793446238497,-1.5161044537920318,-3.357403774081086
-1.0518120954445924,-0.3500470435105305,-0.5260036389326878,-2.7938628022859744,-2.7842252837385253,-1.5159154912920365,-3.357067069706099
-1.0517207829445925,-0.34986665601052525,-0.5253679701827066,-2.793557900432865,-2.784888139988492,-1.5160099725420344,-3.3573075728310897
-1.0517207829445925,-0.34995684976052766,-0.5256402764326994,-2.793863098674109,-2.784319977488521,-1.5156320475420442,-3.3570189690811008
-1.051538157944593,-0.3501372372605329,-0.5257296076827095,-2.793710499553487,-2.784414671238516,-1.5160099725420344,-3.3573075728310897
-1.051538157944593,-0.3502274310105358,-0.5260019139327027,-2.7938324602947304,-2.7846040587385064,-1.5161044537920318,-3.3573075728310897
-1.051538157944593,-0.3500470435105305,-0.5258215264326974,-2.7936492227947296,-2.784793446238497,-1.5159154912920365,-3.3573075728310897
-1.0517207829445925,-0.34995684976052766,-0.5257313326826946,-2.7938324602947304,-2.7846040587385064,-1.5163878975420246,-3.357403774081086
-1.0517207829445925,-0.34986665601052525,-0.525550082682697,-2.7939547174241097,-2.7845093649885113,-1.5160099725420344,-3.357259472206092
-1.0513555329445932,-0.3497764622605224,-0.525368832682699,-2.793710499553487,-2.7846987524885014,-1.5159154912920365,-3.3571632709560952
-1.0516294704445925,-0.3500470435105305,-0.5259125826826926,-2.794076678165353,-2.7845093649885113,-1.5160099725420344,-3.3572113715810934
-1.051538157944593,-0.3500470435105305,-0.5257304701827022,-2.793588242424108,-2.7846040587385064,-1.5161044537920318,-3.3573556734560883
-1.0516294704445925,-0.34995684976052766,-0.5256402764326994,-2.7940463361741097,-2.7846040587385064,-1.5161044537920318,-3.3573075728310897
-1.0517207829445925,-0.3500470435105305,-0.5260036389326878,-2.7939544210359744,-2.784793446238497,-1.5160099725420344,-3.3573556734560883
-1.0517207829445925,-0.34986665601052525,-0.525550082682697,-2.793771479924109,-2.784793446238497,-1.5163878975420246,-3.357403774081086
-1.051903407944592,-0.3500470435105305,-0.5261857514326781,-2.7939847630272174,-2.784888139988492,-1.5160099725420344,-3.3573075728310897
-1.0516294704445925,-0.34986665601052525,-0.5256411389326922,-2.7937408415447305,-2.784888139988492,-1.5161989350420293,-3.357548075956081
-1.0517207829445925,-0.3500470435105305,-0.5259125826826926,-2.7937102031653516,-2.7846987524885014,-1.5160099725420344,-3.3574518747060846
-1.0520860329445914,-0.3503176247605382,-0.5260921076827051,-2.7936492227947296,-2.7846040587385064,-1.5161989350420293,-3.357403774081086
-1.0517207829445925,-0.34995684976052766,-0.5257313326826946,-2.7940156977947312,-2.784414671238516,-1.5157265287920416,-3.3573075728310897
-1.0517207829445925,-0.3501372372605329,-0.526002776432695,-2.7939850594153524,-2.784888139988492,-1.5161989350420293,-3.357403774081086
-1.0518120954445924,-0.34986665601052525,-0.525550082682697,-2.793771479924109,-2.784793446238497,-1.5161044537920318,-3.3574999753310824
-1.0516294704445925,-0.3500470435105305,-0.5257567684637469,-2.793679861174109,-2.784793446238497,-1.5161044537920318,-3.3573075728310897
-1.0517207829445925,-0.3500470435105305,-0.5259388809637372,-2.7938018219153524,-2.7845093649885113,-1.5159154912920365,-3.3574999753310824
-1.051538157944593,-0.34995684976052766,-0.525666574713744,-2.793771479924109,-2.7845093649885113,-1.515821010042039,-3.357115170331097
-1.0516294704445925,-0.3497764622605224,-0.5256682997137291,-2.794076678165353,-2.7841305899885302,-1.5156320475420442,-3.357115170331097
-1.051903407944592,-0.3500470435105305,-0.5260299372137324,-2.7938628022859744,-2.784793446238497,-1.5161044537920318,-3.3573556734560883
-1.0518120954445924,-0.35010574575438225,-0.5258469622137493,-2.7939547174241097,-2.784793446238497,-1.5159154912920365,-3.357259472206092
-1.0512642204445937,-0.3497449707543717,-0.5254861872137387,-2.793771479924109,-2.7850775274884825,-1.516482378792022,-3.357548075956081
-1.0517207829445925,-0.35010574575438225,-0.5259380184637444,-2.7936492227947296,-2.7846040587385064,-1.515821010042039,-3.357403774081086
-1.0516294704445925,-0.349925358254377,-0.5254844622137537,-2.793466281682864,-2.7846987524885014,-1.5161044537920318,-3.3573075728310897
-1.0518120954445924,-0.3498351645043746,-0.5253942684637513,-2.793557900432865,-2.7851722212384775,-1.5165768600420195,-3.357403774081086
-1.051538157944593,-0.3498351645043746,-0.5256674372137368,-2.794198935294731,-2.7846987524885014,-1.5161044537920318,-3.357259472206092
-1.0517207829445925,-0.349925358254377,-0.5257576309637392,-2.7940156977947312,-2.7846040587385064,-1.5163878975420246,-3.3573075728310897
-1.0516294704445925,-0.3501959395043851,-0.5260282122137473,-2.7938324602947304,-2.7849828337384874,-1.5161989350420293,-3.3573075728310897
-1.0516294704445925,-0.34956458325436646,-0.5253057997137335,-2.793588242424108,-2.784793446238497,-1.5161044537920318,-3.3573075728310897
-1.051446845444593,-0.349925358254377,-0.5257576309637392,-2.7936492227947296,-2.784793446238497,-1.515821010042039,-3.3573075728310897
-1.0517207829445925,-0.35001555200437984,-0.525847824713742,-2.7939240790447304,-2.7845093649885113,-1.5161989350420293,-3.3573075728310897
-1.0518120954445924,-0.34998406049822917,-0.5261209934637275,-2.794015401406596,-2.7846040587385064,-1.5159154912920365,-3.3574999753310824
-1.0518120954445924,-0.34998406049822917,-0.525847824713742,-2.7938324602947304,-2.7845093649885113,-1.5161044537920318,-3.3573075728310897
-1.0517207829445925,-0.3498938667482263,-0.5258486872137343,-2.7938018219153524,-2.784793446238497,-1.5161989350420293,-3.357403774081086
-1.051538157944593,-0.3498938667482263,-0.525666574713744,-2.793863098674109,-2.7850775274884825,-1.5161044537920318,-3.357548075956081
-1.0517207829445925,-0.34998406049822917,-0.5259388809637372,-2.7937102031653516,-2.784793446238497,-1.5160099725420344,-3.357403774081086
-1.0517207829445925,-0.3500742542482316,-0.5260290747137396,-2.7937102031653516,-2.784319977488521,-1.515821010042039,-3.3571632709560952
-1.0517207829445925,-0.34998406049822917,-0.5260299372137324,-2.7937711835359735,-2.7846040587385064,-1.5160099725420344,-3.3573075728310897
-1.0516294704445925,-0.3500742542482316,-0.5260290747137396,-2.7939850594153524,-2.7846040587385064,-1.5160099725420344,-3.357403774081086
-1.0517207829445925,-0.34998406049822917,-0.5257830667447915,-2.7939547174241097,-2.784414671238516,-1.5157265287920416,-3.357115170331097
-1.0518120954445924,-0.3498938667482263,-0.525874985494779,-2.7938018219153524,-2.784793446238497,-1.5161989350420293,-3.3574999753310824
-0.9737993324896529,-0.297987714880134,-0.5232457662836574,-2.755356770979152,-2.396619966880034,-1.515821010042039,-3.130265924291223
-0.9740067295496869,-0.2980779086301364,-0.5237264833146851,-2.755085044021297,-2.396809354380024,-1.5155375662920463,-3.1303140249162213
-0.9735501670496881,-0.29816810238013924,-0.5238692736267772,-2.755268281521297,-2.3965252731300386,-1.5157265287920416,-3.1303621255412195
-0.973641479549688,-0.29816810238013924,-0.5238045156578266,-2.7552989199006763,-2.3965252731300386,-1.5154430850420488,-3.1303621255412195
-0.9736662516097228,-0.2980779086301364,-0.5237406201888684,-2.754966508960334,-2.3965252731300386,-1.5156320475420442,-3.130265924291223
-0.9738488766097222,-0.2978975211301311,-0.5237038855009475,-2.754786697140614,-2.395862416880072,-1.5150651600420586,-3.129929219916236
-0.9736662516097228,-0.2978975211301311,-0.5234570150320066,-2.7542372810287468,-2.396714660630029,-1.5157265287920416,-3.130265924291223
-0.9737575641097223,-0.2980779086301364,-0.523936869563042,-2.754420222140612,-2.396714660630029,-1.5156320475420442,-3.130265924291223
-0.9738488766097222,-0.2978073273801287,-0.5237836428440741,-2.754481202511234,-2.3964305793800436,-1.5157265287920416,-3.130265924291223
-0.9738488766097222,-0.2980779086301364,-0.5239894661251312,-2.754454286200272,-2.3965252731300386,-1.5157265287920416,-3.130217823666225
-0.9735997111697574,-0.2978975211301311,-0.5238353769061705,-2.754087811200271,-2.3965252731300386,-1.5157265287920416,-3.130217823666225
-0.9738736486697568,-0.29825829613014165,-0.524404562687216,-2.7542097719415146,-2.396714660630029,-1.5154430850420488,-3.1303621255412195
-0.9735997111697574,-0.2978975211301311,-0.5238879734682598,-2.75393863775993,-2.3972828231300003,-1.516482378792022,-3.1306988299162066
-0.9736910236697573,-0.29771713363012586,-0.5237338842492991,-2.75412187525993,-2.396619966880034,-1.5154430850420488,-3.130217823666225
-0.9738736486697568,-0.297987714880134,-0.524394988780333,-2.753999321742416,-2.396619966880034,-1.5153486037920514,-3.1303140249162213
-0.9738736486697568,-0.29801920638628465,-0.5244354239355604,-2.754121578871795,-2.396714660630029,-1.5156320475420442,-3.130217823666225
-0.9738736486697568,-0.29814089164243773,-0.5243698034666171,-2.7539996181305515,-2.396714660630029,-1.5154430850420488,-3.1303621255412195
-0.9735997111697574,-0.2977801166424272,-0.5241263829976464,-2.753968979751172,-2.3959571106300674,-1.5156320475420442,-3.130265924291223
-0.9735083986697575,-0.2980506978924353,-0.5243059079976593,-2.7538163806305507,-2.396241191880053,-1.5156320475420442,-3.1303621255412195
-0.9737823361697568,-0.29796050414243247,-0.5244888829976424,-2.7537244654924153,-2.396241191880053,-1.515821010042039,-3.1303140249162213
-0.9736910236697573,-0.29796050414243247,-0.5243067704976516,-2.7536025047511714,-2.3964305793800436,-1.5155375662920463,-3.1303140249162213
-0.9736910236697573,-0.29796050414243247,-0.5243978267476468,-2.7536634851217934,-2.396146498130058,-1.5154430850420488,-3.1303621255412195
-0.9738736486697568,-0.29787031039243006,-0.52439868924764,-2.7538160842424153,-2.396241191880053,-1.5155375662920463,-3.130217823666225
-0.9735997111697574,-0.2980506978924353,-0.5244880204976496,-2.753938341371794,-2.3964305793800436,-1.5157265287920416,-3.130217823666225
-0.9737823361697568,-0.2977801166424272,-0.5241263829976464,-2.7537857422511722,-2.396146498130058,-1.5157265287920416,-3.130265924291223
-0.9738736486697568,-0.2982310853924406,-0.5248768187786903,-2.7536938271130373,-2.396335885630048,-1.515821010042039,-3.130265924291223
-0.9737823361697568,-0.29814089164243773,-0.5247866250286874,-2.753968683363038,-2.3969040481300197,-1.5161989350420293,-3.1306026286662103
-0.9738736486697568,-0.2980506978924353,-0.5245143187786943,-2.753938341371794,-2.396335885630048,-1.5159154912920365,-3.1304102261662177
-0.9738736486697568,-0.2980506978924353,-0.5246053750286899,-2.7536328467424154,-2.3964305793800436,-1.5156320475420442,-3.1304102261662177
-0.9736910236697573,-0.29787031039243006,-0.5245160437786798,-2.754060302113038,-2.396146498130058,-1.5156320475420442,-3.1303621255412195
-0.9736910236697573,-0.2980506978924353,-0.5247227295597297,-2.7537854458630373,-2.396335885630048,-1.5156320475420442,-3.130265924291223
-0.9736910236697573,-0.2980506978924353,-0.5244495608097437,-2.753968979751172,-2.396241191880053,-1.5156320475420442,-3.1303140249162213
-0.9736910236697573,-0.2977801166424272,-0.5244521483097215,-2.7536938271130373,-2.396619966880034,-1.515821010042039,-3.1303621255412195
-0.9736910236697573,-0.29787031039243006,-0.5243602295597336,-2.7535718663717934,-2.396714660630029,-1.5160099725420344,-3.1304102261662177
-0.9735083986697575,-0.2980506978924353,-0.5245406170597389,-2.753938341371794,-2.396146498130058,-1.515159641292056,-3.1300254211662324
-0.9737823361697568,-0.2980506978924353,-0.5248400840907694,-2.7539380449836592,-2.396241191880053,-1.5154430850420488,-3.1304102261662177
-0.9735997111697574,-0.29787031039243006,-0.5244775840907738,-2.7538160842424153,-2.396809354380024,-1.5160099725420344,-3.130458326791216
-0.9736910236697573,-0.29787031039243006,-0.5244775840907738,-2.7538160842424153,-2.3965252731300386,-1.5156320475420442,-3.1304102261662177
-0.9736910236697573,-0.29796050414243247,-0.5242946090907903,-2.7537247618805507,-2.3965252731300386,-1.5154430850420488,-3.1304102261662177
-0.9737157957297919,-0.2980506978924353,-0.5247490278407743,-2.7536938271130373,-2.3964305793800436,-1.5156320475420442,-3.1304102261662177
-0.9738984207297914,-0.2982310853924406,-0.5249294153407795,-2.7537854458630373,-2.396335885630048,-1.5154430850420488,-3.130458326791216
-0.9739897332297909,-0.2980506978924353,-0.5250484948718044,-2.7540600057249023,-2.396335885630048,-1.5157265287920416,-3.1304102261662177
-0.973624483229792,-0.2977801166424272,-0.5244136886218156,-2.7537244654924153,-2.396241191880053,-1.5154430850420488,-3.130265924291223
-0.9738984207297914,-0.29787031039243006,-0.5245949386218136,-2.754243539613039,-2.396241191880053,-1.5154430850420488,-3.1303621255412195
-0.9738071082297914,-0.29787031039243006,-0.5246859948718088,-2.7539380449836592,-2.396241191880053,-1.5157265287920416,-3.1303140249162213
-0.9738984207297914,-0.29787031039243006,-0.5248681073717991,-2.7539683869749023,-2.396051804380063,-1.515254122542054,-3.1300735217912306
-0.9737157957297919,-0.29787031039243006,-0.5244128261218228,-2.7537551038717933,-2.396241191880053,-1.5154430850420488,-3.130169723041227
-0.9739897332297909,-0.2982310853924406,-0.5251641244028591,-2.75363255035428,-2.3959571106300674,-1.515821010042039,-3.1303140249162213
-0.9737157957297919,-0.29796050414243247,-0.524893543152851,-2.7539990253542808,-2.3964305793800436,-1.5154430850420488,-3.130265924291223
-0.9737157957297919,-0.29796050414243247,-0.5245293181528699,-2.7536634851217934,-2.395767723130077,-1.5150651600420586,-3.1301216224162287
-0.9737157957297919,-0.29814089164243773,-0.5248918181528659,-2.753968683363038,-2.3964305793800436,-1.5154430850420488,-3.130265924291223
-0.9737157957297919,-0.2980506978924353,-0.5248016244028635,-2.7538770646130373,-2.396619966880034,-1.515821010042039,-3.1304102261662177
-0.9738071082297914,-0.29796050414243247,-0.5245293181528699,-2.753938341371794,-2.3964305793800436,-1.5155375662920463,-3.130265924291223
-0.9739897332297909,-0.29814089164243773,-0.5249828744028611,-2.7538464262336593,-2.3965252731300386,-1.5157265287920416,-3.1304102261662177
-0.9733505457297926,-0.29796050414243247,-0.5246203744028655,-2.753907702992416,-2.3965252731300386,-1.515821010042039,-3.1303140249162213
-0.9738984207297914,-0.29796050414243247,-0.5246203744028655,-2.7536328467424154,-2.395767723130077,-1.515159641292056,-3.1300735217912306
-0.9737157957297919,-0.29787031039243006,-0.524465422683912,-2.754029960121794,-2.395767723130077,-1.515254122542054,-3.1300735217912306
-0.9737157957297919,-0.2977801166424272,-0.5245573414339,-2.7537854458630373,-2.3964305793800436,-1.5154430850420488,-3.130265924291223
-0.9737157957297919,-0.29796050414243247,-0.5247377289339052,-2.7536022083630365,-2.3965252731300386,-1.515821010042039,-3.1304102261662177
-0.9737157957297919,-0.29787031039243006,-0.5246475351839028,-2.753968683363038,-2.3964305793800436,-1.515821010042039,-3.1304102261662177
-0.9737157957297919,-0.2976899228924248,-0.5246492601838879,-2.7541822628542816,-2.3965252731300386,-1.5157265287920416,-3.1304102261662177
-0.973624483229792,-0.2980506978924353,-0.5246458101839173,-2.753846722621794,-2.396619966880034,-1.515821010042039,-3.130458326791216
-0.9737157957297919,-0.29814089164243773,-0.5248270601839153,-2.753907702992416,-2.396809354380024,-1.515821010042039,-3.130458326791216
-0.9737157957297919,-0.29796050414243247,-0.5248287851839004,-2.7538464262336593,-2.395673029380082,-1.5150651600420586,-3.1300254211662324
-0.9738984207297914,-0.2980506978924353,-0.5248279226839081,-2.7538770646130373,-2.396335885630048,-1.5155375662920463,-3.1303140249162213
-0.9737157957297919,-0.29801920638628465,-0.5249189789339033,-2.7537548074836593,-2.3971881293800053,-1.516482378792022,-3.1306988299162066
-0.9738984207297914,-0.2979290126362818,-0.5247377289339052,-2.754243539613039,-2.3969040481300197,-1.515821010042039,-3.130554528041212
-0.9738984207297914,-0.297987714880134,-0.5248542209649527,-2.7537854458630373,-2.396241191880053,-1.5157265287920416,-3.1304102261662177
-0.9737157957297919,-0.2978073273801287,-0.5246738334649474,-2.754060302113038,-2.396241191880053,-1.5154430850420488,-3.130265924291223
-0.9738071082297914,-0.2974465523801182,-0.5244951709649273,-2.753907406604281,-2.395862416880072,-1.515254122542054,-3.1300735217912306
-0.9738984207297914,-0.297987714880134,-0.525036333464943,-2.7542738816042815,-2.396241191880053,-1.5157265287920416,-3.1303621255412195
-0.973624483229792,-0.2978975211301311,-0.5249461397149402,-2.7539990253542808,-2.396241191880053,-1.5157265287920416,-3.1303140249162213
-0.9737157957297919,-0.297987714880134,-0.5249452772149479,-2.7539380449836592,-2.3964305793800436,-1.5155375662920463,-3.130265924291223
-0.9738984207297914,-0.2978073273801287,-0.5248559459649378,-2.7539990253542808,-2.3965252731300386,-1.515821010042039,-3.1303621255412195
-0.9738071082297914,-0.2978073273801287,-0.5246738334649474,-2.7537854458630373,-2.396335885630048,-1.5156320475420442,-3.130217823666225
-0.9739897332297909,-0.29816810238013924,-0.5253988334649387,-2.753788575155183,-2.396335885630048,-1.515821010042039,-3.130458326791216
-0.973624483229792,-0.297987714880134,-0.5248542209649527,-2.753636272422696,-2.396051804380063,-1.5157265287920416,-3.1303140249162213
-0.9738984207297914,-0.297987714880134,-0.5248805192459973,-2.753636272422696,-2.396714660630029,-1.5159154912920365,-3.1306026286662103
-0.9737157957297919,-0.297987714880134,-0.5248805192459973,-2.7534530349226953,-2.3965252731300386,-1.5159154912920365,-3.1304102261662177
-0.9739897332297909,-0.2978073273801287,-0.5247001317459921,-2.753727891172696,-2.396335885630048,-1.5154430850420488,-3.1304102261662177
-0.9737157957297919,-0.2978073273801287,-0.5247911879959872,-2.7537888715433176,-2.396241191880053,-1.5155375662920463,-3.130265924291223
-0.9737157957297919,-0.2978073273801287,-0.5246090754959969,-2.753300435802073,-2.396241191880053,-1.5156320475420442,-3.1303621255412195
-0.973624483229792,-0.2978388188862794,-0.5250643567459727,-2.753971812655183,-2.396241191880053,-1.5160099725420344,-3.1304102261662177
-0.9738071082297914,-0.29810940013628706,-0.5252438817459852,-2.753727594784561,-2.3965252731300386,-1.5153486037920514,-3.1304102261662177
-0.9738984207297914,-0.2979290126362818,-0.5248813817459896,-2.7540637277933184,-2.396146498130058,-1.5157265287920416,-3.130217823666225
-0.973624483229792,-0.2979290126362818,-0.5247903254959945,-2.753911128672697,-2.396809354380024,-1.5160099725420344,-3.1306026286662103
-0.9738071082297914,-0.2979290126362818,-0.5246992692459993,-2.7536669108020737,-2.3965252731300386,-1.5156320475420442,-3.130458326791216
-0.9737157957297919,-0.2978388188862794,-0.5246090754959969,-2.7534836733020738,-2.396335885630048,-1.5156320475420442,-3.130169723041227
-0.9738984207297914,-0.29801920638628465,-0.525244744245978,-2.753788575155183,-2.3964305793800436,-1.515821010042039,-3.1304102261662177
-0.973624483229792,-0.2978388188862794,-0.5246353737770415,-2.7536669108020737,-2.396241191880053,-1.515821010042039,-3.130217823666225
-0.9733505457297926,-0.2978388188862794,-0.5247264300270367,-2.753911128672697,-2.396335885630048,-1.515821010042039,-3.130265924291223
-0.9738071082297914,-0.2979290126362818,-0.5249076800270343,-2.7536056340433177,-2.3964305793800436,-1.515821010042039,-3.1303621255412195
-0.973624483229792,-0.29810940013628706,-0.5252701800270299,-2.754151624474903,-2.3965252731300386,-1.5161989350420293,-3.1303621255412195
-0.9738984207297914,-0.29801920638628465,-0.5250889300270323,-2.7539990253542808,-2.3964305793800436,-1.5156320475420442,-3.1304102261662177
-0.973624483229792,-0.29810940013628706,-0.5252701800270299,-2.7539683869749023,-2.396335885630048,-1.5156320475420442,-3.130265924291223
-0.9738984207297914,-0.2979290126362818,-0.5249987362770294,-2.7539990253542808,-2.396241191880053,-1.5153486037920514,-3.130265924291223
-0.9737157957297919,-0.2978388188862794,-0.5247264300270367,-2.7537854458630373,-2.396335885630048,-1.5156320475420442,-3.1304102261662177
-0.9738071082297914,-0.29801920638628465,-0.5249068175270419,-2.7536938271130373,-2.3964305793800436,-1.5154430850420488,-3.130265924291223
-0.9737157957297919,-0.2979290126362818,-0.5249076800270343,-2.75412128248366,-2.3965252731300386,-1.5157265287920416,-3.130265924291223
-0.9738071082297914,-0.2979290126362818,-0.5250897925270246,-2.7538767682249023,-2.3964305793800436,-1.5154430850420488,-3.130265924291223
-0.9737157957297919,-0.29810940013628706,-0.5252701800270299,-2.7539683869749023,-2.3965252731300386,-1.515821010042039,-3.130506427416214
-0.9737157957297919,-0.29810940013628706,-0.5249970112770443,-2.7537854458630373,-2.396241191880053,-1.5155375662920463,-3.1304102261662177
-0.973624483229792,-0.2979290126362818,-0.5250897925270246,-2.7540600057249023,-2.396146498130058,-1.5157265287920416,-3.1303140249162213
-0.9737157957297919,-0.29801920638628465,-0.5250889300270323,-2.753815787854281,-2.395767723130077,-1.5150651600420586,-3.130169723041227
-0.9735331707297921,-0.2979290126362818,-0.5248429220580837,-2.753968683363038,-2.3964305793800436,-1.5155375662920463,-3.1303140249162213
-0.9740810457297908,-0.29810940013628706,-0.525023309558089,-2.7536938271130373,-2.3959571106300674,-1.5156320475420442,-3.130265924291223
-0.9737157957297919,-0.2981995938862899,-0.5253866720580773,-2.7539683869749023,-2.3965252731300386,-1.5157265287920416,-3.1303621255412195
-0.9740810457297908,-0.2981995938862899,-0.525204559558087,-2.7538464262336593,-2.3959571106300674,-1.515254122542054,-3.130217823666225
-0.9735331707297921,-0.2978388188862794,-0.5246616720580861,-2.7538160842424153,-2.3964305793800436,-1.5156320475420442,-3.130458326791216
-0.9737157957297919,-0.2979290126362818,-0.5248429220580837,-2.753968683363038,-2.3964305793800436,-1.5154430850420488,-3.1303140249162213
-0.9737157957297919,-0.29810940013628706,-0.525023309558089,-2.7536938271130373,-2.396335885630048,-1.5155375662920463,-3.1304102261662177
-0.9738071082297914,-0.2979290126362818,-0.5251160908080692,-2.754243243224903,-2.396146498130058,-1.5157265287920416,-3.130217823666225
-0.9738071082297914,-0.29801920638628465,-0.5251152283080769,-2.7541822628542816,-2.3965252731300386,-1.5159154912920365,-3.130554528041212
-0.9738071082297914,-0.2979290126362818,-0.5248429220580837,-2.753968683363038,-2.396619966880034,-1.515821010042039,-3.130506427416214
-0.9734418582297926,-0.2979290126362818,-0.5247518658080885,-2.753907702992416,-2.3964305793800436,-1.5157265287920416,-3.1303140249162213
-0.9738071082297914,-0.29796050414243247,-0.525025034558074,-2.754423055044623,-2.396619966880034,-1.5159154912920365,-3.1304102261662177
-0.9738071082297914,-0.29796050414243247,-0.5250513328391186,-2.7540565800446224,-2.396241191880053,-1.5156320475420442,-3.130217823666225
-0.9737157957297919,-0.29814089164243773,-0.5250759061201782,-2.7538430005533785,-2.396241191880053,-1.5154430850420488,-3.1303140249162213
-0.9738984207297914,-0.2980506978924353,-0.5250120106512204,-2.75439271305338,-2.395673029380082,-1.5150651600420586,-3.130169723041227
-0.9737157957297919,-0.29796050414243247,-0.5250776311201633,-2.754239817544623,-2.3964305793800436,-1.5157265287920416,-3.130458326791216
-0.9737157957297919,-0.29787031039243006,-0.5251047919012006,-2.754117560415244,-2.395862416880072,-1.5153486037920514,-3.130265924291223
-0.9738071082297914,-0.29796050414243247,-0.5251039294012079,-2.7541481987946224,-2.3964305793800436,-1.5157265287920416,-3.1303140249162213
-0.973624483229792,-0.29787031039243006,-0.5248053248701705,-2.7539346193033785,-2.3964305793800436,-1.515254122542054,-3.1303140249162213
-0.9737157957297919,-0.2977801166424272,-0.524897243620158,-2.7540565800446224,-2.3965252731300386,-1.5154430850420488,-3.1304102261662177
-0.9737157957297919,-0.2980506978924353,-0.5249857123701758,-2.7542094755533792,-2.3959571106300674,-1.5154430850420488,-3.130265924291223
-0.973624483229792,-0.29814089164243773,-0.525531187370154,-2.7541479024064874,-2.396335885630048,-1.515821010042039,-3.130265924291223
-0.9737157957297919,-0.29787031039243006,-0.5248053248701705,-2.7540262380533784,-2.395578335630087,-1.5147817162920658,-3.1299773205412342
-0.9738984207297914,-0.29814089164243773,-0.5252580186201685,-2.7540565800446224,-2.396146498130058,-1.5156320475420442,-3.130265924291223
-0.9737157957297919,-0.29814089164243773,-0.5250759061201782,-2.7539346193033785,-2.396146498130058,-1.5156320475420442,-3.1303140249162213
-0.9738071082297914,-0.2980506978924353,-0.5250767686201709,-2.7540872184240004,-2.3965252731300386,-1.5157265287920416,-3.1304102261662177
-0.973923192789826,-0.2980506978924353,-0.5252588811201613,-2.754209179165244,-2.396335885630048,-1.5155375662920463,-3.1304102261662177
-0.973923192789826,-0.2980506978924353,-0.5250767686201709,-2.7539039809240005,-2.396335885630048,-1.5153486037920514,-3.1304102261662177
-0.9737405677898265,-0.29787031039243006,-0.5247142686201753,-2.7540568764327578,-2.396335885630048,-1.5156320475420442,-3.1303621255412195
-0.973831880289826,-0.2980506978924353,-0.524803599870185,-2.7541791335621353,-2.3965252731300386,-1.515821010042039,-3.1304102261662177
-0.9737405677898265,-0.29796050414243247,-0.5250776311201633,-2.7541481987946224,-2.3969040481300197,-1.5161044537920318,-3.1306507292912085
-0.973831880289826,-0.29787031039243006,-0.5249874373701608,-2.754331436294623,-2.3964305793800436,-1.5155375662920463,-3.1303140249162213
-0.9736492552898266,-0.2980506978924353,-0.5251678248701661,-2.7540565800446224,-2.3964305793800436,-1.5156320475420442,-3.130458326791216
-0.9737405677898265,-0.29814089164243773,-0.5254401311201589,-2.7541785407858654,-2.3965252731300386,-1.5153486037920514,-3.1304102261662177
-0.973831880289826,-0.29814089164243773,-0.5253490748701637,-2.754025941665244,-2.3964305793800436,-1.5157265287920416,-3.1304102261662177
-0.9737405677898265,-0.2980506978924353,-0.5252588811201613,-2.754209179165244,-2.396241191880053,-1.5157265287920416,-3.1304102261662177
-0.973923192789826,-0.29796050414243247,-0.5252597436201536,-2.7543617782858663,-2.396241191880053,-1.5156320475420442,-3.130265924291223
-0.973923192789826,-0.2982310853924406,-0.5255303248701617,-2.7541785407858654,-2.3965252731300386,-1.515821010042039,-3.130458326791216
-0.9735579427898267,-0.29787031039243006,-0.5249874373701608,-2.754514673794624,-2.396335885630048,-1.515821010042039,-3.130265924291223
-0.973923192789826,-0.29796050414243247,-0.5250128731512127,-2.7540872184240004,-2.3964305793800436,-1.515821010042039,-3.130458326791216
-0.973923192789826,-0.29796050414243247,-0.5252860419011982,-2.754545015785866,-2.3965252731300386,-1.5156320475420442,-3.1304102261662177
-0.97413058984986,-0.29814089164243773,-0.5252843169012131,-2.754331436294623,-2.396241191880053,-1.5154430850420488,-3.130217823666225
-0.9738566523498606,-0.29814089164243773,-0.5254664294012035,-2.7542701595358654,-2.396241191880053,-1.5156320475420442,-3.130458326791216
-0.9735827148498613,-0.29796050414243247,-0.5249218169012175,-2.7540262380533784,-2.3964305793800436,-1.5156320475420442,-3.1303140249162213
-0.9736740273498612,-0.29796050414243247,-0.5251039294012079,-2.754239817544623,-2.396146498130058,-1.5154430850420488,-3.1303140249162213
-0.9737653398498611,-0.2980506978924353,-0.5250120106512204,-2.7540262380533784,-2.396714660630029,-1.5157265287920416,-3.130506427416214
-0.9738566523498606,-0.29814089164243773,-0.5252843169012131,-2.7540565800446224,-2.395673029380082,-1.5149706787920612,-3.1300735217912306
-0.9739479648498606,-0.29826257689859126,-0.525374510651216,-2.7540565800446224,-2.396335885630048,-1.5157265287920416,-3.1304102261662177
-0.9738566523498606,-0.298082189398586,-0.5250120106512204,-2.7542094755533792,-2.396241191880053,-1.5157265287920416,-3.1304102261662177
-0.9736740273498612,-0.2981723831485884,-0.5254664294012035,-2.7542701595358654,-2.396619966880034,-1.515821010042039,-3.1304102261662177
-0.9737653398498611,-0.2981723831485884,-0.5253753731512083,-2.754209179165244,-2.396335885630048,-1.5157265287920416,-3.1303140249162213
-0.9737653398498611,-0.298082189398586,-0.5251030669012156,-2.7541788371740012,-2.3959571106300674,-1.5154430850420488,-3.130169723041227
-0.9735827148498613,-0.2978116081485779,-0.5249235419012026,-2.754423055044623,-2.3964305793800436,-1.5154430850420488,-3.1304102261662177
-0.9737653398498611,-0.298082189398586,-0.5251941231512107,-2.7540565800446224,-2.3964305793800436,-1.5156320475420442,-3.130217823666225
-0.9737653398498611,-0.2981723831485884,-0.5253753731512083,-2.754025941665244,-2.396241191880053,-1.5154430850420488,-3.1303140249162213
-0.9736740273498612,-0.29790180189858073,-0.5250137356512055,-2.7539649612946224,-2.396619966880034,-1.5156320475420442,-3.1303140249162213
-0.9738566523498606,-0.29790180189858073,-0.5249226794012103,-2.7539955996740004,-2.3965252731300386,-1.5161044537920318,-3.130458326791216
-0.9739479648498606,-0.2978116081485779,-0.5248324856512074,-2.7540872184240004,-2.396619966880034,-1.515821010042039,-3.1306026286662103
-0.9736740273498612,-0.29790180189858073,-0.5248316231512151,-2.7539346193033785,-2.396619966880034,-1.5156320475420442,-3.1304102261662177
-0.9736740273498612,-0.29799199564858314,-0.5253123401822428,-2.7543617782858663,-2.396051804380063,-1.5150651600420586,-3.1301216224162287
-0.9737653398498611,-0.2981723831485884,-0.5254016714322529,-2.7543924166652447,-2.3964305793800436,-1.5157265287920416,-3.1303140249162213
-0.9736740273498612,-0.29772141439857547,-0.5248596464322448,-2.754239817544623,-2.3965252731300386,-1.5157265287920416,-3.1304102261662177
-0.9739479648498606,-0.298082189398586,-0.5253114776822505,-2.754117560415244,-2.396335885630048,-1.5156320475420442,-3.1303140249162213
-0.973831880289826,-0.29799199564858314,-0.5250391714322573,-2.7540872184240004,-2.396146498130058,-1.5156320475420442,-3.1303140249162213
-0.973831880289826,-0.298082189398586,-0.5253114776822505,-2.7543924166652447,-2.3964305793800436,-1.5156320475420442,-3.1303140249162213
-0.9736492552898266,-0.29799199564858314,-0.5253123401822428,-2.7541785407858654,-2.395673029380082,-1.515254122542054,-3.1299773205412342
-0.9737405677898265,-0.29826257689859126,-0.5254918651822558,-2.754209179165244,-2.396241191880053,-1.5156320475420442,-3.1303140249162213
-0.9737405677898265,-0.29772141439857547,-0.5246775339322545,-2.7542094755533792,-2.396335885630048,-1.515821010042039,-3.1303621255412195
-0.973831880289826,-0.29814089164243773,-0.5254016714322529,-2.7543924166652447,-2.395578335630087,-1.5148761975420637,-3.129929219916236
-0.973923192789826,-0.29796050414243247,-0.5249481151822621,-2.7538430005533785,-2.396146498130058,-1.5157265287920416,-3.130217823666225
-0.973831880289826,-0.29787031039243006,-0.5251310901822452,-2.754209179165244,-2.3969040481300197,-1.5162934162920272,-3.1306026286662103
-0.973831880289826,-0.2980506978924353,-0.5252204214322553,-2.7541481987946224,-2.396241191880053,-1.5156320475420442,-3.1303140249162213
-0.973831880289826,-0.2980506978924353,-0.5254935901822408,-2.754514377406488,-2.396241191880053,-1.5157265287920416,-3.1303621255412195
-0.973923192789826,-0.29787031039243006,-0.5251310901822452,-2.754209179165244,-2.396241191880053,-1.515821010042039,-3.130506427416214
-0.973831880289826,-0.29787031039243006,-0.5251310901822452,-2.754209179165244,-2.3965252731300386,-1.5156320475420442,-3.1304102261662177
-0.973831880289826,-0.29796050414243247,-0.5253123401822428,-2.7542701595358654,-2.396241191880053,-1.5154430850420488,-3.130169723041227
-0.9737405677898265,-0.29814089164243773,-0.5254927276822481,-2.7539036845358646,-2.3965252731300386,-1.5159154912920365,-3.1306026286662103
-0.9737405677898265,-0.29814089164243773,-0.5253106151822577,-2.7542057534849635,-2.3959571106300674,-1.515821010042039,-3.1303621255412195
-0.9736492552898266,-0.2980506978924353,-0.5252204214322553,-2.7541141347349636,-2.3965252731300386,-1.5159154912920365,-3.1304102261662177
-0.973923192789826,-0.29814089164243773,-0.5254016714322529,-2.7542667338555855,-2.396335885630048,-1.515254122542054,-3.130169723041227
-0.9737405677898265,-0.29787031039243006,-0.5250400339322501,-2.7542973722349635,-2.396241191880053,-1.5157265287920416,-3.1304102261662177
-0.9736492552898266,-0.2977801166424272,-0.5250671947132869,-2.7545415901055863,-2.396146498130058,-1.5157265287920416,-3.130458326791216
-0.973923192789826,-0.2980506978924353,-0.5254288322132902,-2.754327714226207,-2.3964305793800436,-1.5156320475420442,-3.1303140249162213
-0.973831880289826,-0.29814089164243773,-0.5254279697132974,-2.7542667338555855,-2.396335885630048,-1.5159154912920365,-3.1304102261662177
-0.9741058177898254,-0.298321279142443,-0.5256994134632978,-2.754419332976207,-2.395767723130077,-1.5148761975420637,-3.129929219916236
-0.973831880289826,-0.2980506978924353,-0.5252467197132998,-2.7544806097349643,-2.3964305793800436,-1.515821010042039,-3.130265924291223
-0.9737405677898265,-0.29787031039243006,-0.5250663322132946,-2.7544806097349643,-2.3959571106300674,-1.515254122542054,-3.130217823666225
-0.973831880289826,-0.2980506978924353,-0.525337775963295,-2.7543583526055855,-2.396335885630048,-1.515821010042039,-3.1304102261662177
-0.973831880289826,-0.29796050414243247,-0.525156525963297,-2.7541141347349636,-2.3969987418800147,-1.5163878975420246,-3.1308431317912016
-0.973923192789826,-0.2980506978924353,-0.5254288322132902,-2.754327714226207,-2.396241191880053,-1.5157265287920416,-3.130458326791216
-0.9736492552898266,-0.29787031039243006,-0.5252484447132849,-2.754419332976207,-2.396714660630029,-1.5161989350420293,-3.1306026286662103
-0.973831880289826,-0.2980506978924353,-0.5254288322132902,-2.7543852689165487,-2.396335885630048,-1.515821010042039,-3.130265924291223
-0.9737405677898265,-0.2982310853924406,-0.5256092197132954,-2.7545685064165486,-2.395767723130077,-1.5150651600420586,-3.130169723041227
-0.9736492552898266,-0.29814089164243773,-0.5255190259632926,-2.7545685064165486,-2.396241191880053,-1.5156320475420442,-3.1303621255412195
-0.9736492552898266,-0.2980506978924353,-0.5255198884632853,-2.75444624928717,-2.396146498130058,-1.5154430850420488,-3.130265924291223
-0.9740145052898255,-0.29814089164243773,-0.5253369134633022,-2.754354926925305,-2.3965252731300386,-1.5159154912920365,-3.130458326791216
-0.9733753177898272,-0.29787031039243006,-0.5250663322132946,-2.754538164425306,-2.396241191880053,-1.5155375662920463,-3.130265924291223
-0.973923192789826,-0.2980506978924353,-0.5255198884632853,-2.7543546305371693,-2.396335885630048,-1.515821010042039,-3.130265924291223
-0.9740145052898255,-0.2980506978924353,-0.525337775963295,-2.754415907295927,-2.396241191880053,-1.5157265287920416,-3.1303140249162213
-0.973831880289826,-0.29814089164243773,-0.5256100822132878,-2.75453786803717,-2.396619966880034,-1.515821010042039,-3.130458326791216
-0.973831880289826,-0.29796050414243247,-0.5253386384632873,-2.7545685064165486,-2.396714660630029,-1.515821010042039,-3.1306026286662103
-0.9737405677898265,-0.2977801166424272,-0.5250671947132869,-2.754507526045927,-2.396714660630029,-1.5161044537920318,-3.1306026286662103
-0.9737405677898265,-0.29796050414243247,-0.5253386384632873,-2.7543852689165487,-2.396241191880053,-1.5157265287920416,-3.130265924291223
-0.9737405677898265,-0.29787031039243006,-0.5252484447132849,-2.7543852689165487,-2.396241191880053,-1.5154430850420488,-3.130458326791216
-0.973831880289826,-0.29796050414243247,-0.5254559929943271,-2.75462948678717,-2.396241191880053,-1.5159154912920365,-3.1303140249162213
-0.9737157957297919,-0.29814089164243773,-0.5255453242443372,-2.7547517439165494,-2.396241191880053,-1.5153486037920514,-3.130169723041227
-0.9741723582297908,-0.29787031039243006,-0.5251836867443344,-2.754599144795928,-2.396335885630048,-1.5157265287920416,-3.130265924291223
-0.9738071082297914,-0.29814089164243773,-0.5256363804943324,-2.75462948678717,-2.395862416880072,-1.5150651600420586,-3.1300735217912306
-0.9735331707297921,-0.29787031039243006,-0.5251836867443344,-2.754599144795928,-2.396335885630048,-1.5157265287920416,-3.1304102261662177
-0.9738984207297914,-0.29787031039243006,-0.5250926304943392,-2.7540800706753044,-2.396241191880053,-1.515821010042039,-3.130265924291223
-0.9739897332297909,-0.29814089164243773,-0.5256363804943324,-2.75453786803717,-2.3965252731300386,-1.5157265287920416,-3.1304102261662177
-0.9738071082297914,-0.2980506978924353,-0.5253640742443396,-2.754507526045927,-2.396619966880034,-1.5163878975420246,-3.130554528041212
-0.9737157957297919,-0.2980506978924353,-0.5253640742443396,-2.754690763545928,-2.3959571106300674,-1.5156320475420442,-3.1304102261662177
-0.9737157957297919,-0.29787031039243006,-0.5251836867443344,-2.754782382295928,-2.396241191880053,-1.5157265287920416,-3.1304102261662177
-0.9737157957297919,-0.2980506978924353,-0.5254551304943348,-2.7547517439165494,-2.396241191880053,-1.5154430850420488,-3.130217823666225
-0.9737157957297919,-0.29796050414243247,-0.5250007117443513,-2.7543245849340616,-2.396146498130058,-1.5157265287920416,-3.130217823666225
-0.9737157957297919,-0.29796050414243247,-0.5250917679943464,-2.754385565304683,-2.396241191880053,-1.5154430850420488,-3.130265924291223
-0.9735331707297921,-0.29787031039243006,-0.5249105179943488,-2.7543245849340616,-2.3965252731300386,-1.515821010042039,-3.130506427416214
-0.9738984207297914,-0.29787031039243006,-0.5250926304943392,-2.7542973722349635,-2.396335885630048,-1.5156320475420442,-3.1304102261662177
-0.9737157957297919,-0.29796050414243247,-0.5254559929943271,-2.7543886945968286,-2.396051804380063,-1.5154430850420488,-3.130217823666225
-0.9740810457297908,-0.29814089164243773,-0.5255453242443372,-2.7540528579762062,-2.396241191880053,-1.5154430850420488,-3.130169723041227
-0.9737157957297919,-0.29814089164243773,-0.5253632117443469,-2.7544806097349643,-2.396241191880053,-1.5156320475420442,-3.130265924291223
-0.9738984207297914,-0.2977801166424272,-0.524820324244346,-2.75408379274372,-2.3964305793800436,-1.5156320475420442,-3.1303621255412195
-0.9738984207297914,-0.29814089164243773,-0.5256363804943324,-2.7542970758468286,-2.396335885630048,-1.5156320475420442,-3.130265924291223
-0.9738071082297914,-0.29841147289244585,-0.5259069617443405,-2.7543886945968286,-2.3971881293800053,-1.5161989350420293,-3.1306507292912085
-0.9737157957297919,-0.29814089164243773,-0.525454267994342,-2.7543583526055855,-2.3965252731300386,-1.5159154912920365,-3.1303621255412195
-0.9735331707297921,-0.29814089164243773,-0.525454267994342,-2.7541751151055855,-2.396714660630029,-1.5163878975420246,-3.1306507292912085
-0.9738071082297914,-0.29787031039243006,-0.5251836867443344,-2.7545415901055863,-2.3964305793800436,-1.5154430850420488,-3.130265924291223
-0.9737157957297919,-0.29787031039243006,-0.5251836867443344,-2.7542667338555855,-2.396241191880053,-1.5157265287920416,-3.1304102261662177
-0.9737157957297919,-0.29787031039243006,-0.525209985025379,-2.7542667338555855,-2.3964305793800436,-1.5157265287920416,-3.1304102261662177
-0.9737157957297919,-0.2980506978924353,-0.5255724850253746,-2.7543886945968286,-2.3959571106300674,-1.515254122542054,-3.1300735217912306
-0.9737157957297919,-0.29787031039243006,-0.525209985025379,-2.7545415901055863,-2.3965252731300386,-1.5156320475420442,-3.130265924291223
-0.9738984207297914,-0.29796050414243247,-0.5252091225253862,-2.7545722284849643,-2.3964305793800436,-1.5157265287920416,-3.1304102261662177
-0.973624483229792,-0.2976899228924248,-0.5251206537753689,-2.754602570476208,-2.396241191880053,-1.5154430850420488,-3.1303140249162213
-0.9738071082297914,-0.2980506978924353,-0.5254814287753794,-2.754419332976207,-2.396335885630048,-1.5157265287920416,-3.1304102261662177
-0.9738984207297914,-0.29814089164243773,-0.5257537350253721,-2.7543580562174506,-2.396335885630048,-1.5157265287920416,-3.130217823666225
-0.9738071082297914,-0.2980506978924353,-0.5253903725253842,-2.7541751151055855,-2.396335885630048,-1.5154430850420488,-3.130217823666225
-0.9737157957297919,-0.29796050414243247,-0.5252091225253862,-2.7542057534849635,-2.3965252731300386,-1.5155375662920463,-3.1304102261662177
-0.9737157957297919,-0.29787031039243006,-0.5250278725253886,-2.7542363918643415,-2.3965252731300386,-1.515821010042039,-3.1304102261662177
-0.9740562736697562,-0.2980506978924353,-0.5254814287753794,-2.754419332976207,-2.396146498130058,-1.5154430850420488,-3.1304102261662177
-0.9735997111697574,-0.29787031039243006,-0.5249368162753935,-2.754358648993721,-2.396619966880034,-1.515821010042039,-3.130458326791216
-0.9737823361697568,-0.29814089164243773,-0.5257537350253721,-2.7546329124674513,-2.396146498130058,-1.5156320475420442,-3.130458326791216
-0.9737823361697568,-0.29814089164243773,-0.5253895100253915,-2.7542057534849635,-2.3954836418800913,-1.5148761975420637,-3.129881119291238
-0.9738736486697568,-0.2982310853924406,-0.5257528725253798,-2.7545719320968294,-2.3965252731300386,-1.5157265287920416,-3.1303140249162213
-0.9736910236697573,-0.29787031039243006,-0.5251189287753838,-2.7542973722349635,-2.3964305793800436,-1.5153486037920514,-3.1303621255412195
-0.9738736486697568,-0.29814089164243773,-0.525662678775377,-2.7545719320968294,-2.396241191880053,-1.5153486037920514,-3.130458326791216
-0.8954538673348876,-0.24445807551199433,-0.5223638076867023,-2.2768174982094522,-1.992557234724155,-1.45050071321706,-2.7708553564677487
-0.8957525768949217,-0.24445807551199433,-0.5224164042487915,-2.2767258794594523,-1.9921784597241743,-1.4500283069670723,-2.770951557717745
-0.8956612643949218,-0.2443993732681426,-0.5223525087798337,-2.277183973209453,-1.992936009724136,-1.45050071321706,-2.771095859592739
-0.8958438893949217,-0.24430917951813974,-0.5221975570608803,-2.277122992838831,-1.992557234724155,-1.4500283069670723,-2.7709034570927464
-0.8955034114549569,-0.24457976076814741,-0.5224944365919326,-2.276997310029172,-1.9921784597241743,-1.449650381967082,-2.770662953967756
-0.8956860364549564,-0.2443406710242904,-0.5223412098729647,-2.2770582903997933,-1.9923678472241644,-1.450311750717065,-2.770951557717745
-0.895710808514991,-0.2443406710242904,-0.5223675081540093,-2.2769666716497934,-1.9927466222241454,-1.450311750717065,-2.771095859592739
-0.8958021210149909,-0.24443086477429327,-0.5226661126850476,-2.277271869891038,-1.9926519284741504,-1.4502172694670672,-2.7709996583427428
-0.895710808514991,-0.24452105852429568,-0.5225094359661087,-2.2772381022195143,-1.992557234724155,-1.4501227882170697,-2.7708553564677487
-0.8956194960149915,-0.24452105852429568,-0.5228089029971392,-2.2775126620813797,-1.9927466222241454,-1.450311750717065,-2.771095859592739
-0.8957355805750256,-0.24461125227429809,-0.5230164512781814,-2.2775736424520012,-1.9923678472241644,-1.450311750717065,-2.7707591552177524
-0.895710808514991,-0.244250477274288,-0.522851925652345,-2.277634622822623,-1.9922731534741693,-1.4497448632170795,-2.7705667527177598
-0.895710808514991,-0.24443086477429327,-0.5230586114333948,-2.2776005587629635,-1.992557234724155,-1.4501227882170697,-2.7709996583427428
-0.8956442680750261,-0.244250477274288,-0.5228782239333896,-2.277967033762965,-1.9884602712916226,-1.4495559007170842,-2.770711054592754
-0.895710808514991,-0.2443993732681426,-0.5233317801833803,-2.2780583561248298,-1.9892178212915843,-1.4497448632170795,-2.7708553564677487
-0.8958021210149909,-0.24461125227429809,-0.5232389989333996,-2.2778754150129643,-1.9895019025415699,-1.450311750717065,-2.771095859592739
-0.8956194960149915,-0.24452105852429568,-0.5232924579954816,-2.2778447766335863,-1.9895965962915652,-1.450311750717065,-2.7710477589677414
-0.8956194960149915,-0.24452105852429568,-0.5232924579954816,-2.278119632883587,-1.989123127541589,-1.4497448632170795,-2.7709034570927464
-0.8958021210149909,-0.2443993732681426,-0.5232022642454792,-2.2778447766335863,-1.9895019025415699,-1.4501227882170697,-2.7709996583427428
-0.8955281835149915,-0.244489567018145,-0.5232277000265311,-2.2776921775129644,-1.9895019025415699,-1.4500283069670723,-2.7708553564677487
-0.895710808514991,-0.24457976076814741,-0.5235263045575684,-2.278088994504209,-1.9895019025415699,-1.4501227882170697,-2.7711439602177377
-0.8955281835149915,-0.24457976076814741,-0.5233441920575781,-2.277967033762965,-1.9895965962915652,-1.4502172694670672,-2.770951557717745
-0.895710808514991,-0.244489567018145,-0.5231629420575805,-2.2780892908923436,-1.9893125150415796,-1.4500283069670723,-2.7710477589677414
-0.8956194960149915,-0.244489567018145,-0.5233450545575709,-2.278028014133587,-1.989123127541589,-1.449650381967082,-2.770951557717745
-0.8956194960149915,-0.244489567018145,-0.5233713528386155,-2.2778447766335863,-1.9892178212915843,-1.4501227882170697,-2.770951557717745
-0.895710808514991,-0.24430917951813974,-0.523099909088615,-2.2777837962629643,-1.9893125150415796,-1.4501227882170697,-2.770951557717745
-0.8958021210149909,-0.244489567018145,-0.5232802965886203,-2.2781162072033068,-1.9895019025415699,-1.4501227882170697,-2.770951557717745
-0.895710808514991,-0.2443993732681426,-0.5234632715886034,-2.2781159108151714,-1.9895965962915652,-1.4501227882170697,-2.7710477589677414
-0.8960760585149903,-0.24430917951813974,-0.5233993761196452,-2.2781159108151714,-1.9895019025415699,-1.4499338257170749,-2.7709034570927464
-0.8958021210149909,-0.24457976076814741,-0.5236699573696528,-2.2778410545651706,-1.9894072087915746,-1.4499338257170749,-2.7709034570927464
-0.8956194960149915,-0.2443993732681426,-0.5233985136196528,-2.2779633116945495,-1.9893125150415796,-1.449839344467077,-2.770951557717745
-0.8956194960149915,-0.244489567018145,-0.5233976511196601,-2.2781771875739283,-1.9892178212915843,-1.4500283069670723,-2.7710477589677414
-0.8958021210149909,-0.24461125227429809,-0.5236699573696528,-2.2780242920651714,-1.9896912900415604,-1.45050071321706,-2.7711439602177377
-0.8958934335149908,-0.24452105852429568,-0.5234887073696552,-2.2782381679445503,-1.9893125150415796,-1.4499338257170749,-2.770951557717745
-0.8958021210149909,-0.24461125227429809,-0.5236051994007023,-2.27832978669455,-1.9892178212915843,-1.4500283069670723,-2.7709996583427428
-0.895710808514991,-0.24461125227429809,-0.5236051994007023,-2.2779633116945495,-1.9894072087915746,-1.4499338257170749,-2.771095859592739
-0.8956194960149915,-0.24452105852429568,-0.5236971181506902,-2.278176891185793,-1.9892178212915843,-1.4499338257170749,-2.770951557717745
-0.8955529555750261,-0.24461125227429809,-0.5234230869007119,-2.2782078259533067,-1.9890284337915938,-1.4499338257170749,-2.7709034570927464
-0.8956442680750261,-0.24470144602430094,-0.52360433690071,-2.2780855688239274,-1.9895965962915652,-1.4501227882170697,-2.771095859592739
-0.8959182055750254,-0.2448818335243062,-0.5239668369007056,-2.2781159108151714,-1.9890284337915938,-1.449650381967082,-2.7709996583427428
-0.8957355805750256,-0.2443406710242904,-0.5236988431506753,-2.278207233177037,-1.9894072087915746,-1.449839344467077,-2.7708553564677487
-0.8956442680750261,-0.24461125227429809,-0.5236314976817469,-2.2781465491945494,-1.9892178212915843,-1.4499338257170749,-2.7709034570927464
-0.8957355805750256,-0.24461125227429809,-0.5236314976817469,-2.2780549304445494,-1.9894072087915746,-1.4499338257170749,-2.770951557717745
-0.8957355805750256,-0.24452105852429568,-0.5236323601817396,-2.2781159108151714,-1.9893125150415796,-1.4497448632170795,-2.77080725584275
-0.8957355805750256,-0.2448818335243062,-0.5239931351817502,-2.2778410545651706,-1.9893125150415796,-1.449839344467077,-2.7709034570927464
-0.8956442680750261,-0.24443086477429327,-0.5235421664317372,-2.278299148315172,-1.9893125150415796,-1.449839344467077,-2.770951557717745
-0.8956442680750261,-0.24461125227429809,-0.5236314976817469,-2.2778716929445486,-1.9895965962915652,-1.4502172694670672,-2.771095859592739
-0.8959182055750254,-0.24461125227429809,-0.5236314976817469,-2.2781465491945494,-1.989123127541589,-1.4494614194670867,-2.77080725584275
-0.8957355805750256,-0.24452105852429568,-0.5237234164317348,-2.278176891185793,-1.9892178212915843,-1.4497448632170795,-2.7709034570927464
-0.8955529555750261,-0.2443406710242904,-0.5233872147127838,-2.27832978669455,-1.9895019025415699,-1.4499338257170749,-2.7710477589677414
-0.8955529555750261,-0.2443406710242904,-0.5233872147127838,-2.2778716929445486,-1.9894072087915746,-1.449839344467077,-2.7709996583427428
-0.8956442680750261,-0.24443086477429327,-0.5233863522127915,-2.2782688063239283,-1.9893125150415796,-1.449650381967082,-2.7707591552177524
-0.8957355805750256,-0.2443406710242904,-0.5232961584627887,-2.2782688063239283,-1.9893125150415796,-1.4500283069670723,-2.771095859592739
-0.8954616430750262,-0.24452105852429568,-0.5237497147127794,-2.277993653685792,-1.9893125150415796,-1.4499338257170749,-2.7710477589677414
-0.8956442680750261,-0.24452105852429568,-0.5236586584627843,-2.2779326733151706,-1.9892178212915843,-1.4495559007170842,-2.77080725584275
-0.8955529555750261,-0.24470144602430094,-0.523565877212804,-2.2781162072033068,-1.9890284337915938,-1.4497448632170795,-2.770951557717745
-0.8956442680750261,-0.24452105852429568,-0.5236586584627843,-2.2779326733151706,-1.989123127541589,-1.4497448632170795,-2.7710477589677414
-0.8957355805750256,-0.24479163977430335,-0.5239292397127919,-2.2782075295651714,-1.9895965962915652,-1.4502172694670672,-2.7710477589677414
-0.8955529555750261,-0.24461125227429809,-0.5236577959627915,-2.27832978669455,-1.989123127541589,-1.449839344467077,-2.7709034570927464
-0.8957355805750256,-0.24491332503045685,-0.5241367879938346,-2.2785433661857937,-1.9895019025415699,-1.4502172694670672,-2.7711439602177377
-0.8959182055750254,-0.2444623562804439,-0.5235037067438313,-2.2782381679445503,-1.9890284337915938,-1.4499338257170749,-2.770951557717745
-0.8957355805750256,-0.244823131280454,-0.5238644817438414,-2.2781465491945494,-1.9894072087915746,-1.449839344467077,-2.770951557717745
-0.8954616430750262,-0.24458404153659696,-0.5235939004938337,-2.2781465491945494,-1.9893125150415796,-1.449839344467077,-2.770951557717745
-0.8957355805750256,-0.24458404153659696,-0.5233207317438482,-2.2779636080826844,-1.9895019025415699,-1.4501227882170697,-2.7710477589677414
-0.8956442680750261,-0.24467423528659937,-0.5236840942438361,-2.2779633116945495,-1.9893125150415796,-1.4501227882170697,-2.770951557717745
-0.8957355805750256,-0.24467423528659937,-0.5236840942438361,-2.2781465491945494,-1.9893125150415796,-1.4499338257170749,-2.770951557717745
-0.8955529555750261,-0.24467423528659937,-0.5237751504938313,-2.2781159108151714,-1.9893125150415796,-1.449839344467077,-2.770951557717745
-0.8956442680750261,-0.24458404153659696,-0.5235939004938337,-2.2782381679445503,-1.9892178212915843,-1.4497448632170795,-2.7709034570927464
-0.8958268930750255,-0.2449448165366075,-0.5240457317438394,-2.2779326733151706,-1.9894072087915746,-1.4499338257170749,-2.7709034570927464
-0.8958268930750255,-0.24476442903660223,-0.523774287993839,-2.2781465491945494,-1.9890284337915938,-1.449650381967082,-2.77080725584275
-0.8957355805750256,-0.24467423528659937,-0.5238662067438264,-2.277993653685792,-1.989123127541589,-1.449839344467077,-2.770951557717745
-0.8958268930750255,-0.24458404153659696,-0.5235939004938337,-2.2780549304445494,-1.989123127541589,-1.4499338257170749,-2.770951557717745
-0.8956442680750261,-0.24458404153659696,-0.5237112550248735,-2.278299148315172,-1.9895019025415699,-1.450311750717065,-2.7709996583427428
-0.8956442680750261,-0.24449384778659455,-0.5235300050248759,-2.2778716929445486,-1.9898806775415507,-1.45050071321706,-2.7711439602177377
-0.8955529555750261,-0.24485462278660464,-0.5239818362748812,-2.27765781706517,-1.9895019025415699,-1.4499338257170749,-2.7709034570927464
-0.8955529555750261,-0.24458404153659696,-0.5236201987748783,-2.2778716929445486,-1.9893125150415796,-1.4497448632170795,-2.7708553564677487
-0.8957355805750256,-0.24467423528659937,-0.5238014487748759,-2.2780242920651714,-1.9892178212915843,-1.4495559007170842,-2.7709034570927464
-0.8958268930750255,-0.24458404153659696,-0.5238023112748686,-2.278268509935793,-1.9892178212915843,-1.4501227882170697,-2.770951557717745
-0.8956442680750261,-0.24458404153659696,-0.5238023112748686,-2.2783601286857937,-1.9893125150415796,-1.4499338257170749,-2.7710477589677414
-0.8958268930750255,-0.24458404153659696,-0.5237112550248735,-2.2781159108151714,-1.988649658791613,-1.4488000507171037,-2.7705667527177598
-0.8957355805750256,-0.2449448165366075,-0.5239809737748888,-2.2781465491945494,-1.9893125150415796,-1.4501227882170697,-2.770951557717745
-0.8955529555750261,-0.24437216253044106,-0.5235308675248682,-2.278299148315172,-1.9892178212915843,-1.4495559007170842,-2.770951557717745
-0.8956442680750261,-0.2444623562804439,-0.5235300050248759,-2.2780549304445494,-1.9894072087915746,-1.4499338257170749,-2.7709034570927464
-0.8955529555750261,-0.24464274378044873,-0.5237103925248807,-2.2779633116945495,-1.9892178212915843,-1.4495559007170842,-2.770951557717745
-0.8956442680750261,-0.24473293753045158,-0.5238916425248787,-2.278299148315172,-1.9892178212915843,-1.4499338257170749,-2.770951557717745
-0.8957355805750256,-0.24464274378044873,-0.5238014487748759,-2.2779326733151706,-1.9892178212915843,-1.449839344467077,-2.7709996583427428
-0.8957355805750256,-0.24464274378044873,-0.5237103925248807,-2.2782381679445503,-1.9893125150415796,-1.4499338257170749,-2.770951557717745
-0.8958268930750255,-0.244823131280454,-0.5237997237748908,-2.2781771875739283,-1.9894072087915746,-1.449650381967082,-2.7708553564677487
-0.8958268930750255,-0.24464274378044873,-0.5238014487748759,-2.2778410545651706,-1.9894072087915746,-1.4499338257170749,-2.771192060842736
-0.8956442680750261,-0.24464274378044873,-0.5238014487748759,-2.278299148315172,-1.9895965962915652,-1.4500283069670723,-2.7711439602177377
-0.8958268930750255,-0.24473293753045158,-0.5238916425248787,-2.2782075295651714,-1.9894072087915746,-1.449839344467077,-2.7709996583427428
-0.8957355805750256,-0.24455255003044632,-0.5237112550248735,-2.2782075295651714,-1.9893125150415796,-1.4497448632170795,-2.7708553564677487
-0.8955529555750261,-0.24464274378044873,-0.5238277470559205,-2.2781159108151714,-1.989123127541589,-1.4500283069670723,-2.7709996583427428
-0.8957355805750256,-0.24464274378044873,-0.5239188033059157,-2.278268509935793,-1.9894072087915746,-1.4494614194670867,-2.770951557717745
-0.8957355805750256,-0.24473293753045158,-0.5240089970559185,-2.2784517474357937,-1.988649658791613,-1.4497448632170795,-2.7707591552177524
-0.8957355805750256,-0.2444623562804439,-0.5235563033059205,-2.2780549304445494,-1.989123127541589,-1.449839344467077,-2.7709034570927464
-0.8959182055750254,-0.24455255003044632,-0.5237375533059181,-2.2778410545651706,-1.9894072087915746,-1.4501227882170697,-2.7711439602177377
-0.8958268930750255,-0.24455255003044632,-0.5238286095559133,-2.277810416185792,-1.9894072087915746,-1.4495559007170842,-2.770951557717745
-0.8959182055750254,-0.24473293753045158,-0.5239179408059234,-2.2780242920651714,-1.9892178212915843,-1.4499338257170749,-2.7709996583427428
-0.8956442680750261,-0.24464274378044873,-0.5239188033059157,-2.278268509935793,-1.9892178212915843,-1.4495559007170842,-2.770951557717745
-0.8955529555750261,-0.24464274378044873,-0.523554578305935,-2.2781162072033068,-1.9888390462916035,-1.4495559007170842,-2.7708553564677487
-0.8957355805750256,-0.2444623562804439,-0.5236473595559157,-2.2781159108151714,-1.9894072087915746,-1.4495559007170842,-2.770951557717745
-0.8958268930750255,-0.24464274378044873,-0.5237366908059253,-2.2778716929445486,-1.9890284337915938,-1.4493669382170893,-2.7707591552177524
-0.8956442680750261,-0.24455255003044632,-0.5237375533059181,-2.278299148315172,-1.9895965962915652,-1.4501227882170697,-2.771192060842736
-0.8956442680750261,-0.2444623562804439,-0.5237384158059109,-2.278268509935793,-1.9894072087915746,-1.4497448632170795,-2.770951557717745
-0.8956442680750261,-0.24464274378044873,-0.5239188033059157,-2.2784517474357937,-1.9893125150415796,-1.4495559007170842,-2.770951557717745
-0.8957355805750256,-0.2444623562804439,-0.5235563033059205,-2.2781465491945494,-1.989123127541589,-1.4497448632170795,-2.7708553564677487
-0.8958268930750255,-0.24455255003044632,-0.5238286095559133,-2.278176891185793,-1.9892178212915843,-1.449839344467077,-2.770951557717745
-0.8957603526350602,-0.24464274378044873,-0.524100915805906,-2.278207233177037,-1.9892178212915843,-1.4497448632170795,-2.770951557717745
-0.89594297763506,-0.24455255003044632,-0.5240633186179928,-2.278390470677037,-1.9893125150415796,-1.4495559007170842,-2.770951557717745
-0.8957603526350602,-0.24437216253044106,-0.5237008186179972,-2.278176891185793,-1.9894072087915746,-1.449839344467077,-2.7710477589677414
-0.8957603526350602,-0.2444623562804439,-0.5236999561180049,-2.2782075295651714,-1.9892178212915843,-1.4495559007170842,-2.770951557717745
-0.8956690401350607,-0.24464274378044873,-0.5238803436180097,-2.2781159108151714,-1.9895965962915652,-1.4500283069670723,-2.7711439602177377
-0.8957603526350602,-0.24464274378044873,-0.5240361578369555,-2.278329490306415,-1.989123127541589,-1.4495559007170842,-2.771095859592739
-0.8957603526350602,-0.24455255003044632,-0.5238549078369579,-2.277993653685792,-1.989123127541589,-1.4497448632170795,-2.7709996583427428
-0.8956690401350607,-0.24473293753045158,-0.5240615936180077,-2.277902034935792,-1.9890284337915938,-1.4497448632170795,-2.770951557717745
-0.8958516651350601,-0.2444623562804439,-0.5236999561180049,-2.2782075295651714,-1.9892178212915843,-1.4495559007170842,-2.7709996583427428
-0.8958516651350601,-0.2444623562804439,-0.5237910123680001,-2.277993653685792,-1.9889337400415987,-1.449177975717094,-2.77080725584275
-0.8960342901350595,-0.24455255003044632,-0.5236990936180121,-2.2776884554445487,-1.9894072087915746,-1.4497448632170795,-2.771095859592739
-0.8958516651350601,-0.24428196878043865,-0.5238837936179803,-2.2783598322976584,-1.9894072087915746,-1.4500283069670723,-2.7710477589677414
-0.8957603526350602,-0.24437216253044106,-0.5237008186179972,-2.278176891185793,-1.9895965962915652,-1.4499338257170749,-2.771240161467734
-0.8955777276350607,-0.2444623562804439,-0.5239731248679904,-2.278390470677037,-1.9890284337915938,-1.449839344467077,-2.7708553564677487
-0.8956690401350607,-0.2444623562804439,-0.5236999561180049,-2.278390767065172,-1.989123127541589,-1.4499338257170749,-2.7710477589677414
-0.8957603526350602,-0.24464274378044873,-0.5242445686179904,-2.2782682135476584,-1.9892178212915843,-1.4497448632170795,-2.770951557717745
-0.8958516651350601,-0.24437216253044106,-0.5237008186179972,-2.278085272435793,-1.9894072087915746,-1.449839344467077,-2.7710477589677414
-0.8957603526350602,-0.2443406710242904,-0.5237918748679924,-2.278237871556415,-1.9894072087915746,-1.4497448632170795,-2.7711439602177377
-0.8957603526350602,-0.2443406710242904,-0.523609762368002,-2.278299148315172,-1.9893125150415796,-1.4499338257170749,-2.7710477589677414
-0.8956690401350607,-0.24452105852429568,-0.5238812061180025,-2.278176891185793,-1.989123127541589,-1.4497448632170795,-2.7710477589677414
-0.8956690401350607,-0.2443406710242904,-0.523609762368002,-2.2780242920651714,-1.989123127541589,-1.4495559007170842,-2.770951557717745
-0.8954864151350608,-0.244489567018145,-0.5238812061180025,-2.2783601286857937,-1.9893125150415796,-1.4500283069670723,-2.7711439602177377
-0.8956690401350607,-0.244489567018145,-0.5238812061180025,-2.278268509935793,-1.9890284337915938,-1.4495559007170842,-2.771095859592739
-0.8958516651350601,-0.24430917951813974,-0.523609762368002,-2.2782075295651714,-1.9893125150415796,-1.4495559007170842,-2.7711439602177377
-0.8957603526350602,-0.244489567018145,-0.5238812061180025,-2.278085272435793,-1.9892178212915843,-1.4497448632170795,-2.7709996583427428
-0.8955777276350607,-0.244489567018145,-0.5238812061180025,-2.278176891185793,-1.9893125150415796,-1.4495559007170842,-2.771095859592739
-0.8957603526350602,-0.24421898576813733,-0.5235195686179996,-2.2779326733151706,-1.9893125150415796,-1.4499338257170749,-2.7711439602177377
-0.8955777276350607,-0.24457976076814741,-0.5239713998680049,-2.277993653685792,-1.9892178212915843,-1.4499338257170749,-2.7711439602177377
-0.8960342901350595,-0.24457976076814741,-0.5238803436180097,-2.2778410545651706,-1.9894072087915746,-1.4499338257170749,-2.7710477589677414
-0.8956690401350607,-0.24457976076814741,-0.5239713998680049,-2.278268509935793,-1.9892178212915843,-1.4495559007170842,-2.7709996583427428
-0.89594297763506,-0.2443993732681426,-0.5237910123680001,-2.278176891185793,-1.9897859837915557,-1.4499338257170749,-2.771095859592739
-0.8957603526350602,-0.244489567018145,-0.5238812061180025,-2.277902034935792,-1.9892178212915843,-1.4495559007170842,-2.7710477589677414
-0.8956442680750261,-0.244489567018145,-0.5238812061180025,-2.278268509935793,-1.9892178212915843,-1.4495559007170842,-2.770951557717745
-0.8957355805750256,-0.2443993732681426,-0.5237910123680001,-2.278176891185793,-1.9893125150415796,-1.449650381967082,-2.7709996583427428
-0.8959182055750254,-0.24476014826815268,-0.5243338998680005,-2.278115614427036,-1.989123127541589,-1.4497448632170795,-2.7710477589677414
-0.8955529555750261,-0.24421898576813733,-0.5233374561180093,-2.2782688063239283,-1.989123127541589,-1.4495559007170842,-2.7709996583427428
-0.8957355805750256,-0.24476014826815268,-0.5241517873680102,-2.277902034935792,-1.9892178212915843,-1.4495559007170842,-2.770951557717745
-0.8956442680750261,-0.2443993732681426,-0.5239083668990399,-2.2777797778064133,-1.9893125150415796,-1.4497448632170795,-2.7710477589677414
-0.8955529555750261,-0.244489567018145,-0.5239075043990471,-2.278268509935793,-1.9892178212915843,-1.449839344467077,-2.7710477589677414
-0.8956442680750261,-0.244489567018145,-0.5239075043990471,-2.278176891185793,-1.9890284337915938,-1.4494614194670867,-2.771095859592739
-0.8955529555750261,-0.2443993732681426,-0.5238173106490447,-2.277993653685792,-1.9895965962915652,-1.449839344467077,-2.7710477589677414
-0.8957355805750256,-0.2448818335243062,-0.5242682793990576,-2.278268509935793,-1.9890284337915938,-1.4494614194670867,-2.7709034570927464
-0.8957355805750256,-0.24452105852429568,-0.5239075043990471,-2.278176891185793,-1.9895965962915652,-1.4497448632170795,-2.7710477589677414
-0.8955529555750261,-0.24443086477429327,-0.5237262543990495,-2.2780242920651714,-1.9890284337915938,-1.449839344467077,-2.7710477589677414
-0.8956442680750261,-0.24470144602430094,-0.5240878918990524,-2.277993653685792,-1.9894072087915746,-1.4497448632170795,-2.770951557717745
-0.8958268930750255,-0.24452105852429568,-0.5235432793990664,-2.2782078259533067,-1.989123127541589,-1.449839344467077,-2.7710477589677414
-0.8958268930750255,-0.24479163977430335,-0.5245423106490354,-2.278054337668279,-1.9890284337915938,-1.4495559007170842,-2.7710477589677414
-0.8957355805750256,-0.24470144602430094,-0.5241789481490475,-2.278146252806415,-1.9892178212915843,-1.4493669382170893,-2.7709996583427428
-0.8957355805750256,-0.24470144602430094,-0.5239968356490572,-2.2778410545651706,-1.9892178212915843,-1.4494614194670867,-2.770951557717745
-0.8958268930750255,-0.24461125227429809,-0.5239976981490495,-2.278268509935793,-1.989123127541589,-1.449839344467077,-2.7709996583427428
-0.8956442680750261,-0.24443086477429327,-0.5236351981490543,-2.2781465491945494,-1.9890284337915938,-1.4493669382170893,-2.770951557717745
-0.8956442680750261,-0.24443086477429327,-0.5235441418990592,-2.2778107125739266,-1.9890284337915938,-1.4495559007170842,-2.7709996583427428
-0.8956442680750261,-0.2443406710242904,-0.5236360606490467,-2.278482385815172,-1.9893125150415796,-1.449839344467077,-2.7710477589677414
-0.8955529555750261,-0.2443406710242904,-0.5237271168990418,-2.277902034935792,-1.989123127541589,-1.449650381967082,-2.7710477589677414
-0.8956442680750261,-0.244250477274288,-0.5234548106490491,-2.2781465491945494,-1.989123127541589,-1.4495559007170842,-2.7710477589677414
-0.8956442680750261,-0.24470144602430094,-0.5239968356490572,-2.2782075295651714,-1.9893125150415796,-1.449839344467077,-2.7709996583427428
-0.8957355805750256,-0.24452105852429568,-0.5239075043990471,-2.277902034935792,-1.9893125150415796,-1.4495559007170842,-2.7709034570927464
-0.8958268930750255,-0.24461125227429809,-0.5241798106490398,-2.278390470677037,-1.989123127541589,-1.4497448632170795,-2.7710477589677414
-0.8956442680750261,-0.24470144602430094,-0.523905779399062,-2.2781465491945494,-1.9893125150415796,-1.4495559007170842,-2.7709996583427428
-0.8956442680750261,-0.2443406710242904,-0.5237271168990418,-2.278176891185793,-1.9895965962915652,-1.4499338257170749,-2.7711439602177377
-0.8958268930750255,-0.24470144602430094,-0.5240878918990524,-2.278268509935793,-1.9892178212915843,-1.4495559007170842,-2.7709996583427428
-0.8957355805750256,-0.2443406710242904,-0.5237271168990418,-2.278085272435793,-1.9893125150415796,-1.449839344467077,-2.7709996583427428
-0.8955529555750261,-0.24452105852429568,-0.5238164481490519,-2.2781159108151714,-1.9890284337915938,-1.4495559007170842,-2.7709034570927464
-0.8957355805750256,-0.2443406710242904,-0.5239092293990322,-2.278298851927037,-1.9896912900415604,-1.450311750717065,-2.771240161467734
-0.8957355805750256,-0.24452105852429568,-0.5239075043990471,-2.278176891185793,-1.989123127541589,-1.4497448632170795,-2.771095859592739
-0.8955529555750261,-0.24452105852429568,-0.5239075043990471,-2.2783601286857937,-1.9892178212915843,-1.4499338257170749,-2.771095859592739
-0.8958268930750255,-0.24479163977430335,-0.5241780856490548,-2.277993653685792,-1.9888390462916035,-1.4493669382170893,-2.7709034570927464
-0.8956442680750261,-0.24461125227429809,-0.5239976981490495,-2.2783601286857937,-1.9894072087915746,-1.4501227882170697,-2.771095859592739
-0.8957355805750256,-0.24452105852429568,-0.5238164481490519,-2.2779326733151706,-1.9892178212915843,-1.4497448632170795,-2.7709034570927464
-0.8959182055750254,-0.24443086477429327,-0.5241167776800748,-2.2781765947976576,-1.9893125150415796,-1.4494614194670867,-2.7709996583427428
-0.8957355805750256,-0.24452105852429568,-0.5239338026800917,-2.278268509935793,-1.988649658791613,-1.4493669382170893,-2.7708553564677487
-0.8955529555750261,-0.24461125227429809,-0.5242971651800796,-2.2782682135476584,-1.9893125150415796,-1.4497448632170795,-2.7709996583427428
-0.8957355805750256,-0.24461125227429809,-0.5240239964300941,-2.277902034935792,-1.989123127541589,-1.449650381967082,-2.7710477589677414
-0.8954616430750262,-0.24452105852429568,-0.5238427464300965,-2.2779326733151706,-1.9894072087915746,-1.4497448632170795,-2.7711439602177377
-0.8959182055750254,-0.24452105852429568,-0.5242069714300772,-2.2783598322976584,-1.988649658791613,-1.4495559007170842,-2.77080725584275
-0.8957355805750256,-0.24461125227429809,-0.5243882214300748,-2.278237575168279,-1.9894072087915746,-1.4495559007170842,-2.7710477589677414
-0.8955529555750261,-0.2443406710242904,-0.5237534151800864,-2.278176891185793,-1.9892178212915843,-1.449650381967082,-2.770951557717745
-0.8957355805750256,-0.24452105852429568,-0.5238427464300965,-2.2782075295651714,-1.9892178212915843,-1.4497448632170795,-2.7710477589677414
-0.8957355805750256,-0.24479163977430335,-0.5242043839300994,-2.278176891185793,-1.9893125150415796,-1.4494614194670867,-2.7709996583427428
-0.8954616430750262,-0.24452105852429568,-0.5240248589300869,-2.278237871556415,-1.9885549650416177,-1.449177975717094,-2.77080725584275
-0.8956442680750261,-0.24443086477429327,-0.5240257214300796,-2.278390470677037,-1.9893125150415796,-1.4497448632170795,-2.7710477589677414
-0.8956442680750261,-0.24452105852429568,-0.5238427464300965,-2.2781159108151714,-1.9894072087915746,-1.4502172694670672,-2.7711439602177377
-0.8956442680750261,-0.24470144602430094,-0.5239320776801066,-2.2780549304445494,-1.9892178212915843,-1.4495559007170842,-2.7709996583427428
-0.8957355805750256,-0.24461125227429809,-0.5240239964300941,-2.277993653685792,-1.989123127541589,-1.4497448632170795,-2.7709996583427428
-0.8957355805750256,-0.24461125227429809,-0.5242061089300845,-2.278207233177037,-1.9893125150415796,-1.4497448632170795,-2.7709996583427428
-0.8959182055750254,-0.24461125227429809,-0.5243882214300748,-2.278237575168279,-1.9885549650416177,-1.449177975717094,-2.7709034570927464
-0.8959182055750254,-0.24452105852429568,-0.524115915180082,-2.278207233177037,-1.9894072087915746,-1.449839344467077,-2.771095859592739
-0.8957355805750256,-0.24461125227429809,-0.5242061089300845,-2.278298851927037,-1.9893125150415796,-1.4497448632170795,-2.770951557717745
-0.8955529555750261,-0.24461125227429809,-0.5242061089300845,-2.278298851927037,-1.989123127541589,-1.4495559007170842,-2.770951557717745
-0.8955529555750261,-0.24452105852429568,-0.524115915180082,-2.278207233177037,-1.9890284337915938,-1.449839344467077,-2.7709996583427428
-0.8957355805750256,-0.24470144602430094,-0.524114190180097,-2.2783601286857937,-1.9895965962915652,-1.4500283069670723,-2.7711439602177377
-0.8957355805750256,-0.24452105852429568,-0.5239338026800917,-2.277993653685792,-1.9890284337915938,-1.4495559007170842,-2.7709034570927464
-0.8957355805750256,-0.24452105852429568,-0.524115915180082,-2.278207233177037,-1.9892178212915843,-1.4500283069670723,-2.7711439602177377
-0.8957355805750256,-0.24461125227429809,-0.5242061089300845,-2.278298851927037,-1.9889337400415987,-1.449839344467077,-2.7711439602177377
-0.8956442680750261,-0.24443086477429327,-0.5237525526800941,-2.2782075295651714,-1.9893125150415796,-1.4495559007170842,-2.770951557717745
-0.8956442680750261,-0.24455255003044632,-0.5236606339301062,-2.2780855688239274,-1.9890284337915938,-1.4497448632170795,-2.7710477589677414
-0.8957355805750256,-0.24491332503045685,-0.5245677464300877,-2.2783598322976584,-1.9893125150415796,-1.4495559007170842,-2.770951557717745
-0.8958268930750255,-0.2444623562804439,-0.5238436089300893,-2.278085272435793,-1.9895019025415699,-1.4494614194670867,-2.7710477589677414
-0.8955529555750261,-0.24464274378044873,-0.5240239964300941,-2.278176891185793,-1.9894072087915746,-1.4499338257170749,-2.771288262092732
-0.8956442680750261,-0.24473293753045158,-0.524114190180097,-2.278085272435793,-1.9893125150415796,-1.4499338257170749,-2.7711439602177377
-0.8958268930750255,-0.24473293753045158,-0.5243873589300825,-2.2781765947976576,-1.9896912900415604,-1.4502172694670672,-2.771192060842736
-0.8960095180750249,-0.24464274378044873,-0.5241150526800893,-2.278329490306415,-1.9894072087915746,-1.4497448632170795,-2.771095859592739
-0.8955529555750261,-0.24458404153659696,-0.5239338026800917,-2.278176891185793,-1.9893125150415796,-1.449839344467077,-2.7709034570927464
-0.8956442680750261,-0.24458404153659696,-0.5239338026800917,-2.2783601286857937,-1.9893125150415796,-1.449839344467077,-2.770951557717745
-0.8958268930750255,-0.24458404153659696,-0.5239338026800917,-2.278176891185793,-1.9894072087915746,-1.4499338257170749,-2.7709996583427428
-0.8955529555750261,-0.24467423528659937,-0.5240502947111386,-2.277993653685792,-1.9889337400415987,-1.4495559007170842,-2.7710477589677414
-0.8957355805750256,-0.24458404153659696,-0.5239601009611362,-2.278085272435793,-1.989123127541589,-1.4495559007170842,-2.7710477589677414
-0.8956442680750261,-0.24449384778659455,-0.5238699072111338,-2.278268509935793,-1.9889337400415987,-1.4494614194670867,-2.7709034570927464
-0.8959182055750254,-0.24458404153659696,-0.5241422134611265,-2.278298851927037,-1.9894072087915746,-1.4499338257170749,-2.7711439602177377
-0.8958268930750255,-0.24449384778659455,-0.5238699072111338,-2.277993653685792,-1.9888390462916035,-1.449177975717094,-2.7709034570927464
-0.8957355805750256,-0.24476442903660223,-0.5243226009611318,-2.278115614427036,-1.9895019025415699,-1.4499338257170749,-2.7710477589677414
-0.8958268930750255,-0.24467423528659937,-0.5240502947111386,-2.277810416185792,-1.9895965962915652,-1.4499338257170749,-2.7711439602177377
-0.8956442680750261,-0.24476442903660223,-0.5239583759611511,-2.2780549304445494,-1.9893125150415796,-1.4495559007170842,-2.7710477589677414
-0.8954616430750262,-0.24467423528659937,-0.5240502947111386,-2.2783601286857937,-1.989123127541589,-1.4495559007170842,-2.7709034570927464
-0.8959182055750254,-0.24467423528659937,-0.5241413509611338,-2.278237871556415,-1.9890284337915938,-1.4492724569670918,-2.7709996583427428
-0.8954616430750262,-0.24449384778659455,-0.5238699072111338,-2.278085272435793,-1.9892178212915843,-1.4493669382170893,-2.771095859592739
-0.8957355805750256,-0.24449384778659455,-0.5238699072111338,-2.277902034935792,-1.9893125150415796,-1.449650381967082,-2.7710477589677414
-0.8957355805750256,-0.24458404153659696,-0.5241422134611265,-2.2784820894270377,-1.9892178212915843,-1.4495559007170842,-2.7709996583427428
-0.8958268930750255,-0.24458404153659696,-0.5241422134611265,-2.278298851927037,-1.9890284337915938,-1.4497448632170795,-2.771095859592739
-0.8957355805750256,-0.24449384778659455,-0.523960963461129,-2.278237871556415,-1.9888390462916035,-1.4492724569670918,-2.7707591552177524
-0.8956442680750261,-0.24476442903660223,-0.5239583759611511,-2.2779633116945495,-1.9894072087915746,-1.4494614194670867,-2.7711439602177377
-0.8958268930750255,-0.24464274378044873,-0.5240502947111386,-2.277902034935792,-1.9892178212915843,-1.4499338257170749,-2.7709996583427428
-0.8957355805750256,-0.2444623562804439,-0.5240520197111241,-2.278390470677037,-1.9894072087915746,-1.4495559007170842,-2.7710477589677414
-0.8959182055750254,-0.24464274378044873,-0.5240502947111386,-2.278085272435793,-1.9893125150415796,-1.4495559007170842,-2.7709996583427428
-0.8956442680750261,-0.2444623562804439,-0.5238699072111338,-2.278268509935793,-1.9890284337915938,-1.4494614194670867,-2.770951557717745
-0.8956442680750261,-0.24464274378044873,-0.5239592384611435,-2.2781159108151714,-1.989123127541589,-1.4495559007170842,-2.7710477589677414
-0.8958268930750255,-0.24464274378044873,-0.524232407211129,-2.278115614427036,-1.9892178212915843,-1.4493669382170893,-2.7709996583427428
-0.8957355805750256,-0.24464274378044873,-0.5240502947111386,-2.277993653685792,-1.9892178212915843,-1.4497448632170795,-2.7711439602177377
-0.8957355805750256,-0.24464274378044873,-0.5241413509611338,-2.278237871556415,-1.989123127541589,-1.4495559007170842,-2.7709996583427428
-0.8956442680750261,-0.24455255003044632,-0.5241422134611265,-2.2785737081770376,-1.9896912900415604,-1.45050071321706,-2.771288262092732
-0.8956442680750261,-0.24455255003044632,-0.5237779884611459,-2.2782381679445503,-1.9892178212915843,-1.4497448632170795,-2.771095859592739
-0.8956442680750261,-0.24464274378044873,-0.5243234634611241,-2.2780849760476576,-1.9890284337915938,-1.4499338257170749,-2.7710477589677414
-0.8952790180750267,-0.24437216253044106,-0.5235976009611406,-2.2778716929445486,-1.9893125150415796,-1.4495559007170842,-2.770951557717745
-0.8958268930750255,-0.2444623562804439,-0.5238699072111338,-2.2783601286857937,-1.9892178212915843,-1.449839344467077,-2.770951557717745
-0.8957355805750256,-0.24428196878043865,-0.523962688461114,-2.278543069797659,-1.9889337400415987,-1.4497448632170795,-2.7710477589677414
-0.8957355805750256,-0.24455255003044632,-0.5239601009611362,-2.277993653685792,-1.9889337400415987,-1.4495559007170842,-2.7708553564677487
-0.8955529555750261,-0.24455255003044632,-0.5242332697111217,-2.2782682135476584,-1.9895019025415699,-1.4499338257170749,-2.771095859592739
-0.8955529555750261,-0.2444623562804439,-0.5238962054921784,-2.2783601286857937,-1.9892178212915843,-1.4499338257170749,-2.7711439602177377
-0.8956442680750261,-0.2444623562804439,-0.5240783179921688,-2.278298851927037,-1.9894072087915746,-1.4499338257170749,-2.771192060842736
-0.8956442680750261,-0.24437216253044106,-0.5237149554921804,-2.2779326733151706,-1.9892178212915843,-1.4495559007170842,-2.771095859592739
-0.8957355805750256,-0.24455255003044632,-0.5239863992421808,-2.278176891185793,-1.9892178212915843,-1.4495559007170842,-2.770951557717745
-0.8957355805750256,-0.2444623562804439,-0.5240783179921688,-2.278390470677037,-1.9890284337915938,-1.4495559007170842,-2.7710477589677414
-0.8164026742401589,-0.19186186515003167,-0.43910275036337354,-1.7991220870955265,-1.56213867290591,-1.2648065593091924,-2.409515863653942
-0.8165852992401583,-0.19195205890003408,-0.4393750566133663,-1.7990608103367693,-1.56213867290591,-1.264617596809197,-2.4097082661539346
-0.8164026742401589,-0.1916814776500264,-0.4389223628633683,-1.799271260535868,-1.56213867290591,-1.264617596809197,-2.409660165528937
-0.8166100713001929,-0.1916814776500264,-0.4391044753633586,-1.7993932212771115,-1.5619492854059194,-1.2647120780591945,-2.409660165528937
-0.8166100713001929,-0.19177167140002882,-0.4393767816133518,-1.7995151820183555,-1.5625174479058908,-1.2651844843091826,-2.4097563667789332
-0.8168840088001923,-0.1916814776500264,-0.4391044753633586,-1.7995764587771124,-1.5624227541558955,-1.2649010405591898,-2.4097563667789332
-0.8166348433602275,-0.1916814776500264,-0.43901341911336345,-1.7994238596564895,-1.5614758166559433,-1.2644286343092022,-2.4093234611539494
-0.8164522183602281,-0.19159128390002356,-0.43919639411334654,-1.7996984195183563,-1.5620439791559146,-1.2647120780591945,-2.4095639642789406
-0.8167261558602275,-0.19204225265003694,-0.4395563066133643,-1.7992709641477327,-1.5620439791559146,-1.2648065593091924,-2.4097082661539346
-0.8168174683602274,-0.19207374415618758,-0.4395563066133643,-1.7996949938380746,-1.56213867290591,-1.264617596809197,-2.409660165528937
-0.8164522183602281,-0.19189335665618232,-0.43910275036337354,-1.7995120527262092,-1.5620439791559146,-1.2648065593091924,-2.4097563667789332
-0.8164522183602281,-0.19180316290617946,-0.439194669113361,-1.7994507759674532,-1.561286429155953,-1.2641451905592094,-2.409275360528951
-0.816543530860228,-0.19198355040618473,-0.4393750566133663,-1.8000004884674548,-1.562233366655905,-1.2647120780591945,-2.4097563667789332
-0.816543530860228,-0.19207374415618758,-0.43946525036336914,-1.800058043157795,-1.5628962229058716,-1.2655624093091729,-2.410044970528922
-0.816543530860228,-0.19180316290617946,-0.439194669113361,-1.8002412806577959,-1.5623280604059002,-1.264617596809197,-2.4096120649039383
-0.816543530860228,-0.19189335665618232,-0.43910275036337354,-1.7996612261665508,-1.5620439791559146,-1.2647120780591945,-2.409660165528937
-0.8168174683602274,-0.19189335665618232,-0.4391938066133687,-1.7998138252871732,-1.56213867290591,-1.2650900030591847,-2.409804467403931
-0.8166348433602275,-0.19198355040618473,-0.4393750566133663,-1.7997831869077943,-1.5616652041559338,-1.2644286343092022,-2.4094196624039457
-0.8164522183602281,-0.19171296915617705,-0.43901341911336345,-1.7998138252871732,-1.5620439791559146,-1.2647120780591945,-2.409660165528937
-0.8168174683602274,-0.19207374415618758,-0.4395563066133643,-1.799935786028417,-1.5619492854059194,-1.264617596809197,-2.409660165528937
-0.8167261558602275,-0.19171296915617705,-0.43937764411334457,-1.8003326030196614,-1.5620439791559146,-1.2648065593091924,-2.4096120649039383
-0.8168174683602274,-0.19189335665618232,-0.4391938066133687,-1.7996305877871723,-1.5616652041559338,-1.2644286343092022,-2.4094196624039457
-0.8164522183602281,-0.19165426691232484,-0.4388321691133654,-1.8001193199165524,-1.5614758166559433,-1.2644286343092022,-2.4093234611539494
-0.816543530860228,-0.19165426691232484,-0.438896927082316,-1.7999054440371731,-1.561759897905929,-1.2644286343092022,-2.409467763028944
-0.8166348433602275,-0.19210523566233823,-0.4395300083323197,-1.800119023528417,-1.5616652041559338,-1.2644286343092022,-2.4097082661539346
-0.8167261558602275,-0.19210523566233823,-0.43943895208232453,-1.7996915681577943,-1.561759897905929,-1.2645231155591996,-2.409660165528937
-0.8166348433602275,-0.19165426691232484,-0.43898798333231115,-1.800058043157795,-1.561854591655924,-1.2647120780591945,-2.409660165528937
-0.816543530860228,-0.19210523566233823,-0.4392568395823342,-1.7999360824165516,-1.5616652041559338,-1.264617596809197,-2.409660165528937
-0.8166348433602275,-0.19210523566233823,-0.4392568395823342,-1.8000277011665524,-1.5620439791559146,-1.2648065593091924,-2.409660165528937
-0.8166348433602275,-0.1918346544123301,-0.4389862583323261,-1.8000277011665524,-1.5619492854059194,-1.2648065593091924,-2.409660165528937
-0.8164522183602281,-0.19201504191233537,-0.4392577020823265,-1.799997062787173,-1.56213867290591,-1.2650900030591847,-2.409804467403931
-0.8166348433602275,-0.19210523566233823,-0.439165783332339,-1.8000242754862712,-1.5620439791559146,-1.2647120780591945,-2.409660165528937
-0.816543530860228,-0.19201504191233537,-0.4393487583323217,-1.8002072165981367,-1.5619492854059194,-1.2647120780591945,-2.4096120649039383
-0.816543530860228,-0.19192484816233296,-0.43934962083231444,-1.800451434468759,-1.56213867290591,-1.2647120780591945,-2.409660165528937
-0.8164522183602281,-0.19192484816233296,-0.4391675083323241,-1.8001462362275147,-1.5623280604059002,-1.2650900030591847,-2.409804467403931
-0.816543530860228,-0.19201504191233537,-0.43953087083231246,-1.8002375585893802,-1.561854591655924,-1.264617596809197,-2.409515863653942
-0.8164522183602281,-0.19210523566233823,-0.43934789583232936,-1.8004210924775155,-1.561759897905929,-1.2648065593091924,-2.4096120649039383
-0.8168174683602274,-0.1918346544123301,-0.4389862583323261,-1.8001768746068936,-1.562233366655905,-1.2648065593091924,-2.409660165528937
-0.8166348433602275,-0.1917444606623277,-0.43889606458232366,-1.8000852558568927,-1.56213867290591,-1.2648065593091924,-2.4097563667789332
-0.8164522183602281,-0.19201504191233537,-0.43916664583233134,-1.8001768746068936,-1.56213867290591,-1.2648065593091924,-2.409660165528937
-0.8166348433602275,-0.19192484816233296,-0.43944067708231005,-1.8003291773393801,-1.5619492854059194,-1.2647120780591945,-2.409660165528937
-0.8166348433602275,-0.1917444606623277,-0.43889606458232366,-1.8001768746068936,-1.5620439791559146,-1.264617596809197,-2.409660165528937
-0.8164522183602281,-0.19201504191233537,-0.4392577020823265,-1.8004210924775155,-1.561854591655924,-1.2648065593091924,-2.409660165528937
-0.816543530860228,-0.19186614591848078,-0.4393504833323072,-1.800420796089381,-1.561854591655924,-1.2647120780591945,-2.4096120649039383
-0.8167261558602275,-0.19177595216847837,-0.4392602895823048,-1.8003291773393801,-1.561854591655924,-1.2645231155591996,-2.4097082661539346
-0.8164522183602281,-0.19186614591848078,-0.4389862583323261,-1.8001768746068936,-1.561854591655924,-1.2647120780591945,-2.409467763028944
-0.8164522183602281,-0.19195633966848363,-0.4390764520823289,-1.8000852558568927,-1.5616652041559338,-1.2645231155591996,-2.409660165528937
-0.816543530860228,-0.19195633966848363,-0.43925856458231927,-1.8002072165981367,-1.561759897905929,-1.2647120780591945,-2.4096120649039383
-0.8166348433602275,-0.19177595216847837,-0.4391692333323092,-1.8001765782187582,-1.561286429155953,-1.2640507093092115,-2.4093715617789475
-0.816750927920262,-0.1921367271684889,-0.43943895208232453,-1.8002072165981367,-1.56213867290591,-1.264617596809197,-2.4097082661539346
-0.8166596154202621,-0.19195633966848363,-0.4390764520823289,-1.8000852558568927,-1.561759897905929,-1.2644286343092022,-2.4094196624039457
-0.8165683029202626,-0.1922269209184913,-0.4396202020823221,-1.8006006079091006,-1.5620439791559146,-1.2647120780591945,-2.4097082661539346
-0.8166596154202621,-0.19177595216847837,-0.439078177082314,-1.8005396275384788,-1.5620439791559146,-1.2644286343092022,-2.409515863653942
-0.8164769904202627,-0.19195633966848363,-0.43925856458231927,-1.8004480087884789,-1.561854591655924,-1.2648065593091924,-2.409515863653942
-0.816750927920262,-0.19177595216847837,-0.4388050083323285,-1.8002650676766134,-1.561759897905929,-1.2645231155591996,-2.4095639642789406
-0.816842240420262,-0.19195633966848363,-0.43925856458231927,-1.800356390038478,-1.561759897905929,-1.264617596809197,-2.4097082661539346
-0.8166596154202621,-0.19231711466849416,-0.4395282833323346,-1.800295409667856,-1.561854591655924,-1.2645231155591996,-2.409515863653942
-0.8165683029202626,-0.19204653341848604,-0.4392577020823265,-1.800295409667856,-1.561854591655924,-1.2648065593091924,-2.409660165528937
-0.8166596154202621,-0.19204653341848604,-0.4393487583323217,-1.8004480087884789,-1.561854591655924,-1.2645231155591996,-2.409467763028944
-0.8165683029202626,-0.19177595216847837,-0.4391692333323092,-1.8004173704090998,-1.561854591655924,-1.2647120780591945,-2.409660165528937
-0.8165683029202626,-0.1921367271684889,-0.4392568395823342,-1.8003260480472352,-1.561854591655924,-1.2648065593091924,-2.409660165528937
-0.8165683029202626,-0.19195633966848363,-0.43944067708231005,-1.8006615882797226,-1.5619492854059194,-1.2648065593091924,-2.4095639642789406
-0.8164769904202627,-0.19177595216847837,-0.4387139520823333,-1.8004789435559925,-1.5619492854059194,-1.264617596809197,-2.4095639642789406
-0.816842240420262,-0.19195633966848363,-0.43934962083231444,-1.8002341329090998,-1.5620439791559146,-1.2649955218091873,-2.409660165528937
-0.8166596154202621,-0.19177595216847837,-0.43889606458232366,-1.8004176667972351,-1.5610970416559624,-1.2641451905592094,-2.409275360528951
-0.8165683029202626,-0.19177595216847837,-0.439078177082314,-1.8007228650384797,-1.5620439791559146,-1.2647120780591945,-2.4097563667789332
-0.8164769904202627,-0.19177595216847837,-0.439078177082314,-1.8005396275384788,-1.56213867290591,-1.264617596809197,-2.4097082661539346
-0.816750927920262,-0.1921367271684889,-0.43943895208232453,-1.800264771288478,-1.5619492854059194,-1.2647120780591945,-2.409660165528937
-0.8166596154202621,-0.19204653341848604,-0.43943981458231685,-1.8004173704090998,-1.561854591655924,-1.2647120780591945,-2.4096120649039383
-0.816750927920262,-0.19204653341848604,-0.43916664583233134,-1.8000511917972344,-1.561854591655924,-1.2647120780591945,-2.4096120649039383
-0.816750927920262,-0.19195633966848363,-0.4390764520823289,-1.8002344292972343,-1.561854591655924,-1.264617596809197,-2.409515863653942
-0.8166596154202621,-0.19177595216847837,-0.43889606458232366,-1.8002344292972343,-1.561759897905929,-1.2648065593091924,-2.409515863653942
-0.816750927920262,-0.19192484816233296,-0.4391675083323241,-1.800203790917856,-1.5619492854059194,-1.2647120780591945,-2.409660165528937
-0.816750927920262,-0.19192484816233296,-0.4391675083323241,-1.8005702659178568,-1.56213867290591,-1.2649955218091873,-2.4097082661539346
-0.816750927920262,-0.19165426691232484,-0.4390790395823063,-1.8004173704090998,-1.5620439791559146,-1.2650900030591847,-2.4096120649039383
-0.8165683029202626,-0.19201504191233537,-0.43916664583233134,-1.8006584589875765,-1.5620439791559146,-1.2647120780591945,-2.409660165528937
-0.8165683029202626,-0.19165426691232484,-0.4388058708323208,-1.8003836027375757,-1.5620439791559146,-1.264617596809197,-2.4097563667789332
-0.8165683029202626,-0.1917444606623277,-0.43889606458232366,-1.8006584589875765,-1.5620439791559146,-1.2650900030591847,-2.4097082661539346
-0.8165683029202626,-0.19198355040618473,-0.4393487583323217,-1.8005971822288203,-1.56213867290591,-1.264617596809197,-2.409660165528937
-0.816842240420262,-0.19189335665618232,-0.43925856458231927,-1.8005055634788194,-1.56213867290591,-1.2648065593091924,-2.4097082661539346
-0.8166596154202621,-0.19180316290617946,-0.43907731458232124,-1.8004445831081974,-1.561854591655924,-1.2647120780591945,-2.409660165528937
-0.8165683029202626,-0.19198355040618473,-0.4393487583323217,-1.8005055634788194,-1.5620439791559146,-1.264617596809197,-2.409660165528937
-0.816842240420262,-0.19198355040618473,-0.4393487583323217,-1.8003223259788195,-1.561854591655924,-1.2648065593091924,-2.4097082661539346
-0.8166596154202621,-0.19198355040618473,-0.4393487583323217,-1.8005055634788194,-1.5619492854059194,-1.2647120780591945,-2.4097563667789332
-0.8164769904202627,-0.19171296915617705,-0.43889606458232366,-1.8007500777375773,-1.561854591655924,-1.2647120780591945,-2.4097082661539346
-0.816750927920262,-0.19207374415618758,-0.43943895208232453,-1.8005971822288203,-1.561759897905929,-1.2645231155591996,-2.409660165528937
-0.8166596154202621,-0.19207374415618758,-0.43943895208232453,-1.8005971822288203,-1.561854591655924,-1.264617596809197,-2.4096120649039383
-0.816750927920262,-0.19207374415618758,-0.4395037100512751,-1.8003833063494412,-1.5624227541558955,-1.2650900030591847,-2.4099006686539273
-0.8165683029202626,-0.19198355040618473,-0.4388671788013012,-1.8003838991257113,-1.56213867290591,-1.2650900030591847,-2.409660165528937
-0.816842240420262,-0.19171296915617705,-0.43914293505126456,-1.800658162599442,-1.56213867290591,-1.2649955218091873,-2.4096120649039383
-0.8166596154202621,-0.19171296915617705,-0.4386876538012887,-1.8001700232463322,-1.561854591655924,-1.2647120780591945,-2.4096120649039383
-0.816842240420262,-0.19180316290617946,-0.4391420725512718,-1.8004139447288194,-1.561759897905929,-1.2648065593091924,-2.4097082661539346
-0.8166596154202621,-0.19189335665618232,-0.43941437880126544,-1.8006275242200631,-1.5623280604059002,-1.2650900030591847,-2.409660165528937
-0.8166596154202621,-0.19207374415618758,-0.4394126538012799,-1.8005055634788194,-1.561759897905929,-1.2649010405591898,-2.409660165528937
-0.8165683029202626,-0.1916227754061742,-0.43896168505126654,-1.800872038478821,-1.561854591655924,-1.2647120780591945,-2.4097082661539346
-0.816750927920262,-0.19180316290617946,-0.4393241850512626,-1.8005359054700631,-1.56213867290591,-1.264617596809197,-2.4095639642789406
-0.816750927920262,-0.19180316290617946,-0.43895996005128146,-1.8007500777375773,-1.561759897905929,-1.2648065593091924,-2.409660165528937
-0.8165683029202626,-0.19171296915617705,-0.43884346802023444,-1.8003836027375757,-1.561759897905929,-1.264617596809197,-2.409660165528937
-0.816750927920262,-0.19189335665618232,-0.43920596802023004,-1.8005055634788194,-1.5620439791559146,-1.2649955218091873,-2.409660165528937
-0.8165683029202626,-0.19189335665618232,-0.43884174302024936,-1.800536498246333,-1.561759897905929,-1.2647120780591945,-2.409660165528937
-0.8166596154202621,-0.19180316290617946,-0.439024718020232,-1.8003529643581975,-1.5620439791559146,-1.2647120780591945,-2.409660165528937
-0.8166596154202621,-0.1918346544123301,-0.43893366177023685,-1.8001428105472344,-1.5619492854059194,-1.2651844843091826,-2.4097563667789332
-0.8165683029202626,-0.19210523566233823,-0.4393863555202353,-1.8005396275384788,-1.5620439791559146,-1.2648065593091924,-2.4096120649039383
-0.8165683029202626,-0.1918346544123301,-0.43920683052022236,-1.8004173704090998,-1.561759897905929,-1.264617596809197,-2.409515863653942
-0.8164769904202627,-0.19177595216847837,-0.4389345242702296,-1.8006618846678577,-1.5620439791559146,-1.264617596809197,-2.4096120649039383
-0.8162943654202632,-0.19177595216847837,-0.4390255805202248,-1.8007228650384797,-1.562706835405881,-1.2653734468091775,-2.409804467403931
-0.8164769904202627,-0.19195633966848363,-0.43920596802023004,-1.800173152538478,-1.561854591655924,-1.2645231155591996,-2.4095639642789406
-0.8166596154202621,-0.19204653341848604,-0.4391140492702421,-1.8004176667972351,-1.561759897905929,-1.264617596809197,-2.409660165528937
-0.8165683029202626,-0.19204653341848604,-0.4392051055202373,-1.800295409667856,-1.5620439791559146,-1.264617596809197,-2.4095639642789406
-0.8166596154202621,-0.19177595216847837,-0.43884346802023444,-1.8004176667972351,-1.561381122905948,-1.2644286343092022,-2.4093234611539494
-0.8169335529202615,-0.19204653341848604,-0.4393872180202276,-1.8005089891591006,-1.561759897905929,-1.264617596809197,-2.409660165528937
-0.816750927920262,-0.19204653341848604,-0.43929616177023245,-1.8005396275384788,-1.561854591655924,-1.264617596809197,-2.4096120649039383
-0.8166596154202621,-0.19204653341848604,-0.4392051055202373,-1.800295409667856,-1.56213867290591,-1.2650900030591847,-2.4097563667789332
-0.8166596154202621,-0.1921367271684889,-0.4394774117702305,-1.8004173704090998,-1.5615705104059385,-1.2644286343092022,-2.409660165528937
-0.816750927920262,-0.19186614591848078,-0.439024718020232,-1.800387028417857,-1.562233366655905,-1.2649955218091873,-2.4097563667789332
-0.816750927920262,-0.19186614591848078,-0.43938894302021314,-1.8003560936503435,-1.5616652041559338,-1.2644286343092022,-2.4095639642789406
-0.8166596154202621,-0.19177595216847837,-0.4389345242702296,-1.800387028417857,-1.5620439791559146,-1.2649955218091873,-2.409660165528937
-0.8166596154202621,-0.19186614591848078,-0.439024718020232,-1.800387028417857,-1.5623280604059002,-1.2650900030591847,-2.4099968699039236
-0.816842240420262,-0.19177595216847837,-0.4390255805202248,-1.800356390038478,-1.561854591655924,-1.2648065593091924,-2.4095639642789406
-0.816842240420262,-0.19168575841847552,-0.43884433052022676,-1.8000205534178553,-1.561759897905929,-1.2647120780591945,-2.409660165528937
-0.8166596154202621,-0.1921367271684889,-0.4393863555202353,-1.800173152538478,-1.561759897905929,-1.264617596809197,-2.409660165528937
-0.8164769904202627,-0.19195633966848363,-0.4393233225512698,-1.8004173704090998,-1.5620439791559146,-1.264617596809197,-2.4095639642789406
-0.8164769904202627,-0.19186614591848078,-0.4391420725512718,-1.800264771288478,-1.561854591655924,-1.2647120780591945,-2.409660165528937
-0.8162943654202632,-0.19195633966848363,-0.4393233225512698,-1.8003257516590998,-1.5620439791559146,-1.2648065593091924,-2.409660165528937
-0.8164769904202627,-0.19204653341848604,-0.43941351630127223,-1.8004173704090998,-1.5616652041559338,-1.264617596809197,-2.4095639642789406
-0.8164769904202627,-0.19186614591848078,-0.43923312880126697,-1.8004173704090998,-1.561854591655924,-1.2645231155591996,-2.4096120649039383
-0.8166596154202621,-0.19195633966848363,-0.4393233225512698,-1.8004173704090998,-1.56213867290591,-1.2649010405591898,-2.409660165528937
-0.816750927920262,-0.19186614591848078,-0.43905101630127663,-1.800203790917856,-1.5620439791559146,-1.2648065593091924,-2.4096120649039383
-0.8166596154202621,-0.19177595216847837,-0.4390518788012694,-1.800356390038478,-1.5620439791559146,-1.2649955218091873,-2.4096120649039383
-0.816750927920262,-0.19168575841847552,-0.4387795725512762,-1.8004176667972351,-1.5620439791559146,-1.2645231155591996,-2.4095639642789406
-0.8162943654202632,-0.19177595216847837,-0.4387787100512839,-1.8002650676766134,-1.5616652041559338,-1.264617596809197,-2.4097082661539346
-0.8165683029202626,-0.19204653341848604,-0.43941351630127223,-1.8004173704090998,-1.5620439791559146,-1.2644286343092022,-2.409660165528937
-0.816842240420262,-0.19195633966848363,-0.43923226630127465,-1.800264771288478,-1.561854591655924,-1.2644286343092022,-2.4096120649039383
-0.8164769904202627,-0.19168575841847552,-0.43887062880127137,-1.800295409667856,-1.561759897905929,-1.2648065593091924,-2.409660165528937
-0.8165683029202626,-0.19186614591848078,-0.4393241850512626,-1.8006615882797226,-1.5615705104059385,-1.2648065593091924,-2.4095639642789406
-0.8164769904202627,-0.19195633966848363,-0.4391412100512795,-1.800295409667856,-1.561854591655924,-1.2647120780591945,-2.409660165528937
-0.8164769904202627,-0.19186614591848078,-0.4391420725512718,-1.8004480087884789,-1.5615705104059385,-1.2644286343092022,-2.409467763028944
-0.816842240420262,-0.19177595216847837,-0.43886976630127905,-1.8003260480472352,-1.5620439791559146,-1.2648065593091924,-2.409660165528937
-0.8162943654202632,-0.1915955646684731,-0.43878043505126896,-1.800295409667856,-1.561854591655924,-1.2647120780591945,-2.409660165528937
-0.8164769904202627,-0.19177595216847837,-0.43914293505126456,-1.8004173704090998,-1.5615705104059385,-1.264617596809197,-2.409660165528937
-0.8166596154202621,-0.1917444606623277,-0.43914293505126456,-1.8002341329090998,-1.56213867290591,-1.2647120780591945,-2.409660165528937
-0.8165683029202626,-0.1917444606623277,-0.4390518788012694,-1.800356390038478,-1.561854591655924,-1.2648065593091924,-2.409660165528937
-0.816750927920262,-0.19210523566233823,-0.4395037100512751,-1.800050895409099,-1.561759897905929,-1.2648065593091924,-2.409660165528937
-0.8166596154202621,-0.19216393790619,-0.43941179130128716,-1.800387028417857,-1.561759897905929,-1.264617596809197,-2.4097563667789332
-0.8164769904202627,-0.19171296915617705,-0.43886976630127905,-1.8004176667972351,-1.5620439791559146,-1.2648065593091924,-2.409660165528937
-0.8164769904202627,-0.19171296915617705,-0.4389608225512742,-1.800295409667856,-1.561759897905929,-1.2648065593091924,-2.409660165528937
-0.8165683029202626,-0.19171296915617705,-0.4390518788012694,-1.800356390038478,-1.5619492854059194,-1.264617596809197,-2.4097563667789332
-0.8166596154202621,-0.19180316290617946,-0.4395062975512529,-1.8006003115209652,-1.561854591655924,-1.2647120780591945,-2.409660165528937
-0.816750927920262,-0.19189335665618232,-0.43923226630127465,-1.800173152538478,-1.5623280604059002,-1.264617596809197,-2.4097082661539346
-0.8165683029202626,-0.19171296915617705,-0.4390518788012694,-1.8005396275384788,-1.56213867290591,-1.2649010405591898,-2.4096120649039383
-0.8164769904202627,-0.19171296915617705,-0.43886976630127905,-1.8002344292972343,-1.5619492854059194,-1.2645231155591996,-2.4097082661539346
-0.816842240420262,-0.19207374415618758,-0.4395037100512751,-1.8004173704090998,-1.561854591655924,-1.2649010405591898,-2.409660165528937
-0.8166596154202621,-0.19171296915617705,-0.43914293505126456,-1.8004173704090998,-1.5615705104059385,-1.2642396718092068,-2.409467763028944
-0.8163856779202627,-0.1916227754061742,-0.4384153475512955,-1.7999905078147473,-1.561759897905929,-1.2647120780591945,-2.409660165528937
-0.8169335529202615,-0.19198355040618473,-0.43950457255126785,-1.8003867320297218,-1.561854591655924,-1.2648065593091924,-2.409660165528937
-0.8165683029202626,-0.19171296915617705,-0.4390518788012694,-1.8004480087884789,-1.561854591655924,-1.2649010405591898,-2.409660165528937
-0.8164769904202627,-0.1915325816561718,-0.4386893788012738,-1.8004176667972351,-1.561854591655924,-1.2647120780591945,-2.409660165528937
-0.8162943654202632,-0.19189335665618232,-0.4391412100512795,-1.800295409667856,-1.561381122905948,-1.2642396718092068,-2.4093715617789475
-0.8166596154202621,-0.19189335665618232,-0.4393233225512698,-1.8006006079091006,-1.5623280604059002,-1.2648065593091924,-2.4097563667789332
-0.8166596154202621,-0.19198355040618473,-0.439595628801263,-1.8006309499003443,-1.5624227541558955,-1.26527896555918,-2.4097563667789332
-0.8164769904202627,-0.19171296915617705,-0.4387787100512839,-1.8001734489266126,-1.5620439791559146,-1.2647120780591945,-2.409660165528937
-0.8164769904202627,-0.19171296915617705,-0.43914293505126456,-1.8003257516590998,-1.5623280604059002,-1.2650900030591847,-2.4097563667789332
-0.8163856779202627,-0.19189335665618232,-0.43895909755128915,-1.8003566864266134,-1.561854591655924,-1.2647120780591945,-2.4097082661539346
-0.8165683029202626,-0.19171296915617705,-0.43886976630127905,-1.7998679542972336,-1.5620439791559146,-1.2647120780591945,-2.4097082661539346
-0.8164769904202627,-0.19171296915617705,-0.4388050083323285,-1.8001734489266126,-1.561759897905929,-1.2648065593091924,-2.409660165528937
-0.8165683029202626,-0.19198355040618473,-0.4392577020823265,-1.800387028417857,-1.5615705104059385,-1.2641451905592094,-2.409515863653942
-0.8166596154202621,-0.19171296915617705,-0.4392602895823048,-1.8004783507797217,-1.561759897905929,-1.2645231155591996,-2.4095639642789406
-0.8164769904202627,-0.1917444606623277,-0.43898712083231883,-1.8004786471678569,-1.561759897905929,-1.264617596809197,-2.409660165528937
-0.816842240420262,-0.19192484816233296,-0.4395317333323052,-1.8002644749003427,-1.561759897905929,-1.2644286343092022,-2.409515863653942
-0.8166596154202621,-0.19192484816233296,-0.4391675083323241,-1.8001121721678561,-1.561854591655924,-1.264617596809197,-2.4095639642789406
-0.8166596154202621,-0.19195633966848363,-0.4390764520823289,-1.8004176667972351,-1.56213867290591,-1.2647120780591945,-2.4096120649039383
-0.816750927920262,-0.19177595216847837,-0.4392602895823048,-1.8004783507797217,-1.5623280604059002,-1.2648065593091924,-2.409660165528937
-0.8165683029202626,-0.19177595216847837,-0.439078177082314,-1.800173152538478,-1.561854591655924,-1.2647120780591945,-2.4097082661539346
-0.8164769904202627,-0.19195633966848363,-0.4391675083323241,-1.8001121721678561,-1.561759897905929,-1.264617596809197,-2.409660165528937
-0.8166596154202621,-0.19195633966848363,-0.43925856458231927,-1.7999899150384773,-1.5619492854059194,-1.264617596809197,-2.409467763028944
-0.8162943654202632,-0.19204653341848604,-0.43953087083231246,-1.8002375585893802,-1.561759897905929,-1.2647120780591945,-2.409660165528937
-0.816750927920262,-0.19195633966848363,-0.43925856458231927,-1.8002072165981367,-1.56213867290591,-1.2648065593091924,-2.409660165528937
-0.8166596154202621,-0.19204653341848604,-0.43943981458231685,-1.7999017219687574,-1.56213867290591,-1.2651844843091826,-2.409948769278926
-0.8169335529202615,-0.19204653341848604,-0.43916664583233134,-1.799810399606892,-1.561759897905929,-1.2648065593091924,-2.4095639642789406
-0.816842240420262,-0.19195633966848363,-0.4391675083323241,-1.799779761227514,-1.5620439791559146,-1.2645231155591996,-2.4097563667789332
-0.8165683029202626,-0.19177595216847837,-0.439078177082314,-1.8002988353481375,-1.561854591655924,-1.264617596809197,-2.409660165528937
-0.8166596154202621,-0.19186614591848078,-0.4389862583323261,-1.8002684933568935,-1.561759897905929,-1.2647120780591945,-2.409660165528937
-0.8166596154202621,-0.19177595216847837,-0.43889606458232366,-1.8002684933568935,-1.5615705104059385,-1.2647120780591945,-2.409660165528937
-0.8163856779202627,-0.19177595216847837,-0.43898712083231883,-1.8001462362275147,-1.561854591655924,-1.2649010405591898,-2.409660165528937
-0.8164769904202627,-0.19186614591848078,-0.4391683708323164,-1.8000239790981367,-1.561854591655924,-1.2649010405591898,-2.4097563667789332
-0.8165683029202626,-0.19204653341848604,-0.43916664583233134,-1.8000852558568927,-1.5619492854059194,-1.2645231155591996,-2.409515863653942
-0.8165683029202626,-0.19177595216847837,-0.43889606458232366,-1.8001193199165524,-1.561854591655924,-1.264617596809197,-2.4095639642789406
-0.8166596154202621,-0.19195633966848363,-0.4391675083323241,-1.799997062787173,-1.561759897905929,-1.2647120780591945,-2.4096120649039383
-0.8165683029202626,-0.19195633966848363,-0.43944067708231005,-1.800180003899039,-1.5614758166559433,-1.2647120780591945,-2.409660165528937
-0.816750927920262,-0.19195633966848363,-0.4395317333323052,-1.8001493655196605,-1.56213867290591,-1.2649955218091873,-2.409660165528937
-0.8165683029202626,-0.19186614591848078,-0.4391683708323164,-1.800058043157795,-1.561759897905929,-1.2645231155591996,-2.409515863653942
-0.8166596154202621,-0.19195633966848363,-0.4391675083323241,-1.799997062787173,-1.5616652041559338,-1.264617596809197,-2.409660165528937
-0.8165683029202626,-0.19186614591848078,-0.4392594270823116,-1.800027404778417,-1.561854591655924,-1.264617596809197,-2.4097082661539346
-0.8164769904202627,-0.19204653341848604,-0.4393487583323217,-1.799966424407795,-1.561759897905929,-1.2649010405591898,-2.409660165528937
-0.8164769904202627,-0.19186614591848078,-0.4391683708323164,-1.8004245181577967,-1.562233366655905,-1.2651844843091826,-2.4097082661539346
-0.8165683029202626,-0.19204653341848604,-0.43907558958233617,-1.7998751020459296,-1.562233366655905,-1.2645231155591996,-2.4096120649039383
-0.8166596154202621,-0.19168575841847552,-0.43898798333231115,-1.799966424407795,-1.561381122905948,-1.2643341530592043,-2.4094196624039457
-0.8166596154202621,-0.19168575841847552,-0.438896927082316,-1.800088681537174,-1.56213867290591,-1.2649010405591898,-2.4097082661539346
-0.8165683029202626,-0.19195633966848363,-0.43934962083231444,-1.799935786028417,-1.561854591655924,-1.2647120780591945,-2.409660165528937
-0.8165683029202626,-0.19177595216847837,-0.439078177082314,-1.7997831869077943,-1.561759897905929,-1.2645231155591996,-2.409660165528937
-0.8165683029202626,-0.19204653341848604,-0.43953087083231246,-1.8003632413990398,-1.56213867290591,-1.2647120780591945,-2.409660165528937
-0.8166596154202621,-0.19204653341848604,-0.4392577020823265,-1.800180300287174,-1.56213867290591,-1.2648065593091924,-2.4096120649039383
-0.8169335529202615,-0.19201504191233537,-0.43943981458231685,-1.799935786028417,-1.5619492854059194,-1.264617596809197,-2.409467763028944
-0.8166596154202621,-0.19192484816233296,-0.43934962083231444,-1.7997525485284163,-1.561854591655924,-1.264617596809197,-2.4096120649039383
-0.8165683029202626,-0.19192484816233296,-0.43944067708231005,-1.800088385149039,-1.561759897905929,-1.2645231155591996,-2.409515863653942
-0.8164769904202627,-0.1917444606623277,-0.43898712083231883,-1.799997062787173,-1.5620439791559146,-1.2649955218091873,-2.4097082661539346
-0.8162943654202632,-0.1918346544123301,-0.4389862583323261,-1.8001193199165524,-1.561759897905929,-1.2644286343092022,-2.409660165528937
-0.816842240420262,-0.19192484816233296,-0.43925856458231927,-1.8002412806577959,-1.561854591655924,-1.264617596809197,-2.4097563667789332
-0.8165683029202626,-0.1917444606623277,-0.4391692333323092,-1.800119023528417,-1.561759897905929,-1.2645231155591996,-2.4095639642789406
-0.8166596154202621,-0.19165426691232484,-0.438896927082316,-1.800088681537174,-1.561381122905948,-1.2643341530592043,-2.4093234611539494
-0.8165683029202626,-0.19192484816233296,-0.4395317333323052,-1.7999661280196597,-1.5615705104059385,-1.2644286343092022,-2.4093715617789475
-0.8166596154202621,-0.1917444606623277,-0.4392602895823048,-1.7999051476490382,-1.5620439791559146,-1.264617596809197,-2.4097082661539346
-0.8166596154202621,-0.19210523566233823,-0.43943895208232453,-1.7998748056577951,-1.561759897905929,-1.264617596809197,-2.4096120649039383
-0.8166596154202621,-0.19201504191233537,-0.4393487583323217,-1.800058043157795,-1.5616652041559338,-1.2648065593091924,-2.4097082661539346
-0.816842240420262,-0.1917444606623277,-0.439078177082314,-1.8000239790981367,-1.562233366655905,-1.2648065593091924,-2.4099006686539273
-0.8165683029202626,-0.19192484816233296,-0.43934962083231444,-1.8002681969687582,-1.562233366655905,-1.2649955218091873,-2.409660165528937
-0.816750927920262,-0.1918346544123301,-0.4391683708323164,-1.8001155978481367,-1.5616652041559338,-1.2648065593091924,-2.409515863653942
-0.8166596154202621,-0.19192484816233296,-0.4391675083323241,-1.8001462362275147,-1.561759897905929,-1.264617596809197,-2.409660165528937
-0.816842240420262,-0.1917444606623277,-0.43898712083231883,-1.7999629987275148,-1.5620439791559146,-1.2647120780591945,-2.4097082661539346
-0.8166596154202621,-0.1918346544123301,-0.4392594270823116,-1.8001765782187582,-1.561759897905929,-1.2648065593091924,-2.4097082661539346
-0.8166596154202621,-0.19165426691232484,-0.438896927082316,-1.8003294737275155,-1.561854591655924,-1.264617596809197,-2.409660165528937
-0.8165683029202626,-0.1917444606623277,-0.4388050083323285,-1.800207512986272,-1.561854591655924,-1.2648065593091924,-2.409660165528937
-0.8164769904202627,-0.19180316290617946,-0.4391683708323164,-1.8002988353481375,-1.56213867290591,-1.2648065593091924,-2.409660165528937
-0.816750927920262,-0.19171296915617705,-0.43889606458232366,-1.7999936371068928,-1.5619492854059194,-1.264617596809197,-2.409660165528937
-0.8162943654202632,-0.19171296915617705,-0.4392602895823048,-1.8001459398393802,-1.5620439791559146,-1.2647120780591945,-2.409660165528937
-0.816842240420262,-0.19180316290617946,-0.4391683708323164,-1.8004820728481374,-1.5615705104059385,-1.264617596809197,-2.409660165528937
-0.8164769904202627,-0.19189335665618232,-0.43934962083231444,-1.8002681969687582,-1.5615705104059385,-1.264617596809197,-2.4095639642789406
-0.8166596154202621,-0.19171296915617705,-0.4392602895823048,-1.800512414839381,-1.5616652041559338,-1.2647120780591945,-2.4096120649039383
-0.8164769904202627,-0.19189335665618232,-0.43934962083231444,-1.8002681969687582,-1.5616652041559338,-1.2643341530592043,-2.409515863653942
-0.816842240420262,-0.19180316290617946,-0.4393504833323072,-1.800420796089381,-1.5620439791559146,-1.2647120780591945,-2.409660165528937
-0.8166596154202621,-0.1916227754061742,-0.438896927082316,-1.8001462362275147,-1.5620439791559146,-1.2648065593091924,-2.409660165528937
-0.8166596154202621,-0.19171296915617705,-0.43889606458232366,-1.8001768746068936,-1.5620439791559146,-1.2649955218091873,-2.4097082661539346
-0.8166596154202621,-0.19207374415618758,-0.4396210645823153,-1.8000543210893793,-1.561854591655924,-1.264617596809197,-2.4095639642789406
-0.8165683029202626,-0.19189335665618232,-0.43934962083231444,-1.8002681969687582,-1.561381122905948,-1.2642396718092068,-2.4093234611539494
-0.8166596154202621,-0.19189335665618232,-0.43925856458231927,-1.8002988353481375,-1.56213867290591,-1.2648065593091924,-2.4095639642789406
-0.8164769904202627,-0.19180316290617946,-0.4391683708323164,-1.8002988353481375,-1.56213867290591,-1.264617596809197,-2.409804467403931
-0.816842240420262,-0.19189335665618232,-0.4390764520823289,-1.7999936371068928,-1.561854591655924,-1.264617596809197,-2.4095639642789406
-0.8164769904202627,-0.1916227754061742,-0.438896927082316,-1.8002378549775155,-1.5619492854059194,-1.2644286343092022,-2.409660165528937
-0.816750927920262,-0.19189335665618232,-0.43925856458231927,-1.8000239790981367,-1.561854591655924,-1.264617596809197,-2.4095639642789406
-0.8166596154202621,-0.19171296915617705,-0.4392602895823048,-1.8003291773393801,-1.5623280604059002,-1.2649955218091873,-2.4097082661539346
-0.8166596154202621,-0.19198355040618473,-0.4393487583323217,-1.8001155978481367,-1.5624227541558955,-1.2651844843091826,-2.4098525680289296
-0.8165683029202626,-0.19171296915617705,-0.439078177082314,-1.8002072165981367,-1.5619492854059194,-1.2648065593091924,-2.4096120649039383
-0.8164769904202627,-0.1916227754061742,-0.43917009583230193,-1.8003291773393801,-1.561381122905948,-1.2644286343092022,-2.4095639642789406
-0.816842240420262,-0.19189335665618232,-0.4391675083323241,-1.8001462362275147,-1.561759897905929,-1.264617596809197,-2.409804467403931
-0.816842240420262,-0.19189335665618232,-0.43934962083231444,-1.8000849594687582,-1.561854591655924,-1.2647120780591945,-2.4097082661539346
-0.8164769904202627,-0.19189335665618232,-0.43925856458231927,-1.8002072165981367,-1.5616652041559338,-1.264617596809197,-2.4097563667789332
-0.8166596154202621,-0.19171296915617705,-0.439078177082314,-1.8002072165981367,-1.561759897905929,-1.2647120780591945,-2.409660165528937
-0.816750927920262,-0.19210523566233823,-0.43943895208232453,-1.799840741598136,-1.561854591655924,-1.2644286343092022,-2.4095639642789406
-0.8164769904202627,-0.19201504191233537,-0.4393487583323217,-1.8001155978481367,-1.561854591655924,-1.2649955218091873,-2.4097082661539346
-0.8166596154202621,-0.1917444606623277,-0.4388050083323285,-1.8000242754862712,-1.561381122905948,-1.2644286343092022,-2.4093715617789475
-0.7388124811454264,-0.13920267177576767,-0.3514469788294824,-1.3260993632089568,-1.1288541664050697,-1.0657898713536689,-2.0689705408105596
-0.7389037936454264,-0.13920267177576767,-0.3518112038294635,-1.3265265221914442,-1.1289488601550652,-1.0657898713536689,-2.069018641435558
-0.738629856145427,-0.13914396953191546,-0.3516299538294655,-1.326648779320823,-1.1294223289050414,-1.0660733151036617,-2.0692591445605486
-0.7387211686454269,-0.13923416328191832,-0.3514469788294824,-1.3264658382089576,-1.1290435539050603,-1.0656953901036714,-2.069066742060556
-0.7388124811454264,-0.1389635820319102,-0.3510853413294791,-1.3266797140883366,-1.1289488601550652,-1.0658843526036663,-2.069114842685554
-0.7388124811454264,-0.13914396953191546,-0.35135678507947954,-1.3263742194589576,-1.1294223289050414,-1.0658843526036663,-2.069066742060556
-0.7389037936454264,-0.13932435703192073,-0.35162822882947997,-1.3264351998295794,-1.1290435539050603,-1.0658843526036663,-2.069066742060556
-0.7388124811454264,-0.13878319453190494,-0.3510870663294642,-1.3266759920199207,-1.1292329414050508,-1.0656953901036714,-2.069066742060556
-0.7387211686454269,-0.13914396953191546,-0.3514478413294747,-1.3265843732699207,-1.1281913101551035,-1.064845058853693,-2.068778138310567
-0.738538543645427,-0.1391754610380661,-0.3514478413294747,-1.3268592295199215,-1.1293276351550459,-1.066167796353659,-2.069114842685554
-0.7388124811454264,-0.13935584853807137,-0.35181034132947075,-1.3270387449515058,-1.1289488601550652,-1.0657898713536689,-2.069018641435558
-0.738928565705461,-0.13926565478806896,-0.35153803507947756,-1.326916784210262,-1.1287594726550747,-1.0658843526036663,-2.069018641435558
-0.7387459407054615,-0.1391754610380661,-0.3514478413294747,-1.326825165460262,-1.1290435539050603,-1.0657898713536689,-2.069018641435558
-0.7391111907054604,-0.13935584853807137,-0.35181034132947075,-1.3271303637015066,-1.1291382476550558,-1.0659788338536642,-2.069066742060556
-0.738928565705461,-0.13920695254421678,-0.35135678507947954,-1.3269474225896412,-1.1295170226550364,-1.066167796353659,-2.0692110439355504
-0.738837253205461,-0.13947753379422445,-0.3517184225794824,-1.3272491951506042,-1.1285700851550842,-1.0653174651036812,-2.0689224401855615
-0.7387459407054615,-0.13947753379422445,-0.3517184225794824,-1.3268827201506035,-1.1296117164050314,-1.0663567588536544,-2.069403446435543
-0.7386546282054616,-0.1394188315503727,-0.3515371725794848,-1.3271882147799827,-1.1289488601550652,-1.0657898713536689,-2.0689705408105596
-0.7390446502654955,-0.1394188315503727,-0.35171928507947514,-1.3274017942712262,-1.1296117164050314,-1.0660733151036617,-2.0693072451855468
-0.7385880877654962,-0.1393286378003703,-0.35153803507947756,-1.327432432650605,-1.1289488601550652,-1.0656953901036714,-2.069018641435558
-0.7389533377654955,-0.13923844405036745,-0.3514478413294747,-1.3271575764006043,-1.1289488601550652,-1.065600908853674,-2.069018641435558
-0.7390446502654955,-0.1394188315503727,-0.35181034132947075,-1.3272795371418482,-1.1289488601550652,-1.065506427603676,-2.069018641435558
-0.7389533377654955,-0.1393286378003703,-0.35172014757946835,-1.3273711558918482,-1.1292329414050508,-1.0658843526036663,-2.0693072451855468
-0.7389533377654955,-0.13914825030036504,-0.35144870382946747,-1.3275509677115673,-1.1289488601550652,-1.0658843526036663,-2.069066742060556
-0.7390446502654955,-0.1394188315503727,-0.35162822882947997,-1.3274899873409458,-1.1291382476550558,-1.0657898713536689,-2.069066742060556
-0.7387707127654961,-0.13905805655036219,-0.35126745382946944,-1.3273983685909458,-1.1289488601550652,-1.0656953901036714,-2.069066742060556
-0.7388620252654956,-0.1393286378003703,-0.35172014757946835,-1.3275203293321896,-1.1289488601550652,-1.0659788338536642,-2.0689705408105596
-0.7389533377654955,-0.13923844405036745,-0.3514478413294747,-1.3274899873409458,-1.1289488601550652,-1.0658843526036663,-2.0689705408105596
-0.7387707127654961,-0.1394188315503727,-0.35171928507947514,-1.3277342052115682,-1.1292329414050508,-1.0658843526036663,-2.069114842685554
-0.7390446502654955,-0.1394188315503727,-0.35144611632948963,-1.3274596453497032,-1.1289488601550652,-1.0657898713536689,-2.0689224401855615
-0.7387707127654961,-0.13923844405036745,-0.3514478413294747,-1.3273983685909458,-1.1286647789050797,-1.0657898713536689,-2.0689224401855615
-0.7390446502654955,-0.1393286378003703,-0.3514469788294824,-1.3276122444703247,-1.1288541664050697,-1.0657898713536689,-2.069114842685554
-0.7386794002654962,-0.1393286378003703,-0.35162909132947273,-1.3274593489615674,-1.1288541664050697,-1.0657898713536689,-2.069018641435558
-0.7388620252654956,-0.13905805655036219,-0.35099428507948394,-1.3275819024790811,-1.1292329414050508,-1.0658843526036663,-2.069114842685554
-0.7388620252654956,-0.13923844405036745,-0.35126572882948437,-1.327642882849703,-1.1291382476550558,-1.0658843526036663,-2.0691629433105523
-0.7388620252654956,-0.13914825030036504,-0.3513576475794723,-1.3276732248409466,-1.1293276351550459,-1.0659788338536642,-2.0689224401855615
-0.7389533377654955,-0.1394188315503727,-0.35171928507947514,-1.3275509677115673,-1.1287594726550747,-1.065506427603676,-2.068778138310567
-0.7386794002654962,-0.13923844405036745,-0.3515388975794699,-1.3278258239615681,-1.1291382476550558,-1.0658843526036663,-2.069114842685554
-0.7387707127654961,-0.13923844405036745,-0.35135678507947954,-1.3274290069703238,-1.1288541664050697,-1.0658843526036663,-2.069114842685554
-0.7388620252654956,-0.1393286378003703,-0.35153803507947756,-1.3274899873409458,-1.1289488601550652,-1.065506427603676,-2.068826238935565
-0.7388620252654956,-0.1394188315503727,-0.35181034132947075,-1.3277035668321904,-1.1290435539050603,-1.0658843526036663,-2.069018641435558
-0.7386794002654962,-0.13905805655036219,-0.3513585100794646,-1.3278258239615681,-1.1288541664050697,-1.0658843526036663,-2.069018641435558
-0.7388620252654956,-0.13923844405036745,-0.3515388975794699,-1.3273677302115674,-1.1289488601550652,-1.0656953901036714,-2.0689224401855615
-0.7389533377654955,-0.1394188315503727,-0.35171928507947514,-1.3276425864615682,-1.1285700851550842,-1.0657898713536689,-2.0689224401855615
-0.7388620252654956,-0.1394188315503727,-0.35162822882947997,-1.3275816060909467,-1.1289488601550652,-1.0656953901036714,-2.069066742060556
-0.7388620252654956,-0.1393286378003703,-0.35172014757946835,-1.3276119480821895,-1.1294223289050414,-1.0663567588536544,-2.0693072451855468
-0.7388620252654956,-0.13950902530037512,-0.3517184225794824,-1.3273983685909458,-1.1291382476550558,-1.0658843526036663,-2.069114842685554
-0.7386794002654962,-0.1393286378003703,-0.3514469788294824,-1.3275206257203247,-1.1281913101551035,-1.0652229838536837,-2.0688743395605633
-0.7389533377654955,-0.1393286378003703,-0.35153803507947756,-1.3277648435909466,-1.1288541664050697,-1.065600908853674,-2.068826238935565
-0.7388620252654956,-0.1394188315503727,-0.35162822882947997,-1.3274899873409458,-1.1288541664050697,-1.0659788338536642,-2.069066742060556
-0.7390446502654955,-0.13923844405036745,-0.3515388975794699,-1.3275509677115673,-1.1288541664050697,-1.0658843526036663,-2.069114842685554
-0.7388620252654956,-0.1394188315503727,-0.3519924538294611,-1.3274590525734322,-1.1289488601550652,-1.066262277603657,-2.0692110439355504
-0.7385880877654962,-0.13923844405036745,-0.35135678507947954,-1.3276122444703247,-1.1289488601550652,-1.0656953901036714,-2.069066742060556
-0.7390446502654955,-0.13950902530037512,-0.35199159132946833,-1.3275813097028113,-1.1292329414050508,-1.0658843526036663,-2.069114842685554
-0.7388620252654956,-0.1393286378003703,-0.35153803507947756,-1.3273983685909458,-1.1292329414050508,-1.066167796353659,-2.0692110439355504
-0.7390446502654955,-0.13923844405036745,-0.3514478413294747,-1.3273983685909458,-1.1294223289050414,-1.0663567588536544,-2.069355345810545
-0.7389533377654955,-0.1393286378003703,-0.3514469788294824,-1.3274290069703238,-1.1295170226550364,-1.066167796353659,-2.0692110439355504
-0.7389533377654955,-0.1393286378003703,-0.35153803507947756,-1.3275816060909467,-1.1289488601550652,-1.0658843526036663,-2.069018641435558
-0.7389533377654955,-0.1393286378003703,-0.35153803507947756,-1.3273983685909458,-1.1285700851550842,-1.0654119463536786,-2.068778138310567
-0.7390446502654955,-0.13923844405036745,-0.3514478413294747,-1.3274899873409458,-1.1289488601550652,-1.0659788338536642,-2.069066742060556
-0.7389533377654955,-0.13923844405036745,-0.35135678507947954,-1.327245769470324,-1.1287594726550747,-1.065600908853674,-2.069066742060556
-0.7388620252654956,-0.13950902530037512,-0.3517184225794824,-1.3274899873409458,-1.1288541664050697,-1.0656953901036714,-2.0689224401855615
-0.7388620252654956,-0.13923844405036745,-0.35126572882948437,-1.3274596453497032,-1.1288541664050697,-1.0657898713536689,-2.069114842685554
-0.7390446502654955,-0.1394188315503727,-0.35162822882947997,-1.3273067498409459,-1.1292329414050508,-1.0660733151036617,-2.0692110439355504
-0.7389533377654955,-0.13914825030036504,-0.3515397600794631,-1.3275203293321896,-1.1293276351550459,-1.0658843526036663,-2.0691629433105523
-0.7388620252654956,-0.1393286378003703,-0.35153803507947756,-1.3273983685909458,-1.1294223289050414,-1.0660733151036617,-2.0692591445605486
-0.7390446502654955,-0.13923844405036745,-0.3514478413294747,-1.3274899873409458,-1.1291382476550558,-1.0657898713536689,-2.069114842685554
-0.7388620252654956,-0.13923844405036745,-0.3514478413294747,-1.3277648435909466,-1.1295170226550364,-1.066167796353659,-2.0692591445605486
-0.7388620252654956,-0.1393286378003703,-0.35162909132947273,-1.3274593489615674,-1.128096616405108,-1.0650340213536884,-2.068537635185576
-0.7388620252654956,-0.13896786280035978,-0.3513593725794578,-1.3275203293321896,-1.1291382476550558,-1.0658843526036663,-2.069114842685554
-0.7390446502654955,-0.1394188315503727,-0.35162822882947997,-1.3274899873409458,-1.1288541664050697,-1.065506427603676,-2.069114842685554
-0.7388867973255302,-0.13923844405036745,-0.3514478413294747,-1.3274899873409458,-1.1290435539050603,-1.0657898713536689,-2.069114842685554
-0.7389781098255301,-0.13923844405036745,-0.3515388975794699,-1.3277342052115682,-1.1293276351550459,-1.0659788338536642,-2.069114842685554
-0.7388867973255302,-0.13923844405036745,-0.35135678507947954,-1.3275206257203247,-1.1288541664050697,-1.0656953901036714,-2.069114842685554
-0.7389781098255301,-0.1394188315503727,-0.35171928507947514,-1.3276425864615682,-1.1291382476550558,-1.0660733151036617,-2.0692591445605486
-0.7389781098255301,-0.13923844405036745,-0.3516299538294655,-1.3277035668321904,-1.1291382476550558,-1.0656953901036714,-2.0692591445605486
-0.7388867973255302,-0.1394188315503727,-0.35162822882947997,-1.3275816060909467,-1.1289488601550652,-1.0656953901036714,-2.0689705408105596
-0.7385215473255313,-0.13923844405036745,-0.35126572882948437,-1.3274596453497032,-1.1291382476550558,-1.0659788338536642,-2.0692591445605486
-0.7389781098255301,-0.1393286378003703,-0.35162909132947273,-1.3276425864615682,-1.1293276351550459,-1.0658843526036663,-2.0692591445605486
-0.7390694223255301,-0.1393286378003703,-0.35172014757946835,-1.3275203293321896,-1.1281913101551035,-1.065506427603676,-2.0688743395605633
-0.7387954848255307,-0.13923844405036745,-0.35135678507947954,-1.3275206257203247,-1.1288541664050697,-1.0656953901036714,-2.069066742060556
-0.7387954848255307,-0.13923844405036745,-0.3514478413294747,-1.3274899873409458,-1.1290435539050603,-1.0660733151036617,-2.0692591445605486
-0.7387041723255308,-0.1393286378003703,-0.35153803507947756,-1.3277307795312878,-1.1288541664050697,-1.0658843526036663,-2.069114842685554
-0.7386128598255308,-0.13914825030036504,-0.35126659132947713,-1.3276697991606663,-1.1288541664050697,-1.0657898713536689,-2.069066742060556
-0.7389781098255301,-0.13914825030036504,-0.3513576475794723,-1.3279140170312878,-1.1284753914050891,-1.0653174651036812,-2.0688743395605633
-0.7387041723255308,-0.1394188315503727,-0.35162822882947997,-1.3276967154716286,-1.1291382476550558,-1.066167796353659,-2.0693072451855468
-0.7388867973255302,-0.13923844405036745,-0.3514478413294747,-1.3277883342216286,-1.1288541664050697,-1.0657898713536689,-2.069066742060556
-0.7388867973255302,-0.13923844405036745,-0.3514478413294747,-1.3278799529716294,-1.1289488601550652,-1.0657898713536689,-2.0691629433105523
-0.7388867973255302,-0.13923844405036745,-0.35172101007946066,-1.3280628940834949,-1.1289488601550652,-1.0657898713536689,-2.069066742060556
-0.7387041723255308,-0.13923844405036745,-0.35135678507947954,-1.3278189726010075,-1.1293276351550459,-1.0656953901036714,-2.069114842685554
-0.7390694223255301,-0.13950902530037512,-0.3517184225794824,-1.3279715717216294,-1.1288541664050697,-1.0657898713536689,-2.0688743395605633
-0.7388867973255302,-0.13923844405036745,-0.3514478413294747,-1.3279715717216294,-1.1293276351550459,-1.0658843526036663,-2.0692110439355504
-0.7387954848255307,-0.13923844405036745,-0.3515388975794699,-1.3276660770922502,-1.1290435539050603,-1.0657898713536689,-2.0691629433105523
-0.7386128598255308,-0.13923844405036745,-0.3515388975794699,-1.328032552092251,-1.1288541664050697,-1.0656953901036714,-2.0691629433105523
-0.7387041723255308,-0.13914825030036504,-0.35144870382946747,-1.3276660770922502,-1.1292329414050508,-1.0658843526036663,-2.069066742060556
-0.7388867973255302,-0.13923844405036745,-0.35135678507947954,-1.3278189726010075,-1.1289488601550652,-1.0654119463536786,-2.069066742060556
-0.7391607348255296,-0.1393286378003703,-0.3518112038294635,-1.327879656583494,-1.1289488601550652,-1.0658843526036663,-2.069114842685554
-0.7390694223255301,-0.1394188315503727,-0.35162822882947997,-1.3276050967216286,-1.1290435539050603,-1.0660733151036617,-2.069114842685554
-0.7390446502654955,-0.13896786280035978,-0.35117726007946704,-1.3278799529716294,-1.1288541664050697,-1.065506427603676,-2.069114842685554
-0.7386794002654962,-0.13905805655036219,-0.35144956632946023,-1.3277270574628723,-1.1291382476550558,-1.065506427603676,-2.0692110439355504
-0.7389533377654955,-0.13923844405036745,-0.3515388975794699,-1.3281241708422509,-1.1288541664050697,-1.0657898713536689,-2.0691629433105523
-0.7386794002654962,-0.13914825030036504,-0.3512402930484325,-1.3279105913510074,-1.1290435539050603,-1.0656953901036714,-2.069018641435558
-0.7389533377654955,-0.1393286378003703,-0.35151173679843295,-1.3277883342216286,-1.1290435539050603,-1.0658843526036663,-2.069114842685554
-0.7384967752654967,-0.13950902530037512,-0.3516010680484426,-1.3279105913510074,-1.1289488601550652,-1.0656953901036714,-2.069114842685554
-0.7389533377654955,-0.13905805655036219,-0.35115009929842966,-1.3278189726010075,-1.1291382476550558,-1.0658843526036663,-2.069066742060556
-0.7389533377654955,-0.1393286378003703,-0.35169384929842373,-1.3278186762128723,-1.1290435539050603,-1.0656953901036714,-2.0691629433105523
-0.7389533377654955,-0.13923844405036745,-0.3514215430484301,-1.3278799529716294,-1.1289488601550652,-1.0657898713536689,-2.069114842685554
-0.7384967752654967,-0.13914825030036504,-0.3513313492984277,-1.3279715717216294,-1.1296117164050314,-1.066167796353659,-2.0693072451855468
-0.7390446502654955,-0.1393286378003703,-0.3514206805484378,-1.3278189726010075,-1.1289488601550652,-1.0656953901036714,-2.069114842685554
-0.7389533377654955,-0.13923844405036745,-0.3514215430484301,-1.3277883342216286,-1.1289488601550652,-1.0658843526036663,-2.069114842685554
-0.7389533377654955,-0.13950902530037512,-0.3516010680484426,-1.3278530366606662,-1.1288541664050697,-1.0658843526036663,-2.069066742060556
-0.7390446502654955,-0.13923844405036745,-0.3514215430484301,-1.327455923281287,-1.1289488601550652,-1.0659788338536642,-2.069114842685554
-0.7388620252654956,-0.1393286378003703,-0.3514206805484378,-1.3278530366606662,-1.1290435539050603,-1.0657898713536689,-2.069066742060556
-0.7386794002654962,-0.13923844405036745,-0.35151259929842527,-1.3277917599019098,-1.1291382476550558,-1.0658843526036663,-2.069066742060556
-0.7387707127654961,-0.13914825030036504,-0.35151346179841847,-1.3278527402725318,-1.1290435539050603,-1.0658843526036663,-2.0693072451855468
-0.7389533377654955,-0.13914825030036504,-0.3512139947673879,-1.3278530366606662,-1.1281913101551035,-1.0654119463536786,-2.0689224401855615
-0.7388620252654956,-0.13923844405036745,-0.35157735726737627,-1.3278527402725318,-1.1288541664050697,-1.065600908853674,-2.0692110439355504
-0.7390446502654955,-0.1393286378003703,-0.3515764947673835,-1.327608522401909,-1.1293276351550459,-1.0658843526036663,-2.0692110439355504
-0.7392272752654949,-0.1394188315503727,-0.3516666885173859,-1.327608522401909,-1.1288541664050697,-1.0659788338536642,-2.069018641435558
-0.7386794002654962,-0.13923844405036745,-0.35148630101738065,-1.3278833786519098,-1.1289488601550652,-1.0657898713536689,-2.069114842685554
-0.7386794002654962,-0.13887766905035692,-0.3509434135173798,-1.3275781804106654,-1.1285700851550842,-1.065506427603676,-2.069114842685554
-0.7387707127654961,-0.13923844405036745,-0.3517594697673666,-1.3279747010137752,-1.1289488601550652,-1.065506427603676,-2.0692591445605486
-0.7389533377654955,-0.1393286378003703,-0.35148543851738834,-1.327455923281287,-1.1286647789050797,-1.0656953901036714,-2.0689705408105596
-0.7389533377654955,-0.13887766905035692,-0.3508523572673846,-1.3274255812900435,-1.1291382476550558,-1.0656953901036714,-2.069066742060556
-0.7389533377654955,-0.1393286378003703,-0.3516675510173791,-1.327761121522531,-1.1287594726550747,-1.0656953901036714,-2.0692591445605486
-0.7386794002654962,-0.13905805655036219,-0.3510327447673899,-1.3275172000400435,-1.1289488601550652,-1.0656953901036714,-2.069018641435558
-0.7386794002654962,-0.13923844405036745,-0.35148630101738065,-1.327608522401909,-1.1296117164050314,-1.066262277603657,-2.069403446435543
-0.7389533377654955,-0.1394188315503727,-0.35157563226739075,-1.3277307795312878,-1.1285700851550842,-1.065506427603676,-2.0689705408105596
-0.7389533377654955,-0.1393286378003703,-0.3515764947673835,-1.3277917599019098,-1.1289488601550652,-1.0656953901036714,-2.069066742060556
-0.7387707127654961,-0.13923844405036745,-0.3513041885173903,-1.3276697991606663,-1.1289488601550652,-1.0657898713536689,-2.069114842685554
-0.739135962765495,-0.1393286378003703,-0.35184966351736946,-1.3276082260137736,-1.1289488601550652,-1.0657898713536689,-2.069114842685554
-0.7385880877654962,-0.1387874753003545,-0.3508532197673774,-1.3274865616606655,-1.1293276351550459,-1.0657898713536689,-2.069114842685554
-0.7388620252654956,-0.1393286378003703,-0.35139438226739317,-1.3277614179106663,-1.1289488601550652,-1.0656953901036714,-2.069355345810545
-0.7387707127654961,-0.13914825030036504,-0.35112293851739274,-1.3275172000400435,-1.1292329414050508,-1.066262277603657,-2.069355345810545
-0.7392272752654949,-0.13923844405036745,-0.35148630101738065,-1.327608522401909,-1.1288541664050697,-1.0657898713536689,-2.0691629433105523
-0.7388620252654956,-0.1393286378003703,-0.35148543851738834,-1.327639160781287,-1.1288541664050697,-1.0658843526036663,-2.069114842685554
-0.7389533377654955,-0.13923844405036745,-0.35166841351737144,-1.3277304831431527,-1.1287594726550747,-1.065506427603676,-2.0688743395605633
-0.7388620252654956,-0.13914825030036504,-0.3513050510173831,-1.327547542031287,-1.1290435539050603,-1.0659788338536642,-2.069066742060556
-0.7388620252654956,-0.13914825030036504,-0.35142240554842286,-1.327608522401909,-1.1290435539050603,-1.0658843526036663,-2.069018641435558
-0.7389533377654955,-0.1393286378003703,-0.3517849055484189,-1.3278221018931526,-1.1291382476550558,-1.065600908853674,-2.069066742060556
-0.7386794002654962,-0.13914825030036504,-0.3512402930484325,-1.3275781804106654,-1.1290435539050603,-1.0658843526036663,-2.0691629433105523
-0.7388620252654956,-0.13923844405036745,-0.35151259929842527,-1.327516903651909,-1.1289488601550652,-1.0656953901036714,-2.0692591445605486
-0.7387707127654961,-0.1393286378003703,-0.35123856804844744,-1.3275478384194226,-1.1288541664050697,-1.0658843526036663,-2.069018641435558
-0.7388620252654956,-0.1394188315503727,-0.3515108742984402,-1.3277614179106663,-1.1290435539050603,-1.0658843526036663,-2.069066742060556
-0.7387707127654961,-0.13914825030036504,-0.35142240554842286,-1.327700141151909,-1.1288541664050697,-1.0660733151036617,-2.0692591445605486
-0.7387707127654961,-0.13914825030036504,-0.35114923679843735,-1.3274255812900435,-1.1285700851550842,-1.0656953901036714,-2.069018641435558
-0.7389533377654955,-0.1393286378003703,-0.35169384929842373,-1.327577884022531,-1.1289488601550652,-1.0658843526036663,-2.0692110439355504
-0.7388620252654956,-0.13923844405036745,-0.3510573180484494,-1.3274868580488008,-1.1290435539050603,-1.0658843526036663,-2.069066742060556
-0.7388620252654956,-0.13923844405036745,-0.3516036555484209,-1.3278527402725318,-1.1289488601550652,-1.0658843526036663,-2.0693072451855468
-0.7389533377654955,-0.13923844405036745,-0.3514215430484301,-1.327547542031287,-1.1289488601550652,-1.0660733151036617,-2.069114842685554
-0.7389533377654955,-0.13923844405036745,-0.3514215430484301,-1.3277307795312878,-1.1289488601550652,-1.0660733151036617,-2.069114842685554
-0.7390446502654955,-0.1393286378003703,-0.35151173679843295,-1.3277307795312878,-1.1289488601550652,-1.065506427603676,-2.069114842685554
-0.7390446502654955,-0.13923844405036745,-0.3513304867984349,-1.3275781804106654,-1.1289488601550652,-1.0656953901036714,-2.069114842685554
-0.7387707127654961,-0.13914825030036504,-0.35160451804841364,-1.3277304831431527,-1.1290435539050603,-1.0658843526036663,-2.0692110439355504
-0.7387707127654961,-0.13914825030036504,-0.3512402930484325,-1.3277614179106663,-1.1289488601550652,-1.0658843526036663,-2.069114842685554
-0.7390198782054609,-0.1393286378003703,-0.3516027930484281,-1.327516903651909,-1.1288541664050697,-1.0657898713536689,-2.069114842685554
-0.738837253205461,-0.1393286378003703,-0.35151173679843295,-1.327547542031287,-1.1289488601550652,-1.0658843526036663,-2.069018641435558
-0.7390198782054609,-0.13905805655036219,-0.35115009929842966,-1.3275781804106654,-1.1290435539050603,-1.0658843526036663,-2.0692591445605486
-0.7386546282054616,-0.13914825030036504,-0.35142240554842286,-1.3274593489615674,-1.1292329414050508,-1.0660733151036617,-2.069114842685554
-0.7391111907054604,-0.13938734004422204,-0.35169298679843053,-1.3273677302115674,-1.1289488601550652,-1.0657898713536689,-2.069018641435558
-0.738837253205461,-0.13911675879421437,-0.35142240554842286,-1.3276425864615682,-1.1287594726550747,-1.0656953901036714,-2.069018641435558
-0.738928565705461,-0.13911675879421437,-0.35142240554842286,-1.3274593489615674,-1.1289488601550652,-1.0657898713536689,-2.069114842685554
-0.7386546282054616,-0.13899507353806084,-0.35133221179842,-1.3275509677115673,-1.1291382476550558,-1.0656953901036714,-2.069066742060556
-0.7391111907054604,-0.13944604228807378,-0.35169212429843777,-1.3273983685909458,-1.1286647789050797,-1.065506427603676,-2.068826238935565
-0.738837253205461,-0.1391754610380661,-0.3513304867984349,-1.3273373882203239,-1.1286647789050797,-1.0659788338536642,-2.069114842685554
-0.738928565705461,-0.13944604228807378,-0.35187423679842855,-1.3275203293321896,-1.1289488601550652,-1.065506427603676,-2.069018641435558
-0.7386546282054616,-0.13926565478806896,-0.3514206805484378,-1.3274290069703238,-1.1288541664050697,-1.0657898713536689,-2.069018641435558
-0.7390198782054609,-0.13926565478806896,-0.3514206805484378,-1.3274290069703238,-1.1287594726550747,-1.0656953901036714,-2.0691629433105523
-0.7390198782054609,-0.1391754610380661,-0.35151259929842527,-1.3275509677115673,-1.1288541664050697,-1.0657898713536689,-2.069066742060556
-0.738928565705461,-0.13935584853807137,-0.35160193054843536,-1.3275816060909467,-1.1288541664050697,-1.0659788338536642,-2.069114842685554
-0.7390198782054609,-0.1390852672880637,-0.3513313492984277,-1.3275816060909467,-1.1291382476550558,-1.0658843526036663,-2.0692591445605486
-0.7389951061454263,-0.1391754610380661,-0.35151259929842527,-1.3272761114615665,-1.1288541664050697,-1.065600908853674,-2.0689705408105596
-0.738538543645427,-0.13899507353806084,-0.3514232680484156,-1.3277035668321904,-1.1291382476550558,-1.0658843526036663,-2.069114842685554
-0.7388124811454264,-0.13890487978805843,-0.35105990554842725,-1.3275206257203247,-1.1287594726550747,-1.0656953901036714,-2.069114842685554
-0.7388124811454264,-0.13944604228807378,-0.35178318054843294,-1.3274593489615674,-1.1291382476550558,-1.066167796353659,-2.0691629433105523
-0.7390864186454258,-0.13935584853807137,-0.3519661555484165,-1.327642290073433,-1.1289488601550652,-1.0656953901036714,-2.069114842685554
-0.7389951061454263,-0.1391754610380661,-0.35169471179841605,-1.327856165952812,-1.1288541664050697,-1.0657898713536689,-2.069114842685554
-0.7388124811454264,-0.13920695254421678,-0.3513304867984349,-1.3274290069703238,-1.1281913101551035,-1.0653174651036812,-2.0688743395605633
-0.7390864186454258,-0.13920695254421678,-0.35169471179841605,-1.3275813097028113,-1.1289488601550652,-1.065506427603676,-2.069114842685554
-0.7389037936454264,-0.13938734004422204,-0.35181034132947075,-1.3276119480821895,-1.1286647789050797,-1.0656953901036714,-2.0689224401855615
-0.738629856145427,-0.13929714629421963,-0.3513559225794872,-1.3273680265997023,-1.1291382476550558,-1.066167796353659,-2.0693072451855468
-0.7390864186454258,-0.1395677275442273,-0.351990728829476,-1.3275203293321896,-1.1289488601550652,-1.0658843526036663,-2.069066742060556
-0.7389951061454263,-0.13938734004422204,-0.35171928507947514,-1.3274593489615674,-1.1290435539050603,-1.0658843526036663,-2.069114842685554
-0.7387211686454269,-0.13920695254421678,-0.3516299538294655,-1.3277035668321904,-1.1289488601550652,-1.0658843526036663,-2.0691629433105523
-0.7389037936454264,-0.13929714629421963,-0.3514469788294824,-1.3275206257203247,-1.1294223289050414,-1.0663567588536544,-2.069403446435543
-0.7388124811454264,-0.13938734004422204,-0.35181034132947075,-1.3276119480821895,-1.1292329414050508,-1.0664512401036519,-2.069355345810545
-0.7387211686454269,-0.13920695254421678,-0.35135678507947954,-1.327245769470324,-1.1290435539050603,-1.0658843526036663,-2.069066742060556
-0.7389037936454264,-0.13920695254421678,-0.3514478413294747,-1.3273983685909458,-1.1290435539050603,-1.0657898713536689,-2.069066742060556
-0.7388124811454264,-0.13920695254421678,-0.35135678507947954,-1.3275206257203247,-1.1286647789050797,-1.0656953901036714,-2.069066742060556
-0.7389951061454263,-0.13947753379422445,-0.35180947882947755,-1.3277342052115682,-1.1285700851550842,-1.065600908853674,-2.069114842685554
-0.738629856145427,-0.13929714629421963,-0.35153803507947756,-1.3273983685909458,-1.1294223289050414,-1.0660733151036617,-2.0693072451855468
-0.7389037936454264,-0.13929714629421963,-0.3513559225794872,-1.3274596453497032,-1.1288541664050697,-1.0658843526036663,-2.069114842685554
-0.7390198782054609,-0.13950902530037512,-0.35199159132946833,-1.3275813097028113,-1.1288541664050697,-1.065506427603676,-2.069114842685554
-0.738928565705461,-0.1393286378003703,-0.35153803507947756,-1.3273983685909458,-1.1289488601550652,-1.0656953901036714,-2.069018641435558
-0.7387459407054615,-0.13914825030036504,-0.35117553507948196,-1.327642882849703,-1.1289488601550652,-1.066167796353659,-2.0691629433105523
-0.7392025032054603,-0.1393286378003703,-0.35153803507947756,-1.3274899873409458,-1.1286647789050797,-1.0657898713536689,-2.069066742060556
-0.7387459407054615,-0.1394188315503727,-0.35144611632948963,-1.3275512640997031,-1.1281913101551035,-1.0653174651036812,-2.0689705408105596
-0.738928565705461,-0.13914825030036504,-0.35126659132947713,-1.3275206257203247,-1.1289488601550652,-1.0656953901036714,-2.069114842685554
-0.738837253205461,-0.13923844405036745,-0.3514478413294747,-1.3275816060909467,-1.1285700851550842,-1.0653174651036812,-2.0689224401855615
-0.7390198782054609,-0.13923844405036745,-0.35126572882948437,-1.3274596453497032,-1.1286647789050797,-1.0657898713536689,-2.069066742060556
-0.738837253205461,-0.1393286378003703,-0.3514469788294824,-1.3273373882203239,-1.1291382476550558,-1.0658843526036663,-2.069114842685554
-0.7387459407054615,-0.13914825030036504,-0.35117553507948196,-1.3273680265997023,-1.1293276351550459,-1.066167796353659,-2.069355345810545
-0.7386546282054616,-0.13923844405036745,-0.35135678507947954,-1.3273373882203239,-1.1292329414050508,-1.0660733151036617,-2.0692591445605486
-0.738837253205461,-0.1394188315503727,-0.35162822882947997,-1.3274899873409458,-1.1291382476550558,-1.0660733151036617,-2.0692591445605486
-0.738837253205461,-0.13950902530037512,-0.35180947882947755,-1.3275509677115673,-1.1290435539050603,-1.0657898713536689,-2.0693072451855468
-0.738837253205461,-0.1394188315503727,-0.35162822882947997,-1.3274899873409458,-1.1290435539050603,-1.065506427603676,-2.069114842685554
-0.7390198782054609,-0.1394188315503727,-0.35181034132947075,-1.3275203293321896,-1.1290435539050603,-1.0658843526036663,-2.0693072451855468
-0.7386546282054616,-0.1394188315503727,-0.35181034132947075,-1.3274287105821896,-1.1288541664050697,-1.0660733151036617,-2.0691629433105523
-0.7386546282054616,-0.1394188315503727,-0.3515371725794848,-1.3275206257203247,-1.1293276351550459,-1.0658843526036663,-2.0692110439355504
-0.7387459407054615,-0.1394188315503727,-0.3515371725794848,-1.327245769470324,-1.1289488601550652,-1.0658843526036663,-2.0692110439355504
-0.7392025032054603,-0.1394188315503727,-0.35181034132947075,-1.3277035668321904,-1.1290435539050603,-1.0658843526036663,-2.0692591445605486
-0.7387459407054615,-0.13950902530037512,-0.3517184225794824,-1.3273983685909458,-1.1290435539050603,-1.0657898713536689,-2.0692110439355504
-0.7387459407054615,-0.13950902530037512,-0.3517184225794824,-1.3273983685909458,-1.1289488601550652,-1.0656953901036714,-2.0689705408105596
-0.7391111907054604,-0.1393286378003703,-0.35153803507947756,-1.3273067498409459,-1.1289488601550652,-1.0658843526036663,-2.069114842685554
-0.7387459407054615,-0.1393286378003703,-0.35153803507947756,-1.3275816060909467,-1.1284753914050891,-1.0650340213536884,-2.0688743395605633
-0.7387459407054615,-0.1394188315503727,-0.35162822882947997,-1.3274899873409458,-1.1290435539050603,-1.0657898713536689,-2.069114842685554
-0.7390198782054609,-0.1393286378003703,-0.3518112038294635,-1.3275813097028113,-1.1290435539050603,-1.0658843526036663,-2.069114842685554
-0.7386546282054616,-0.1394188315503727,-0.3515371725794848,-1.3274290069703238,-1.1293276351550459,-1.0659788338536642,-2.0693072451855468
-0.738837253205461,-0.1394188315503727,-0.3519013975794659,-1.327947784702812,-1.1289488601550652,-1.0658843526036663,-2.0692110439355504
-0.738837253205461,-0.1394188315503727,-0.3515371725794848,-1.3274290069703238,-1.1289488601550652,-1.0658843526036663,-2.069066742060556
-0.7386546282054616,-0.1393286378003703,-0.3514469788294824,-1.3275206257203247,-1.1290435539050603,-1.0658843526036663,-2.0692591445605486
-0.7391111907054604,-0.1394188315503727,-0.3515371725794848,-1.327245769470324,-1.1287594726550747,-1.0657898713536689,-2.0689224401855615
-0.738928565705461,-0.1394188315503727,-0.3515371725794848,-1.3273373882203239,-1.1294223289050414,-1.0658843526036663,-2.0693072451855468
-0.738837253205461,-0.13923844405036745,-0.35135678507947954,-1.3276122444703247,-1.1286647789050797,-1.0656953901036714,-2.0691629433105523
-0.7387459407054615,-0.13950902530037512,-0.35190053507947316,-1.3275203293321896,-1.1291382476550558,-1.0658843526036663,-2.069114842685554
-0.7390198782054609,-0.13923844405036745,-0.3516299538294655,-1.3274287105821896,-1.1287594726550747,-1.065600908853674,-2.069018641435558
-0.738837253205461,-0.13914825030036504,-0.35120183336052657,-1.3275512640997031,-1.1287594726550747,-1.065506427603676,-2.0691629433105523
-0.738928565705461,-0.1393286378003703,-0.3515643333605222,-1.3275816060909467,-1.1292329414050508,-1.0658843526036663,-2.0692110439355504
-0.7387459407054615,-0.13923844405036745,-0.3514741396105193,-1.3275816060909467,-1.1291382476550558,-1.0656953901036714,-2.069114842685554
-0.738928565705461,-0.1393286378003703,-0.351473277110527,-1.3276122444703247,-1.1289488601550652,-1.0656953901036714,-2.069114842685554
-0.7386546282054616,-0.13923844405036745,-0.3514741396105193,-1.3275816060909467,-1.1289488601550652,-1.0658843526036663,-2.0691629433105523
-0.7390198782054609,-0.13914825030036504,-0.3513839458605169,-1.3275816060909467,-1.1289488601550652,-1.0656953901036714,-2.0692110439355504
-0.7386546282054616,-0.13905805655036219,-0.3511116396105237,-1.3274596453497032,-1.1281913101551035,-1.0654119463536786,-2.0689224401855615
-0.7390198782054609,-0.13923844405036745,-0.3515651958605145,-1.327493413021227,-1.1289488601550652,-1.0657898713536689,-2.069114842685554
-0.738928565705461,-0.1393286378003703,-0.351473277110527,-1.3274630710299835,-1.1288541664050697,-1.0657898713536689,-2.0692110439355504
-0.7386794002654962,-0.1394188315503727,-0.3515634708605294,-1.3273714522799835,-1.1290435539050603,-1.0658843526036663,-2.069114842685554
-0.7388620252654956,-0.13936012930652095,-0.35165538961051734,-1.3273101755212262,-1.1285700851550842,-1.065506427603676,-2.0689705408105596
-0.7386794002654962,-0.13917974180651568,-0.3514750021105121,-1.3272185567712262,-1.1289488601550652,-1.0660733151036617,-2.069114842685554
-0.7386794002654962,-0.1392699355565181,-0.35138308336052415,-1.3272798335299827,-1.1290435539050603,-1.066167796353659,-2.069066742060556
-0.7390446502654955,-0.13963071055652862,-0.3516528021105395,-1.3270356156593608,-1.1289488601550652,-1.0656953901036714,-2.069114842685554
-0.7389533377654955,-0.1392699355565181,-0.3516562521105101,-1.3273711558918482,-1.1288541664050697,-1.0658843526036663,-2.069018641435558
-0.7388620252654956,-0.1392699355565181,-0.3516562521105101,-1.3273711558918482,-1.1289488601550652,-1.0656953901036714,-2.0692591445605486
-0.7386794002654962,-0.13954051680652577,-0.35201788961051295,-1.32743213626247,-1.1288541664050697,-1.0656953901036714,-2.069114842685554
-0.7386794002654962,-0.13954051680652577,-0.35183577711052216,-1.3273101755212262,-1.128001922655113,-1.064939540103691,-2.068826238935565
-0.7390446502654955,-0.13936012930652095,-0.3515643333605222,-1.327432432650605,-1.1292329414050508,-1.0660733151036617,-2.0693072451855468
-0.7388620252654956,-0.1392699355565181,-0.3514741396105193,-1.327432432650605,-1.1293276351550459,-1.0663567588536544,-2.0694515470605412
-0.7388620252654956,-0.13945032305652336,-0.3516545271105246,-1.327432432650605,-1.1289488601550652,-1.0657898713536689,-2.069114842685554
-0.7386794002654962,-0.1392699355565181,-0.351292027110529,-1.3271272344093608,-1.1289488601550652,-1.0656953901036714,-2.069114842685554
-0.7389533377654955,-0.13936012930652095,-0.351473277110527,-1.3272798335299827,-1.1285700851550842,-1.065506427603676,-2.069018641435558
-0.7386794002654962,-0.13945032305652336,-0.35174558336051975,-1.3274017942712262,-1.1290435539050603,-1.0660733151036617,-2.0692110439355504
-0.6588821556904917,-0.0879978945798881,-0.26291195401626744,1.6135289745598367,-0.7457941495463488,-0.7649817684781093,-1.7111953942370226
-0.658931699810561,-0.08774168176223371,-0.263601081828331,1.6071327141485872,-0.7464570057963155,-0.8002873918905307,-1.71100299173703
-0.6589812439306302,-0.08719195772531924,-0.2631492505783253,1.602058356973738,-0.7459835370463394,-0.8127278750055427,-1.71100299173703
-0.6590307880506994,-0.08725065996917097,-0.26333050057832286,1.5985922218786737,-0.7463623120463202,-0.8079093312556667,-1.7109067904870336
-0.6592134130506992,-0.08736806445687492,-0.2636019443283233,1.5955395430449746,-0.7465516995463107,-0.7856738400255745,-1.7111472936120244
-0.6591886409906647,-0.08694430644456308,-0.2631764113593622,1.5924361608814956,-0.7461729245463297,-0.7748084962758544,-1.7111953942370226
-0.6590307880506994,-0.08666944442610584,-0.2633217891714317,1.5910492588179217,-0.7459835370463394,-0.7627776578434986,-1.7111953942370226
-0.6592799534906642,-0.0863945824076486,-0.26346716698350114,1.5896282926946887,-0.7458888432963441,-0.754431588161047,-1.7108586898620355
-0.6591886409906647,-0.08624140564534488,-0.26328591698350357,1.5883020746136016,-0.7462676182963249,-0.7475972184785569,-1.7111472936120244
-0.6591886409906647,-0.08624140564534488,-0.26322115901455295,1.5868842377825143,-0.746741087046301,-0.746746887228579,-1.7113396961120173
-0.6592799534906642,-0.08642179314535015,-0.26346630448350883,1.5858260245908669,-0.7456047620463585,-0.7465579247285836,-1.7110510923620281
-0.6592799534906642,-0.0864532846515008,-0.26383052948348995,1.5841032859066702,-0.7465516995463107,-0.7481641059785424,-1.7113877967370155
-0.6593712659906641,-0.08651626766380212,-0.26346630448350883,1.5838315589488152,-0.7462676182963249,-0.7459593175459331,-1.71100299173703
-0.6592799534906642,-0.08663795291995519,-0.2635827965145558,1.5831091823777903,-0.7462676182963249,-0.7478489425458843,-1.7111953942370226
-0.6592134130506992,-0.08672814666995804,-0.26382880448350443,1.5818643060058613,-0.7461729245463297,-0.756604656910991,-1.7110991929870263
-0.6592134130506992,-0.08654775916995278,-0.26346630448350883,1.5820203308067642,-0.7459835370463394,-0.7631555828434888,-1.7110991929870263
-0.6592381851107338,-0.08663795291995519,-0.26355649823351124,1.5817219839260812,-0.746741087046301,-0.7654231328434302,-1.711291595487019
-0.6592134130506992,-0.08663795291995519,-0.26355649823351124,1.5809655432953968,-0.7460782307963346,-0.7693285837759958,-1.7111472936120244
-0.6590307880506994,-0.08666944442610584,-0.2637386107335016,1.5807519638041534,-0.7463623120463202,-0.7669348328433911,-1.7111953942370226
-0.6590307880506994,-0.08679112968225935,-0.2635556357335189,1.5809349049160186,-0.7463623120463202,-0.7638797131608037,-1.7112434948620208
-0.6593960380506987,-0.08688132343226176,-0.26364582948352133,1.5807857314756772,-0.7456047620463585,-0.7616121631608623,-1.7108586898620355
-0.6593047255506987,-0.08700300868841528,-0.2637360232335242,1.580361701785335,-0.7462676182963249,-0.7603839069108937,-1.7112434948620208
-0.6593960380506987,-0.08688132343226176,-0.26355477323352616,1.5803310634059564,-0.7456994557963535,-0.7571715444109766,-1.7109548911120318
-0.6591221005506993,-0.0868498319261111,-0.26364582948352133,1.5800868455353339,-0.7461729245463297,-0.7533922944110738,-1.71100299173703
-0.6593047255506987,-0.08666944442610584,-0.2637386107335016,1.5800871419234694,-0.7460782307963346,-0.7472192934785666,-1.7112434948620208
-0.6593960380506987,-0.0868498319261111,-0.2636721277645659,1.5802700830353347,-0.7460782307963346,-0.7465579247285836,-1.7111472936120244
-0.6591221005506993,-0.08688132343226176,-0.26376318401456106,1.5803007214147133,-0.7461729245463297,-0.7448255425459624,-1.7110991929870263
-0.6590307880506994,-0.0868498319261111,-0.2640626510455912,1.580209399052848,-0.7456994557963535,-0.746809648795911,-1.7110991929870263
-0.6592134130506992,-0.0867596381761087,-0.26369928854560326,1.5803007214147133,-0.7462676182963249,-0.7530771309784159,-1.71100299173703
-0.6592134130506992,-0.08657925067610343,-0.263518901045598,1.580209102664713,-0.7460782307963346,-0.7588722069109328,-1.71100299173703
-0.6591221005506993,-0.08661074218225409,-0.263518901045598,1.580209102664713,-0.7463623120463202,-0.7652341703434353,-1.7111472936120244
-0.6592134130506992,-0.08697151718226462,-0.2639707322956037,1.5801481222940912,-0.7460782307963346,-0.7699899525259788,-1.7110991929870263
-0.6592134130506992,-0.0867009359322565,-0.2636090947956004,1.580025865164712,-0.7460782307963346,-0.7646355631607842,-1.7110991929870263
-0.6591221005506993,-0.0867009359322565,-0.2636090947956004,1.580025865164712,-0.7462676182963249,-0.7643521194107918,-1.7110991929870263
-0.6591221005506993,-0.0867009359322565,-0.2636090947956004,1.580209102664713,-0.7462676182963249,-0.7624624944108402,-1.711291595487019
-0.6593047255506987,-0.08688132343226176,-0.26378948229560567,1.5800599292243716,-0.7462676182963249,-0.7603839069108937,-1.7112434948620208
-0.6592134130506992,-0.08688132343226176,-0.26378948229560567,1.5799683104743711,-0.7461729245463297,-0.7565101756609935,-1.7111953942370226
-0.6591221005506993,-0.08688132343226176,-0.26378948229560567,1.5798766917243707,-0.7457941495463488,-0.7522585194111031,-1.7110510923620281
-0.6593960380506987,-0.08673242743840716,-0.26379120729559075,1.5796055575427856,-0.7462676182963249,-0.7465579247285836,-1.7111953942370226
-0.6594873505506986,-0.08679112968225935,-0.26369928854560326,1.5798191370340295,-0.7461729245463297,-0.7468413684785764,-1.7113396961120173
-0.6592134130506992,-0.08679112968225935,-0.26369928854560326,1.5797275182840291,-0.7460782307963346,-0.7456758737959404,-1.7111953942370226
-0.6591221005506993,-0.08657925067610343,-0.26342784479560283,1.5798801174046515,-0.7456047620463585,-0.7504316559784838,-1.7108586898620355
-0.6590307880506994,-0.0868498319261111,-0.26378948229560567,1.5798191370340295,-0.7461729245463297,-0.7570770631609791,-1.7110991929870263
-0.6591221005506993,-0.08697151718226462,-0.2638796760456085,1.57991075578403,-0.7460782307963346,-0.7600059819109035,-1.7110991929870263
-0.6590307880506994,-0.08679112968225935,-0.26369928854560326,1.5795442807840288,-0.7461729245463297,-0.7653286515934328,-1.7111472936120244
-0.6592134130506992,-0.08706171093226703,-0.26424303854559644,1.5795445771721641,-0.7460782307963346,-0.7695175462759907,-1.7110510923620281
-0.6592134130506992,-0.08688132343226176,-0.26388053854560084,1.5796665379134076,-0.7457941495463488,-0.7639741944108012,-1.7110991929870263
-0.6592134130506992,-0.08679112968225935,-0.26369928854560326,1.5796358995340292,-0.7456047620463585,-0.7625569756608377,-1.7109548911120318
-0.6592134130506992,-0.08706171093226703,-0.26396986979561093,1.5797275182840291,-0.7458888432963441,-0.7611397569108742,-1.7111472936120244
-0.6594873505506986,-0.08706171093226703,-0.26387881354561576,1.579971736154652,-0.7460782307963346,-0.7586832444109375,-1.7111472936120244
-0.6592134130506992,-0.08706171093226703,-0.2641519822956013,1.5797887950427865,-0.7457941495463488,-0.7549984756610326,-1.71100299173703
-0.6593960380506987,-0.08688132343226176,-0.2640626510455912,1.5799110521721653,-0.7462676182963249,-0.7511247444111324,-1.7112434948620208
-0.6593047255506987,-0.08673242743840716,-0.263635393076645,1.5797275182840291,-0.7462676182963249,-0.7462744809785913,-1.7110991929870263
-0.6594873505506986,-0.0867009359322565,-0.26390856182663053,1.5795445771721641,-0.7463623120463202,-0.7475972184785569,-1.7113396961120173
-0.6592134130506992,-0.08666944442610584,-0.263635393076645,1.5797275182840291,-0.7457941495463488,-0.7457703550459382,-1.7110510923620281
-0.6593047255506987,-0.08697151718226462,-0.2640880868266435,1.5798804137927869,-0.7457941495463488,-0.7517543934784499,-1.7111472936120244
-0.6592134130506992,-0.08700300868841528,-0.2637238618266628,1.5798494790252726,-0.7460782307963346,-0.7577384319109621,-1.71100299173703
-0.6592134130506992,-0.08691281493841242,-0.2639978930766406,1.5798463497331277,-0.7460782307963346,-0.7633445453434837,-1.71100299173703
-0.6593047255506987,-0.08691281493841242,-0.2638420788576949,1.5797850729743708,-0.7455100682963632,-0.7679113650260323,-1.7107624886120392
-0.6591221005506993,-0.08691281493841242,-0.2638420788576949,1.5798766917243707,-0.7455100682963632,-0.7665569078434009,-1.7109067904870336
-0.6591221005506993,-0.08673242743840716,-0.2634795788576993,1.580181889965615,-0.7458888432963441,-0.7639741944108012,-1.7111472936120244
-0.6593960380506987,-0.08718339618842054,-0.264112660107703,1.5800599292243716,-0.7461729245463297,-0.7629349006608279,-1.7110510923620281
-0.6591221005506993,-0.08709320243841769,-0.26411352260769533,1.5799989488537498,-0.7460782307963346,-0.7606673506608865,-1.7110991929870263
-0.6591221005506993,-0.08691281493841242,-0.2638420788576949,1.5799683104743711,-0.7460782307963346,-0.7576439506609642,-1.7110991929870263
-0.6591221005506993,-0.08691281493841242,-0.26393313510769006,1.5800905676037502,-0.7460782307963346,-0.753770219411064,-1.7111472936120244
-0.6590307880506994,-0.08703450019456593,-0.26420544135768326,1.5799686068625067,-0.7458888432963441,-0.7470303309785717,-1.71100299173703
-0.6592134130506992,-0.08682262118841001,-0.2637518851076925,1.5798766917243707,-0.7461729245463297,-0.7462744809785913,-1.7110991929870263
-0.6593047255506987,-0.08673242743840716,-0.26393486010767514,1.5796937506125055,-0.7463623120463202,-0.7448255425459624,-1.7111472936120244
-0.6592134130506992,-0.08718339618842054,-0.26429477260769335,1.5800295872331285,-0.7461729245463297,-0.7474710175458941,-1.7113396961120173
-0.659055560110734,-0.0867009359322565,-0.26366169135768963,1.5798766917243707,-0.7458888432963441,-0.7528881684784205,-1.7111953942370226
-0.659055560110734,-0.08682262118841001,-0.2639339976076828,1.5800295872331285,-0.7458888432963441,-0.7590611694109277,-1.71100299173703
-0.6592381851107338,-0.08700300868841528,-0.26420544135768326,1.5798769881125063,-0.7459835370463394,-0.7641948765934621,-1.7112434948620208
-0.6592381851107338,-0.08712469394456834,-0.26402246635770016,1.5800599292243716,-0.7464570057963155,-0.7689506587760055,-1.7112434948620208
-0.6592381851107338,-0.08703450019456593,-0.2641143851076881,1.5801212059831284,-0.7466463932963058,-0.7669348328433911,-1.71153209861201
-0.6593294976107333,-0.08676391894455782,-0.26357063510769446,1.5800292908449929,-0.7456994557963535,-0.7624624944108402,-1.7110991929870263
-0.6594208101107333,-0.08703450019456593,-0.2641143851076881,1.5798463497331277,-0.7464570057963155,-0.7611397569108742,-1.711291595487019
-0.6591468726107339,-0.08712469394456834,-0.26402246635770016,1.5798766917243707,-0.7465516995463107,-0.7586832444109375,-1.711291595487019
-0.6592381851107338,-0.08676391894455782,-0.26366169135768963,1.5796934542243704,-0.7460782307963346,-0.7550929569110301,-1.7112434948620208
-0.6592381851107338,-0.08712469394456834,-0.26402246635770016,1.5800599292243716,-0.7460782307963346,-0.751030263161135,-1.7111472936120244
-0.6590803321707686,-0.08691281493841242,-0.2638420788576949,1.5799683104743711,-0.7461729245463297,-0.7462744809785913,-1.7112434948620208
-0.6594455821707679,-0.0867009359322565,-0.26402591635767075,1.5798160077418841,-0.7464570057963155,-0.7448255425459624,-1.7112434948620208
-0.6591716446707685,-0.0867009359322565,-0.2637527476076848,1.5796324738537486,-0.7459835370463394,-0.7466206862959162,-1.7110991929870263
-0.6593542696707679,-0.08694002567611396,-0.26393227260769775,1.5800599292243716,-0.7461729245463297,-0.7525102434784303,-1.7111472936120244
-0.6594455821707679,-0.08688132343226176,-0.2641152476076804,1.5800602256125067,-0.7459835370463394,-0.757927394410957,-1.7110991929870263
-0.6592629571707684,-0.08661074218225409,-0.2635714976076872,1.5796934542243704,-0.7459835370463394,-0.7602894256608963,-1.7111472936120244
-0.6592629571707684,-0.0867009359322565,-0.26354433682664985,1.5801209095949933,-0.7458888432963441,-0.7642893578434595,-1.7110991929870263
-0.6591716446707685,-0.0867009359322565,-0.263635393076645,1.5799683104743711,-0.7462676182963249,-0.7681948087760251,-1.7111472936120244
-0.6592629571707684,-0.08697151718226462,-0.26390597432665314,1.580151547974372,-0.7461729245463297,-0.7645728015934523,-1.7112434948620208
-0.6594455821707679,-0.08697151718226462,-0.2640880868266435,1.5800871419234694,-0.7458888432963441,-0.7599115006609061,-1.7111472936120244
-0.6592629571707684,-0.0867009359322565,-0.263635393076645,1.5799342464147121,-0.7459835370463394,-0.7575494694109668,-1.7110991929870263
-0.6592629571707684,-0.08697151718226462,-0.2639970305766483,1.5801481222940912,-0.7459835370463394,-0.7541481444110547,-1.71100299173703
-0.6592629571707684,-0.08697151718226462,-0.26390597432665314,1.5803007214147133,-0.7462676182963249,-0.7479751434785471,-1.711291595487019
-0.6593542696707679,-0.08673242743840716,-0.2638822635455859,1.5800261615528477,-0.7456047620463585,-0.7464634434785862,-1.7108105892370373
-0.6591716446707685,-0.08679112968225935,-0.2638814010455936,1.5800871419234694,-0.7460782307963346,-0.7451089862959552,-1.7110510923620281
-0.6589890196707691,-0.08657925067610343,-0.26333678854560766,1.5801478259059556,-0.7459835370463394,-0.7470930925459038,-1.7110991929870263
-0.6590803321707686,-0.0867009359322565,-0.2636090947956004,1.580025865164712,-0.7462676182963249,-0.7529826497284184,-1.7111953942370226
-0.6590803321707686,-0.08673242743840716,-0.26379120729559075,1.5800871419234694,-0.7452259870463777,-0.7575494694109668,-1.7108105892370373
-0.6593542696707679,-0.08691281493841242,-0.26388053854560084,1.5800565035440908,-0.7464570057963155,-0.7608563131608819,-1.7111953942370226
-0.6592629571707684,-0.08691281493841242,-0.2636984260456105,1.5800868455353339,-0.7458888432963441,-0.7646672828434498,-1.71100299173703
-0.6589890196707691,-0.08694430644456308,-0.26378948229560567,1.580209102664713,-0.7461729245463297,-0.7685727337760153,-1.7111953942370226
-0.6594455821707679,-0.08676391894455782,-0.2636090947956004,1.5801174839147125,-0.7459835370463394,-0.7642893578434595,-1.7110510923620281
-0.6592629571707684,-0.08703450019456593,-0.26378861979561335,1.5801784642853343,-0.7460782307963346,-0.7598170194109086,-1.7111953942370226
-0.6592629571707684,-0.08676391894455782,-0.2637001510455956,1.5803313597940916,-0.7461729245463297,-0.7570770631609791,-1.7110991929870263
-0.6591716446707685,-0.08676391894455782,-0.26351803854560524,1.5799952267853339,-0.7457941495463488,-0.753770219411064,-1.7111953942370226
-0.6594208101107333,-0.08709320243841769,-0.26387881354561576,1.5802700830353347,-0.7461729245463297,-0.747408255978562,-1.7111953942370226
-0.6592381851107338,-0.0867009359322565,-0.26342698229561007,1.5804226821559568,-0.7460782307963346,-0.7470303309785717,-1.71100299173703
-0.6592381851107338,-0.08661074218225409,-0.26360995729559317,1.5800565035440908,-0.7461729245463297,-0.7455813925459429,-1.7110991929870263
-0.6593294976107333,-0.08694002567611396,-0.2638796760456085,1.580025865164712,-0.7461729245463297,-0.7477544612958869,-1.7112434948620208
-0.6592381851107338,-0.08666944442610584,-0.2636090947956004,1.5799342464147121,-0.7459835370463394,-0.7534550559784061,-1.7111953942370226
-0.6594208101107333,-0.08661074218225409,-0.26333678854560766,1.5801478259059556,-0.7460782307963346,-0.7587777256609354,-1.7111953942370226
-0.6593294976107333,-0.08697151718226462,-0.2638796760456085,1.5801174839147125,-0.7457941495463488,-0.7639114328434693,-1.7110510923620281
-0.6596034351107327,-0.0867009359322565,-0.26351803854560524,1.5799952267853339,-0.7461729245463297,-0.7680058462760297,-1.7110510923620281
-0.6592381851107338,-0.08679112968225935,-0.26369928854560326,1.5801174839147125,-0.7460782307963346,-0.7679113650260323,-1.711291595487019
-0.6592381851107338,-0.0867009359322565,-0.2636090947956004,1.580209102664713,-0.7461729245463297,-0.7609507944108793,-1.7110991929870263
-0.6592381851107338,-0.08697151718226462,-0.26378861979561335,1.580361701785335,-0.7459835370463394,-0.7589666881609303,-1.7111953942370226
-0.6592381851107338,-0.08697151718226462,-0.2639707322956037,1.5800565035440908,-0.7460782307963346,-0.7569825819109817,-1.7111953942370226
-0.6593294976107333,-0.08688132343226176,-0.26378948229560567,1.580209102664713,-0.7460782307963346,-0.7529198881610861,-1.7111953942370226
-0.659055560110734,-0.08682262118841001,-0.2636082322956081,1.5799952267853339,-0.7460782307963346,-0.7473137747285641,-1.7111472936120244
-0.6592381851107338,-0.08661074218225409,-0.26370101354558834,1.5801787606734699,-0.7457941495463488,-0.7472192934785666,-1.7111953942370226
-0.6592381851107338,-0.08666944442610584,-0.26379120729559075,1.5800871419234694,-0.7457941495463488,-0.7455813925459429,-1.7111472936120244
-0.6593294976107333,-0.0867009359322565,-0.26397331979558153,1.5801484186822259,-0.7460782307963346,-0.7510930247284668,-1.7111472936120244
-0.6594208101107333,-0.08679112968225935,-0.2638814010455936,1.5800871419234694,-0.7459835370463394,-0.7567936194109863,-1.7110991929870263
-0.6594208101107333,-0.08700300868841528,-0.2638796760456085,1.580209102664713,-0.7459835370463394,-0.7593446131609205,-1.7110991929870263
-0.6593294976107333,-0.08691281493841242,-0.2636984260456105,1.5802700830353347,-0.7459835370463394,-0.7641003953434642,-1.7110991929870263
-0.6593294976107333,-0.08676391894455782,-0.26351803854560524,1.5802700830353347,-0.7460782307963346,-0.7679113650260323,-1.7111472936120244
-0.6592381851107338,-0.08694430644456308,-0.26378948229560567,1.580209102664713,-0.7458888432963441,-0.7678168837760349,-1.7110510923620281
-0.6591468726107339,-0.08676391894455782,-0.2638822635455859,1.5799345428028473,-0.7457941495463488,-0.7608563131608819,-1.711291595487019
-0.6592381851107338,-0.08676391894455782,-0.26351803854560524,1.5800868455353339,-0.7464570057963155,-0.7584942819109426,-1.7112434948620208
-0.6591468726107339,-0.08685411269456067,-0.2636082322956081,1.580361701785335,-0.745415374546368,-0.7549984756610326,-1.7108586898620355
-0.6592381851107338,-0.08676391894455782,-0.2636090947956004,1.5801174839147125,-0.7462676182963249,-0.7521640381611057,-1.7111953942370226
-0.6592381851107338,-0.08664223368840475,-0.26370101354558834,1.5802363153638108,-0.7463623120463202,-0.7472192934785666,-1.7111472936120244
-0.6596034351107327,-0.0867009359322565,-0.2636090947956004,1.5805074495453957,-0.7459835370463394,-0.7448255425459624,-1.7111953942370226
-0.6592381851107338,-0.08661074218225409,-0.263518901045598,1.5805074495453957,-0.7461729245463297,-0.7471875737959017,-1.7111953942370226
-0.6591468726107339,-0.08666944442610584,-0.2636090947956004,1.5804158307953953,-0.7463623120463202,-0.7525102434784303,-1.7111953942370226
-0.6592381851107338,-0.0867009359322565,-0.26351803854560524,1.5805684299160174,-0.7465516995463107,-0.7584942819109426,-1.711291595487019
-0.6591468726107339,-0.08688132343226176,-0.26378948229560567,1.5805074495453957,-0.7459835370463394,-0.7604783881608916,-1.7111953942370226
-0.6595121226107332,-0.0867009359322565,-0.26342698229561007,1.5805377915366388,-0.7460782307963346,-0.7644783203434544,-1.7111953942370226
-0.6593294976107333,-0.0867009359322565,-0.2636090947956004,1.5803242120453949,-0.7463623120463202,-0.7679113650260323,-1.7111953942370226
-0.6594208101107333,-0.0867009359322565,-0.2637001510455956,1.5803548504247735,-0.7456047620463585,-0.7635335078434791,-1.7109548911120318
-0.6592381851107338,-0.0867009359322565,-0.26379120729559075,1.5802938700541518,-0.7460782307963346,-0.7598170194109086,-1.7113396961120173
-0.6594208101107333,-0.0867009359322565,-0.2637001510455956,1.5805380879247743,-0.7462676182963249,-0.757266025660974,-1.7112434948620208
-0.6592381851107338,-0.0867009359322565,-0.2636090947956004,1.5808739245453969,-0.7460782307963346,-0.7533922944110738,-1.7111472936120244
-0.6592381851107338,-0.08682262118841001,-0.26369928854560326,1.5805074495453957,-0.7459835370463394,-0.747408255978562,-1.7110991929870263
-0.6595121226107332,-0.0867009359322565,-0.2637001510455956,1.5806297066747743,-0.7459835370463394,-0.7471248122285692,-1.7111472936120244
-0.6593294976107333,-0.0867009359322565,-0.2636090947956004,1.5805074495453957,-0.7461729245463297,-0.7458648362959357,-1.7113877967370155
-0.6592381851107338,-0.08666944442610584,-0.2637001510455956,1.5803548504247735,-0.7461729245463297,-0.7474710175458941,-1.7110991929870263
-0.6592381851107338,-0.08679112968225935,-0.26369928854560326,1.580599068295396,-0.7459835370463394,-0.7563212131609987,-1.7110510923620281
-0.6594208101107333,-0.08688132343226176,-0.2640626510455912,1.5804161271835309,-0.7461729245463297,-0.759250131910923,-1.7111953942370226
-0.6594208101107333,-0.08697151718226462,-0.2636975635456182,1.5803545540366384,-0.7460782307963346,-0.7641948765934621,-1.7113396961120173
-0.6593294976107333,-0.0867009359322565,-0.26351803854560524,1.5805684299160174,-0.7460782307963346,-0.7678168837760349,-1.7110510923620281
-0.6594208101107333,-0.08679112968225935,-0.2638814010455936,1.5805687263041526,-0.7460782307963346,-0.7679113650260323,-1.7112434948620208
-0.6592381851107338,-0.08679112968225935,-0.26369928854560326,1.5803582761050543,-0.7459835370463394,-0.7611397569108742,-1.7111472936120244
-0.6594208101107333,-0.0867009359322565,-0.26379120729559075,1.5801446966138104,-0.7457941495463488,-0.7588722069109328,-1.7111472936120244
-0.6593294976107333,-0.08688132343226176,-0.263971594795596,1.5801446966138104,-0.7459835370463394,-0.7560377694110059,-1.7110510923620281
-0.6594208101107333,-0.08697151718226462,-0.2638796760456085,1.5804498948550547,-0.7460782307963346,-0.7523530006611006,-1.71100299173703
-0.6593960380506987,-0.08691281493841242,-0.26360736979561533,1.5804226821559568,-0.7461729245463297,-0.7470303309785717,-1.7112434948620208
-0.6593960380506987,-0.08691281493841242,-0.26378948229560567,1.5801174839147125,-0.7459835370463394,-0.7473137747285641,-1.71100299173703
-0.6592134130506992,-0.08691281493841242,-0.2640626510455912,1.580117780302848,-0.7463623120463202,-0.7459593175459331,-1.7111472936120244
-0.6592134130506992,-0.0867009359322565,-0.2636090947956004,1.5803007214147133,-0.7460782307963346,-0.751565430978455,-1.7111472936120244
-0.6592134130506992,-0.08706171093226703,-0.2640609260456061,1.5803313597940916,-0.7458888432963441,-0.7574549881609693,-1.7111953942370226
-0.6592134130506992,-0.0867009359322565,-0.26379120729559075,1.5801787606734699,-0.7459835370463394,-0.7600059819109035,-1.7111953942370226
-0.6592134130506992,-0.08661074218225409,-0.263518901045598,1.5801174839147125,-0.7457941495463488,-0.7640059140934667,-1.71100299173703
-0.6590307880506994,-0.08679112968225935,-0.26369928854560326,1.580209102664713,-0.7459835370463394,-0.7678168837760349,-1.7112434948620208
-0.6593047255506987,-0.0867009359322565,-0.2637001510455956,1.5801481222940912,-0.7461729245463297,-0.7642893578434595,-1.7111953942370226
-0.6593960380506987,-0.08688132343226176,-0.26360736979561533,1.5803310634059564,-0.7459835370463394,-0.7602894256608963,-1.7110991929870263
-0.6590307880506994,-0.08652054843225124,-0.2633376510456,1.5801784642853343,-0.7462676182963249,-0.7577384319109621,-1.7111472936120244
-0.6593960380506987,-0.08706171093226703,-0.26396986979561093,1.580025865164712,-0.7465516995463107,-0.7547150319110398,-1.7113396961120173
-0.6592134130506992,-0.0867009359322565,-0.26351803854560524,1.5801784642853343,-0.7456047620463585,-0.7511247444111324,-1.71100299173703
-0.6593960380506987,-0.0867009359322565,-0.2637264493266402,1.5799648847940904,-0.7460782307963346,-0.7469358497285739,-1.7113396961120173
-0.6590307880506994,-0.08682262118841001,-0.2636345305766527,1.5800868455353339,-0.7460782307963346,-0.7450145050459573,-1.7112434948620208
-0.6592134130506992,-0.0867009359322565,-0.2637527476076848,1.5800565035440908,-0.7461729245463297,-0.7469986112959064,-1.7111953942370226
-0.6591221005506993,-0.0867009359322565,-0.26357063510769446,1.5801784642853343,-0.7462676182963249,-0.7526047247284282,-1.7111472936120244
-0.6591221005506993,-0.08691281493841242,-0.2638420788576949,1.5801174839147125,-0.7457941495463488,-0.7580218756609549,-1.7111953942370226
-0.6593960380506987,-0.08700300868841528,-0.26393227260769775,1.5799342464147121,-0.7456047620463585,-0.7604783881608916,-1.71100299173703
-0.6593960380506987,-0.08691281493841242,-0.2638420788576949,1.580209102664713,-0.7463623120463202,-0.7648562453434451,-1.7113396961120173
-0.6592134130506992,-0.08709320243841769,-0.263931410107705,1.580361701785335,-0.7460782307963346,-0.7678168837760349,-1.711291595487019
-0.6592134130506992,-0.08691281493841242,-0.2637510226076997,1.5802700830353347,-0.7463623120463202,-0.7642893578434595,-1.7112434948620208
-0.6592134130506992,-0.08691281493841242,-0.26393313510769006,1.5800565035440908,-0.7461729245463297,-0.7594390944109184,-1.7112434948620208
-0.6593047255506987,-0.08682262118841001,-0.2636608288576973,1.5799952267853339,-0.7464570057963155,-0.7571715444109766,-1.7112434948620208
-0.6591221005506993,-0.08709320243841769,-0.26402246635770016,1.580025865164712,-0.7463623120463202,-0.7532978131610764,-1.711291595487019
-0.6592134130506992,-0.0866737251945554,-0.2632983288577017,1.5803920437765782,-0.7461729245463297,-0.7472192934785666,-1.7111472936120244
-0.6592134130506992,-0.08682262118841001,-0.2637518851076925,1.580025865164712,-0.7460782307963346,-0.7472192934785666,-1.7111953942370226
-0.6592134130506992,-0.08673242743840716,-0.26357063510769446,1.5801784642853343,-0.7460782307963346,-0.7454869112959455,-1.7110510923620281
-0.6591221005506993,-0.08679112968225935,-0.2637518851076925,1.580209102664713,-0.7462676182963249,-0.750904062228472,-1.711291595487019
-0.6593960380506987,-0.08661074218225409,-0.2635714976076872,1.580209102664713,-0.7457941495463488,-0.7564156944109961,-1.71100299173703
-0.6592799534906642,-0.08661074218225409,-0.2632983288577017,1.5802088062765773,-0.7456047620463585,-0.7590611694109277,-1.7111472936120244
-0.6590973284906647,-0.08664223368840475,-0.26348044135769205,1.5799952267853339,-0.7462676182963249,-0.7610452756608768,-1.7110991929870263
-0.6591886409906647,-0.08676391894455782,-0.26366169135768963,1.580209102664713,-0.7457941495463488,-0.7675334400260421,-1.7110991929870263
-0.6591886409906647,-0.08676391894455782,-0.2637527476076848,1.5800565035440908,-0.7461729245463297,-0.7676279212760395,-1.7110991929870263
-0.6590973284906647,-0.08703450019456593,-0.2641143851076881,1.5801787606734699,-0.7460782307963346,-0.7635335078434791,-1.7111953942370226
-0.6591886409906647,-0.08676391894455782,-0.26366169135768963,1.5801174839147125,-0.7460782307963346,-0.7583998006609451,-1.7110991929870263
-0.6590973284906647,-0.08676391894455782,-0.26366169135768963,1.5801174839147125,-0.7457941495463488,-0.7553764006610229,-1.7111953942370226
-0.6593712659906641,-0.08676391894455782,-0.26393486010767514,1.5799345428028473,-0.7456047620463585,-0.7515026694111226,-1.7110991929870263
-0.6590973284906647,-0.08673242743840716,-0.26357063510769446,1.5800868455353339,-0.7459835370463394,-0.7468413684785764,-1.7110510923620281
-0.6591886409906647,-0.0867009359322565,-0.26366169135768963,1.580025865164712,-0.7460782307963346,-0.7446365800459671,-1.7111472936120244
-0.6592799534906642,-0.08688132343226176,-0.26393313510769006,1.5799648847940904,-0.7457941495463488,-0.7462427612959259,-1.7109548911120318
-0.6590973284906647,-0.0867596381761087,-0.2639076993266382,1.5800871419234694,-0.7460782307963346,-0.7521323184784401,-1.7111953942370226
-0.6590973284906647,-0.08679112968225935,-0.2639076993266382,1.5799039044234686,-0.7463623120463202,-0.757927394410957,-1.7113396961120173
-0.6590973284906647,-0.08697151718226462,-0.26390597432665314,1.5803007214147133,-0.7459835370463394,-0.7598170194109086,-1.7110991929870263
-0.6590973284906647,-0.0867009359322565,-0.2634532805766547,1.5804226821559568,-0.7458888432963441,-0.7641948765934621,-1.7109548911120318
-0.6591886409906647,-0.0867009359322565,-0.2637264493266402,1.5799648847940904,-0.7459835370463394,-0.7678168837760349,-1.71100299173703
-0.6590973284906647,-0.08679112968225935,-0.26381664307664304,1.5798732660440904,-0.7459835370463394,-0.7642893578434595,-1.7111953942370226
-0.6590973284906647,-0.0867009359322565,-0.26354433682664985,1.5801784642853343,-0.7461729245463297,-0.760100463160901,-1.7111472936120244
-0.6591886409906647,-0.08697151718226462,-0.26390597432665314,1.580025865164712,-0.7461729245463297,-0.7577384319109621,-1.7111953942370226
-0.6591886409906647,-0.08688132343226176,-0.2638157805766503,1.5801174839147125,-0.7465516995463107,-0.7543371069110496,-1.711291595487019
-0.6593712659906641,-0.08709320243841769,-0.26399616807665555,1.580209102664713,-0.7462676182963249,-0.7509357819111371,-1.7110510923620281
-0.6593712659906641,-0.0867009359322565,-0.26390856182663053,1.5800261615528477,-0.7460782307963346,-0.7472192934785666,-1.7112434948620208
-0.6590973284906647,-0.08661074218225409,-0.26336308682665227,1.5803310634059564,-0.7460782307963346,-0.7452034675459527,-1.7109548911120318
-0.6591886409906647,-0.08666944442610584,-0.2637264493266402,1.5802397410440916,-0.7461729245463297,-0.7474710175458941,-1.7111472936120244
-0.6590973284906647,-0.0867009359322565,-0.26381750557663536,1.5799039044234686,-0.7456994557963535,-0.7528881684784205,-1.7110510923620281
-0.6593960380506987,-0.08700300868841528,-0.2637238618266628,1.5801478259059556,-0.7463623120463202,-0.7589666881609303,-1.7113396961120173
-0.6592134130506992,-0.08673242743840716,-0.26354433682664985,1.580361701785335,-0.7460782307963346,-0.760761831910884,-1.7112434948620208
-0.6591221005506993,-0.08676391894455782,-0.2633622243266595,1.5803920437765782,-0.7458888432963441,-0.7641948765934621,-1.7110991929870263
-0.6592134130506992,-0.08676391894455782,-0.263635393076645,1.5801174839147125,-0.7462676182963249,-0.7678168837760349,-1.7110991929870263
-0.6594873505506986,-0.08703450019456593,-0.2640880868266435,1.579995523173469,-0.7460782307963346,-0.7639114328434693,-1.7111953942370226
-0.6591221005506993,-0.08694430644456308,-0.2638157805766503,1.580209102664713,-0.7455100682963632,-0.7587777256609354,-1.7109067904870336
-0.6593047255506987,-0.0866737251945554,-0.26345414307664744,1.5802700830353347,-0.7461729245463297,-0.7561322506610033,-1.7110991929870263
-0.6593960380506987,-0.08676391894455782,-0.263635393076645,1.5798426276647117,-0.7460782307963346,-0.7524474819110984,-1.7110510923620281
-0.6593047255506987,-0.08673242743840716,-0.263635393076645,1.5803007214147133,-0.7465516995463107,-0.7475972184785569,-1.7114358973620136
-0.6593960380506987,-0.0867009359322565,-0.2637264493266402,1.5799648847940904,-0.7460782307963346,-0.7472192934785666,-1.7111953942370226
-0.6593047255506987,-0.08688132343226176,-0.2638157805766503,1.580025865164712,-0.7460782307963346,-0.7458648362959357,-1.711291595487019
-0.6593960380506987,-0.08703021942611637,-0.2640872243266507,1.5803313597940916,-0.7456994557963535,-0.7509985434784694,-1.7110991929870263
-0.6591221005506993,-0.08697151718226462,-0.2640880868266435,1.5800871419234694,-0.7460782307963346,-0.7571715444109766,-1.7112434948620208
-0.6595786630506981,-0.08679112968225935,-0.2637255868266479,1.5803007214147133,-0.7458888432963441,-0.7593446131609205,-1.71100299173703
-0.6592134130506992,-0.08688132343226176,-0.26363366807665994,1.5801478259059556,-0.7462676182963249,-0.7613287194108695,-1.711291595487019
-0.6590307880506994,-0.08661074218225409,-0.26345414307664744,1.5799952267853339,-0.7463623120463202,-0.76504520784344,-1.7112434948620208
-0.6592134130506992,-0.08679112968225935,-0.26354347432665753,1.5801478259059556,-0.7460782307963346,-0.7674389587760442,-1.7111953942370226
-0.6591221005506993,-0.0867009359322565,-0.263635393076645,1.580025865164712,-0.7459835370463394,-0.7630611015934909,-1.7110510923620281
-0.6591221005506993,-0.0867009359322565,-0.26390856182663053,1.5800261615528477,-0.7456994557963535,-0.7577384319109621,-1.7110991929870263
-0.6592134130506992,-0.0867009359322565,-0.26381750557663536,1.5800871419234694,-0.7459835370463394,-0.7548095131610373,-1.7111472936120244
-0.6593047255506987,-0.08688132343226176,-0.2637247243266551,1.580453320535335,-0.7456994557963535,-0.751030263161135,-1.71100299173703
-0.6591221005506993,-0.08673242743840716,-0.263635393076645,1.580025865164712,-0.745415374546368,-0.7462744809785913,-1.7109548911120318
-0.6590307880506994,-0.08661074218225409,-0.2635451993266426,1.5803007214147133,-0.7459835370463394,-0.744731061295965,-1.7110991929870263
-0.6593960380506987,-0.08657925067610343,-0.26345414307664744,1.5800868455353339,-0.7465516995463107,-0.7474710175458941,-1.7113877967370155
-0.6592134130506992,-0.08661074218225409,-0.26336308682665227,1.580239444655956,-0.7457941495463488,-0.7526047247284282,-1.7111953942370226
-0.6591221005506993,-0.0867009359322565,-0.26381750557663536,1.5797206669234682,-0.7460782307963346,-0.7581163569109524,-1.7111953942370226
-0.6593047255506987,-0.08682262118841001,-0.2637255868266479,1.580209102664713,-0.7461729245463297,-0.7608563131608819,-1.7111953942370226
-0.6594873505506986,-0.08694430644456308,-0.2638157805766503,1.5803923401647133,-0.7456047620463585,-0.7642893578434595,-1.7110991929870263
-0.6593960380506987,-0.08685411269456067,-0.2636345305766527,1.5802700830353347,-0.7457941495463488,-0.7679113650260323,-1.7110991929870263
-0.6592134130506992,-0.08658353144455255,-0.26372817432662526,1.580117780302848,-0.7460782307963346,-0.7641948765934621,-1.7110991929870263
-0.6593960380506987,-0.08703450019456593,-0.2639970305766483,1.5800565035440908,-0.7460782307963346,-0.7596280569109133,-1.7111953942370226
-0.6591221005506993,-0.08676391894455782,-0.263635393076645,1.580025865164712,-0.7458888432963441,-0.7569825819109817,-1.7111953942370226
-0.6593960380506987,-0.08712469394456834,-0.26399616807665555,1.580209102664713,-0.7457941495463488,-0.7532978131610764,-1.7110991929870263
-0.6593960380506987,-0.08691281493841242,-0.26390683682664545,1.5801481222940912,-0.7457941495463488,-0.7473137747285641,-1.7111953942370226
-0.6592134130506992,-0.08679112968225935,-0.2637255868266479,1.5799342464147121,-0.7463623120463202,-0.7472192934785666,-1.7112434948620208
-0.6591221005506993,-0.08652054843225124,-0.26345500557663976,1.580209102664713,-0.7460782307963346,-0.7455813925459429,-1.7111472936120244
-0.6591221005506993,-0.0868498319261111,-0.26390683682664545,1.5802397410440916,-0.7459835370463394,-0.7508095809784741,-1.7111953942370226
-0.6592134130506992,-0.0868498319261111,-0.2640889493266358,1.5799345428028473,-0.7462676182963249,-0.7564156944109961,-1.7111472936120244
-0.6593960380506987,-0.0867009359322565,-0.2637264493266402,1.5801481222940912,-0.7456047620463585,-0.75858876316094,-1.7108105892370373
-0.6594873505506986,-0.0867009359322565,-0.2636090947956004,1.580209102664713,-0.7464570057963155,-0.7615176819108644,-1.7111953942370226
-0.5804779258359001,-0.03470459031416136,-0.1765199215427769,2.0532141053736095,-0.3292762717756199,-0.6093974470307952,-1.37026036640325
-0.5802039883359007,-0.034524202814156094,-0.17652164654276198,2.053092144632366,-0.3293709655256154,-0.6093029657807978,-1.3700679639032574
-0.5802039883359007,-0.03461439656415895,-0.1764297277927745,2.0526984569332667,-0.32946565927561045,-0.609680890780788,-1.37026036640325
-0.5806605508359,-0.034524202814156094,-0.17652164654276198,2.0530345899420244,-0.3293709655256154,-0.609680890780788,-1.37026036640325
-0.5806605508359,-0.034524202814156094,-0.17652164654276198,2.053217827442025,-0.32946565927561045,-0.6093029657807978,-1.3701641651532537
-0.5807518633358995,-0.034434009064153684,-0.17652250904275474,2.052973609571403,-0.32993912802558656,-0.6099643345307808,-1.3703565676532463
-0.5805692383359,-0.034524202814156094,-0.17670375904275232,2.0530042479507813,-0.3292762717756199,-0.6093974470307952,-1.3701641651532537
-0.5802953008359006,-0.03470459031416136,-0.1765199215427769,2.0528241397429263,-0.329655046775601,-0.6094919282807927,-1.3700679639032574
-0.5804779258359001,-0.03479478406416421,-0.17706539654275605,2.052794094139818,-0.3292762717756199,-0.6093974470307952,-1.3701641651532537
-0.5805692383359,-0.034492711308005436,-0.17652164654276198,2.052702179001683,-0.32946565927561045,-0.6094919282807927,-1.3702122657782518
-0.5804779258359001,-0.034492711308005436,-0.17661270279275715,2.0527328173810617,-0.32918157802562487,-0.6094919282807927,-1.3701160645282555
-0.5803866133359006,-0.034402517558003026,-0.17624934029276923,2.0528241397429263,-0.3290868842756294,-0.6093974470307952,-1.369971762653261
-0.5806605508359,-0.0346730988080107,-0.17688414654275758,2.052488599510439,-0.32870810927564875,-0.6093029657807978,-1.3698755614032647
-0.5806605508359,-0.03431232380800062,-0.176250202792762,2.052946396872305,-0.3285187217756582,-0.609019522030805,-1.3698274607782666
-0.5804779258359001,-0.034492711308005436,-0.17670375904275232,2.052488599510439,-0.3293709655256154,-0.6097753720307855,-1.3701641651532537
-0.5803866133359006,-0.034402517558003026,-0.17670462154274552,2.052461683199476,-0.329749740525596,-0.6097753720307855,-1.3703565676532463
-0.5804779258359001,-0.03476329255801355,-0.1767922277927701,2.052461386811341,-0.32946565927561045,-0.6093974470307952,-1.3700679639032574
-0.5802953008359006,-0.034402517558003026,-0.17643145279275957,2.0525530055613412,-0.329655046775601,-0.6097753720307855,-1.3701641651532537
-0.5804779258359001,-0.034492711308005436,-0.17652164654276198,2.052827861811342,-0.3293709655256154,-0.6093029657807978,-1.3700198632782592
-0.5807518633358995,-0.034402517558003026,-0.17643145279275957,2.052369768061341,-0.32946565927561045,-0.6093974470307952,-1.3700679639032574
-0.5804779258359001,-0.03422213005799776,-0.1759778965427688,2.0527359466732067,-0.32946565927561045,-0.6093974470307952,-1.3701160645282555
-0.5804779258359001,-0.03458290505800829,-0.17663813857380944,2.0526446243113416,-0.3295603530256055,-0.609680890780788,-1.3701160645282555
-0.5804779258359001,-0.034492711308005436,-0.1765479448238066,2.0525530055613412,-0.32918157802562487,-0.6093974470307952,-1.3700679639032574
-0.5804779258359001,-0.03470459031416136,-0.17672833232381185,2.0526446243113416,-0.3292762717756199,-0.6093974470307952,-1.3701641651532537
-0.5804113853959352,-0.03470459031416136,-0.17663727607381668,2.0527056046819636,-0.3292762717756199,-0.609680890780788,-1.3701160645282555
-0.5805026978959347,-0.034524202814156094,-0.1765479448238066,2.0525530055613412,-0.3295603530256055,-0.6093974470307952,-1.3700679639032574
-0.5803200728959352,-0.03470459031416136,-0.17672833232381185,2.052827861811342,-0.3292762717756199,-0.6093974470307952,-1.3701160645282555
-0.5805026978959347,-0.03470459031416136,-0.17663727607381668,2.052430748431963,-0.32946565927561045,-0.6092084845307999,-1.3701160645282555
-0.5806853228959346,-0.03488497781416662,-0.1769997760738123,2.05258364394072,-0.3290868842756294,-0.609019522030805,-1.369971762653261
-0.5805940103959346,-0.03470459031416136,-0.17654621982382152,2.0526749663025847,-0.32946565927561045,-0.6095864095307901,-1.3701641651532537
-0.5803200728959352,-0.034434009064153684,-0.17645775107380418,2.0525530055613412,-0.32946565927561045,-0.6093974470307952,-1.3701641651532537
-0.5804113853959352,-0.034434009064153684,-0.17673091982379013,2.052095208199475,-0.329749740525596,-0.6097753720307855,-1.3701160645282555
-0.5804113853959352,-0.034524202814156094,-0.17663900107380176,2.0526177080003793,-0.32946565927561045,-0.6093974470307952,-1.3701160645282555
-0.5805026978959347,-0.034524202814156094,-0.17663900107380176,2.0523428517503786,-0.32918157802562487,-0.6095864095307901,-1.3700679639032574
-0.5805026978959347,-0.034524202814156094,-0.17645688857381142,2.052464812491622,-0.32946565927561045,-0.6093029657807978,-1.3702122657782518
-0.5804113853959352,-0.034524202814156094,-0.17675635560484154,2.052098633879756,-0.3292762717756199,-0.6095864095307901,-1.37026036640325
-0.5806853228959346,-0.03479478406416421,-0.1769358806048545,2.052251233000378,-0.329655046775601,-0.6095864095307901,-1.3701641651532537
-0.5806853228959346,-0.034434009064153684,-0.1764840493548488,2.0522205946209997,-0.3292762717756199,-0.6097753720307855,-1.3700679639032574
-0.5805026978959347,-0.03461439656415895,-0.17648232435486372,2.052342555362243,-0.3295603530256055,-0.6097753720307855,-1.3702122657782518
-0.5805940103959346,-0.034524202814156094,-0.17693846810483232,2.052251529388513,-0.3295603530256055,-0.6098698532807829,-1.3701641651532537
-0.5805026978959347,-0.03470459031416136,-0.17675463060485647,2.0524954508710005,-0.32946565927561045,-0.609680890780788,-1.3701641651532537
-0.5803200728959352,-0.034434009064153684,-0.17639299310485362,2.0521899562416213,-0.3293709655256154,-0.6093029657807978,-1.3700679639032574
-0.5804113853959352,-0.03461439656415895,-0.17666443685485406,2.0524954508710005,-0.3295603530256055,-0.6094919282807927,-1.3701160645282555
-0.5805026978959347,-0.03479478406416421,-0.17684482435485932,2.0523122133709997,-0.3293709655256154,-0.6094919282807927,-1.3701641651532537
-0.5804113853959352,-0.03425362156414842,-0.1761215493548532,2.052342555362243,-0.3293709655256154,-0.6095864095307901,-1.3700679639032574
-0.5806853228959346,-0.03479478406416421,-0.17684482435485932,2.0523122133709997,-0.3292762717756199,-0.609680890780788,-1.3701641651532537
-0.5805026978959347,-0.03461439656415895,-0.17666443685485406,2.0523122133709997,-0.3292762717756199,-0.609680890780788,-1.3701641651532537
-0.580776635395934,-0.034524202814156094,-0.17675635560484154,2.0522818713797566,-0.3292762717756199,-0.6095864095307901,-1.37026036640325
-0.5805940103959346,-0.034524202814156094,-0.1765742431048512,2.0521289758709993,-0.32993912802558656,-0.6099643345307808,-1.3703565676532463
-0.5803200728959352,-0.03437530682030193,-0.17639385560484638,2.0522205946209997,-0.329655046775601,-0.6095864095307901,-1.3702122657782518
-0.5804113853959352,-0.03455569432030675,-0.17639213060486086,2.0525257928622436,-0.3295603530256055,-0.6097753720307855,-1.3702122657782518
-0.5805940103959346,-0.03455569432030675,-0.1765742431048512,2.0523122133709997,-0.3292762717756199,-0.6093974470307952,-1.37026036640325
-0.5805026978959347,-0.03455569432030675,-0.17666529935484637,2.0520679955003778,-0.329655046775601,-0.6092084845307999,-1.3702122657782518
-0.5804113853959352,-0.034736081820312015,-0.17675463060485647,2.0523122133709997,-0.3298444342755915,-0.6099643345307808,-1.370548970153239
-0.580867947895934,-0.03455569432030675,-0.17675635560484154,2.0522818713797566,-0.32946565927561045,-0.6097753720307855,-1.3701641651532537
-0.5804113853959352,-0.034736081820312015,-0.17675463060485647,2.0524954508710005,-0.32899219052563433,-0.6092084845307999,-1.369971762653261
-0.580867947895934,-0.03455569432030675,-0.17639213060486086,2.052617411612244,-0.3292762717756199,-0.609680890780788,-1.3701641651532537
-0.5804113853959352,-0.03455569432030675,-0.17639213060486086,2.052434174112243,-0.3292762717756199,-0.6095864095307901,-1.3701641651532537
-0.5805026978959347,-0.034736081820312015,-0.17675463060485647,2.0523122133709997,-0.3293709655256154,-0.609680890780788,-1.3702122657782518
-0.5806853228959346,-0.03482627557031487,-0.17675376810486415,2.0523731937416216,-0.32946565927561045,-0.609680890780788,-1.3701641651532537
-0.5806853228959346,-0.03482627557031487,-0.17702693685484966,2.052098633879756,-0.329655046775601,-0.6098698532807829,-1.3703084670282482
-0.5803200728959352,-0.03428511307029908,-0.17618630732380375,2.0521899562416213,-0.3292762717756199,-0.6095864095307901,-1.3700679639032574
-0.5806853228959346,-0.03482627557031487,-0.1768185260738147,2.0521289758709993,-0.3293709655256154,-0.6093974470307952,-1.3701641651532537
-0.5803200728959352,-0.03446550057030434,-0.176366694823809,2.0521899562416213,-0.32946565927561045,-0.609680890780788,-1.3700679639032574
-0.5803200728959352,-0.03455569432030675,-0.17636583232381625,2.0521593178622424,-0.3288974967756393,-0.609019522030805,-1.369971762653261
-0.5805026978959347,-0.03491646932031728,-0.17681766357382195,2.052464812491622,-0.3293709655256154,-0.6097753720307855,-1.3701641651532537
-0.5805940103959346,-0.03455569432030675,-0.17627477607382108,2.0522543622925236,-0.3292762717756199,-0.6093029657807978,-1.3701641651532537
-0.5805026978959347,-0.034736081820312015,-0.17672833232381185,2.052163039930658,-0.32946565927561045,-0.6097753720307855,-1.3700679639032574
-0.5805940103959346,-0.03482627557031487,-0.1768185260738147,2.0519798024306577,-0.32918157802562487,-0.6093974470307952,-1.3699236620282629
-0.5805026978959347,-0.03482627557031487,-0.1765453573238292,2.0522543622925236,-0.3292762717756199,-0.6093974470307952,-1.3701641651532537
-0.5804113853959352,-0.03455569432030675,-0.17636583232381625,2.052101763171901,-0.3293709655256154,-0.6094919282807927,-1.3701641651532537
-0.5805026978959347,-0.034645888070309605,-0.17663813857380944,2.052163039930658,-0.32946565927561045,-0.6098698532807829,-1.3703565676532463
-0.580776635395934,-0.03446550057030434,-0.176366694823809,2.05213240155128,-0.3292762717756199,-0.6097753720307855,-1.3702122657782518
-0.5805026978959347,-0.03446550057030434,-0.176366694823809,2.0518575453012793,-0.3290868842756294,-0.6092084845307999,-1.3701160645282555
-0.5803200728959352,-0.03446550057030434,-0.17627563857381384,2.0520101444219008,-0.3288974967756393,-0.6092084845307999,-1.3701641651532537
-0.5806853228959346,-0.03482627557031487,-0.17709169482380066,2.0521633363187934,-0.32918157802562487,-0.6095864095307901,-1.3701160645282555
-0.5806853228959346,-0.03446550057030434,-0.176366694823809,2.05222402030128,-0.32946565927561045,-0.6099643345307808,-1.3704046682782445
-0.5804113853959352,-0.034645888070309605,-0.17654708232381428,2.0520407828012797,-0.32946565927561045,-0.6097753720307855,-1.3701641651532537
-0.5805026978959347,-0.034736081820312015,-0.17654621982382152,2.0519525897315596,-0.32918157802562487,-0.6095864095307901,-1.3701641651532537
-0.5805026978959347,-0.034645888070309605,-0.1764560260738191,2.0518609709815596,-0.3293709655256154,-0.609680890780788,-1.3701641651532537
-0.5805026978959347,-0.034736081820312015,-0.17672833232381185,2.0521054852403173,-0.3292762717756199,-0.6092084845307999,-1.37026036640325
-0.5805026978959347,-0.03455569432030675,-0.17645688857381142,2.052074846860939,-0.32899219052563433,-0.6093029657807978,-1.3702122657782518
-0.5805940103959346,-0.03455569432030675,-0.17636583232381625,2.0519525897315596,-0.32918157802562487,-0.609680890780788,-1.3701160645282555
-0.5805026978959347,-0.034736081820312015,-0.17672833232381185,2.0520138664903165,-0.3292762717756199,-0.6097753720307855,-1.3701641651532537
-0.5805940103959346,-0.034736081820312015,-0.17663727607381668,2.052074846860939,-0.32946565927561045,-0.6093974470307952,-1.37026036640325
-0.580867947895934,-0.03482627557031487,-0.17663641357382437,2.0521358272315604,-0.32946565927561045,-0.6097753720307855,-1.37026036640325
-0.5803200728959352,-0.03437530682030193,-0.17609438857381626,2.052105188852182,-0.3290868842756294,-0.6095864095307901,-1.3701641651532537
-0.5804113853959352,-0.03455569432030675,-0.17636583232381625,2.0522274459815604,-0.3292762717756199,-0.6095864095307901,-1.37026036640325
-0.5805026978959347,-0.03446550057030434,-0.17627563857381384,2.0523190647315612,-0.3290868842756294,-0.6092084845307999,-1.3699236620282629
-0.5806853228959346,-0.034736081820312015,-0.17654621982382152,2.0521358272315604,-0.32918157802562487,-0.6094919282807927,-1.3701160645282555
-0.5806853228959346,-0.03455569432030675,-0.17645688857381142,2.051983228110939,-0.3292762717756199,-0.6094919282807927,-1.3700679639032574
-0.5806853228959346,-0.03446550057030434,-0.176366694823809,2.052166465610939,-0.3292762717756199,-0.6092084845307999,-1.3700679639032574
-0.5804113853959352,-0.03446550057030434,-0.176366694823809,2.051983228110939,-0.32918157802562487,-0.6094919282807927,-1.369971762653261
-0.5805026978959347,-0.03446550057030434,-0.17627563857381384,2.0521358272315604,-0.3292762717756199,-0.6095864095307901,-1.3700198632782592
-0.5802287603959353,-0.03455569432030675,-0.1765479448238066,2.0520138664903165,-0.3295603530256055,-0.6097753720307855,-1.3703565676532463
-0.5804113853959352,-0.03446550057030434,-0.17645775107380418,2.0521054852403173,-0.32918157802562487,-0.6097753720307855,-1.3701641651532537
-0.5805026978959347,-0.03446550057030434,-0.17624934029276923,2.0517693522315597,-0.3292762717756199,-0.6093974470307952,-1.3701160645282555
-0.5805026978959347,-0.034645888070309605,-0.17661184029276483,2.0518306289903165,-0.3300338217755816,-0.6100588157807783,-1.3705008695282408
-0.5805026978959347,-0.03455569432030675,-0.17633953404277164,2.0521358272315604,-0.32918157802562487,-0.6094919282807927,-1.3700679639032574
-0.5806853228959346,-0.03446550057030434,-0.17624934029276923,2.0520442084815604,-0.3292762717756199,-0.6095864095307901,-1.3701641651532537
-0.5804113853959352,-0.03482627557031487,-0.1767922277927701,2.0521054852403173,-0.32918157802562487,-0.6095864095307901,-1.3700198632782592
-0.5805026978959347,-0.034645888070309605,-0.1764297277927745,2.0520442084815604,-0.3292762717756199,-0.6093974470307952,-1.369971762653261
-0.5805026978959347,-0.03455569432030675,-0.1761574215427813,2.0523494067228043,-0.3292762717756199,-0.6093029657807978,-1.3700198632782592
-0.5805940103959346,-0.034645888070309605,-0.1764297277927745,2.0519525897315596,-0.3292762717756199,-0.6093029657807978,-1.3701160645282555
-0.5804113853959352,-0.034736081820312015,-0.1765199215427769,2.0521933819219016,-0.3293709655256154,-0.609680890780788,-1.3702122657782518
-0.580867947895934,-0.03455569432030675,-0.1761574215427813,2.052406961413145,-0.3292762717756199,-0.6093029657807978,-1.3701160645282555
-0.5805940103959346,-0.03446550057030434,-0.1763403965427644,2.0520407828012797,-0.3292762717756199,-0.6093974470307952,-1.3702122657782518
-0.580867947895934,-0.03455569432030675,-0.1764305902927668,2.05222402030128,-0.3288974967756393,-0.6091140032808025,-1.3700679639032574
-0.5804113853959352,-0.034645888070309605,-0.17624761529278415,2.052406961413145,-0.32918157802562487,-0.6093974470307952,-1.3701160645282555
-0.5804113853959352,-0.034736081820312015,-0.1765199215427769,2.051918525671901,-0.329749740525596,-0.6095864095307901,-1.37026036640325
-0.580776635395934,-0.034857767076465526,-0.1765190590427846,2.052162743542523,-0.32918157802562487,-0.6093974470307952,-1.3701160645282555
-0.5805940103959346,-0.03458718582645741,-0.17633953404277164,2.0522850006719016,-0.3292762717756199,-0.6092084845307999,-1.3700198632782592
-0.5804113853959352,-0.03458718582645741,-0.1764305902927668,2.0523156390512804,-0.329655046775601,-0.6097753720307855,-1.3703565676532463
-0.5805026978959347,-0.03461867733260807,-0.1761574215427813,2.0524985801631455,-0.32946565927561045,-0.6097753720307855,-1.3702122657782518
-0.5806853228959346,-0.03461867733260807,-0.17633953404277164,2.0522850006719016,-0.3292762717756199,-0.6095864095307901,-1.3702122657782518
-0.5808927199559686,-0.03470887108261092,-0.17670289654276,2.0522852970600374,-0.3292762717756199,-0.6094919282807927,-1.3700198632782592
-0.5804361574559698,-0.03461867733260807,-0.17624847779277647,2.0520711247925227,-0.3283293342756677,-0.6088305595308097,-1.3697793601532684
-0.5803448449559698,-0.03443828983260325,-0.17606809029277165,2.0523459810425235,-0.3292762717756199,-0.6093029657807978,-1.3700679639032574
-0.5805274699559693,-0.03461867733260807,-0.17670375904275232,2.052132697939415,-0.32946565927561045,-0.6100588157807783,-1.3704046682782445
-0.5805274699559693,-0.03452848358260566,-0.17624934029276923,2.0522850006719016,-0.3292762717756199,-0.6095864095307901,-1.3703084670282482
-0.5806187824559692,-0.03470887108261092,-0.17652078404276966,2.05213240155128,-0.3288974967756393,-0.6093029657807978,-1.369971762653261
-0.5804361574559698,-0.03452848358260566,-0.17624934029276923,2.052101763171901,-0.32918157802562487,-0.6093974470307952,-1.3701160645282555
-0.5807100949559691,-0.03461867733260807,-0.1764305902927668,2.0523156390512804,-0.3295603530256055,-0.6093974470307952,-1.37026036640325
-0.5806187824559692,-0.03461867733260807,-0.1764305902927668,2.0519491640512793,-0.3290868842756294,-0.6091140032808025,-1.3700198632782592
-0.5805274699559693,-0.03461867733260807,-0.17624847779277647,2.0525292185425243,-0.3290868842756294,-0.6095864095307901,-1.3700198632782592
-0.5806435545160038,-0.03443828983260325,-0.176250202792762,2.05222402030128,-0.3292762717756199,-0.6095864095307901,-1.3701641651532537
-0.5805522420160039,-0.03443828983260325,-0.17615914654276682,2.0521933819219016,-0.3295603530256055,-0.6099643345307808,-1.37026036640325
-0.5805522420160039,-0.03458718582645741,-0.17624847779277647,2.0522543622925236,-0.32918157802562487,-0.6093974470307952,-1.3701160645282555
-0.5806435545160038,-0.03458718582645741,-0.1764305902927668,2.0519491640512793,-0.329655046775601,-0.6098698532807829,-1.3705008695282408
-0.5805522420160039,-0.03476757332646267,-0.1765199215427769,2.0522850006719016,-0.3290868842756294,-0.609680890780788,-1.37026036640325
-0.5805522420160039,-0.034496992076455,-0.17624934029276923,2.0521933819219016,-0.3288974967756393,-0.6089250407808076,-1.3699236620282629
-0.5804609295160044,-0.03440679832645259,-0.17615914654276682,2.052101763171901,-0.3292762717756199,-0.6093974470307952,-1.3701641651532537
-0.5804609295160044,-0.03440679832645259,-0.17615914654276682,2.0521933819219016,-0.3292762717756199,-0.6094919282807927,-1.3701160645282555
-0.5805522420160039,-0.03458718582645741,-0.17633953404277164,2.052376619421902,-0.32946565927561045,-0.609680890780788,-1.3701641651532537
-0.5805522420160039,-0.034496992076455,-0.1763403965427644,2.05213240155128,-0.32918157802562487,-0.6095864095307901,-1.3701641651532537
-0.5806435545160038,-0.03458718582645741,-0.17633953404277164,2.051918525671901,-0.32899219052563433,-0.6093029657807978,-1.3702122657782518
-0.5806435545160038,-0.03458718582645741,-0.17633953404277164,2.0521933819219016,-0.3292762717756199,-0.6094919282807927,-1.3701160645282555
-0.5807348670160037,-0.034857767076465526,-0.1767922277927701,2.052163039930658,-0.329655046775601,-0.6098698532807829,-1.3703084670282482
-0.5802783045160045,-0.03458718582645741,-0.1764305902927668,2.052407257801281,-0.3293709655256154,-0.6095864095307901,-1.3701641651532537
-0.5805522420160039,-0.034857767076465526,-0.17670117154277493,2.05213240155128,-0.32918157802562487,-0.6094919282807927,-1.3701641651532537
-0.5805522420160039,-0.03440679832645259,-0.17634125904275716,2.052163039930658,-0.3288974967756393,-0.6095864095307901,-1.3700679639032574
-0.5809174920160032,-0.03440679832645259,-0.17615914654276682,2.0521933819219016,-0.32899219052563433,-0.6093974470307952,-1.3702122657782518
-0.5807348670160037,-0.03503815457647079,-0.1768815590427802,2.05222402030128,-0.3292762717756199,-0.6093974470307952,-1.3702122657782518
-0.5806187824559692,-0.034496992076455,-0.17624934029276923,2.0522850006719016,-0.3293709655256154,-0.6097753720307855,-1.37026036640325
-0.5805274699559693,-0.03458718582645741,-0.17633953404277164,2.0522850006719016,-0.32918157802562487,-0.6095864095307901,-1.3701641651532537
-0.5806187824559692,-0.03476757332646267,-0.17661097779277207,2.052407257801281,-0.3292762717756199,-0.609680890780788,-1.37026036640325
-0.5807100949559691,-0.03458718582645741,-0.17661270279275715,2.0522852970600374,-0.3295603530256055,-0.6097753720307855,-1.37026036640325
-0.5803448449559698,-0.03458718582645741,-0.17633953404277164,2.052376619421902,-0.32946565927561045,-0.6097753720307855,-1.3701160645282555
-0.5805274699559693,-0.034496992076455,-0.17624934029276923,2.0522850006719016,-0.32946565927561045,-0.6097753720307855,-1.37026036640325
-0.5804361574559698,-0.03467737957646026,-0.1764297277927745,2.0522850006719016,-0.32918157802562487,-0.6097753720307855,-1.3703084670282482
-0.5807100949559691,-0.03476757332646267,-0.17661097779277207,2.05222402030128,-0.32918157802562487,-0.6093029657807978,-1.3701641651532537
-0.5804361574559698,-0.03458718582645741,-0.17633953404277164,2.052101763171901,-0.3295603530256055,-0.6095864095307901,-1.3701160645282555
-0.5805274699559693,-0.03458718582645741,-0.17670375904275232,2.052132697939415,-0.3292762717756199,-0.6092084845307999,-1.3701160645282555
-0.5805274699559693,-0.03458718582645741,-0.1764305902927668,2.05222402030128,-0.3295603530256055,-0.6097753720307855,-1.3703084670282482
-0.5803448449559698,-0.03458718582645741,-0.17633953404277164,2.052376619421902,-0.3290868842756294,-0.6093029657807978,-1.3700198632782592
-0.5805274699559693,-0.03476757332646267,-0.1765199215427769,2.0522850006719016,-0.32918157802562487,-0.6093974470307952,-1.3702122657782518
-0.5805274699559693,-0.034496992076455,-0.1763403965427644,2.0520407828012797,-0.3292762717756199,-0.6097753720307855,-1.3703565676532463
-0.5803448449559698,-0.034496992076455,-0.1763403965427644,2.05222402030128,-0.3292762717756199,-0.6093974470307952,-1.3701641651532537
-0.5805274699559693,-0.03455569432030675,-0.1764305902927668,2.0523156390512804,-0.3285187217756582,-0.6086415970308148,-1.3697793601532684
-0.5804361574559698,-0.03446550057030434,-0.17622304201172462,2.052101763171901,-0.3292762717756199,-0.6092084845307999,-1.3701641651532537
-0.5805274699559693,-0.03455569432030675,-0.17649534826171737,2.052071421180658,-0.3292762717756199,-0.6095864095307901,-1.3701160645282555
-0.5806187824559692,-0.034736081820312015,-0.17667573576172263,2.052163039930658,-0.3292762717756199,-0.6093029657807978,-1.37026036640325
-0.5805274699559693,-0.03446550057030434,-0.1763140982617198,2.05213240155128,-0.329655046775601,-0.6099643345307808,-1.3703565676532463
-0.5805274699559693,-0.03455569432030675,-0.1764042920117222,2.052407257801281,-0.32946565927561045,-0.6097753720307855,-1.3702122657782518
-0.5806187824559692,-0.03455569432030675,-0.17622217951173186,2.0523459810425235,-0.32918157802562487,-0.6093029657807978,-1.3699236620282629
-0.5803448449559698,-0.03455569432030675,-0.17649534826171737,2.052071421180658,-0.3293709655256154,-0.6093029657807978,-1.37026036640325
-0.5807100949559691,-0.03455569432030675,-0.17649534826171737,2.0519798024306577,-0.32946565927561045,-0.6098698532807829,-1.3703565676532463
-0.5808014074559686,-0.03455569432030675,-0.1764042920117222,2.0520407828012797,-0.3293709655256154,-0.6094919282807927,-1.3701641651532537
-0.5805274699559693,-0.03446550057030434,-0.17622304201172462,2.0521933819219016,-0.3290868842756294,-0.6093029657807978,-1.3701641651532537
-0.5805274699559693,-0.03446550057030434,-0.17622304201172462,2.0520101444219008,-0.3295603530256055,-0.6095864095307901,-1.3702122657782518
-0.5807100949559691,-0.03446550057030434,-0.17613198576172945,2.052437599792524,-0.32899219052563433,-0.6095864095307901,-1.3703084670282482
-0.5805274699559693,-0.034736081820312015,-0.17667573576172263,2.0522546586806585,-0.32899219052563433,-0.6092084845307999,-1.3699236620282629
-0.5803448449559698,-0.03437530682030193,-0.17622390451171738,2.0520407828012797,-0.3292762717756199,-0.6095864095307901,-1.37026036640325
-0.5805274699559693,-0.03437530682030193,-0.17631496076171255,2.052163039930658,-0.329655046775601,-0.6098698532807829,-1.370548970153239
-0.5805274699559693,-0.034645888070309605,-0.17676765451171056,2.0522243166894154,-0.3290868842756294,-0.6093974470307952,-1.3702122657782518
-0.5805274699559693,-0.03437530682030193,-0.17622390451171738,2.0519491640512793,-0.32918157802562487,-0.6093974470307952,-1.3701160645282555
-0.5805274699559693,-0.03482627557031487,-0.17676592951172548,2.0523122133709997,-0.32918157802562487,-0.6093029657807978,-1.3700679639032574
-0.5805274699559693,-0.03482627557031487,-0.17667487326173031,2.0521899562416213,-0.32918157802562487,-0.6093029657807978,-1.3700679639032574
-0.5805274699559693,-0.03446550057030434,-0.17640515451171496,2.0522205946209997,-0.3292762717756199,-0.6095864095307901,-1.3703084670282482
-0.5808014074559686,-0.034434009064153684,-0.17640515451171496,2.0521289758709993,-0.32918157802562487,-0.6092084845307999,-1.37026036640325
-0.5805274699559693,-0.034524202814156094,-0.1764042920117222,2.0523731937416216,-0.3290868842756294,-0.6095864095307901,-1.3702122657782518
-0.5806187824559692,-0.034343815314151274,-0.17622390451171738,2.0523731937416216,-0.32918157802562487,-0.6095864095307901,-1.3701641651532537
-0.5803448449559698,-0.034343815314151274,-0.1761328482617222,2.052434174112243,-0.32918157802562487,-0.6095864095307901,-1.3700679639032574
-0.5806187824559692,-0.034343815314151274,-0.17631496076171255,2.0521289758709993,-0.32946565927561045,-0.609680890780788,-1.3703084670282482
-0.5804361574559698,-0.034524202814156094,-0.17649534826171737,2.0522205946209997,-0.3285187217756582,-0.609019522030805,-1.3699236620282629
-0.580776635395934,-0.034343815314151274,-0.17622390451171738,2.0521899562416213,-0.3290868842756294,-0.6093974470307952,-1.3702122657782518
-0.5805026978959347,-0.034524202814156094,-0.17631323576172703,2.0521593178622424,-0.3292762717756199,-0.6093974470307952,-1.3701641651532537
-0.5805026978959347,-0.034524202814156094,-0.17631323576172703,2.052250936612243,-0.3290868842756294,-0.6093974470307952,-1.37026036640325
-0.5806853228959346,-0.03479478406416421,-0.17676592951172548,2.0523122133709997,-0.32918157802562487,-0.6092084845307999,-1.3701641651532537
-0.5805026978959347,-0.034524202814156094,-0.1764305902927668,2.0525564312416225,-0.3292762717756199,-0.6094919282807927,-1.3703565676532463
-0.5804113853959352,-0.034524202814156094,-0.1764305902927668,2.052006718741621,-0.3290868842756294,-0.6094919282807927,-1.3701160645282555
-0.5805026978959347,-0.034434009064153684,-0.17643145279275957,2.052037357120999,-0.3293709655256154,-0.6093974470307952,-1.3701641651532537
-0.5803200728959352,-0.034434009064153684,-0.1760672277927789,2.0523728973534863,-0.32899219052563433,-0.609680890780788,-1.3701160645282555
-0.5804113853959352,-0.034524202814156094,-0.17652164654276198,2.0522205946209997,-0.32918157802562487,-0.6094919282807927,-1.37026036640325
-0.5805940103959346,-0.034524202814156094,-0.17661270279275715,2.0523428517503786,-0.3295603530256055,-0.6095864095307901,-1.3702122657782518
-0.5806853228959346,-0.03470459031416136,-0.1765199215427769,2.052342555362243,-0.3292762717756199,-0.6092084845307999,-1.3701641651532537
-0.5806853228959346,-0.034434009064153684,-0.17624934029276923,2.0525257928622436,-0.3290868842756294,-0.6093974470307952,-1.3701641651532537
-0.5804113853959352,-0.03479478406416421,-0.1765190590427846,2.052678391982866,-0.32918157802562487,-0.6093974470307952,-1.3703565676532463
-0.5805026978959347,-0.034524202814156094,-0.1764305902927668,2.0523731937416216,-0.32899219052563433,-0.6093974470307952,-1.3702122657782518
-0.5806853228959346,-0.034524202814156094,-0.1764305902927668,2.0523391296819624,-0.3293709655256154,-0.6093974470307952,-1.3701641651532537
-0.5805026978959347,-0.034524202814156094,-0.17652164654276198,2.052369768061341,-0.32918157802562487,-0.6095864095307901,-1.3701641651532537
-0.5805026978959347,-0.034524202814156094,-0.1764305902927668,2.0523391296819624,-0.3292762717756199,-0.609680890780788,-1.37026036640325
-0.5805026978959347,-0.03461439656415895,-0.17652078404276966,2.0523391296819624,-0.3292762717756199,-0.6094919282807927,-1.3701160645282555
-0.5803200728959352,-0.03437530682030193,-0.17597703404277648,2.052796927043828,-0.32918157802562487,-0.6095864095307901,-1.3702122657782518
-0.5806853228959346,-0.03455569432030675,-0.17624847779277647,2.0526443279232063,-0.32946565927561045,-0.6097753720307855,-1.3703084670282482
-0.5804113853959352,-0.03455569432030675,-0.1764305902927668,2.0523391296819624,-0.3293709655256154,-0.6093974470307952,-1.3701160645282555
-0.5805026978959347,-0.03446550057030434,-0.17652250904275474,2.05258364394072,-0.32899219052563433,-0.6093029657807978,-1.3700679639032574
-0.5805026978959347,-0.03446550057030434,-0.17624934029276923,2.0525833475525843,-0.3295603530256055,-0.6097753720307855,-1.3703084670282482
-0.5804113853959352,-0.034645888070309605,-0.17661184029276483,2.0522781493113404,-0.3292762717756199,-0.6095864095307901,-1.37026036640325
-0.5806853228959346,-0.03455569432030675,-0.17652164654276198,2.0525530055613412,-0.3293709655256154,-0.6097753720307855,-1.3703565676532463
-0.5805026978959347,-0.03437530682030193,-0.17615914654276682,2.0525833475525843,-0.3292762717756199,-0.6092084845307999,-1.3701641651532537
-0.5803200728959352,-0.03437530682030193,-0.17634125904275716,2.0525530055613412,-0.3288974967756393,-0.6093029657807978,-1.3700198632782592
-0.5806853228959346,-0.03446550057030434,-0.1766135652927499,2.0523394260700973,-0.32918157802562487,-0.6093974470307952,-1.3703084670282482
-0.5805026978959347,-0.03440679832645259,-0.176250202792762,2.0523391296819624,-0.32946565927561045,-0.6095864095307901,-1.3701641651532537
-0.580776635395934,-0.03467737957646026,-0.17652078404276966,2.0523391296819624,-0.3288974967756393,-0.6093029657807978,-1.3701160645282555
-0.580776635395934,-0.03476757332646267,-0.1765199215427769,2.052400110052584,-0.32823464052567264,-0.608358153280822,-1.3697312595282702
-0.5805026978959347,-0.03467737957646026,-0.17633867154277932,2.052461090423206,-0.3293709655256154,-0.6095864095307901,-1.3702122657782518
-0.5803200728959352,-0.03458718582645741,-0.17633953404277164,2.052342555362243,-0.32918157802562487,-0.6095864095307901,-1.3702122657782518
-0.580776635395934,-0.034316604576449736,-0.1762510652927543,2.052403832121,-0.32918157802562487,-0.6093029657807978,-1.37026036640325
-0.5804113853959352,-0.034496992076455,-0.17624934029276923,2.0525257928622436,-0.3292762717756199,-0.6095864095307901,-1.3701641651532537
-0.5802287603959353,-0.034496992076455,-0.1763403965427644,2.0521899562416213,-0.3290868842756294,-0.6098698532807829,-1.3701641651532537
-0.580776635395934,-0.03476757332646267,-0.1765199215427769,2.052617411612244,-0.3292762717756199,-0.609680890780788,-1.3702122657782518
-0.5802287603959353,-0.03458718582645741,-0.17652164654276198,2.052037357120999,-0.32918157802562487,-0.6095864095307901,-1.3701641651532537
-0.5803200728959352,-0.03476757332646267,-0.1767930902927624,2.052251233000378,-0.3292762717756199,-0.6093029657807978,-1.3701641651532537
-0.5805026978959347,-0.03467737957646026,-0.17661184029276483,2.0524954508710005,-0.32899219052563433,-0.6094919282807927,-1.3701160645282555
-0.5806853228959346,-0.03440679832645259,-0.17643231529275233,2.052251233000378,-0.3293709655256154,-0.6093974470307952,-1.3703084670282482
-0.5805940103959346,-0.03458718582645741,-0.17633953404277164,2.0525257928622436,-0.3292762717756199,-0.6094919282807927,-1.37026036640325
-0.5804113853959352,-0.03467737957646026,-0.17652078404276966,2.052464812491622,-0.32918157802562487,-0.6093974470307952,-1.3702122657782518
-0.580867947895934,-0.03467737957646026,-0.17652078404276966,2.0523731937416216,-0.3288974967756393,-0.6093974470307952,-1.3701641651532537
-0.5805026978959347,-0.03458718582645741,-0.1764305902927668,2.052464812491622,-0.3288028030256438,-0.6092084845307999,-1.3700679639032574
-0.5805026978959347,-0.03458718582645741,-0.17633953404277164,2.052434174112243,-0.3293709655256154,-0.6093029657807978,-1.37026036640325
-0.580776635395934,-0.03458718582645741,-0.1764305902927668,2.0523731937416216,-0.3292762717756199,-0.6093974470307952,-1.3701641651532537
-0.5805940103959346,-0.03458718582645741,-0.1764305902927668,2.052006718741621,-0.3290868842756294,-0.609680890780788,-1.3701641651532537
-0.5805026978959347,-0.03458718582645741,-0.17652164654276198,2.0523122133709997,-0.3292762717756199,-0.6093974470307952,-1.3701641651532537
-0.5805940103959346,-0.03458718582645741,-0.17670375904275232,2.052007015129756,-0.3292762717756199,-0.6094919282807927,-1.3701641651532537
-0.5805940103959346,-0.03440679832645259,-0.176250202792762,2.052098337491621,-0.32918157802562487,-0.6093974470307952,-1.3701641651532537
-0.5803200728959352,-0.03440679832645259,-0.176250202792762,2.052464812491622,-0.32918157802562487,-0.6093974470307952,-1.3702122657782518
-0.5804113853959352,-0.03458718582645741,-0.17633953404277164,2.0525257928622436,-0.32918157802562487,-0.6095864095307901,-1.3701641651532537
-0.5804113853959352,-0.03467737957646026,-0.17661184029276483,2.0525870696210005,-0.3292762717756199,-0.6093974470307952,-1.37026036640325
-0.5805026978959347,-0.03476757332646267,-0.1767930902927624,2.052434470500379,-0.32946565927561045,-0.609680890780788,-1.37026036640325
-0.5803200728959352,-0.03440679832645259,-0.17615914654276682,2.052434174112243,-0.3292762717756199,-0.6093974470307952,-1.3703084670282482
-0.5804113853959352,-0.034496992076455,-0.17652250904275474,2.0520679955003778,-0.3292762717756199,-0.6093029657807978,-1.3702122657782518
-0.5806853228959346,-0.03476757332646267,-0.17670203404276724,2.0523122133709997,-0.32918157802562487,-0.6093974470307952,-1.3702122657782518
-0.5805940103959346,-0.034645888070309605,-0.17633867154277932,2.0525867732328655,-0.32946565927561045,-0.6097753720307855,-1.3702122657782518
-0.5805026978959347,-0.03455569432030675,-0.1764305902927668,2.0523731937416216,-0.3293709655256154,-0.6097753720307855,-1.3703565676532463
-0.5803200728959352,-0.034736081820312015,-0.17670203404276724,2.0522205946209997,-0.3290868842756294,-0.6094919282807927,-1.3701641651532537
-0.5804113853959352,-0.034524202814156094,-0.17661270279275715,2.0519763767503774,-0.3290868842756294,-0.6095864095307901,-1.3701641651532537
-0.5805026978959347,-0.034434009064153684,-0.1763403965427644,2.0525564312416225,-0.32918157802562487,-0.6093029657807978,-1.3702122657782518
-0.5803200728959352,-0.034434009064153684,-0.1763403965427644,2.052098337491621,-0.3288974967756393,-0.6093974470307952,-1.3701641651532537
-0.5805026978959347,-0.034524202814156094,-0.1764305902927668,2.0523731937416216,-0.3288974967756393,-0.6094919282807927,-1.37026036640325
-0.5004640636211044,0.01765253030394387,-0.08927838407097824,3.787930383441514,0.08963408192772754,-0.5042033515148492,-1.0280266216945266
-0.5005553761211043,0.017923111553951987,-0.08900780282097012,3.787655527191513,0.08963408192772754,-0.5042033515148492,-1.0279304204445303
-0.5003727511211045,0.01810349905395725,-0.08873635907096969,3.7878081263121355,0.089444694427737,-0.5045812765148394,-1.0280266216945266
-0.5004640636211044,0.017832917803949133,-0.08891588407098264,3.7881439629327582,0.08963408192772754,-0.5042978327648466,-1.0278823198195322
-0.500281438621105,0.018013305303954397,-0.08873549657097737,3.787960725432758,0.08982346942771763,-0.5042033515148492,-1.0277861185695358
-0.5004640636211044,0.017621038797793212,-0.08918732782098307,3.7880254278717955,0.08953938817773205,-0.5040143890148538,-1.0277861185695358
-0.500281438621105,0.01795032229165308,-0.08873549657097737,3.7878115519924167,0.08963408192772754,-0.5042033515148492,-1.0279304204445303
-0.5003062106811396,0.017769934791647818,-0.08909799657097298,3.7875979725011724,0.09039163192768923,-0.503825426514859,-1.0277380179445377
-0.5005801481811389,0.017679741041645408,-0.08900607782098505,3.787994789492417,0.08972877567772258,-0.5042033515148492,-1.0277861185695358
-0.5003975231811391,0.017679741041645408,-0.08891502157098988,3.7880557698630386,0.08963408192772754,-0.5042033515148492,-1.0279785210695285
-0.5003062106811396,0.01795032229165308,-0.08882655282097254,3.787933809121795,0.08925530692774647,-0.504486795264842,-1.028122822944523
-0.5003062106811396,0.017679741041645408,-0.08927924657097056,3.787903467130552,0.08972877567772258,-0.503825426514859,-1.0278823198195322
-0.5002148981811396,0.01786012854165067,-0.08861727953994483,3.78802513148366,0.08953938817773205,-0.5042033515148492,-1.0279304204445303
-0.5003062106811396,0.017679741041645408,-0.08897977953994043,3.787994789492417,0.09029693817769374,-0.5037309452648615,-1.0277380179445377
-0.500488835681139,0.01795032229165308,-0.08870919828993276,3.7877199332424163,0.09010755067770365,-0.5034475015148687,-1.0276899173195395
-0.5005801481811389,0.01786012854165067,-0.08879939203993517,3.7879031707424167,0.089444694427737,-0.5045812765148394,-1.0279304204445303
-0.5005801481811389,0.017769934791647818,-0.08913645625887892,3.7878118483805516,0.09010755067770365,-0.503825426514859,-1.0277861185695358
-0.5005801481811389,0.01786012854165067,-0.0889552062588809,3.7876895912511728,0.08963408192772754,-0.5042033515148492,-1.0278823198195322
-0.5003062106811396,0.01786012854165067,-0.08859098125890022,3.78802513148366,0.08953938817773205,-0.5043923140148445,-1.0279304204445303
-0.5007627731811384,0.01795032229165308,-0.08859184375889298,3.7880557698630386,0.09029693817769374,-0.5036364640148636,-1.0277380179445377
-0.500488835681139,0.017769934791647818,-0.08895434375888858,3.7878421903717947,0.08963408192772754,-0.5042033515148492,-1.0279304204445303
-0.5003975231811391,0.017769934791647818,-0.08895434375888858,3.7881170466217955,0.08963408192772754,-0.5041088702648517,-1.0279304204445303
-0.5003062106811396,0.01795032229165308,-0.08868290000888815,3.787994789492417,0.08953938817773205,-0.504486795264842,-1.0279785210695285
-0.500488835681139,0.017589547291642554,-0.08922578750888902,3.7879644475011736,0.08953938817773205,-0.504486795264842,-1.0278823198195322
-0.5003309827411742,0.017589547291642554,-0.08904367500889868,3.787994789492417,0.08953938817773205,-0.5042978327648466,-1.0279304204445303
-0.5002396702411742,0.017589547291642554,-0.08922578750888902,3.7879644475011736,0.08982346942771763,-0.5042033515148492,-1.0278823198195322
-0.5004222952411737,0.01795032229165308,-0.08868290000888815,3.7879031707424167,0.08972877567772258,-0.5042033515148492,-1.0277861185695358
-0.5003309827411742,0.018040516041655935,-0.0885927062588853,3.787628314492416,0.08982346942771763,-0.503825426514859,-1.0278823198195322
-0.5004222952411737,0.01786012854165067,-0.08877309375889056,3.787994789492417,0.09010755067770365,-0.503825426514859,-1.0276899173195395
-0.5004222952411737,0.01786012854165067,-0.08868203750889539,3.787964151113038,0.08963408192772754,-0.5041088702648517,-1.0279785210695285
-0.5003309827411742,0.018040516041655935,-0.08868376250888046,3.787933809121795,0.08991816317771312,-0.5040143890148538,-1.0278823198195322
-0.5005136077411736,0.01795032229165308,-0.08868290000888815,3.7877199332424163,0.089444694427737,-0.504486795264842,-1.0280747223195248
-0.500787545241173,0.01795032229165308,-0.08868290000888815,3.7879031707424167,0.09010755067770365,-0.503825426514859,-1.0277861185695358
-0.5006049202411735,0.017589547291642554,-0.08922578750888902,3.787872828751173,0.08982346942771763,-0.5042033515148492,-1.0278823198195322
-0.5005136077411736,0.017769934791647818,-0.0893185687588697,3.7873234126393065,0.08982346942771763,-0.5042033515148492,-1.0279785210695285
-0.5005136077411736,0.01795032229165308,-0.08877395625888332,3.7877505716217947,0.08982346942771763,-0.5042033515148492,-1.0278823198195322
-0.5005136077411736,0.017679741041645408,-0.08922665000888133,3.787903467130552,0.08991816317771312,-0.5036364640148636,-1.0277380179445377
-0.500696232741173,0.01795032229165308,-0.08886501250887849,3.7875979725011724,0.08953938817773205,-0.5042033515148492,-1.0279785210695285
-0.5005136077411736,0.01795032229165308,-0.08886501250887849,3.7876895912511728,0.08982346942771763,-0.5042978327648466,-1.0279304204445303
-0.5006049202411735,0.017589547291642554,-0.08922578750888902,3.787872828751173,0.08963408192772754,-0.5042033515148492,-1.027834219194534
-0.5005136077411736,0.018130709791658345,-0.08859356875887806,3.7880254278717955,0.09058101942767977,-0.5037309452648615,-1.0276899173195395
-0.5005136077411736,0.01795032229165308,-0.08868290000888815,3.787994789492417,0.08982346942771763,-0.5040143890148538,-1.0277861185695358
-0.5005136077411736,0.017769934791647818,-0.08886328750889341,3.787536695742416,0.08991816317771312,-0.5040143890148538,-1.0279785210695285
-0.5005136077411736,0.017769934791647818,-0.08904540000888375,3.7879644475011736,0.08991816317771312,-0.5040143890148538,-1.0278823198195322
-0.5005136077411736,0.017769934791647818,-0.08913645625887892,3.787720229630551,0.08991816317771312,-0.5041088702648517,-1.0278823198195322
-0.5005136077411736,0.01786012854165067,-0.0889552062588809,3.787414735001172,0.09039163192768923,-0.503825426514859,-1.0276899173195395
-0.500696232741173,0.017769934791647818,-0.08913645625887892,3.787720229630551,0.09029693817769374,-0.5039199077648564,-1.0277380179445377
-0.5005136077411736,0.01795032229165308,-0.08886501250887849,3.7880560662511735,0.08982346942771763,-0.5042033515148492,-1.0278823198195322
-0.500696232741173,0.01786012854165067,-0.0889552062588809,3.787872828751173,0.08972877567772258,-0.5042033515148492,-1.0280266216945266
-0.5005136077411736,0.017769934791647818,-0.08886328750889341,3.787994789492417,0.08972877567772258,-0.5041088702648517,-1.0279304204445303
-0.5002396702411742,0.01795032229165308,-0.08877395625888332,3.787933809121795,0.08991816317771312,-0.5043923140148445,-1.0279785210695285
-0.5006049202411735,0.017679741041645408,-0.08895348125889582,3.7879031707424167,0.08953938817773205,-0.5042978327648466,-1.0279304204445303
-0.5004222952411737,0.01786012854165067,-0.08886415000888573,3.787933809121795,0.08953938817773205,-0.5042033515148492,-1.027834219194534
-0.5004222952411737,0.01786012854165067,-0.08889044828993034,3.787933809121795,0.08963408192772754,-0.5041088702648517,-1.0278823198195322
-0.5002396702411742,0.01795032229165308,-0.08880025453992793,3.787933809121795,0.09010755067770365,-0.5037309452648615,-1.0276899173195395
-0.5005136077411736,0.01795032229165308,-0.08898236703991827,3.7874453733805504,0.08953938817773205,-0.504486795264842,-1.0279785210695285
-0.5003309827411742,0.017589547291642554,-0.08916102953993846,3.787933809121795,0.09001285692770816,-0.5043923140148445,-1.0277861185695358
-0.5005136077411736,0.017769934791647818,-0.08907169828992836,3.787506353751172,0.08953938817773205,-0.5042033515148492,-1.0279785210695285
-0.5005136077411736,0.01795032229165308,-0.08880025453992793,3.787933809121795,0.08991816317771312,-0.5042033515148492,-1.0279785210695285
-0.5002396702411742,0.017769934791647818,-0.08916275453992353,3.7878118483805516,0.08982346942771763,-0.5041088702648517,-1.0279304204445303
-0.5004222952411737,0.01786012854165067,-0.08879939203993517,3.787628314492416,0.08963408192772754,-0.5043923140148445,-1.0279785210695285
-0.5003309827411742,0.017769934791647818,-0.0889806420399332,3.7878421903717947,0.08963408192772754,-0.5042033515148492,-1.0277861185695358
-0.5003309827411742,0.017769934791647818,-0.08879852953994286,3.7876892948630374,0.09001285692770816,-0.5040143890148538,-1.0278823198195322
-0.5002396702411742,0.017769934791647818,-0.08907169828992836,3.7875979725011724,0.08982346942771763,-0.5042978327648466,-1.0277861185695358
-0.5003309827411742,0.01789162004780133,-0.08879939203993517,3.787994789492417,0.09001285692770816,-0.5042033515148492,-1.0278823198195322
-0.5000570452411748,0.01798181379780374,-0.08861814203993759,3.7880557698630386,0.08935000067774196,-0.5045812765148394,-1.028122822944523
-0.500696232741173,0.017742724053946723,-0.08897977953994043,3.7877199332424163,0.08991816317771312,-0.5041088702648517,-1.0278823198195322
-0.5005136077411736,0.01765253030394387,-0.0893431420399288,3.787720229630551,0.09001285692770816,-0.5042033515148492,-1.0279304204445303
-0.500696232741173,0.01765253030394387,-0.0893431420399288,3.7878118483805516,0.08982346942771763,-0.5040143890148538,-1.0278823198195322
-0.5004222952411737,0.018013305303954397,-0.08861814203993759,3.787964151113038,0.08935000067774196,-0.5041088702648517,-1.0279785210695285
-0.5004222952411737,0.017832917803949133,-0.0889806420399332,3.7876589528717943,0.09001285692770816,-0.5041088702648517,-1.0277380179445377
-0.5004222952411737,0.017832917803949133,-0.08879852953994286,3.787964151113038,0.08953938817773205,-0.5040143890148538,-1.0277861185695358
-0.5004222952411737,0.017923111553951987,-0.08889044828993034,3.7877505716217947,0.08916061317775142,-0.5045812765148394,-1.028122822944523
-0.500696232741173,0.017832917803949133,-0.0889806420399332,3.787933809121795,0.08963408192772754,-0.5042033515148492,-1.0279304204445303
-0.5003309827411742,0.018013305303954397,-0.0888913107899231,3.7877812100011727,0.08953938817773205,-0.5043923140148445,-1.0279304204445303
-0.5006049202411735,0.018013305303954397,-0.0888913107899231,3.7877812100011727,0.08963408192772754,-0.5043923140148445,-1.0278823198195322
-0.500696232741173,0.017832917803949133,-0.08907169828992836,3.7875979725011724,0.0902022444276987,-0.5042033515148492,-1.0277861185695358
-0.5003309827411742,0.017832917803949133,-0.0889806420399332,3.7878421903717947,0.08982346942771763,-0.5041088702648517,-1.0279304204445303
-0.5004222952411737,0.01765253030394387,-0.08916102953993846,3.7876589528717943,0.08982346942771763,-0.5042033515148492,-1.0279304204445303
-0.5005136077411736,0.017832917803949133,-0.08888958578993802,3.787994789492417,0.08935000067774196,-0.5046757577648369,-1.0279785210695285
-0.5006049202411735,0.01810349905395725,-0.08861900453992991,3.7878115519924167,0.08963408192772754,-0.5041088702648517,-1.0279785210695285
-0.5002396702411742,0.017801426297798476,-0.08888958578993802,3.7879031707424167,0.08953938817773205,-0.5040143890148538,-1.0280266216945266
-0.5006049202411735,0.017801426297798476,-0.08907169828992836,3.7880560662511735,0.08982346942771763,-0.5043923140148445,-1.0278823198195322
-0.5004222952411737,0.017711232547796066,-0.08897977953994043,3.7879031707424167,0.08953938817773205,-0.5042033515148492,-1.0279304204445303
-0.5003309827411742,0.017711232547796066,-0.08925294828992594,3.7878118483805516,0.09001285692770816,-0.503825426514859,-1.0277861185695358
-0.500696232741173,0.017711232547796066,-0.08897977953994043,3.787994789492417,0.09067571317767481,-0.5033530202648713,-1.0275937160695432
-0.5005136077411736,0.01789162004780133,-0.08889044828993034,3.787933809121795,0.08991816317771312,-0.5042978327648466,-1.0279785210695285
-0.5006049202411735,0.017801426297798476,-0.08907169828992836,3.7876895912511728,0.08972877567772258,-0.5040143890148538,-1.027834219194534
-0.5003309827411742,0.01798181379780374,-0.08870919828993276,3.787994789492417,0.08953938817773205,-0.5043923140148445,-1.0279785210695285
-0.5005136077411736,0.017801426297798476,-0.08879852953994286,3.787780913613038,0.08991816317771312,-0.5042033515148492,-1.0277861185695358
-0.5006049202411735,0.017711232547796066,-0.0890708357899356,3.7877505716217947,0.08982346942771763,-0.5042033515148492,-1.0278823198195322
-0.5003309827411742,0.01798181379780374,-0.08861814203993759,3.787964151113038,0.08991816317771312,-0.5040143890148538,-1.0279304204445303
-0.5005136077411736,0.017801426297798476,-0.08907169828992836,3.7876895912511728,0.08953938817773205,-0.5043923140148445,-1.0280747223195248
-0.5004222952411737,0.017711232547796066,-0.08916189203993077,3.787872828751173,0.09029693817769374,-0.503825426514859,-1.0277380179445377
-0.5003309827411742,0.017621038797793212,-0.0893431420399288,3.7876286108805512,0.08963408192772754,-0.5043923140148445,-1.0279785210695285
-0.5003309827411742,0.017801426297798476,-0.08879852953994286,3.7878725323630382,0.08991816317771312,-0.5040143890148538,-1.0279304204445303
-0.5003309827411742,0.017711232547796066,-0.08916189203993077,3.787506353751172,0.08963408192772754,-0.5042033515148492,-1.0278823198195322
-0.5004222952411737,0.017711232547796066,-0.08916189203993077,3.7877812100011727,0.08963408192772754,-0.5043923140148445,-1.0278823198195322
-0.5006296923012082,0.017621038797793212,-0.08916102953993846,3.7880254278717955,0.08916061317775142,-0.5047702390148348,-1.0283152254445156
-0.5003557548012089,0.017621038797793212,-0.08906997328994329,3.7879031707424167,0.08972877567772258,-0.5042033515148492,-1.0278823198195322
-0.5001731298012094,0.017801426297798476,-0.08888958578993802,3.7878115519924167,0.08935000067774196,-0.5043923140148445,-1.0279785210695285
-0.5005383798012083,0.017801426297798476,-0.08907169828992836,3.7875979725011724,0.08953938817773205,-0.504486795264842,-1.028122822944523
-0.5002644423012089,0.017621038797793212,-0.08916102953993846,3.7877505716217947,0.08963408192772754,-0.5042033515148492,-1.0278823198195322
-0.5005383798012083,0.017711232547796066,-0.08897977953994043,3.7880864082424175,0.08991816317771312,-0.5042978327648466,-1.0279304204445303
-0.5003557548012089,0.017801426297798476,-0.08870747328994769,3.78784189398366,0.08935000067774196,-0.5045812765148394,-1.0280747223195248
-0.5004470673012084,0.017769934791647818,-0.08907169828992836,3.7876895912511728,0.08972877567772258,-0.5041088702648517,-1.0279304204445303
-0.5006296923012082,0.017589547291642554,-0.08906997328994329,3.7880864082424175,0.08963408192772754,-0.5040143890148538,-1.0279304204445303
-0.5005383798012083,0.017679741041645408,-0.0890708357899356,3.788208665371796,0.08935000067774196,-0.5042033515148492,-1.0279304204445303
-0.5005383798012083,0.01740915979163729,-0.08934141703994372,3.787933809121795,0.08953938817773205,-0.5045812765148394,-1.0279304204445303
-0.5007210048012077,0.01795032229165308,-0.08898236703991827,3.787995085880552,0.09001285692770816,-0.503825426514859,-1.0277861185695358
-0.5003557548012089,0.017589547291642554,-0.08906997328994329,3.7877199332424163,0.08982346942771763,-0.5040143890148538,-1.0280747223195248
-0.5004470673012084,0.017769934791647818,-0.0889806420399332,3.787933809121795,0.08982346942771763,-0.5040143890148538,-1.027834219194534
-0.5005383798012083,0.017589547291642554,-0.08925208578993363,3.7876895912511728,0.08972877567772258,-0.5042978327648466,-1.0278823198195322
-0.5003557548012089,0.017769934791647818,-0.0889806420399332,3.787567334121794,0.08982346942771763,-0.5041088702648517,-1.0279785210695285
-0.5005383798012083,0.017589547291642554,-0.08906997328994329,3.7879031707424167,0.08982346942771763,-0.5042033515148492,-1.0279785210695285
-0.5003557548012089,0.017769934791647818,-0.0889806420399332,3.787567334121794,0.09001285692770816,-0.5040143890148538,-1.0280266216945266
-0.5004470673012084,0.017679741041645408,-0.08888872328994527,3.7878725323630382,0.08935000067774196,-0.504486795264842,-1.0280266216945266
-0.5006296923012082,0.017679741041645408,-0.08925294828992594,3.7874453733805504,0.08972877567772258,-0.5042033515148492,-1.0279304204445303
-0.5003557548012089,0.01740915979163729,-0.08943247328993889,3.7877812100011727,0.08972877567772258,-0.5042033515148492,-1.0278823198195322
-0.5003557548012089,0.01786012854165067,-0.08852622328994966,3.7880861118542817,0.08972877567772258,-0.5041088702648517,-1.0279304204445303
-0.5005383798012083,0.017769934791647818,-0.08879852953994286,3.787964151113038,0.08982346942771763,-0.5041088702648517,-1.0280266216945266
-0.5004470673012084,0.017769934791647818,-0.08879852953994286,3.787964151113038,0.09010755067770365,-0.5036364640148636,-1.0277380179445377
-0.5001731298012094,0.017769934791647818,-0.0889806420399332,3.7877505716217947,0.089444694427737,-0.504486795264842,-1.0281709235695211
-0.5003557548012089,0.01764824953549475,-0.08897977953994043,3.7878115519924167,0.08982346942771763,-0.5043923140148445,-1.0278823198195322
-0.5005383798012083,0.017828637035500014,-0.08889044828993034,3.7877505716217947,0.08982346942771763,-0.5040143890148538,-1.0278823198195322
-0.5003557548012089,0.01773844328549716,-0.08879852953994286,3.7878725323630382,0.08972877567772258,-0.5041088702648517,-1.0279785210695285
-0.5003557548012089,0.01773844328549716,-0.0889806420399332,3.7878421903717947,0.09001285692770816,-0.5042033515148492,-1.0279304204445303
-0.5005383798012083,0.01764824953549475,-0.08897977953994043,3.7879031707424167,0.0902022444276987,-0.5040143890148538,-1.0277861185695358
-0.5004470673012084,0.017828637035500014,-0.08898150453992551,3.7876895912511728,0.08963408192772754,-0.5040143890148538,-1.0279785210695285
-0.5005383798012083,0.01764824953549475,-0.08916189203993077,3.787872828751173,0.08991816317771312,-0.5041088702648517,-1.0279785210695285
-0.5003557548012089,0.01764824953549475,-0.08888872328994527,3.7880557698630386,0.09001285692770816,-0.5043923140148445,-1.0279304204445303
-0.5005136077411736,0.01764824953549475,-0.08897977953994043,3.7879031707424167,0.08991816317771312,-0.5040143890148538,-1.0279304204445303
-0.500696232741173,0.017828637035500014,-0.08889044828993034,3.7878421903717947,0.08982346942771763,-0.5041088702648517,-1.0279304204445303
-0.5004222952411737,0.01764824953549475,-0.08888872328994527,3.787780913613038,0.08963408192772754,-0.5042033515148492,-1.0279304204445303
-0.5005136077411736,0.017558055785491897,-0.08906997328994329,3.7879031707424167,0.09001285692770816,-0.5041088702648517,-1.0279785210695285
-0.5004222952411737,0.01773844328549716,-0.0889806420399332,3.787933809121795,0.08982346942771763,-0.5042978327648466,-1.0279785210695285
-0.5004222952411737,0.01764824953549475,-0.08925294828992594,3.787995085880552,0.08925530692774647,-0.5046757577648369,-1.0281709235695211
-0.5003309827411742,0.017828637035500014,-0.08916361703991585,3.7876592492599293,0.09001285692770816,-0.5042978327648466,-1.0279304204445303
-0.5003309827411742,0.01773844328549716,-0.08907169828992836,3.787872828751173,0.08991816317771312,-0.5041088702648517,-1.0280266216945266
-0.5003309827411742,0.01773844328549716,-0.0889806420399332,3.7878421903717947,0.08963408192772754,-0.5042033515148492,-1.0279304204445303
-0.5005136077411736,0.017828637035500014,-0.08889044828993034,3.787933809121795,0.08982346942771763,-0.5042033515148492,-1.0278823198195322
-0.5005136077411736,0.017558055785491897,-0.08906997328994329,3.787994789492417,0.08963408192772754,-0.5042033515148492,-1.0280266216945266
-0.5003309827411742,0.018099218285507687,-0.0885288107899275,3.7879031707424167,0.09001285692770816,-0.5042033515148492,-1.0280266216945266
-0.5003309827411742,0.017828637035500014,-0.08870833578994,3.7880557698630386,0.09001285692770816,-0.504486795264842,-1.0279304204445303
-0.5003309827411742,0.017828637035500014,-0.08879939203993517,3.787628314492416,0.09001285692770816,-0.5040143890148538,-1.0279785210695285
-0.5003309827411742,0.017828637035500014,-0.08879939203993517,3.787536695742416,0.08953938817773205,-0.5043923140148445,-1.0279304204445303
-0.5004222952411737,0.018009024535505277,-0.08861900453992991,3.7879031707424167,0.089444694427737,-0.5042033515148492,-1.0277861185695358
-0.5005136077411736,0.017918830785502424,-0.08880025453992793,3.787933809121795,0.08953938817773205,-0.5042978327648466,-1.0279304204445303
-0.5001483577411747,0.01795032229165308,-0.08852708578994242,3.7881167502336606,0.08982346942771763,-0.5042033515148492,-1.0279304204445303
-0.5003309827411742,0.01786012854165067,-0.08889044828993034,3.7876589528717943,0.08982346942771763,-0.5041088702648517,-1.0277861185695358
-0.5003309827411742,0.01786012854165067,-0.08870833578994,3.7880557698630386,0.08982346942771763,-0.5041088702648517,-1.0279785210695285
-0.5005136077411736,0.01795032229165308,-0.08861814203993759,3.7880557698630386,0.09001285692770816,-0.503825426514859,-1.027834219194534
-0.5005136077411736,0.01795032229165308,-0.08880025453992793,3.7878421903717947,0.08963408192772754,-0.5040143890148538,-1.0278823198195322
-0.5004222952411737,0.017589547291642554,-0.08906997328994329,3.7879031707424167,0.08991816317771312,-0.5040143890148538,-1.0278823198195322
-0.5003309827411742,0.01786012854165067,-0.08898150453992551,3.7876895912511728,0.08972877567772258,-0.5041088702648517,-1.0278823198195322
-0.5006049202411735,0.017679741041645408,-0.08916189203993077,3.7875979725011724,0.09001285692770816,-0.5042033515148492,-1.027834219194534
-0.5003309827411742,0.017769934791647818,-0.0889806420399332,3.7877505716217947,0.08953938817773205,-0.5042033515148492,-1.0279304204445303
-0.5004222952411737,0.017769934791647818,-0.08888958578993802,3.7879031707424167,0.08991816317771312,-0.5041088702648517,-1.0279304204445303
-0.5004222952411737,0.01795032229165308,-0.0888913107899231,3.787872828751173,0.08991816317771312,-0.5041088702648517,-1.0279304204445303
-0.5005136077411736,0.017589547291642554,-0.08916102953993846,3.787933809121795,0.09001285692770816,-0.5039199077648564,-1.027834219194534
-0.5004222952411737,0.017769934791647818,-0.0889806420399332,3.7878421903717947,0.08982346942771763,-0.5042033515148492,-1.0279785210695285
-0.5003309827411742,0.017499353541640145,-0.0894333357899312,3.787720229630551,0.09010755067770365,-0.5039199077648564,-1.0277380179445377
-0.5003309827411742,0.017589547291642554,-0.08916102953993846,3.7880254278717955,0.08982346942771763,-0.5043923140148445,-1.0280266216945266
-0.5001483577411747,0.018040516041655935,-0.08871006078992508,3.7876589528717943,0.08953938817773205,-0.5042033515148492,-1.0280747223195248
-0.5005136077411736,0.017769934791647818,-0.08888958578993802,3.787994789492417,0.08982346942771763,-0.5040143890148538,-1.0278823198195322
-0.5005136077411736,0.017679741041645408,-0.0890708357899356,3.7878421903717947,0.08982346942771763,-0.5042033515148492,-1.0280266216945266
-0.5004222952411737,0.017589547291642554,-0.08916102953993846,3.7878421903717947,0.08953938817773205,-0.5042033515148492,-1.0279304204445303
-0.5004222952411737,0.017589547291642554,-0.08906997328994329,3.787994789492417,0.08982346942771763,-0.5042978327648466,-1.0279785210695285
-0.5004222952411737,0.017679741041645408,-0.0890708357899356,3.7881170466217955,0.08963408192772754,-0.5042033515148492,-1.0279785210695285
-0.5002396702411742,0.01795032229165308,-0.08861814203993759,3.787964151113038,0.08972877567772258,-0.5042978327648466,-1.0280266216945266
-0.5003309827411742,0.017589547291642554,-0.08888786078995295,3.7881167502336606,0.08953938817773205,-0.5043923140148445,-1.0279785210695285
-0.5005136077411736,0.017589547291642554,-0.08906997328994329,3.7877199332424163,0.08982346942771763,-0.504486795264842,-1.0279785210695285
-0.5002396702411742,0.01795032229165308,-0.08843602953994725,3.7879028743542813,0.08991816317771312,-0.5041088702648517,-1.0278823198195322
-0.5004222952411737,0.017769934791647818,-0.08907169828992836,3.787872828751173,0.08982346942771763,-0.5040143890148538,-1.0279304204445303
-0.5005136077411736,0.017679741041645408,-0.08888872328994527,3.788147388613039,0.08963408192772754,-0.5040143890148538,-1.0280266216945266
-0.5004222952411737,0.017589547291642554,-0.08906997328994329,3.7877199332424163,0.09001285692770816,-0.5042978327648466,-1.0280747223195248
-0.5002396702411742,0.017769934791647818,-0.0889806420399332,3.7876589528717943,0.08963408192772754,-0.5042033515148492,-1.0277861185695358
-0.5004222952411737,0.017589547291642554,-0.08906997328994329,3.787994789492417,0.08991816317771312,-0.5043923140148445,-1.0279304204445303
-0.5005136077411736,0.01795032229165308,-0.0888913107899231,3.7879644475011736,0.08963408192772754,-0.5042978327648466,-1.0279304204445303
-0.5006049202411735,0.018040516041655935,-0.08861900453992991,3.787994789492417,0.08963408192772754,-0.5043923140148445,-1.0278823198195322
-0.5002396702411742,0.01795032229165308,-0.08870919828993276,3.7878115519924167,0.08963408192772754,-0.5040143890148538,-1.0279304204445303
-0.5004222952411737,0.017679741041645408,-0.0890708357899356,3.7876589528717943,0.08963408192772754,-0.5040143890148538,-1.0278823198195322
-0.500696232741173,0.017769934791647818,-0.0889806420399332,3.7880254278717955,0.08982346942771763,-0.5041088702648517,-1.0277380179445377
-0.5004222952411737,0.017679741041645408,-0.08916189203993077,3.7877812100011727,0.09001285692770816,-0.5040143890148538,-1.0278823198195322
-0.5003309827411742,0.01795032229165308,-0.08870919828993276,3.7878115519924167,0.08953938817773205,-0.5042033515148492,-1.028122822944523
-0.5004222952411737,0.01795032229165308,-0.08870919828993276,3.7879031707424167,0.09039163192768923,-0.503825426514859,-1.0276418166945414
-0.5003309827411742,0.017769934791647818,-0.0889806420399332,3.7878421903717947,0.08972877567772258,-0.5043923140148445,-1.0279785210695285
-0.5005136077411736,0.018040516041655935,-0.08880111703992025,3.7875979725011724,0.08935000067774196,-0.504486795264842,-1.0279785210695285
-0.5005136077411736,0.017769934791647818,-0.0892538107899187,3.7876592492599293,0.09001285692770816,-0.5041088702648517,-1.0280747223195248
-0.5003309827411742,0.01786012854165067,-0.08879939203993517,3.787994789492417,0.08991816317771312,-0.5042033515148492,-1.0280266216945266
-0.5005136077411736,0.017679741041645408,-0.08897977953994043,3.787994789492417,0.08982346942771763,-0.5042033515148492,-1.0279304204445303
-0.5002396702411742,0.017769934791647818,-0.08879852953994286,3.7876892948630374,0.08991816317771312,-0.5043923140148445,-1.0279785210695285
-0.5005136077411736,0.017769934791647818,-0.08907169828992836,3.7877812100011727,0.08963408192772754,-0.5042033515148492,-1.0279304204445303
-0.5003309827411742,0.01786012854165067,-0.08870833578994,3.787780913613038,0.08991816317771312,-0.5040143890148538,-1.0278823198195322
-0.5003309827411742,0.017769934791647818,-0.08879852953994286,3.788239007363039,0.08972877567772258,-0.5039199077648564,-1.027834219194534
-0.5006049202411735,0.01786012854165067,-0.08907256078992068,3.7878118483805516,0.08991816317771312,-0.5042033515148492,-1.0279785210695285
-0.5004222952411737,0.018040516041655935,-0.08880111703992025,3.7876895912511728,0.08972877567772258,-0.5042033515148492,-1.0278823198195322
-0.5006049202411735,0.017679741041645408,-0.08897977953994043,3.787994789492417,0.09001285692770816,-0.5042033515148492,-1.027834219194534
-0.5006049202411735,0.017769934791647818,-0.08907169828992836,3.7875979725011724,0.08972877567772258,-0.5041088702648517,-1.0280747223195248
-0.5003309827411742,0.017679741041645408,-0.08916189203993077,3.7877812100011727,0.09001285692770816,-0.5041088702648517,-1.0279304204445303
-0.5004222952411737,0.017679741041645408,-0.0890708357899356,3.787933809121795,0.08963408192772754,-0.5042033515148492,-1.0279785210695285
-0.5003309827411742,0.017769934791647818,-0.08888958578993802,3.7879031707424167,0.08982346942771763,-0.504486795264842,-1.0280266216945266
-0.5003309827411742,0.017769934791647818,-0.08888958578993802,3.787994789492417,0.08953938817773205,-0.5040143890148538,-1.0279785210695285
-0.5002396702411742,0.017589547291642554,-0.08897891703994812,3.7878725323630382,0.08963408192772754,-0.5042033515148492,-1.0279785210695285
-0.5002396702411742,0.01795032229165308,-0.08880025453992793,3.7876589528717943,0.08972877567772258,-0.5042033515148492,-1.0279304204445303
-0.5003309827411742,0.01795032229165308,-0.08870919828993276,3.7879031707424167,0.08925530692774647,-0.504486795264842,-1.0280266216945266
-0.5003309827411742,0.018040516041655935,-0.08861900453992991,3.7879031707424167,0.089444694427737,-0.5045812765148394,-1.0281709235695211
-0.5003309827411742,0.017679741041645408,-0.08916189203993077,3.7879644475011736,0.08953938817773205,-0.5042033515148492,-1.0279304204445303
-0.5004222952411737,0.017769934791647818,-0.08888958578993802,3.7879031707424167,0.08953938817773205,-0.5042033515148492,-1.0279304204445303
-0.5003309827411742,0.01795032229165308,-0.08873549657097737,3.7877199332424163,0.08963408192772754,-0.5045812765148394,-1.0279785210695285
-0.5006049202411735,0.01795032229165308,-0.08882655282097254,3.7877505716217947,0.08953938817773205,-0.504486795264842,-1.0280266216945266
-0.5003309827411742,0.01786012854165067,-0.08882569032097978,3.787628314492416,0.08953938817773205,-0.5043923140148445,-1.0280747223195248
-0.5003309827411742,0.017679741041645408,-0.08900607782098505,3.7879031707424167,0.089444694427737,-0.504486795264842,-1.0277861185695358
-0.5004222952411737,0.01795032229165308,-0.08891760907096771,3.787872828751173,0.08963408192772754,-0.5042033515148492,-1.0279785210695285
-0.5004222952411737,0.017679741041645408,-0.08927924657097056,3.787720229630551,0.08963408192772754,-0.5042033515148492,-1.0280266216945266
-0.5005136077411736,0.01795032229165308,-0.08876179485202197,3.7878115519924167,0.08963408192772754,-0.5043923140148445,-1.0280747223195248
-0.5005136077411736,0.01786012854165067,-0.08903410110201472,3.7877812100011727,0.08963408192772754,-0.5042033515148492,-1.0279785210695285
-0.5002396702411742,0.01786012854165067,-0.08885198860202438,3.7880864082424175,0.08935000067774196,-0.5043923140148445,-1.0280747223195248
-0.5002396702411742,0.01786012854165067,-0.08894304485201955,3.7877505716217947,0.08963408192772754,-0.5041088702648517,-1.0279785210695285
-0.5004222952411737,0.01786012854165067,-0.08876093235202921,3.787964151113038,0.08982346942771763,-0.5040143890148538,-1.027834219194534
-0.5006049202411735,0.017679741041645408,-0.08912343235202481,3.7877505716217947,0.08991816317771312,-0.504486795264842,-1.027834219194534
-0.5005136077411736,0.017679741041645408,-0.08903237610202965,3.7877199332424163,0.08982346942771763,-0.5042033515148492,-1.0278823198195322
-0.5003309827411742,0.017769934791647818,-0.08921535110201274,3.787536992130551,0.08972877567772258,-0.5042033515148492,-1.0279304204445303
-0.5002396702411742,0.01786012854165067,-0.08894304485201955,3.7876589528717943,0.09039163192768923,-0.503825426514859,-1.027834219194534
-0.5003309827411742,0.01795032229165308,-0.08885285110201714,3.7876589528717943,0.08982346942771763,-0.5039199077648564,-1.0280747223195248
-0.5005136077411736,0.017769934791647818,-0.08894218235202724,3.787994789492417,0.09001285692770816,-0.5042033515148492,-1.0280266216945266
-0.5005136077411736,0.017679741041645408,-0.08912343235202481,3.787933809121795,0.08972877567772258,-0.5041088702648517,-1.0279785210695285
-0.5003309827411742,0.01786012854165067,-0.08885198860202438,3.787994789492417,0.08991816317771312,-0.5042978327648466,-1.0279304204445303
-0.5004222952411737,0.017679741041645408,-0.08903237610202965,3.7880864082424175,0.08982346942771763,-0.5042033515148492,-1.0280266216945266
-0.5002396702411742,0.01786012854165067,-0.08885198860202438,3.7878115519924167,0.08925530692774647,-0.5046757577648369,-1.0281709235695211
-0.5002396702411742,0.017769934791647818,-0.08894218235202724,3.7877199332424163,0.08972877567772258,-0.5043923140148445,-1.0280266216945266
-0.5004222952411737,0.01786012854165067,-0.08876093235202921,3.787964151113038,0.08953938817773205,-0.5042033515148492,-1.0280747223195248
-0.5002396702411742,0.01795032229165308,-0.08894390735201231,3.7875979725011724,0.08991816317771312,-0.5041088702648517,-1.0279304204445303
-0.5005136077411736,0.01786012854165067,-0.08885198860202438,3.7880864082424175,0.08953938817773205,-0.5041088702648517,-1.0279304204445303
-0.5005136077411736,0.01795032229165308,-0.08894390735201231,3.7877812100011727,0.0902022444276987,-0.5041088702648517,-1.0279304204445303
-0.5005136077411736,0.01786012854165067,-0.08894304485201955,3.787933809121795,0.08963408192772754,-0.504486795264842,-1.0280266216945266
-0.5005136077411736,0.01786012854165067,-0.08866987610203404,3.78793351273366,0.09001285692770816,-0.5043923140148445,-1.027834219194534
-0.5003309827411742,0.01786012854165067,-0.08885198860202438,3.7879031707424167,0.08982346942771763,-0.5040143890148538,-1.027834219194534
-0.5004222952411737,0.017769934791647818,-0.0890332386020224,3.7878421903717947,0.09001285692770816,-0.5041088702648517,-1.0277861185695358
-0.5001483577411747,0.01795032229165308,-0.0886444403209822,3.7878725323630382,0.08982346942771763,-0.5040143890148538,-1.0279304204445303
-0.5005136077411736,0.01786012854165067,-0.08882569032097978,3.787994789492417,0.089444694427737,-0.5047702390148348,-1.0282671248195174
-0.5005136077411736,0.017769934791647818,-0.08891588407098264,3.7879031707424167,0.08972877567772258,-0.504486795264842,-1.0278823198195322
-0.5003309827411742,0.017679741041645408,-0.08900607782098505,3.7879031707424167,0.0902022444276987,-0.5037309452648615,-1.0276899173195395
-0.5004222952411737,0.017769934791647818,-0.0890069403209778,3.7877505716217947,0.09001285692770816,-0.5040143890148538,-1.0276899173195395
-0.5004222952411737,0.01795032229165308,-0.08873549657097737,3.787994789492417,0.08963408192772754,-0.5042033515148492,-1.0280266216945266
-0.5004222952411737,0.017679741041645408,-0.08909713407098022,3.7878421903717947,0.08963408192772754,-0.5042033515148492,-1.0279304204445303
-0.5003309827411742,0.017589547291642554,-0.08936944032097341,3.7878118483805516,0.08953938817773205,-0.5043923140148445,-1.0279785210695285
-0.5003309827411742,0.01795032229165308,-0.0886444403209822,3.787780913613038,0.09001285692770816,-0.5040143890148538,-1.0278823198195322
-0.5003309827411742,0.017769934791647818,-0.08909799657097298,3.7877812100011727,0.08991816317771312,-0.5042033515148492,-1.0279304204445303
-0.5006049202411735,0.017589547291642554,-0.08927838407097824,3.7876895912511728,0.08953938817773205,-0.5042978327648466,-1.0279304204445303
-0.4213215580263761,0.07006835316590174,-0.0018677580060424445,3.810080755424796,0.5176350356306157,-0.3395798719524354,-0.6789625882360633
-0.4213215580263761,0.06997815941589888,-0.0020490080060404678,3.810019775054174,0.5177297293806112,-0.3399577969524256,-0.6789144876110651
-0.42123024552637617,0.07033893441590941,-0.0013240080060492629,3.810263696536661,0.5176350356306157,-0.3397688344524307,-0.6789144876110651
-0.4214128705263756,0.06988796566589647,-0.002230258006038491,3.8100504134335527,0.5179191168806018,-0.3396743532024333,-0.6788663869860669
-0.42150418302637555,0.06991945717204713,-0.0021392017560428775,3.8101113938041746,0.5184872793805729,-0.3391074657024477,-0.6786739844860743
-0.42150418302637555,0.07000965092204954,-0.0021400642560360813,3.8099587946835523,0.5174456481306257,-0.3400522782024235,-0.6789625882360633
-0.42150418302637555,0.07000965092204954,-0.0018668955060501288,3.8100501170454177,0.5182031981305874,-0.33948539070243794,-0.6786739844860743
-0.42123024552637617,0.0700998446720524,-0.001776701756047275,3.8100501170454177,0.5175403418806207,-0.33986331570242817,-0.6790587894860598
-0.4214128705263756,0.06991945717204713,-0.002230258006038491,3.809775557183552,0.5182031981305874,-0.33948539070243794,-0.6785296826110798
-0.42150418302637555,0.06982926342204428,-0.0022293955060457313,3.810019775054174,0.5176350356306157,-0.3400522782024235,-0.6790106888610616
-0.4213215580263761,0.0701900384220548,-0.0015954517560496958,3.8102027161660397,0.5183925856305779,-0.33920194695244515,-0.6785296826110798
-0.42150418302637555,0.07015854691590415,-0.0017775642560400348,3.810263992924797,0.5178244231306063,-0.34014675945242095,-0.6790587894860598
-0.4213215580263761,0.06979777191589362,-0.0021383392560505618,3.810080755424796,0.5179191168806018,-0.33929642820244305,-0.6787701857360706
-0.42150418302637555,0.06997815941589888,-0.0020490080060404678,3.8099281563041743,0.5179191168806018,-0.3396743532024333,-0.6788182863610688
-0.42123024552637617,0.06988796566589647,-0.0022565562870831,3.8096839384335515,0.5179191168806018,-0.3397688344524307,-0.6787701857360706
-0.42150418302637555,0.06988796566589647,-0.0019833875370971477,3.8101417357954177,0.5175403418806207,-0.3399577969524256,-0.6788663869860669
-0.42123024552637617,0.07006835316590174,-0.0017119437870967147,3.8100194786660393,0.5175403418806207,-0.3400522782024235,-0.6789625882360633
-0.42150418302637555,0.07006835316590174,-0.001985112537082223,3.809836537554174,0.5178244231306063,-0.3397688344524307,-0.6786739844860743
-0.4213215580263761,0.06997815941589888,-0.002075306287085077,3.810019775054174,0.5177297293806112,-0.33948539070243794,-0.6787701857360706
-0.4214128705263756,0.07012705540975349,-0.001803862537084644,3.809897517924796,0.5182031981305874,-0.33948539070243794,-0.6786258838610761
-0.42123024552637617,0.07003686165975108,-0.0018940562870870536,3.809897517924796,0.5182031981305874,-0.3397688344524307,-0.6786258838610761
-0.42123024552637617,0.06976628040974296,-0.0020735812871000014,3.8101417357954177,0.5179191168806018,-0.3396743532024333,-0.678577783236078
-0.42123024552637617,0.06994666790974823,-0.002075306287085077,3.8101113938041746,0.5179191168806018,-0.3393909094524405,-0.678577783236078
-0.42104762052637673,0.06994666790974823,-0.0018021375370995685,3.8102027161660397,0.5182031981305874,-0.3393909094524405,-0.6784334813610835
-0.4213215580263761,0.06994666790974823,-0.0018021375370995685,3.8101110974160397,0.5183925856305779,-0.33920194695244515,-0.678577783236078
-0.42123024552637617,0.07003686165975108,-0.0018940562870870536,3.8103215476151377,0.5177297293806112,-0.33948539070243794,-0.678577783236078
-0.42123024552637617,0.07003686165975108,-0.001985112537082223,3.8100773297445154,0.5179191168806018,-0.3397688344524307,-0.6786739844860743
-0.42123024552637617,0.06994666790974823,-0.002075306287085077,3.8100773297445154,0.5180138106305968,-0.3396743532024333,-0.678577783236078
-0.4211389330263762,0.07021724915975634,-0.0018047250370769596,3.809985710994515,0.5179191168806018,-0.3396743532024333,-0.6787220851110725
-0.42150418302637555,0.07003686165975108,-0.0018940562870870536,3.8103215476151377,0.5178244231306063,-0.3396743532024333,-0.6784815819860817
-0.42150418302637555,0.07003686165975108,-0.0018940562870870536,3.8103215476151377,0.5180138106305968,-0.33986331570242817,-0.6783853807360853
-0.4214128705263756,0.07012705540975349,-0.001803862537084644,3.8101383101151374,0.5179191168806018,-0.3397688344524307,-0.678577783236078
-0.42150418302637555,0.06976628040974296,-0.002164637537095171,3.810504785115138,0.5178244231306063,-0.3400522782024235,-0.678577783236078
-0.42159549552637504,0.06994666790974823,-0.002075306287085077,3.810260567244516,0.5180138106305968,-0.33948539070243794,-0.6785296826110798
-0.42123024552637617,0.07012705540975349,-0.001621750037094305,3.8105351271063816,0.5179191168806018,-0.3396743532024333,-0.6784815819860817
-0.4213215580263761,0.06976628040974296,-0.0022556937870903404,3.810260567244516,0.5180138106305968,-0.3397688344524307,-0.6786258838610761
-0.4213215580263761,0.06985647415974582,-0.0023476125370782697,3.809863750253271,0.5179191168806018,-0.3397688344524307,-0.6785296826110798
-0.4211389330263762,0.06985647415974582,-0.0019833875370971477,3.8103825279857593,0.5182978918805824,-0.3395798719524354,-0.6785296826110798
-0.4214128705263756,0.06994666790974823,-0.002075306287085077,3.8100773297445154,0.5179191168806018,-0.3396743532024333,-0.6786739844860743
-0.4214128705263756,0.06994666790974823,-0.001893193787094738,3.8104741467357597,0.5178244231306063,-0.33948539070243794,-0.6786258838610761
-0.4214128705263756,0.06994666790974823,-0.002075306287085077,3.8101689484945154,0.5179191168806018,-0.3393909094524405,-0.6786258838610761
-0.4214128705263756,0.06976628040974296,-0.001982525037104832,3.810351889606381,0.5183925856305779,-0.33920194695244515,-0.678289179486089
-0.4214128705263756,0.07012705540975349,-0.001803862537084644,3.810046691365137,0.5176350356306157,-0.33948539070243794,-0.6785296826110798
-0.4214128705263756,0.07012705540975349,-0.001803862537084644,3.810413166365138,0.5181085043805919,-0.33948539070243794,-0.6784334813610835
-0.42150418302637555,0.06994666790974823,-0.0021663625370806905,3.8101079681238934,0.5181085043805919,-0.33948539070243794,-0.678577783236078
-0.4214128705263756,0.06982498265359516,-0.0023476125370782697,3.809863750253271,0.5179191168806018,-0.3395798719524354,-0.6786258838610761
-0.4213215580263761,0.06982498265359516,-0.0021655000370874866,3.810260567244516,0.5179191168806018,-0.33920194695244515,-0.678577783236078
-0.4214128705263756,0.06991517640359757,-0.002075306287085077,3.8105354234945166,0.5179191168806018,-0.3393909094524405,-0.6783853807360853
-0.42123024552637617,0.06970329739744165,-0.002346750037085954,3.8101079681238934,0.5177297293806112,-0.3393909094524405,-0.6783853807360853
-0.4214128705263756,0.0697934911474445,-0.002074443787092317,3.8099550726151366,0.5180138106305968,-0.33948539070243794,-0.6784815819860817
-0.4212054734663416,0.0697934911474445,-0.002074443787092317,3.8101383101151374,0.5183925856305779,-0.3391074657024477,-0.678289179486089
-0.42147941096634095,0.06961310364743924,-0.002528000037083533,3.8100469877532714,0.5177297293806112,-0.3397688344524307,-0.6784815819860817
-0.42157072346634045,0.0697934911474445,-0.0021655000370874866,3.8101689484945154,0.5179191168806018,-0.33948539070243794,-0.6783853807360853
-0.421388098466341,0.06988368489744691,-0.001893193787094738,3.8103825279857593,0.5179191168806018,-0.3393909094524405,-0.6785296826110798
-0.4212967859663415,0.0697934911474445,-0.002074443787092317,3.810413166365138,0.5180138106305968,-0.33948539070243794,-0.678577783236078
-0.42157072346634045,0.06988368489744691,-0.002075306287085077,3.810260567244516,0.5180138106305968,-0.3393909094524405,-0.6784334813610835
-0.421388098466341,0.06988368489744691,-0.0019842500370899074,3.8101383101151374,0.5180138106305968,-0.3396743532024333,-0.6784815819860817
-0.42150418302637555,0.06988368489744691,-0.0018021375370995685,3.81007703335638,0.5183925856305779,-0.3393909094524405,-0.6784334813610835
-0.4213215580263761,0.07006407239745217,-0.001621750037094305,3.8104435083563812,0.5176350356306157,-0.33948539070243794,-0.6784815819860817
-0.42150418302637555,0.0697934911474445,-0.0021655000370874866,3.8101689484945154,0.5179191168806018,-0.3397688344524307,-0.6784815819860817
-0.4214128705263756,0.06970329739744165,-0.0022556937870903404,3.8100773297445154,0.5180138106305968,-0.33948539070243794,-0.6784334813610835
-0.4213215580263761,0.06988368489744691,-0.0019842500370899074,3.8102299288651373,0.5181085043805919,-0.33948539070243794,-0.6784815819860817
-0.421686808026375,0.06970329739744165,-0.002346750037085954,3.8101079681238934,0.5180138106305968,-0.3395798719524354,-0.678289179486089
-0.42123024552637617,0.06988368489744691,-0.0018021375370995685,3.810351889606381,0.5180138106305968,-0.3393909094524405,-0.6784815819860817
-0.42123024552637617,0.0697934911474445,-0.0019833875370971477,3.810199290485759,0.5176350356306157,-0.3393909094524405,-0.6783853807360853
-0.42150418302637555,0.07006407239745217,-0.0017128062870894745,3.8101076717357585,0.5180138106305968,-0.33948539070243794,-0.6784815819860817
-0.4211389330263762,0.06991517640359757,-0.001893193787094738,3.8101076717357585,0.5176350356306157,-0.33929642820244305,-0.678289179486089
-0.42123024552637617,0.07018575765360568,-0.0018047250370769596,3.809985710994515,0.5181085043805919,-0.3397688344524307,-0.6784334813610835
-0.4214128705263756,0.06991517640359757,-0.001893193787094738,3.8103825279857593,0.5179191168806018,-0.3393909094524405,-0.6783853807360853
-0.42150418302637555,0.07000537015360042,-0.0022582812870681757,3.8101692448826507,0.5182031981305874,-0.33948539070243794,-0.678289179486089
-0.4214128705263756,0.07009556390360283,-0.001803862537084644,3.8101383101151374,0.5179191168806018,-0.3393909094524405,-0.6784334813610835
-0.42150418302637555,0.06982498265359516,-0.0018923312871019782,3.8104435083563812,0.5179191168806018,-0.3393909094524405,-0.678289179486089
-0.4213215580263761,0.0697347889035923,-0.0022556937870903404,3.8101689484945154,0.5182031981305874,-0.3396743532024333,-0.6784815819860817
-0.4214128705263756,0.07000537015360042,-0.0018940562870870536,3.8102299288651373,0.5180138106305968,-0.33948539070243794,-0.678577783236078
-0.42159549552637504,0.06991517640359757,-0.0019842500370899074,3.8101383101151374,0.5180138106305968,-0.33948539070243794,-0.6783853807360853
-0.4214128705263756,0.06991517640359757,-0.0018021375370995685,3.8101686521063804,0.5180138106305968,-0.33948539070243794,-0.678289179486089
-0.4214128705263756,0.07018575765360568,-0.0017136687870817902,3.8103215476151377,0.5178244231306063,-0.3397688344524307,-0.6784334813610835
-0.4213215580263761,0.0697347889035923,-0.002164637537095171,3.8103215476151377,0.5182031981305874,-0.33948539070243794,-0.6783853807360853
-0.4214128705263756,0.0697347889035923,-0.002164637537095171,3.810413166365138,0.5176350356306157,-0.33948539070243794,-0.678577783236078
-0.42159549552637504,0.06982498265359516,-0.0022565562870831,3.8101079681238934,0.5182978918805824,-0.33948539070243794,-0.6782410788610909
-0.42143764258641025,0.06982498265359516,-0.0022565562870831,3.8101079681238934,0.5182031981305874,-0.3393909094524405,-0.678289179486089
-0.4211637050864109,0.06991517640359757,-0.0019842500370899074,3.8099550726151366,0.5177297293806112,-0.3393909094524405,-0.6784815819860817
-0.4215289550864102,0.07000537015360042,-0.0020761687870778367,3.8101079681238934,0.5178244231306063,-0.33948539070243794,-0.678577783236078
-0.4212550175864108,0.07000537015360042,-0.0020761687870778367,3.8102912056238942,0.5183925856305779,-0.33929642820244305,-0.678289179486089
-0.4216202675864097,0.06982498265359516,-0.0022565562870831,3.809924730623893,0.5180138106305968,-0.33948539070243794,-0.6783853807360853
-0.42143764258641025,0.07009556390360283,-0.001985975037075427,3.8101079681238934,0.5179191168806018,-0.33929642820244305,-0.678289179486089
-0.4215289550864102,0.06991517640359757,-0.0019842500370899074,3.8102299288651373,0.5179191168806018,-0.3396743532024333,-0.6783853807360853
-0.4215289550864102,0.07000537015360042,-0.0015298312871063757,3.8104738503476243,0.5179191168806018,-0.33948539070243794,-0.678289179486089
-0.42143764258641025,0.06991517640359757,-0.002075306287085077,3.810443804744516,0.5182031981305874,-0.3393909094524405,-0.6783853807360853
-0.4212550175864108,0.06991517640359757,-0.0019842500370899074,3.8102299288651373,0.5180138106305968,-0.33929642820244305,-0.6783372801110872
-0.4212550175864108,0.06982498265359516,-0.002074443787092317,3.8102299288651373,0.5182031981305874,-0.3393909094524405,-0.678289179486089
-0.42134633008641076,0.06991517640359757,-0.002075306287085077,3.810260567244516,0.5179191168806018,-0.3397688344524307,-0.6784334813610835
-0.42143764258641025,0.0697347889035923,-0.0022556937870903404,3.810260567244516,0.5180138106305968,-0.3396743532024333,-0.6783853807360853
-0.42143764258641025,0.07009556390360283,-0.0017128062870894745,3.810199290485759,0.5177297293806112,-0.33948539070243794,-0.6784334813610835
-0.4215289550864102,0.07000537015360042,-0.0018940562870870536,3.8103215476151377,0.5177297293806112,-0.3393909094524405,-0.6783372801110872
-0.4215289550864102,0.06982498265359516,-0.0022565562870831,3.809924730623893,0.5177297293806112,-0.33929642820244305,-0.678289179486089
-0.4215289550864102,0.06982498265359516,-0.0021655000370874866,3.810260567244516,0.5176350356306157,-0.3397688344524307,-0.6784815819860817
-0.42134633008641076,0.07018575765360568,-0.0017136687870817902,3.810046691365137,0.5183925856305779,-0.33948539070243794,-0.678289179486089
-0.42134633008641076,0.07000537015360042,-0.0017119437870967147,3.8101686521063804,0.5177297293806112,-0.3397688344524307,-0.6783853807360853
-0.4215289550864102,0.06991517640359757,-0.0021663625370806905,3.810199586873894,0.5180138106305968,-0.3393909094524405,-0.678289179486089
-0.42134633008641076,0.07009556390360283,-0.001621750037094305,3.8104435083563812,0.5180138106305968,-0.33920194695244515,-0.6781448776110945
-0.42134633008641076,0.06991517640359757,-0.001893193787094738,3.810290909235759,0.5180138106305968,-0.3393909094524405,-0.678289179486089
-0.4215289550864102,0.06991517640359757,-0.0019842500370899074,3.8103215476151377,0.5179191168806018,-0.3396743532024333,-0.6784334813610835
-0.42143764258641025,0.07000537015360042,-0.0018940562870870536,3.8102299288651373,0.5177297293806112,-0.33948539070243794,-0.6782410788610909
-0.4215289550864102,0.06991517640359757,-0.0019842500370899074,3.8102299288651373,0.5180138106305968,-0.3393909094524405,-0.678289179486089
-0.42134633008641076,0.06991517640359757,-0.001893193787094738,3.810290909235759,0.5179191168806018,-0.33948539070243794,-0.678289179486089
-0.42143764258641025,0.06991517640359757,-0.0021663625370806905,3.8101079681238934,0.5179191168806018,-0.3393909094524405,-0.6783372801110872
-0.42143764258641025,0.0697347889035923,-0.0022556937870903404,3.8100773297445154,0.5177297293806112,-0.33986331570242817,-0.6786258838610761
-0.42143764258641025,0.06982498265359516,-0.0021655000370874866,3.8101689484945154,0.5180138106305968,-0.33948539070243794,-0.678289179486089
-0.4212550175864108,0.06982498265359516,-0.0017102187871116392,3.8101989940976235,0.5178244231306063,-0.33948539070243794,-0.678289179486089
-0.42143764258641025,0.06994666790974823,-0.0018021375370995685,3.8104435083563812,0.5182978918805824,-0.33929642820244305,-0.6781448776110945
-0.4212550175864108,0.06976628040974296,-0.002346750037085954,3.8101079681238934,0.5180138106305968,-0.3395798719524354,-0.6782410788610909
-0.42146241464644485,0.07012705540975349,-0.0018949187870798134,3.810260567244516,0.5179191168806018,-0.33948539070243794,-0.6783853807360853
-0.4215537271464448,0.07003686165975108,-0.001985112537082223,3.8100773297445154,0.5180138106305968,-0.3393909094524405,-0.6783853807360853
-0.42146241464644485,0.06997815941589888,-0.0019842500370899074,3.8102299288651373,0.5183925856305779,-0.3391074657024477,-0.6779043744861037
-0.42137110214644535,0.07015854691590415,-0.001803862537084644,3.8101383101151374,0.5181085043805919,-0.3393909094524405,-0.678289179486089
-0.42146241464644485,0.06988796566589647,-0.0018923312871019782,3.810351889606381,0.5179191168806018,-0.3396743532024333,-0.6784334813610835
-0.4215537271464448,0.06988796566589647,-0.0019833875370971477,3.810290909235759,0.5178244231306063,-0.3397688344524307,-0.6783853807360853
-0.4215537271464448,0.06979777191589362,-0.002346750037085954,3.8101079681238934,0.5177297293806112,-0.3397688344524307,-0.6784815819860817
-0.42146241464644485,0.06970757816589121,-0.002163775037102411,3.810199290485759,0.5183925856305779,-0.33920194695244515,-0.678289179486089
-0.42146241464644485,0.07006835316590174,-0.0018940562870870536,3.810046691365137,0.518960748130549,-0.3388240219524549,-0.6781929782360927
-0.4215537271464448,0.07006835316590174,-0.001985112537082223,3.8101689484945154,0.5183925856305779,-0.3391074657024477,-0.6780486763610982
-0.421097164646446,0.07015854691590415,-0.001985975037075427,3.809924730623893,0.5183925856305779,-0.33920194695244515,-0.6781448776110945
-0.42146241464644485,0.06997815941589888,-0.0019842500370899074,3.8103215476151377,0.5183925856305779,-0.3391074657024477,-0.6780005757361001
-0.4212797896464454,0.07033893441590941,-0.0014413625370890415,3.8105351271063816,0.5179191168806018,-0.33948539070243794,-0.6783853807360853
-0.42146241464644485,0.06988796566589647,-0.002074443787092317,3.810413166365138,0.5179191168806018,-0.3393909094524405,-0.678289179486089
-0.4216450396464443,0.06979777191589362,-0.0022556937870903404,3.8098940922445146,0.5181085043805919,-0.33948539070243794,-0.678289179486089
-0.4215537271464448,0.06979777191589362,-0.0020735812871000014,3.810290909235759,0.5182031981305874,-0.3393909094524405,-0.6781929782360927
-0.42146241464644485,0.07006835316590174,-0.0017119437870967147,3.810351889606381,0.5180138106305968,-0.33948539070243794,-0.6781929782360927
-0.4211884771464455,0.06988796566589647,-0.002074443787092317,3.8098634538651366,0.5184872793805729,-0.33901298445245026,-0.6780486763610982
-0.4212797896464454,0.06997815941589888,-0.0018021375370995685,3.80998541460638,0.5176350356306157,-0.3397688344524307,-0.6784815819860817
-0.42137110214644535,0.07006835316590174,-0.0018030000370918842,3.8103825279857593,0.5182031981305874,-0.33929642820244305,-0.6781929782360927
-0.4216450396464443,0.07006835316590174,-0.001985112537082223,3.8101689484945154,0.5184872793805729,-0.33891850320245237,-0.6780005757361001
-0.42146241464644485,0.06979777191589362,-0.002164637537095171,3.8101383101151374,0.5181085043805919,-0.33948539070243794,-0.6783853807360853
-0.42137110214644535,0.07012705540975349,-0.0018949187870798134,3.8101689484945154,0.5180138106305968,-0.3391074657024477,-0.6781929782360927
-0.4212797896464454,0.06985647415974582,-0.0019833875370971477,3.8103825279857593,0.5181085043805919,-0.3395798719524354,-0.6782410788610909
-0.42137110214644535,0.06985647415974582,-0.0018923312871019782,3.810260270856381,0.5182031981305874,-0.33948539070243794,-0.678289179486089
-0.4217363521464442,0.06985647415974582,-0.0019833875370971477,3.8103825279857593,0.5180138106305968,-0.3393909094524405,-0.678289179486089
-0.42143764258641025,0.06976628040974296,-0.0022556937870903404,3.8101689484945154,0.5179191168806018,-0.33948539070243794,-0.6781929782360927
-0.42143764258641025,0.07012705540975349,-0.0020770312870705965,3.8100469877532714,0.5182031981305874,-0.33948539070243794,-0.6781448776110945
-0.4216202675864097,0.06976628040974296,-0.0024378062870811235,3.8097721315032707,0.5181085043805919,-0.33929642820244305,-0.6781929782360927
-0.42134633008641076,0.06994666790974823,-0.0018021375370995685,3.8101686521063804,0.5183925856305779,-0.33948539070243794,-0.6781448776110945
-0.42134633008641076,0.06985647415974582,-0.002074443787092317,3.8102299288651373,0.5183925856305779,-0.33891850320245237,-0.6780486763610982
-0.4216202675864097,0.06994666790974823,-0.0018021375370995685,3.810351889606381,0.5178244231306063,-0.33929642820244305,-0.6782410788610909
-0.42143764258641025,0.06985647415974582,-0.002074443787092317,3.8103215476151377,0.5179191168806018,-0.33948539070243794,-0.678289179486089
-0.4215289550864102,0.06985647415974582,-0.002074443787092317,3.8103215476151377,0.5180138106305968,-0.33929642820244305,-0.6781929782360927
-0.42134633008641076,0.06994666790974823,-0.0021663625370806905,3.810382824373894,0.5179191168806018,-0.33929642820244305,-0.678289179486089
-0.4215289550864102,0.06976628040974296,-0.0020735812871000014,3.8103825279857593,0.5182031981305874,-0.3393909094524405,-0.6782410788610909
-0.42143764258641025,0.07003686165975108,-0.0017119437870967147,3.810260270856381,0.5182978918805824,-0.3393909094524405,-0.6781929782360927
-0.42134633008641076,0.07012705540975349,-0.001803862537084644,3.8101383101151374,0.5182031981305874,-0.33948539070243794,-0.678289179486089
-0.4212550175864108,0.06994666790974823,-0.0018021375370995685,3.8104435083563812,0.5182031981305874,-0.3395798719524354,-0.6781929782360927
-0.42134633008641076,0.06994666790974823,-0.001893193787094738,3.810290909235759,0.5180138106305968,-0.33948539070243794,-0.6781929782360927
-0.42134633008641076,0.06976628040974296,-0.002164637537095171,3.8103215476151377,0.5184872793805729,-0.33891850320245237,-0.6779524751111019
-0.42134633008641076,0.06985647415974582,-0.0021655000370874866,3.810352185994516,0.5180138106305968,-0.33929642820244305,-0.6780967769860964
-0.42134633008641076,0.07012705540975349,-0.0017128062870894745,3.810290909235759,0.5179191168806018,-0.33929642820244305,-0.6781448776110945
-0.4212550175864108,0.07003686165975108,-0.0017119437870967147,3.810351889606381,0.5182031981305874,-0.3393909094524405,-0.678289179486089
-0.4215289550864102,0.07021724915975634,-0.0017136687870817902,3.8103215476151377,0.5179191168806018,-0.3396743532024333,-0.6781448776110945
-0.42143764258641025,0.06985647415974582,-0.002074443787092317,3.8102299288651373,0.5180138106305968,-0.33929642820244305,-0.6780967769860964
-0.42143764258641025,0.06976628040974296,-0.001982525037104832,3.810260270856381,0.5179191168806018,-0.33948539070243794,-0.678289179486089
-0.42134633008641076,0.07012705540975349,-0.0017128062870894745,3.809924434235758,0.5181085043805919,-0.33929642820244305,-0.6781929782360927
-0.42143764258641025,0.06994666790974823,-0.002075306287085077,3.810260567244516,0.5182031981305874,-0.3393909094524405,-0.678289179486089
-0.42134633008641076,0.06994666790974823,-0.001893193787094738,3.809924434235758,0.5181085043805919,-0.3395798719524354,-0.6782410788610909
-0.4212550175864108,0.06985647415974582,-0.002074443787092317,3.8101383101151374,0.5181085043805919,-0.33948539070243794,-0.6780486763610982
-0.42134633008641076,0.06985647415974582,-0.002074443787092317,3.8099550726151366,0.5182978918805824,-0.33948539070243794,-0.6780967769860964
-0.42134633008641076,0.07012705540975349,-0.001621750037094305,3.8104435083563812,0.5182031981305874,-0.33929642820244305,-0.6782410788610909
-0.42134633008641076,0.06994666790974823,-0.0019842500370899074,3.8098634538651366,0.5179191168806018,-0.33929642820244305,-0.678289179486089
-0.4210723925864114,0.07012705540975349,-0.001803862537084644,3.8103215476151377,0.5179191168806018,-0.33948539070243794,-0.6781448776110945
-0.4211637050864109,0.06985647415974582,-0.0018012750371068087,3.810596107477003,0.5179191168806018,-0.3396743532024333,-0.678289179486089
-0.42134633008641076,0.06994666790974823,-0.001893193787094738,3.810290909235759,0.5182978918805824,-0.3396743532024333,-0.6781448776110945
-0.4212550175864108,0.06976628040974296,-0.001982525037104832,3.8101686521063804,0.5182978918805824,-0.33948539070243794,-0.6781929782360927
-0.42134633008641076,0.07003686165975108,-0.0018030000370918842,3.810290909235759,0.5182031981305874,-0.3393909094524405,-0.6780967769860964
-0.4215289550864102,0.06976628040974296,-0.002164637537095171,3.8102299288651373,0.5180138106305968,-0.33948539070243794,-0.678289179486089
-0.4211637050864109,0.07012705540975349,-0.001803862537084644,3.8102299288651373,0.5182031981305874,-0.33948539070243794,-0.6781929782360927
-0.42143764258641025,0.06994666790974823,-0.002075306287085077,3.810260567244516,0.5179191168806018,-0.3396743532024333,-0.6783853807360853
-0.42134633008641076,0.07012705540975349,-0.001803862537084644,3.8101383101151374,0.5179191168806018,-0.3395798719524354,-0.6781448776110945
-0.42143764258641025,0.06994666790974823,-0.0019842500370899074,3.8102299288651373,0.5179191168806018,-0.33948539070243794,-0.678289179486089
-0.42143764258641025,0.07012705540975349,-0.0018949187870798134,3.810260567244516,0.5182031981305874,-0.3393909094524405,-0.6782410788610909
-0.42143764258641025,0.06994666790974823,-0.001893193787094738,3.8104741467357597,0.5182031981305874,-0.33948539070243794,-0.6780967769860964
-0.42143764258641025,0.06994666790974823,-0.0019842500370899074,3.8101383101151374,0.5180138106305968,-0.33929642820244305,-0.678289179486089
-0.42143764258641025,0.06994666790974823,-0.0019842500370899074,3.8102299288651373,0.5183925856305779,-0.3391074657024477,-0.6780486763610982
-0.42143764258641025,0.07012705540975349,-0.0017128062870894745,3.8101076717357585,0.5179191168806018,-0.3393909094524405,-0.6781929782360927
-0.4215289550864102,0.07012705540975349,-0.0017128062870894745,3.8101076717357585,0.5182031981305874,-0.33948539070243794,-0.6781929782360927
-0.42134633008641076,0.07003686165975108,-0.0018030000370918842,3.810016052985758,0.5183925856305779,-0.33929642820244305,-0.6781929782360927
-0.4210723925864114,0.06976628040974296,-0.002164637537095171,3.8101383101151374,0.5177297293806112,-0.3393909094524405,-0.678289179486089
-0.4211637050864109,0.06976628040974296,-0.0022556937870903404,3.8101689484945154,0.5180138106305968,-0.33948539070243794,-0.6781448776110945
-0.4212550175864108,0.06994666790974823,-0.0021663625370806905,3.809924730623893,0.5183925856305779,-0.3393909094524405,-0.6781929782360927
-0.42143764258641025,0.06985647415974582,-0.002074443787092317,3.8103215476151377,0.5182031981305874,-0.3395798719524354,-0.678289179486089
-0.42134633008641076,0.06985647415974582,-0.002074443787092317,3.810046691365137,0.5179191168806018,-0.3396743532024333,-0.6780967769860964
-0.4212550175864108,0.06985647415974582,-0.0019833875370971477,3.810199290485759,0.5182031981305874,-0.33929642820244305,-0.6781929782360927
-0.4212550175864108,0.06994666790974823,-0.002439531287066199,3.809925027012028,0.5183925856305779,-0.33948539070243794,-0.6780967769860964
-0.4215289550864102,0.06994666790974823,-0.001893193787094738,3.8101076717357585,0.5179191168806018,-0.3396743532024333,-0.6782410788610909
-0.42143764258641025,0.06985647415974582,-0.002438668787073439,3.80998600738265,0.5182031981305874,-0.33948539070243794,-0.6781929782360927
-0.4212550175864108,0.07000537015360042,-0.001985112537082223,3.8100773297445154,0.5181085043805919,-0.3391074657024477,-0.6780967769860964
-0.42134633008641076,0.06982498265359516,-0.0022565562870831,3.8101079681238934,0.5182978918805824,-0.33948539070243794,-0.6781448776110945
-0.42143764258641025,0.07009556390360283,-0.001621750037094305,3.810351889606381,0.5186766668805635,-0.3391074657024477,-0.6779524751111019
-0.42143764258641025,0.06982498265359516,-0.0021655000370874866,3.8101689484945154,0.5182031981305874,-0.3393909094524405,-0.6781448776110945
-0.42143764258641025,0.06982498265359516,-0.0021655000370874866,3.8101689484945154,0.5180138106305968,-0.33929642820244305,-0.6781929782360927
-0.4212550175864108,0.06982498265359516,-0.0019833875370971477,3.8103825279857593,0.518581973130568,-0.33901298445245026,-0.6779043744861037
-0.42143764258641025,0.06991517640359757,-0.0019842500370899074,3.8103215476151377,0.5182978918805824,-0.3393909094524405,-0.6781448776110945
-0.42134633008641076,0.0697934911474445,-0.002074443787092317,3.8102299288651373,0.5178244231306063,-0.33948539070243794,-0.678289179486089
-0.42123024552637617,0.06997387864744976,-0.0018940562870870536,3.8102299288651373,0.5179191168806018,-0.33948539070243794,-0.6781929782360927
-0.42159549552637504,0.06970329739744165,-0.0022556937870903404,3.810352185994516,0.5179191168806018,-0.3397688344524307,-0.6782410788610909
-0.4213215580263761,0.06970329739744165,-0.0020735812871000014,3.810199290485759,0.5179191168806018,-0.3396743532024333,-0.6780967769860964
-0.4214128705263756,0.06997387864744976,-0.0018940562870870536,3.8101383101151374,0.5180138106305968,-0.3393909094524405,-0.6780967769860964
-0.4214128705263756,0.06970329739744165,-0.001982525037104832,3.810260270856381,0.5177297293806112,-0.33948539070243794,-0.6781929782360927
-0.4213215580263761,0.06988368489744691,-0.002075306287085077,3.8101689484945154,0.5180138106305968,-0.33929642820244305,-0.6781929782360927
-0.4214128705263756,0.07015426614745503,-0.0013494437871011122,3.8103822315976243,0.5179191168806018,-0.33948539070243794,-0.6781929782360927
-0.4213215580263761,0.06988368489744691,-0.0019842500370899074,3.8102299288651373,0.5183925856305779,-0.33920194695244515,-0.6779043744861037
-0.42123024552637617,0.0697934911474445,-0.002074443787092317,3.810046691365137,0.5179191168806018,-0.33948539070243794,-0.6781448776110945
-0.4213215580263761,0.0697934911474445,-0.002074443787092317,3.8102299288651373,0.5176350356306157,-0.33948539070243794,-0.6781929782360927
-0.4214128705263756,0.06988368489744691,-0.001893193787094738,3.8101076717357585,0.5179191168806018,-0.33929642820244305,-0.6780967769860964
-0.4214128705263756,0.06970329739744165,-0.0020735812871000014,3.8103825279857593,0.5180138106305968,-0.33948539070243794,-0.6780967769860964
-0.4214128705263756,0.07006407239745217,-0.001803862537084644,3.8103215476151377,0.5184872793805729,-0.33901298445245026,-0.6779043744861037
-0.4213215580263761,0.07006407239745217,-0.001803862537084644,3.810046691365137,0.5176350356306157,-0.33986331570242817,-0.6782410788610909
-0.4213215580263761,0.07006407239745217,-0.0018949187870798134,3.8101689484945154,0.5179191168806018,-0.3396743532024333,-0.678289179486089
-0.4211389330263762,0.06988368489744691,-0.0019842500370899074,3.8102299288651373,0.5179191168806018,-0.3397688344524307,-0.6782410788610909
-0.42159549552637504,0.06988368489744691,-0.0021663625370806905,3.8101079681238934,0.5183925856305779,-0.33929642820244305,-0.6780967769860964
-0.42123024552637617,0.06997387864744976,-0.0018030000370918842,3.810199290485759,0.5182031981305874,-0.33929642820244305,-0.6781448776110945
-0.4211389330263762,0.07000537015360042,-0.0017119437870967147,3.8101686521063804,0.5180138106305968,-0.33929642820244305,-0.6782410788610909
-0.4212967859663415,0.07018575765360568,-0.0016226125370866207,3.810199290485759,0.5180138106305968,-0.33920194695244515,-0.6780967769860964
-0.42147941096634095,0.06982498265359516,-0.002074443787092317,3.810413166365138,0.5182031981305874,-0.3393909094524405,-0.6781929782360927
-0.4212054734663416,0.06991517640359757,-0.0018021375370995685,3.8101686521063804,0.5179191168806018,-0.3397688344524307,-0.6781929782360927
-0.42084022346634226,0.06991517640359757,-0.0019842500370899074,3.8101383101151374,0.5187713606305585,-0.33891850320245237,-0.6778081732361072
-0.4212967859663415,0.06982498265359516,-0.002074443787092317,3.8102299288651373,0.5180138106305968,-0.3393909094524405,-0.6781448776110945
-0.4212967859663415,0.0697347889035923,-0.0022556937870903404,3.8101689484945154,0.5182031981305874,-0.3393909094524405,-0.6780967769860964
-0.4212967859663415,0.06982498265359516,-0.0022565562870831,3.809924730623893,0.5179191168806018,-0.3396743532024333,-0.6782410788610909
-0.421388098466341,0.06982498265359516,-0.002074443787092317,3.8103215476151377,0.5182031981305874,-0.3393909094524405,-0.6780967769860964
-0.421388098466341,0.06991517640359757,-0.001893193787094738,3.8103825279857593,0.5183925856305779,-0.3393909094524405,-0.6780486763610982
-0.421388098466341,0.06991517640359757,-0.001893193787094738,3.810290909235759,0.5180138106305968,-0.33948539070243794,-0.6782410788610909
-0.42147941096634095,0.06982498265359516,-0.0022565562870831,3.810199586873894,0.5182031981305874,-0.33920194695244515,-0.6780486763610982
-0.4212967859663415,0.06991517640359757,-0.0019842500370899074,3.810046691365137,0.5181085043805919,-0.3393909094524405,-0.6780967769860964
-0.42111416096634163,0.06991517640359757,-0.001893193787094738,3.810199290485759,0.5182031981305874,-0.3393909094524405,-0.6780967769860964
-0.4212054734663416,0.0697347889035923,-0.0022556937870903404,3.810260567244516,0.5180138106305968,-0.33929642820244305,-0.6781929782360927
-0.421388098466341,0.07009556390360283,-0.0017128062870894745,3.809924434235758,0.5179191168806018,-0.3393909094524405,-0.6780967769860964
-0.42102284846634214,0.07009556390360283,-0.001803862537084644,3.8102299288651373,0.5182031981305874,-0.3393909094524405,-0.6780967769860964
-0.42111416096634163,0.06982498265359516,-0.0019833875370971477,3.810199290485759,0.5180138106305968,-0.3393909094524405,-0.6781929782360927
-0.421388098466341,0.06991517640359757,-0.001893193787094738,3.810199290485759,0.5183925856305779,-0.3391074657024477,-0.6780005757361001
-0.4216620359663404,0.06982498265359516,-0.0022565562870831,3.8101079681238934,0.5182031981305874,-0.33929642820244305,-0.6780967769860964
-0.421388098466341,0.07009556390360283,-0.001803862537084644,3.8103215476151377,0.5179191168806018,-0.33929642820244305,-0.6780486763610982
-0.42147941096634095,0.06991517640359757,-0.001711081287104399,3.8105044887270028,0.5182031981305874,-0.33948539070243794,-0.6781448776110945
-0.421388098466341,0.06982498265359516,-0.0022565562870831,3.810199586873894,0.5180138106305968,-0.3396743532024333,-0.6781929782360927
-0.4214128705263756,0.07000537015360042,-0.001985112537082223,3.810260567244516,0.5179191168806018,-0.3396743532024333,-0.6780967769860964
-0.4214128705263756,0.07009556390360283,-0.001803862537084644,3.8103215476151377,0.5182031981305874,-0.33929642820244305,-0.6779043744861037
-0.42104762052637673,0.07018575765360568,-0.0015315562870914512,3.81007703335638,0.5180138106305968,-0.33948539070243794,-0.6781929782360927
-0.4214128705263756,0.0697347889035923,-0.0022556937870903404,3.810260567244516,0.5177297293806112,-0.3395798719524354,-0.6781929782360927
-0.4214128705263756,0.06991517640359757,-0.0019842500370899074,3.8102299288651373,0.5179191168806018,-0.3393909094524405,-0.6780967769860964
-0.4213215580263761,0.0697347889035923,-0.0020735812871000014,3.810290909235759,0.5180138106305968,-0.33948539070243794,-0.6781929782360927
-0.4214128705263756,0.07009556390360283,-0.0017128062870894745,3.810290909235759,0.5182031981305874,-0.33929642820244305,-0.6780967769860964
-0.4214128705263756,0.06982498265359516,-0.0019833875370971477,3.8104741467357597,0.5182031981305874,-0.33929642820244305,-0.6781929782360927
-0.42104762052637673,0.07000537015360042,-0.0017119437870967147,3.810260270856381,0.5180138106305968,-0.3393909094524405,-0.6780967769860964
-0.34347442375153997,0.12212340102784863,0.0862221714967352,3.83424789812827,0.9460147643334855,-0.191144405822271,-0.3338379060370448
-0.34377313331157394,0.12203320727784622,0.08622303399672795,3.8342172597488915,0.9462988455834711,-0.19086096207227865,-0.3337898054120466
-0.34349919581157456,0.12212340102784863,0.08613111524674003,3.8339120615076476,0.9460147643334855,-0.19104992457227354,-0.3337898054120466
-0.34349919581157456,0.12212340102784863,0.08631322774673036,3.8342172597488915,0.945825376833495,-0.1909554433222761,-0.3338379060370448
-0.34349919581157456,0.12185281977784096,0.08576947774673718,3.8338510811370257,0.9462988455834711,-0.1906719995722833,-0.33374170478704845
-0.3435905083115745,0.12194301352784337,0.08567755899674925,3.833729120395782,0.9460147643334855,-0.19086096207227865,-0.3338379060370448
-0.34368182081157445,0.12212340102784863,0.08640428399672598,3.8341866213695135,0.9457306830835,-0.191144405822271,-0.33398220791203925
-0.34349919581157456,0.12203320727784622,0.08613197774673279,3.8341562793782695,0.9461094580834806,-0.1909554433222761,-0.33374170478704845
-0.34361528037160916,0.12203320727784622,0.08613197774673279,3.8341562793782695,0.94592007058349,-0.19104992457227354,-0.33374170478704845
-0.34361528037160916,0.12203320727784622,0.08622303399672795,3.834034022248891,0.9460147643334855,-0.1909554433222761,-0.3338379060370448
-0.3435239678716092,0.12221359477785149,0.08631236524673805,3.8341562793782695,0.9457306830835,-0.191144405822271,-0.3337898054120466
-0.3435239678716092,0.12212340102784863,0.08613111524674003,3.834095299007648,0.9461094580834806,-0.191144405822271,-0.3338379060370448
-0.3435239678716092,0.12194301352784337,0.08595072774673476,3.8341869177576484,0.9461094580834806,-0.1909554433222761,-0.3336936041620503
-0.3434326553716097,0.12203320727784622,0.08631409024672357,3.834369858869514,0.9460147643334855,-0.19086096207227865,-0.3337898054120466
-0.34361528037160916,0.12212340102784863,0.08631322774673036,3.834308878498892,0.945825376833495,-0.19142784957226378,-0.33398220791203925
-0.3435239678716092,0.12203320727784622,0.08613197774673279,3.8340646606282696,0.9460147643334855,-0.19104992457227354,-0.3338379060370448
-0.3435239678716092,0.12221359477785149,0.08649447774672883,3.8342782401195135,0.9460147643334855,-0.1909554433222761,-0.3337898054120466
-0.34361528037160916,0.1220646987839969,0.08594986524674245,3.834217556137027,0.94592007058349,-0.191144405822271,-0.33403030853703763
-0.34361528037160916,0.1220646987839969,0.08613197774673279,3.8341562793782695,0.9461094580834806,-0.1909554433222761,-0.3337898054120466
-0.34361528037160916,0.12224508628400216,0.08622130899674288,3.834003680257648,0.9455412955835094,-0.19133336832226633,-0.3339341072870411
-0.3435239678716092,0.1220646987839969,0.08594986524674245,3.834217556137027,0.94592007058349,-0.191144405822271,-0.3337898054120466
-0.34388921787160853,0.12197450503399404,0.08604178399672993,3.83424789812827,0.9462041518334756,-0.191144405822271,-0.3338379060370448
-0.3435239678716092,0.12212340102784863,0.08661269477776092,3.8342169633607566,0.9461094580834806,-0.191144405822271,-0.3336936041620503
-0.34361528037160916,0.12212340102784863,0.08615741352778462,3.834095299007648,0.9457306830835,-0.191144405822271,-0.3338379060370448
-0.34361528037160916,0.12203320727784622,0.08624933227777255,3.8338507847488907,0.9460147643334855,-0.19123888707226888,-0.33398220791203925
-0.3434326553716097,0.12203320727784622,0.08643144477776334,3.8342476017401355,0.9460147643334855,-0.19086096207227865,-0.3337898054120466
-0.3434326553716097,0.1223037885278539,0.08651991352778023,3.8341256409988915,0.9462041518334756,-0.1909554433222761,-0.3337898054120466
-0.34361528037160916,0.12203320727784622,0.08634038852776817,3.834369858869514,0.9461094580834806,-0.19104992457227354,-0.3338379060370448
-0.34361528037160916,0.12212340102784863,0.0862484697777798,3.833973041878269,0.9468670080834423,-0.19048303707228798,-0.3334531010370595
-0.34361528037160916,0.12194301352784337,0.0861591385277697,3.8344580519392335,0.9462041518334756,-0.1909554433222761,-0.3336936041620503
-0.34361528037160916,0.12194301352784337,0.08606808227777453,3.834305452818611,0.9460147643334855,-0.191144405822271,-0.33374170478704845
-0.34361528037160916,0.12203320727784622,0.08615827602777738,3.834213834068611,0.9462041518334756,-0.19104992457227354,-0.33374170478704845
-0.34361528037160916,0.12203320727784622,0.08615827602777738,3.834305452818611,0.9463935393334661,-0.19086096207227865,-0.33364550353705213
-0.34361528037160916,0.12200171577169557,0.08606721977778221,3.83433609119799,0.9460147643334855,-0.19076648082228076,-0.3336936041620503
-0.3437065928716091,0.12218210327170083,0.0866118322777686,3.834488393930477,0.9460147643334855,-0.19104992457227354,-0.33403030853703763
-0.34361528037160916,0.12191152202169271,0.0861591385277697,3.834366433189233,0.9460147643334855,-0.19123888707226888,-0.3339341072870411
-0.3437979053716086,0.12191152202169271,0.08597702602777936,3.8341528536979896,0.9462988455834711,-0.19086096207227865,-0.33364550353705213
-0.34361528037160916,0.12191152202169271,0.0861591385277697,3.834366433189233,0.9461094580834806,-0.19086096207227865,-0.3337898054120466
-0.3435487399316438,0.12191152202169271,0.0861328402467251,3.834366433189233,0.9461094580834806,-0.1909554433222761,-0.3337898054120466
-0.3439139899316431,0.12191152202169271,0.08585967149673959,3.8340918733273677,0.9462988455834711,-0.19104992457227354,-0.33388600666204293
-0.34364005243164375,0.12218210327170083,0.086585533996724,3.8343051564304766,0.9461094580834806,-0.1909554433222761,-0.33388600666204293
-0.3433661149316444,0.12209190952169797,0.08649534024672115,3.8343051564304766,0.9462041518334756,-0.19104992457227354,-0.3338379060370448
-0.3435487399316438,0.12191152202169271,0.08622389649672071,3.8342441760598547,0.9461094580834806,-0.191144405822271,-0.33388600666204293
-0.3434574274316443,0.12209190952169797,0.08640428399672598,3.8342441760598547,0.9462988455834711,-0.191144405822271,-0.3338379060370448
-0.3434574274316443,0.12200171577169557,0.08613197774673279,3.834305452818611,0.9462988455834711,-0.19104992457227354,-0.3338379060370448
-0.34364005243164375,0.12191152202169271,0.08595072774673476,3.8345193286979904,0.9462988455834711,-0.19086096207227865,-0.3338379060370448
-0.3435735119916784,0.12209190952169797,0.0862221714967352,3.834305452818611,0.9462988455834711,-0.19104992457227354,-0.3337898054120466
-0.3435735119916784,0.12209190952169797,0.0862221714967352,3.834488690318612,0.9461094580834806,-0.191144405822271,-0.3339341072870411
-0.3437561369916783,0.12209190952169797,0.08613111524674003,3.8340612349479892,0.9463935393334661,-0.19057751832228587,-0.3335493022870558
-0.3434821994916789,0.12191152202169271,0.08622389649672071,3.834335794809855,0.945825376833495,-0.19133336832226633,-0.33398220791203925
-0.34366482449167834,0.12191152202169271,0.08631495274671588,3.834396775180477,0.9460147643334855,-0.19133336832226633,-0.33398220791203925
-0.3437561369916783,0.12173113452168745,0.0857703402467295,3.8344277099479904,0.9463935393334661,-0.1909554433222761,-0.33364550353705213
-0.34366482449167834,0.12200171577169557,0.08622303399672795,3.8344580519392335,0.9461094580834806,-0.19104992457227354,-0.3338379060370448
-0.34366482449167834,0.12218210327170083,0.08649447774672883,3.834335794809855,0.9461094580834806,-0.19104992457227354,-0.33374170478704845
-0.34366482449167834,0.12191152202169271,0.08595072774673476,3.83433609119799,0.9462041518334756,-0.191144405822271,-0.3339341072870411
-0.3434821994916789,0.12200171577169557,0.08631409024672357,3.834427413559855,0.9460147643334855,-0.191144405822271,-0.3337898054120466
-0.3435735119916784,0.12191152202169271,0.08585967149673959,3.834275110827368,0.9462988455834711,-0.1909554433222761,-0.3338379060370448
-0.3435735119916784,0.12209190952169797,0.08631322774673036,3.8344580519392335,0.9462988455834711,-0.19123888707226888,-0.3338379060370448
-0.3435735119916784,0.12173113452168745,0.08586139649672467,3.834305452818611,0.9463935393334661,-0.19076648082228076,-0.3338379060370448
-0.3435735119916784,0.12200171577169557,0.08637884821567413,3.8345800126804774,0.9461094580834806,-0.1909554433222761,-0.3338379060370448
-0.3435735119916784,0.12191152202169271,0.0861975982156761,3.8345190323098555,0.9464882330834616,-0.19086096207227865,-0.33364550353705213
-0.3438474494916778,0.12200171577169557,0.086014623215693,3.8344277099479904,0.9462041518334756,-0.1909554433222761,-0.3337898054120466
-0.3435735119916784,0.12191152202169271,0.08592442946569015,3.8340612349479892,0.9468670080834423,-0.19038855582229053,-0.33364550353705213
-0.3434821994916789,0.12191152202169271,0.0861975982156761,3.8342441760598547,0.9463935393334661,-0.19076648082228076,-0.3336936041620503
-0.34366482449167834,0.12209190952169797,0.08601376071570024,3.8340918733273677,0.9462988455834711,-0.1909554433222761,-0.3338379060370448
-0.3435735119916784,0.1218213282716903,0.08574317946569257,3.8340918733273677,0.9466776205834517,-0.19019959332229563,-0.333597402912054
-0.34364005243164375,0.12200171577169557,0.08610567946568817,3.8341222153186107,0.9460147643334855,-0.191144405822271,-0.33398220791203925
-0.3435487399316438,0.12200171577169557,0.08628779196567896,3.834702269809856,0.9461094580834806,-0.19076648082228076,-0.3337898054120466
-0.3438226774316432,0.12191152202169271,0.08601548571568532,3.8343970715686115,0.9460147643334855,-0.1909554433222761,-0.3338379060370448
-0.3434574274316443,0.12218210327170083,0.08628606696569344,3.8340305965686103,0.9462988455834711,-0.1909554433222761,-0.33374170478704845
-0.3435487399316438,0.12209190952169797,0.08646904196567654,3.834488393930477,0.9462041518334756,-0.1909554433222761,-0.3337898054120466
-0.34364005243164375,0.12209190952169797,0.08628692946568575,3.8344580519392335,0.9456359893335045,-0.19142784957226378,-0.33403030853703763
-0.3433661149316444,0.12191152202169271,0.08601548571568532,3.8343970715686115,0.9462988455834711,-0.1909554433222761,-0.3337898054120466
-0.3435487399316438,0.12218210327170083,0.08619501071569827,3.83433609119799,0.945825376833495,-0.19152233082226122,-0.33403030853703763
-0.34364005243164375,0.12200171577169557,0.08628779196567896,3.834335794809855,0.9466776205834517,-0.19057751832228587,-0.3335493022870558
-0.34318348993164494,0.12218210327170083,0.08628606696569344,3.8341222153186107,0.9465829268334567,-0.19123888707226888,-0.3337898054120466
-0.3432748024316449,0.12218210327170083,0.08628606696569344,3.8340305965686103,0.9461094580834806,-0.1909554433222761,-0.3337898054120466
-0.3435487399316438,0.12200171577169557,0.08619673571568334,3.8344580519392335,0.9467723143334472,-0.19104992457227354,-0.33364550353705213
-0.34364005243164375,0.12200171577169557,0.08610567946568817,3.8341222153186107,0.9465829268334567,-0.1906719995722833,-0.3336936041620503
-0.3437313649316437,0.12191152202169271,0.08601548571568532,3.834213834068611,0.9462988455834711,-0.1909554433222761,-0.3338379060370448
-0.34364005243164375,0.12191152202169271,0.08610654196568049,3.834366433189233,0.9464882330834616,-0.19057751832228587,-0.3335493022870558
-0.3435487399316438,0.12209190952169797,0.08628692946568575,3.8341831956892327,0.9462988455834711,-0.1909554433222761,-0.3337898054120466
-0.3434574274316443,0.12209190952169797,0.08637798571568137,3.834335794809855,0.9462988455834711,-0.1909554433222761,-0.3338379060370448
-0.3435487399316438,0.12200171577169557,0.08610567946568817,3.834305452818611,0.9461094580834806,-0.19086096207227865,-0.3337898054120466
-0.34364005243164375,0.12191152202169271,0.0861975982156761,3.8345190323098555,0.9462988455834711,-0.19086096207227865,-0.33374170478704845
-0.3434574274316443,0.12191152202169271,0.08610654196568049,3.8341831956892327,0.9463935393334661,-0.1906719995722833,-0.33374170478704845
-0.34364005243164375,0.12191152202169271,0.0861975982156761,3.834427413559855,0.9462988455834711,-0.1909554433222761,-0.33374170478704845
-0.3434574274316443,0.12209190952169797,0.0865600982156717,3.8345493743010985,0.9462988455834711,-0.1909554433222761,-0.3337898054120466
-0.3435487399316438,0.12209190952169797,0.08637798571568137,3.8342441760598547,0.9465829268334567,-0.19086096207227865,-0.3337898054120466
-0.3434574274316443,0.12191152202169271,0.08601548571568532,3.834213834068611,0.9465829268334567,-0.19086096207227865,-0.33374170478704845
-0.34364005243164375,0.12200171577169557,0.08637884821567413,3.8345800126804774,0.9461094580834806,-0.191144405822271,-0.3338379060370448
-0.34364005243164375,0.12191152202169271,0.08592442946569015,3.8342444724479896,0.9463935393334661,-0.1909554433222761,-0.3337898054120466
-0.3434574274316443,0.12209190952169797,0.08637798571568137,3.834427413559855,0.9462041518334756,-0.191144405822271,-0.3339341072870411
-0.34364005243164375,0.12209190952169797,0.08619587321569058,3.8341222153186107,0.9464882330834616,-0.19104992457227354,-0.3338379060370448
-0.3435487399316438,0.12200171577169557,0.0864699044656693,3.834640993051099,0.9465829268334567,-0.1909554433222761,-0.3339341072870411
-0.3435487399316438,0.12209190952169797,0.08637798571568137,3.8345190323098555,0.9462041518334756,-0.19104992457227354,-0.3335493022870558
-0.3435487399316438,0.1218213282716903,0.08583423571568774,3.8340612349479892,0.94592007058349,-0.19086096207227865,-0.3337898054120466
-0.34364005243164375,0.12191152202169271,0.08610654196568049,3.834549670689234,0.9464882330834616,-0.1909554433222761,-0.3337898054120466
-0.3435487399316438,0.12191152202169271,0.08592442946569015,3.8342444724479896,0.9464882330834616,-0.19076648082228076,-0.33374170478704845
-0.3437313649316437,0.12209190952169797,0.08610481696569541,3.83433609119799,0.9462988455834711,-0.19086096207227865,-0.3337898054120466
-0.3435487399316438,0.12209190952169797,0.08637798571568137,3.834335794809855,0.9462041518334756,-0.1909554433222761,-0.3339341072870411
-0.34364005243164375,0.12209190952169797,0.08601376071570024,3.8341834920773676,0.9463935393334661,-0.19086096207227865,-0.3335493022870558
-0.3435487399316438,0.12200171577169557,0.08610567946568817,3.834213834068611,0.9461094580834806,-0.1909554433222761,-0.3338379060370448
-0.34364005243164375,0.12173113452168745,0.08583509821568006,3.834213834068611,0.94592007058349,-0.19123888707226888,-0.33388600666204293
-0.3438226774316432,0.12218210327170083,0.08628606696569344,3.8343970715686115,0.9463935393334661,-0.19104992457227354,-0.3337898054120466
-0.3434326553716097,0.12191152202169271,0.08592442946569015,3.83433609119799,0.9464882330834616,-0.19076648082228076,-0.33364550353705213
-0.34315871787161034,0.12209190952169797,0.08628692946568575,3.834549670689234,0.9463935393334661,-0.19086096207227865,-0.3337898054120466
-0.3435239678716092,0.12191152202169271,0.08610654196568049,3.834641289439234,0.9462988455834711,-0.19133336832226633,-0.33398220791203925
-0.3435239678716092,0.12191152202169271,0.08601548571568532,3.8343970715686115,0.9461094580834806,-0.19104992457227354,-0.3339341072870411
-0.34361528037160916,0.12191152202169271,0.08574231696569981,3.8342141304567465,0.9461094580834806,-0.19123888707226888,-0.33412650978703395
-0.3435239678716092,0.12191152202169271,0.0861975982156761,3.834702269809856,0.9462988455834711,-0.19076648082228076,-0.3337898054120466
-0.3434326553716097,0.12200171577169557,0.086014623215693,3.8342444724479896,0.94592007058349,-0.19133336832226633,-0.33403030853703763
-0.34361528037160916,0.12200171577169557,0.08610567946568817,3.834305452818611,0.9466776205834517,-0.1909554433222761,-0.3337898054120466
-0.34361528037160916,0.12209190952169797,0.08619587321569058,3.834305452818611,0.9462988455834711,-0.19086096207227865,-0.3337898054120466
-0.3437979053716086,0.12200171577169557,0.08610567946568817,3.8341222153186107,0.9462988455834711,-0.19086096207227865,-0.3336936041620503
-0.3433413428716098,0.12191152202169271,0.08592442946569015,3.8340612349479892,0.9463935393334661,-0.19086096207227865,-0.3338379060370448
-0.3433413428716098,0.12209190952169797,0.08646904196567654,3.834488393930477,0.9467723143334472,-0.19057751832228587,-0.333597402912054
-0.3434326553716097,0.12209190952169797,0.08637798571568137,3.834335794809855,0.9461094580834806,-0.19123888707226888,-0.3338379060370448
-0.3434326553716097,0.12209190952169797,0.08628692946568575,3.834366433189233,0.9465829268334567,-0.191144405822271,-0.33388600666204293
-0.3435239678716092,0.12191152202169271,0.08592442946569015,3.83433609119799,0.9462988455834711,-0.19076648082228076,-0.3337898054120466
-0.3435239678716092,0.12188003051554205,0.0861975982156761,3.834427413559855,0.9462988455834711,-0.1909554433222761,-0.3338379060370448
-0.3435239678716092,0.12188003051554205,0.08601548571568532,3.8343970715686115,0.9462988455834711,-0.191144405822271,-0.3338379060370448
-0.3434326553716097,0.12188003051554205,0.08610654196568049,3.8341831956892327,0.9463935393334661,-0.1909554433222761,-0.3338379060370448
-0.34361528037160916,0.1218485390093914,0.08601548571568532,3.834488690318612,0.9460147643334855,-0.19104992457227354,-0.3337898054120466
-0.34361528037160916,0.1218485390093914,0.08601548571568532,3.834580309068612,0.9466776205834517,-0.19076648082228076,-0.3336936041620503
-0.34361528037160916,0.12211912025939951,0.08655923571567939,3.834671631430478,0.9462988455834711,-0.1909554433222761,-0.33374170478704845
-0.3434326553716097,0.12193873275939425,0.08619673571568334,3.8341831956892327,0.9462988455834711,-0.19104992457227354,-0.3339341072870411
-0.34361528037160916,0.1218485390093914,0.0861975982156761,3.8345190323098555,0.9465829268334567,-0.1909554433222761,-0.33374170478704845
-0.3435239678716092,0.12193873275939425,0.08610567946568817,3.834305452818611,0.9465829268334567,-0.1909554433222761,-0.3337898054120466
-0.3435239678716092,0.1218485390093914,0.0861975982156761,3.834427413559855,0.9463935393334661,-0.19086096207227865,-0.33374170478704845
-0.3433413428716098,0.12211912025939951,0.08646817946568422,3.8341525573098543,0.9462988455834711,-0.19123888707226888,-0.3338379060370448
-0.34361528037160916,0.12193873275939425,0.086014623215693,3.83433609119799,0.9466776205834517,-0.19086096207227865,-0.3337898054120466
-0.3435239678716092,0.12193873275939425,0.08610567946568817,3.8341222153186107,0.9467723143334472,-0.1906719995722833,-0.3335493022870558
-0.34361528037160916,0.1218485390093914,0.08628865446567127,3.834488393930477,0.9461094580834806,-0.191144405822271,-0.33403030853703763
-0.3435239678716092,0.12166815150938613,0.08583509821568006,3.834305452818611,0.9465829268334567,-0.1909554433222761,-0.33388600666204293
-0.3433413428716098,0.12211912025939951,0.08628606696569344,3.834305452818611,0.9468670080834423,-0.1906719995722833,-0.3335493022870558
-0.3437065928716091,0.12193873275939425,0.08592356696569783,3.8343667295773685,0.9463935393334661,-0.1906719995722833,-0.33374170478704845
-0.3433413428716098,0.12202892650939666,0.08628692946568575,3.8344580519392335,0.9463935393334661,-0.191144405822271,-0.3338379060370448
-0.3434326553716097,0.12188003051554205,0.08592442946569015,3.8340612349479892,0.9465829268334567,-0.1909554433222761,-0.33388600666204293
-0.3435239678716092,0.12224080551555258,0.08637626071569585,3.834213834068611,0.9465829268334567,-0.19104992457227354,-0.33388600666204293
-0.3433413428716098,0.12206041801554732,0.08637798571568137,3.834335794809855,0.9465829268334567,-0.19086096207227865,-0.3336936041620503
-0.3435239678716092,0.12197022426554491,0.08610567946568817,3.834305452818611,0.9462988455834711,-0.19123888707226888,-0.3338379060370448
-0.3434326553716097,0.12197022426554491,0.08610567946568817,3.834305452818611,0.9463935393334661,-0.19057751832228587,-0.333597402912054
-0.3434326553716097,0.12215061176555017,0.08646817946568422,3.834427413559855,0.9465829268334567,-0.19057751832228587,-0.33374170478704845
-0.34361528037160916,0.12188003051554205,0.08583337321569498,3.834275110827368,0.9463935393334661,-0.19086096207227865,-0.3338379060370448
-0.34361528037160916,0.12206041801554732,0.08619587321569058,3.834305452818611,0.9463935393334661,-0.1906719995722833,-0.3337898054120466
-0.34361528037160916,0.12197022426554491,0.086014623215693,3.8341528536979896,0.9462988455834711,-0.19104992457227354,-0.3338379060370448
-0.34340788331157507,0.12188003051554205,0.08601548571568532,3.8343970715686115,0.9467723143334472,-0.1909554433222761,-0.33364550353705213
-0.3435905083115745,0.12197022426554491,0.08619673571568334,3.834366433189233,0.9462041518334756,-0.19104992457227354,-0.3339341072870411
-0.3435905083115745,0.12206041801554732,0.08610481696569541,3.8342444724479896,0.9467723143334472,-0.19038855582229053,-0.3335493022870558
-0.3435905083115745,0.12197022426554491,0.08619673571568334,3.8341831956892327,0.9464882330834616,-0.19086096207227865,-0.33374170478704845
-0.34349919581157456,0.12224080551555258,0.08637626071569585,3.8341222153186107,0.9465829268334567,-0.19086096207227865,-0.3337898054120466
-0.3435905083115745,0.12224080551555258,0.08637626071569585,3.8341222153186107,0.9461094580834806,-0.19076648082228076,-0.33374170478704845
-0.34340788331157507,0.12188003051554205,0.08592442946569015,3.8344277099479904,0.9465829268334567,-0.19076648082228076,-0.3336936041620503
-0.34331657081157513,0.12206041801554732,0.08637798571568137,3.8342441760598547,0.9462041518334756,-0.19133336832226633,-0.3339341072870411
-0.34340788331157507,0.12197022426554491,0.08610567946568817,3.834488690318612,0.9464882330834616,-0.191144405822271,-0.3337898054120466
-0.34340788331157507,0.12206041801554732,0.08619587321569058,3.8340305965686103,0.9465829268334567,-0.19104992457227354,-0.3336936041620503
-0.34349919581157456,0.12206041801554732,0.08619587321569058,3.8343970715686115,0.9463935393334661,-0.19086096207227865,-0.33374170478704845
-0.34331657081157513,0.12206041801554732,0.08610481696569541,3.8340612349479892,0.9465829268334567,-0.19104992457227354,-0.33374170478704845
-0.34340788331157507,0.12197022426554491,0.08610567946568817,3.834213834068611,0.9463935393334661,-0.191144405822271,-0.33374170478704845
-0.34340788331157507,0.12206041801554732,0.08646904196567654,3.834488393930477,0.9467723143334472,-0.1909554433222761,-0.3337898054120466
-0.34340788331157507,0.12197022426554491,0.08592356696569783,3.8341834920773676,0.9465829268334567,-0.19076648082228076,-0.33374170478704845
-0.34340788331157507,0.12197022426554491,0.08610567946568817,3.834213834068611,0.9464882330834616,-0.191144405822271,-0.33388600666204293
-0.3435905083115745,0.12215061176555017,0.08619501071569827,3.8341528536979896,0.9462988455834711,-0.19086096207227865,-0.3338379060370448
-0.3435905083115745,0.12197022426554491,0.08628779196567896,3.834610651059856,0.9464882330834616,-0.19076648082228076,-0.33374170478704845
-0.3435905083115745,0.12188003051554205,0.08601548571568532,3.8343970715686115,0.9463935393334661,-0.19076648082228076,-0.33388600666204293
-0.3435905083115745,0.12197022426554491,0.086014623215693,3.8341528536979896,0.9462988455834711,-0.191144405822271,-0.3338379060370448
-0.34349919581157456,0.12188003051554205,0.08592442946569015,3.83433609119799,0.9462988455834711,-0.191144405822271,-0.33403030853703763
-0.3435905083115745,0.12206041801554732,0.08601376071570024,3.8341834920773676,0.9462988455834711,-0.19086096207227865,-0.3338379060370448
-0.34340788331157507,0.12197022426554491,0.08610567946568817,3.834580309068612,0.9462988455834711,-0.1909554433222761,-0.3338379060370448
-0.34349919581157456,0.12191152202169271,0.08592442946569015,3.83433609119799,0.9465829268334567,-0.1909554433222761,-0.3337898054120466
-0.34361528037160916,0.12209190952169797,0.08601376071570024,3.8340918733273677,0.9462988455834711,-0.1909554433222761,-0.3338379060370448
-0.34361528037160916,0.12209190952169797,0.08601376071570024,3.8341834920773676,0.9462041518334756,-0.19123888707226888,-0.3340784091620358
-0.3435239678716092,0.12191152202169271,0.08601548571568532,3.8341222153186107,0.9467723143334472,-0.191144405822271,-0.3338379060370448
-0.34361528037160916,0.12209190952169797,0.08619587321569058,3.834213834068611,0.9463935393334661,-0.19086096207227865,-0.3338379060370448
-0.3435239678716092,0.12191152202169271,0.08601548571568532,3.834305452818611,0.9465829268334567,-0.19076648082228076,-0.3337898054120466
-0.34361528037160916,0.12218210327170083,0.08646817946568422,3.834427413559855,0.9461094580834806,-0.19086096207227865,-0.3337898054120466
-0.3435239678716092,0.12200171577169557,0.08610567946568817,3.8341222153186107,0.9461094580834806,-0.19123888707226888,-0.3338379060370448
-0.3433413428716098,0.12200171577169557,0.08628779196567896,3.8342441760598547,0.9466776205834517,-0.19086096207227865,-0.3337898054120466
-0.34361528037160916,0.12191152202169271,0.08601548571568532,3.834488690318612,0.9462041518334756,-0.19123888707226888,-0.3338379060370448
-0.3434326553716097,0.12200171577169557,0.086014623215693,3.8341528536979896,0.9461094580834806,-0.191144405822271,-0.33388600666204293
-0.3435239678716092,0.12200171577169557,0.08628779196567896,3.834427413559855,0.9464882330834616,-0.19086096207227865,-0.3337898054120466
-0.3434326553716097,0.12200171577169557,0.08610567946568817,3.834305452818611,0.9460147643334855,-0.19104992457227354,-0.3339341072870411
-0.3434326553716097,0.12209190952169797,0.08628692946568575,3.834274814439233,0.9465829268334567,-0.19076648082228076,-0.33388600666204293
-0.3435239678716092,0.12209190952169797,0.08637798571568137,3.834335794809855,0.9461094580834806,-0.19086096207227865,-0.3339341072870411
-0.3437065928716091,0.12218210327170083,0.08619501071569827,3.83433609119799,0.9464882330834616,-0.19086096207227865,-0.33374170478704845
-0.3435239678716092,0.12200171577169557,0.08610567946568817,3.834213834068611,0.9462041518334756,-0.191144405822271,-0.33398220791203925
-0.3435239678716092,0.12200171577169557,0.08628779196567896,3.834335794809855,0.9465829268334567,-0.1906719995722833,-0.33374170478704845
-0.3434326553716097,0.12209190952169797,0.08628692946568575,3.834366433189233,0.9465829268334567,-0.19076648082228076,-0.3337898054120466
-0.3434326553716097,0.12200171577169557,0.08610567946568817,3.834213834068611,0.9465829268334567,-0.1909554433222761,-0.3337898054120466
-0.3435239678716092,0.12200171577169557,0.08619673571568334,3.834366433189233,0.9465829268334567,-0.1909554433222761,-0.3336936041620503
-0.34361528037160916,0.12209190952169797,0.08619587321569058,3.8341222153186107,0.9464882330834616,-0.1909554433222761,-0.3337898054120466
-0.3434326553716097,0.12200171577169557,0.086014623215693,3.83433609119799,0.9467723143334472,-0.19076648082228076,-0.3339341072870411
-0.3434326553716097,0.12164094077168504,0.08592701696566843,3.834427413559855,0.9466776205834517,-0.19104992457227354,-0.33374170478704845
-0.34361528037160916,0.12191152202169271,0.08601548571568532,3.8341222153186107,0.9465829268334567,-0.19086096207227865,-0.3338379060370448
-0.3435239678716092,0.12191152202169271,0.08601548571568532,3.834305452818611,0.9464882330834616,-0.19086096207227865,-0.3338379060370448
-0.34361528037160916,0.12218210327170083,0.0863771232156886,3.834366433189233,0.9463935393334661,-0.1906719995722833,-0.3338379060370448
-0.34361528037160916,0.12209190952169797,0.08637798571568137,3.834335794809855,0.9466776205834517,-0.19076648082228076,-0.33374170478704845
-0.3434326553716097,0.12218210327170083,0.08628606696569344,3.8341222153186107,0.9462041518334756,-0.19123888707226888,-0.3338379060370448
-0.3435239678716092,0.12200171577169557,0.08637884821567413,3.834488393930477,0.9464882330834616,-0.19086096207227865,-0.3337898054120466
-0.3433413428716098,0.12209190952169797,0.08637798571568137,3.8345190323098555,0.9463935393334661,-0.19123888707226888,-0.3339341072870411
-0.34361528037160916,0.12227229702170324,0.08628520446570068,3.8341528536979896,0.9460147643334855,-0.19133336832226633,-0.3339341072870411
-0.34361528037160916,0.12212340102784863,0.08610481696569541,3.83433609119799,0.9465829268334567,-0.19133336832226633,-0.33364550353705213
-0.3435239678716092,0.12203320727784622,0.086014623215693,3.83433609119799,0.9467723143334472,-0.19086096207227865,-0.3338379060370448
-0.3435239678716092,0.12221359477785149,0.08628606696569344,3.834305452818611,0.9463935393334661,-0.1909554433222761,-0.3337898054120466
-0.34361528037160916,0.12212340102784863,0.08637798571568137,3.8342441760598547,0.9465829268334567,-0.19086096207227865,-0.33374170478704845
-0.3435239678716092,0.12221359477785149,0.08646817946568422,3.834427413559855,0.9462988455834711,-0.19104992457227354,-0.3337898054120466
-0.3433413428716098,0.12203320727784622,0.08637884821567413,3.834396775180477,0.9462988455834711,-0.1909554433222761,-0.3338379060370448
-0.34361528037160916,0.12194301352784337,0.08583337321569498,3.8340918733273677,0.9461094580834806,-0.19133336832226633,-0.33403030853703763
-0.3437979053716086,0.12194301352784337,0.08601548571568532,3.834305452818611,0.9467723143334472,-0.19076648082228076,-0.3338379060370448
-0.34361528037160916,0.12221359477785149,0.08628606696569344,3.834305452818611,0.9462988455834711,-0.19104992457227354,-0.33388600666204293
-0.3433413428716098,0.12203320727784622,0.08619673571568334,3.8344580519392335,0.9467723143334472,-0.19086096207227865,-0.33374170478704845
-0.3434326553716097,0.12194301352784337,0.08601548571568532,3.8343970715686115,0.9465829268334567,-0.19076648082228076,-0.33388600666204293
-0.3434326553716097,0.12212340102784863,0.08637798571568137,3.8342441760598547,0.9463935393334661,-0.191144405822271,-0.3339341072870411
-0.3432500303716103,0.12203320727784622,0.086014623215693,3.8342444724479896,0.9464882330834616,-0.1909554433222761,-0.33388600666204293
-0.3435239678716092,0.12212340102784863,0.08619587321569058,3.834305452818611,0.9465829268334567,-0.19076648082228076,-0.33374170478704845
-0.3433413428716098,0.12194301352784337,0.08610654196568049,3.834366433189233,0.9466776205834517,-0.1909554433222761,-0.33364550353705213
-0.34361528037160916,0.12203320727784622,0.086014623215693,3.8342444724479896,0.9462988455834711,-0.19086096207227865,-0.3338379060370448
-0.3437979053716086,0.12203320727784622,0.086014623215693,3.83433609119799,0.9465829268334567,-0.19104992457227354,-0.3339341072870411
-0.34388921787160853,0.12194301352784337,0.08601548571568532,3.8343970715686115,0.9463935393334661,-0.19086096207227865,-0.3339341072870411
-0.3437065928716091,0.12221359477785149,0.08628606696569344,3.834305452818611,0.9464882330834616,-0.19123888707226888,-0.3337898054120466
-0.3435239678716092,0.12194301352784337,0.08592442946569015,3.8341528536979896,0.9462988455834711,-0.19104992457227354,-0.3339341072870411
-0.3435239678716092,0.1217626260278381,0.08601721071567084,3.834702269809856,0.9494488715160515,-0.19086096207227865,-0.3338379060370448
-0.3437979053716086,0.12194301352784337,0.08610654196568049,3.8344580519392335,0.9497329527660371,-0.19076648082228076,-0.33374170478704845
-0.34361528037160916,0.12212340102784863,0.08610481696569541,3.8340612349479892,0.9495435652660466,-0.19048303707228798,-0.3336936041620503
-0.3434326553716097,0.12203320727784622,0.08628779196567896,3.8342441760598547,0.949354177766056,-0.19086096207227865,-0.33398220791203925
-0.34361528037160916,0.12203320727784622,0.086014623215693,3.8341528536979896,0.9494488715160515,-0.19086096207227865,-0.3339341072870411
-0.34361528037160916,0.12203320727784622,0.08619673571568334,3.834274814439233,0.9497329527660371,-0.19076648082228076,-0.33364550353705213
-0.3435239678716092,0.12212340102784863,0.08628692946568575,3.8340915769392323,0.9491647902660655,-0.19086096207227865,-0.3338379060370448
-0.34361528037160916,0.12200171577169557,0.08610567946568817,3.8343970715686115,0.9497329527660371,-0.191144405822271,-0.3338379060370448
-0.3435487399316438,0.12209190952169797,0.08610481696569541,3.8341528536979896,0.9495435652660466,-0.1909554433222761,-0.33374170478704845
-0.3434574274316443,0.12227229702170324,0.08683154196567214,3.834701973421721,0.949354177766056,-0.191144405822271,-0.3337898054120466
-0.34364005243164375,0.12200171577169557,0.08592356696569783,3.834275110827368,0.9495435652660466,-0.191144405822271,-0.33388600666204293
-0.3435487399316438,0.12209190952169797,0.08637798571568137,3.8345190323098555,0.949354177766056,-0.19104992457227354,-0.3339341072870411
-0.34364005243164375,0.12218210327170083,0.0863771232156886,3.8341831956892327,0.949354177766056,-0.1909554433222761,-0.3338379060370448
-0.3434574274316443,0.12209190952169797,0.08628692946568575,3.8340915769392323,0.949259484016061,-0.191144405822271,-0.33398220791203925
-0.3435487399316438,0.12209190952169797,0.08628692946568575,3.834366433189233,0.9494488715160515,-0.19076648082228076,-0.33388600666204293
-0.3435487399316438,0.1218213282716903,0.08592529196568291,3.8343970715686115,0.9495435652660466,-0.19104992457227354,-0.3338379060370448
-0.3438226774316432,0.12200171577169557,0.08628779196567896,3.8345190323098555,0.9497329527660371,-0.19104992457227354,-0.333597402912054
-0.34364005243164375,0.12200171577169557,0.086014623215693,3.8341528536979896,0.9496382590160416,-0.19076648082228076,-0.33364550353705213
-0.3435487399316438,0.12200171577169557,0.086014623215693,3.8342444724479896,0.9495435652660466,-0.191144405822271,-0.3337898054120466
-0.3434574274316443,0.12191152202169271,0.08583337321569498,3.834275110827368,0.9496382590160416,-0.19086096207227865,-0.3337898054120466
-0.34364005243164375,0.12191152202169271,0.08592442946569015,3.8342444724479896,0.9484072402661038,-0.1916168120722591,-0.33412650978703395
-0.3435487399316438,0.12200171577169557,0.08628779196567896,3.834427413559855,0.9495435652660466,-0.1909554433222761,-0.3338379060370448
-0.34364005243164375,0.12200171577169557,0.08637884821567413,3.8342135376804762,0.9498276465160321,-0.1906719995722833,-0.3336936041620503
-0.3435487399316438,0.12209190952169797,0.08610481696569541,3.8340612349479892,0.9497329527660371,-0.19057751832228587,-0.3337898054120466
-0.34364005243164375,0.12191152202169271,0.08592442946569015,3.8344277099479904,0.949259484016061,-0.19086096207227865,-0.3337898054120466
-0.3435487399316438,0.12209190952169797,0.08619587321569058,3.8339389778186104,0.949354177766056,-0.19104992457227354,-0.33403030853703763
-0.3435487399316438,0.12227229702170324,0.08655837321568663,3.834335794809855,0.949259484016061,-0.19076648082228076,-0.3338379060370448
-0.34364005243164375,0.12209190952169797,0.08628692946568575,3.834549670689234,0.949354177766056,-0.19057751832228587,-0.3338379060370448
-0.26399144021684695,0.17408825513979312,0.17242708053065164,3.8571954334193093,1.4010595361314448,-0.04891298250928054,0.012821096171509973
-0.26435669021684627,0.17408825513979312,0.17242708053065164,3.8569205771693085,1.4005860673814687,-0.049385388759268664,0.012628693671517335
-0.26399144021684695,0.17426864263979838,0.17297169303063759,3.857164498651796,1.4006807611314638,-0.04929090750927077,0.012580593046519175
-0.2645393152168457,0.17381767388978545,0.17242966803062948,3.857195137031174,1.4006807611314638,-0.04957435125926356,0.012580593046519175
-0.26435669021684627,0.17444903013980365,0.17315208053064285,3.8570728799017955,1.4008701486314543,-0.049385388759268664,0.012580593046519175
-0.26435669021684627,0.17408825513979312,0.17260919303064198,3.8572257754105523,1.4008701486314543,-0.04929090750927077,0.012772995546511814
-0.2644480027168462,0.17417844888979597,0.17279044303064,3.8570118995311735,1.4007754548814593,-0.049763313759258895,0.012580593046519175
-0.26417406521684683,0.17426864263979838,0.17278958053064725,3.8569509191605515,1.4005860673814687,-0.04985779500925634,0.012580593046519175
-0.2644480027168462,0.1739980613897907,0.17261005553063474,3.857561612031175,1.4005860673814687,-0.04929090750927077,0.012676794296515494
-0.26417406521684683,0.17408825513979312,0.17270024928063715,3.857103518281174,1.4005860673814687,-0.04947987000926611,0.012628693671517335
-0.26426537771684633,0.17426864263979838,0.1726074680306569,3.857103814669309,1.4005860673814687,-0.04947987000926611,0.012532492421521015
-0.26426537771684633,0.17411974664594376,0.17260919303064198,3.857134156660552,1.4008701486314543,-0.04929090750927077,0.012628693671517335
-0.2644480027168462,0.17411974664594376,0.17279130553063232,3.8573477361517963,1.4003966798814782,-0.04957435125926356,0.012484391796522856
-0.26417406521684683,0.17411974664594376,0.17260919303064198,3.856859300410551,1.4005860673814687,-0.04966883250926145,0.012580593046519175
-0.26435669021684627,0.17420994039594662,0.17279044303064,3.857195137031174,1.4007754548814593,-0.049385388759268664,0.012724894921513654
-0.2645393152168457,0.17411974664594376,0.17240078224960703,3.8571954334193093,1.4006807611314638,-0.04957435125926356,0.012724894921513654
-0.26417406521684683,0.17420994039594662,0.17249097599960989,3.857103814669309,1.4006807611314638,-0.04947987000926611,0.012772995546511814
-0.26426537771684633,0.17390786763978786,0.17249356349958728,3.8573783745311747,1.4004913736314737,-0.04966883250926145,0.012532492421521015
-0.2645393152168457,0.1739980613897907,0.17221953224960945,3.856859596798687,1.4003019861314832,-0.04957435125926356,0.012628693671517335
-0.26435669021684627,0.17417844888979597,0.17267308849960022,3.856767681660551,1.4004913736314737,-0.04966883250926145,0.012532492421521015
-0.2644480027168462,0.17408825513979312,0.17258289474959737,3.857134156660552,1.4006807611314638,-0.04929090750927077,0.012628693671517335
-0.2645393152168457,0.17408825513979312,0.17258289474959737,3.857042537910552,1.4000179048814976,-0.05004675750925168,0.012436291171524696
-0.26435669021684627,0.17408825513979312,0.17258289474959737,3.8573173941605527,1.4005860673814687,-0.049763313759258895,0.012628693671517335
-0.26417406521684683,0.17408825513979312,0.1727650072495877,3.856981261151795,1.4005860673814687,-0.04966883250926145,0.012676794296515494
-0.26417406521684683,0.1739980613897907,0.1724016447495998,3.8570731762899304,1.4005860673814687,-0.04929090750927077,0.012676794296515494
-0.26417406521684683,0.17426864263979838,0.17303645099958814,3.857408716522418,1.4006807611314638,-0.04929090750927077,0.012772995546511814
-0.2640827527168469,0.17381767388978545,0.1723123134995897,3.8569509191605515,1.4009648423814498,-0.04929090750927077,0.012772995546511814
-0.26417406521684683,0.17423715113364774,0.17303645099958814,3.857133860272417,1.4006807611314638,-0.04957435125926356,0.012628693671517335
-0.26426537771684633,0.17396656988364007,0.1726748134995853,3.8573477361517963,1.4009648423814498,-0.049196426259273326,0.012869196796508133
-0.2644480027168462,0.17405676363364248,0.17267395099959254,3.8573783745311747,1.4003966798814782,-0.04947987000926611,0.012628693671517335
-0.26435669021684627,0.17405676363364248,0.17267395099959254,3.857195137031174,1.4006807611314638,-0.049385388759268664,0.012628693671517335
-0.26426537771684633,0.17414695738364533,0.17285520099959056,3.856981261151795,1.4008701486314543,-0.04966883250926145,0.012772995546511814
-0.26426537771684633,0.17405676363364248,0.17285606349958288,3.8572254790224174,1.4004913736314737,-0.04966883250926145,0.012821096171509973
-0.26435669021684627,0.1738763761336372,0.17249356349958728,3.856828662031173,1.4005860673814687,-0.04947987000926611,0.012772995546511814
-0.26417406521684683,0.17405676363364248,0.17267395099959254,3.8570118995311735,1.4004913736314737,-0.04947987000926611,0.012821096171509973
-0.26417406521684683,0.17405676363364248,0.1727650072495877,3.8573477361517963,1.4004913736314737,-0.04947987000926611,0.012580593046519175
-0.2644480027168462,0.17405676363364248,0.17258289474959737,3.857134156660552,1.4004913736314737,-0.04957435125926356,0.012772995546511814
-0.2640827527168469,0.17405676363364248,0.17255659646855276,3.856859300410551,1.4010595361314448,-0.04910194500927588,0.012869196796508133
-0.2645393152168457,0.17405676363364248,0.17255659646855276,3.8572257754105523,1.4009648423814498,-0.04957435125926356,0.012821096171509973
-0.2644480027168462,0.1738763761336372,0.1723762089685475,3.857134156660552,1.4003966798814782,-0.04957435125926356,0.012724894921513654
-0.26417406521684683,0.1738763761336372,0.17246726521854266,3.8572867557811743,1.4004913736314737,-0.04947987000926611,0.012628693671517335
-0.26417406521684683,0.17405676363364248,0.17255659646855276,3.8572257754105523,1.4008701486314543,-0.04900746375927843,0.012965398046504453
-0.26426537771684633,0.17414695738364533,0.1726467902185556,3.857042537910552,1.4008701486314543,-0.049763313759258895,0.012580593046519175
-0.26417406521684683,0.17405676363364248,0.17264765271854793,3.857103518281174,1.4008701486314543,-0.04957435125926356,0.012628693671517335
-0.26417406521684683,0.17405676363364248,0.17237448396856242,3.856828958419308,1.4005860673814687,-0.04929090750927077,0.012628693671517335
-0.2645393152168457,0.17405676363364248,0.17255659646855276,3.8574090129105527,1.4004913736314737,-0.04995227625925379,0.012532492421521015
-0.2644480027168462,0.17414695738364533,0.17291995896854112,3.857408716522418,1.4003966798814782,-0.05004675750925168,0.012484391796522856
-0.26417406521684683,0.17396656988364007,0.17246640271855035,3.8569509191605515,1.4010595361314448,-0.04957435125926356,0.012772995546511814
-0.2645393152168457,0.1737861823836348,0.17210390271855475,3.8570121959193084,1.4008701486314543,-0.04929090750927077,0.012724894921513654
-0.26417406521684683,0.17375469087748413,0.17219495896854992,3.8572564137899312,1.4004913736314737,-0.049763313759258895,0.012628693671517335
-0.2645393152168457,0.1739350783774894,0.17237534646855518,3.8570731762899304,1.4005860673814687,-0.049385388759268664,0.012628693671517335
-0.26435669021684627,0.17384488462748654,0.17246726521854266,3.857195137031174,1.4004913736314737,-0.049196426259273326,0.012772995546511814
-0.26426537771684633,0.17384488462748654,0.17255832146853783,3.857164498651796,1.4004913736314737,-0.04966883250926145,0.012772995546511814
-0.26435669021684627,0.1740252721274918,0.17271241068749849,3.8570728799017955,1.4004913736314737,-0.04966883250926145,0.012821096171509973
-0.26426537771684633,0.1740252721274918,0.17271241068749849,3.8570728799017955,1.4007754548814593,-0.04966883250926145,0.012676794296515494
-0.26435669021684627,0.17420565962749707,0.17289279818750375,3.857256117401796,1.4004913736314737,-0.04985779500925634,0.012580593046519175
-0.2644480027168462,0.17411546587749466,0.17271154818750617,3.857195137031174,1.4005860673814687,-0.04985779500925634,0.012676794296515494
-0.2640827527168469,0.17384488462748654,0.17253202318749322,3.857164498651796,1.4008701486314543,-0.04947987000926611,0.012821096171509973
-0.2640827527168469,0.1740252721274918,0.17262135443750332,3.8570118995311735,1.4006807611314638,-0.04957435125926356,0.012772995546511814
-0.26417406521684683,0.17384488462748654,0.17234991068750288,3.857134156660552,1.4003019861314832,-0.04985779500925634,0.012580593046519175
-0.2640827527168469,0.1740252721274918,0.17280346693749365,3.857500335272418,1.4007754548814593,-0.04957435125926356,0.012772995546511814
-0.2644480027168462,0.17411546587749466,0.17280260443750134,3.8570728799017955,1.4010595361314448,-0.04929090750927077,0.012965398046504453
-0.2645393152168457,0.17375469087748413,0.17225971693750047,3.857134156660552,1.4006807611314638,-0.04957435125926356,0.012628693671517335
-0.26435669021684627,0.1740252721274918,0.17253029818750815,3.8572257754105523,1.4006807611314638,-0.04966883250926145,0.012772995546511814
-0.26426537771684633,0.1740252721274918,0.17271241068749849,3.8573477361517963,1.4007754548814593,-0.04947987000926611,0.012772995546511814
-0.2644480027168462,0.17384488462748654,0.17216779818751254,3.857103814669309,1.4008701486314543,-0.04957435125926356,0.012821096171509973
-0.2640827527168469,0.1740252721274918,0.17253029818750815,3.8569509191605515,1.4003966798814782,-0.04966883250926145,0.012676794296515494
-0.2645393152168457,0.17375469087748413,0.17198654818751496,3.856951215548687,1.4003019861314832,-0.04995227625925379,0.012580593046519175
-0.26435669021684627,0.17384488462748654,0.17244096693749805,3.8572867557811743,1.40115422988144,-0.04947987000926611,0.012869196796508133
-0.2644480027168462,0.17384488462748654,0.17234991068750288,3.8569509191605515,1.4001125986314926,-0.04985779500925634,0.012628693671517335
-0.2644480027168462,0.17423715113364774,0.17289279818750375,3.8570728799017955,1.4007754548814593,-0.04966883250926145,0.012676794296515494
-0.26435669021684627,0.17405676363364248,0.17271241068749849,3.8573477361517963,1.4007754548814593,-0.04966883250926145,0.012772995546511814
-0.2645393152168457,0.17405676363364248,0.1723481856875178,3.8569205771693085,1.4003966798814782,-0.04985779500925634,0.012580593046519175
-0.26435669021684627,0.1738763761336372,0.17207674193751737,3.8571344530486877,1.4010595361314448,-0.04957435125926356,0.012772995546511814
-0.26426537771684633,0.17423715113364774,0.17289279818750375,3.8570728799017955,1.4007754548814593,-0.049763313759258895,0.012772995546511814
-0.26426537771684633,0.17414695738364533,0.17280260443750134,3.8570728799017955,1.4004913736314737,-0.04947987000926611,0.012869196796508133
-0.26435669021684627,0.17405676363364248,0.17262135443750332,3.8570118995311735,1.4005860673814687,-0.04966883250926145,0.012772995546511814
-0.2644480027168462,0.17414695738364533,0.172620491937511,3.8572257754105523,1.40115422988144,-0.04910194500927588,0.012965398046504453
-0.26426537771684633,0.17414695738364533,0.17280260443750134,3.857164498651796,1.4004913736314737,-0.04985779500925634,0.012580593046519175
-0.26435669021684627,0.17405676363364248,0.17253029818750815,3.8569509191605515,1.4003966798814782,-0.05004675750925168,0.012436291171524696
-0.26426537771684633,0.17396656988364007,0.17216693568752023,3.856951215548687,1.4005860673814687,-0.04957435125926356,0.012676794296515494
-0.26435669021684627,0.17405676363364248,0.17253029818750815,3.856859300410551,1.4007754548814593,-0.04929090750927077,0.012772995546511814
-0.26399144021684695,0.17405676363364248,0.17253029818750815,3.8572257754105523,1.4007754548814593,-0.04957435125926356,0.012772995546511814
-0.26435669021684627,0.17405676363364248,0.17289452318748882,3.8573780781430393,1.4010595361314448,-0.04957435125926356,0.012676794296515494
-0.2644480027168462,0.1738763761336372,0.17234991068750288,3.857134156660552,1.4008701486314543,-0.04957435125926356,0.012821096171509973
-0.26417406521684683,0.17405676363364248,0.1723481856875178,3.857103814669309,1.40115422988144,-0.04929090750927077,0.012965398046504453
-0.26435669021684627,0.1738763761336372,0.17234991068750288,3.8572257754105523,1.4003019861314832,-0.04995227625925379,0.012628693671517335
-0.26435669021684627,0.17414695738364533,0.17271154818750617,3.8572867557811743,1.4007754548814593,-0.04947987000926611,0.012676794296515494
-0.2645393152168457,0.1738763761336372,0.17216779818751254,3.8570121959193084,1.4008701486314543,-0.04957435125926356,0.012821096171509973
-0.26426537771684633,0.17423715113364774,0.1727106856875134,3.857134156660552,1.4005860673814687,-0.04966883250926145,0.012772995546511814
-0.26435669021684627,0.17405676363364248,0.17253029818750815,3.856859300410551,1.4008701486314543,-0.04929090750927077,0.012772995546511814
-0.2645393152168457,0.17405676363364248,0.17243924193751298,3.8567983200399296,1.4008701486314543,-0.04966883250926145,0.012821096171509973
-0.2645393152168457,0.1738763761336372,0.17244096693749805,3.8572867557811743,1.4006807611314638,-0.04947987000926611,0.012821096171509973
-0.26435669021684627,0.17405676363364248,0.1723481856875178,3.8570121959193084,1.4005860673814687,-0.04985779500925634,0.012532492421521015
-0.26435669021684627,0.17414695738364533,0.17280260443750134,3.857164498651796,1.4008701486314543,-0.04966883250926145,0.012869196796508133
-0.2640827527168469,0.17414695738364533,0.1726467902185556,3.857134156660552,1.4008701486314543,-0.04966883250926145,0.012821096171509973
-0.2645393152168457,0.17396656988364007,0.17246640271855035,3.8569509191605515,1.4007754548814593,-0.04957435125926356,0.012821096171509973
-0.26417406521684683,0.17414695738364533,0.1726467902185556,3.8569509191605515,1.4013436173814304,-0.048818501259283095,0.013013498671502612
-0.26417406521684683,0.17405676363364248,0.17255659646855276,3.857134156660552,1.4009648423814498,-0.04910194500927588,0.013013498671502612
-0.26435669021684627,0.17396656988364007,0.17237534646855518,3.857164795039931,1.4008701486314543,-0.04966883250926145,0.012772995546511814
-0.2645393152168457,0.1738763761336372,0.1723762089685475,3.857042537910552,1.4006807611314638,-0.04966883250926145,0.012821096171509973
-0.26435669021684627,0.17405676363364248,0.17255659646855276,3.857134156660552,1.4008701486314543,-0.04929090750927077,0.012869196796508133
-0.26426537771684633,0.17405676363364248,0.17255659646855276,3.8572257754105523,1.4003966798814782,-0.04985779500925634,0.012580593046519175
-0.26435669021684627,0.17405676363364248,0.1724655402185576,3.85688993878993,1.4008701486314543,-0.04929090750927077,0.012869196796508133
-0.2640827527168469,0.17405676363364248,0.17255659646855276,3.856859300410551,1.4006807611314638,-0.04947987000926611,0.012772995546511814
-0.26417406521684683,0.17405676363364248,0.17255659646855276,3.8569509191605515,1.4004913736314737,-0.04985779500925634,0.012532492421521015
-0.26426537771684633,0.17405676363364248,0.17228342771856725,3.856951215548687,1.4005860673814687,-0.04947987000926611,0.012724894921513654
-0.2644480027168462,0.1738763761336372,0.17246726521854266,3.856920280781173,1.4005860673814687,-0.04957435125926356,0.012772995546511814
-0.26399144021684695,0.17405676363364248,0.17255659646855276,3.8569509191605515,1.4005860673814687,-0.04947987000926611,0.012724894921513654
-0.26435669021684627,0.17405676363364248,0.17237448396856242,3.8570121959193084,1.4003966798814782,-0.04957435125926356,0.012772995546511814
-0.26426537771684633,0.1738763761336372,0.1723762089685475,3.857042537910552,1.4007754548814593,-0.04957435125926356,0.012772995546511814
-0.2644480027168462,0.17423715113364774,0.1728280402185532,3.857103518281174,1.4008701486314543,-0.04957435125926356,0.012821096171509973
-0.26417406521684683,0.17414695738364533,0.1726467902185556,3.8572257754105523,1.4006807611314638,-0.04929090750927077,0.012821096171509973
-0.26426537771684633,0.174417538633653,0.17264420271857778,3.8570428342986873,1.4006807611314638,-0.049196426259273326,0.012917297421506293
-0.26435669021684627,0.17405676363364248,0.17255659646855276,3.857134156660552,1.4007754548814593,-0.04957435125926356,0.012724894921513654
-0.26435669021684627,0.17414695738364533,0.17291995896854112,3.8573170977724174,1.4008701486314543,-0.04947987000926611,0.012772995546511814
-0.26435669021684627,0.17405676363364248,0.17255659646855276,3.857042537910552,1.4006807611314638,-0.04957435125926356,0.012821096171509973
-0.2644480027168462,0.17414695738364533,0.17273784646855078,3.857103518281174,1.4005860673814687,-0.049196426259273326,0.012869196796508133
-0.26435669021684627,0.17396656988364007,0.17246640271855035,3.8573173941605527,1.4006807611314638,-0.04957435125926356,0.012676794296515494
-0.26435669021684627,0.1738763761336372,0.17246726521854266,3.8574699932811747,1.4008701486314543,-0.04957435125926356,0.012917297421506293
-0.26426537771684633,0.17369598863363195,0.17219582146854223,3.856859300410551,1.4006807611314638,-0.04947987000926611,0.012772995546511814
-0.26435669021684627,0.17423715113364774,0.1731012089685387,3.8572864593930394,1.4003966798814782,-0.04985779500925634,0.012676794296515494
-0.26426537771684633,0.17414695738364533,0.17273784646855078,3.856920280781173,1.4012489236314354,-0.04910194500927588,0.013109699921499154
-0.26435669021684627,0.17405676363364248,0.17264765271854793,3.857103518281174,1.4010595361314448,-0.04929090750927077,0.012772995546511814
-0.2645393152168457,0.17414695738364533,0.17273784646855078,3.8572867557811743,1.4008701486314543,-0.04957435125926356,0.012821096171509973
-0.26435669021684627,0.17396656988364007,0.17237534646855518,3.8570731762899304,1.4005860673814687,-0.04966883250926145,0.012821096171509973
-0.26426537771684633,0.17405676363364248,0.17237448396856242,3.8569205771693085,1.4006807611314638,-0.04966883250926145,0.012821096171509973
-0.26417406521684683,0.17405676363364248,0.1727387089685431,3.857164498651796,1.4005860673814687,-0.049385388759268664,0.012772995546511814
-0.26417406521684683,0.17405676363364248,0.1727387089685431,3.8570728799017955,1.4007754548814593,-0.04929090750927077,0.012821096171509973
-0.2644480027168462,0.17405676363364248,0.17264765271854793,3.857195137031174,1.4003966798814782,-0.04966883250926145,0.012772995546511814
-0.26435669021684627,0.17396656988364007,0.17246640271855035,3.8572257754105523,1.4009648423814498,-0.04947987000926611,0.012772995546511814
-0.2645393152168457,0.1737861823836348,0.17228601521854509,3.8574090129105527,1.4005860673814687,-0.04947987000926611,0.012821096171509973
-0.26435669021684627,0.17405676363364248,0.17255659646855276,3.8572257754105523,1.4000179048814976,-0.04985779500925634,0.012532492421521015
-0.26435669021684627,0.17396656988364007,0.17246640271855035,3.8574090129105527,1.4006807611314638,-0.04929090750927077,0.012821096171509973
-0.26426537771684633,0.17423715113364774,0.1728280402185532,3.856920280781173,1.4008701486314543,-0.049385388759268664,0.012772995546511814
-0.26435669021684627,0.17414695738364533,0.17273784646855078,3.8570118995311735,1.4006807611314638,-0.04985779500925634,0.012821096171509973
-0.26435669021684627,0.17423715113364774,0.17255487146856768,3.857103814669309,1.4005860673814687,-0.04947987000926611,0.012772995546511814
-0.2640827527168469,0.17423715113364774,0.17273698396855802,3.857134156660552,1.4008701486314543,-0.04957435125926356,0.012821096171509973
-0.26417406521684683,0.17414695738364533,0.17273784646855078,3.8572867557811743,1.4007754548814593,-0.04929090750927077,0.012772995546511814
-0.26435669021684627,0.17396656988364007,0.17246640271855035,3.8572257754105523,1.4008701486314543,-0.04947987000926611,0.012821096171509973
-0.2645393152168457,0.1738763761336372,0.1723762089685475,3.857134156660552,1.4008701486314543,-0.04929090750927077,0.012821096171509973
-0.26426537771684633,0.17432734488365015,0.17273612146856526,3.85688993878993,1.4008701486314543,-0.04947987000926611,0.012821096171509973
-0.2644480027168462,0.17405676363364248,0.17264765271854793,3.857195137031174,1.4004913736314737,-0.049763313759258895,0.012724894921513654
-0.26417406521684683,0.17414695738364533,0.17273784646855078,3.857103518281174,1.4007754548814593,-0.04947987000926611,0.012821096171509973
-0.26435669021684627,0.17405676363364248,0.1724655402185576,3.8570731762899304,1.4003966798814782,-0.049763313759258895,0.012628693671517335
-0.26435669021684627,0.17405676363364248,0.1727387089685431,3.857256117401796,1.40115422988144,-0.04910194500927588,0.013013498671502612
-0.26426537771684633,0.17405676363364248,0.17264765271854793,3.857195137031174,1.4007754548814593,-0.04995227625925379,0.012772995546511814
-0.2644480027168462,0.1738763761336372,0.1723762089685475,3.857134156660552,1.4006807611314638,-0.04966883250926145,0.012772995546511814
-0.26426537771684633,0.17414695738364533,0.17273784646855078,3.857103518281174,1.4008701486314543,-0.04957435125926356,0.012821096171509973
-0.2640827527168469,0.17405676363364248,0.17255659646855276,3.857042537910552,1.4006807611314638,-0.04957435125926356,0.012676794296515494
-0.2644480027168462,0.17405676363364248,0.1727387089685431,3.8574393549017967,1.4007754548814593,-0.04929090750927077,0.012869196796508133
-0.26435669021684627,0.17423715113364774,0.1728280402185532,3.857103518281174,1.4007754548814593,-0.049385388759268664,0.012772995546511814
-0.26417406521684683,0.17432734488365015,0.17300929021855077,3.857256117401796,1.4008701486314543,-0.049385388759268664,0.012869196796508133
-0.26435669021684627,0.17405676363364248,0.1727387089685431,3.8573477361517963,1.4010595361314448,-0.04947987000926611,0.012772995546511814
-0.26435669021684627,0.17423715113364774,0.1728280402185532,3.8572867557811743,1.4003966798814782,-0.04966883250926145,0.012772995546511814
-0.2645393152168457,0.17414695738364533,0.17273784646855078,3.857195137031174,1.4004913736314737,-0.04957435125926356,0.012724894921513654
-0.26426537771684633,0.17405676363364248,0.1727387089685431,3.8573477361517963,1.4001125986314926,-0.04966883250926145,0.012772995546511814
-0.2644480027168462,0.17405676363364248,0.17264765271854793,3.857103518281174,1.4007754548814593,-0.04929090750927077,0.012772995546511814
-0.26426537771684633,0.17423715113364774,0.17255487146856768,3.8570121959193084,1.4004913736314737,-0.04966883250926145,0.012772995546511814
-0.26417406521684683,0.17414695738364533,0.17273784646855078,3.857103518281174,1.4008701486314543,-0.04947987000926611,0.012917297421506293
-0.26426537771684633,0.1738763761336372,0.17246726521854266,3.8572867557811743,1.4007754548814593,-0.04966883250926145,0.012628693671517335
-0.2644480027168462,0.17405676363364248,0.1724655402185576,3.857164795039931,1.4008701486314543,-0.04947987000926611,0.012676794296515494
-0.2645393152168457,0.17423715113364774,0.1728280402185532,3.8572867557811743,1.4006807611314638,-0.04957435125926356,0.012821096171509973
-0.26417406521684683,0.17414695738364533,0.17273784646855078,3.857195137031174,1.4010595361314448,-0.04957435125926356,0.012965398046504453
-0.26417406521684683,0.17396656988364007,0.17246640271855035,3.8572257754105523,1.4004913736314737,-0.04957435125926356,0.012772995546511814
-0.26426537771684633,0.17423715113364774,0.1728280402185532,3.8572867557811743,1.4004913736314737,-0.049763313759258895,0.012628693671517335
-0.2645393152168457,0.17396656988364007,0.17237534646855518,3.8569815575399304,1.4007754548814593,-0.04947987000926611,0.012869196796508133
-0.2644480027168462,0.17396656988364007,0.17246640271855035,3.8572257754105523,1.4004913736314737,-0.04966883250926145,0.012772995546511814
-0.26435669021684627,0.17405676363364248,0.17264765271854793,3.8573783745311747,1.4004913736314737,-0.04966883250926145,0.012676794296515494
-0.2644480027168462,0.17423715113364774,0.17291909646854836,3.857256117401796,1.4010595361314448,-0.04929090750927077,0.012821096171509973
-0.26417406521684683,0.17414695738364533,0.17291995896854112,3.8572254790224174,1.4007754548814593,-0.04947987000926611,0.012772995546511814
-0.26417406521684683,0.1738763761336372,0.1723762089685475,3.857042537910552,1.4008701486314543,-0.04910194500927588,0.012965398046504453
-0.26435669021684627,0.17414695738364533,0.17273784646855078,3.857195137031174,1.4008701486314543,-0.04957435125926356,0.012772995546511814
-0.26435669021684627,0.1738763761336372,0.17228515271855233,3.8570731762899304,1.4010595361314448,-0.04929090750927077,0.012821096171509973
-0.26435669021684627,0.17396656988364007,0.17237534646855518,3.85688993878993,1.4004913736314737,-0.04957435125926356,0.012821096171509973
-0.26399144021684695,0.17405676363364248,0.17255659646855276,3.8569509191605515,1.4004913736314737,-0.04966883250926145,0.012580593046519175
-0.2644480027168462,0.17423715113364774,0.17273698396855802,3.857134156660552,1.4008701486314543,-0.04929090750927077,0.012869196796508133
-0.2644480027168462,0.17405676363364248,0.17255659646855276,3.8574090129105527,1.4010595361314448,-0.04929090750927077,0.012965398046504453
-0.2640827527168469,0.17423715113364774,0.1728280402185532,3.857103518281174,1.4003966798814782,-0.04995227625925379,0.012532492421521015
-0.26435669021684627,0.17414695738364533,0.17273784646855078,3.856920280781173,1.40115422988144,-0.049196426259273326,0.012917297421506293
-0.26435669021684627,0.17414695738364533,0.17273784646855078,3.856920280781173,1.4003019861314832,-0.05023572000924657,0.012436291171524696
-0.2645393152168457,0.17405676363364248,0.17264765271854793,3.8570118995311735,1.4005860673814687,-0.04957435125926356,0.012772995546511814
-0.26435669021684627,0.17405676363364248,0.17255659646855276,3.857042537910552,1.4007754548814593,-0.04929090750927077,0.012821096171509973
-0.26435669021684627,0.17414695738364533,0.1726467902185556,3.857134156660552,1.40115422988144,-0.049196426259273326,0.012772995546511814
-0.2644480027168462,0.17423715113364774,0.1728543384995978,3.8570118995311735,1.4005860673814687,-0.04947987000926611,0.012821096171509973
-0.26435669021684627,0.17405676363364248,0.1724918384996022,3.8570731762899304,1.4005860673814687,-0.04957435125926356,0.012821096171509973
-0.2645393152168457,0.17405676363364248,0.17258289474959737,3.857134156660552,1.4007754548814593,-0.04929090750927077,0.012821096171509973
-0.2645393152168457,0.17405676363364248,0.17267395099959254,3.857195137031174,1.4007754548814593,-0.04929090750927077,0.012821096171509973
-0.26435669021684627,0.17432734488365015,0.17303558849959538,3.857164498651796,1.4004913736314737,-0.04966883250926145,0.012821096171509973
-0.26435669021684627,0.17414695738364533,0.1727641447495954,3.856920280781173,1.4008701486314543,-0.04957435125926356,0.012869196796508133
-0.2645393152168457,0.174417538633653,0.17312578224959824,3.857256117401796,1.4007754548814593,-0.04947987000926611,0.012821096171509973
-0.26417406521684683,0.17405676363364248,0.17258289474959737,3.8569509191605515,1.4010595361314448,-0.049196426259273326,0.012869196796508133
-0.2644480027168462,0.17396656988364007,0.17249270099959496,3.857134156660552,1.4005860673814687,-0.04947987000926611,0.012676794296515494
-0.26435669021684627,0.17414695738364533,0.17267308849960022,3.857042537910552,1.40115422988144,-0.04900746375927843,0.013013498671502612
-0.26435669021684627,0.17414695738364533,0.17249097599960989,3.8569205771693085,1.4006807611314638,-0.04929090750927077,0.012821096171509973
-0.26435669021684627,0.17396656988364007,0.1724016447495998,3.8570731762899304,1.4007754548814593,-0.04947987000926611,0.012869196796508133
-0.26435669021684627,0.17414695738364533,0.1727641447495954,3.857195137031174,1.4006807611314638,-0.04929090750927077,0.012772995546511814
-0.26463062771684565,0.17414695738364533,0.1727641447495954,3.856920280781173,1.4008701486314543,-0.04957435125926356,0.012821096171509973
-0.2644480027168462,0.17417844888979597,0.17267308849960022,3.857134156660552,1.4004913736314737,-0.04995227625925379,0.012580593046519175
-0.26417406521684683,0.17417844888979597,0.1730373134995809,3.857194840643039,1.4006807611314638,-0.04929090750927077,0.012821096171509973
-0.26435669021684627,0.17411974664594376,0.1727650072495877,3.857256117401796,1.4005860673814687,-0.04929090750927077,0.012772995546511814
-0.26463062771684565,0.17411974664594376,0.17240078224960703,3.8570121959193084,1.4009648423814498,-0.04947987000926611,0.012772995546511814
-0.2644480027168462,0.17411974664594376,0.17260919303064198,3.857134156660552,1.4003966798814782,-0.04966883250926145,0.012676794296515494
-0.26399144021684695,0.17411974664594376,0.17270024928063715,3.856828662031173,1.4005860673814687,-0.04929090750927077,0.012772995546511814
-0.2640827527168469,0.17439032789595144,0.17306188678064,3.857256117401796,1.4010595361314448,-0.04891298250928054,0.012772995546511814
-0.2645393152168457,0.17430013414594903,0.17278958053064725,3.8572257754105523,1.4004913736314737,-0.04957435125926356,0.012676794296515494
-0.2645393152168457,0.1738491653959361,0.1723386117806343,3.8569509191605515,1.4008701486314543,-0.04947987000926611,0.012772995546511814
-0.26417406521684683,0.17411974664594376,0.17270024928063715,3.856828662031173,1.4004913736314737,-0.04966883250926145,0.012772995546511814
-0.26435669021684627,0.17411974664594376,0.17270024928063715,3.857195137031174,1.4004913736314737,-0.04947987000926611,0.012676794296515494
-0.26417406521684683,0.17411974664594376,0.1728823617806275,3.857133860272417,1.4007754548814593,-0.04947987000926611,0.012869196796508133
-0.26426537771684633,0.17420994039594662,0.1725172742806545,3.8571954334193093,1.4008701486314543,-0.049385388759268664,0.012869196796508133
-0.2640827527168469,0.17420994039594662,0.17269938678064484,3.8572257754105523,1.4007754548814593,-0.04929090750927077,0.012869196796508133
-0.26417406521684683,0.17402955289594135,0.17261005553063474,3.8572867557811743,1.4005860673814687,-0.04957435125926356,0.012628693671517335
-0.26435669021684627,0.17411974664594376,0.17270024928063715,3.857195137031174,1.4007754548814593,-0.04947987000926611,0.012869196796508133
-0.26417406521684683,0.17411974664594376,0.17242708053065164,3.857103814669309,1.4007754548814593,-0.04966883250926145,0.012869196796508133
-0.26426537771684633,0.17408825513979312,0.1728823617806275,3.857408716522418,1.4009648423814498,-0.04891298250928054,0.013157800546497313
-0.26435669021684627,0.17417844888979597,0.17279044303064,3.8572526917215155,1.4006807611314638,-0.049385388759268664,0.012821096171509973
-0.26435669021684627,0.1739980613897907,0.17261005553063474,3.8573443104715155,1.4010595361314448,-0.049385388759268664,0.012869196796508133
-0.2640827527168469,0.1739980613897907,0.1724279430306444,3.857222349730272,1.4007754548814593,-0.04985779500925634,0.012676794296515494
-0.26417406521684683,0.1743588363898008,0.17306188678064,3.857222053342137,1.4010595361314448,-0.04947987000926611,0.012869196796508133
-0.26426537771684633,0.17408825513979312,0.17260919303064198,3.8572833301008935,1.4006807611314638,-0.049385388759268664,0.012965398046504453
-0.26435669021684627,0.17408825513979312,0.17242708053065164,3.85716136935965,1.4008701486314543,-0.04957435125926356,0.012772995546511814
-0.26435669021684627,0.17408825513979312,0.17279130553063232,3.857222053342137,1.4007754548814593,-0.04957435125926356,0.012724894921513654
-0.26426537771684633,0.17408825513979312,0.17260919303064198,3.8571917113508936,1.4007754548814593,-0.04929090750927077,0.012917297421506293
-0.26435669021684627,0.17408825513979312,0.17242708053065164,3.85706975060965,1.4005860673814687,-0.04966883250926145,0.012869196796508133
-0.26417406521684683,0.17417844888979597,0.17279044303064,3.8572526917215155,1.4005860673814687,-0.04947987000926611,0.012772995546511814
-0.26426537771684633,0.17408825513979312,0.17279130553063232,3.8574052908421375,1.40115422988144,-0.04891298250928054,0.013109699921499154
-0.26417406521684683,0.17408825513979312,0.17260919303064198,3.8572833301008935,1.4008701486314543,-0.049196426259273326,0.012869196796508133
-0.26435669021684627,0.17408825513979312,0.17270024928063715,3.8573443104715155,1.4007754548814593,-0.049385388759268664,0.012772995546511814
-0.26417406521684683,0.17390786763978786,0.17233774928064155,3.857405587230273,1.4009648423814498,-0.049385388759268664,0.012917297421506293
-0.2645393152168457,0.17381767388978545,0.17188333053065802,3.8571616657477854,1.4006807611314638,-0.04966883250926145,0.012821096171509973
-0.26417406521684683,0.17417844888979597,0.17269938678064484,3.8572833301008935,1.4007754548814593,-0.049385388759268664,0.012917297421506293
-0.26435669021684627,0.17390786763978786,0.17261091803062706,3.8574052908421375,1.4007754548814593,-0.049385388759268664,0.012821096171509973
-0.2644480027168462,0.1739980613897907,0.17231058849960462,3.8569781318596497,1.401533004881421,-0.04872402000928565,0.013109699921499154
-0.2640827527168469,0.17417844888979597,0.17267308849960022,3.8570084738508927,1.4008701486314543,-0.04947987000926611,0.012821096171509973
-0.26435669021684627,0.17417844888979597,0.1727641447495954,3.857161072971515,1.4005860673814687,-0.04985779500925634,0.012436291171524696
-0.26426537771684633,0.1739980613897907,0.1724016447495998,3.857222349730272,1.4007754548814593,-0.049385388759268664,0.012869196796508133
-0.26435669021684627,0.1739980613897907,0.1726748134995853,3.857496909592138,1.4008701486314543,-0.04947987000926611,0.012869196796508133
-0.26417406521684683,0.17408825513979312,0.17258289474959737,3.857100092600893,1.4010595361314448,-0.04929090750927077,0.012869196796508133
-0.26399144021684695,0.1739980613897907,0.1726748134995853,3.8574052908421375,1.4007754548814593,-0.04947987000926611,0.012772995546511814
-0.26417406521684683,0.17408825513979312,0.17267395099959254,3.8573443104715155,1.4005860673814687,-0.04929090750927077,0.012772995546511814
-0.26435669021684627,0.17408825513979312,0.17258289474959737,3.8572833301008935,1.4013436173814304,-0.04891298250928054,0.013157800546497313
-0.26426537771684633,0.1739980613897907,0.17249270099959496,3.857374948850894,1.4009648423814498,-0.049196426259273326,0.013013498671502612
-0.26417406521684683,0.17408825513979312,0.17267395099959254,3.8573443104715155,1.4009648423814498,-0.049196426259273326,0.012772995546511814
-0.2644480027168462,0.17408825513979312,0.1727650072495877,3.857222053342137,1.4003019861314832,-0.04985779500925634,0.012580593046519175
-0.26435669021684627,0.17408825513979312,0.17258289474959737,3.8575581863508943,1.4008701486314543,-0.04947987000926611,0.012821096171509973
-0.2645393152168457,0.17408825513979312,0.17258289474959737,3.8574665676008943,1.4008701486314543,-0.04947987000926611,0.012869196796508133
-0.26417406521684683,0.1743588363898008,0.17321770099958572,3.8576188703333814,1.4009648423814498,-0.04957435125926356,0.012772995546511814
-0.26435669021684627,0.1739980613897907,0.17258375724959013,3.857435929221516,1.4005860673814687,-0.04957435125926356,0.012772995546511814
-0.2645393152168457,0.17423715113364774,0.17276328224960263,3.8569168551008928,1.4006807611314638,-0.04957435125926356,0.012869196796508133
-0.18575428388197773,0.2265355695079012,0.2596677555024575,3.8802268469353813,1.8274255639016763,0.0806572755060374,0.3671810983701771
-0.18584559638197723,0.22635518200789595,0.25957842425244787,3.8805626835560045,1.8278043389016574,0.08056279425603996,0.3672772996201734
-0.18577905594201236,0.22626498825789354,0.25948823050244546,3.8806543023060045,1.8274255639016763,0.08056279425603996,0.3671329977451787
-0.18587036844201185,0.22662576325790407,0.2597579492524604,3.880593321935382,1.8272361764016858,0.0806572755060374,0.3671329977451787
-0.18577905594201236,0.22635518200789595,0.2597605367524382,3.880684644297248,1.8272361764016858,0.08056279425603996,0.36708489712018055
-0.18568774344201242,0.22626498825789354,0.2593061180024547,3.8804407228147606,1.8273308701516813,0.08046831300604207,0.3671810983701771
-0.18580382800204698,0.2265355695079012,0.25975881175245313,3.8805626835560045,1.8276149514016669,0.0806572755060374,0.36722919899517525
-0.18589514050204647,0.22635518200789595,0.2593963117524571,3.8805323415647606,1.8278043389016574,0.0806572755060374,0.3672772996201734
-0.18571251550204704,0.2265355695079012,0.25975881175245313,3.8806543023060045,1.827709645151662,0.0806572755060374,0.36722919899517525
-0.18571251550204704,0.22635518200789595,0.25966948050244304,3.880715282676626,1.8278990326516524,0.08103520050602764,0.3672772996201734
-0.18589514050204647,0.22635518200789595,0.25948736800245226,3.880501703185382,1.828183113901638,0.0806572755060374,0.3673254002451716
-0.18607776550204636,0.2264453757578988,0.25948650550245994,3.880623960314761,1.8278043389016574,0.0808462380060323,0.36722919899517525
-0.18589514050204647,0.22635518200789595,0.25957842425244787,3.8806543023060045,1.8276149514016669,0.08056279425603996,0.3671810983701771
-0.18589514050204647,0.22617479450789113,0.25939803675244305,3.8805626835560045,1.827709645151662,0.08056279425603996,0.36722919899517525
-0.18580382800204698,0.2264453757578988,0.25948650550245994,3.8804407228147606,1.8275202576516718,0.08046831300604207,0.3671329977451787
-0.18589514050204647,0.2265355695079012,0.2596677555024575,3.880593321935382,1.828183113901638,0.08075175675603485,0.3673254002451716
-0.18571251550204704,0.2265355695079012,0.2599409242524435,3.8805930255472476,1.8278990326516524,0.0808462380060323,0.36737350087016973
-0.18598645300204641,0.22632369050174528,0.25957842425244787,3.880471064806004,1.827709645151662,0.08094071925603019,0.3673254002451716
-0.18564597506208214,0.22623349675174287,0.25939717425244985,3.880593321935382,1.828183113901638,0.08103520050602764,0.36737350087016973
-0.18591991256208107,0.22623349675174287,0.2592150617524595,3.8804713611941386,1.8276149514016669,0.0806572755060374,0.36737350087016973
-0.18582860006208157,0.22638239274559746,0.2595775617524551,3.8804100844353817,1.8274255639016763,0.08056279425603996,0.3672772996201734
-0.18591991256208107,0.22638239274559746,0.25985073050244106,3.8805930255472476,1.8274255639016763,0.08046831300604207,0.3671329977451787
-0.18582860006208157,0.2262921989955946,0.25966948050244304,3.8805320451766256,1.8274255639016763,0.08046831300604207,0.3671329977451787
-0.186011225062081,0.2262020052455922,0.2593061180024547,3.8804407228147606,1.827709645151662,0.0806572755060374,0.3673254002451716
-0.18564597506208214,0.22647258649559987,0.2599409242524435,3.8808678817972484,1.827709645151662,0.08046831300604207,0.3671810983701771
-0.18591991256208107,0.22638239274559746,0.2595775617524551,3.8806849406853825,1.8275202576516718,0.08056279425603996,0.36708489712018055
-0.18582860006208157,0.22647258649559987,0.25975881175245313,3.8806543023060045,1.8273308701516813,0.08046831300604207,0.3673254002451716
-0.18591991256208107,0.2262921989955946,0.25957842425244787,3.880471064806004,1.8272361764016858,0.08046831300604207,0.3669405952451861
-0.18582860006208157,0.2262921989955946,0.25948736800245226,3.8804100844353817,1.828183113901638,0.08056279425603996,0.3672772996201734
-0.18582860006208157,0.22647258649559987,0.25975881175245313,3.8806543023060045,1.827709645151662,0.08075175675603485,0.3672772996201734
-0.18582860006208157,0.22647258649559987,0.2598498680024483,3.880623663926626,1.827709645151662,0.0806572755060374,0.36722919899517525
-0.18582860006208157,0.22638239274559746,0.2595775617524551,3.8804100844353817,1.8278043389016574,0.0806572755060374,0.36722919899517525
-0.18573728756208163,0.22656278024560272,0.25994006175245116,3.8808069014266264,1.8278043389016574,0.08046831300604207,0.3671810983701771
-0.186011225062081,0.2262921989955946,0.2593963117524571,3.88034910406476,1.828183113901638,0.0808462380060323,0.3672772996201734
-0.18582860006208157,0.22638239274559746,0.25948650550245994,3.8805323415647606,1.8275202576516718,0.0806572755060374,0.36737350087016973
-0.186011225062081,0.2262921989955946,0.2597605367524382,3.8805930255472476,1.8275202576516718,0.08046831300604207,0.3671810983701771
-0.186011225062081,0.2262921989955946,0.2593963117524571,3.8805323415647606,1.8276149514016669,0.08046831300604207,0.36722919899517525
-0.18610253756208095,0.22602161774558693,0.2591257305024494,3.880623960314761,1.8278990326516524,0.08027935050604718,0.36722919899517525
-0.18591991256208107,0.22638239274559746,0.25948650550245994,3.8805323415647606,1.828183113901638,0.08094071925603019,0.3673254002451716
-0.18573728756208163,0.22638239274559746,0.2595775617524551,3.8804100844353817,1.827709645151662,0.0806572755060374,0.3671810983701771
-0.18582860006208157,0.22638239274559746,0.2596686180024507,3.8805626835560045,1.8279937264016475,0.08056279425603996,0.3672772996201734
-0.18610253756208095,0.2262020052455922,0.2592150617524595,3.8804713611941386,1.8274255639016763,0.08009038800605184,0.36708489712018055
-0.18564597506208214,0.22638239274559746,0.25985073050244106,3.880776263047248,1.8275202576516718,0.08046831300604207,0.3671329977451787
-0.18573728756208163,0.22647258649559987,0.25975881175245313,3.8805626835560045,1.8278990326516524,0.0806572755060374,0.3672772996201734
-0.18610253756208095,0.22638239274559746,0.2595775617524551,3.8806849406853825,1.827709645151662,0.08046831300604207,0.3673254002451716
-0.18573728756208163,0.22647258649559987,0.25975881175245313,3.8805626835560045,1.8278043389016574,0.08056279425603996,0.3672772996201734
-0.18591991256208107,0.22647258649559987,0.25975881175245313,3.8805626835560045,1.8278043389016574,0.08046831300604207,0.36708489712018055
-0.18610253756208095,0.22638239274559746,0.2596686180024507,3.880745921056005,1.8279937264016475,0.08056279425603996,0.36722919899517525
-0.18582860006208157,0.2262921989955946,0.25957842425244787,3.8806543023060045,1.828183113901638,0.08103520050602764,0.36737350087016973
-0.18591991256208107,0.22656278024560272,0.2596668930024652,3.8805323415647606,1.8274255639016763,0.08046831300604207,0.3671329977451787
-0.18591991256208107,0.22638239274559746,0.2596686180024507,3.8806543023060045,1.8276149514016669,0.08046831300604207,0.3673254002451716
-0.18573728756208163,0.22638239274559746,0.25948650550245994,3.880623960314761,1.828183113901638,0.0808462380060323,0.36737350087016973
-0.18610253756208095,0.2262020052455922,0.2593061180024547,3.8804407228147606,1.8276149514016669,0.08056279425603996,0.3670367964951824
-0.186011225062081,0.2262921989955946,0.25948736800245226,3.8806849406853825,1.8278043389016574,0.0808462380060323,0.3672772996201734
-0.18582860006208157,0.22638239274559746,0.2596686180024507,3.8805626835560045,1.8273308701516813,0.08056279425603996,0.3671810983701771
-0.18582860006208157,0.22638239274559746,0.2595775617524551,3.8806849406853825,1.8278043389016574,0.0808462380060323,0.3673254002451716
-0.18582860006208157,0.22656278024560272,0.2597579492524604,3.880501703185382,1.8276149514016669,0.08046831300604207,0.36708489712018055
-0.186011225062081,0.2262921989955946,0.25948736800245226,3.880501703185382,1.828088420151643,0.0806572755060374,0.3674216014951679
-0.18582860006208157,0.22656278024560272,0.259849005502456,3.8805626835560045,1.828183113901638,0.08056279425603996,0.3672772996201734
-0.18591991256208107,0.22638239274559746,0.2595775617524551,3.8806849406853825,1.8278043389016574,0.08056279425603996,0.3672772996201734
-0.186011225062081,0.2262921989955946,0.25951366628349687,3.8804100844353817,1.8275202576516718,0.08046831300604207,0.3671810983701771
-0.18582860006208157,0.2262921989955946,0.2594226100335017,3.8807155790647614,1.8278043389016574,0.0806572755060374,0.36708489712018055
-0.18573728756208163,0.22641388425174813,0.2598770287834857,3.8805930255472476,1.827709645151662,0.08056279425603996,0.3673254002451716
-0.18610253756208095,0.22650407800175054,0.25969405378350213,3.8806849406853825,1.8278043389016574,0.0808462380060323,0.36722919899517525
-0.18591991256208107,0.22635518200789595,0.25933155378350653,3.8804713611941386,1.8275202576516718,0.08056279425603996,0.3671810983701771
-0.18573728756208163,0.2265355695079012,0.25969405378350213,3.880593321935382,1.8274255639016763,0.08018486925604973,0.36698869587018423
-0.18582860006208157,0.22635518200789595,0.259877891283478,3.88092886216787,1.8276149514016669,0.08056279425603996,0.36722919899517525
-0.186011225062081,0.22626498825789354,0.25942347253349446,3.880593321935382,1.828183113901638,0.0806572755060374,0.3672772996201734
-0.186011225062081,0.22635518200789595,0.25951366628349687,3.880776559435383,1.8278043389016574,0.0808462380060323,0.3672772996201734
-0.18591991256208107,0.2264453757578988,0.2598770287834857,3.880776263047248,1.828183113901638,0.08056279425603996,0.3672772996201734
-0.18582860006208157,0.2264453757578988,0.25951280378350455,3.88034910406476,1.827709645151662,0.08046831300604207,0.3671810983701771
-0.18619385006208045,0.22662576325790407,0.2596931912835098,3.8805323415647606,1.8276149514016669,0.08046831300604207,0.36722919899517525
-0.18573728756208163,0.2264453757578988,0.25969491628349534,3.8805626835560045,1.8278043389016574,0.08046831300604207,0.36722919899517525
-0.18610253756208095,0.22635518200789595,0.2596047225334925,3.8809291585560053,1.8278043389016574,0.0806572755060374,0.36737350087016973
-0.18573728756208163,0.2264453757578988,0.2596038600334997,3.8804100844353817,1.827709645151662,0.0808462380060323,0.3672772996201734
-0.18591991256208107,0.2265355695079012,0.2598761662834929,3.8804404264266252,1.827709645151662,0.0808462380060323,0.3673254002451716
-0.18591991256208107,0.2264453757578988,0.25951280378350455,3.880623960314761,1.8278043389016574,0.08046831300604207,0.3671329977451787
-0.18591991256208107,0.22671595700790648,0.26014761003349335,3.880501406797247,1.828183113901638,0.0808462380060323,0.36737350087016973
-0.18582860006208157,0.22635518200789595,0.25951366628349687,3.8804100844353817,1.8279937264016475,0.0808462380060323,0.3672772996201734
-0.18591991256208107,0.22626498825789354,0.2593061180024547,3.880623960314761,1.8274255639016763,0.08018486925604973,0.36698869587018423
-0.18582860006208157,0.22626498825789354,0.2593061180024547,3.8808071978147614,1.8276149514016669,0.08046831300604207,0.36722919899517525
-0.186011225062081,0.2260531092517376,0.2593078430024402,3.8805626835560045,1.8278990326516524,0.08103520050602764,0.3673254002451716
-0.18591991256208107,0.22632369050174528,0.2593963117524571,3.8805323415647606,1.828183113901638,0.08027935050604718,0.36722919899517525
-0.18591991256208107,0.22641388425174813,0.2596686180024507,3.8806543023060045,1.828183113901638,0.0808462380060323,0.3672772996201734
-0.18582860006208157,0.2262921989955946,0.2593052555024619,3.8803797424441386,1.8279937264016475,0.08046831300604207,0.3672772996201734
-0.18573728756208163,0.22647258649559987,0.2596677555024575,3.880593321935382,1.8274255639016763,0.08046831300604207,0.36708489712018055
-0.186011225062081,0.2262921989955946,0.25948736800245226,3.8806849406853825,1.8274255639016763,0.08046831300604207,0.36708489712018055
-0.18610253756208095,0.22638239274559746,0.2596686180024507,3.880745921056005,1.828183113901638,0.08094071925603019,0.36737350087016973
-0.18564597506208214,0.2262921989955946,0.25948736800245226,3.880593321935382,1.8278043389016574,0.08056279425603996,0.3671810983701771
-0.18582860006208157,0.22638239274559746,0.2595775617524551,3.8804100844353817,1.8278043389016574,0.08075175675603485,0.36722919899517525
-0.18582860006208157,0.22638239274559746,0.2597596742524459,3.880715282676626,1.8278043389016574,0.0806572755060374,0.3673254002451716
-0.18573728756208163,0.2262921989955946,0.2593963117524571,3.88034910406476,1.827709645151662,0.08046831300604207,0.3671810983701771
-0.18591991256208107,0.22638239274559746,0.25948650550245994,3.880623960314761,1.827709645151662,0.08056279425603996,0.36722919899517525
-0.18582860006208157,0.2262921989955946,0.2593963117524571,3.8807155790647614,1.8276149514016669,0.08056279425603996,0.3672772996201734
-0.18610253756208095,0.2262921989955946,0.25957842425244787,3.8805626835560045,1.8275202576516718,0.0806572755060374,0.3672772996201734
-0.18610253756208095,0.22638239274559746,0.2596686180024507,3.8808375398060053,1.8275202576516718,0.08056279425603996,0.36708489712018055
-0.18564597506208214,0.22647258649559987,0.2599409242524435,3.8808678817972484,1.8276149514016669,0.08037383175604462,0.3671810983701771
-0.18591991256208107,0.2262921989955946,0.2597605367524382,3.880959500547249,1.827709645151662,0.08056279425603996,0.3671810983701771
-0.18591991256208107,0.22638239274559746,0.2595775617524551,3.880593321935382,1.8275202576516718,0.08037383175604462,0.3671329977451787
-0.18582860006208157,0.22638239274559746,0.2593043930024696,3.880318762073517,1.828183113901638,0.08075175675603485,0.3672772996201734
-0.18582860006208157,0.2262921989955946,0.25966948050244304,3.880623663926626,1.827709645151662,0.08075175675603485,0.3671810983701771
-0.18591991256208107,0.22656278024560272,0.2600311180024463,3.8805930255472476,1.8278043389016574,0.08037383175604462,0.36737350087016973
-0.18582860006208157,0.22647258649559987,0.26003198050243864,3.88092886216787,1.827709645151662,0.08056279425603996,0.3671329977451787
-0.18582860006208157,0.2262921989955946,0.25957842425244787,3.880745921056005,1.828183113901638,0.0806572755060374,0.3672772996201734
-0.18582860006208157,0.22638239274559746,0.2595775617524551,3.8806849406853825,1.8274255639016763,0.08018486925604973,0.36708489712018055
-0.18582860006208157,0.22638239274559746,0.25948650550245994,3.88034910406476,1.8278990326516524,0.08046831300604207,0.36737350087016973
-0.1859446846221157,0.2262020052455922,0.25948823050244546,3.880745921056005,1.828183113901638,0.0808462380060323,0.36737350087016973
-0.1858533721221162,0.22638239274559746,0.2593043930024696,3.880685237073518,1.8278990326516524,0.08056279425603996,0.36737350087016973
-0.1858533721221162,0.22638239274559746,0.25948650550245994,3.8804407228147606,1.8278043389016574,0.08037383175604462,0.36737350087016973
-0.18603599712211563,0.22638239274559746,0.2596686180024507,3.8806543023060045,1.8278043389016574,0.0806572755060374,0.3672772996201734
-0.1859446846221157,0.22638239274559746,0.2595775617524551,3.8804100844353817,1.8275202576516718,0.08046831300604207,0.3670367964951824
-0.1859446846221157,0.22647258649559987,0.25957669925246235,3.8804407228147606,1.828183113901638,0.08094071925603019,0.36737350087016973
-0.1859446846221157,0.2262921989955946,0.25957842425244787,3.8806543023060045,1.8272361764016858,0.08009038800605184,0.3670367964951824
-0.1859446846221157,0.22638239274559746,0.25939544925246477,3.8806545986941394,1.8278990326516524,0.08046831300604207,0.3672772996201734
-0.18576205962211625,0.2262921989955946,0.2593963117524571,3.88034910406476,1.828183113901638,0.08056279425603996,0.36722919899517525
-0.1858533721221162,0.2262921989955946,0.2593052555024619,3.8802881236941382,1.8278043389016574,0.08046831300604207,0.36722919899517525
-0.18603599712211563,0.2262921989955946,0.2593963117524571,3.8804407228147606,1.827709645151662,0.0808462380060323,0.3672772996201734
-0.18567074712211676,0.2262921989955946,0.2593052555024619,3.880196504944138,1.827709645151662,0.08046831300604207,0.3673254002451716
-0.18567074712211676,0.22647258649559987,0.25975881175245313,3.8806543023060045,1.8278043389016574,0.08027935050604718,0.36708489712018055
-0.18603599712211563,0.22647258649559987,0.25955040097141774,3.8805323415647606,1.8278043389016574,0.0806572755060374,0.3672772996201734
-0.18603599712211563,0.22638239274559746,0.25946020722141533,3.880623960314761,1.8278043389016574,0.08075175675603485,0.3671810983701771
-0.1859446846221157,0.2262921989955946,0.25946106972140764,3.8804100844353817,1.8278043389016574,0.08094071925603019,0.3672772996201734
-0.1858533721221162,0.22638239274559746,0.2595512634714105,3.8803184656853813,1.8278043389016574,0.08075175675603485,0.3672772996201734
-0.18576205962211625,0.22647258649559987,0.2597325134714085,3.8806543023060045,1.8276149514016669,0.08037383175604462,0.3671810983701771
-0.18603599712211563,0.2262020052455922,0.25927981972141007,3.880623960314761,1.8278043389016574,0.0808462380060323,0.36722919899517525
-0.1858533721221162,0.22638239274559746,0.25946020722141533,3.8807155790647614,1.8278043389016574,0.0806572755060374,0.3672772996201734
-0.18603599712211563,0.2262921989955946,0.2593700134714125,3.8807155790647614,1.827709645151662,0.08046831300604207,0.3671810983701771
-0.1859446846221157,0.22647258649559987,0.2596414572214129,3.880593321935382,1.8270467889016957,0.07980694425605905,0.3668924946201879
-0.18603599712211563,0.22638239274559746,0.25946020722141533,3.8808071978147614,1.8276149514016669,0.08056279425603996,0.36722919899517525
-0.1858533721221162,0.22647258649559987,0.2596414572214129,3.8806849406853825,1.8282778076516335,0.08094071925603019,0.36746970212016605
-0.18567074712211676,0.2262921989955946,0.25946106972140764,3.880593321935382,1.8275202576516718,0.0806572755060374,0.3670367964951824
-0.18576205962211625,0.22656278024560272,0.25973165097141576,3.880593321935382,1.828183113901638,0.0808462380060323,0.3673254002451716
-0.18603599712211563,0.22638239274559746,0.2596423197214061,3.8808375398060053,1.8278043389016574,0.08056279425603996,0.3672772996201734
-0.18603599712211563,0.2262921989955946,0.2592789572214173,3.8804713611941386,1.828183113901638,0.0806572755060374,0.3673254002451716
-0.18576205962211625,0.22638239274559746,0.25946020722141533,3.88034910406476,1.828183113901638,0.08103520050602764,0.36737350087016973
-0.18582860006208157,0.22647258649559987,0.2596414572214129,3.880501703185382,1.8275202576516718,0.08046831300604207,0.3671810983701771
-0.18582860006208157,0.2266844655017558,0.25982184472141817,3.880593321935382,1.828183113901638,0.08056279425603996,0.3672772996201734
-0.18582860006208157,0.22650407800175054,0.2597325134714085,3.880745921056005,1.8278043389016574,0.0806572755060374,0.3673254002451716
-0.18573728756208163,0.22635518200789595,0.2593700134714125,3.8805323415647606,1.8278043389016574,0.08046831300604207,0.36722919899517525
-0.18573728756208163,0.22635518200789595,0.2593700134714125,3.8807155790647614,1.827709645151662,0.0806572755060374,0.36722919899517525
-0.18564597506208214,0.2264453757578988,0.2595512634714105,3.8804100844353817,1.8275202576516718,0.08046831300604207,0.3671810983701771
-0.18573728756208163,0.2265355695079012,0.25991462597139886,3.8805930255472476,1.8278043389016574,0.0806572755060374,0.36722919899517525
-0.18573728756208163,0.2265355695079012,0.25955040097141774,3.8805323415647606,1.8278043389016574,0.0806572755060374,0.3673254002451716
-0.18582860006208157,0.2265355695079012,0.2597325134714085,3.880745921056005,1.828183113901638,0.0806572755060374,0.3672772996201734
-0.18573728756208163,0.22662576325790407,0.25973165097141576,3.880593321935382,1.8278990326516524,0.08056279425603996,0.36722919899517525
-0.186011225062081,0.2265355695079012,0.2596414572214129,3.880501703185382,1.8279937264016475,0.08056279425603996,0.36737350087016973
-0.18610253756208095,0.2264453757578988,0.2595512634714105,3.8803184656853813,1.8278043389016574,0.0806572755060374,0.36722919899517525
-0.18582860006208157,0.22626498825789354,0.25946193222140085,3.880745921056005,1.8278043389016574,0.08056279425603996,0.3673254002451716
-0.186011225062081,0.2264453757578988,0.25936915097142016,3.880562979944139,1.8278990326516524,0.08075175675603485,0.3671810983701771
-0.18573728756208163,0.22626498825789354,0.2591887634714149,3.880562979944139,1.827709645151662,0.08046831300604207,0.3671810983701771
-0.18582860006208157,0.22662576325790407,0.25988746519036193,3.8808069014266264,1.8275202576516718,0.08027935050604718,0.36708489712018055
-0.18564597506208214,0.22662576325790407,0.25988746519036193,3.880715282676626,1.8282778076516335,0.08056279425603996,0.36722919899517525
-0.18573728756208163,0.2264453757578988,0.2592517964403804,3.8805019995735175,1.8278043389016574,0.08046831300604207,0.3671329977451787
-0.18582860006208157,0.22626498825789354,0.2591624651903703,3.880562979944139,1.828183113901638,0.0808462380060323,0.3673254002451716
-0.18591991256208107,0.2264453757578988,0.2595249651903659,3.880501703185382,1.828088420151643,0.08056279425603996,0.3671329977451787
-0.186011225062081,0.22626498825789354,0.2591624651903703,3.88083783619414,1.8278043389016574,0.0806572755060374,0.3672772996201734
-0.18573728756208163,0.2264453757578988,0.25970707769035667,3.880623663926626,1.828183113901638,0.0808462380060323,0.36737350087016973
-0.18582860006208157,0.2265942717517534,0.25943218394038564,3.880318762073517,1.828183113901638,0.0808462380060323,0.36722919899517525
-0.18573728756208163,0.22614330300174046,0.2592543839403582,3.880868178185383,1.8278043389016574,0.08056279425603996,0.36722919899517525
-0.186011225062081,0.2265942717517534,0.25979640894036676,3.880745921056005,1.828183113901638,0.08056279425603996,0.3672772996201734
-0.18582860006208157,0.22641388425174813,0.25979813394035184,3.8808678817972484,1.828183113901638,0.0808462380060323,0.3673254002451716
-0.186011225062081,0.22632369050174528,0.25934371519036786,3.8805323415647606,1.8278990326516524,0.08056279425603996,0.36722919899517525
-0.18591991256208107,0.22632369050174528,0.25943477144036303,3.8806849406853825,1.8278990326516524,0.0806572755060374,0.36722919899517525
-0.18591991256208107,0.22650407800175054,0.2596151589403683,3.880593321935382,1.828183113901638,0.08046831300604207,0.3672772996201734
-0.18573728756208163,0.22650407800175054,0.2597062151903639,3.8805626835560045,1.8278990326516524,0.08075175675603485,0.3672772996201734
-0.18582860006208157,0.22650407800175054,0.25943304644037796,3.8804713611941386,1.8279937264016475,0.08037383175604462,0.3672772996201734
-0.18582860006208157,0.22641388425174813,0.25934285269037555,3.8806545986941394,1.8278043389016574,0.08056279425603996,0.3672772996201734
-0.186011225062081,0.22641388425174813,0.2594339089403707,3.880623960314761,1.8278990326516524,0.08027935050604718,0.3671329977451787
-0.18582860006208157,0.22650407800175054,0.2595241026903731,3.8807155790647614,1.827709645151662,0.0808462380060323,0.3672772996201734
-0.18591991256208107,0.22650407800175054,0.2595241026903731,3.8804407228147606,1.827709645151662,0.08046831300604207,0.3671810983701771
-0.18582860006208157,0.22623349675174287,0.25943563394035624,3.8808375398060053,1.8279937264016475,0.08094071925603019,0.3673254002451716
-0.18573728756208163,0.2265942717517534,0.25970535269037115,3.880501703185382,1.8274255639016763,0.08046831300604207,0.3672772996201734
-0.18582860006208157,0.22641388425174813,0.2595249651903659,3.8806849406853825,1.827709645151662,0.0806572755060374,0.36722919899517525
-0.18582860006208157,0.22641388425174813,0.25979813394035184,3.8808678817972484,1.828183113901638,0.0808462380060323,0.36722919899517525
-0.186011225062081,0.22632369050174528,0.25934371519036786,3.8805323415647606,1.828183113901638,0.0808462380060323,0.3673254002451716
-0.186011225062081,0.22632369050174528,0.25934371519036786,3.8804407228147606,1.8276149514016669,0.0808462380060323,0.3672772996201734
-0.18582860006208157,0.22623349675174287,0.2593445776903606,3.8806849406853825,1.8278043389016574,0.08046831300604207,0.3671810983701771
-0.186011225062081,0.22632369050174528,0.25943477144036303,3.880776559435383,1.8273308701516813,0.08027935050604718,0.36708489712018055
-0.186011225062081,0.22650407800175054,0.2596151589403683,3.8804100844353817,1.8279937264016475,0.0806572755060374,0.36722919899517525
-0.18582860006208157,0.22650407800175054,0.2597062151903639,3.8805626835560045,1.8275202576516718,0.08046831300604207,0.3670367964951824
-0.186011225062081,0.22623349675174287,0.25937087597140523,3.880593321935382,1.8278043389016574,0.08056279425603996,0.3671329977451787
-0.186011225062081,0.22641388425174813,0.25982443222139645,3.880776263047248,1.8282778076516335,0.08112968175602508,0.3673254002451716
-0.18591991256208107,0.22641388425174813,0.25948650550245994,3.8805323415647606,1.8275202576516718,0.08094071925603019,0.3673254002451716
-0.18591991256208107,0.22641388425174813,0.2596686180024507,3.8805626835560045,1.8282778076516335,0.0806572755060374,0.3672772996201734
-0.18582860006208157,0.22641388425174813,0.2596686180024507,3.880745921056005,1.8279937264016475,0.08046831300604207,0.3671810983701771
-0.18591991256208107,0.22632369050174528,0.25957842425244787,3.8805626835560045,1.8278043389016574,0.0806572755060374,0.3671810983701771
-0.18610253756208095,0.22632369050174528,0.25994264925242855,3.880989842538492,1.828183113901638,0.08094071925603019,0.3673254002451716
-0.18582860006208157,0.22632369050174528,0.2598515930024334,3.88092886216787,1.8282778076516335,0.08112968175602508,0.36737350087016973
-0.18564597506208214,0.22641388425174813,0.2596686180024507,3.8803794460560037,1.8278043389016574,0.0808462380060323,0.3672772996201734
-0.18591991256208107,0.22623349675174287,0.25939717425244985,3.8806849406853825,1.827709645151662,0.08056279425603996,0.3672772996201734
-0.18564597506208214,0.22641388425174813,0.2597596742524459,3.880623663926626,1.827709645151662,0.0806572755060374,0.3671329977451787
-0.18564597506208214,0.22632369050174528,0.25957842425244787,3.8806543023060045,1.8278043389016574,0.0808462380060323,0.3672772996201734
-0.18573728756208163,0.22650407800175054,0.2599409242524435,3.880776263047248,1.828183113901638,0.08046831300604207,0.36722919899517525
-0.18582860006208157,0.22650407800175054,0.25975881175245313,3.8806543023060045,1.8276149514016669,0.08046831300604207,0.3671810983701771
-0.18573728756208163,0.2265942717517534,0.2596668930024652,3.88034910406476,1.828183113901638,0.0808462380060323,0.36737350087016973
-0.18591991256208107,0.22650407800175054,0.25957669925246235,3.880623960314761,1.828183113901638,0.0806572755060374,0.3673254002451716
-0.18610253756208095,0.22647258649559987,0.2598498680024483,3.8808069014266264,1.827709645151662,0.0806572755060374,0.36722919899517525
-0.18573728756208163,0.22638239274559746,0.25994178675243623,3.8808372434178695,1.8279937264016475,0.0806572755060374,0.3671329977451787
-0.18573728756208163,0.2262020052455922,0.25939717425244985,3.880593321935382,1.828183113901638,0.0806572755060374,0.3671810983701771
-0.18564597506208214,0.22635090123944682,0.2597596742524459,3.880623663926626,1.8278043389016574,0.08056279425603996,0.36722919899517525
-0.18582860006208157,0.22617051373944155,0.25976139925243097,3.8805623871678687,1.828183113901638,0.0808462380060323,0.3672772996201734
-0.18582860006208157,0.22626070748944396,0.25948736800245226,3.880501703185382,1.8282778076516335,0.0808462380060323,0.3672772996201734
-0.186011225062081,0.22617051373944155,0.25939717425244985,3.880776559435383,1.828183113901638,0.08046831300604207,0.3671810983701771
-0.18591991256208107,0.22644109498944923,0.25975881175245313,3.880471064806004,1.8278043389016574,0.0806572755060374,0.3671810983701771
-0.18573728756208163,0.22635090123944682,0.2597596742524459,3.8808069014266264,1.828183113901638,0.08094071925603019,0.3675178027451642
-0.18591991256208107,0.22635090123944682,0.25994178675243623,3.8808372434178695,1.8279937264016475,0.0806572755060374,0.3672772996201734
-0.18573728756208163,0.22644109498944923,0.2596677555024575,3.8804100844353817,1.8276149514016669,0.08037383175604462,0.3671810983701771
-0.18573728756208163,0.22653128873945208,0.2596668930024652,3.8805323415647606,1.8275202576516718,0.08027935050604718,0.3670367964951824
-0.186011225062081,0.22644109498944923,0.2598498680024483,3.880715282676626,1.8278043389016574,0.08037383175604462,0.3671810983701771
-0.18582860006208157,0.22644109498944923,0.25975881175245313,3.880471064806004,1.8282778076516335,0.0808462380060323,0.36737350087016973
-0.18573728756208163,0.22635090123944682,0.2597596742524459,3.8805320451766256,1.8279937264016475,0.08046831300604207,0.36722919899517525
-0.186011225062081,0.22617051373944155,0.2592150617524595,3.8807462174441394,1.828561888901619,0.08122416300602253,0.36761400399516053
-0.18610253756208095,0.22617051373944155,0.25948823050244546,3.880471064806004,1.828183113901638,0.0806572755060374,0.3671329977451787
-0.18564597506208214,0.22626070748944396,0.25957842425244787,3.8806543023060045,1.828183113901638,0.08046831300604207,0.3672772996201734
-0.186011225062081,0.22635090123944682,0.2595775617524551,3.8806849406853825,1.828183113901638,0.08046831300604207,0.36722919899517525
-0.18582860006208157,0.22617051373944155,0.2592150617524595,3.8807462174441394,1.8278043389016574,0.08056279425603996,0.36737350087016973
-0.18582860006208157,0.22626070748944396,0.25957842425244787,3.8805626835560045,1.828183113901638,0.08075175675603485,0.3673254002451716
-0.18573728756208163,0.22647258649559987,0.2596677555024575,3.880593321935382,1.8278043389016574,0.08037383175604462,0.36722919899517525
-0.18582860006208157,0.2262921989955946,0.2593963117524571,3.8805323415647606,1.8278043389016574,0.08056279425603996,0.3671810983701771
-0.18582860006208157,0.22638239274559746,0.2595775617524551,3.880776559435383,1.828183113901638,0.0806572755060374,0.36722919899517525
-0.18582860006208157,0.22638239274559746,0.25939544925246477,3.880562979944139,1.8279937264016475,0.0808462380060323,0.3672772996201734
-0.186011225062081,0.2262921989955946,0.2593963117524571,3.88034910406476,1.828183113901638,0.08056279425603996,0.3671810983701771
-0.18582860006208157,0.22638239274559746,0.2596686180024507,3.880471064806004,1.828183113901638,0.08056279425603996,0.3671329977451787
-0.18619385006208045,0.2262921989955946,0.2593052555024619,3.880562979944139,1.827709645151662,0.08056279425603996,0.3671810983701771
-0.18591991256208107,0.22647258649559987,0.25957669925246235,3.8805323415647606,1.8276149514016669,0.08018486925604973,0.36708489712018055
-0.18591991256208107,0.2262020052455922,0.2596703430024358,3.8804097880472472,1.8278990326516524,0.08094071925603019,0.3673254002451716
-0.18582860006208157,0.2262921989955946,0.25948736800245226,3.8806849406853825,1.8282778076516335,0.08103520050602764,0.36746970212016605
-0.18591991256208107,0.22656278024560272,0.25957583675247003,3.880562979944139,1.8279937264016475,0.08056279425603996,0.36722919899517525
-0.18591991256208107,0.22638239274559746,0.2595775617524551,3.8806849406853825,1.8278043389016574,0.08056279425603996,0.3673254002451716
-0.18582860006208157,0.22656278024560272,0.25994006175245116,3.880715282676626,1.828183113901638,0.0808462380060323,0.3673254002451716
-0.18591991256208107,0.2262921989955946,0.25957842425244787,3.8805626835560045,1.8283725014016285,0.08094071925603019,0.3673254002451716
-0.18582860006208157,0.22656278024560272,0.2596668930024652,3.8807155790647614,1.8278043389016574,0.0808462380060323,0.3672772996201734
-0.18582860006208157,0.22656278024560272,0.2597579492524604,3.8806849406853825,1.827709645151662,0.08046831300604207,0.36722919899517525
-0.18582860006208157,0.22647258649559987,0.25975881175245313,3.880745921056005,1.8276149514016669,0.08056279425603996,0.36722919899517525
-0.18573728756208163,0.22647258649559987,0.25975881175245313,3.8806543023060045,1.828183113901638,0.0806572755060374,0.3672772996201734
-0.18582860006208157,0.22647258649559987,0.25975881175245313,3.8806543023060045,1.8274255639016763,0.07990142550605694,0.3669405952451861
-0.18582860006208157,0.2262020052455922,0.25948823050244546,3.8803794460560037,1.828183113901638,0.08056279425603996,0.3671810983701771
-0.18591991256208107,0.2262020052455922,0.2592150617524595,3.8804713611941386,1.828183113901638,0.08056279425603996,0.3672772996201734
-0.186011225062081,0.2262020052455922,0.2592150617524595,3.8804713611941386,1.8279937264016475,0.0806572755060374,0.3672772996201734
-0.18591991256208107,0.2262020052455922,0.25939717425244985,3.880501703185382,1.828183113901638,0.08056279425603996,0.3672772996201734
-0.186011225062081,0.22647258649559987,0.25975881175245313,3.8803794460560037,1.8278043389016574,0.0806572755060374,0.3672772996201734
-0.186011225062081,0.22638239274559746,0.25948650550245994,3.8805323415647606,1.8279937264016475,0.0808462380060323,0.36722919899517525
-0.18582860006208157,0.22638239274559746,0.25948650550245994,3.8804407228147606,1.8278043389016574,0.08037383175604462,0.36708489712018055
-0.18591991256208107,0.22656278024560272,0.2597579492524604,3.8806849406853825,1.828183113901638,0.0808462380060323,0.36722919899517525
-0.18591991256208107,0.2262921989955946,0.2593963117524571,3.8805323415647606,1.828183113901638,0.0806572755060374,0.3672772996201734
-0.18582860006208157,0.22638239274559746,0.2596686180024507,3.8806543023060045,1.828183113901638,0.0808462380060323,0.3672772996201734
-0.18582860006208157,0.22638239274559746,0.25948650550245994,3.8805323415647606,1.828183113901638,0.0806572755060374,0.3672772996201734
-0.18582860006208157,0.22665297399560513,0.2599391992524584,3.880471064806004,1.8278990326516524,0.0806572755060374,0.3673254002451716
-0.18591991256208107,0.2262921989955946,0.2593963117524571,3.880623960314761,1.8278990326516524,0.0806572755060374,0.3671329977451787
-0.18591991256208107,0.22638239274559746,0.25948650550245994,3.8805323415647606,1.828183113901638,0.0806572755060374,0.36722919899517525
-0.10688571578724836,0.2785906173698486,0.3465739537552984,3.904116893261115,2.253437948854666,0.2124950835212972,0.7073465162039791
-0.1069770282872483,0.2785906173698486,0.3465739537552984,3.904116893261115,2.2527750926046988,0.21230612102130186,0.7072503149539828
-0.10695225622721369,0.278680811119851,0.3468462600052912,3.904147235252358,2.253059173854685,0.21202267727130908,0.707298415578981
-0.10695225622721369,0.2785906173698486,0.3466650100052936,3.904177873631737,2.25315386760468,0.21221163977130442,0.707298415578981
-0.10695225622721369,0.2784102298698433,0.3467577912552743,3.9039027209936012,2.25315386760468,0.21230612102130186,0.707298415578981
-0.10722619372721306,0.2785906173698486,0.34675606625528876,3.904422091502359,2.252869786354694,0.21221163977130442,0.7073465162039791
-0.10706834078724779,0.2785004236198457,0.3466658725052859,3.904055616502358,2.253059173854685,0.2124950835212972,0.7072503149539828
-0.10670309078724892,0.2784102298698433,0.34648462250528833,3.9039946361317366,2.2527750926046988,0.21230612102130186,0.707298415578981
-0.1070018003472829,0.27880249637600446,0.34702751000528964,3.9040249781229797,2.253059173854685,0.2126840460212921,0.707298415578981
-0.10727573784728228,0.27844172137599393,0.34648462250528833,3.9040862548817366,2.2527750926046988,0.21230612102130186,0.7071541137039865
-0.10718442534728234,0.2786221088759992,0.3468471225052844,3.90420821562298,2.25315386760468,0.2124950835212972,0.7072022143289847
-0.1070931128472824,0.2786221088759992,0.34675606625528876,3.9038723790023573,2.2526803988547037,0.21221163977130442,0.7072022143289847
-0.1070931128472824,0.27853191512599634,0.3466658725052859,3.9039639977523577,2.253437948854666,0.21306197102128233,0.7074427174539755
-0.10727573784728228,0.2785004236198457,0.34657481625529074,3.9040862548817366,2.2526803988547037,0.2124950835212972,0.7073465162039791
-0.1070018003472829,0.2785906173698486,0.3468471225052844,3.9039333593729793,2.2529644801046897,0.2124950835212972,0.707298415578981
-0.10745836284728172,0.27832003611984046,0.34648548500528065,3.904055616502358,2.252869786354694,0.21221163977130442,0.7072022143289847
-0.10718442534728234,0.2785004236198457,0.34648376000529557,3.903842037011114,2.253059173854685,0.2124950835212972,0.7072503149539828
-0.1070931128472824,0.2784102298698433,0.34648462250528833,3.9039946361317366,2.25315386760468,0.21221163977130442,0.7072022143289847
-0.10718442534728234,0.27832003611984046,0.34648548500528065,3.904147235252358,2.252869786354694,0.2124950835212972,0.707298415578981
-0.10718442534728234,0.278680811119851,0.3469373162552868,3.9040249781229797,2.25315386760468,0.21258956477129465,0.707298415578981
-0.10718442534728234,0.2785004236198457,0.34657481625529074,3.9039946361317366,2.252869786354694,0.21221163977130442,0.7072503149539828
-0.1070931128472824,0.2784102298698433,0.3466667350052791,3.9040249781229797,2.252869786354694,0.21211715852130653,0.7071060130789883
-0.1070931128472824,0.27837873836369265,0.34648462250528833,3.903903017381736,2.25315386760468,0.2126840460212921,0.7074908180789736
-0.10691048784728296,0.2785591258636979,0.34693817875527955,3.903994339743601,2.2527750926046988,0.21221163977130442,0.7072503149539828
-0.1070931128472824,0.27846893211369506,0.3468479850052767,3.904452433493603,2.253248561354675,0.21258956477129465,0.7073465162039791
-0.10718442534728234,0.27846893211369506,0.34657481625529074,3.9040862548817366,2.2526803988547037,0.21202267727130908,0.7071541137039865
-0.10718442534728234,0.27837873836369265,0.3467577912552743,3.904269195993602,2.253248561354675,0.2124006022712993,0.7073465162039791
-0.10718442534728234,0.27837873836369265,0.3465756787552835,3.904330472752359,2.25315386760468,0.21221163977130442,0.7072503149539828
-0.10675263490731815,0.2785591258636979,0.3468471225052844,3.90420821562298,2.253059173854685,0.2124950835212972,0.707298415578981
-0.10693525990731759,0.2785591258636979,0.3468471225052844,3.9039333593729793,2.2529644801046897,0.21221163977130442,0.7071541137039865
-0.10711788490731702,0.27837873836369265,0.3467577912552743,3.904269195993602,2.2529644801046897,0.21230612102130186,0.7072022143289847
-0.1073005099073169,0.27837873836369265,0.34639356625529316,3.9039336557611146,2.25315386760468,0.21221163977130442,0.7071060130789883
-0.10720919740731696,0.27837873836369265,0.3465756787552835,3.904330472752359,2.252869786354694,0.21230612102130186,0.7073946168289773
-0.10720919740731696,0.27846893211369506,0.3467569287552815,3.9042998343729804,2.253059173854685,0.21230612102130186,0.707298415578981
-0.1073918224073164,0.2786493196137003,0.3469373162552868,3.9042998343729804,2.253532642604661,0.2124950835212972,0.7073465162039791
-0.1073918224073164,0.27846893211369506,0.34657481625529074,3.9040862548817366,2.25315386760468,0.2124950835212972,0.7073465162039791
-0.10720919740731696,0.27837873836369265,0.34648462250528833,3.904177873631737,2.2529644801046897,0.21230612102130186,0.7072022143289847
-0.10705134446735214,0.2785591258636979,0.3470292350052747,3.9042385576142236,2.253059173854685,0.21221163977130442,0.7073465162039791
-0.10714265696735163,0.27837873836369265,0.3467577912552743,3.904269195993602,2.2524910113547136,0.21202267727130908,0.7071060130789883
-0.10714265696735163,0.27837873836369265,0.3465756787552835,3.904055616502358,2.252869786354694,0.21211715852130653,0.7072022143289847
-0.10723396946735157,0.27846893211369506,0.3467569287552815,3.9038417406229793,2.2524910113547136,0.21211715852130653,0.7071060130789883
-0.10750790696735095,0.2781983508636874,0.34639529125527824,3.904147235252358,2.2529644801046897,0.21211715852130653,0.7071541137039865
-0.10714265696735163,0.2785591258636979,0.34693817875527955,3.904452433493603,2.2527750926046988,0.21211715852130653,0.7071060130789883
-0.10714265696735163,0.2785591258636979,0.34675606625528876,3.904055616502358,2.253059173854685,0.21211715852130653,0.707298415578981
-0.10705134446735214,0.2786493196137003,0.3468462600052912,3.9037807602523573,2.253532642604661,0.2124950835212972,0.7073465162039791
-0.10723396946735157,0.27846893211369506,0.34693904125527186,3.904146938864223,2.253532642604661,0.21258956477129465,0.7074427174539755
-0.10723396946735157,0.2785591258636979,0.3471202912552699,3.9042995379848455,2.2527750926046988,0.21230612102130186,0.7072022143289847
-0.10732528196735151,0.27846893211369506,0.3467569287552815,3.90420821562298,2.2527750926046988,0.21221163977130442,0.707298415578981
-0.10732528196735151,0.27837873836369265,0.3467577912552743,3.904544052243603,2.2527750926046988,0.21221163977130442,0.7071541137039865
-0.10714265696735163,0.27846893211369506,0.3466658725052859,3.9042388540023585,2.253627336354656,0.21258956477129465,0.7074427174539755
-0.10732528196735151,0.2782885446136898,0.34666759750527143,3.9043608147436024,2.253059173854685,0.21258956477129465,0.7071541137039865
-0.10705134446735214,0.2785591258636979,0.34693817875527955,3.904269195993602,2.2525857051047087,0.21211715852130653,0.7071060130789883
-0.10714265696735163,0.2785591258636979,0.3470292350052747,3.904421795114224,2.2524910113547136,0.21192819602131163,0.7070579124539902
-0.10714265696735163,0.27846893211369506,0.3468479850052767,3.904269195993602,2.2525857051047087,0.21202267727130908,0.707009811828992
-0.10723396946735157,0.2785591258636979,0.3470292350052747,3.904421795114224,2.2529644801046897,0.2124006022712993,0.7073465162039791
-0.10714265696735163,0.27837873836369265,0.3469399037552646,3.904482775484846,2.25315386760468,0.21221163977130442,0.707298415578981
-0.10705134446735214,0.2785591258636979,0.34693817875527955,3.904452433493603,2.253248561354675,0.21211715852130653,0.7072022143289847
-0.10714265696735163,0.2786493196137003,0.3468462600052912,3.9038723790023573,2.25315386760468,0.21211715852130653,0.707298415578981
-0.10723396946735157,0.27846893211369506,0.3467569287552815,3.9042998343729804,2.252869786354694,0.21230612102130186,0.7071541137039865
-0.10714265696735163,0.27846893211369506,0.3468479850052767,3.904177577243602,2.2527750926046988,0.21202267727130908,0.7072503149539828
-0.10750790696735095,0.27837873836369265,0.3465756787552835,3.9039639977523577,2.253059173854685,0.2124950835212972,0.7072503149539828
-0.1073005099073169,0.27837873836369265,0.34648462250528833,3.904177873631737,2.253248561354675,0.21221163977130442,0.707298415578981
-0.10711788490731702,0.2786493196137003,0.3468462600052912,3.904147235252358,2.252869786354694,0.21230612102130186,0.7071541137039865
-0.10720919740731696,0.27837873836369265,0.34684884750526945,3.9045134138642243,2.253248561354675,0.21258956477129465,0.7073465162039791
-0.1073005099073169,0.278108157113685,0.34639615375527144,3.90411659687298,2.25334325510467,0.21221163977130442,0.7073465162039791
-0.10711788490731702,0.27837873836369265,0.3467577912552743,3.9040859584936016,2.253532642604661,0.21277852727128954,0.7073465162039791
-0.10720919740731696,0.27846893211369506,0.34703009750526703,3.9040246817348447,2.25315386760468,0.21258956477129465,0.707298415578981
-0.10711788490731702,0.2786493196137003,0.3469373162552868,3.9039333593729793,2.25315386760468,0.21230612102130186,0.7072503149539828
-0.1073005099073169,0.2781983508636874,0.34648634750527385,3.9042998343729804,2.25315386760468,0.21221163977130442,0.7072022143289847
-0.10711788490731702,0.27837873836369265,0.3466667350052791,3.9042998343729804,2.2527750926046988,0.21211715852130653,0.7071060130789883
-0.10711788490731702,0.27837873836369265,0.3467577912552743,3.904269195993602,2.253059173854685,0.2124950835212972,0.7072022143289847
-0.10702657240731753,0.27846893211369506,0.3466658725052859,3.9038723790023573,2.25334325510467,0.2124950835212972,0.7073946168289773
-0.10702657240731753,0.27846893211369506,0.3468479850052767,3.9040859584936016,2.253059173854685,0.21211715852130653,0.7071541137039865
-0.10711788490731702,0.27837873836369265,0.3465756787552835,3.904147235252358,2.25315386760468,0.21211715852130653,0.707298415578981
-0.10711788490731702,0.27846893211369506,0.3468479850052767,3.9040859584936016,2.252869786354694,0.21230612102130186,0.7071541137039865
-0.10693525990731759,0.27846893211369506,0.3466658725052859,3.9042388540023585,2.2529644801046897,0.21221163977130442,0.707298415578981
-0.10711788490731702,0.2787395133637032,0.34730067875527515,3.9039330629848443,2.25315386760468,0.2124950835212972,0.707298415578981
-0.1073005099073169,0.27846893211369506,0.3468479850052767,3.904452433493603,2.2527750926046988,0.21211715852130653,0.7070579124539902
-0.10720919740731696,0.27846893211369506,0.3468479850052767,3.904269195993602,2.2525857051047087,0.21221163977130442,0.7071060130789883
-0.10711788490731702,0.27837873836369265,0.34639356625529316,3.9040252745111146,2.2529644801046897,0.21202267727130908,0.7072022143289847
-0.1073005099073169,0.27837873836369265,0.3470309600052598,3.9044521371054675,2.253722030104651,0.21296748977128488,0.7076832205789663
-0.10711788490731702,0.2785591258636979,0.3470292350052747,3.9042385576142236,2.25315386760468,0.21230612102130186,0.7072503149539828
-0.1073005099073169,0.27846893211369506,0.34693904125527186,3.9043301763642235,2.25315386760468,0.2124950835212972,0.7073465162039791
-0.10693525990731759,0.2785591258636979,0.34693817875527955,3.9043608147436024,2.253059173854685,0.21221163977130442,0.7072022143289847
-0.10720919740731696,0.27846893211369506,0.3468479850052767,3.9040859584936016,2.252869786354694,0.2124950835212972,0.7073946168289773
-0.10702657240731753,0.2785591258636979,0.3470292350052747,3.904421795114224,2.253059173854685,0.21211715852130653,0.7072022143289847
-0.10702657240731753,0.27837873836369265,0.3466667350052791,3.90411659687298,2.252869786354694,0.21230612102130186,0.7073946168289773
-0.1073005099073169,0.27837873836369265,0.3466667350052791,3.9042998343729804,2.252869786354694,0.21230612102130186,0.707298415578981
-0.10720919740731696,0.27837873836369265,0.3465756787552835,3.9042388540023585,2.2527750926046988,0.21183371477131419,0.7071060130789883
-0.10693525990731759,0.2785591258636979,0.34693817875527955,3.904269195993602,2.252869786354694,0.2124006022712993,0.7071541137039865
-0.10711788490731702,0.27837873836369265,0.34648462250528833,3.9039946361317366,2.253059173854685,0.21221163977130442,0.7072503149539828
-0.1073005099073169,0.27846893211369506,0.3466658725052859,3.9042388540023585,2.25315386760468,0.2124950835212972,0.707298415578981
-0.10711788490731702,0.27837873836369265,0.34639356625529316,3.904116893261115,2.2529644801046897,0.21230612102130186,0.7072022143289847
-0.10720919740731696,0.2782885446136898,0.34648548500528065,3.904147235252358,2.25315386760468,0.2124006022712993,0.7073465162039791
-0.10711788490731702,0.2787395133637032,0.346936453755294,3.904055616502358,2.252869786354694,0.21258956477129465,0.7072022143289847
-0.1073005099073169,0.2785591258636979,0.34675606625528876,3.904055616502358,2.25315386760468,0.2124950835212972,0.7072503149539828
-0.10711788490731702,0.2786493196137003,0.3469373162552868,3.904391453122981,2.2527750926046988,0.21230612102130186,0.707298415578981
-0.10702657240731753,0.27846893211369506,0.3466658725052859,3.904147235252358,2.252869786354694,0.21221163977130442,0.707298415578981
-0.10720919740731696,0.27837873836369265,0.3469399037552646,3.9043911567348455,2.252869786354694,0.21230612102130186,0.7072503149539828
-0.10720919740731696,0.27846893211369506,0.34657481625529074,3.904177873631737,2.25315386760468,0.2124006022712993,0.7073946168289773
-0.10711788490731702,0.2784374406075444,0.3466658725052859,3.904055616502358,2.25315386760468,0.2124950835212972,0.7071541137039865
-0.10702657240731753,0.278347246857542,0.3467577912552743,3.904269195993602,2.2529644801046897,0.2124950835212972,0.707298415578981
-0.10693525990731759,0.27849614285139657,0.34675606625528876,3.9042388540023585,2.2526803988547037,0.21211715852130653,0.7070579124539902
-0.10711788490731702,0.2784059491013937,0.34648376000529557,3.904116893261115,2.25334325510467,0.21258956477129465,0.7073465162039791
-0.10684394740731809,0.2784059491013937,0.3466658725052859,3.9039639977523577,2.25315386760468,0.2126840460212921,0.7074427174539755
-0.10720919740731696,0.2783157553513913,0.3467577912552743,3.904452433493603,2.2529644801046897,0.21211715852130653,0.7072022143289847
-0.10711788490731702,0.278586336601399,0.3468462600052912,3.9042388540023585,2.253059173854685,0.21230612102130186,0.7072022143289847
-0.10711788490731702,0.2784059491013937,0.3466658725052859,3.904055616502358,2.2527750926046988,0.21221163977130442,0.707298415578981
-0.10711788490731702,0.2784059491013937,0.3467569287552815,3.904391453122981,2.25315386760468,0.2124950835212972,0.7072022143289847
-0.10693525990731759,0.2783157553513913,0.3467577912552743,3.904269195993602,2.252869786354694,0.2124950835212972,0.707298415578981
-0.10702657240731753,0.2784059491013937,0.3468479850052767,3.9043608147436024,2.25315386760468,0.21221163977130442,0.707298415578981
-0.1073005099073169,0.27849614285139657,0.34675606625528876,3.904055616502358,2.2527750926046988,0.21192819602131163,0.707298415578981
-0.10711788490731702,0.2784059491013937,0.34657481625529074,3.9040862548817366,2.2527750926046988,0.21230612102130186,0.707298415578981
-0.10702657240731753,0.2783157553513913,0.34648462250528833,3.9040862548817366,2.252869786354694,0.21211715852130653,0.707298415578981
-0.10711788490731702,0.2784059491013937,0.3467569287552815,3.90420821562298,2.25334325510467,0.2126840460212921,0.7073946168289773
-0.10711788490731702,0.2784059491013937,0.34657481625529074,3.9044527298817377,2.252869786354694,0.21211715852130653,0.7071060130789883
-0.10702657240731753,0.2783157553513913,0.3467577912552743,3.904269195993602,2.25315386760468,0.2124950835212972,0.707298415578981
-0.10702657240731753,0.2784374406075444,0.3467569287552815,3.90420821562298,2.253059173854685,0.2124950835212972,0.7071541137039865
-0.10720919740731696,0.27852763435754724,0.34693817875527955,3.904452433493603,2.25315386760468,0.21230612102130186,0.7072503149539828
-0.10702657240731753,0.27861782810754965,0.3471194287552771,3.9042385576142236,2.25315386760468,0.21230612102130186,0.707298415578981
-0.10711788490731702,0.278347246857542,0.34648462250528833,3.9040862548817366,2.25334325510467,0.2124950835212972,0.7072022143289847
-0.10711788490731702,0.278347246857542,0.3465756787552835,3.9039639977523577,2.25315386760468,0.21230612102130186,0.7072022143289847
-0.10675263490731815,0.27852763435754724,0.3471202912552699,3.9043911567348455,2.253059173854685,0.21221163977130442,0.707298415578981
-0.10702657240731753,0.27861782810754965,0.34702837250528196,3.904269195993602,2.253059173854685,0.21202267727130908,0.707298415578981
-0.10693525990731759,0.2784374406075444,0.34693904125527186,3.9039637013642228,2.2523963176047177,0.2117392335213163,0.7069617112039939
-0.10718442534728234,0.2784374406075444,0.3467569287552815,3.90411659687298,2.253059173854685,0.21202267727130908,0.7071060130789883
-0.10718442534728234,0.27852763435754724,0.3466650100052936,3.9040862548817366,2.253059173854685,0.2124006022712993,0.7072022143289847
-0.1070018003472829,0.27852763435754724,0.34693817875527955,3.9040859584936016,2.253059173854685,0.2124950835212972,0.707298415578981
-0.1070931128472824,0.278347246857542,0.34648462250528833,3.903903017381736,2.252869786354694,0.21230612102130186,0.7071541137039865
-0.1070931128472824,0.27861782810754965,0.3471194287552771,3.9042385576142236,2.2529644801046897,0.21230612102130186,0.7073465162039791
-0.1070018003472829,0.278347246857542,0.3465756787552835,3.904147235252358,2.25315386760468,0.21211715852130653,0.707298415578981
-0.10718442534728234,0.27852763435754724,0.34675606625528876,3.9039639977523577,2.25315386760468,0.21230612102130186,0.7071541137039865
-0.1070931128472824,0.278347246857542,0.3467577912552743,3.904544052243603,2.252869786354694,0.21211715852130653,0.7072022143289847
-0.1070931128472824,0.2784374406075444,0.3468479850052767,3.9043608147436024,2.253248561354675,0.21221163977130442,0.7073465162039791
-0.10727573784728228,0.2784374406075444,0.34693904125527186,3.9043301763642235,2.25315386760468,0.21230612102130186,0.7071541137039865
-0.10718442534728234,0.2784374406075444,0.3467569287552815,3.9042998343729804,2.253059173854685,0.21221163977130442,0.7073946168289773
-0.1070931128472824,0.27861782810754965,0.34702837250528196,3.904544052243603,2.25334325510467,0.21230612102130186,0.7072503149539828
-0.1070931128472824,0.27852763435754724,0.34675606625528876,3.9042388540023585,2.25315386760468,0.21221163977130442,0.707298415578981
-0.1070018003472829,0.27852763435754724,0.34693817875527955,3.904269195993602,2.25315386760468,0.2124950835212972,0.707298415578981
-0.1070931128472824,0.2787080218575525,0.346936453755294,3.904147235252358,2.2527750926046988,0.21221163977130442,0.7071541137039865
-0.10718442534728234,0.2784374406075444,0.3466658725052859,3.904422091502359,2.2527750926046988,0.21230612102130186,0.707298415578981
-0.1070931128472824,0.278347246857542,0.34684884750526945,3.9043301763642235,2.253059173854685,0.2124950835212972,0.7073465162039791
-0.1070931128472824,0.27861782810754965,0.3471194287552771,3.904146938864223,2.252869786354694,0.21192819602131163,0.7071060130789883
-0.1070018003472829,0.27852763435754724,0.34693817875527955,3.904269195993602,2.25315386760468,0.2126840460212921,0.707298415578981
-0.1069770282872483,0.2784374406075444,0.3468479850052767,3.904269195993602,2.253248561354675,0.21287300852128743,0.7074908180789736
-0.10725096578724767,0.278347246857542,0.3466667350052791,3.904391453122981,2.253059173854685,0.2124950835212972,0.7073465162039791
-0.10706834078724779,0.27852763435754724,0.34660025203634304,3.904116893261115,2.253059173854685,0.21221163977130442,0.7072022143289847
-0.1069770282872483,0.27852763435754724,0.3467823645363334,3.904330472752359,2.253059173854685,0.2124950835212972,0.7072503149539828
-0.1069770282872483,0.2787395133637032,0.3471448645363294,3.9043608147436024,2.253627336354656,0.21296748977128488,0.7076832205789663
-0.1069770282872483,0.27837873836369265,0.3467840895363189,3.9040859584936016,2.252869786354694,0.2126840460212921,0.7072503149539828
-0.10725096578724767,0.2786493196137003,0.34705467078632657,3.904269195993602,2.2529644801046897,0.21230612102130186,0.7073465162039791
-0.10706834078724779,0.2785004236198457,0.3469653395363165,3.904146938864223,2.2527750926046988,0.2124950835212972,0.7073946168289773
-0.1069770282872483,0.278680811119851,0.34705467078632657,3.9040859584936016,2.253059173854685,0.21230612102130186,0.7072503149539828
-0.1069770282872483,0.278680811119851,0.3472367832863169,3.9041163004848447,2.253248561354675,0.21230612102130186,0.7071541137039865
-0.10706834078724779,0.2785004236198457,0.34705639578631164,3.904482775484846,2.25315386760468,0.21258956477129465,0.707298415578981
-0.1069770282872483,0.2784102298698433,0.3466019770363281,3.904055616502358,2.252869786354694,0.21192819602131163,0.7070579124539902
-0.1069770282872483,0.27832003611984046,0.34651178328632526,3.9042388540023585,2.253532642604661,0.2126840460212921,0.7074427174539755
-0.10706834078724779,0.2784102298698433,0.34651092078633294,3.904177873631737,2.25334325510467,0.21258956477129465,0.7074427174539755
-0.10706834078724779,0.2785004236198457,0.34678322703632614,3.90420821562298,2.252869786354694,0.21202267727130908,0.7071541137039865
-0.10725096578724767,0.2784102298698433,0.34651092078633294,3.9039946361317366,2.253248561354675,0.2126840460212921,0.7074908180789736
-0.1069770282872483,0.2785906173698486,0.3466913082863382,3.903719779881736,2.25315386760468,0.2124950835212972,0.7074427174539755
-0.10706834078724779,0.2784102298698433,0.34687514578631407,3.9040553201142227,2.2527750926046988,0.21211715852130653,0.7071060130789883
-0.10715965328724773,0.2784102298698433,0.3466930332863237,3.9042998343729804,2.25315386760468,0.21230612102130186,0.7073946168289773
-0.10706834078724779,0.2784102298698433,0.3466019770363281,3.9039639977523577,2.2525857051047087,0.2117392335213163,0.7069617112039939
-0.10715965328724773,0.2785906173698486,0.3467823645363334,3.904055616502358,2.252869786354694,0.21230612102130186,0.7072503149539828
-0.10718442534728234,0.2785906173698486,0.346873420786329,3.90420821562298,2.25315386760468,0.21258956477129465,0.7074427174539755
-0.10672786284728353,0.278680811119851,0.34714572703632174,3.9043301763642235,2.253059173854685,0.2124950835212972,0.7072503149539828
-0.10691048784728296,0.2785906173698486,0.3466913082863382,3.9040862548817366,2.2529644801046897,0.2124006022712993,0.7071541137039865
-0.1070018003472829,0.2784102298698433,0.3466930332863237,3.90420821562298,2.25315386760468,0.2124950835212972,0.707298415578981
-0.10718442534728234,0.2785004236198457,0.3466921707863305,3.904055616502358,2.253059173854685,0.21221163977130442,0.707298415578981
-0.1070018003472829,0.2784102298698433,0.34696620203630923,3.9042995379848455,2.253248561354675,0.21221163977130442,0.7073465162039791
-0.1070018003472829,0.2784102298698433,0.3466019770363281,3.904147235252358,2.25315386760468,0.2124950835212972,0.707298415578981
-0.10718442534728234,0.2785906173698486,0.3467823645363334,3.9038723790023573,2.25315386760468,0.2126840460212921,0.7073465162039791
-0.1070931128472824,0.2784102298698433,0.3464198645363378,3.9040252745111146,2.25315386760468,0.2124950835212972,0.7072022143289847
-0.10727573784728228,0.278680811119851,0.34705467078632657,3.904177577243602,2.253627336354656,0.21296748977128488,0.7076832205789663
-0.1070931128472824,0.2785906173698486,0.34705553328631933,3.904146938864223,2.25315386760468,0.21230612102130186,0.7071541137039865
-0.10718442534728234,0.2787395133637032,0.34684539750529886,3.903903017381736,2.252869786354694,0.21211715852130653,0.7072022143289847
-0.1070018003472829,0.27846893211369506,0.3467569287552815,3.9040249781229797,2.2527750926046988,0.2124950835212972,0.7071541137039865
-0.1070931128472824,0.2786493196137003,0.3471194287552771,3.9042385576142236,2.2527750926046988,0.21221163977130442,0.7073465162039791
-0.10691048784728296,0.2784374406075444,0.3466658725052859,3.9039639977523577,2.253248561354675,0.21221163977130442,0.7072022143289847
-0.1070931128472824,0.27852763435754724,0.3466650100052936,3.904177873631737,2.252869786354694,0.2124950835212972,0.707298415578981
-0.1070931128472824,0.27852763435754724,0.34693817875527955,3.903994339743601,2.253248561354675,0.2124950835212972,0.7074427174539755
-0.10718442534728234,0.27852763435754724,0.34693817875527955,3.9040859584936016,2.253059173854685,0.21258956477129465,0.7073946168289773
-0.1070018003472829,0.2784374406075444,0.3467569287552815,3.9042998343729804,2.25334325510467,0.21258956477129465,0.7074427174539755
-0.10718442534728234,0.2784374406075444,0.3467569287552815,3.9042998343729804,2.253248561354675,0.2124950835212972,0.707298415578981
-0.1070931128472824,0.278347246857542,0.34639356625529316,3.9042085120111154,2.25334325510467,0.21230612102130186,0.707298415578981
-0.1070931128472824,0.27852763435754724,0.34675606625528876,3.9042388540023585,2.25334325510467,0.21211715852130653,0.7073465162039791
-0.10691048784728296,0.27861782810754965,0.3471194287552771,3.904421795114224,2.253248561354675,0.2124950835212972,0.7074427174539755
-0.1070018003472829,0.2784374406075444,0.3467569287552815,3.90411659687298,2.25315386760468,0.2124950835212972,0.7072503149539828
-0.10718442534728234,0.27852763435754724,0.3468471225052844,3.90420821562298,2.2527750926046988,0.21202267727130908,0.7071060130789883
-0.10718442534728234,0.27861782810754965,0.3469373162552868,3.90420821562298,2.25315386760468,0.21192819602131163,0.7071541137039865
-0.1070018003472829,0.27852763435754724,0.3470292350052747,3.904146938864223,2.252869786354694,0.21230612102130186,0.707298415578981
-0.10691048784728296,0.2784374406075444,0.34648376000529557,3.903842037011114,2.2529644801046897,0.21230612102130186,0.707298415578981
-0.10736705034728178,0.2784374406075444,0.3468479850052767,3.904177577243602,2.253059173854685,0.2124950835212972,0.7072022143289847
-0.10718442534728234,0.27852763435754724,0.34693817875527955,3.904269195993602,2.25315386760468,0.21211715852130653,0.7071541137039865
-0.1070931128472824,0.278347246857542,0.34648462250528833,3.9040862548817366,2.2529644801046897,0.2124006022712993,0.7072503149539828
-0.1070931128472824,0.2784374406075444,0.3467569287552815,3.90420821562298,2.25334325510467,0.21211715852130653,0.7072022143289847
-0.10718442534728234,0.2784374406075444,0.3466658725052859,3.904055616502358,2.25315386760468,0.21230612102130186,0.7071541137039865
-0.10691048784728296,0.27852763435754724,0.3468471225052844,3.9042998343729804,2.25315386760468,0.21230612102130186,0.7072503149539828
-0.1070931128472824,0.278347246857542,0.34648462250528833,3.904177873631737,2.252869786354694,0.21221163977130442,0.7073946168289773
-0.10718442534728234,0.278347246857542,0.3466667350052791,3.90420821562298,2.25315386760468,0.21221163977130442,0.7071541137039865
-0.10718442534728234,0.2784374406075444,0.3467569287552815,3.9042998343729804,2.25315386760468,0.2124950835212972,0.707298415578981
-0.1073005099073169,0.27852763435754724,0.3468471225052844,3.9042998343729804,2.25315386760468,0.2124006022712993,0.7073465162039791
-0.10693525990731759,0.278347246857542,0.3467577912552743,3.904269195993602,2.253059173854685,0.21221163977130442,0.7072503149539828
-0.10702657240731753,0.27852763435754724,0.3468471225052844,3.90411659687298,2.253059173854685,0.21221163977130442,0.7073465162039791
-0.10720919740731696,0.278347246857542,0.34648462250528833,3.9039946361317366,2.2526803988547037,0.21202267727130908,0.7069617112039939
-0.1073005099073169,0.2784374406075444,0.3468479850052767,3.904269195993602,2.253059173854685,0.2124006022712993,0.7072503149539828
-0.10711788490731702,0.27861782810754965,0.34702837250528196,3.9040859584936016,2.253059173854685,0.21221163977130442,0.7072503149539828
-0.10702657240731753,0.2784374406075444,0.3467569287552815,3.90411659687298,2.253532642604661,0.21287300852128743,0.70758701932897
-0.10711788490731702,0.27852763435754724,0.3468471225052844,3.90420821562298,2.25334325510467,0.21221163977130442,0.707298415578981
-0.10711788490731702,0.2784374406075444,0.3466658725052859,3.904147235252358,2.25334325510467,0.2124950835212972,0.7074908180789736
-0.10693525990731759,0.27861782810754965,0.346755203755296,3.9039946361317366,2.25334325510467,0.2124950835212972,0.7073465162039791
-0.10702657240731753,0.27852763435754724,0.3471202912552699,3.9043911567348455,2.2529644801046897,0.21258956477129465,0.707298415578981
-0.10720919740731696,0.27852763435754724,0.3468471225052844,3.90420821562298,2.2527750926046988,0.21221163977130442,0.7071541137039865
-0.10720919740731696,0.2785591258636979,0.3466650100052936,3.904177873631737,2.2529644801046897,0.21258956477129465,0.7074427174539755
-0.10711788490731702,0.2785591258636979,0.34675606625528876,3.9038723790023573,2.25315386760468,0.21230612102130186,0.707298415578981
-0.10711788490731702,0.2787395133637032,0.3471185662552848,3.904452433493603,2.253722030104651,0.21296748977128488,0.70758701932897
-0.10720919740731696,0.2785004236198457,0.3467569287552815,3.90420821562298,2.2529644801046897,0.21211715852130653,0.7071060130789883
-0.10693525990731759,0.2785004236198457,0.3468479850052767,3.9040859584936016,2.252869786354694,0.21221163977130442,0.7072022143289847
-0.1073005099073169,0.278680811119851,0.346755203755296,3.9040862548817366,2.252869786354694,0.21211715852130653,0.707298415578981
-0.10702657240731753,0.2785906173698486,0.34675606625528876,3.9039639977523577,2.253532642604661,0.21287300852128743,0.7075389187039718
-0.10748313490731634,0.27832003611984046,0.34666759750527143,3.904452433493603,2.25315386760468,0.21230612102130186,0.7072022143289847
-0.10720919740731696,0.278680811119851,0.3468462600052912,3.9038723790023573,2.2525857051047087,0.21211715852130653,0.7072022143289847
-0.1073005099073169,0.2785906173698486,0.3465739537552984,3.904116893261115,2.252869786354694,0.21221163977130442,0.7073465162039791
-0.10711788490731702,0.2785906173698486,0.34693817875527955,3.904177577243602,2.2526803988547037,0.21221163977130442,0.7072503149539828
-0.10693525990731759,0.278680811119851,0.3469373162552868,3.90411659687298,2.253059173854685,0.2124006022712993,0.707298415578981
-0.10711788490731702,0.2785906173698486,0.34693817875527955,3.904177577243602,2.2527750926046988,0.21211715852130653,0.7071060130789883
-0.10711788490731702,0.2785906173698486,0.34693817875527955,3.9040859584936016,2.253437948854666,0.2126840460212921,0.7074908180789736
-0.10702657240731753,0.2785906173698486,0.3470292350052747,3.904146938864223,2.253059173854685,0.21202267727130908,0.7072022143289847
-0.10702657240731753,0.2785004236198457,0.3467569287552815,3.90411659687298,2.253059173854685,0.21211715852130653,0.7072022143289847
-0.10711788490731702,0.278680811119851,0.346755203755296,3.9040862548817366,2.25315386760468,0.21221163977130442,0.7071541137039865
-0.10702657240731753,0.2785004236198457,0.3468479850052767,3.904177577243602,2.253059173854685,0.2126840460212921,0.7073946168289773
-0.10720919740731696,0.2785906173698486,0.34693817875527955,3.9043608147436024,2.253437948854666,0.2124950835212972,0.707298415578981
-0.10702657240731753,0.27877100486985384,0.346936453755294,3.904147235252358,2.25315386760468,0.21258956477129465,0.7073465162039791
-0.10711788490731702,0.2785004236198457,0.3468479850052767,3.9043608147436024,2.253059173854685,0.21221163977130442,0.7071541137039865
-0.10711788490731702,0.2785004236198457,0.3466658725052859,3.9042388540023585,2.253059173854685,0.2124006022712993,0.7072503149539828
-0.10711788490731702,0.2785004236198457,0.34657481625529074,3.904177873631737,2.252869786354694,0.21221163977130442,0.7071541137039865
-0.10702657240731753,0.2784102298698433,0.34648462250528833,3.903903017381736,2.253059173854685,0.21221163977130442,0.7071060130789883
-0.10711788490731702,0.2785906173698486,0.34693817875527955,3.9043608147436024,2.252869786354694,0.21221163977130442,0.7071541137039865
-0.10711788490731702,0.278680811119851,0.3468462600052912,3.9038723790023573,2.253059173854685,0.2124950835212972,0.7072503149539828
-0.10711788490731702,0.2784102298698433,0.34639356625529316,3.9042085120111154,2.2529644801046897,0.2126840460212921,0.7074427174539755
-0.1073005099073169,0.2782885446136898,0.34666759750527143,3.904452433493603,2.25315386760468,0.2124950835212972,0.7071541137039865
-0.10705134446735214,0.278108157113685,0.3462787992242312,3.904147235252358,2.253059173854685,0.2126840460212921,0.7072503149539828
-0.10723396946735157,0.2785591258636979,0.34672976797424415,3.904147235252358,2.253816723854646,0.21306197102128233,0.7076351199539681
-0.10723396946735157,0.27846893211369506,0.3468216867242321,3.904177577243602,2.25315386760468,0.21258956477129465,0.707298415578981
-0.10714265696735163,0.2784374406075444,0.3466395742242413,3.9039639977523577,2.253059173854685,0.21258956477129465,0.7073465162039791
-0.10732528196735151,0.2784374406075444,0.3467306304742369,3.90420821562298,2.2529644801046897,0.21221163977130442,0.707298415578981
-0.10705134446735214,0.27861782810754965,0.3469110179742422,3.904391453122981,2.2527750926046988,0.21192819602131163,0.7071060130789883
-0.10723396946735157,0.27852763435754724,0.34682082422423977,3.90420821562298,2.252869786354694,0.21230612102130186,0.7072022143289847
-0.10705134446735214,0.27861782810754965,0.34700207422423734,3.904177577243602,2.2527750926046988,0.2124950835212972,0.7071541137039865
-0.02783452269251954,0.330649946000245,0.4338715377891569,3.928243713320639,2.667658044442771,0.33170412371954816,1.0275020740385425
-0.027469272692520665,0.3310107210002555,0.4344144252891582,3.9281824365618823,2.6674686569427806,0.3308537924695698,1.02730967153855
-0.02783452269251954,0.33070436747564763,0.43441615028914327,3.9283384613627854,2.667658044442771,0.3312317174695605,1.0274539734135444
-0.027651897692520102,0.3304609969633411,0.43405365028914766,3.928216500621542,2.667658044442771,0.33132619871955793,1.0275982752885393
-0.027651897692520102,0.3305511907133435,0.43423490028914524,3.9279110059921627,2.6686049819427233,0.3316096424695507,1.0276463759135375
-0.02783452269251954,0.3303121009694865,0.43396431903913757,3.9279110059921627,2.6674686569427806,0.3312317174695605,1.0275501746635411
-0.027651897692520102,0.33058696298794366,0.43405365028914766,3.9281248818715415,2.6680368194427517,0.33104275496956515,1.0275501746635411
-0.02792583519251948,0.33083033350025026,0.433960869039167,3.927907876700017,2.6674686569427806,0.3314206799695554,1.0275501746635411
-0.027651897692520102,0.33086182500640093,0.43411668325811315,3.9281214561912607,2.668415594442733,0.3315151612195528,1.0276463759135375
-0.027651897692520102,0.33064566523179545,0.43420860200810063,3.928094243492163,2.6680368194427517,0.3309482737195677,1.0276463759135375
-0.027743210192520042,0.3304609969633411,0.43384523950811227,3.9280029211302976,2.668415594442733,0.33198756746954095,1.0278868790385283
-0.02792583519251948,0.3304609969633411,0.4341184082580982,3.928277480992164,2.668131513192747,0.33132619871955793,1.0275501746635411
-0.027651897692520102,0.3308217719633516,0.43447918325810875,3.9279110059921627,2.667752738192766,0.3312317174695605,1.0274539734135444
-0.027651897692520102,0.33067715673794607,0.43411754575810546,3.927941644371541,2.6682262069427423,0.3314206799695554,1.0275020740385425
-0.027743210192520042,0.33070864824409674,0.4340264895081103,3.9281214561912607,2.667752738192766,0.33104275496956515,1.027357772163548
-0.02756058519252016,0.3307988419940996,0.4342077395081083,3.927999199061882,2.6683209006927373,0.3315151612195528,1.0275982752885393
-0.027743210192520042,0.33067715673794607,0.43411754575810546,3.927941644371541,2.6682262069427423,0.3315151612195528,1.0276463759135375
-0.027743210192520042,0.3304609969633411,0.43402735200810305,3.927941644371541,2.667847431942761,0.3312317174695605,1.0274058727885462
-0.027651897692520102,0.33033931170718756,0.43411927075809054,3.927971986362784,2.668415594442733,0.3314206799695554,1.0274058727885462
-0.027743210192520042,0.3304295054571904,0.4341184082580982,3.9281858622421635,2.667752738192766,0.3312317174695605,1.0274058727885462
-0.027743210192520042,0.3303435924756371,0.4338469645080978,3.9278500256215407,2.6680368194427517,0.3312317174695605,1.0275982752885393
-0.02792583519251948,0.33058696298794366,0.4337541832581171,3.927941940759676,2.667752738192766,0.3312317174695605,1.0274539734135444
-0.02756058519252016,0.33097922949410485,0.4342970707581184,3.9282471390009204,2.667847431942761,0.3312317174695605,1.0275501746635411
-0.027469272692520665,0.3307673504879489,0.43411668325811315,3.9279722827509196,2.667658044442771,0.3309482737195677,1.027357772163548
-0.02756058519252016,0.33049248846949175,0.43402735200810305,3.9281248818715415,2.667658044442771,0.33104275496956515,1.0275501746635411
-0.02792583519251948,0.3304609969633411,0.43384523950811227,3.9280029211302976,2.6682262069427423,0.3311372362195626,1.0274058727885462
-0.027743210192520042,0.3307000867071981,0.4343889895081059,3.9281858622421635,2.6682262069427423,0.33104275496956515,1.0276463759135375
-0.02801714769251942,0.3307358589817983,0.4342987957581035,3.9281858622421635,2.667752738192766,0.3308537924695698,1.027357772163548
-0.02756058519252016,0.3307988419940996,0.43402562700811753,3.927911302380297,2.667847431942761,0.3314206799695554,1.0275501746635411
-0.02756058519252016,0.33122260000641146,0.43456851450811884,3.9279075803118815,2.66727926944279,0.3308537924695698,1.027357772163548
-0.027743210192520042,0.33070864824409674,0.4340264895081103,3.928213074941261,2.6680368194427517,0.3312317174695605,1.0275982752885393
-0.02783452269251954,0.33049248846949175,0.43402735200810305,3.928033263121541,2.667847431942761,0.33104275496956515,1.0274539734135444
-0.02783452269251954,0.3304609969633411,0.43402735200810305,3.928033263121541,2.668131513192747,0.3308537924695698,1.02730967153855
-0.027651897692520102,0.3306098929571957,0.4342077395081083,3.9277584068715403,2.668131513192747,0.3306648299695749,1.0274058727885462
-0.027743210192520042,0.33091624648180357,0.4343881270081136,3.927941644371541,2.668131513192747,0.3311372362195626,1.0275501746635411
-0.027743210192520042,0.3307988419940996,0.4342077395081083,3.9281824365618823,2.6683209006927373,0.3309482737195677,1.0274058727885462
-0.02783452269251954,0.3307716312563981,0.4339354332581147,3.9284269508206395,2.6675633506927756,0.3308537924695698,1.0275020740385425
-0.02783452269251954,0.3307988419940996,0.43393457075812236,3.928091114200017,2.6679421256927567,0.33038138621958213,1.027357772163548
-0.027469272692520665,0.33049248846949175,0.4341184082580982,3.928002624742163,2.6679421256927567,0.33104275496956515,1.0276463759135375
-0.027651897692520102,0.3304609969633411,0.4341184082580982,3.9281858622421635,2.6682262069427423,0.33132619871955793,1.0275982752885393
-0.027743210192520042,0.3304295054571904,0.4339362957581079,3.92806390150092,2.668131513192747,0.3312317174695605,1.0275982752885393
-0.02756058519252016,0.33064566523179545,0.43439071450809097,3.9282162042334066,2.6674686569427806,0.3309482737195677,1.0275501746635411
-0.02801714769251942,0.3305282607440915,0.4337550457581094,3.9279688570706384,2.668510288192728,0.3312317174695605,1.0275982752885393
-0.027743210192520042,0.3310107210002555,0.43399760372708784,3.9281217525793957,2.667184575692795,0.33132619871955793,1.0275982752885393
-0.027651897692520102,0.33070864824409674,0.43390913497707007,3.9280604758206383,2.6683209006927373,0.3314206799695554,1.0275501746635411
-0.02756058519252016,0.330672875969497,0.43427249747705887,3.9281858622421635,2.66727926944279,0.3308537924695698,1.027357772163548
-0.027651897692520102,0.3305511907133435,0.43397389294602107,3.9279722827509196,2.6682262069427423,0.33104275496956515,1.0276463759135375
-0.02756058519252016,0.3306098929571957,0.43433725544600943,3.927971986362784,2.6683209006927373,0.33132619871955793,1.0275020740385425
-0.027743210192520042,0.33064566523179545,0.43397389294602107,3.927789045250919,2.667658044442771,0.3312317174695605,1.0275501746635411
-0.027651897692520102,0.33092052725025267,0.4342453366960215,3.9278159615618815,2.6683209006927373,0.3308537924695698,1.0274539734135444
-0.027651897692520102,0.33083033350025026,0.43424619919601426,3.9283350356825046,2.667184575692795,0.3308537924695698,1.0275020740385425
-0.027651897692520102,0.330889035744102,0.43415428044602633,3.9279722827509196,2.6686049819427233,0.3311372362195626,1.0275501746635411
-0.027743210192520042,0.33058268221949416,0.4341560054460114,3.928002624742163,2.667658044442771,0.3311372362195626,1.0275020740385425
-0.027809750632484927,0.3305511907133435,0.4342470616960066,3.9281552238627846,2.668510288192728,0.33104275496956515,1.0275982752885393
-0.027809750632484927,0.3304295054571904,0.43388369919601866,3.9279722827509196,2.6686996756927184,0.33132619871955793,1.0277425771635338
-0.02771843813248543,0.33064566523179545,0.43397389294602107,3.927789045250919,2.667658044442771,0.3311372362195626,1.0274058727885462
-0.02771843813248543,0.33070864824409674,0.4337917804460303,3.9276670845096753,2.6686996756927184,0.33104275496956515,1.0276944765385356
-0.02762712563248549,0.3310107210002555,0.4340623616960384,3.927907876700017,2.667847431942761,0.33132619871955793,1.0276944765385356
-0.02771843813248543,0.3307988419940996,0.43379091794603797,3.9277893416390537,2.6683209006927373,0.3309482737195677,1.0274539734135444
-0.027809750632484927,0.33049248846949175,0.434065811696009,3.9279110059921627,2.667752738192766,0.3309482737195677,1.0275020740385425
-0.02771843813248543,0.3304609969633411,0.4339747554460138,3.9281248818715415,2.668415594442733,0.3309482737195677,1.0275982752885393
-0.027809750632484927,0.3306098929571957,0.43433725544600943,3.9281552238627846,2.668131513192747,0.33075931121957236,1.02730967153855
-0.02771843813248543,0.3306141737256448,0.4341560054460114,3.928094243492163,2.6683209006927373,0.33132619871955793,1.0276944765385356
-0.02762712563248549,0.330889035744102,0.4340632241960307,3.927911302380297,2.6683209006927373,0.3309482737195677,1.0274539734135444
-0.02762712563248549,0.3311911085002608,0.43433380544603883,3.9280029211302976,2.667658044442771,0.3312317174695605,1.0275020740385425
-0.027809750632484927,0.33083033350025026,0.4339730304460283,3.9280029211302976,2.6686996756927184,0.3308537924695698,1.0275020740385425
-0.02762712563248549,0.33058268221949416,0.4337917804460303,3.927941940759676,2.668510288192728,0.3315151612195528,1.0277425771635338
-0.02762712563248549,0.3305511907133435,0.434182303727056,3.928002624742163,2.668510288192728,0.33075931121957236,1.0276463759135375
-0.02771843813248543,0.3305196992071928,0.4342733599770512,3.927880367612784,2.6687943694427134,0.33104275496956515,1.0275501746635411
-0.02783452269251954,0.3306141737256448,0.434182303727056,3.9281858622421635,2.6682262069427423,0.33104275496956515,1.0275501746635411
-0.02792583519251948,0.33097922949410485,0.4341797162270782,3.927911302380297,2.6686996756927184,0.3308537924695698,1.0275501746635411
-0.027651897692520102,0.33092052725025267,0.43402476450812477,3.9278503220096757,2.6675633506927756,0.3309482737195677,1.0275982752885393
-0.027743210192520042,0.33070864824409674,0.4340264895081103,3.9279722827509196,2.6683209006927373,0.3308537924695698,1.027357772163548
-0.02756058519252016,0.3307630697194994,0.43448004575810106,3.9281552238627846,2.6680368194427517,0.33104275496956515,1.0276944765385356
-0.02783452269251954,0.3304609969633411,0.4340921099770536,3.928277480992164,2.6686996756927184,0.3311372362195626,1.0276463759135375
-0.027651897692520102,0.3304295054571904,0.43390999747706327,3.9282471390009204,2.6687943694427134,0.3311372362195626,1.0275501746635411
-0.02783452269251954,0.3308847549756529,0.4345439412270593,3.9283384613627854,2.6679421256927567,0.33104275496956515,1.0275982752885393
-0.027743210192520042,0.33106942324410726,0.43454307872706655,3.9278193872421623,2.6686049819427233,0.33104275496956515,1.0275982752885393
-0.027743210192520042,0.3310107210002555,0.4343881270081136,3.927941644371541,2.667658044442771,0.3309482737195677,1.0275982752885393
-0.02792583519251948,0.3307988419940996,0.43402562700811753,3.927911302380297,2.668510288192728,0.3311372362195626,1.0276463759135375
-0.02783452269251954,0.3308532634695023,0.4342970707581184,3.927697426500919,2.6680368194427517,0.3309482737195677,1.0276463759135375
-0.027651897692520102,0.3304609969633411,0.4341831662270488,3.9281552238627846,2.6683209006927373,0.3311372362195626,1.0275020740385425
-0.027651897692520102,0.3304295054571904,0.43400105372705844,3.9278500256215407,2.6686049819427233,0.3309482737195677,1.0276463759135375
-0.02783452269251954,0.33064566523179545,0.43390913497707007,3.927911302380297,2.6683209006927373,0.33132619871955793,1.0276463759135375
-0.02792583519251948,0.33097922949410485,0.4341797162270782,3.9280029211302976,2.6687943694427134,0.3312317174695605,1.0275982752885393
-0.027743210192520042,0.33083033350025026,0.4338172162270826,3.927880960389054,2.6675633506927756,0.3312317174695605,1.0276944765385356
-0.027743210192520042,0.33097922949410485,0.43445288497706414,3.928094243492163,2.6686996756927184,0.33075931121957236,1.0275020740385425
-0.02783452269251954,0.33049248846949175,0.43381894122706766,3.927728064880297,2.6680368194427517,0.3308537924695698,1.0275982752885393
-0.027743210192520042,0.33064138446334634,0.43427249747705887,3.9281858622421635,2.6691731444426945,0.33132619871955793,1.0277425771635338
-0.027651897692520102,0.3304295054571904,0.4340921099770536,3.9281858622421635,2.6691731444426945,0.3311372362195626,1.0275501746635411
-0.027767982252554654,0.33055547148179304,0.43390999747706327,3.9281555202509204,2.6682262069427423,0.3309482737195677,1.0276463759135375
-0.027884066812588766,0.3307988419940996,0.4341814412270637,3.928216500621542,2.6686996756927184,0.33104275496956515,1.0275501746635411
-0.02779275431258927,0.3307401397502474,0.43409124747706085,3.9281248818715415,2.6679421256927567,0.33132619871955793,1.0276944765385356
-0.02779275431258927,0.330889035744102,0.4342716349770661,3.9281248818715415,2.6687943694427134,0.3309482737195677,1.0275982752885393
-0.027884066812588766,0.33058268221949416,0.43409124747706085,3.928216500621542,2.6682262069427423,0.3308537924695698,1.0274539734135444
-0.02761012931258939,0.3305511907133435,0.4342733599770512,3.927971986362784,2.6686996756927184,0.33075931121957236,1.0274058727885462
-0.027975379312588707,0.3304295054571904,0.4341831662270488,3.927971986362784,2.668415594442733,0.33057034871957747,1.0274058727885462
-0.02761012931258939,0.33064566523179545,0.4340001912270657,3.9278806640009196,2.668131513192747,0.3308537924695698,1.0275982752885393
-0.027518816812589893,0.33110091475025794,0.4344520224770714,3.9277584068715403,2.668983756942704,0.3309482737195677,1.0275982752885393
-0.02761012931258939,0.33110091475025794,0.4343609662270762,3.9279722827509196,2.667847431942761,0.3309482737195677,1.0276944765385356
-0.02770144181258933,0.33106942324410726,0.4343609662270762,3.9279722827509196,2.668415594442733,0.3308537924695698,1.0274058727885462
-0.02779275431258927,0.33049248846949175,0.43400105372705844,3.9276667881215404,2.668415594442733,0.3309482737195677,1.0276463759135375
-0.02770144181258933,0.3305511907133435,0.43409124747706085,3.9281248818715415,2.6687943694427134,0.3309482737195677,1.0276944765385356
-0.028066691812588647,0.3304295054571904,0.4341831662270488,3.9283384613627854,2.6690784506926994,0.33104275496956515,1.0275501746635411
-0.02779275431258927,0.33064566523179545,0.434182303727056,3.9277277684921623,2.6680368194427517,0.33075931121957236,1.0274058727885462
-0.02761012931258939,0.33092052725025267,0.4342716349770661,3.928033263121541,2.6683209006927373,0.3304758674695796,1.0272615709135517
-0.02779275431258927,0.3310107210002555,0.43436182872706897,3.9281248818715415,2.6675633506927756,0.33075931121957236,1.0275020740385425
-0.027494044752555277,0.33097922949410485,0.4342707724770738,3.9278806640009196,2.6687943694427134,0.3309482737195677,1.0275982752885393
-0.02783452269251954,0.3307630697194994,0.43418057872707094,3.927789045250919,2.6682262069427423,0.3308537924695698,1.0275982752885393
-0.027743210192520042,0.3302806094633358,0.4340290770080881,3.927971986362784,2.668983756942704,0.33104275496956515,1.0274539734135444
-0.027651897692520102,0.3306098929571957,0.4342077395081083,3.927941644371541,2.6691731444426945,0.3309482737195677,1.0275982752885393
-0.027743210192520042,0.331006440231806,0.434478320758116,3.9274835506215395,2.668415594442733,0.33104275496956515,1.0275982752885393
-0.02792583519251948,0.33092052725025267,0.43414211903916455,3.927911302380297,2.668889063192709,0.3312317174695605,1.0275982752885393
-0.027651897692520102,0.3310107210002555,0.4344144252891582,3.928033263121541,2.6679421256927567,0.3309482737195677,1.0274058727885462
-0.02783452269251954,0.330889035744102,0.43414211903916455,3.927728064880297,2.6686049819427233,0.33057034871957747,1.027357772163548
-0.02783452269251954,0.33058268221949416,0.4340527877891549,3.92806390150092,2.6683209006927373,0.3309482737195677,1.0275501746635411
-0.02783452269251954,0.3305511907133435,0.4343259565391404,3.928246842612785,2.6691731444426945,0.3308537924695698,1.0275501746635411
-0.027743210192520042,0.3304295054571904,0.434235762789138,3.9281552238627846,2.671849701625299,0.3308537924695698,1.0274058727885462
-0.02756058519252016,0.3307358589817983,0.43405192528916214,3.927819683630297,2.671565620375313,0.3308537924695698,1.0276944765385356
-0.027469272692520665,0.3311911085002608,0.43459481278916345,3.9281248818715415,2.671565620375313,0.3308537924695698,1.0276463759135375
-0.027651897692520102,0.33095201875640334,0.43432423153915534,3.928216500621542,2.671186845375332,0.3309482737195677,1.0276463759135375
-0.02792583519251948,0.330889035744102,0.43432423153915534,3.9281248818715415,2.6722284766252793,0.3312317174695605,1.0278868790385283
-0.027743210192520042,0.33049248846949175,0.4339625940391525,3.9279722827509196,2.670997457875342,0.3309482737195677,1.0274539734135444
-0.02756058519252016,0.3305511907133435,0.43423490028914524,3.928002624742163,2.6721337828752842,0.3308537924695698,1.0275501746635411
-0.027743210192520042,0.3307000867071981,0.4345063440391457,3.9281552238627846,2.671944395375294,0.33132619871955793,1.0275982752885393
-0.027743210192520042,0.33091624648180357,0.43459653778914853,3.9281552238627846,2.671755007875303,0.3315151612195528,1.0276463759135375
-0.02783452269251954,0.33083033350025026,0.433960869039167,3.9276670845096753,2.6721337828752842,0.3309482737195677,1.0276463759135375
-0.027651897692520102,0.33095201875640334,0.4344152877891505,3.928094243492163,2.670997457875342,0.3308537924695698,1.0275982752885393
-0.027743210192520042,0.3307988419940996,0.43405192528916214,3.9280029211302976,2.671944395375294,0.3308537924695698,1.0275982752885393
-0.02783452269251954,0.3304022947194889,0.43387240028914964,3.92806390150092,2.670902764125347,0.3309482737195677,1.0275501746635411
-0.027651897692520102,0.3304609969633411,0.43414470653914283,3.9281858622421635,2.6722284766252793,0.33104275496956515,1.0276463759135375
-0.02783452269251954,0.3304295054571904,0.434235762789138,3.927971986362784,2.671470926625318,0.3309482737195677,1.0274539734135444
-0.02783452269251954,0.33055547148179304,0.4337804815391617,3.9278503220096757,2.671660314125308,0.3309482737195677,1.0276944765385356
-0.02783452269251954,0.3311911085002608,0.4347769252891538,3.9281552238627846,2.6722284766252793,0.3315151612195528,1.02783877841353
-0.027651897692520102,0.33095201875640334,0.43432423153915534,3.9281248818715415,2.670523989125366,0.33075931121957236,1.0275501746635411
-0.027651897692520102,0.33097922949410485,0.434323369039163,3.9279722827509196,2.671565620375313,0.3302869049695847,1.0274058727885462
-0.02756058519252016,0.33064138446334634,0.4343250940391481,3.9281858622421635,2.671470926625318,0.33170412371954816,1.0279830802885246
-0.02783452269251954,0.3304609969633411,0.434235762789138,3.928246842612785,2.672039089125289,0.3308537924695698,1.0275501746635411
-0.02783452269251954,0.3304295054571904,0.4339625940391525,3.9279722827509196,2.671470926625318,0.3309482737195677,1.0276463759135375
-0.027651897692520102,0.33064566523179545,0.4340527877891549,3.9282471390009204,2.671186845375332,0.3309482737195677,1.0275982752885393
-0.027743210192520042,0.3310107210002555,0.434323369039163,3.9278806640009196,2.671660314125308,0.33057034871957747,1.0275020740385425
-0.02756058519252016,0.3310422125064062,0.43450548153915336,3.928094243492163,2.670902764125347,0.3309482737195677,1.0275982752885393
-0.027651897692520102,0.330889035744102,0.43414211903916455,3.927819683630297,2.6721337828752842,0.33104275496956515,1.0277425771635338
-0.027743210192520042,0.33019041571333296,0.43378306903913955,3.9276667881215404,2.670902764125347,0.33057034871957747,1.0275020740385425
-0.027469272692520665,0.3305511907133435,0.4343259565391404,3.928246842612785,2.6721337828752842,0.3309482737195677,1.0275501746635411
-0.027651897692520102,0.3304609969633411,0.434235762789138,3.9284300801127854,2.671376232875323,0.33104275496956515,1.0275501746635411
-0.027743210192520042,0.3309477379879542,0.43450548153915336,3.9279110059921627,2.670997457875342,0.3304758674695796,1.0274058727885462
-0.02792583519251948,0.3310107210002555,0.4344144252891582,3.928033263121541,2.671470926625318,0.3309482737195677,1.0276944765385356
-0.027743210192520042,0.3311324062564086,0.43441356278916543,3.927789045250919,2.670523989125366,0.3309482737195677,1.0274539734135444
-0.02792583519251948,0.33085754423795133,0.43411582075811994,3.9280029211302976,2.671755007875303,0.3311372362195626,1.0275501746635411
-0.027743210192520042,0.3305511907133435,0.43411754575810546,3.9281248818715415,2.671186845375332,0.3308537924695698,1.0276463759135375
-0.02783452269251954,0.33019041571333296,0.43391258497704066,3.927971986362784,2.6721337828752842,0.3309482737195677,1.0275982752885393
-0.02783452269251954,0.3305511907133435,0.4340001912270657,3.9279722827509196,2.671281539125327,0.3306648299695749,1.0275020740385425
-0.02783452269251954,0.3307673504879489,0.43427249747705887,3.928094243492163,2.671470926625318,0.33104275496956515,1.0275501746635411
-0.027469272692520665,0.33092052725025267,0.4343626912270613,3.928002624742163,2.671755007875303,0.3309482737195677,1.0276463759135375
-0.027743210192520042,0.3310422125064062,0.4345439412270593,3.928246842612785,2.671186845375332,0.33132619871955793,1.027790677788532
-0.027651897692520102,0.33067715673794607,0.434182303727056,3.928094243492163,2.671755007875303,0.3308537924695698,1.0276463759135375
-0.027743210192520042,0.3305511907133435,0.434182303727056,3.928094243492163,2.670902764125347,0.33104275496956515,1.0275982752885393
-0.02783452269251954,0.33064138446334634,0.4341814412270637,3.928216500621542,2.671849701625299,0.33075931121957236,1.0274539734135444
-0.027651897692520102,0.33064138446334634,0.43436355372705404,3.9280636051127846,2.671281539125327,0.3306648299695749,1.0275501746635411
-0.02779275431258927,0.3307673504879489,0.4339993287270729,3.9280029211302976,2.671660314125308,0.3312317174695605,1.0277425771635338
-0.02770144181258933,0.3310107210002555,0.4342707724770738,3.9281555202509204,2.671660314125308,0.3308537924695698,1.0275501746635411
-0.02761012931258939,0.3310422125064062,0.43445288497706414,3.9279110059921627,2.670618682875361,0.3309482737195677,1.0276944765385356
-0.02779275431258927,0.3307673504879489,0.43409038497706853,3.927789045250919,2.672039089125289,0.3309482737195677,1.0276944765385356
-0.02779275431258927,0.3305511907133435,0.43409124747706085,3.928216500621542,2.670997457875342,0.3306648299695749,1.027790677788532
-0.02770144181258933,0.33064138446334634,0.43436355372705404,3.927971986362784,2.6724178641252703,0.3308537924695698,1.0276463759135375
-0.027975379312588707,0.3304609969633411,0.43400105372705844,3.927941644371541,2.670997457875342,0.33075931121957236,1.0275020740385425
-0.02779275431258927,0.33085754423795133,0.43408952247707533,3.928094539880298,2.671565620375313,0.33104275496956515,1.0276463759135375
-0.027884066812588766,0.3310107210002555,0.43436182872706897,3.928033263121541,2.671376232875323,0.3309482737195677,1.0275982752885393
-0.02770144181258933,0.3310422125064062,0.43436182872706897,3.927941644371541,2.670713376625356,0.3308537924695698,1.0275501746635411
-0.02761012931258939,0.3307673504879489,0.4339993287270729,3.927819683630297,2.671849701625299,0.3308537924695698,1.0276944765385356
-0.02770144181258933,0.33064138446334634,0.43427249747705887,3.9281858622421635,2.670997457875342,0.33104275496956515,1.0276463759135375
-0.02770144181258933,0.3303708032133382,0.4338198037270604,3.927697426500919,2.6722284766252793,0.3308537924695698,1.0275982752885393
-0.027884066812588766,0.3304609969633411,0.43400105372705844,3.928033263121541,2.670997457875342,0.33104275496956515,1.0275982752885393
-0.02761012931258939,0.3307673504879489,0.43390827247707775,3.9278503220096757,2.671470926625318,0.33104275496956515,1.0275982752885393
-0.027585357252554774,0.33110091475025794,0.4344520224770714,3.927941644371541,2.671660314125308,0.3309482737195677,1.0275982752885393
-0.02795060725255409,0.33086182500640093,0.43409038497706853,3.9278806640009196,2.670618682875361,0.3308537924695698,1.0275020740385425
-0.027767982252554654,0.33055547148179304,0.43400105372705844,3.928033263121541,2.671849701625299,0.33075931121957236,1.0275501746635411
-0.027651897692520102,0.33073157821334875,0.4343626912270613,3.9278193872421623,2.670997457875342,0.3308537924695698,1.02783877841353
-0.02792583519251948,0.3304609969633411,0.4340921099770536,3.9279110059921627,2.6724178641252703,0.3308537924695698,1.0275501746635411
-0.027743210192520042,0.3305511907133435,0.43409124747706085,3.928033263121541,2.670713376625356,0.3306648299695749,1.0274058727885462
-0.027651897692520102,0.3307673504879489,0.4341814412270637,3.927941644371541,2.671281539125327,0.3304758674695796,1.027357772163548
-0.02785929475255415,0.33092052725025267,0.43408952247707533,3.9280029211302976,2.671470926625318,0.3306648299695749,1.0276463759135375
-0.02785929475255415,0.3310422125064062,0.4342707724770738,3.9281555202509204,2.670523989125366,0.3306648299695749,1.0274539734135444
-0.027585357252554774,0.3307358589817983,0.4341814412270637,3.928033263121541,2.6721337828752842,0.3309482737195677,1.02783877841353
-0.027651897692520102,0.3305511907133435,0.43409124747706085,3.927941644371541,2.6704292953753708,0.3306648299695749,1.0275020740385425
-0.027651897692520102,0.33064138446334634,0.43409038497706853,3.927789045250919,2.6723231703752752,0.3306648299695749,1.0275982752885393
-0.027651897692520102,0.3305511907133435,0.434182303727056,3.928094243492163,2.670997457875342,0.3312317174695605,1.0276944765385356
-0.027651897692520102,0.3307673504879489,0.4341814412270637,3.9281248818715415,2.671660314125308,0.3308537924695698,1.0276463759135375
-0.027676669752554714,0.3310107210002555,0.4342707724770738,3.9279722827509196,2.671281539125327,0.33075931121957236,1.0275501746635411
-0.028133232252553528,0.3307716312563981,0.4340001912270657,3.92806390150092,2.670713376625356,0.33075931121957236,1.0275020740385425
-0.02785929475255415,0.3308260527318007,0.43445374747705645,3.928246842612785,2.671849701625299,0.3306648299695749,1.0276463759135375
-0.027651897692520102,0.3305511907133435,0.4342733599770512,3.927971986362784,2.670997457875342,0.3309482737195677,1.0277425771635338
-0.02801714769251942,0.3304609969633411,0.4339362957581079,3.9279722827509196,2.6721337828752842,0.33075931121957236,1.0275020740385425
-0.027743210192520042,0.3305511907133435,0.43411754575810546,3.9281248818715415,2.671092151625337,0.3309482737195677,1.0276463759135375
-0.027651897692520102,0.33058696298794366,0.43405365028914766,3.928216500621542,2.671944395375294,0.3312317174695605,1.0277425771635338
-0.02785929475255415,0.33092052725025267,0.43414211903916455,3.927911302380297,2.670902764125347,0.3309482737195677,1.0275982752885393
-0.027767982252554654,0.33095201875640334,0.43423317528916017,3.927789045250919,2.670997457875342,0.3308537924695698,1.0275501746635411
-0.027676669752554714,0.3307358589817983,0.43405192528916214,3.927911302380297,2.671660314125308,0.33075931121957236,1.0274539734135444
-0.027651897692520102,0.3304609969633411,0.434235762789138,3.928246842612785,2.670523989125366,0.3308537924695698,1.0276463759135375
-0.02783452269251954,0.33073157821334875,0.4345063440391457,3.9284300801127854,2.6721337828752842,0.3306648299695749,1.0275501746635411
-0.027743210192520042,0.330672875969497,0.43405192528916214,3.9275448273802964,2.670713376625356,0.3309482737195677,1.0275982752885393
-0.027651897692520102,0.330889035744102,0.43432423153915534,3.9278500256215407,2.671944395375294,0.3309482737195677,1.0275982752885393
-0.027651897692520102,0.33092052725025267,0.43386895028917905,3.927636742518432,2.671186845375332,0.33104275496956515,1.0277425771635338
-0.02792583519251948,0.33083033350025026,0.4338698127891718,3.927880960389054,2.670997457875342,0.3306648299695749,1.0275982752885393
-0.027676669752554714,0.3307358589817983,0.43441615028914327,3.928246842612785,2.671660314125308,0.3309482737195677,1.0276463759135375
-0.02783452269251954,0.3303708032133382,0.43405451278914,3.9281858622421635,2.670808070375351,0.3308537924695698,1.0275982752885393
-0.02783452269251954,0.3308217719633516,0.43459653778914853,3.928246842612785,2.6725125578752653,0.33132619871955793,1.027790677788532
-0.027651897692520102,0.3304022947194889,0.4339634565391448,3.928308119371542,2.670808070375351,0.3308537924695698,1.0276463759135375
-0.027651897692520102,0.330889035744102,0.43423317528916017,3.927789045250919,2.671755007875303,0.3308537924695698,1.0276463759135375
-0.02785929475255415,0.33083033350025026,0.43405192528916214,3.927819683630297,2.670808070375351,0.33057034871957747,1.0274539734135444
-0.02795060725255409,0.33083033350025026,0.43414298153915776,3.9281555202509204,2.671092151625337,0.3308537924695698,1.0275982752885393
-0.027676669752554714,0.3308847549756529,0.4344144252891582,3.9281248818715415,2.671849701625299,0.3309482737195677,1.027790677788532
-0.027743210192520042,0.33064138446334634,0.43441615028914327,3.9280636051127846,2.671281539125327,0.3309482737195677,1.0276944765385356
-0.027743210192520042,0.3304609969633411,0.43414470653914283,3.928094243492163,2.6725125578752653,0.3309482737195677,1.0276463759135375
-0.027743210192520042,0.33058268221949416,0.4339617315391593,3.9280029211302976,2.670808070375351,0.33104275496956515,1.0276944765385356
-0.027743210192520042,0.3307988419940996,0.43414298153915776,3.9279722827509196,2.671944395375294,0.3308537924695698,1.0275501746635411
-0.027494044752555277,0.3310107210002555,0.4342323127891674,3.927819683630297,2.671565620375313,0.33132619871955793,1.0280311809135227
-0.027767982252554654,0.33083033350025026,0.43405192528916214,3.927819683630297,2.671376232875323,0.33075931121957236,1.0276463759135375
-0.027494044752555277,0.33070436747564763,0.4342340377891529,3.928033263121541,2.671660314125308,0.3304758674695796,1.0276944765385356
-0.027743210192520042,0.3305511907133435,0.4343259565391404,3.927971986362784,2.670997457875342,0.3311372362195626,1.0276463759135375
-0.02756058519252016,0.3305511907133435,0.4341438440391501,3.928033263121541,2.671944395375294,0.33075931121957236,1.0275020740385425
-0.027743210192520042,0.33058268221949416,0.4340527877891549,3.9279722827509196,2.670902764125347,0.3306648299695749,1.0275982752885393
-0.027651897692520102,0.330889035744102,0.43414211903916455,3.927911302380297,2.671944395375294,0.3309482737195677,1.0276463759135375
-0.027494044752555277,0.33110091475025794,0.43459567528915577,3.928002624742163,2.670997457875342,0.33075931121957236,1.0276944765385356
-0.027676669752554714,0.33092052725025267,0.43414211903916455,3.927911302380297,2.671281539125327,0.33075931121957236,1.0276463759135375
-0.02795060725255409,0.3306141737256448,0.4343259565391404,3.9281552238627846,2.671470926625318,0.33057034871957747,1.027790677788532
-0.02756058519252016,0.3304609969633411,0.4339625940391525,3.9278806640009196,2.671186845375332,0.3308537924695698,1.0275982752885393
-0.02792583519251948,0.3304609969633411,0.43414470653914283,3.928002624742163,2.6721337828752842,0.33075931121957236,1.0276463759135375
-0.027743210192520042,0.3306141737256448,0.4340527877891549,3.9279722827509196,2.6704292953753708,0.33019242371958724,1.0275501746635411
-0.02792583519251948,0.33070864824409674,0.4340527877891549,3.9282471390009204,2.671755007875303,0.33075931121957236,1.0275982752885393
-0.027585357252554774,0.3310107210002555,0.43447918325810875,3.9281858622421635,2.6703346016253757,0.3304758674695796,1.0275020740385425
-0.027585357252554774,0.3310107210002555,0.4343881270081136,3.9277584068715403,2.671470926625318,0.33104275496956515,1.0275982752885393
-0.027767982252554654,0.3306141737256448,0.43411754575810546,3.9277584068715403,2.671376232875323,0.3308537924695698,1.0275982752885393
-0.027651897692520102,0.3305511907133435,0.43409124747706085,3.9281248818715415,2.671186845375332,0.3306648299695749,1.0275501746635411
-0.027651897692520102,0.3305196992071928,0.43409124747706085,3.9281248818715415,2.6724178641252703,0.3308537924695698,1.0275501746635411
-0.02783452269251954,0.33052397997564237,0.4341831662270488,3.9280636051127846,2.670618682875361,0.3306648299695749,1.0275982752885393
-0.027494044752555277,0.330889035744102,0.4342716349770661,3.928033263121541,2.671660314125308,0.3304758674695796,1.0275020740385425
-0.027767982252554654,0.33083033350025026,0.43409038497706853,3.927605807750919,2.670618682875361,0.33104275496956515,1.0277425771635338
-0.027494044752555277,0.33092052725025267,0.4342716349770661,3.9277584068715403,2.671376232875323,0.3306648299695749,1.0275982752885393
-0.027676669752554714,0.33058268221949416,0.4342733599770512,3.9280636051127846,2.671281539125327,0.3308537924695698,1.0275020740385425
-0.027651897692520102,0.3304609969633411,0.4341831662270488,3.928246842612785,2.670902764125347,0.3302869049695847,1.0275501746635411
-0.02792583519251948,0.33024911795718515,0.433729609977058,3.9279722827509196,2.6727966391252513,0.3316096424695507,1.028127382163519
-0.02783452269251954,0.3306141737256448,0.43409124747706085,3.928033263121541,2.670808070375351,0.3306648299695749,1.0275501746635411
-0.027767982252554654,0.33097922949410485,0.43436182872706897,3.9278500256215407,2.6721337828752842,0.3308537924695698,1.0275982752885393
-0.027767982252554654,0.3311324062564086,0.4344520224770714,3.928033263121541,2.670902764125347,0.33075931121957236,1.0275982752885393
-0.02785929475255415,0.33110091475025794,0.4342699099770806,3.927911302380297,2.671376232875323,0.3306648299695749,1.0275982752885393
-0.027676669752554714,0.330672875969497,0.43409038497706853,3.92806390150092,2.670997457875342,0.3304758674695796,1.0275501746635411
-0.02795060725255409,0.3305511907133435,0.4340001912270657,3.9279722827509196,2.671470926625318,0.3309482737195677,1.0276463759135375
-0.02785929475255415,0.3304295054571904,0.43390999747706327,3.92806390150092,2.672039089125289,0.3308537924695698,1.0277425771635338
0.05181408952227681,0.3835439483499169,0.5224607201040746,3.9516243697903217,3.061538280983685,0.4519517798697738,1.3759456993624348
0.05154015202227788,0.38345375459991404,0.5220973576040863,3.9513498099284563,3.06144358723369,0.4520462611197717,1.3759456993624348
0.05181408952227681,0.38345375459991404,0.5225526388540621,3.951654711781565,3.061632974733681,0.4525186673697594,1.3760419006124311
0.05154015202227788,0.38345375459991404,0.5223705263540718,3.9514411322903213,3.06144358723369,0.4520462611197717,1.375993799987433
0.051631464522277376,0.38345375459991404,0.5221884138540814,3.951410790299078,3.061727668483676,0.4520462611197717,1.3760900012374293
0.05181408952227681,0.3835439483499169,0.522642832604065,3.951563093031565,3.062011749733661,0.45242418611976193,1.3761862024874256
0.05154015202227788,0.38345375459991404,0.522253171823032,3.9512885331696994,3.061538280983685,0.4522352236197666,1.3760419006124311
0.051631464522277376,0.3836341420999193,0.5225246155730324,3.9515327510403213,3.061538280983685,0.4520462611197717,1.3759456993624348
0.051631464522277376,0.38342226309376337,0.5225263405730175,3.951654711781565,3.061538280983685,0.45185729861977636,1.3759456993624348
0.051631464522277376,0.38342226309376337,0.5223442280730272,3.9515327510403213,3.061538280983685,0.45185729861977636,1.3760900012374293
0.05181408952227681,0.38342226309376337,0.5223442280730272,3.951349513540321,3.062011749733661,0.45242418611976193,1.3761862024874256
0.05183886158231143,0.38360265059376863,0.5224335593230373,3.9514717706697,3.061632974733681,0.45214074236976914,1.3761862024874256
0.05165623658231199,0.3835124568437662,0.52243442182303,3.9515327510403213,3.061632974733681,0.45214074236976914,1.3761862024874256
0.05183886158231143,0.38342226309376337,0.522253171823032,3.9515633894197,3.06144358723369,0.45185729861977636,1.3758975987374367
0.05183886158231143,0.3835124568437662,0.5223433655730348,3.9512885331696994,3.062295830983647,0.4527076298697547,1.3764267056124164
0.051564924082312495,0.38333206934376096,0.5219808655730392,3.9514414286784563,3.061822362233671,0.45214074236976914,1.3760900012374293
0.05183886158231143,0.3832418755937581,0.521955429791987,3.951410790299078,3.061822362233671,0.4522352236197666,1.3760419006124311
0.05183886158231143,0.3835124568437662,0.5225902360419757,3.951379855531564,3.061632974733681,0.4523297048697645,1.3760419006124311
0.05181408952227681,0.3831516818437557,0.5219562922919797,3.9513801519197,3.061538280983685,0.45214074236976914,1.3760419006124311
0.051722777022277316,0.38360265059376863,0.522589373541983,3.9515937314109433,3.0612541997336997,0.4519517798697738,1.3758975987374367
0.051631464522277376,0.38342226309376337,0.5222268735419874,3.9515633894197,3.061727668483676,0.4523297048697645,1.3759456993624348
0.051722777022277316,0.38360265059376863,0.5224072610419926,3.9513801519197,3.061727668483676,0.4522352236197666,1.3760419006124311
0.051631464522277376,0.3835124568437662,0.5224991797919806,3.9516853501609437,3.062485218483637,0.45308555486974494,1.3764748062374146
0.05181408952227681,0.38360265059376863,0.522589373541983,3.9515021126609433,3.061538280983685,0.45242418611976193,1.3761862024874256
0.051722777022277316,0.38342226309376337,0.5222268735419874,3.951196914419699,3.062011749733661,0.4526131486197568,1.3761862024874256
0.05154015202227788,0.38360265059376863,0.5224983172919878,3.9515327510403213,3.061822362233671,0.45242418611976193,1.3761381018624275
0.051996714522276694,0.38342226309376337,0.5224089860419777,3.951410493910943,3.061632974733681,0.4522352236197666,1.3761862024874256
0.051631464522277376,0.38342226309376337,0.5222268735419874,3.9514717706697,3.061538280983685,0.4525186673697594,1.375993799987433
0.051789317462242204,0.38342226309376337,0.5223179297919825,3.9515327510403213,3.061917055983666,0.4527076298697547,1.3761862024874256
0.05142406746224333,0.3835124568437662,0.5222260110419951,3.951410790299078,3.061538280983685,0.4525186673697594,1.3761381018624275
0.05151537996224327,0.3835124568437662,0.5224081235419854,3.9515327510403213,3.061632974733681,0.4522352236197666,1.3760900012374293
0.05133275496224339,0.38342226309376337,0.5222268735419874,3.9513801519197,3.061632974733681,0.4522352236197666,1.3760419006124311
0.05169800496224271,0.3835124568437662,0.5223818252609408,3.9512578947903205,3.061822362233671,0.4523297048697645,1.3760900012374293
0.05160669246224277,0.3835124568437662,0.522472881510936,3.9515021126609433,3.061917055983666,0.4522352236197666,1.3761381018624275
0.05151537996224327,0.38360265059376863,0.5222899065109529,3.951319171549078,3.061632974733681,0.4520462611197717,1.3760419006124311
0.05142406746224333,0.38360265059376863,0.5224720190109432,3.951349513540321,3.061538280983685,0.45242418611976193,1.3760900012374293
0.051880629962242145,0.38342226309376337,0.5225648002609234,3.9517156921521868,3.0613488934836948,0.45185729861977636,1.3759456993624348
0.05160669246224277,0.3832418755937581,0.5218380752609472,3.9511665724284555,3.061822362233671,0.4522352236197666,1.3760900012374293
0.051789317462242204,0.38342226309376337,0.5221095190109476,3.9515940277990786,3.061538280983685,0.4522352236197666,1.375993799987433
0.05151537996224327,0.38360265059376863,0.5222899065109529,3.951319171549078,3.0613488934836948,0.4522352236197666,1.3759456993624348
0.05151537996224327,0.3832418755937581,0.5219291315109423,3.951135934049077,3.061822362233671,0.4526131486197568,1.3761381018624275
0.05160669246224277,0.3835124568437662,0.522472881510936,3.9516853501609437,3.061632974733681,0.4520462611197717,1.3760419006124311
0.05142406746224333,0.38342226309376337,0.5222005752609428,3.9515633894197,3.061727668483676,0.4522352236197666,1.3760419006124311
0.05142406746224333,0.3835124568437662,0.522472881510936,3.9515021126609433,3.061917055983666,0.4525186673697594,1.3760900012374293
0.05151537996224327,0.3832418755937581,0.5221112440109327,3.9515327510403213,3.061822362233671,0.4525186673697594,1.3760900012374293
0.05160669246224277,0.38333206934376096,0.52192826901095,3.9511665724284555,3.061538280983685,0.45242418611976193,1.3759456993624348
0.05160669246224277,0.38360265059376863,0.5222899065109529,3.951319171549078,3.061917055983666,0.4523297048697645,1.3760419006124311
0.05160669246224277,0.3832418755937581,0.5221112440109327,3.9515327510403213,3.0612541997336997,0.4522352236197666,1.3758494981124385
0.051880629962242145,0.3833907715876127,0.5222005752609428,3.9513801519197,3.061917055983666,0.4525186673697594,1.3760900012374293
0.05142406746224333,0.38348096533761555,0.5221997127609505,3.9512275527990774,3.061822362233671,0.45242418611976193,1.3760900012374293
0.05160669246224277,0.3833907715876127,0.5221095190109476,3.9515940277990786,3.06144358723369,0.45214074236976914,1.3759456993624348
0.05169800496224271,0.38348096533761555,0.522472881510936,3.9515937314109433,3.061917055983666,0.4528965923697496,1.3760900012374293
0.051880629962242145,0.38353966758146735,0.5227451877609287,3.951807310902187,3.061822362233671,0.4525186673697594,1.3760900012374293
0.051789317462242204,0.3833592800814621,0.5223826877609331,3.951410493910943,3.061632974733681,0.4522352236197666,1.3759456993624348
0.05160669246224277,0.3833592800814621,0.5221095190109476,3.9512275527990774,3.062390524733642,0.4528965923697496,1.3762343031124238
0.05151537996224327,0.3833592800814621,0.5222005752609428,3.9514717706697,3.061822362233671,0.4523297048697645,1.3761381018624275
0.05169800496224271,0.38353966758146735,0.522380962760948,3.9513801519197,3.06144358723369,0.4522352236197666,1.3759456993624348
0.05160669246224277,0.3833592800814621,0.5222005752609428,3.9514717706697,3.061822362233671,0.45280211111975216,1.3762343031124238
0.05160669246224277,0.38353966758146735,0.5225630752609384,3.9515021126609433,3.061632974733681,0.45242418611976193,1.3762343031124238
0.05142406746224333,0.38344947383146494,0.5225639377609311,3.951654711781565,3.061727668483676,0.4526131486197568,1.3760900012374293
0.05160669246224277,0.38353966758146735,0.5225630752609384,3.9515937314109433,3.061632974733681,0.4523297048697645,1.3761862024874256
0.05160669246224277,0.3833592800814621,0.5220184627609524,3.9511665724284555,3.061727668483676,0.45242418611976193,1.3761381018624275
0.05169800496224271,0.3836298613314702,0.5228353815109316,3.951624073402187,3.061632974733681,0.45242418611976193,1.3761862024874256
0.05160669246224277,0.38353966758146735,0.5224720190109432,3.951349513540321,3.062295830983647,0.4528965923697496,1.3764267056124164
0.05142406746224333,0.38353966758146735,0.5225630752609384,3.9516853501609437,3.062106443483657,0.4527076298697547,1.3761862024874256
0.05151537996224327,0.3832690863314597,0.5222924940109307,3.951410493910943,3.061632974733681,0.45242418611976193,1.375993799987433
0.05151537996224327,0.3833592800814621,0.5222005752609428,3.9512885331696994,3.061917055983666,0.4526131486197568,1.3761381018624275
0.051880629962242145,0.3836298613314702,0.5226532690109412,3.9516853501609437,3.0612541997336997,0.45214074236976914,1.3757532968624422
0.05160669246224277,0.38344947383146494,0.5222907690109456,3.9514717706697,3.061632974733681,0.45280211111975216,1.376282403737422
0.05160669246224277,0.3833592800814621,0.5222916315109379,3.951349513540321,3.061632974733681,0.4526131486197568,1.3760900012374293
0.05151537996224327,0.3833907715876127,0.5220184627609524,3.9514414286784563,3.061538280983685,0.4526131486197568,1.3760900012374293
0.05142406746224333,0.38357115908761796,0.5222899065109529,3.9512275527990774,3.061727668483676,0.45242418611976193,1.3760419006124311
0.05160669246224277,0.3833907715876127,0.5220184627609524,3.9514414286784563,3.061632974733681,0.45242418611976193,1.3760419006124311
0.05160669246224277,0.38360265059376863,0.5225630752609384,3.951410493910943,3.061822362233671,0.45242418611976193,1.3760900012374293
0.05160669246224277,0.38342226309376337,0.5224737440109283,3.951563093031565,3.061538280983685,0.45242418611976193,1.3761381018624275
0.05169800496224271,0.38342226309376337,0.5221095190109476,3.951319171549078,3.062295830983647,0.45280211111975216,1.3761862024874256
0.05160669246224277,0.3832418755937581,0.5219291315109423,3.9515940277990786,3.061917055983666,0.4525186673697594,1.3760419006124311
0.051789317462242204,0.3835124568437662,0.5223818252609408,3.951349513540321,3.061822362233671,0.4526131486197568,1.3760900012374293
0.05142406746224333,0.3835124568437662,0.5222907690109456,3.9516550081697006,3.061822362233671,0.4525186673697594,1.3761862024874256
0.05169800496224271,0.38333206934376096,0.52192826901095,3.9510749536784555,3.061632974733681,0.45242418611976193,1.3761381018624275
0.05160669246224277,0.3836928443437715,0.5226532690109412,3.9513188751609425,3.0613488934836948,0.45214074236976914,1.3758494981124385
0.05160669246224277,0.38333206934376096,0.5223835502609259,3.951654711781565,3.062295830983647,0.45280211111975216,1.3761862024874256
0.05142406746224333,0.38360265059376863,0.522380962760948,3.9514717706697,3.061632974733681,0.4525186673697594,1.3760900012374293
0.05169800496224271,0.38360265059376863,0.522380962760948,3.9513801519197,3.061822362233671,0.4526131486197568,1.3760419006124311
0.051789317462242204,0.3832418755937581,0.5220201877609375,3.9512885331696994,3.061917055983666,0.4525186673697594,1.3760900012374293
0.05151537996224327,0.3835124568437662,0.5221086565109553,3.951533047428457,3.061632974733681,0.4526131486197568,1.3761862024874256
0.05160669246224277,0.3836928443437715,0.5224711565109509,3.9512885331696994,3.061727668483676,0.4525186673697594,1.3760900012374293
0.05151537996224327,0.3832418755937581,0.5220201877609375,3.9515633894197,3.061917055983666,0.45299107361974705,1.376282403737422
0.05151537996224327,0.38342226309376337,0.5223826877609331,3.9515937314109433,3.061822362233671,0.4526131486197568,1.3760900012374293
0.05151537996224327,0.3832418755937581,0.5220201877609375,3.9515633894197,3.061917055983666,0.4526131486197568,1.375993799987433
0.05169800496224271,0.3835124568437662,0.522472881510936,3.9513188751609425,3.061538280983685,0.45242418611976193,1.3760419006124311
0.05151537996224327,0.38360265059376863,0.5225630752609384,3.951410493910943,3.061727668483676,0.4526131486197568,1.3761381018624275
0.05160669246224277,0.38333206934376096,0.5221103815109404,3.951196914419699,3.061632974733681,0.4525186673697594,1.3761862024874256
0.05151537996224327,0.3835124568437662,0.522472881510936,3.9513188751609425,3.061822362233671,0.4526131486197568,1.3762343031124238
0.05160669246224277,0.3835124568437662,0.522472881510936,3.9515937314109433,3.061727668483676,0.4527076298697547,1.3762343031124238
0.05160669246224277,0.38360265059376863,0.5222899065109529,3.9515024090490782,3.061538280983685,0.45242418611976193,1.3760900012374293
0.05160669246224277,0.38342226309376337,0.5224737440109283,3.9514714742815644,3.061538280983685,0.4526131486197568,1.3760419006124311
0.05151537996224327,0.38360265059376863,0.5222899065109529,3.951410790299078,3.061538280983685,0.4525186673697594,1.3761381018624275
0.05133275496224339,0.3835124568437662,0.5223818252609408,3.9515327510403213,3.061917055983666,0.4523297048697645,1.3760419006124311
0.05160669246224277,0.3835124568437662,0.5223818252609408,3.951349513540321,3.061632974733681,0.4526131486197568,1.3761381018624275
0.05151537996224327,0.3835124568437662,0.5222907690109456,3.9515633894197,3.061917055983666,0.4525186673697594,1.3762343031124238
0.05169800496224271,0.3836928443437715,0.5226532690109412,3.9515937314109433,3.061822362233671,0.4523297048697645,1.3760900012374293
0.05151537996224327,0.38342226309376337,0.5221095190109476,3.9512275527990774,3.062295830983647,0.4526131486197568,1.376282403737422
0.05160669246224277,0.38360265059376863,0.5225630752609384,3.9516853501609437,3.0611595059837047,0.4522352236197666,1.3759456993624348
0.05151537996224327,0.38360265059376863,0.5220167377609669,3.951319467937213,3.061822362233671,0.4523297048697645,1.3760419006124311
0.05142406746224333,0.38342226309376337,0.5223826877609331,3.9515021126609433,3.061538280983685,0.4520462611197717,1.375993799987433
0.05160669246224277,0.3832418755937581,0.5220201877609375,3.9515633894197,3.061632974733681,0.4526131486197568,1.3760900012374293
0.05151537996224327,0.3832418755937581,0.5221112440109327,3.9515327510403213,3.061538280983685,0.45242418611976193,1.3758494981124385
0.05151537996224327,0.38342226309376337,0.5221095190109476,3.951319171549078,3.061917055983666,0.45299107361974705,1.3761381018624275
0.05142406746224333,0.38342226309376337,0.5223826877609331,3.9515937314109433,3.061822362233671,0.4526131486197568,1.3760900012374293
0.05142406746224333,0.3832418755937581,0.5222023002609278,3.9516853501609437,3.061538280983685,0.4526131486197568,1.3761381018624275
0.05160669246224277,0.3831516818437557,0.5218389377609399,3.9516856465490786,3.061538280983685,0.4523297048697645,1.3760419006124311
0.051490607902208656,0.3835124568437662,0.5221997127609505,3.9516856465490786,3.061822362233671,0.4525186673697594,1.3760900012374293
0.051399295402208715,0.38342226309376337,0.5220184627609524,3.9514414286784563,3.061917055983666,0.45299107361974705,1.376282403737422
0.05158192040220815,0.38342226309376337,0.5223826877609331,3.9516853501609437,3.062106443483657,0.4527076298697547,1.3761862024874256
0.05158192040220815,0.38342226309376337,0.5223826877609331,3.9516853501609437,3.061538280983685,0.4526131486197568,1.3760419006124311
0.051399295402208715,0.38342226309376337,0.5220184627609524,3.9514414286784563,3.061632974733681,0.45242418611976193,1.3760419006124311
0.05167323290220809,0.3836928443437715,0.5227443252609364,3.951654711781565,3.062106443483657,0.45280211111975216,1.3761381018624275
0.051399295402208715,0.38360265059376863,0.5222899065109529,3.951410790299078,3.061632974733681,0.45242418611976193,1.3760900012374293
0.051490607902208656,0.38342226309376337,0.5221095190109476,3.9515024090490782,3.061917055983666,0.4526131486197568,1.3760419006124311
0.051399295402208715,0.38342226309376337,0.5220184627609524,3.9514414286784563,3.0612541997336997,0.4522352236197666,1.3760419006124311
0.05158192040220815,0.3835124568437662,0.522472881510936,3.951410493910943,3.061727668483676,0.4525186673697594,1.3760900012374293
0.051490607902208656,0.38342226309376337,0.5221095190109476,3.951319171549078,3.061727668483676,0.4525186673697594,1.3760419006124311
0.05146583584217404,0.38342226309376337,0.5222916315109379,3.9515327510403213,3.061822362233671,0.45242418611976193,1.3762343031124238
0.05146583584217404,0.38342226309376337,0.5222005752609428,3.9514717706697,3.061538280983685,0.4525186673697594,1.3760419006124311
0.05146583584217404,0.3835124568437662,0.522472881510936,3.951410493910943,3.061632974733681,0.4526131486197568,1.3760900012374293
0.05146583584217404,0.38360265059376863,0.5225630752609384,3.9515021126609433,3.062295830983647,0.4528965923697496,1.3761381018624275
0.0513745233421741,0.3832418755937581,0.5220201877609375,3.9516550081697006,3.061727668483676,0.4525186673697594,1.3761381018624275
0.05164846084217348,0.3835124568437662,0.522472881510936,3.951410493910943,3.061538280983685,0.45214074236976914,1.3760419006124311
0.05146583584217404,0.38342226309376337,0.5225648002609234,3.9515324546521864,3.061632974733681,0.4525186673697594,1.3761862024874256
0.05155714834217354,0.38360265059376863,0.5224720190109432,3.9515327510403213,3.061632974733681,0.4525186673697594,1.3760900012374293
0.05173977334217297,0.3835124568437662,0.5223818252609408,3.9514411322903213,3.061727668483676,0.45242418611976193,1.3760900012374293
0.05146583584217404,0.38342226309376337,0.5222005752609428,3.9514717706697,3.061632974733681,0.4527076298697547,1.3761381018624275
0.0513745233421741,0.38342226309376337,0.5221095190109476,3.951319171549078,3.061632974733681,0.4526131486197568,1.3762343031124238
0.05173977334217297,0.3835124568437662,0.5222907690109456,3.9514717706697,3.062295830983647,0.45299107361974705,1.3763786049874183
0.051831085842172914,0.38360265059376863,0.5222899065109529,3.951319171549078,3.061632974733681,0.4527076298697547,1.3760900012374293
0.05155714834217354,0.38342226309376337,0.5222005752609428,3.9515633894197,3.062011749733661,0.45280211111975216,1.37633050436242
0.051831085842172914,0.3835124568437662,0.5223818252609408,3.951807607290322,3.061632974733681,0.4527076298697547,1.3762343031124238
0.05164846084217348,0.3836928443437715,0.5223801002609557,3.951410790299078,3.061822362233671,0.45214074236976914,1.3760419006124311
0.05155714834217354,0.3835124568437662,0.522472881510936,3.951410493910943,3.061538280983685,0.4522352236197666,1.3758975987374367
0.05146583584217404,0.38357115908761796,0.522380962760948,3.9514717706697,3.061822362233671,0.4526131486197568,1.3760419006124311
0.05176454540220759,0.38357115908761796,0.5222899065109529,3.9515024090490782,3.061917055983666,0.4526131486197568,1.376282403737422
0.051490607902208656,0.3832690863314597,0.5220193252609452,3.9515024090490782,3.062106443483657,0.4526131486197568,1.3762343031124238
0.051490607902208656,0.3833592800814621,0.5223826877609331,3.951776968910944,3.061538280983685,0.45214074236976914,1.3759456993624348
0.051490607902208656,0.3833592800814621,0.5222005752609428,3.951196914419699,3.061538280983685,0.45214074236976914,1.375993799987433
0.05167323290220809,0.38344947383146494,0.5225639377609311,3.951654711781565,3.062295830983647,0.4526131486197568,1.3761862024874256
0.05158192040220815,0.3833592800814621,0.5222005752609428,3.9513801519197,3.061917055983666,0.4526131486197568,1.3761862024874256
0.05167323290220809,0.3833592800814621,0.5222005752609428,3.9514717706697,3.062295830983647,0.45299107361974705,1.3761381018624275
0.05158192040220815,0.3833592800814621,0.5221095190109476,3.9515024090490782,3.062295830983647,0.45280211111975216,1.3762343031124238
0.051490607902208656,0.3837200550814726,0.5222881815109678,3.9512888295578343,3.061538280983685,0.4525186673697594,1.3760419006124311
0.05158192040220815,0.3833592800814621,0.5221095190109476,3.9515024090490782,3.061727668483676,0.4527076298697547,1.3760419006124311
0.051490607902208656,0.38344947383146494,0.522472881510936,3.9515937314109433,3.0610648122337087,0.45214074236976914,1.3759456993624348
0.05176454540220759,0.38353966758146735,0.5225630752609384,3.9513188751609425,3.061538280983685,0.4525186673697594,1.3761862024874256
0.05176454540220759,0.38344947383146494,0.522472881510936,3.9515021126609433,3.062106443483657,0.4526131486197568,1.3762343031124238
0.05158192040220815,0.38344947383146494,0.5222907690109456,3.9517466269197006,3.062295830983647,0.45280211111975216,1.3760419006124311
0.05158192040220815,0.3831788925814568,0.522293356510923,3.951563093031565,3.061917055983666,0.4526131486197568,1.3761381018624275
0.05158192040220815,0.3832690863314597,0.5221103815109404,3.9512885331696994,3.061632974733681,0.4526131486197568,1.376282403737422
0.051490607902208656,0.3833592800814621,0.5220184627609524,3.9514414286784563,3.061727668483676,0.4526131486197568,1.3761381018624275
0.05158192040220815,0.38344947383146494,0.5221086565109553,3.9511665724284555,3.061822362233671,0.4525186673697594,1.3761381018624275
0.05176454540220759,0.38353966758146735,0.5224720190109432,3.9515327510403213,3.061822362233671,0.4526131486197568,1.3761862024874256
0.051490607902208656,0.38344947383146494,0.5222907690109456,3.9514717706697,3.061917055983666,0.45280211111975216,1.3761381018624275
0.05176454540220759,0.3833005778376103,0.5222014377609355,3.9515327510403213,3.061822362233671,0.4527076298697547,1.3760419006124311
0.05167323290220809,0.3833907715876127,0.5222005752609428,3.9516550081697006,3.061727668483676,0.4526131486197568,1.3761862024874256
0.05158192040220815,0.38348096533761555,0.5221086565109553,3.9512581911784563,3.0613488934836948,0.4522352236197666,1.3760419006124311
0.051490607902208656,0.38321038408760744,0.5219291315109423,3.951410790299078,3.061917055983666,0.4527076298697547,1.3761862024874256
0.051490607902208656,0.38348096533761555,0.5221997127609505,3.951410790299078,3.061917055983666,0.45280211111975216,1.3761862024874256
0.05167323290220809,0.3833005778376103,0.5221103815109404,3.9515633894197,3.06144358723369,0.4525186673697594,1.3760419006124311
0.05167323290220809,0.38348096533761555,0.5221997127609505,3.951410790299078,3.061727668483676,0.4526131486197568,1.3760419006124311
0.05158192040220815,0.3833907715876127,0.5220184627609524,3.9513498099284563,3.062295830983647,0.45280211111975216,1.3762343031124238
0.051490607902208656,0.38348096533761555,0.5223818252609408,3.9515327510403213,3.061727668483676,0.4526131486197568,1.3760419006124311
0.05167323290220809,0.38348096533761555,0.522472881510936,3.951410493910943,3.061727668483676,0.4525186673697594,1.3760900012374293
0.051490607902208656,0.3830299965876026,0.5217487440109375,3.9515024090490782,3.061917055983666,0.4526131486197568,1.3761862024874256
0.051490607902208656,0.38348096533761555,0.5223818252609408,3.951349513540321,3.061917055983666,0.4525186673697594,1.3760419006124311
0.05169800496224271,0.38357115908761796,0.5225630752609384,3.9515021126609433,3.062106443483657,0.45280211111975216,1.3761862024874256
0.051789317462242204,0.38357115908761796,0.5224720190109432,3.951349513540321,3.061538280983685,0.4522352236197666,1.3761381018624275
0.05169800496224271,0.3833907715876127,0.5221095190109476,3.951410790299078,3.061632974733681,0.4525186673697594,1.375993799987433
0.05169800496224271,0.38357115908761796,0.5221988502609577,3.9514414286784563,3.061632974733681,0.4526131486197568,1.3761381018624275
0.05142406746224333,0.3833907715876127,0.5223826877609331,3.9515937314109433,3.062295830983647,0.45299107361974705,1.376282403737422
0.05151537996224327,0.3833005778376103,0.5221103815109404,3.9514717706697,3.061727668483676,0.45242418611976193,1.3759456993624348
0.05160669246224277,0.38357115908761796,0.5221988502609577,3.951624666178457,3.061727668483676,0.45280211111975216,1.3761381018624275
0.05151537996224327,0.3833005778376103,0.5220193252609452,3.951777265299079,3.061632974733681,0.4526131486197568,1.3760900012374293
0.051789317462242204,0.38348096533761555,0.522472881510936,3.9515021126609433,3.061538280983685,0.4526131486197568,1.3762343031124238
0.051789317462242204,0.3833005778376103,0.5221103815109404,3.9515633894197,3.061822362233671,0.4526131486197568,1.3760419006124311
0.051880629962242145,0.38357115908761796,0.522380962760948,3.9514717706697,3.061917055983666,0.4522352236197666,1.3761862024874256
0.05169800496224271,0.38357115908761796,0.5224720190109432,3.951349513540321,3.061632974733681,0.45280211111975216,1.3760419006124311
0.05169800496224271,0.38348096533761555,0.5221997127609505,3.951135934049077,3.061632974733681,0.4522352236197666,1.3759456993624348
0.05160669246224277,0.38357115908761796,0.522380962760948,3.9515633894197,3.061727668483676,0.4526131486197568,1.3760419006124311
0.05151537996224327,0.38348096533761555,0.522472881510936,3.951410493910943,3.061917055983666,0.4527076298697547,1.376282403737422
0.05142406746224333,0.3833907715876127,0.5223826877609331,3.951410493910943,3.06144358723369,0.4522352236197666,1.375993799987433
0.051789317462242204,0.38348096533761555,0.5222907690109456,3.9512885331696994,3.061822362233671,0.4526131486197568,1.3760900012374293
0.051789317462242204,0.38357115908761796,0.522380962760948,3.9513801519197,3.061538280983685,0.4522352236197666,1.3760419006124311
0.05160669246224277,0.3833907715876127,0.5222005752609428,3.9512885331696994,3.061917055983666,0.4525186673697594,1.375993799987433
0.05160669246224277,0.38348096533761555,0.5223818252609408,3.951349513540321,3.062011749733661,0.4526131486197568,1.3762343031124238
0.05169800496224271,0.38357115908761796,0.5222899065109529,3.9515024090490782,3.061917055983666,0.45242418611976193,1.3761381018624275
0.051789317462242204,0.3833907715876127,0.5221095190109476,3.951319171549078,3.061538280983685,0.4523297048697645,1.3759456993624348
0.051789317462242204,0.3837515465876232,0.5227434627609436,3.9513188751609425,3.061917055983666,0.4525186673697594,1.3761381018624275
0.05160669246224277,0.38348096533761555,0.5222907690109456,3.9514717706697,3.061632974733681,0.4527076298697547,1.3760419006124311
0.05142406746224333,0.3837515465876232,0.5226524065109485,3.9515327510403213,3.061822362233671,0.4525186673697594,1.3761381018624275
0.05160669246224277,0.38357115908761796,0.522380962760948,3.9517466269197006,3.061822362233671,0.4527076298697547,1.3760419006124311
0.05160669246224277,0.38348096533761555,0.5221997127609505,3.951410790299078,3.062295830983647,0.4531800361197424,1.3764267056124164
0.05160669246224277,0.3836613528376208,0.5223801002609557,3.951319171549078,3.061632974733681,0.4525186673697594,1.3760900012374293
0.051789317462242204,0.38357115908761796,0.522380962760948,3.9514717706697,3.062295830983647,0.4528965923697496,1.37633050436242
0.05142406746224333,0.3833907715876127,0.5221095190109476,3.951410790299078,3.061917055983666,0.4528965923697496,1.3762343031124238
0.05160669246224277,0.38348096533761555,0.522472881510936,3.9515937314109433,3.061822362233671,0.45280211111975216,1.3760900012374293
0.051789317462242204,0.38357115908761796,0.5224720190109432,3.9516243697903217,3.062295830983647,0.45299107361974705,1.376282403737422
0.05160669246224277,0.3833907715876127,0.5222005752609428,3.9512885331696994,3.061917055983666,0.45299107361974705,1.3761381018624275
0.05160669246224277,0.3833907715876127,0.5220184627609524,3.9514414286784563,3.061917055983666,0.4526131486197568,1.3761862024874256
0.05160669246224277,0.38348096533761555,0.5223818252609408,3.9514411322903213,3.061822362233671,0.4526131486197568,1.3761381018624275
0.05151537996224327,0.3833907715876127,0.5222005752609428,3.9516550081697006,3.061822362233671,0.4526131486197568,1.3761381018624275
0.05169800496224271,0.38357115908761796,0.522380962760948,3.951196914419699,3.061727668483676,0.45242418611976193,1.3760419006124311
0.051789317462242204,0.3836928443437715,0.5223801002609557,3.951410790299078,3.062295830983647,0.45308555486974494,1.376282403737422
0.051789317462242204,0.3835124568437662,0.5221997127609505,3.951410790299078,3.061822362233671,0.4525186673697594,1.3762343031124238
0.05151537996224327,0.38342226309376337,0.5218363502609616,3.951319467937213,3.061538280983685,0.45242418611976193,1.3760419006124311
0.05151537996224327,0.38387323184377675,0.5228336565109465,3.9515937314109433,3.061538280983685,0.45242418611976193,1.3760900012374293
0.051789317462242204,0.38360265059376863,0.5225630752609384,3.951410493910943,3.061538280983685,0.4525186673697594,1.3760900012374293
0.05142406746224333,0.38360265059376863,0.5221988502609577,3.9514414286784563,3.061727668483676,0.4526131486197568,1.3760419006124311
0.05160669246224277,0.3832418755937581,0.5219291315109423,3.9515024090490782,3.06144358723369,0.45242418611976193,1.3760419006124311
0.05160669246224277,0.38342226309376337,0.5221095190109476,3.9512275527990774,3.061632974733681,0.4527076298697547,1.3761862024874256
0.05151537996224327,0.38342226309376337,0.5222005752609428,3.9514717706697,3.061917055983666,0.4527076298697547,1.3761381018624275
0.051789317462242204,0.38360265059376863,0.5224720190109432,3.9516243697903217,3.061917055983666,0.4528965923697496,1.3761381018624275
0.05160669246224277,0.38360265059376863,0.5224720190109432,3.9512578947903205,3.061727668483676,0.4525186673697594,1.375993799987433
0.05160669246224277,0.38342226309376337,0.5222005752609428,3.9515633894197,3.062295830983647,0.45308555486974494,1.37633050436242
0.051789317462242204,0.3835439483499169,0.5221997127609505,3.9512275527990774,3.061917055983666,0.4522352236197666,1.3760900012374293
0.051789317462242204,0.3836341420999193,0.5224720190109432,3.951349513540321,3.061538280983685,0.4523297048697645,1.3760419006124311
0.05160669246224277,0.3835439483499169,0.522472881510936,3.9516853501609437,3.061822362233671,0.4525186673697594,1.3760419006124311
0.05151537996224327,0.3835439483499169,0.522472881510936,3.951410493910943,3.061632974733681,0.4526131486197568,1.375993799987433
0.05160669246224277,0.3835439483499169,0.5221997127609505,3.9512275527990774,3.062390524733642,0.45299107361974705,1.37633050436242
0.05160669246224277,0.38336356084991163,0.5220193252609452,3.9515024090490782,3.061822362233671,0.45280211111975216,1.3761381018624275
0.05151537996224327,0.38372433584992216,0.5224711565109509,3.9513801519197,3.061632974733681,0.4525186673697594,1.3760900012374293
0.05160669246224277,0.38345375459991404,0.5222005752609428,3.9514717706697,3.0613488934836948,0.45214074236976914,1.3758975987374367
0.05151537996224327,0.38345375459991404,0.5220184627609524,3.9514414286784563,3.061538280983685,0.4522352236197666,1.3760419006124311
0.05169800496224271,0.3832733670999088,0.5220201877609375,3.9515633894197,3.061727668483676,0.4526131486197568,1.3760900012374293
0.05142406746224333,0.38336356084991163,0.5222014377609355,3.9515327510403213,3.061822362233671,0.4526131486197568,1.3761381018624275
0.05142406746224333,0.3835439483499169,0.522472881510936,3.9516853501609437,3.061917055983666,0.45299107361974705,1.3761862024874256
0.051789317462242204,0.3835439483499169,0.5221997127609505,3.9515024090490782,3.061822362233671,0.4526131486197568,1.3761381018624275
0.05160669246224277,0.38372433584992216,0.5221979877609654,3.9513804483078347,3.061632974733681,0.4525186673697594,1.3760900012374293
0.05169800496224271,0.38345375459991404,0.5220184627609524,3.9513498099284563,3.061822362233671,0.45280211111975216,1.3761862024874256
0.05151537996224327,0.38345375459991404,0.5222005752609428,3.9514717706697,3.061917055983666,0.45280211111975216,1.3762343031124238
0.051789317462242204,0.38345375459991404,0.5221095190109476,3.9515024090490782,3.061917055983666,0.4526131486197568,1.3760900012374293
0.05160669246224277,0.3836341420999193,0.5224720190109432,3.9516243697903217,3.062106443483657,0.45308555486974494,1.376282403737422
0.05142406746224333,0.38333206934376096,0.52192826901095,3.9513498099284563,3.061632974733681,0.4527076298697547,1.3761381018624275
0.051789317462242204,0.3835124568437662,0.522472881510936,3.951410493910943,3.061727668483676,0.4526131486197568,1.3760900012374293
0.05160669246224277,0.3832418755937581,0.5220201877609375,3.9514717706697,3.062295830983647,0.4526131486197568,1.376282403737422
0.05160669246224277,0.38342226309376337,0.5222916315109379,3.9514411322903213,3.061917055983666,0.4527076298697547,1.3761862024874256
0.05160669246224277,0.38342226309376337,0.5221095190109476,3.951319171549078,3.061822362233671,0.4527076298697547,1.3762343031124238
0.05151537996224327,0.38342226309376337,0.5220184627609524,3.9514414286784563,3.062011749733661,0.4526131486197568,1.3760900012374293
0.05142406746224333,0.3835124568437662,0.522472881510936,3.951410493910943,3.061917055983666,0.4527076298697547,1.3761381018624275
0.05151537996224327,0.38342226309376337,0.5221095190109476,3.951410790299078,3.061917055983666,0.4526131486197568,1.3762343031124238
0.05160669246224277,0.38360265059376863,0.5225630752609384,3.951410493910943,3.0612541997336997,0.45242418611976193,1.3758494981124385
0.05169800496224271,0.38360265059376863,0.522380962760948,3.9513801519197,3.061917055983666,0.4526131486197568,1.3760419006124311
0.13093959879710948,0.4356304877180145,0.6093406200758704,3.974873084866054,3.471048821254768,0.5858998950676455,1.7361258771858803
0.13073220173707542,0.4356304877180145,0.6089763950758893,3.9747207821335664,3.470764740004782,0.5858054138176476,1.7361739778108785
0.13091482673707486,0.4355402939680121,0.6089509592948374,3.974965000004189,3.4708594337547773,0.5857109325676502,1.7361258771858803
0.1307074296770408,0.4356891899618667,0.6091313467948427,3.9745985250041875,3.4709541275047724,0.585994376317643,1.7361258771858803
0.1307074296770408,0.4355989962118638,0.6089500967948447,3.9747207821335664,3.4705753525047918,0.5857109325676502,1.7361739778108785
0.13098136717704018,0.4356891899618667,0.6092224030448383,3.974625441315151,3.4705753525047918,0.5858054138176476,1.7361258771858803
0.1307074296770408,0.4355088024618614,0.6092241280448234,3.9751138770563954,3.4709541275047724,0.5858998950676455,1.7362701790608748
0.13061611717704086,0.4357793837118691,0.6092215405448451,3.97493093594453,3.471238208754758,0.5862778200676357,1.7365106821858656
0.13079874217704074,0.4355989962118638,0.609196967263786,3.975144515435774,3.4709541275047724,0.5858054138176476,1.7360777765608821
0.13089005467704024,0.4356891899618667,0.6090139922638029,3.9746867180739076,3.4709541275047724,0.5858998950676455,1.7360777765608821
0.1307074296770408,0.4355989962118638,0.6090148547637952,3.97483931719453,3.4708594337547773,0.5858998950676455,1.7362701790608748
0.13089005467704024,0.4355088024618614,0.6089246610137928,3.97483931719453,3.4709541275047724,0.585994376317643,1.7362701790608748
0.13098136717704018,0.4355088024618614,0.6091067735137836,3.9750528966857734,3.4703859650048012,0.5853330075676599,1.7360777765608821
0.1307074296770408,0.4355088024618614,0.6088336047637977,3.974869955573908,3.4709541275047724,0.5858998950676455,1.7362701790608748
0.1307074296770408,0.4351480274618509,0.6084728297637871,3.9749615743239084,3.4704806587547963,0.5858998950676455,1.7361739778108785
0.13061611717704086,0.4353871172057079,0.6087434110137948,3.9746867180739076,3.4708594337547773,0.5858998950676455,1.7361258771858803
0.13089005467704024,0.43547731095571074,0.6089246610137928,3.974656079694529,3.471143515004763,0.585994376317643,1.736318279685873
0.13089005467704024,0.43556750470571315,0.6091059110137909,3.974900297565152,3.4709541275047724,0.5857109325676502,1.736318279685873
0.13061611717704086,0.435657698455716,0.6090139922638029,3.9746867180739076,3.4708594337547773,0.5860888575676404,1.7361739778108785
0.1307074296770408,0.43556750470571315,0.609196967263786,3.9749612779357735,3.471143515004763,0.5857109325676502,1.7361739778108785
0.13061611717704086,0.4352067297057026,0.6085630235137895,3.974869955573908,3.470670046254787,0.5860888575676404,1.7361739778108785
0.13061611717704086,0.435657698455716,0.6091961047637937,3.9748086788151515,3.471048821254768,0.5858998950676455,1.7362220784358766
0.13089005467704024,0.4352969234557055,0.6086532172637924,3.9746867180739076,3.470764740004782,0.5857109325676502,1.7362701790608748
0.13079874217704074,0.435657698455716,0.6091050485137981,3.97493093594453,3.4705753525047918,0.5855219700676553,1.7360777765608821
0.13079874217704074,0.4353871172057079,0.6089255235137856,3.974717060065151,3.471143515004763,0.585994376317643,1.7362220784358766
0.13098136717704018,0.43556750470571315,0.6091059110137909,3.974991916315152,3.470764740004782,0.5857109325676502,1.7361739778108785
0.13107267967704012,0.43556750470571315,0.6092880235137812,3.9752971145563962,3.4708594337547773,0.5857109325676502,1.7361258771858803
0.13089005467704024,0.435657698455716,0.6091961047637937,3.974991916315152,3.471048821254768,0.5858998950676455,1.7362220784358766
0.13061611717704086,0.43556750470571315,0.6090148547637952,3.974747698444529,3.471143515004763,0.5858054138176476,1.7362220784358766
0.13107267967704012,0.435657698455716,0.609378217263784,3.9751138770563954,3.4709541275047724,0.5856164513176527,1.736366380310871
0.13089005467704024,0.4352969234557055,0.6088353297637832,3.974991916315152,3.470764740004782,0.5855219700676553,1.7360777765608821
0.13089005467704024,0.4353871172057079,0.6089255235137856,3.974625441315151,3.4709541275047724,0.5858054138176476,1.7361739778108785
0.13089005467704024,0.4353871172057079,0.6089255235137856,3.9751751538151527,3.4708594337547773,0.5858998950676455,1.7362220784358766
0.13079874217704074,0.43547731095571074,0.6088336047637977,3.974869955573908,3.470670046254787,0.5858998950676455,1.7362701790608748
0.13089005467704024,0.4357478922057184,0.6096505235137768,3.9753274565476393,3.470670046254787,0.5857109325676502,1.7361739778108785
0.13089005467704024,0.43556750470571315,0.6090148547637952,3.974747698444529,3.4715222900047435,0.586655745067626,1.7367030846858582
0.1307074296770408,0.4353871172057079,0.6086523547637996,3.974808975203286,3.4713329025047535,0.5857109325676502,1.7362701790608748
0.13089005467704024,0.435657698455716,0.6092871610137889,3.9752361341857743,3.4708594337547773,0.5858054138176476,1.7361739778108785
0.13079874217704074,0.4353871172057079,0.6091076360137759,3.9751138770563954,3.470764740004782,0.5855219700676553,1.736029675935884
0.13089005467704024,0.43547731095571074,0.6090157172637884,3.9748086788151515,3.471048821254768,0.5858998950676455,1.7362701790608748
0.1307074296770408,0.43547731095571074,0.6091067735137836,3.9749612779357735,3.4708594337547773,0.5858054138176476,1.7361258771858803
0.13061611717704086,0.4357478922057184,0.6091041860138053,3.974595099323907,3.471048821254768,0.5857109325676502,1.7361258771858803
0.13052480467704136,0.4353871172057079,0.60883446726379,3.97502255469453,3.4705753525047918,0.5853330075676599,1.7361258771858803
0.1307074296770408,0.4353871172057079,0.60883446726379,3.9751141734445308,3.4709541275047724,0.5858054138176476,1.7362220784358766
0.13079874217704074,0.43556750470571315,0.609196967263786,3.9746864216857727,3.4708594337547773,0.5858998950676455,1.7360777765608821
0.13089005467704024,0.43556750470571315,0.609196967263786,3.9752361341857743,3.4708594337547773,0.5860888575676404,1.7364625815608674
0.13089005467704024,0.435657698455716,0.6092871610137889,3.9746864216857727,3.471048821254768,0.5857109325676502,1.7361258771858803
0.1307074296770408,0.4353871172057079,0.6090165797637808,3.9750528966857734,3.471143515004763,0.5862778200676357,1.7364625815608674
0.13079874217704074,0.435657698455716,0.6091050485137981,3.97502255469453,3.4709541275047724,0.5857109325676502,1.7362220784358766
0.13098136717704018,0.43547731095571074,0.6089246610137928,3.974564460944529,3.471048821254768,0.5857109325676502,1.736318279685873
0.13098136717704018,0.4353871172057079,0.60883446726379,3.9751141734445308,3.4708594337547773,0.5855219700676553,1.7361739778108785
0.13079874217704074,0.43556750470571315,0.6091059110137909,3.9748086788151515,3.4708594337547773,0.5857109325676502,1.7361739778108785
0.13089005467704024,0.4352969234557055,0.6086532172637924,3.974869955573908,3.470670046254787,0.5858998950676455,1.7361739778108785
0.1307074296770408,0.43556750470571315,0.6089885564827506,3.97493093594453,3.470670046254787,0.5858998950676455,1.7360777765608821
0.1307074296770408,0.435657698455716,0.6088966377327631,3.9749005939532864,3.4709541275047724,0.585994376317643,1.736318279685873
0.13089005467704024,0.43547731095571074,0.608807306482753,3.974778336823908,3.4714275962547485,0.5864667825676306,1.7365587828108637
0.13089005467704024,0.43556750470571315,0.6091706689827414,3.9749612779357735,3.471143515004763,0.5858998950676455,1.736366380310871
0.13098136717704018,0.4353871172057079,0.6089902814827362,3.974869659185773,3.4708594337547773,0.585994376317643,1.7361739778108785
0.13079874217704074,0.4353871172057079,0.608899225232741,3.974991916315152,3.4709541275047724,0.5857109325676502,1.7361739778108785
0.13082351423707536,0.4353871172057079,0.6087171127327502,3.974778336823908,3.470670046254787,0.5855219700676553,1.7361258771858803
0.13091482673707486,0.43556750470571315,0.6092617252327366,3.974873084866054,3.470670046254787,0.5855219700676553,1.7359815753108858
0.1310061392370748,0.43556750470571315,0.6090796127327462,3.9748427428748103,3.4705753525047918,0.5856164513176527,1.7361739778108785
0.13073220173707542,0.4353871172057079,0.608899225232741,3.9745678866248095,3.4705753525047918,0.5854274888176574,1.7359334746858877
0.13082351423707536,0.4352969234557055,0.6088090314827386,3.9749343616248107,3.4708594337547773,0.5855219700676553,1.736318279685873
0.13073220173707542,0.4353871172057079,0.608899225232741,3.9748427428748103,3.4715222900047435,0.5862778200676357,1.7364144809358693
0.13079874217704074,0.4357478922057184,0.609533168982737,3.974842446486675,3.4709541275047724,0.5857109325676502,1.7361739778108785
0.1307074296770408,0.4352969234557055,0.608717975232743,3.9748733812541883,3.4709541275047724,0.5857109325676502,1.7361258771858803
0.13089005467704024,0.4353871172057079,0.6089902814827362,3.974812104495432,3.4713329025047535,0.5862778200676357,1.736318279685873
0.1307074296770408,0.4352969234557055,0.6086269189827478,3.9747207821335664,3.471143515004763,0.5858998950676455,1.7362701790608748
0.13098136717704018,0.43547731095571074,0.6091715314827342,3.974964703616054,3.471048821254768,0.585994376317643,1.7362701790608748
0.1307074296770408,0.43556750470571315,0.6089885564827506,3.9748733812541883,3.471048821254768,0.5860888575676404,1.7361739778108785
0.1307074296770408,0.4352969234557055,0.6086269189827478,3.9747207821335664,3.4708594337547773,0.5858998950676455,1.7361739778108785
0.13089005467704024,0.4352067297057026,0.6086277814827401,3.975056618754189,3.471143515004763,0.5862778200676357,1.736318279685873
0.13089005467704024,0.4353871172057079,0.608899225232741,3.9748427428748103,3.471143515004763,0.585994376317643,1.736318279685873
0.13086528261700564,0.43556750470571315,0.6088975002327555,3.974537544633566,3.4709541275047724,0.5858054138176476,1.7361258771858803
0.13077397011700614,0.43556750470571315,0.6088975002327555,3.974537544633566,3.470670046254787,0.5858998950676455,1.7361258771858803
0.13077397011700614,0.4353871172057079,0.6090813377327313,3.974873084866054,3.4708594337547773,0.5860888575676404,1.7362220784358766
0.13095659511700558,0.43556750470571315,0.6091706689827414,3.974628866995431,3.4709541275047724,0.5857109325676502,1.7361258771858803
0.13086528261700564,0.4353871172057079,0.6088081689827454,3.9747817625041884,3.471143515004763,0.585994376317643,1.7362220784358766
0.13077397011700614,0.43547731095571074,0.6089894189827438,3.9749343616248107,3.470764740004782,0.5857109325676502,1.7362701790608748
0.1306826576170062,0.4353871172057079,0.608899225232741,3.9749343616248107,3.470764740004782,0.5858998950676455,1.736318279685873
0.13104790761700552,0.4353871172057079,0.6090813377327313,3.974873084866054,3.4709541275047724,0.5858998950676455,1.7362701790608748
0.1306826576170062,0.4353871172057079,0.608899225232741,3.9749343616248107,3.471143515004763,0.5858998950676455,1.736318279685873
0.13050003261700677,0.43556750470571315,0.6088975002327555,3.9746291633835664,3.4709541275047724,0.5857109325676502,1.7361739778108785
0.13059134511700626,0.4352969234557055,0.608717975232743,3.9745985250041875,3.471048821254768,0.5858998950676455,1.7362701790608748
0.13086528261700564,0.43547731095571074,0.609080475232739,3.9747204857454315,3.470764740004782,0.5856164513176527,1.7361739778108785
0.13086528261700564,0.43556750470571315,0.6090796127327462,3.9747511241248104,3.4708594337547773,0.5857109325676502,1.7361258771858803
0.13086528261700564,0.43556750470571315,0.6090796127327462,3.9749343616248107,3.4713329025047535,0.5864667825676306,1.7364625815608674
0.13095659511700558,0.4353871172057079,0.6088081689827454,3.9748733812541883,3.470670046254787,0.5857109325676502,1.7362220784358766
0.1306826576170062,0.4352969234557055,0.6088090314827386,3.9748427428748103,3.4709541275047724,0.5857109325676502,1.7360777765608821
0.13086528261700564,0.435657698455716,0.6091698064827491,3.9749343616248107,3.471048821254768,0.5858054138176476,1.7362220784358766
0.13077397011700614,0.4352969234557055,0.6088090314827386,3.9748427428748103,3.4709541275047724,0.5860888575676404,1.7362701790608748
0.13086528261700564,0.43547731095571074,0.6091978297637788,3.975056322366054,3.471048821254768,0.5856164513176527,1.736029675935884
0.13059134511700626,0.43547731095571074,0.6089246610137928,3.974965000004189,3.4708594337547773,0.5858054138176476,1.7362220784358766
0.13059134511700626,0.43556750470571315,0.6090148547637952,3.9748733812541883,3.471048821254768,0.5858054138176476,1.7361258771858803
0.13086528261700564,0.43556750470571315,0.6091059110137909,3.975117599124811,3.4709541275047724,0.5858054138176476,1.7364144809358693
0.1306826576170062,0.43547731095571074,0.6090157172637884,3.9748427428748103,3.470670046254787,0.5857109325676502,1.7361258771858803
0.13077397011700614,0.4352969234557055,0.6088353297637832,3.97465950537481,3.470764740004782,0.5858998950676455,1.7361739778108785
0.13086528261700564,0.43544581944956007,0.6091978297637788,3.9751479411160546,3.470764740004782,0.5858054138176476,1.7361739778108785
0.1306826576170062,0.4353556256995572,0.6089255235137856,3.9749343616248107,3.4709541275047724,0.5858998950676455,1.7362701790608748
0.13059134511700626,0.43562620694956533,0.6095603297637744,3.9751782831072977,3.4708594337547773,0.5857109325676502,1.7362220784358766
0.13077397011700614,0.43559471544341466,0.6092871610137889,3.9750869607454327,3.470764740004782,0.5856164513176527,1.7360777765608821
0.1306826576170062,0.4355045216934118,0.6091059110137909,3.9748427428748103,3.4708594337547773,0.5857109325676502,1.7361739778108785
0.13077397011700614,0.4354143279434094,0.6090157172637884,3.97465950537481,3.4709541275047724,0.5858998950676455,1.7362701790608748
0.13095659511700558,0.4355045216934118,0.6091059110137909,3.975117599124811,3.470670046254787,0.5857109325676502,1.7362220784358766
0.13059134511700626,0.43523394044340413,0.6089263860137784,3.9751785794954326,3.471048821254768,0.5857109325676502,1.7362701790608748
0.13095659511700558,0.4354143279434094,0.6089246610137928,3.9746901437541884,3.471048821254768,0.5858998950676455,1.7361739778108785
0.1306826576170062,0.43532413419340654,0.6091076360137759,3.975056322366054,3.4715222900047435,0.5862778200676357,1.7365106821858656
0.13050003261700677,0.4354143279434094,0.6088336047637977,3.974904019633567,3.4709541275047724,0.5858054138176476,1.7361258771858803
0.1306826576170062,0.4354143279434094,0.6090157172637884,3.97465950537481,3.471048821254768,0.5858054138176476,1.7362701790608748
0.13077397011700614,0.4354143279434094,0.6090157172637884,3.9748427428748103,3.4713329025047535,0.5863723013176332,1.736318279685873
0.13077397011700614,0.4351437466934013,0.6087451360137803,3.9748427428748103,3.470670046254787,0.5856164513176527,1.7361258771858803
0.1306826576170062,0.43532413419340654,0.60883446726379,3.9748733812541883,3.470670046254787,0.5855219700676553,1.7361258771858803
0.13059134511700626,0.4351437466934013,0.6089272485137707,3.974964703616054,3.471048821254768,0.5856164513176527,1.7360777765608821
0.13059134511700626,0.43508504444954954,0.6085638860137823,3.9748733812541883,3.470670046254787,0.5857109325676502,1.7361739778108785
0.13095659511700558,0.4352654319495548,0.6087442735137876,3.9745985250041875,3.4709541275047724,0.5858998950676455,1.7361739778108785
0.1306826576170062,0.4352654319495548,0.6090174422637735,3.9751479411160546,3.4708594337547773,0.5858998950676455,1.7361258771858803
0.13077397011700614,0.4355360131995625,0.609196967263786,3.9749953419954323,3.4709541275047724,0.5858998950676455,1.7361739778108785
0.13077397011700614,0.4355360131995625,0.6091059110137909,3.97465950537481,3.4709541275047724,0.5858998950676455,1.7362220784358766
0.13077397011700614,0.4352654319495548,0.6086532172637924,3.974995638383567,3.470670046254787,0.5856164513176527,1.7359815753108858
0.13077397011700614,0.4355360131995625,0.6092880235137812,3.9747814661160534,3.470764740004782,0.5856164513176527,1.7361739778108785
0.13059134511700626,0.4353556256995572,0.6087434110137948,3.974537544633566,3.471143515004763,0.5856164513176527,1.7361739778108785
0.1306826576170062,0.4355360131995625,0.6090148547637952,3.9747817625041884,3.4709541275047724,0.5857109325676502,1.7362220784358766
0.13086528261700564,0.4353556256995572,0.6089255235137856,3.975025980374811,3.471048821254768,0.5857109325676502,1.7362220784358766
0.13059134511700626,0.43544581944956007,0.6091067735137836,3.974903723245432,3.470670046254787,0.5854274888176574,1.7359815753108858
0.1306826576170062,0.43544581944956007,0.6090157172637884,3.9749343616248107,3.4708594337547773,0.5857109325676502,1.7361739778108785
0.1306826576170062,0.4352654319495548,0.6086532172637924,3.974537544633566,3.4709541275047724,0.5858054138176476,1.7362701790608748
0.13059134511700626,0.43544581944956007,0.6090157172637884,3.9748427428748103,3.471048821254768,0.5858998950676455,1.7361258771858803
0.13086528261700564,0.4355360131995625,0.609196967263786,3.9747204857454315,3.470764740004782,0.5857109325676502,1.736029675935884
0.1306826576170062,0.43544581944956007,0.6087425485138025,3.974751420512945,3.471048821254768,0.5857109325676502,1.7362220784358766
0.13077397011700614,0.43544581944956007,0.6088336047637977,3.974537544633566,3.4708594337547773,0.585994376317643,1.7361258771858803
0.1306826576170062,0.4353556256995572,0.60883446726379,3.9747817625041884,3.4709541275047724,0.5858054138176476,1.7361739778108785
0.13086528261700564,0.4353556256995572,0.6089255235137856,3.9747511241248104,3.4708594337547773,0.5855219700676553,1.7361258771858803
0.13077397011700614,0.4355360131995625,0.609196967263786,3.9750869607454327,3.471048821254768,0.585994376317643,1.7361739778108785
0.13050003261700677,0.43544581944956007,0.6090157172637884,3.9748427428748103,3.471048821254768,0.5858998950676455,1.736366380310871
0.13050003261700677,0.43517523819955195,0.6085630235137895,3.974812400883567,3.471048821254768,0.5858998950676455,1.7361258771858803
0.13077397011700614,0.43544581944956007,0.6091067735137836,3.974903723245432,3.471048821254768,0.5858998950676455,1.7360777765608821
0.1306826576170062,0.4355360131995625,0.6090148547637952,3.9747817625041884,3.4708594337547773,0.5855219700676553,1.736029675935884
0.13077397011700614,0.4355360131995625,0.6091059110137909,3.9747511241248104,3.4713329025047535,0.5860888575676404,1.7362701790608748
0.13086528261700564,0.4353556256995572,0.6089255235137856,3.9748427428748103,3.471238208754758,0.5860888575676404,1.7362701790608748
0.1306826576170062,0.43544581944956007,0.6090157172637884,3.975117599124811,3.471143515004763,0.585994376317643,1.7362220784358766
0.13059134511700626,0.43544581944956007,0.6090157172637884,3.9748427428748103,3.47218514625471,0.586655745067626,1.7367511853108564
0.13086528261700564,0.4355360131995625,0.6090148547637952,3.9747817625041884,3.4709541275047724,0.5857109325676502,1.7360777765608821
0.1306826576170062,0.4355360131995625,0.6091059110137909,3.975117599124811,3.471048821254768,0.585994376317643,1.7361258771858803
0.13059134511700626,0.4353556256995572,0.60883446726379,3.9747817625041884,3.471048821254768,0.5857109325676502,1.7361258771858803
0.13095659511700558,0.43562620694956533,0.609378217263784,3.974689847366053,3.471143515004763,0.5858054138176476,1.7362701790608748
0.13077397011700614,0.4353556256995572,0.6087434110137948,3.974812400883567,3.471238208754758,0.5860888575676404,1.736318279685873
0.13086528261700564,0.4353871172057079,0.6089255235137856,3.9749343616248107,3.4709541275047724,0.5858998950676455,1.736366380310871
0.1306826576170062,0.43556750470571315,0.6091059110137909,3.97465950537481,3.471048821254768,0.585994376317643,1.736318279685873
0.13086528261700564,0.4353871172057079,0.6087434110137948,3.974812400883567,3.4709541275047724,0.5858998950676455,1.7362701790608748
0.13059134511700626,0.43556750470571315,0.6089237985138001,3.974812400883567,3.4713329025047535,0.5858998950676455,1.7362701790608748
0.1306826576170062,0.43556750470571315,0.6090148547637952,3.9747817625041884,3.471048821254768,0.5856164513176527,1.7361739778108785
0.13086528261700564,0.43556750470571315,0.609196967263786,3.9747204857454315,3.4714275962547485,0.5865612638176285,1.736606883435862
0.1306826576170062,0.43556750470571315,0.6091059110137909,3.9749343616248107,3.471048821254768,0.5857109325676502,1.7361739778108785
0.13059134511700626,0.4352067297057026,0.6087451360137803,3.9747511241248104,3.4708594337547773,0.5858998950676455,1.7362701790608748
0.13086528261700564,0.43547731095571074,0.6090157172637884,3.975025980374811,3.471143515004763,0.5858054138176476,1.736318279685873
0.13077397011700614,0.43556750470571315,0.609196967263786,3.974903723245432,3.471048821254768,0.5857109325676502,1.7362220784358766
0.1306826576170062,0.43583808595572127,0.6095586047637893,3.974964703616054,3.471048821254768,0.5858054138176476,1.7361739778108785
0.1306826576170062,0.4357478922057184,0.6091952422638005,3.9748733812541883,3.471143515004763,0.5858054138176476,1.7362701790608748
0.13086528261700564,0.43556750470571315,0.6092880235137812,3.974964703616054,3.470764740004782,0.5857109325676502,1.7361258771858803
0.1306826576170062,0.435657698455716,0.6091961047637937,3.9749343616248107,3.4708594337547773,0.5860888575676404,1.7361258771858803
0.13059134511700626,0.4353871172057079,0.6089255235137856,3.9749343616248107,3.4708594337547773,0.5855219700676553,1.7362220784358766
0.1306826576170062,0.43547731095571074,0.6089246610137928,3.974965000004189,3.4708594337547773,0.5858998950676455,1.7362220784358766
0.1306826576170062,0.4353871172057079,0.6089255235137856,3.9749343616248107,3.471048821254768,0.5856164513176527,1.7362220784358766
0.13095659511700558,0.43547731095571074,0.609288886013774,3.9751173027366757,3.4709541275047724,0.5858054138176476,1.7362220784358766
0.13086528261700564,0.43556750470571315,0.6089237985138001,3.9744459258835656,3.4709541275047724,0.5858998950676455,1.7361739778108785
0.1306826576170062,0.435657698455716,0.6091050485137981,3.9745985250041875,3.471048821254768,0.5857109325676502,1.7361258771858803
0.13086528261700564,0.435657698455716,0.6091961047637937,3.9745678866248095,3.470764740004782,0.5858998950676455,1.736318279685873
0.13077397011700614,0.4352067297057026,0.6085630235137895,3.9747207821335664,3.471143515004763,0.5858998950676455,1.7362701790608748
0.13095659511700558,0.4352969234557055,0.6086532172637924,3.9747207821335664,3.471238208754758,0.585994376317643,1.736318279685873
0.13065788555697158,0.4352969234557055,0.6089263860137784,3.974903723245432,3.471238208754758,0.5857109325676502,1.7362701790608748
0.13074919805697152,0.43556750470571315,0.609196967263786,3.974903723245432,3.470670046254787,0.5856164513176527,1.7359334746858877
0.13065788555697158,0.43547731095571074,0.6090157172637884,3.9747511241248104,3.4713329025047535,0.5860888575676404,1.736366380310871
0.13056657305697164,0.43556750470571315,0.6090148547637952,3.9747817625041884,3.470670046254787,0.5857109325676502,1.736029675935884
0.13056657305697164,0.43532841496185615,0.6089263860137784,3.9751785794954326,3.4709541275047724,0.5858998950676455,1.7362701790608748
0.13065788555697158,0.4356891899618667,0.6091050485137981,3.9748733812541883,3.470764740004782,0.5857109325676502,1.7362220784358766
0.13084051055697102,0.4356891899618667,0.609378217263784,3.9747814661160534,3.471238208754758,0.5863723013176332,1.736318279685873
0.13065788555697158,0.43541860871185856,0.6087434110137948,3.974537544633566,3.470670046254787,0.5854274888176574,1.7359334746858877
0.13084051055697102,0.4357793837118691,0.6093773547637913,3.9747204857454315,3.471048821254768,0.5858998950676455,1.736318279685873
0.13065788555697158,0.4355989962118638,0.6091059110137909,3.9745678866248095,3.471143515004763,0.5858998950676455,1.7364625815608674
0.13084051055697102,0.4355989962118638,0.609196967263786,3.974537248245431,3.4708594337547773,0.5857109325676502,1.7361258771858803
0.13084051055697102,0.4355989962118638,0.6091059110137909,3.9749343616248107,3.471048821254768,0.585994376317643,1.736366380310871
0.13065788555697158,0.4355989962118638,0.6089237985138001,3.9747207821335664,3.471048821254768,0.5856164513176527,1.7361739778108785
0.1303839480569722,0.43541860871185856,0.6087434110137948,3.974995638383567,3.4713329025047535,0.5862778200676357,1.736366380310871
0.13084051055697102,0.4355989962118638,0.609196967263786,3.974812104495432,3.4709541275047724,0.5855219700676553,1.7361739778108785
0.13074919805697152,0.4355989962118638,0.6091059110137909,3.9747511241248104,3.4709541275047724,0.5858054138176476,1.7361258771858803
0.13084051055697102,0.4355088024618614,0.6091978297637788,3.974964703616054,3.471048821254768,0.5858998950676455,1.7361739778108785
0.13084051055697102,0.4355989962118638,0.6092880235137812,3.974964703616054,3.471143515004763,0.5858998950676455,1.736366380310871
0.13074919805697152,0.43541860871185856,0.6089255235137856,3.9748427428748103,3.4705753525047918,0.5855219700676553,1.7359334746858877
0.13074919805697152,0.4355989962118638,0.6089237985138001,3.9746291633835664,3.471048821254768,0.5858998950676455,1.7361739778108785
0.13093182305697096,0.4355989962118638,0.609196967263786,3.9751785794954326,3.471048821254768,0.5857109325676502,1.7362220784358766
0.13065788555697158,0.4355989962118638,0.6091059110137909,3.9748427428748103,3.4713329025047535,0.585994376317643,1.736366380310871
0.13084051055697102,0.4355989962118638,0.6091059110137909,3.9749343616248107,3.471143515004763,0.585994376317643,1.736318279685873
0.13065788555697158,0.43541860871185856,0.6087434110137948,3.974904019633567,3.471143515004763,0.5857109325676502,1.7362220784358766
0.13084051055697102,0.4356891899618667,0.6091050485137981,3.9747817625041884,3.471238208754758,0.585994376317643,1.7362701790608748
0.13065788555697158,0.4355989962118638,0.6091059110137909,3.9744762678748096,3.4705753525047918,0.585144045067665,1.7359334746858877
0.13084051055697102,0.43541860871185856,0.60883446726379,3.9745985250041875,3.4715222900047435,0.5863723013176332,1.7364625815608674
0.13084051055697102,0.43541860871185856,0.6089255235137856,3.975025980374811,3.471048821254768,0.5858998950676455,1.7361739778108785
0.13059134511700626,0.43547731095571074,0.6089246610137928,3.9747817625041884,3.470670046254787,0.5854274888176574,1.7361258771858803
0.1306826576170062,0.4352969234557055,0.6089263860137784,3.9747204857454315,3.4709541275047724,0.5854274888176574,1.7360777765608821
0.13104790761700552,0.4353556256995572,0.6086523547637996,3.974751420512945,3.471143515004763,0.585994376317643,1.7362701790608748
0.1306826576170062,0.4355360131995625,0.609196967263786,3.9749953419954323,3.471048821254768,0.585994376317643,1.7361739778108785
0.13086528261700564,0.43544581944956007,0.6088336047637977,3.974812400883567,3.4709541275047724,0.5857109325676502,1.7360777765608821
0.13086528261700564,0.43544581944956007,0.6091067735137836,3.9747204857454315,3.4714275962547485,0.585994376317643,1.736366380310871
0.13077397011700614,0.4353556256995572,0.6089255235137856,3.97465950537481,3.471143515004763,0.5862778200676357,1.736318279685873
0.13104790761700552,0.4355360131995625,0.6093790797637764,3.9747508277366745,3.4714275962547485,0.5858998950676455,1.736366380310871
0.1306826576170062,0.4353556256995572,0.60883446726379,3.9745985250041875,3.4709541275047724,0.585994376317643,1.7361739778108785
0.1306826576170062,0.4355360131995625,0.6088327422638049,3.9746598017629444,3.471143515004763,0.5857109325676502,1.7362220784358766
0.13095659511700558,0.43571640069956774,0.6092862985137961,3.9745678866248095,3.471048821254768,0.5858998950676455,1.7361739778108785
0.1306826576170062,0.4352654319495548,0.6087442735137876,3.9747817625041884,3.471048821254768,0.5858054138176476,1.7362220784358766
0.13059134511700626,0.4353556256995572,0.6090165797637808,3.974903723245432,3.471048821254768,0.5858998950676455,1.736318279685873
0.1306826576170062,0.435896788199573,0.6095577422637966,3.974812104495432,3.4714275962547485,0.5863723013176332,1.736318279685873
0.13077397011700614,0.4352654319495548,0.6087442735137876,3.9745069062541876,3.4708594337547773,0.5856164513176527,1.7361258771858803
0.13095659511700558,0.4352654319495548,0.6088353297637832,3.9747511241248104,3.4708594337547773,0.5857109325676502,1.7362220784358766
0.13095659511700558,0.4355360131995625,0.609196967263786,3.9747204857454315,3.4709541275047724,0.5858998950676455,1.7362220784358766
0.1306826576170062,0.4352654319495548,0.6089263860137784,3.9747204857454315,3.4709541275047724,0.5858998950676455,1.7362701790608748
0.13050003261700677,0.43562620694956533,0.6091961047637937,3.9749343616248107,3.4714275962547485,0.5860888575676404,1.736318279685873
0.13095659511700558,0.4355360131995625,0.6091059110137909,3.975025980374811,3.470764740004782,0.5857109325676502,1.7361258771858803
0.1306826576170062,0.4355360131995625,0.6091059110137909,3.97465950537481,3.471143515004763,0.5858998950676455,1.736366380310871
0.13077397011700614,0.43544581944956007,0.6091978297637788,3.975056322366054,3.4714275962547485,0.5861833388176383,1.736318279685873
0.13086528261700564,0.4355360131995625,0.6092880235137812,3.974964703616054,3.471048821254768,0.5858054138176476,1.7362220784358766
0.13095659511700558,0.43562620694956533,0.6091050485137981,3.9748733812541883,3.4713329025047535,0.5858054138176476,1.7362220784358766
0.13095659511700558,0.43562620694956533,0.6090139922638029,3.974904019633567,3.471048821254768,0.5858054138176476,1.7360777765608821
0.13095659511700558,0.43571640069956774,0.6093773547637913,3.9747204857454315,3.471048821254768,0.5856164513176527,1.736029675935884
0.13059134511700626,0.4353556256995572,0.60883446726379,3.9748733812541883,3.4714275962547485,0.5864667825676306,1.7365587828108637
0.1306826576170062,0.43544581944956007,0.6090157172637884,3.9749343616248107,3.470670046254787,0.5855219700676553,1.7361739778108785
0.13077397011700614,0.4355360131995625,0.6093790797637764,3.9751173027366757,3.4709541275047724,0.5858054138176476,1.7361258771858803
0.1306826576170062,0.4355360131995625,0.609196967263786,3.974537248245431,3.4709541275047724,0.5858998950676455,1.7361258771858803
0.13086528261700564,0.43562620694956533,0.6091961047637937,3.9748427428748103,3.4715222900047435,0.5860888575676404,1.7364625815608674
0.13077397011700614,0.4353556256995572,0.6089255235137856,3.9748427428748103,3.4709541275047724,0.5858054138176476,1.7362220784358766
0.13086528261700564,0.43562620694956533,0.6092871610137889,3.9747204857454315,3.471048821254768,0.5857109325676502,1.7360777765608821
0.1306826576170062,0.43544581944956007,0.6091978297637788,3.974873084866054,3.4709541275047724,0.5855219700676553,1.7360777765608821
0.13077397011700614,0.4355360131995625,0.6090148547637952,3.974965000004189,3.4708594337547773,0.5853330075676599,1.7361739778108785
0.13086528261700564,0.4355360131995625,0.6091059110137909,3.9748427428748103,3.471048821254768,0.5858054138176476,1.736318279685873
0.13086528261700564,0.43571640069956774,0.6094684110137865,3.974964703616054,3.471143515004763,0.5858054138176476,1.7362701790608748
0.13086528261700564,0.43562620694956533,0.6092871610137889,3.974537248245431,3.4709541275047724,0.5858998950676455,1.7362701790608748
0.1306826576170062,0.43547731095571074,0.6088336047637977,3.974812400883567,3.470670046254787,0.5857109325676502,1.7360777765608821
0.1306826576170062,0.4352969234557055,0.6088353297637832,3.9748427428748103,3.4708594337547773,0.5856164513176527,1.736029675935884
0.1306826576170062,0.43547731095571074,0.6091978297637788,3.974873084866054,3.471048821254768,0.5858998950676455,1.7362701790608748
0.1306826576170062,0.4355088024618614,0.6090157172637884,3.9748427428748103,3.470670046254787,0.5856164513176527,1.736029675935884
0.1306826576170062,0.43541860871185856,0.6089255235137856,3.9747511241248104,3.471048821254768,0.5858054138176476,1.7361739778108785
0.13104790761700552,0.4355989962118638,0.6090148547637952,3.9747817625041884,3.471048821254768,0.5858054138176476,1.7361258771858803
0.13095659511700558,0.4356891899618667,0.609378217263784,3.9747814661160534,3.471048821254768,0.585994376317643,1.7362220784358766
0.1306826576170062,0.4356891899618667,0.6091050485137981,3.9746901437541884,3.4714275962547485,0.5861833388176383,1.736366380310871
0.13086528261700564,0.43532841496185615,0.6090174422637735,3.975056322366054,3.471048821254768,0.5857109325676502,1.7360777765608821
0.13040872011700683,0.4355989962118638,0.6090411530448399,3.974965000004189,3.4703859650048012,0.5849550825676697,1.7359334746858877
0.1306826576170062,0.43541860871185856,0.6088607655448346,3.9748733812541883,3.471048821254768,0.5857109325676502,1.7362220784358766
0.13077397011700614,0.43541860871185856,0.6089518217948302,3.9748427428748103,3.471143515004763,0.5858998950676455,1.7362701790608748
0.13050003261700677,0.4355989962118638,0.6091322092948355,3.9748427428748103,3.471238208754758,0.5857109325676502,1.7362701790608748
0.1306826576170062,0.4352382212118533,0.6085893217948342,3.9746291633835664,3.470670046254787,0.5855219700676553,1.7360777765608821
0.2089863543918407,0.488434296317684,0.69691490926665,3.9979692008211636,3.8776238552759987,0.7103364459004297,2.094425230643992
0.20896158233180612,0.4883441025676811,0.6967862558287412,3.9983663142005432,3.8862216893237824,0.7105254084004246,2.0944733312689903
0.20868764483180674,0.4883441025676811,0.6965515467666616,3.9980611159592994,3.882762449958478,0.7108088521504173,2.0944733312689903
0.20887026983180662,0.48816371506767586,0.6963064012977058,3.997908516838677,3.879069393708665,0.7109033334004148,2.0945214318939884
0.2089863543918407,0.4883441025676811,0.6966689012977014,3.998213715079921,3.888683726823658,0.7113757396504029,2.094713834393981
0.20907766689184065,0.488434296317684,0.6968501512976994,3.997908220450542,3.87838140527596,0.7109978146504127,2.0945214318939884
0.20862110439184184,0.488434296317684,0.6967590950477043,3.998122096329921,3.8831663571411976,0.7114702209004004,2.094425230643992
0.20887026983180662,0.488434296317684,0.6967590950477043,3.99784724007992,3.8857230883910683,0.7115647021503978,2.094425230643992
0.20889504189184122,0.4882539088176787,0.6965524092666544,3.9983053338299213,3.878097324025975,0.7120371084003859,2.0948100356439774
0.20905289483180606,0.488434296317684,0.6968764495787441,3.997999839200542,3.8866951580737585,0.7115647021503978,2.0945214318939884
0.20907766689184065,0.48816371506767586,0.696397457547701,3.9980611159592994,3.882951837458469,0.711942627150388,2.0945695325189866
0.20880372939184128,0.48816371506767586,0.6964622155166516,3.998122096329921,3.8819353383912594,0.7117536646503931,2.0945214318939884
0.20877895733180668,0.48816371506767586,0.6964885137976962,3.998213715079921,3.885817782141064,0.711942627150388,2.0945695325189866
0.20877895733180668,0.4882539088176787,0.6967608200476894,3.9984272945711647,3.878476099025956,0.7123205521503783,2.0945214318939884
0.2089368102717715,0.4882539088176787,0.6966434655166496,3.998183076700543,3.8868845455737495,0.7121315896503834,2.094425230643992
0.208845497771772,0.4883441025676811,0.6965778450477063,3.9981527347092993,3.882951837458469,0.7121315896503834,2.0945214318939884
0.208845497771772,0.4882539088176787,0.6965524092666544,3.998213715079921,3.8767716115260415,0.7125095146503736,2.094713834393981
0.20880372939184128,0.48807352131767345,0.6963983200476938,3.9983969525799217,3.8870739330737396,0.711942627150388,2.0945214318939884
0.20889504189184122,0.4883441025676811,0.6966689012977014,3.998213715079921,3.879517730275903,0.7156591155829584,2.0944733312689903
0.20889504189184122,0.48816371506767586,0.6964622155166516,3.9983969525799217,3.8822194196412454,0.7156591155829584,2.0946176331439847
0.20875418527177206,0.48816371506767586,0.6962153450477107,3.9978475364680555,3.885439007141083,0.7152811905829681,2.0945214318939884
0.20877895733180668,0.48816371506767586,0.6963711592666564,3.9982443534592997,3.878097324025975,0.7154701530829635,2.0945214318939884
0.208845497771772,0.4883441025676811,0.6968247155166472,3.9980608195711635,3.8865057705737684,0.7152811905829681,2.094665733768983
0.20880372939184128,0.488555981573837,0.6969403450477019,3.998274695450543,3.883046531208464,0.715375671832966,2.0945695325189866
0.20862110439184184,0.48813650432997474,0.696280965516654,3.9981527347092993,3.8758246740260893,0.7151867093329707,2.0945214318939884
0.2085050198318073,0.48822669807997715,0.6966706262976865,3.998152438321164,3.8874527080737207,0.7154701530829635,2.0945695325189866
0.20857156027177262,0.48822669807997715,0.6964885137976962,3.998213715079921,3.879044261525927,0.7157535968329563,2.094713834393981
0.20875418527177206,0.48831689182998,0.6966434655166496,3.9980914579505424,3.8829769696412075,0.7156591155829584,2.094665733768983
0.20921074777177087,0.48849727932998527,0.6969412075476946,3.9983356758211643,3.885439007141083,0.7157535968329563,2.094665733768983
0.2089368102717715,0.48822669807997715,0.6964622155166516,3.998213715079921,3.8771503865260226,0.7152811905829681,2.094665733768983
0.20887026983180662,0.4885874730799877,0.6967582325477115,3.9983359722093,3.8873580143237256,0.7159425593329511,2.0947619350189792
0.20871241689184133,0.48849727932998527,0.6967064984856151,3.998122096329921,3.882857143708474,0.7154701530829635,2.0945695325189866
0.20889504189184122,0.48828540032382933,0.6965524092666544,3.998213715079921,3.878595924958689,0.7152811905829681,2.0945214318939884
0.20859633233180724,0.48837559407383174,0.6968510137976918,3.998152438321164,3.888020870573692,0.7149032655829779,2.094425230643992
0.20868764483180674,0.48816371506767586,0.696397457547701,3.9983359722093,3.878854874025936,0.715375671832966,2.0945695325189866
0.20857156027177262,0.4882539088176787,0.6967345217666447,3.998518913321165,3.8834504383911836,0.715375671832966,2.0944733312689903
0.20902812277177144,0.4882539088176787,0.6966697637976942,3.998274695450543,3.885533700891078,0.715375671832966,2.094713834393981
0.208845497771772,0.4882539088176787,0.6965524092666544,3.9980304775799205,3.873810973093452,0.715375671832966,2.0947619350189792
0.20887026983180662,0.488434296317684,0.6967590950477043,3.998122096329921,3.8864110768237734,0.7154701530829635,2.094665733768983
0.20871241689184133,0.4882539088176787,0.6963965950477087,3.9980917543386774,3.883046531208464,0.7156591155829584,2.094713834393981
0.20907766689184065,0.48807352131767345,0.6963720217666491,3.99784724007992,3.8817459508912693,0.7157535968329563,2.0946176331439847
0.20887026983180662,0.48807352131767345,0.6965804325476841,3.9984272945711647,3.888873114323649,0.715375671832966,2.0948100356439774
0.20887026983180662,0.488434296317684,0.6969796672356006,3.998213418691786,3.879044261525927,0.7156591155829584,2.0945214318939884
0.208845497771772,0.4885244900676864,0.6969140467666572,3.9983663142005432,3.8839239071411598,0.715375671832966,2.0944733312689903
0.20875418527177206,0.488434296317684,0.6968501512976994,3.998183076700543,3.8859124758910593,0.7156591155829584,2.094665733768983
0.208845497771772,0.48816371506767586,0.6965532717666467,3.998274695450543,3.873810973093452,0.715375671832966,2.0946176331439847
0.20902812277177144,0.488434296317684,0.6967590950477043,3.998122096329921,3.8864110768237734,0.7152811905829681,2.094713834393981
0.20889504189184122,0.488434296317684,0.6967975547356102,3.998183076700543,3.879517730275903,0.7154701530829635,2.0946176331439847
0.20907766689184065,0.488434296317684,0.69691490926665,3.9983356758211643,3.8819353383912594,0.7158480780829537,2.094665733768983
0.208845497771772,0.48816371506767586,0.6964885137976962,3.998213715079921,3.8857230883910683,0.7154701530829635,2.094713834393981
0.20859633233180724,0.4882539088176787,0.6962529422356243,3.997939155218056,3.878286711525965,0.7152811905829681,2.0947619350189792
0.20875418527177206,0.488434296317684,0.6962775155166838,3.9977255757268115,3.8867898518237536,0.7161315218329465,2.0947619350189792
0.208845497771772,0.48816371506767586,0.6964885137976962,3.9983053338299213,3.8856283946410732,0.7154701530829635,2.0945695325189866
0.20866287277177212,0.4883441025676811,0.696733659266652,3.998183076700543,3.8763928365260605,0.715375671832966,2.094665733768983
0.20857156027177262,0.48798332756767104,0.6963991825476865,3.998183076700543,3.8874527080737207,0.7155646343329609,2.094665733768983
0.20889504189184122,0.48870487756769165,0.6972117887977023,3.9982440570711644,3.879328342775912,0.7154701530829635,2.0946176331439847
0.20880372939184128,0.48816371506767586,0.6963711592666564,3.9983359722093,3.8822194196412454,0.7158480780829537,2.0946176331439847
0.2089368102717715,0.4883441025676811,0.6968510137976918,3.9983356758211643,3.8856283946410732,0.7154701530829635,2.0946176331439847
0.20887026983180662,0.48816371506767586,0.6963711592666564,3.9982443534592997,3.878286711525965,0.7156591155829584,2.0946176331439847
0.208845497771772,0.488434296317684,0.69691490926665,3.9983356758211643,3.8867898518237536,0.7156591155829584,2.0946176331439847
0.20866287277177212,0.4883441025676811,0.6967599575476966,3.998274695450543,3.882951837458469,0.7157535968329563,2.0946176331439847
0.208845497771772,0.48807352131767345,0.696280965516654,3.9982443534592997,3.8763928365260605,0.7158480780829537,2.0945214318939884
0.20877895733180668,0.48816371506767586,0.6962153450477107,3.9978475364680555,3.887926176823697,0.715375671832966,2.094713834393981
0.20862110439184184,0.4882539088176787,0.6964350547356146,3.9980611159592994,3.879423036525908,0.7155646343329609,2.094665733768983
0.20880372939184128,0.488434296317684,0.6967327967666597,3.99793885882992,3.8822194196412454,0.7154701530829635,2.094713834393981
0.20902812277177144,0.4882539088176787,0.6964876512977038,3.9981527347092993,3.8857230883910683,0.7155646343329609,2.0945214318939884
0.20887026983180662,0.4882539088176787,0.6964613530166592,3.9981527347092993,3.8776238552759987,0.7156591155829584,2.094713834393981
0.2089368102717715,0.4883441025676811,0.6968247155166472,3.998152438321164,3.8872633205737297,0.7161315218329465,2.094713834393981
0.208845497771772,0.48816371506767586,0.6964359172356069,3.998213715079921,3.882762449958478,0.7152811905829681,2.0945214318939884
0.208845497771772,0.488434296317684,0.69691490926665,3.998152438321164,3.879069393708665,0.7156591155829584,2.094665733768983
0.20887026983180662,0.48807352131767345,0.6962162075477034,3.9981833730886778,3.888304951823678,0.7154701530829635,2.0946176331439847
0.2089368102717715,0.4882539088176787,0.6963055387977135,3.997939155218056,3.878949567775932,0.7159425593329511,2.0946176331439847
0.2089368102717715,0.488434296317684,0.6967327967666597,3.998122096329921,3.8832610508911927,0.7158480780829537,2.094665733768983
0.20887026983180662,0.4882539088176787,0.6967608200476894,3.9984272945711647,3.8857230883910683,0.7154701530829635,2.0947619350189792
0.2089863543918407,0.488434296317684,0.6967327967666597,3.9983053338299213,3.8773397740260127,0.7154701530829635,2.0945214318939884
0.2089863543918407,0.4882539088176787,0.6964876512977038,3.9978778784592985,3.8868845455737495,0.7157535968329563,2.094713834393981
0.208845497771772,0.4884657878238346,0.6968501512976994,3.998274695450543,3.882951837458469,0.7157535968329563,2.094713834393981
0.2089368102717715,0.48813650432997474,0.6964630780166443,3.998183076700543,3.8819353383912594,0.7159425593329511,2.094665733768983
0.20887026983180662,0.48849727932998527,0.6969412075476946,3.9979692008211636,3.888683726823658,0.7155646343329609,2.094665733768983
0.20866287277177212,0.48804631057997233,0.6963081262976913,3.998122096329921,3.878760180275941,0.7158480780829537,2.094713834393981
0.2089368102717715,0.48849727932998527,0.6967327967666597,3.9983053338299213,3.8835451321411787,0.7158480780829537,2.0946176331439847
0.20862110439184184,0.48813650432997474,0.6960988530166636,3.998030773968056,3.8857230883910683,0.7155646343329609,2.094713834393981
0.20889504189184122,0.48822669807997715,0.6966443280166419,3.9984272945711647,3.873810973093452,0.716037040582949,2.094665733768983
0.20889504189184122,0.48849727932998527,0.6968501512976994,3.9983663142005432,3.8871686268237347,0.716037040582949,2.09500243814397
0.208845497771772,0.48822669807997715,0.6965795700476913,3.998183076700543,3.8801805865258694,0.716037040582949,2.094665733768983
0.20866287277177212,0.48828540032382933,0.6963702967666641,3.9981833730886778,3.8819353383912594,0.7157535968329563,2.094713834393981
0.208845497771772,0.48828540032382933,0.6967608200476894,3.9980608195711635,3.8857230883910683,0.7152811905829681,2.0945214318939884
0.20887026983180662,0.488434296317684,0.6968501512976994,3.9980914579505424,3.878665486525946,0.7158480780829537,2.0948581362689755
0.20875418527177206,0.48816371506767586,0.6964622155166516,3.9983053338299213,3.8868845455737495,0.7159425593329511,2.094665733768983
0.20866287277177212,0.48816371506767586,0.6965532717666467,3.9983663142005432,3.8862912508910394,0.7159425593329511,2.0948100356439774
0.208845497771772,0.4883441025676811,0.6966426030166568,3.998122096329921,3.873810973093452,0.7161315218329465,2.094665733768983
0.20866287277177212,0.488434296317684,0.6969412075476946,3.9982440570711644,3.8870739330737396,0.7159425593329511,2.094713834393981
0.20875418527177206,0.4882539088176787,0.696578707547699,3.998213715079921,3.8798018115258883,0.7159425593329511,2.094665733768983
0.208845497771772,0.4883441025676811,0.696733659266652,3.998183076700543,3.8818406446412643,0.716037040582949,2.0948581362689755
0.20866287277177212,0.4878931338176682,0.6961268762976933,3.997969497209299,3.8857230883910683,0.7159425593329511,2.094665733768983
0.2089368102717715,0.48807352131767345,0.6965278359855949,3.9983356758211643,3.87819201777597,0.716037040582949,2.0948581362689755
0.20875418527177206,0.48816371506767586,0.6965532717666467,3.998183076700543,3.8866951580737585,0.7161315218329465,2.094665733768983
0.2089368102717715,0.4885244900676864,0.697031401297697,3.9984272945711647,3.883046531208464,0.716037040582949,2.0946176331439847
0.20902812277177144,0.48816371506767586,0.6965532717666467,3.998274695450543,3.8764875302760555,0.7158480780829537,2.0946176331439847
0.20902812277177144,0.48816371506767586,0.6966706262976865,3.998152438321164,3.888020870573692,0.716037040582949,2.094665733768983
0.20889504189184122,0.4882539088176787,0.6965261109856098,3.998122096329921,3.8796124240258982,0.7165094468329367,2.094665733768983
0.20880372939184128,0.4883441025676811,0.6968247155166472,3.9983356758211643,3.8826928883912215,0.7162260030829439,2.0948581362689755
0.20857156027177262,0.4882539088176787,0.696578707547699,3.998122096329921,3.885533700891078,0.7157535968329563,2.094713834393981
0.20902812277177144,0.4883441025676811,0.6966426030166568,3.998213715079921,3.8774344677760078,0.7158480780829537,2.094665733768983
0.2089368102717715,0.48816371506767586,0.696189046766666,3.9982140114680567,3.8866004643237635,0.7162260030829439,2.0948581362689755
0.20889504189184122,0.4882539088176787,0.6965261109856098,3.9983053338299213,3.883046531208464,0.7164149655829393,2.094713834393981
0.20871241689184133,0.48816371506767586,0.6962801030166612,3.9981833730886778,3.879069393708665,0.7161315218329465,2.094665733768983
0.20887026983180662,0.48807352131767345,0.6960340950477131,3.997969793597434,3.888778420573654,0.7158480780829537,2.0948581362689755
0.20887026983180662,0.4882539088176787,0.6964876512977038,3.9981527347092993,3.879328342775912,0.716037040582949,2.094665733768983
0.20866287277177212,0.48816371506767586,0.6963711592666564,3.997969497209299,3.884207988391145,0.7165094468329367,2.0948581362689755
0.20857156027177262,0.48816371506767586,0.6965532717666467,3.998274695450543,3.8862912508910394,0.7161315218329465,2.094713834393981
0.20902812277177144,0.4883441025676811,0.6968247155166472,3.9983356758211643,3.8770556927760276,0.716037040582949,2.094713834393981
0.2089368102717715,0.488434296317684,0.6967853933287489,3.998122096329921,3.8864110768237734,0.7162260030829439,2.094713834393981
0.2089863543918407,0.4885244900676864,0.6966671762977164,3.997908516838677,3.883425306208445,0.7163204843329414,2.094665733768983
0.208845497771772,0.48816371506767586,0.6964622155166516,3.998213715079921,3.8814618696412833,0.716037040582949,2.0948100356439774
0.20896158233180612,0.4883441025676811,0.6967599575476966,3.9980914579505424,3.888683726823658,0.7161315218329465,2.0947619350189792
0.20887026983180662,0.48816371506767586,0.6964885137976962,3.998122096329921,3.878854874025936,0.7164149655829393,2.0948100356439774
0.20848024777177268,0.48816371506767586,0.6963711592666564,3.9982443534592997,3.8835451321411787,0.7164149655829393,2.0948100356439774
0.20868764483180674,0.48816371506767586,0.696397457547701,3.9981527347092993,3.8861965571410444,0.7159425593329511,2.0947619350189792
0.20871241689184133,0.488434296317684,0.6966417405166645,3.9981527347092993,3.873810973093452,0.7163204843329414,2.094665733768983
0.20862110439184184,0.48807352131767345,0.6964893762976889,3.9983663142005432,3.8868845455737495,0.7158480780829537,2.0945214318939884
0.208845497771772,0.4882539088176787,0.6966697637976942,3.998274695450543,3.8800858927758743,0.7163204843329414,2.094665733768983
0.20866287277177212,0.48798332756767104,0.6961907717666516,3.9982443534592997,3.8824088071412355,0.7169818530829244,2.0949062368939737
0.20887026983180662,0.4882539088176787,0.6966697637976942,3.998274695450543,3.888683726823658,0.7158480780829537,2.094665733768983
0.2092355198318055,0.4885244900676864,0.6971224575476922,3.9983050374417863,3.87838140527596,0.7161315218329465,2.0947619350189792
0.208845497771772,0.48816371506767586,0.6964622155166516,3.998213715079921,3.8864110768237734,0.7164149655829393,2.0948100356439774
0.208845497771772,0.488434296317684,0.69691490926665,3.9982440570711644,3.8860071696410543,0.7164149655829393,2.0948100356439774
0.208845497771772,0.4882539088176787,0.6964613530166592,3.9982443534592997,3.8760140615260794,0.7159425593329511,2.094713834393981
0.20877895733180668,0.48816371506767586,0.6964885137976962,3.9983053338299213,3.888304951823678,0.7166984093329316,2.094954337518972
0.20902812277177144,0.48816371506767586,0.6964885137976962,3.998122096329921,3.8798018115258883,0.7166984093329316,2.0946176331439847
0.208845497771772,0.48816371506767586,0.6964622155166516,3.998213715079921,3.8819353383912594,0.7164149655829393,2.0946176331439847
0.208845497771772,0.488434296317684,0.6968501512976994,3.998183076700543,3.8868594133910115,0.7170763343329223,2.0950986393939663
0.20887026983180662,0.4882539088176787,0.6967992797355953,3.9978469436917847,3.877907936525984,0.7166039280829342,2.094665733768983
0.20902812277177144,0.4882539088176787,0.6967345217666447,3.998152438321164,3.8864110768237734,0.716037040582949,2.094665733768983
0.20866287277177212,0.4878931338176682,0.696282690516639,3.998274695450543,3.8833306124584492,0.7164149655829393,2.0948100356439774
0.208845497771772,0.4878931338176682,0.6963737467666342,3.998152438321164,3.8760140615260794,0.7166039280829342,2.0948100356439774
0.20887026983180662,0.488434296317684,0.6965769825477139,3.9980917543386774,3.888589033073663,0.7165094468329367,2.094713834393981
0.208845497771772,0.488434296317684,0.6970322637976898,3.9984882749417867,3.8801805865258694,0.7169818530829244,2.094954337518972
0.208845497771772,0.4882539088176787,0.6965524092666544,3.998213715079921,3.883829213391164,0.7167928905829295,2.0948100356439774
0.20866287277177212,0.4883441025676811,0.6966689012977014,3.9983053338299213,3.8860071696410543,0.7164149655829393,2.094665733768983
0.208845497771772,0.488434296317684,0.69691490926665,3.998152438321164,3.8772450802760177,0.7164149655829393,2.0944733312689903
0.20902812277177144,0.4882539088176787,0.696787118328734,3.9983356758211643,3.8867898518237536,0.7165094468329367,2.0948581362689755
0.208845497771772,0.488434296317684,0.6966680387977091,3.9981527347092993,3.882951837458469,0.7165094468329367,2.0948581362689755
0.208845497771772,0.4882539088176787,0.6964613530166592,3.997969497209299,3.878311843708703,0.7162260030829439,2.0946176331439847
0.20896158233180612,0.4882539088176787,0.696578707547699,3.998213715079921,3.888304951823678,0.7165094468329367,2.0948581362689755
0.20889504189184122,0.488434296317684,0.6969412075476946,3.9982440570711644,3.879328342775912,0.7169818530829244,2.094954337518972
0.2089863543918407,0.488434296317684,0.6966417405166645,3.9982443534592997,3.883829213391164,0.7171708155829197,2.0948100356439774
0.208845497771772,0.488434296317684,0.6966417405166645,3.9982443534592997,3.8859124758910593,0.716887371832927,2.0948100356439774
0.208845497771772,0.488434296317684,0.6967327967666597,3.998213715079921,3.874189748093433,0.7167928905829295,2.0948581362689755
0.2089368102717715,0.4883441025676811,0.6965778450477063,3.9981527347092993,3.8878314830737017,0.7165094468329367,2.0947619350189792
0.20866287277177212,0.488434296317684,0.6969412075476946,3.9983356758211643,3.8806540552758455,0.716887371832927,2.0949062368939737
0.208845497771772,0.488434296317684,0.6967327967666597,3.998122096329921,3.8822194196412454,0.7167928905829295,2.094665733768983
0.20866287277177212,0.48816371506767586,0.696397457547701,3.9982443534592997,3.888778420573654,0.7164149655829393,2.094665733768983
0.20880372939184128,0.48807352131767345,0.6964367797355997,3.998274695450543,3.87838140527596,0.7166984093329316,2.0948100356439774
0.20889504189184122,0.48810501282382407,0.6963720217666491,3.998213715079921,3.8863163830737775,0.7167928905829295,2.0948581362689755
0.2089368102717715,0.4884070855799824,0.6965515467666616,3.9978778784592985,3.8862912508910394,0.7166039280829342,2.094665733768983
0.20866287277177212,0.4884070855799824,0.6969157717666423,3.9983966561917863,3.8761087552760753,0.7166039280829342,2.094665733768983
0.20887026983180662,0.4884070855799824,0.6967599575476966,3.9980914579505424,3.887926176823697,0.7166984093329316,2.0948100356439774
0.208845497771772,0.48813650432997474,0.6962546672356094,3.9981527347092993,3.8798018115258883,0.7167928905829295,2.094713834393981
0.208845497771772,0.48831689182998,0.6966434655166496,3.9983663142005432,3.8825035008912314,0.7166984093329316,2.0949062368939737
0.20866287277177212,0.48813650432997474,0.6960340950477131,3.997969793597434,3.8861018633910493,0.7165094468329367,2.0948100356439774
0.20877895733180668,0.48813650432997474,0.6961636109856142,3.9980001355886774,3.87838140527596,0.7166039280829342,2.0948100356439774
0.20866287277177212,0.4882539088176787,0.6965524092666544,3.9983969525799217,3.8867898518237536,0.7166039280829342,2.0947619350189792
0.208845497771772,0.48816371506767586,0.6967616825476817,3.9983050374417863,3.8836146937084353,0.7174542593329125,2.0949062368939737
0.20857156027177262,0.4882539088176787,0.6966434655166496,3.997999839200542,3.8758246740260893,0.7165094468329367,2.0946176331439847
0.20875418527177206,0.4883441025676811,0.6967599575476966,3.997999839200542,3.887736789323706,0.7167928905829295,2.0948100356439774
0.20871241689184133,0.48807352131767345,0.6961636109856142,3.997908516838677,3.8797071177758933,0.7169818530829244,2.0947619350189792
0.20889504189184122,0.4883441025676811,0.6966426030166568,3.9980304775799205,3.8826928883912215,0.7173597780829146,2.094954337518972
0.20902812277177144,0.4883441025676811,0.6969420700476869,3.9984882749417867,3.8861018633910493,0.7166039280829342,2.0947619350189792
0.20887026983180662,0.488434296317684,0.6966417405166645,3.9980611159592994,3.878097324025975,0.7166039280829342,2.0948100356439774
0.208845497771772,0.48807352131767345,0.6963720217666491,3.9983053338299213,3.8869792393237446,0.716887371832927,2.094713834393981
0.20866287277177212,0.4882539088176787,0.696617167235605,3.998274695450543,3.8836146937084353,0.7173597780829146,2.094954337518972
0.20902812277177144,0.4882539088176787,0.6966434655166496,3.998274695450543,3.878974699958669,0.7167928905829295,2.094713834393981
0.20896158233180612,0.488434296317684,0.6968501512976994,3.997999839200542,3.887926176823697,0.7164149655829393,2.094713834393981
0.20887026983180662,0.48816371506767586,0.6963064012977058,3.9980001355886774,3.8798018115258883,0.7171708155829197,2.0948100356439774
0.20875418527177206,0.488434296317684,0.6968238530166548,3.9980914579505424,3.8829769696412075,0.7169818530829244,2.0948581362689755
0.208845497771772,0.48807352131767345,0.6962162075477034,3.9981833730886778,3.8861018633910493,0.7166984093329316,2.0948100356439774
0.20868764483180674,0.4882539088176787,0.6965524092666544,3.9980304775799205,3.8775291615260037,0.716887371832927,2.094665733768983
0.208845497771772,0.48807352131767345,0.6963720217666491,3.9980304775799205,3.8863163830737775,0.7169818530829244,2.0948100356439774
0.2089368102717715,0.488434296317684,0.6967064984856151,3.9980304775799205,3.883046531208464,0.7167928905829295,2.094665733768983
0.208845497771772,0.48807352131767345,0.6963720217666491,3.9983053338299213,3.878501231208693,0.7166039280829342,2.0946176331439847
0.20887026983180662,0.4883441025676811,0.6968510137976918,3.9982440570711644,3.888967808073644,0.7172652968329172,2.0948581362689755
0.20887026983180662,0.488434296317684,0.6965769825477139,3.9978168980886766,3.879328342775912,0.7169818530829244,2.0947619350189792
0.208845497771772,0.48816371506767586,0.6962801030166612,3.9980917543386774,3.8832610508911927,0.7166039280829342,2.0944733312689903
0.20866287277177212,0.4882539088176787,0.6963965950477087,3.9981833730886778,3.8862912508910394,0.7170763343329223,2.0947619350189792
0.2089368102717715,0.48807352131767345,0.6963720217666491,3.9983053338299213,3.874663216843409,0.7174542593329125,2.095242941268961
0.2089368102717715,0.4885244900676864,0.6968492887977067,3.998213715079921,3.8867898518237536,0.7170763343329223,2.0948100356439774
0.2089368102717715,0.4882539088176787,0.6963965950477087,3.9980917543386774,3.8806540552758455,0.7176432218329074,2.09500243814397
0.20848024777177268,0.48816371506767586,0.6963711592666564,3.9980611159592994,3.881177788391298,0.716887371832927,2.0945695325189866
0.20896158233180612,0.48807352131767345,0.6963983200476938,3.998213715079921,3.888683726823658,0.7166039280829342,2.0946176331439847
0.20905289483180606,0.4885244900676864,0.6968492887977067,3.9980304775799205,3.878286711525965,0.7170763343329223,2.094713834393981
0.208845497771772,0.488434296317684,0.6966417405166645,3.9978778784592985,3.883734519641169,0.7172652968329172,2.094665733768983
0.20866287277177212,0.4883441025676811,0.696733659266652,3.9983663142005432,3.8859124758910593,0.7172652968329172,2.0946176331439847
0.208845497771772,0.4882539088176787,0.6965524092666544,3.998122096329921,3.873810973093452,0.7172652968329172,2.0948100356439774
0.208845497771772,0.4882539088176787,0.6964876512977038,3.9982443534592997,3.8868845455737495,0.7170763343329223,2.0948581362689755
0.208845497771772,0.488434296317684,0.6968501512976994,3.9983663142005432,3.8798965052758843,0.7169818530829244,2.094665733768983
0.208845497771772,0.488434296317684,0.6968238530166548,3.998183076700543,3.881556563391279,0.7171708155829197,2.094713834393981
0.208845497771772,0.4882539088176787,0.6964876512977038,3.9981527347092993,3.8862912508910394,0.7171708155829197,2.094713834393981
0.20889504189184122,0.4882539088176787,0.6967992797355953,3.9981217999417855,3.878097324025975,0.7171708155829197,2.0948100356439774
0.20880372939184128,0.4885244900676864,0.6970051030166524,3.9984272945711647,3.8867898518237536,0.7170763343329223,2.094713834393981
0.20902812277177144,0.4883441025676811,0.6966689012977014,3.998213715079921,3.883235918708454,0.7172652968329172,2.094713834393981
0.20875418527177206,0.48807352131767345,0.6961899092666588,3.9980917543386774,3.8767716115260415,0.7172652968329172,2.0948100356439774
0.20887026983180662,0.4885244900676864,0.6968492887977067,3.9983053338299213,3.8874527080737207,0.7171708155829197,2.0948581362689755
0.20902812277177144,0.48816371506767586,0.6962153450477107,3.998030773968056,3.8798965052758843,0.7176432218329074,2.0945695325189866
0.20866287277177212,0.48816371506767586,0.6966443280166419,3.9984272945711647,3.8821247258912503,0.7173597780829146,2.0947619350189792
0.20902812277177144,0.4882539088176787,0.6964876512977038,3.9981527347092993,3.8860071696410543,0.7172652968329172,2.0949062368939737
0.20889504189184122,0.488434296317684,0.6967327967666597,3.998213715079921,3.878097324025975,0.7173597780829146,2.0948100356439774
0.20880372939184128,0.48816371506767586,0.6965532717666467,3.9984579329505436,3.8873580143237256,0.7174542593329125,2.0949062368939737
0.2089368102717715,0.4882539088176787,0.6967608200476894,3.998152438321164,3.883425306208445,0.71754874058291,2.0947619350189792
0.2089368102717715,0.488434296317684,0.6970059655166452,3.998213418691786,3.8793534749586502,0.7174542593329125,2.0948581362689755
0.20887026983180662,0.48816371506767586,0.6967616825476817,3.998213418691786,3.888115564323687,0.7171708155829197,2.0947619350189792
0.20859633233180724,0.48816371506767586,0.6963064012977058,3.9980917543386774,3.879423036525908,0.7173597780829146,2.0948100356439774
0.2089368102717715,0.4882539088176787,0.6965524092666544,3.998213715079921,3.883734519641169,0.7173597780829146,2.094713834393981
0.20866287277177212,0.4882539088176787,0.6963965950477087,3.997908516838677,3.8862912508910394,0.7173597780829146,2.0948581362689755
0.20887026983180662,0.48816371506767586,0.696189046766666,3.998397248968057,3.8775291615260037,0.7172652968329172,2.0948581362689755
0.208845497771772,0.488434296317684,0.6968238530166548,3.997999839200542,3.8866951580737585,0.7171708155829197,2.094713834393981
0.208845497771772,0.4885244900676864,0.6968877484856126,3.998183076700543,3.8836146937084353,0.7173597780829146,2.094665733768983
0.20857156027177262,0.48816371506767586,0.6962801030166612,3.9980001355886774,3.8819353383912594,0.7174542593329125,2.094665733768983
0.20887026983180662,0.4883441025676811,0.6966689012977014,3.998213715079921,3.888589033073663,0.7171708155829197,2.0947619350189792
0.20877895733180668,0.48816371506767586,0.6965795700476913,3.998274695450543,3.878949567775932,0.71754874058291,2.0948100356439774
0.20911943527177138,0.4883441025676811,0.696733659266652,3.998274695450543,3.88411329464115,0.7177377030829049,2.0948100356439774
0.20857156027177262,0.48816371506767586,0.6964622155166516,3.998213715079921,3.885817782141064,0.7172652968329172,2.0947619350189792
0.208845497771772,0.488434296317684,0.6965506842666693,3.9980917543386774,3.873810973093452,0.7171708155829197,2.0946176331439847
0.20875418527177206,0.4882539088176787,0.6963965950477087,3.9980001355886774,3.8874527080737207,0.7174542593329125,2.0948581362689755
0.208845497771772,0.4882539088176787,0.6963965950477087,3.9980001355886774,3.8801805865258694,0.7176432218329074,2.0949062368939737
0.20866287277177212,0.4882539088176787,0.6964613530166592,3.9980611159592994,3.8822194196412454,0.7176432218329074,2.0948100356439774
0.20887026983180662,0.48816371506767586,0.6962153450477107,3.9983056302180566,3.8860071696410543,0.7176432218329074,2.0948100356439774
0.20868764483180674,0.48822669807997715,0.6963064012977058,3.9980001355886774,3.87819201777597,0.7171708155829197,2.094665733768983
0.2089368102717715,0.4884070855799824,0.6966426030166568,3.99793885882992,3.8867898518237536,0.7176432218329074,2.0945695325189866
0.20902812277177144,0.4884070855799824,0.6968247155166472,3.9983356758211643,3.8863859446410354,0.7173597780829146,2.094665733768983
0.20902812277177144,0.4881952065738265,0.6965532717666467,3.9984579329505436,3.8764875302760555,0.7179266655829002,2.09500243814397
0.20896158233180612,0.4885244900676864,0.6968492887977067,3.998122096329921,3.887736789323706,0.7180211468328976,2.095050538768968
0.20902812277177144,0.488434296317684,0.6968501512976994,3.998183076700543,3.8803699740258595,0.71754874058291,2.0948100356439774
0.2089368102717715,0.4885244900676864,0.6969140467666572,3.997999839200542,3.8822194196412454,0.7173597780829146,2.094713834393981
0.20866287277177212,0.4882539088176787,0.6966697637976942,3.9983663142005432,3.8861018633910493,0.7173597780829146,2.0948581362689755
0.20887026983180662,0.48816371506767586,0.6965532717666467,3.9983663142005432,3.878476099025956,0.7176432218329074,2.094713834393981
0.20866287277177212,0.488434296317684,0.69691490926665,3.998152438321164,3.8868845455737495,0.7176432218329074,2.0947619350189792
0.20902812277177144,0.488434296317684,0.69691490926665,3.9982440570711644,3.8864806383910304,0.7177377030829049,2.0949062368939737
0.208845497771772,0.488434296317684,0.6967327967666597,3.998122096329921,3.8763928365260605,0.71754874058291,2.0948581362689755
0.208845497771772,0.488434296317684,0.6968501512976994,3.997999839200542,3.8866951580737585,0.71754874058291,2.094954337518972
0.208845497771772,0.4882539088176787,0.6966697637976942,3.998274695450543,3.8798965052758843,0.7179266655829002,2.0948100356439774
0.2089368102717715,0.488434296317684,0.6967327967666597,3.9980304775799205,3.8819353383912594,0.7176432218329074,2.0949062368939737
0.208845497771772,0.488434296317684,0.6968501512976994,3.9983663142005432,3.8864806383910304,0.7181156280828951,2.0948100356439774
0.20896158233180612,0.48816371506767586,0.6962801030166612,3.9980001355886774,3.878286711525965,0.7179266655829002,2.0948100356439774
0.20902812277177144,0.4882539088176787,0.6965524092666544,3.998213715079921,3.8870739330737396,0.7179266655829002,2.0948100356439774
0.20866287277177212,0.48807352131767345,0.6961251512977082,3.997939155218056,3.8833306124584492,0.7174542593329125,2.0948100356439774
0.2089368102717715,0.488434296317684,0.6967327967666597,3.998213715079921,3.8770556927760276,0.7183045905828904,2.09500243814397
0.20877895733180668,0.4882539088176787,0.6967608200476894,3.9984272945711647,3.888020870573692,0.7174542593329125,2.0948100356439774
0.20875418527177206,0.4882539088176787,0.696617167235605,3.997999839200542,3.879423036525908,0.7173597780829146,2.094665733768983
0.208845497771772,0.488434296317684,0.6968238530166548,3.998274695450543,3.8826928883912215,0.7177377030829049,2.094665733768983
0.28806231954660416,0.541332579435805,0.784646988143697,4.021730138656957,4.282305014297325,0.8360957342331798,2.4651875459670345
0.2878796945466047,0.5411521919357998,0.7841023756437111,4.021852692174471,4.281642158047358,0.8352454029832015,2.4651394453420363
0.2881536320466041,0.5411521919357998,0.7844666006436918,4.022096613656958,4.281642158047358,0.8348674779832113,2.465091344717038
0.2876970695466053,0.5412423856858026,0.7841662711126693,4.021761073424471,4.281736851797353,0.8353398842331989,2.46504324409204
0.28797100704660467,0.541332579435805,0.7845296336126573,4.021944014536336,4.281926239297345,0.8358122904831871,2.4654761497170234
0.2877883820466048,0.5412423856858026,0.7841662711126693,4.021669454674471,4.28202093304734,0.8357178092331896,2.4651875459670345
0.2877883820466048,0.5412423856858026,0.78453049611265,4.022096613656958,4.281831545547348,0.8356233279831917,2.465091344717038
0.28806231954660416,0.541332579435805,0.7845943915816078,4.022096613656958,4.281547464297363,0.8349619592332087,2.4651394453420363
0.28797100704660467,0.5411521919357998,0.784140835331617,4.021730435045092,4.282305014297325,0.8357178092331896,2.465091344717038
0.28797100704660467,0.541332579435805,0.7847765040815982,4.0218520993982,4.281642158047358,0.835150921733204,2.46504324409204
0.28806231954660416,0.541332579435805,0.7847765040815982,4.0218520993982,4.281642158047358,0.8355288467331943,2.4651394453420363
0.2878796945466047,0.5410619981857974,0.7844148665815953,4.022065975277579,4.281736851797353,0.8355288467331943,2.4651394453420363
0.2881784041066387,0.5412423856858026,0.7846600120505511,4.0218520993982,4.281642158047358,0.8355288467331943,2.4651875459670345
0.2877218416066399,0.5412423856858026,0.7844778995505608,4.021730138656957,4.282305014297325,0.8357178092331896,2.465283747217031
0.28799577910663926,0.541332579435805,0.7843859808005729,4.0219746529157145,4.281642158047358,0.8353398842331989,2.4651875459670345
0.2877218416066399,0.541332579435805,0.7845680933005632,4.022004994906958,4.281926239297345,0.8353398842331989,2.4651875459670345
0.2878796945466047,0.5414227731858079,0.7844761745505757,4.021883034165714,4.281926239297345,0.8355288467331943,2.4651394453420363
0.28797100704660467,0.541332579435805,0.7845680933005632,4.022096613656958,4.281547464297363,0.8356233279831917,2.465331847842029
0.28776360998657013,0.541332579435805,0.7843859808005729,4.021883034165714,4.281358076797373,0.8349619592332087,2.464995143467042
0.2878549224865701,0.5412423856858026,0.784568955800556,4.021882737777579,4.281263383047378,0.8349619592332087,2.4651394453420363
0.2878549224865701,0.5412423856858026,0.7843868433005656,4.021760777036335,4.281642158047358,0.8357178092331896,2.4651394453420363
0.28764752542653604,0.5412423856858026,0.7844778995505608,4.021913376156958,4.282305014297325,0.8359067717331845,2.465379948467027
0.28773883792653554,0.5414227731858079,0.7846582870505661,4.021730138656957,4.281831545547348,0.8353398842331989,2.4651875459670345
0.2880127754265349,0.5414227731858079,0.7845672308005709,4.021577539536335,4.281642158047358,0.8354343654831968,2.4651875459670345
0.2879214629265354,0.5410619981857974,0.7841153995505652,4.021883034165714,4.281736851797353,0.8355288467331943,2.464995143467042
0.28773883792653554,0.541332579435805,0.7845680933005632,4.022004994906958,4.281831545547348,0.8354343654831968,2.465283747217031
0.28773883792653554,0.540971804435795,0.7842073183005531,4.021913376156958,4.281642158047358,0.8353398842331989,2.465091344717038
0.2878301504265355,0.5414227731858079,0.7844761745505757,4.0219746529157145,4.281452770547368,0.8350564404832066,2.4652356465920326
0.28810408792653486,0.5414227731858079,0.7848403995505564,4.021943718148201,4.281736851797353,0.8355288467331943,2.4652356465920326
0.2878301504265355,0.5414227731858079,0.7848403995505564,4.0222185743982015,4.28202093304734,0.8354343654831968,2.4652356465920326
0.28771406586650095,0.5414227731858079,0.7845409325195263,4.021852395786336,4.281831545547348,0.8357178092331896,2.4651875459670345
0.28762275336650145,0.541332579435805,0.7844507387695234,4.022035633286336,4.281736851797353,0.8355288467331943,2.4651875459670345
0.28771406586650095,0.541332579435805,0.7845417950195186,4.022004994906958,4.281358076797373,0.8354343654831968,2.4651394453420363
0.28762275336650145,0.5414227731858079,0.7846319887695214,4.022004994906958,4.281642158047358,0.8355288467331943,2.465283747217031
0.2878053783665009,0.541332579435805,0.7844507387695234,4.021944014536336,4.281831545547348,0.8354343654831968,2.4651875459670345
0.2878966908665008,0.5411521919357998,0.7843614075195133,4.021638519906957,4.281736851797353,0.8354343654831968,2.4652356465920326
0.2878053783665009,0.541332579435805,0.7842686262695331,4.021822053795092,4.281831545547348,0.8355288467331943,2.4651394453420363
0.2878966908665008,0.5410619981857974,0.7841801575195158,4.021760777036335,4.281926239297345,0.8357178092331896,2.4651394453420363
0.2878966908665008,0.541332579435805,0.7843596825195283,4.021883034165714,4.281926239297345,0.8355288467331943,2.4651394453420363
0.28762275336650145,0.5412423856858026,0.784360545019521,4.021944014536336,4.281263383047378,0.835150921733204,2.465091344717038
0.28771406586650095,0.5411521919357998,0.784179295019523,4.021883034165714,4.281736851797353,0.8355288467331943,2.465091344717038
0.28771406586650095,0.5412423856858026,0.7842694887695258,4.0219746529157145,4.281263383047378,0.8349619592332087,2.4651875459670345
0.2879880033665003,0.541332579435805,0.7844507387695234,4.021852395786336,4.281452770547368,0.8350564404832066,2.465091344717038
0.28771406586650095,0.5411521919357998,0.7842703512695182,4.022035633286336,4.281736851797353,0.8355288467331943,2.4652356465920326
0.28771406586650095,0.5415129669358103,0.7849042950195142,4.022035336898201,4.28202093304734,0.8354343654831968,2.4651875459670345
0.2878966908665008,0.5415129669358103,0.7849042950195142,4.022035336898201,4.281547464297363,0.8353398842331989,2.4651394453420363
0.28744012836650157,0.541332579435805,0.7846328512695138,4.022065975277579,4.281642158047358,0.8356233279831917,2.4651875459670345
0.2878966908665008,0.5416031606858132,0.7847213200195315,4.021669158286335,4.281547464297363,0.8353398842331989,2.4652356465920326
0.2878966908665008,0.5414227731858079,0.7847230450195166,4.021791119027578,4.281547464297363,0.835150921733204,2.465283747217031
0.2878053783665009,0.5414227731858079,0.7848141012695118,4.022035336898201,4.281547464297363,0.835150921733204,2.4651875459670345
0.2879880033665003,0.541332579435805,0.7847239075195089,4.022035336898201,4.281831545547348,0.8354343654831968,2.465091344717038
0.2879880033665003,0.5412423856858026,0.7846337137695065,4.0218520993982,4.281736851797353,0.8353398842331989,2.4651875459670345
0.2879214629265354,0.5411521919357998,0.7845435200195037,4.022035336898201,4.282115626797335,0.8359067717331845,2.465331847842029
0.2880127754265349,0.5414227731858079,0.7846319887695214,4.021638519906957,4.281831545547348,0.8355288467331943,2.465091344717038
0.28773883792653554,0.5413640709419556,0.7845417950195186,4.021821757406957,4.281358076797373,0.835150921733204,2.465091344717038
0.2879214629265354,0.5415444584419609,0.784813238769519,4.021974356527579,4.281831545547348,0.8356233279831917,2.4651875459670345
0.2880127754265349,0.5410032959419455,0.7840636654884687,4.021760777036335,4.281547464297363,0.8356233279831917,2.4651394453420363
0.28773883792653554,0.5414542646919585,0.7846056904884768,4.021913376156958,4.282305014297325,0.836001252983182,2.4652356465920326
0.2878301504265355,0.5413640709419556,0.7846976092384643,4.022035336898201,4.281831545547348,0.8355288467331943,2.4651394453420363
0.2879214629265354,0.5414542646919585,0.784696746738472,4.021791119027578,4.281263383047378,0.8350564404832066,2.4648989422170455
0.28773883792653554,0.5411836834419503,0.7843351092384687,4.022096613656958,4.281831545547348,0.8353398842331989,2.4651875459670345
0.2878301504265355,0.5414542646919585,0.784696746738472,4.022065975277579,4.281831545547348,0.8354343654831968,2.465331847842029
0.28764752542653604,0.541332579435805,0.7846065529884692,4.021974356527579,4.281547464297363,0.8355288467331943,2.4651875459670345
0.2878301504265355,0.541332579435805,0.7843333842384836,4.021791415415714,4.282305014297325,0.8358122904831871,2.4651875459670345
0.2879214629265354,0.540971804435795,0.7841547217384639,4.021913376156958,4.281642158047358,0.8354343654831968,2.465331847842029
0.28773883792653554,0.541332579435805,0.7844244404884788,4.022035633286336,4.281642158047358,0.8355288467331943,2.465091344717038
0.28773883792653554,0.541332579435805,0.784515496738474,4.022004994906958,4.281736851797353,0.8352454029832015,2.4651394453420363
0.2878301504265355,0.541332579435805,0.7844244404884788,4.022035633286336,4.282115626797335,0.8358122904831871,2.4651394453420363
0.2875562129265361,0.541332579435805,0.784515496738474,4.022096613656958,4.281642158047358,0.8353398842331989,2.4651394453420363
0.28810408792653486,0.541332579435805,0.7846065529884692,4.02215759402758,4.281642158047358,0.835150921733204,2.4651394453420363
0.2879214629265354,0.5412423856858026,0.7846984717384571,4.022004698518822,4.281831545547348,0.8354343654831968,2.4651875459670345
0.2878301504265355,0.541332579435805,0.7846065529884692,4.022065975277579,4.281736851797353,0.8355288467331943,2.46504324409204
0.28773883792653554,0.540971804435795,0.7843368342384542,4.022126955648201,4.281547464297363,0.8355288467331943,2.4652356465920326
0.2878301504265355,0.5411521919357998,0.7841529967384784,4.0219746529157145,4.281831545547348,0.8356233279831917,2.4654280490920253
0.2879214629265354,0.541332579435805,0.7847886654884595,4.022004698518822,4.281831545547348,0.8353398842331989,2.465379948467027
0.28773883792653554,0.5412423856858026,0.7842431904884812,4.0219746529157145,4.281263383047378,0.835150921733204,2.465091344717038
0.28773883792653554,0.5412423856858026,0.7843342467384764,4.021669158286335,4.281831545547348,0.8357178092331896,2.4651875459670345
0.2878301504265355,0.5414227731858079,0.7846056904884768,4.021638519906957,4.281831545547348,0.8355288467331943,2.4651394453420363
0.2878301504265355,0.541332579435805,0.7844244404884788,4.021760777036335,4.281263383047378,0.8352454029832015,2.465091344717038
0.2879214629265354,0.541332579435805,0.784515496738474,4.022004994906958,4.281831545547348,0.8355288467331943,2.4652356465920326
0.2879214629265354,0.5414227731858079,0.784696746738472,4.021791119027578,4.281926239297345,0.8357178092331896,2.4651875459670345
0.28773883792653554,0.5412423856858026,0.7845163592384667,4.022065975277579,4.28202093304734,0.8353398842331989,2.465331847842029
0.2879214629265354,0.5410305066796466,0.784062802988476,4.0219746529157145,4.281926239297345,0.8356233279831917,2.465379948467027
0.2878301504265355,0.5413010879296543,0.784515496738474,4.022188232406958,4.281547464297363,0.835150921733204,2.465091344717038
0.28810408792653486,0.5413010879296543,0.7846065529884692,4.02215759402758,4.281642158047358,0.8353398842331989,2.465091344717038
0.28776360998657013,0.5413010879296543,0.7846065529884692,4.02215759402758,4.281736851797353,0.8357178092331896,2.465283747217031
0.28794623498657,0.5412108941796518,0.7842431904884812,4.021699796665714,4.281736851797353,0.8355288467331943,2.4651875459670345
0.2878549224865701,0.5412108941796518,0.7844253029884716,4.021821757406957,4.281642158047358,0.8355288467331943,2.465331847842029
0.28776360998657013,0.5413597901735065,0.7846319887695214,4.021638519906957,4.281926239297345,0.8359067717331845,2.4651394453420363
0.2878549224865701,0.5411794026735013,0.7844516012695162,4.021821757406957,4.281831545547348,0.8356233279831917,2.4651875459670345
0.28812885998656945,0.5412695964235037,0.7846328512695138,4.022065975277579,4.281736851797353,0.8356233279831917,2.465283747217031
0.2875809849865707,0.5413597901735065,0.7846319887695214,4.022096613656958,4.281736851797353,0.8355288467331943,2.465331847842029
0.28794623498657,0.5412695964235037,0.7846328512695138,4.021882737777579,4.281642158047358,0.8354343654831968,2.4651875459670345
0.28776360998657013,0.5411794026735013,0.7844516012695162,4.021913376156958,4.281642158047358,0.8357178092331896,2.4652356465920326
0.28776360998657013,0.5411794026735013,0.7844516012695162,4.022004994906958,4.281736851797353,0.8353398842331989,2.4651394453420363
0.2875809849865707,0.5412695964235037,0.7845417950195186,4.021730138656957,4.281736851797353,0.8353398842331989,2.4651394453420363
0.28794623498657,0.5411794026735013,0.784360545019521,4.021944014536336,4.281736851797353,0.8355288467331943,2.4652356465920326
0.28794623498657,0.5410892089234984,0.7842703512695182,4.021944014536336,4.281736851797353,0.8356233279831917,2.4651394453420363
0.28776360998657013,0.5411794026735013,0.7842694887695258,4.021699796665714,4.281547464297363,0.8353398842331989,2.4651875459670345
0.28767229748657064,0.540999015173496,0.7841801575195158,4.021760777036335,4.281736851797353,0.8356233279831917,2.4651875459670345
0.28776360998657013,0.5413597901735065,0.7847230450195166,4.02215759402758,4.28221032054733,0.8359067717331845,2.465331847842029
0.2878549224865701,0.5410892089234984,0.7843614075195133,4.022004994906958,4.281547464297363,0.8354343654831968,2.4651394453420363
0.2880375474865695,0.5411794026735013,0.7844516012695162,4.021638519906957,4.281263383047378,0.8349619592332087,2.4651394453420363
0.28794623498657,0.5412695964235037,0.7844507387695234,4.022035633286336,4.282115626797335,0.8358122904831871,2.465283747217031
0.28794623498657,0.5413010879296543,0.7847239075195089,4.021943718148201,4.281168689297383,0.8354343654831968,2.4651875459670345
0.2876970695466053,0.5410305066796466,0.7839980450195254,4.021638816295092,4.281642158047358,0.8353398842331989,2.4651394453420363
0.2876970695466053,0.5411521919357998,0.7843614075195133,4.022188232406958,4.282115626797335,0.8359067717331845,2.46504324409204
0.2877883820466048,0.5410619981857974,0.7841801575195158,4.022035633286336,4.281736851797353,0.8356233279831917,2.465283747217031
0.2878796945466047,0.541332579435805,0.7841775700195379,4.02148621717447,4.281926239297345,0.8353398842331989,2.465283747217031
0.2877883820466048,0.541332579435805,0.7846328512695138,4.022065975277579,4.281547464297363,0.8353398842331989,2.4649470428420437
0.28760575704660535,0.5410619981857974,0.7840891012695206,4.021608177915713,4.282115626797335,0.8356233279831917,2.4651875459670345
0.2882449445466036,0.5415129669358103,0.7847221825195239,4.021821757406957,4.281642158047358,0.8355288467331943,2.4651875459670345
0.28806231954660416,0.5410619981857974,0.7842712137695109,4.021821757406957,4.281736851797353,0.8356233279831917,2.4651875459670345
0.2878796945466047,0.5412423856858026,0.784360545019521,4.022035633286336,4.281547464297363,0.8353398842331989,2.46504324409204
0.2876970695466053,0.5411521919357998,0.7842703512695182,4.021852395786336,4.282115626797335,0.8358122904831871,2.4651875459670345
0.2878796945466047,0.541332579435805,0.7847239075195089,4.022126955648201,4.282115626797335,0.8357178092331896,2.465379948467027
0.2878796945466047,0.5414227731858079,0.7846319887695214,4.021821757406957,4.281831545547348,0.8354343654831968,2.4651875459670345
0.2877883820466048,0.541332579435805,0.7846328512695138,4.021974356527579,4.282115626797335,0.8359067717331845,2.4654280490920253
0.2881536320466041,0.5415129669358103,0.784813238769519,4.02215759402758,4.281926239297345,0.8356233279831917,2.4654280490920253
0.2876970695466053,0.5411521919357998,0.7842703512695182,4.022035633286336,4.281736851797353,0.8356233279831917,2.4651875459670345
0.28797100704660467,0.541332579435805,0.7844507387695234,4.021760777036335,4.280979301797393,0.8347729967332138,2.464995143467042
0.2878796945466047,0.541332579435805,0.7844507387695234,4.021944014536336,4.281736851797353,0.8355288467331943,2.4651875459670345
0.2877883820466048,0.541332579435805,0.7843596825195283,4.021791415415714,4.281642158047358,0.8354343654831968,2.465091344717038
0.2878796945466047,0.541332579435805,0.7844507387695234,4.021669158286335,4.281736851797353,0.8357178092331896,2.4651875459670345
0.2877883820466048,0.5412423856858026,0.784360545019521,4.021669158286335,4.281073995547388,0.835150921733204,2.464995143467042
0.28806231954660416,0.541332579435805,0.7844507387695234,4.021760777036335,4.281831545547348,0.8355288467331943,2.465283747217031
0.2877883820466048,0.541332579435805,0.7847239075195089,4.022035336898201,4.281642158047358,0.8354343654831968,2.4651875459670345
0.28812885998656945,0.5415129669358103,0.784813238769519,4.02215759402758,4.281831545547348,0.8356233279831917,2.4651875459670345
0.2880375474865695,0.541332579435805,0.7844507387695234,4.021944014536336,4.281642158047358,0.8355288467331943,2.465091344717038
0.28794623498657,0.5412423856858026,0.7842694887695258,4.021791415415714,4.281926239297345,0.8357178092331896,2.4651875459670345
0.28767229748657064,0.5412423856858026,0.7844516012695162,4.022004994906958,4.281547464297363,0.8355288467331943,2.464995143467042
0.2878549224865701,0.5412423856858026,0.7844516012695162,4.021821757406957,4.281831545547348,0.8355288467331943,2.4651875459670345
0.28794623498657,0.5412423856858026,0.784360545019521,4.021944014536336,4.281831545547348,0.8355288467331943,2.465283747217031
0.28794623498657,0.541332579435805,0.7845417950195186,4.022004994906958,4.281831545547348,0.8357178092331896,2.4651875459670345
0.2878549224865701,0.5411521919357998,0.7842703512695182,4.022035633286336,4.281926239297345,0.8355288467331943,2.4651875459670345
0.28776360998657013,0.5411521919357998,0.7842703512695182,4.021944014536336,4.28202093304734,0.8358122904831871,2.465331847842029
0.28767229748657064,0.5411521919357998,0.7843614075195133,4.021821757406957,4.281736851797353,0.8353398842331989,2.4651394453420363
0.28794623498657,0.5414227731858079,0.7848141012695118,4.022035336898201,4.281831545547348,0.8357178092331896,2.4651394453420363
0.2878549224865701,0.5411521919357998,0.7845435200195037,4.022126955648201,4.281547464297363,0.835150921733204,2.46504324409204
0.2880375474865695,0.541332579435805,0.7845417950195186,4.021821757406957,4.281642158047358,0.8354343654831968,2.4651394453420363
0.28767229748657064,0.5411521919357998,0.7842703512695182,4.021852395786336,4.281831545547348,0.8355288467331943,2.4651875459670345
0.28776360998657013,0.5412423856858026,0.7846337137695065,4.022126955648201,4.28202093304734,0.8356233279831917,2.4651875459670345
0.28776360998657013,0.5412423856858026,0.7845426575195114,4.022065975277579,4.281831545547348,0.8354343654831968,2.4652356465920326
0.2878549224865701,0.541332579435805,0.7845417950195186,4.022188232406958,4.281831545547348,0.8355288467331943,2.4651394453420363
0.28767229748657064,0.540971804435795,0.7842720762695037,4.021882737777579,4.281926239297345,0.8356233279831917,2.465331847842029
0.2878549224865701,0.5410619981857974,0.7842712137695109,4.022004994906958,4.281642158047358,0.8353398842331989,2.4652356465920326
0.2878549224865701,0.5412423856858026,0.7844516012695162,4.021821757406957,4.281831545547348,0.8357178092331896,2.4651875459670345
0.2880375474865695,0.5414227731858079,0.7847230450195166,4.021974356527579,4.282305014297325,0.8362846967331747,2.4654280490920253
0.2880375474865695,0.5412423856858026,0.7846600120505511,4.021943718148201,4.281736851797353,0.8356233279831917,2.465091344717038
0.28794623498657,0.541332579435805,0.784477037050568,4.021944014536336,4.281831545547348,0.8357178092331896,2.465331847842029
0.2878549224865701,0.5412423856858026,0.7844778995505608,4.022004994906958,4.281642158047358,0.8354343654831968,2.4651875459670345
0.28794623498657,0.5410619981857974,0.7842064558005604,4.022035633286336,4.281831545547348,0.8354343654831968,2.465091344717038
0.2878549224865701,0.5412108941796518,0.7846600120505511,4.0222185743982015,4.281926239297345,0.8355288467331943,2.465379948467027
0.2880375474865695,0.5410892089234984,0.7845698183005483,4.021943718148201,4.281263383047378,0.8353398842331989,2.465091344717038
0.28794623498657,0.5411794026735013,0.7844778995505608,4.021730138656957,4.281831545547348,0.8352454029832015,2.4651875459670345
0.28794623498657,0.5411794026735013,0.7843868433005656,4.021669158286335,4.282305014297325,0.8360957342331798,2.4651875459670345
0.28776360998657013,0.540999015173496,0.7842975120505555,4.022188232406958,4.281831545547348,0.8353398842331989,2.4652356465920326
0.28767229748657064,0.540999015173496,0.7841153995505652,4.021791415415714,4.281642158047358,0.8355288467331943,2.4651394453420363
0.2878549224865701,0.5413597901735065,0.7845672308005709,4.021944014536336,4.281736851797353,0.8355288467331943,2.4651875459670345
0.2880375474865695,0.5412695964235037,0.7847502058005535,4.0222185743982015,4.281736851797353,0.8354343654831968,2.4651875459670345
0.28794623498657,0.5411794026735013,0.7842047308005753,4.021638816295092,4.282494401797315,0.8361902154831773,2.4654280490920253
0.28776360998657013,0.5412695964235037,0.7843859808005729,4.021791415415714,4.28202093304734,0.8357178092331896,2.4651875459670345
0.2880375474865695,0.5412695964235037,0.784477037050568,4.022035633286336,4.281736851797353,0.8355288467331943,2.4651394453420363
0.28776360998657013,0.5410892089234984,0.7842055933005676,4.021791415415714,4.281642158047358,0.8355288467331943,2.465091344717038
0.28812885998656945,0.5410892089234984,0.7842055933005676,4.021791415415714,4.281547464297363,0.8353398842331989,2.4651394453420363
0.2878549224865701,0.5410892089234984,0.7843877058005579,4.021913376156958,4.28202093304734,0.8358122904831871,2.465091344717038
0.28776360998657013,0.5410892089234984,0.7842055933005676,4.021791415415714,4.281547464297363,0.835150921733204,2.4651394453420363
0.28794623498657,0.541449983923509,0.7846574245505733,4.022035633286336,4.281926239297345,0.8355288467331943,2.4652356465920326
0.28776360998657013,0.5410305066796466,0.7841153995505652,4.0219746529157145,4.281831545547348,0.8354343654831968,2.465283747217031
0.2880375474865695,0.5414814754296595,0.7848395370505636,4.021882737777579,4.281736851797353,0.8356233279831917,2.465331847842029
0.28776360998657013,0.5413010879296543,0.7845680933005632,4.022004994906958,4.281926239297345,0.8356233279831917,2.465283747217031
0.2878549224865701,0.5413010879296543,0.7845680933005632,4.021821757406957,4.281736851797353,0.8355288467331943,2.4651394453420363
0.28794623498657,0.5412108941796518,0.7846600120505511,4.022126955648201,4.282494401797315,0.8356233279831917,2.4652356465920326
0.28794623498657,0.5413912816796571,0.7845935290816155,4.021577539536335,4.281736851797353,0.8355288467331943,2.465091344717038
0.2880375474865695,0.5413010879296543,0.7845943915816078,4.022096613656958,4.281358076797373,0.835150921733204,2.464995143467042
0.28812885998656945,0.541120700429649,0.7844140040816026,4.022096613656958,4.281736851797353,0.8357178092331896,2.4651875459670345
0.28794623498657,0.5412108941796518,0.7844131415816102,4.021852395786336,4.281642158047358,0.8354343654831968,2.4651875459670345
0.28776360998657013,0.5413010879296543,0.7845943915816078,4.022096613656958,4.281736851797353,0.8356233279831917,2.4651394453420363
0.2878549224865701,0.5413912816796571,0.7845935290816155,4.022035633286336,4.281831545547348,0.8354343654831968,2.4651875459670345
0.2878549224865701,0.5413010879296543,0.7845943915816078,4.021638519906957,4.281642158047358,0.8356233279831917,2.4652356465920326
0.28776360998657013,0.5413010879296543,0.7844122790816175,4.0219746529157145,4.281642158047358,0.8355288467331943,2.4651875459670345
0.28776360998657013,0.541120700429649,0.7842318915816122,4.021699796665714,4.281831545547348,0.8356233279831917,2.4651875459670345
0.28776360998657013,0.541120700429649,0.7843229478316074,4.022127252036337,4.281642158047358,0.8354343654831968,2.465091344717038
0.28794623498657,0.541120700429649,0.7846871728315881,4.022096317268823,4.28202093304734,0.8357178092331896,2.465283747217031
0.28776360998657013,0.5413010879296543,0.7845943915816078,4.022004994906958,4.282115626797335,0.8356233279831917,2.465331847842029
0.28794623498657,0.5413010879296543,0.7845943915816078,4.021821757406957,4.281736851797353,0.8355288467331943,2.465283747217031
0.2878549224865701,0.5413912816796571,0.7846845853316107,4.021730138656957,4.281831545547348,0.8354343654831968,2.4652356465920326
0.28794623498657,0.5410305066796466,0.784232754081605,4.021760777036335,4.281547464297363,0.8350564404832066,2.4651394453420363
0.28767229748657064,0.5413010879296543,0.784685447831603,4.022065975277579,4.281547464297363,0.835150921733204,2.465091344717038
0.28794623498657,0.541120700429649,0.7845050603315977,4.021974356527579,4.281926239297345,0.8356233279831917,2.4651394453420363
0.28767229748657064,0.541120700429649,0.7840497790816219,4.022035929674471,4.28202093304734,0.8355288467331943,2.465091344717038
0.28794623498657,0.5412108941796518,0.7844131415816102,4.021852395786336,4.28202093304734,0.8356233279831917,2.4651875459670345
0.2878301504265355,0.5412108941796518,0.7843220853316151,4.021791415415714,4.281736851797353,0.8354343654831968,2.4651394453420363
0.28773883792653554,0.5413010879296543,0.7844122790816175,4.021608177915713,4.281736851797353,0.8355288467331943,2.46504324409204
0.2879214629265354,0.5413010879296543,0.7847765040815982,4.022035336898201,4.281831545547348,0.8356233279831917,2.4651875459670345
0.2879214629265354,0.541120700429649,0.7844140040816026,4.022096613656958,4.281736851797353,0.8355288467331943,2.4651875459670345
0.28773883792653554,0.5413912816796571,0.7845024728316203,4.021883034165714,4.282305014297325,0.8360957342331798,2.4654280490920253
0.28773883792653554,0.5413912816796571,0.7845935290816155,4.021852395786336,4.281547464297363,0.8354343654831968,2.4651875459670345
0.2879214629265354,0.541120700429649,0.7843229478316074,4.022035633286336,4.281926239297345,0.8354343654831968,2.46504324409204
0.2880127754265349,0.541120700429649,0.7845050603315977,4.021974356527579,4.281831545547348,0.8354343654831968,2.4651394453420363
0.2879214629265354,0.5413010879296543,0.7844122790816175,4.021883034165714,4.281642158047358,0.8355288467331943,2.464995143467042
0.2879214629265354,0.5410305066796466,0.7844148665815953,4.022065975277579,4.281831545547348,0.8352454029832015,2.4651875459670345
0.28773883792653554,0.5414814754296595,0.7846837228316179,4.021760777036335,4.282115626797335,0.8355288467331943,2.4652356465920326
0.28764752542653604,0.541120700429649,0.7843229478316074,4.021944014536336,4.281831545547348,0.8356233279831917,2.465331847842029
0.28773883792653554,0.5409403129296442,0.7844157290815881,4.0218520993982,4.28202093304734,0.8355288467331943,2.465283747217031
0.28773883792653554,0.5413912816796571,0.7845024728316203,4.021608177915713,4.281547464297363,0.8352454029832015,2.465331847842029
0.28773883792653554,0.5413010879296543,0.7843859808005729,4.021883034165714,4.281263383047378,0.835150921733204,2.465091344717038
0.2880127754265349,0.5413010879296543,0.7846591495505584,4.021882737777579,4.281547464297363,0.8355288467331943,2.465091344717038
0.2879214629265354,0.541120700429649,0.7843877058005579,4.022096613656958,4.281642158047358,0.8353398842331989,2.465283747217031
0.2878301504265355,0.5414814754296595,0.7849305933005588,4.0216688618982,4.281926239297345,0.8357178092331896,2.4651875459670345
0.2875562129265361,0.5412108941796518,0.7843868433005656,4.021852395786336,4.282115626797335,0.8358122904831871,2.4651875459670345
0.2879214629265354,0.5412108941796518,0.7844778995505608,4.022004994906958,4.281736851797353,0.8354343654831968,2.4651394453420363
0.2878966908665008,0.541120700429649,0.7842966495505628,4.022035633286336,4.281452770547368,0.8353398842331989,2.4652356465920326
0.2878966908665008,0.5413912816796571,0.7846582870505661,4.021638519906957,4.281642158047358,0.835150921733204,2.4651875459670345
0.2878053783665009,0.5413010879296543,0.7845680933005632,4.021821757406957,4.281736851797353,0.8354343654831968,2.4652356465920326
0.28771406586650095,0.5413010879296543,0.784477037050568,4.021669158286335,4.281831545547348,0.8357178092331896,2.4651875459670345
0.2878053783665009,0.5412108941796518,0.7843868433005656,4.021669158286335,4.28202093304734,0.8356233279831917,2.465331847842029
0.2878053783665009,0.5412108941796518,0.784568955800556,4.021974356527579,4.281547464297363,0.835150921733204,2.465091344717038
0.2878966908665008,0.541332579435805,0.7843859808005729,4.021791415415714,4.281926239297345,0.8354343654831968,2.4651394453420363
0.28771406586650095,0.5411521919357998,0.7841145370505724,4.021913672545093,4.281642158047358,0.8352454029832015,2.4651875459670345
0.2878966908665008,0.5413640709419556,0.7845680933005632,4.022004994906958,4.281642158047358,0.8358122904831871,2.4652356465920326
0.2879880033665003,0.5413640709419556,0.7846328512695138,4.021974356527579,4.281358076797373,0.835150921733204,2.465091344717038
0.2878053783665009,0.541332579435805,0.7844244404884788,4.021852395786336,4.282115626797335,0.8355288467331943,2.4651875459670345
0.28771406586650095,0.5414227731858079,0.7846319887695214,4.022096613656958,4.28202093304734,0.8356233279831917,2.4654761497170234
0.2878966908665008,0.5412423856858026,0.7843868433005656,4.021852395786336,4.281926239297345,0.8355288467331943,2.4651875459670345
0.2878966908665008,0.5411836834419503,0.7843614075195133,4.022096613656958,4.281263383047378,0.835150921733204,2.4651875459670345
0.2878053783665009,0.5416346521919637,0.7847860779884821,4.021913376156958,4.281736851797353,0.8355288467331943,2.4651875459670345
0.28771406586650095,0.5411521919357998,0.7844261654884639,4.021974356527579,4.281642158047358,0.8355288467331943,2.4651875459670345
0.2878966908665008,0.5412423856858026,0.7844253029884716,4.021730138656957,4.281831545547348,0.8356233279831917,2.4651394453420363
0.28771406586650095,0.5413640709419556,0.7844507387695234,4.021944014536336,4.281736851797353,0.8355288467331943,2.465283747217031
0.2875562129265361,0.5413640709419556,0.7842686262695331,4.021730435045092,4.281736851797353,0.835150921733204,2.465283747217031
0.2878301504265355,0.5414542646919585,0.7843325217384913,4.021638816295092,4.281263383047378,0.835150921733204,2.465091344717038
0.28764752542653604,0.5411836834419503,0.7842440529884736,4.021944014536336,4.281831545547348,0.8352454029832015,2.4651875459670345
0.2879214629265354,0.5414542646919585,0.7847878029884672,4.021943718148201,4.281736851797353,0.8355288467331943,2.465331847842029
0.28794623498657,0.5414542646919585,0.7844235779884865,4.021608177915713,4.281642158047358,0.8357178092331896,2.465091344717038
0.28776360998657013,0.5414542646919585,0.7845146342384817,4.022127252036337,4.281736851797353,0.8355288467331943,2.465283747217031
0.28776360998657013,0.5413640709419556,0.7846328512695138,4.022065975277579,4.28239970804732,0.8357178092331896,2.465091344717038
0.2875809849865707,0.5412738771919532,0.7844778995505608,4.021913376156958,4.282305014297325,0.8359067717331845,2.465283747217031
0.28776360998657013,0.5414542646919585,0.7845409325195263,4.021944014536336,4.281736851797353,0.8356233279831917,2.465283747217031
0.2875809849865707,0.5410934896919479,0.7842449154884663,4.022096613656958,4.281642158047358,0.8350564404832066,2.4651394453420363
0.2878301504265355,0.5417248459419661,0.7852404967384652,4.021882441389444,4.28221032054733,0.8357178092331896,2.465091344717038
0.28773883792653554,0.5413640709419556,0.7843333842384836,4.021883034165714,4.281926239297345,0.8357178092331896,2.4651394453420363
0.28794623498657,0.5412423856858026,0.7843342467384764,4.021852395786336,4.281168689297383,0.8350564404832066,2.4651875459670345
0.2878549224865701,0.5413010879296543,0.784515496738474,4.022004994906958,4.282115626797335,0.8357178092331896,2.4651394453420363
0.2878549224865701,0.5413010879296543,0.7845417950195186,4.021821757406957,4.281642158047358,0.8354343654831968,2.4651875459670345
0.2879214629265354,0.5413010879296543,0.7847502058005535,4.021943718148201,4.28202093304734,0.8355288467331943,2.465379948467027
0.2879214629265354,0.5412108941796518,0.7844778995505608,4.021638519906957,4.281642158047358,0.835150921733204,2.4651394453420363
0.28776360998657013,0.541120700429649,0.7842966495505628,4.021577539536335,4.281736851797353,0.8355288467331943,2.4651875459670345
0.2880375474865695,0.5413010879296543,0.784477037050568,4.021669158286335,4.281736851797353,0.8352454029832015,2.46504324409204
0.28776360998657013,0.541120700429649,0.7843877058005579,4.022096613656958,4.281926239297345,0.8355288467331943,2.465283747217031
0.3667050494217847,0.5938743683223655,0.8678713107791055,4.020343870904204,4.0991960185071274,0.951430365383532,2.7973201594261425
0.36688767442178416,0.5939058598285161,0.8678591493722441,4.020374509283583,4.099669487257104,0.9518082903835222,2.797512561926135
0.3667298214818193,0.5936624893162095,0.8678608743722291,4.020129995024825,4.099574793507108,0.9516193278835273,2.797512561926135
0.36675459354185397,0.593540804060056,0.86755010843433,4.02013029141296,4.099764181007099,0.9515248466335294,2.7974644613011366
0.3668459060418539,0.5935995063039082,0.8680186640584968,4.020129995024825,4.0990066310071365,0.9512414028835371,2.7974644613011366
0.36682113398181926,0.5934821018162042,0.8678382765584916,4.020221613774826,4.098911937257141,0.9515248466335294,2.797512561926135
0.3670037589818187,0.593351855023152,0.8678758737464047,4.019763520024824,4.101658056007003,0.9515248466335294,2.797416360676139
0.3670037589818187,0.5924685667239287,0.8669693732790792,4.019736603713861,4.102320912256969,0.9513358841335345,2.797272058801144
0.36709507148181864,0.592676164961635,0.8669526489049181,4.019133058591934,4.1032678497569215,0.9515248466335294,2.797416360676139
0.36696199060188806,0.5923153899616249,0.8665655756238634,4.01837661796125,4.1035519310069075,0.9515248466335294,2.797512561926135
0.36749286928199065,0.592676164961635,0.8669122137496902,4.0172911920705054,4.104025399756884,0.9517138091335248,2.797512561926135
0.36706107884202643,0.5923740922054767,0.8665364393755041,4.0167179889398215,4.104782949756845,0.9511469216335392,2.7973201594261425
0.3675424134020599,0.5926446734554843,0.8667807223444671,4.016534751439821,4.10487764350684,0.9516193278835273,2.797416360676139
0.36742632884202575,0.592342600699326,0.8663927865634197,4.016141360128857,4.105067031006831,0.9516193278835273,2.7974644613011366
0.36726847590206096,0.592342600699326,0.8663280285944691,4.016114443817894,4.105351112256816,0.9516193278835273,2.7973682600511403
0.36735978840206046,0.5923740922054767,0.8665101410944595,4.015720756118796,4.10487764350684,0.9516193278835273,2.797416360676139
0.3672932479620956,0.5922838984554742,0.866419947344457,4.015720756118796,4.105540499756807,0.9513358841335345,2.797416360676139
0.36726847590206096,0.5924957774616302,0.8665598996892345,4.014967741168392,4.106013968506783,0.9517138091335248,2.797272058801144
0.3672019354620957,0.5920405279431676,0.8658976821908719,4.013851973286403,4.10428434882413,0.951430365383532,2.797512561926135
0.3674341045821643,0.5921579324308717,0.8659344168787928,4.01355020072544,4.10390557382415,0.9517138091335248,2.7973201594261425
0.3674511009020604,0.5928923247362405,0.8668426423461035,4.013458285587305,4.1017276175742605,0.9519027716335201,2.797416360676139
0.3673845604620951,0.5929910800231415,0.8667402871892393,4.0130414036456585,4.101822311324256,0.9519027716335201,2.7974644613011366
0.3677993545821636,0.5931399760169962,0.8669328360961059,4.011738676195254,4.10428434882413,0.9517138091335248,2.7974644613011366
0.3672189317819917,0.5925630412423806,0.8661298037529737,4.011406561643047,4.10428434882413,0.9519027716335201,2.797560662551133
0.3671028472219572,0.5928336224923882,0.8662830304719416,4.011712056272426,4.10352679882417,0.9518082903835222,2.7974644613011366
0.36749286928199065,0.5931442567854457,0.8666868281271578,4.011891571704011,4.101064761324293,0.9515248466335294,2.797416360676139
0.36751764134202525,0.5933919080662013,0.866855916720294,4.011318368573328,4.101348842574279,0.9518082903835222,2.7973682600511403
0.3675841817819906,0.5929280970108403,0.8664651429719319,4.010470309192643,4.10428434882413,0.951430365383532,2.7973682600511403
0.3673937810418522,0.5927162180046848,0.8662584571908825,4.010802720132984,4.104379042574127,0.9519027716335201,2.797512561926135
0.3672946928017138,0.5932659420415988,0.866855916720294,4.011226749823327,4.1016329238242655,0.952091734133515,2.797416360676139
0.367344236921783,0.5934821018162042,0.8672840371892334,4.01053099317513,4.101917005074251,0.9524696591335052,2.7974644613011366
0.3673194648617484,0.5934506103100536,0.8664503940650932,4.009595629889131,4.10352679882417,0.9532255091334857,2.7973201594261425
0.36701297956157586,0.5929638692854404,0.8662191350029838,4.009843273440034,4.104473736324122,0.954075840383464,2.7974644613011366
0.3668303545615764,0.5930540630354428,0.866426683284026,4.009629397560655,4.103810880074155,0.9568475163160586,2.7973682600511403
0.3671212883814715,0.5935450848285055,0.8669724087513414,4.009839551371618,4.10153823007427,0.9576978475660369,2.797416360676139
0.367029975881472,0.5938786490908146,0.8670871757824034,4.009385179690033,4.102485167574223,0.9573199225660467,2.7973201594261425
0.3668473508814726,0.5930268522977418,0.8662069735961224,4.009025852438728,4.104663123824112,0.9577923288160344,2.797512561926135
0.367022200141333,0.5930225715292923,0.8663356270340308,4.009144387499691,4.10390557382415,0.9576978475660369,2.797512561926135
0.36665695014133415,0.5933604165600508,0.8665038531271747,4.008991788379069,4.102390473824226,0.9577923288160344,2.7973682600511403
0.36661518176140345,0.593635278578508,0.8666720792203186,4.009079981448789,4.1016329238242655,0.9575088850660416,2.7974644613011366
0.36688911926140283,0.5935722955662066,0.8669189496892595,4.009446160060654,4.102863942574203,0.9579812913160293,2.797416360676139
0.3667730347013687,0.5932974335477494,0.8664127968771795,4.009079981448789,4.10428434882413,0.9578868100660318,2.7974644613011366
0.36713828470136756,0.5935680147977576,0.8665660235961479,4.009202238578167,4.103432105074175,0.9577923288160344,2.797560662551133
0.3667730347013687,0.5937526830662119,0.8671640951582154,4.009415521681276,4.102295780074231,0.957603366316039,2.7974644613011366
0.3667482626413341,0.5937254723285108,0.8668917889082226,4.009293560940033,4.102485167574223,0.9577923288160344,2.7973201594261425
0.3669308876413335,0.5934506103100536,0.866737699689262,4.009293560940033,4.102958636324198,0.9576978475660369,2.7974644613011366
0.366814803081299,0.593419118803903,0.8666203451582222,4.00914096181941,4.103621492574165,0.957603366316039,2.7974644613011366
0.36668172220136874,0.5934778210477547,0.8669574093771655,4.0095071404312765,4.103148023824188,0.957603366316039,2.797416360676139
0.3667482626413341,0.593540804060056,0.8668663531271703,4.009537778810654,4.102769248824208,0.9573199225660467,2.7974644613011366
0.366814803081299,0.5938113853100642,0.8670721764082279,4.009385179690033,4.102863942574203,0.9579812913160293,2.7974644613011366
0.3665408655812996,0.5935722955662066,0.8667368371892692,4.009507436819411,4.102769248824208,0.957603366316039,2.7973682600511403
0.3669974280812984,0.5931485375538949,0.8662587076582189,4.00926321894879,4.103432105074175,0.957603366316039,2.797416360676139
0.3667234905812995,0.593207239797747,0.8665310139082121,4.009476798440033,4.103242717574183,0.9574144038160441,2.797416360676139
0.366814803081299,0.5932702228100484,0.8665047156271675,4.009385179690033,4.102674555074213,0.9575088850660416,2.797512561926135
0.36665695014133415,0.5934821018162042,0.866529288908227,4.0093548376987895,4.102863942574203,0.9579812913160293,2.7973201594261425
0.367022200141333,0.5935093125539054,0.8669189496892595,4.009262922560653,4.103337411324178,0.9576978475660369,2.797416360676139
0.3667482626413341,0.5933876272977523,0.866529288908227,4.00926321894879,4.103337411324178,0.957603366316039,2.797416360676139
0.36663217808129955,0.5935995063039082,0.866865490627178,4.009201942190032,4.103337411324178,0.9576978475660369,2.7974644613011366
0.366814803081299,0.5936624893162095,0.8667096764082323,4.0093548376987895,4.102390473824226,0.9576978475660369,2.7974644613011366
0.366814803081299,0.5933919080662013,0.8666475059392591,4.009476798440033,4.102390473824226,0.9574144038160441,2.797416360676139
0.3667234905812995,0.5932974335477494,0.8668943764082,4.009568120801898,4.10371618632416,0.957603366316039,2.7973201594261425
0.367022200141333,0.5933561357916016,0.8668024576582125,4.009446160060654,4.103432105074175,0.9576978475660369,2.797272058801144
0.366814803081299,0.5935722955662066,0.8669837076582101,4.0095071404312765,4.102579861324218,0.957603366316039,2.7974644613011366
0.3669974280812984,0.5937526830662119,0.8670082809392696,4.009385179690033,4.102579861324218,0.9580757725660272,2.797560662551133
0.3669974280812984,0.5937841745723627,0.8669172246892745,4.00923258056941,4.101822311324256,0.9574144038160441,2.797272058801144
0.3667234905812995,0.5933332058223497,0.8662841434392712,4.009110619828167,4.102390473824226,0.9579812913160293,2.7973201594261425
0.3669974280812984,0.5935722955662066,0.8668278934392644,4.009385179690033,4.102011698824246,0.9576978475660369,2.7974644613011366
0.3668395751413336,0.5933289250539001,0.8665564496892639,4.009324199319411,4.103432105074175,0.9579812913160293,2.797416360676139
0.3667234905812995,0.5931442567854457,0.8663489014082217,4.0093548376987895,4.102390473824226,0.9577923288160344,2.797416360676139
0.3669231119011946,0.5936080678408069,0.8669217876565741,4.009934892190034,4.1012541488242835,0.9581702538160246,2.797560662551133
0.36664917440119565,0.5942207748900228,0.8677013596859765,4.0096903779312765,4.100117823824341,0.9576978475660369,2.797512561926135
0.36665695014133415,0.5944641454023293,0.8676085784359963,4.0092666446290695,4.102390473824226,0.957603366316039,2.797416360676139
0.36665695014133415,0.593513593322355,0.8667255382824005,4.008361030558044,4.10428434882413,0.9580757725660272,2.797512561926135
0.36687356778112534,0.593207239797747,0.8668991898428365,4.010955615641742,4.100496598824321,0.9577923288160344,2.7974644613011366
0.3666831670409874,0.5937612446031106,0.8676309787447858,4.010562224330778,4.099549661324371,0.9579812913160293,2.797416360676139
0.36679925160102156,0.5943653901154278,0.8685505031189655,4.008774190431274,4.100685986324313,0.9581702538160246,2.797512561926135
0.36682402366105615,0.5938786490908146,0.8680076156189647,4.0085946749996895,4.102579861324218,0.9580757725660272,2.797512561926135
0.3666166266010221,0.5931170460477442,0.8674523162447656,4.008414863179969,4.103148023824188,0.958264735066022,2.7973201594261425
0.36645099792091873,0.5931170460477442,0.8678306781189296,4.008930215232176,4.1012541488242835,0.9581702538160246,2.7974644613011366
0.3666506192408139,0.5941220196031212,0.8692077096777444,4.009109730663762,4.098981498824399,0.9580757725660272,2.797416360676139
0.3666166266010221,0.5939774043777162,0.868924967020875,4.008109072162455,4.100780680074308,0.958264735066022,2.797512561926135
0.3666166266010221,0.5935995063039082,0.8687530404604245,4.007264438462052,4.102769248824208,0.9579812913160293,2.7973201594261425
0.3668410199809522,0.5927792010169861,0.8680953859293616,4.007596849402393,4.102579861324218,0.9581702538160246,2.7974644613011366
0.3665670824809528,0.5932659420415988,0.8687697648345851,4.007867983583978,4.100212517574336,0.9579812913160293,2.797512561926135
0.3667744795409869,0.5937884553408121,0.8688986687398303,4.007685042472112,4.099549661324371,0.9580757725660272,2.7973682600511403
0.3665996302811264,0.593635278578508,0.8687295801466937,4.007054284651088,4.102579861324218,0.9580757725660272,2.797512561926135
0.36674048690119515,0.592982518486243,0.8683105326499654,4.004676704738914,4.104568430074117,0.9581702538160246,2.797416360676139
0.3666909427811259,0.5927391479739363,0.8683122576499505,4.005544532681865,4.103810880074155,0.9584536975660174,2.7973201594261425
0.36679925160102156,0.5932659420415988,0.8689903370224814,4.007168801255499,4.100875373824303,0.9581702538160246,2.797416360676139
0.36676525896122975,0.5937211915600613,0.8692478943656354,4.004408699849475,4.102295780074231,0.9588316225660076,2.7976087631761315
0.36630869646123093,0.5931127652792951,0.8682607740551909,4.003401189987607,4.104663123824112,0.9587371413160102,2.797512561926135
0.3669478839612292,0.5928021309862377,0.8681949031189107,4.0033739772885095,4.104852511324102,0.9579812913160293,2.797416360676139
0.36676525896122975,0.5928336224923882,0.8680653871810096,4.00373360092795,4.103432105074175,0.9584536975660174,2.797512561926135
0.36674048690119515,0.593540804060056,0.8687276046793722,4.003943754738913,4.1016329238242655,0.9580757725660272,2.7973201594261425
0.3665904097013688,0.5937211915600613,0.8688290973362436,4.002315764096862,4.104663123824112,0.9585481788160148,2.7973682600511403
0.36668172220136874,0.5926532349923834,0.8679862418705393,4.001833883328043,4.10885478100664,0.9585481788160148,2.7974644613011366
0.3666987185212649,0.5927391479739363,0.8682839839015839,4.002169719948665,4.107718456006697,0.9584536975660174,2.797416360676139
0.36697265602126383,0.5930225715292923,0.868039088899965,4.002071546226239,4.106013968506783,0.9584536975660174,2.797416360676139
0.36682257882143793,0.593419118803903,0.8685059195241467,4.001742560966178,4.106582131006754,0.9587371413160102,2.7974644613011366
0.36709651632143686,0.5932029590292975,0.868166879837881,4.001406724345555,4.108760087256644,0.9583592163160195,2.7974644613011366
0.36709651632143686,0.5928608332300898,0.8677367839016201,4.001284763604311,4.109328249756616,0.9585481788160148,2.797512561926135
0.3670469722013676,0.5925902519800821,0.867765669682643,4.001501768775836,4.107718456006697,0.9585481788160148,2.7973682600511403
0.3669308876413335,0.5931757482915964,0.8682587985878689,4.0018035413368,4.106013968506783,0.9579812913160293,2.797272058801144
0.3667064942614034,0.593207239797747,0.8682850968689135,4.001138719456116,4.108002537256683,0.9584536975660174,2.7974644613011366
0.36688911926140283,0.5928379032608379,0.8677526457757885,4.000864159594251,4.10885478100664,0.9583592163160195,2.7973682600511403
0.36682257882143793,0.5929553077485418,0.8681799037447351,4.001138719456116,4.109138862256625,0.9588316225660076,2.7973201594261425
0.36688911926140283,0.5931399760169962,0.8682437992136929,4.001321956956117,4.108286618506669,0.9587371413160102,2.797272058801144
0.36688911926140283,0.5935050317854562,0.8685669770257902,4.000863863206115,4.107623762256702,0.9585481788160148,2.7974644613011366
0.36679780676140333,0.593446329541604,0.868503081556832,4.0009895460157745,4.107907843506688,0.9587371413160102,2.797416360676139
0.36679780676140333,0.5929280970108403,0.8681160082757768,4.000748753825433,4.108570699756654,0.9583592163160195,2.7974644613011366
0.36707174426140227,0.5930182907608431,0.8680240895257894,4.00081003058419,4.108570699756654,0.9584536975660174,2.7973682600511403
0.36679780676140333,0.5930225715292923,0.8677254849947511,4.000596451092946,4.108002537256683,0.9585481788160148,2.7973682600511403
0.36707174426140227,0.5931442567854457,0.8682709599947303,4.0007181154460545,4.108002537256683,0.9585481788160148,2.7974644613011366
0.3669138913214374,0.5931127652792951,0.8682709599947303,4.000901352946054,4.108381312256664,0.9584536975660174,2.797512561926135
0.36700520382143736,0.5931714675231468,0.8682963957757821,4.000657135075433,4.108286618506669,0.9580757725660272,2.797512561926135
0.3669138913214374,0.5930182907608431,0.8681151457757845,4.000871010954811,4.108570699756654,0.9585481788160148,2.7974644613011366
0.36709651632143686,0.5931442567854457,0.8679977912447447,4.0007759665245315,4.108570699756654,0.9587371413160102,2.797416360676139
0.36682257882143793,0.5931757482915964,0.8682062020257797,4.001081164765775,4.108381312256664,0.9589261038160051,2.797416360676139
0.36700520382143736,0.5932344505354481,0.8682316378068315,4.000653709395152,4.108381312256664,0.9585481788160148,2.7974644613011366
0.36709651632143686,0.5931714675231468,0.8681142832757918,4.000535174334189,4.10904416850663,0.9584536975660174,2.797416360676139
0.36682257882143793,0.5929910800231415,0.8679986537447371,4.000962629704812,4.108570699756654,0.9583592163160195,2.7973201594261425
0.36682257882143793,0.5934778210477547,0.868294670775797,4.0008675852745315,4.1078131497566925,0.9583592163160195,2.797512561926135
0.3669138913214374,0.5932659420415988,0.8681142832757918,4.000592729024531,4.108002537256683,0.9586426600660123,2.7973682600511403
0.36707174426140227,0.5931714675231468,0.8682963957757821,4.000714689765774,4.108570699756654,0.9584536975660174,2.797416360676139
0.36679780676140333,0.5928106925231367,0.8676624520257861,4.00089822365391,4.10885478100664,0.9587371413160102,2.797512561926135
0.36688911926140283,0.5932659420415988,0.867932170775801,4.000654005783288,4.108097231006678,0.9585481788160148,2.7974644613011366
0.36688911926140283,0.5931757482915964,0.8678419770257986,4.000654005783288,4.108191924756673,0.9585481788160148,2.797416360676139
0.36661518176140345,0.5931127652792951,0.8682325003068243,4.0008979272657745,4.10904416850663,0.9589261038160051,2.797704964426128
0.36707174426140227,0.5930812737731443,0.8681151457757845,4.001111803145154,4.10885478100664,0.9586426600660123,2.7974644613011366
0.36661518176140345,0.5929323777792899,0.8677263474947439,4.00098984240391,4.108381312256664,0.958264735066022,2.797416360676139
0.36688911926140283,0.5932659420415988,0.8682963957757821,4.0008979272657745,4.107718456006697,0.9587371413160102,2.797512561926135
0.3667064942614034,0.5931757482915964,0.868050387806834,4.001050822774532,4.108097231006678,0.9583592163160195,2.7973682600511403
0.36661518176140345,0.5930540630354428,0.8678428395257909,4.000714986153909,4.108476006006659,0.958264735066022,2.797272058801144
0.36698043176140277,0.5932029590292975,0.8684522099947278,4.0010198880070185,4.108381312256664,0.9585481788160148,2.7973201594261425
0.36707174426140227,0.5931127652792951,0.8683620162447254,4.000745031757018,4.108191924756673,0.9585481788160148,2.797272058801144
0.3667064942614034,0.5934148380354534,0.8683594287447476,4.000836946895153,4.108476006006659,0.9584536975660174,2.797416360676139
0.36707174426140227,0.5930225715292923,0.8681160082757768,4.000806308515775,4.108570699756654,0.9585481788160148,2.7973201594261425
0.36688911926140283,0.5931127652792951,0.8680888474947399,4.000928565645153,4.108381312256664,0.9584536975660174,2.7974644613011366
0.36725436926140215,0.5932344505354481,0.8682700974947375,4.000439833515773,4.108097231006678,0.9584536975660174,2.797656863801129
0.36698043176140277,0.5931757482915964,0.8681799037447351,4.000714689765774,4.108665393506649,0.9584536975660174,2.7974644613011366
0.3668643472013682,0.5930540630354428,0.8680897099947322,4.001081164765775,4.108665393506649,0.9586426600660123,2.7974644613011366
0.36668172220136874,0.5932344505354481,0.8682700974947375,4.000806308515775,4.108381312256664,0.9585481788160148,2.7974644613011366
0.3668643472013682,0.5934148380354534,0.8681773162447568,4.000714986153909,4.108570699756654,0.9589261038160051,2.797656863801129
0.3667482626413341,0.5931757482915964,0.8680888474947399,4.000836946895153,4.108097231006678,0.9581702538160246,2.797416360676139
0.3669556597013681,0.5930540630354428,0.8679338957757865,4.000592729024531,4.108570699756654,0.9584536975660174,2.797416360676139
0.3668643472013682,0.5931127652792951,0.8680888474947399,4.001020184395153,4.108381312256664,0.9587371413160102,2.7974644613011366
0.3672048251413329,0.5934148380354534,0.8686325974947331,4.0010198880070185,4.108381312256664,0.9584536975660174,2.7973682600511403
0.3667482626413341,0.5931442567854457,0.8679067349947491,4.00089822365391,4.108381312256664,0.958264735066022,2.797272058801144
0.3668643472013682,0.5932344505354481,0.8680232270257962,4.00098984240391,4.108760087256644,0.9584536975660174,2.7974644613011366
0.36668172220136874,0.5934148380354534,0.8683594287447476,4.000928565645153,4.108570699756654,0.9586426600660123,2.797512561926135
0.3667730347013687,0.5932659420415988,0.8681790412447423,4.000653709395152,4.108286618506669,0.9587371413160102,2.7973682600511403
0.3667482626413341,0.593207239797747,0.8679977912447447,4.0007759665245315,4.108760087256644,0.9588316225660076,2.7973682600511403
0.3669556597013681,0.593446329541604,0.8684767832757874,4.000806308515775,4.108760087256644,0.9581702538160246,2.7971758575511476
0.3670469722013676,0.5930540630354428,0.8678165412447463,4.000806604903909,4.108381312256664,0.9589261038160051,2.7974644613011366
0.3669556597013681,0.5933561357916016,0.8683602912447403,4.0008979272657745,4.107907843506688,0.9587371413160102,2.7974644613011366
0.3667730347013687,0.5931757482915964,0.8680888474947399,3.999690540633785,4.108570699756654,0.958264735066022,2.7973682600511403
0.36689833984115994,0.5931084845108455,0.8683489923378713,3.99851349599304,4.108949474756635,0.9587371413160102,2.7974644613011366
0.3665656376413342,0.5925272689677807,0.8678324031189155,3.998781500882479,4.108760087256644,0.9580757725660272,2.797512561926135
0.3673194648617484,0.5920863878816716,0.8687449410861892,3.998536393847451,4.110369881006563,0.9581702538160246,2.797272058801144
0.3670780751619226,0.5908652545516891,0.8688983318655286,3.995757682099347,4.114750925689082,0.9629260359985683,2.7974644613011366
0.366731266321438,0.5904644265086292,0.8696830788948862,3.991167742209192,4.116928881938971,0.9635874047485513,2.7974644613011366
0.36637668174081495,0.5904644265086292,0.8694868295207125,3.9862227899124183,4.122351557871436,0.9638708484985441,2.7973682600511403
0.36539990598008876,0.5907521308324347,0.867679037030593,3.9718732394711966,4.143190017851342,0.9636818859985488,2.7974644613011366
0.36380093903926053,0.5917971574308611,0.8627534908021135,3.944053532770075,4.181338136878592,0.963398442248556,2.7974644613011366
0.3634371338788803,0.5919775449308664,0.8550878542698166,3.9092710211444333,4.234024664020586,0.963398442248556,2.7974644613011366
0.3637591706593303,0.5905861117647828,0.8467716607113451,3.871822563378642,4.298124705527484,0.963398442248556,2.797512561926135
0.36491712658043673,0.5873565574510522,0.8378708340253687,3.8362861476381918,4.366296578284176,0.9633039609985585,2.797512561926135
0.3672111560418528,0.5828386060265889,0.8298509856187002,3.8063886625139007,4.431343557291025,0.9635874047485513,2.7976087631761315
0.36823892076226633,0.5786184465898346,0.8235778192381193,3.788602829837576,4.477161870067887,0.9696659244310609,2.797416360676139
0.36750208986174826,0.5749021512514909,0.8183526331646794,3.7807924546636547,4.508252387230015,0.9822008887960705,2.7974644613011366
0.3662110530607111,0.5726946935669344,0.8131751191207094,3.773898074246589,4.5308900284598295,0.983618107546034,2.797512561926135
0.3649851118600207,0.5721091972554202,0.8101813694459935,3.7641548065775075,4.553527669689644,0.9816340012960849,2.7974644613011366
0.3647203949397785,0.5722079525423212,0.8087861389803694,3.7547296543513755,4.561980545621957,0.9820436459787406,2.7973201594261425
0.3649603397999861,0.5735951049399557,0.8104411527238058,3.7522498822602244,4.55932912062209,0.9815712397287525,2.797416360676139
0.36514151996036687,0.5761489691921691,0.8131118109933898,3.749862025307209,4.556324052804982,0.9810988334787648,2.797416360676139
0.36528093174081744,0.5794500680550996,0.8160700253544794,3.7436146419481657,4.543963600940127,0.9811933147287623,2.797560662551133
0.3657035016010245,0.5839408087418618,0.8202972401828906,3.7349014856072293,4.529115979392658,0.981476758478755,2.7976087631761315
0.36611829572109256,0.5885761646540293,0.8251510507890727,3.725875983276352,4.511616932845323,0.980815389728772,2.7973201594261425
0.36617561558130074,0.5922924599923729,0.8305379774834243,3.7218761821751363,4.488979291615509,0.9768154575462089,2.797416360676139
0.3666059611816463,0.5941663534146201,0.8367417365207899,3.723803870661204,4.458835711953333,0.9750830753635875,2.797512561926135
0.36751764134202525,0.5957611040499604,0.8411133802543125,3.7386246247972794,4.42431108760864,0.9821064075460726,2.7978492663011227
0.36815538400240533,0.5970222904229923,0.8449636213342431,3.753506359303976,4.396275902629098,0.9813505575460921,2.797801165676124
0.3684031046027515,0.5977609634968102,0.8477480977279312,3.7676288202759793,4.367836810466837,0.9812560762960947,2.7978492663011227
0.369008299462958,0.5985540580460313,0.8514292502147252,3.783117821973019,4.338356087054628,0.9840277522286892,2.7980416688011154
0.3691151634432349,0.5984953558021795,0.8543616919204612,3.7976977839187516,4.311551920825024,0.9835553459787015,2.7978973669261205
0.36918170388320026,0.5986170410583327,0.8578650444072277,3.813026742358338,4.287967342095257,0.9835553459787015,2.797704964426128
0.3692977884432348,0.5985225665398806,0.8611871468939962,3.8289019876176447,4.261138043682915,0.9831774209787113,2.7978973669261205
0.3693891009432343,0.5980043340091168,0.8644075062565568,3.8469474918821724,4.230805076520749,0.9831774209787113,2.797945467551119
0.3696042737434073,0.5978153849722129,0.868093833743306,3.8669639711580692,4.201513740608531,0.982988458478716,2.7979935681761168
0.3700020715435797,0.5972026779229971,0.8713930879490004,3.886258073862942,4.1721277109463175,0.9830829397287139,2.797801165676124
0.36978689874340676,0.5966801646237841,0.8744021985632119,3.9048498649471903,4.14797496971658,0.9830829397287139,2.797945467551119
0.3697621266833721,0.5961261598184205,0.8760921355876188,3.916838963877642,4.134856967851763,0.9833663834787062,2.7979935681761168
0.3696708141833726,0.5955091720007551,0.8760016913702791,3.9180225634908137,4.1358985991017105,0.9827994959787211,2.7978492663011227
0.3694896340229914,0.5953202229638512,0.8758054419961054,3.919623637821902,4.135993292851706,0.9823270897287334,2.7978973669261205
0.36944008990292215,0.5949508864269419,0.8759892794960809,3.92001673274473,4.136466761601682,0.9820436459787406,2.7978492663011227
0.3692666854826799,0.5946445329023341,0.876120520433967,3.9216137886192666,4.136372067851687,0.9819491647287427,2.797801165676124
0.3691102773823337,0.5943109686400252,0.8755889318408352,3.9230622638297326,4.135235742851744,0.9819491647287427,2.797801165676124
0.36837344648181514,0.594189283383872,0.8753287869977038,3.924754956910821,4.134951661601758,0.9818546834787453,2.7978492663011227
0.3679261045615735,0.5942164941215731,0.8756254160614197,3.925273734643309,4.137129617851649,0.9815712397287525,2.7978492663011227
0.3678765604415043,0.5939101405969652,0.8748582559062151,3.9253587984208833,4.137129617851649,0.9813822772287576,2.7978973669261205
0.3676443913214356,0.5940590365908198,0.8751296996562156,3.9260505366125296,4.136182680351697,0.9816657209787504,2.7978973669261205
0.3677774722013658,0.5940275450846693,0.8750892645009877,3.9265931013638347,4.136750842851668,0.9816657209787504,2.7979935681761168
0.36736267808129774,0.593847157584664,0.8748562804388932,3.9268104029234943,4.137129617851649,0.9811933147287623,2.797945467551119
0.36710573690119447,0.5934233995723521,0.8744813685646995,3.927295412984458,4.137413699101634,0.981476758478755,2.7977530650511255
0.3674214427811241,0.5935722955662066,0.8744655066905311,3.9274411607445194,4.13769778035162,0.9815712397287525,2.7977530650511255
0.3668162479209176,0.5935722955662066,0.8745687243473876,3.928651973056789,4.137792474101615,0.9817602022287478,2.7979935681761168
0.3666676155607099,0.5934506103100536,0.8743470391921622,3.929374349627814,4.13788716785161,0.9812877959787601,2.7977530650511255
0.36645244276053696,0.5939330705662171,0.8744844040369617,3.9307652701479388,4.138455330351581,0.9819491647287427,2.797801165676124
0.3662124979003298,0.593635278578508,0.8739658393506835,3.9345134092417005,4.137508392851629,0.981476758478755,2.797945467551119
0.3659307846601919,0.5939373513346669,0.8742344451333697,3.9386243012670477,4.137508392851629,0.9813822772287576,2.7980416688011154
0.3651599611198816,0.5936667700846587,0.8735855020091976,3.938865389845524,4.13769778035162,0.980815389728772,2.797945467551119
0.3649030199397779,0.5936624893162095,0.873778913416057,3.9394689349674508,4.138171249101596,0.9807209084787746,2.7978492663011227
0.3648534758197087,0.5936309978100589,0.8735442043539774,3.9397710039165497,4.138171249101596,0.980815389728772,2.7978492663011227
0.3648782478797433,0.5936309978100589,0.8735179060729328,3.9396793851665497,4.138171249101596,0.980815389728772,2.797704964426128
0.3648117074397784,0.593540804060056,0.8736482845108262,3.9397707075284147,4.138739411601567,0.9810988334787648,2.7978973669261205
0.36501910449981245,0.5936309978100589,0.8733479549798038,3.939710023545928,4.138265942851591,0.9803429834787843,2.797801165676124
0.364836479499813,0.5935093125539054,0.8732962209177069,3.9396793851665497,4.138265942851591,0.9807209084787746,2.797945467551119
0.3649525640598471,0.5934778210477547,0.8733346806056128,3.9396487467871713,4.138644717851572,0.9807209084787746,2.7978492663011227
0.3653008177399504,0.5937756130354639,0.8737986732624798,3.939587470028414,4.139023492851552,0.9809098709787695,2.7978492663011227
0.36516773686002013,0.5935637340293081,0.8734483346693456,3.939892964657793,4.138928799101557,0.9806264272287771,2.7979935681761168
0.3650346559800899,0.5934735402793057,0.87334400404516,3.939953945028415,4.139212880351543,0.9810988334787648,2.7978492663011227
0.3653163692202278,0.593324644285451,0.8727204967020402,3.939618404795928,4.139591655351524,0.980815389728772,2.797801165676124
0.3652993729003317,0.5935365232916069,0.8730688598278525,3.940557786538477,4.1394969616015285,0.9807209084787746,2.7978973669261205
0.36539846114047014,0.5933876272977523,0.8724838121726387,3.941314523557297,4.139402267851533,0.9804374647287818,2.7978973669261205
0.365472777320574,0.5934778210477547,0.8721956440484772,3.9414639933857734,4.1398757366015095,0.9807209084787746,2.7979935681761168
0.36561363394064317,0.5934778210477547,0.8723636196742843,3.942128518878322,4.139970430351505,0.9805319459787792,2.7978973669261205
0.3657544905607123,0.5932974335477494,0.8719222248311549,3.942522206577421,4.139970430351505,0.9807209084787746,2.797801165676124
0.3654387846807822,0.5932659420415988,0.8718696282690657,3.942762998767763,4.1400651241015005,0.9807209084787746,2.7978492663011227
0.3659448913008503,0.5934778210477547,0.8720237174880263,3.9431870284581048,4.1400651241015005,0.9807209084787746,2.7978973669261205
0.3658783508608854,0.5934778210477547,0.8719711209259371,3.943278647208105,4.1398757366015095,0.9804374647287818,2.797704964426128
0.3659944354209195,0.5934778210477547,0.8717364118638575,3.9433974786572032,4.141012061601453,0.9812877959787601,2.7980416688011154
0.3658613545409893,0.5935680147977576,0.8717740090517712,3.943546652097545,4.140443899101481,0.980815389728772,2.7979935681761168
0.36609352366105796,0.5930855545415935,0.8713230403017578,3.944062300537887,4.140443899101481,0.9807209084787746,2.7979935681761168
0.3662096082210925,0.5933561357916016,0.8715673232707213,3.9441539192878876,4.1397810428515145,0.9805319459787792,2.797945467551119
0.36611829572109256,0.5934778210477547,0.8716312187396791,3.944211473978229,4.140254511601491,0.9804374647287818,2.797945467551119
0.36602698322109306,0.5933876272977523,0.8715147267086321,3.9443947114782296,4.140349205351486,0.9807209084787746,2.797801165676124
0.36614306778112715,0.5935680147977576,0.871513001708647,3.9445476069869865,4.140254511601491,0.980815389728772,2.7978492663011227
0.36616783984116175,0.5933876272977523,0.8713326142086417,3.9443643694869857,4.141012061601453,0.9812877959787601,2.7980416688011154
0.36616783984116175,0.5935680147977576,0.8716951142086373,3.9447611864782304,4.140538592851477,0.980815389728772,2.7979935681761168
0.3661926119011964,0.5934778210477547,0.8715786221775899,3.945001978668572,4.140727980351467,0.980815389728772,2.7978973669261205
0.36628392440119634,0.5934778210477547,0.8715786221775899,3.94436064741857,4.140538592851477,0.9807209084787746,2.7979935681761168
0.366217383961231,0.5931170460477442,0.8710094363965444,3.944513542927327,4.140443899101481,0.9805319459787792,2.7978492663011227
0.36640000896123087,0.5933876272977523,0.8714621301465428,3.9448187411685716,4.140443899101481,0.9810988334787648,2.7978973669261205
0.36624215602126564,0.593207239797747,0.8712817426465376,3.944727122418571,4.140727980351467,0.9805319459787792,2.797801165676124
0.36626692808130024,0.5935680147977576,0.8714341068655131,3.944605161677327,4.140538592851477,0.980815389728772,2.797945467551119
0.3664495530813001,0.5933876272977523,0.8714358318654982,3.9451511521089135,4.140727980351467,0.9807209084787746,2.797801165676124
0.36626692808130024,0.5932974335477494,0.871163525615505,3.944937572617669,4.140443899101481,0.9807209084787746,2.7978973669261205
0.3664495530813001,0.5934778210477547,0.8715260256155006,3.945059533358913,4.140538592851477,0.9806264272287771,2.7979935681761168
0.36626692808130024,0.5933561357916016,0.8714095335844536,3.9451511521089135,4.140538592851477,0.9807209084787746,2.7978492663011227
0.36638301264133477,0.5936267170416093,0.8716801148344613,3.945059533358913,4.140538592851477,0.9804374647287818,2.7977530650511255
0.4455906138364098,0.6453209899035461,0.8950526856736674,3.685445222025018,4.138834105351562,1.0599933884187265,2.857251336020612
0.44574846677637503,0.6457175371781565,0.895323266923675,3.68568601421536,4.137413699101634,1.0594265009187414,2.8573956378956065
0.4456323822163405,0.6454469559281488,0.8950263873926229,3.6855943954653596,4.137319005351639,1.0595209821687388,2.8573475372706083
0.44574846677637503,0.6455643604158527,0.8952330731736726,3.685628459525019,4.138265942851591,1.0594265009187414,2.8573475372706083
0.4456076101563059,0.645262287659694,0.8949624919236645,3.685445222025018,4.13769778035162,1.0594265009187414,2.857251336020612
0.44530890059627193,0.6453524814096968,0.8949616294236722,3.685384241654396,4.137413699101634,1.059237538418746,2.85729943664561
0.44530890059627193,0.645415464421998,0.8946884606736867,3.685476156792532,4.137413699101634,1.059237538418746,2.857251336020612
0.44540021309627187,0.645415464421998,0.894870573173677,3.6853232612837745,4.138171249101596,1.0597099446687341,2.8573475372706083
0.4455828380962713,0.6454426751596992,0.8951165811426253,3.685720078275019,4.137981861601605,1.0589540946687532,2.85729943664561
0.4453336726563065,0.6453839729158475,0.8950000891115782,3.685720078275019,4.13788716785161,1.0594265009187414,2.85729943664561
0.44549152559627136,0.6455643604158527,0.8951804766115835,3.6852619845250176,4.137508392851629,1.0595209821687388,2.857251336020612
0.44549152559627136,0.6455056581720005,0.8950902828615807,3.685628459525019,4.1380765553516,1.0594265009187414,2.8573956378956065
0.4453336726563065,0.6456545541658552,0.8950885578615956,3.685231642533774,4.137981861601605,1.0593320196687435,2.8573475372706083
0.44551629765630596,0.6453524814096968,0.8950000891115782,3.6855368407750184,4.1380765553516,1.059898907168729,2.8574437385206046
0.44551629765630596,0.6456545541658552,0.8951796141115907,3.685384241654396,4.137413699101634,1.0594265009187414,2.85729943664561
0.4456076101563059,0.6456860456720057,0.8950885578615956,3.685231642533774,4.137792474101615,1.0594265009187414,2.8573475372706083
0.4452423601563066,0.6453839729158475,0.8949090328615831,3.6854758604043965,4.1380765553516,1.0596154634187362,2.8573956378956065
0.44530890059627193,0.6454426751596992,0.8950902828615807,3.685720078275019,4.137792474101615,1.0593320196687435,2.8573475372706083
0.44549152559627136,0.6456545541658552,0.8951796141115907,3.6852926229043956,4.137603086601624,1.0595209821687388,2.8572032353956134
0.44549152559627136,0.645415464421998,0.8951822016115686,3.685475564016261,4.13769778035162,1.0591430571687486,2.8574437385206046
0.4451262755962725,0.6452937791658446,0.8948188391115802,3.685567479154397,4.137508392851629,1.0591430571687486,2.8572032353956134
0.44549152559627136,0.6451720939096915,0.894819701611573,3.685628459525019,4.13788716785161,1.0593320196687435,2.8573475372706083
0.44530890059627193,0.6456230626597045,0.8952706703615859,3.6855368407750184,4.137508392851629,1.0595209821687388,2.8573956378956065
0.44530890059627193,0.6455328689097021,0.8950894203615883,3.6854758604043965,4.137413699101634,1.0594265009187414,2.857251336020612
0.44555806603623666,0.6453524814096968,0.8950000891115782,3.6853536032750176,4.137981861601605,1.0593320196687435,2.8573475372706083
0.4453754410362372,0.6453524814096968,0.8950000891115782,3.685628459525019,4.13788716785161,1.0595209821687388,2.8573475372706083
0.4454667535362367,0.6454426751596992,0.8949081703615903,3.6855064987837753,4.137792474101615,1.0597099446687341,2.857251336020612
0.4456493785362366,0.6453524814096968,0.8949090328615831,3.6852010041543957,4.13788716785161,1.0595209821687388,2.8573475372706083
0.4453506689762026,0.6453524814096968,0.8949090328615831,3.6854758604043965,4.137981861601605,1.0594265009187414,2.857251336020612
0.44523458441616803,0.6454426751596992,0.8950902828615807,3.685720078275019,4.13788716785161,1.059898907168729,2.857251336020612
0.4454419814762021,0.6456860456720057,0.8953617266115811,3.6857810586456408,4.13769778035162,1.0599933884187265,2.857251336020612
0.4451432719161681,0.645262287659694,0.8951183061426103,3.6855671827662615,4.138360636601586,1.0602768321687193,2.85729943664561
0.44523458441616803,0.645262287659694,0.8947540811426297,3.6855064987837753,4.138265942851591,1.0606547571687095,2.8573475372706083
0.4453924373561329,0.6454426751596992,0.8948171141115951,3.6852622809131526,4.13769778035162,1.0611271634186976,2.8573956378956065
0.44523458441616803,0.6453839729158475,0.8948179766115879,3.6853232612837745,4.137508392851629,1.0606547571687095,2.8572032353956134
0.4452593564762027,0.6453209899035461,0.895117443642618,3.6857810586456408,4.1380765553516,1.0615995696686853,2.857251336020612
0.44541720941616747,0.6452307961535433,0.89493619364262,3.685628459525019,4.138834105351562,1.0621664571686709,2.8573956378956065
0.44496064691616866,0.6455371496781512,0.8949992266115855,3.685384241654396,4.137224311601644,1.0623554196686658,2.857539939770601
0.4450519594161686,0.6451133916658394,0.8945473953615798,3.6855064987837753,4.137129617851649,1.062071975918673,2.8573475372706083
0.4451432719161681,0.6453209899035461,0.8949090328615831,3.6852010041543957,4.138834105351562,1.065882945601241,2.857251336020612
0.4455085219161674,0.6450189171473873,0.8947942658305207,3.6860559148956415,4.138834105351562,1.066071908101236,2.857251336020612
0.4450937277960989,0.6455686411843018,0.8951165811426253,3.685628459525019,4.137129617851649,1.065882945601241,2.8573475372706083
0.4453011248561334,0.6457175371781565,0.8952059123926354,3.6852926229043956,4.137508392851629,1.0662608706012313,2.85729943664561
0.4454837498561328,0.6454111836535485,0.8950902828615807,3.6855368407750184,4.138928799101557,1.065882945601241,2.85729943664561
0.44520981235613344,0.6450776193912395,0.8946760487994886,3.6854758604043965,4.1394969616015285,1.0661663893512334,2.8573475372706083
0.44520981235613344,0.6455643604158527,0.8953625891115738,3.685658801516262,4.13769778035162,1.066071908101236,2.8572032353956134
0.44518504029609884,0.6453882536842965,0.8948066777047188,3.685414880033775,4.136845536601663,1.0659774268512385,2.85729943664561
0.445325896916168,0.6452894983973955,0.8948442748926325,3.6855981175337753,4.138928799101557,1.066544314351224,2.8572032353956134
0.445325896916168,0.6451678131412419,0.8947925408305356,3.685659097904397,4.139591655351524,1.0663553518512288,2.8572032353956134
0.445027187356134,0.6454426751596992,0.8951550408305312,3.685231346145639,4.13788716785161,1.0664498331012262,2.85729943664561
0.4453676652960983,0.6458077309281594,0.8953871623926334,3.6853536032750176,4.137129617851649,1.0664498331012262,2.8573475372706083
0.4451184998561335,0.6454469559281488,0.8950263873926229,3.6855943954653596,4.1380765553516,1.0664498331012262,2.857251336020612
0.44516026823606425,0.6451635323727929,0.8948038397374046,3.6858082713447384,4.139402267851533,1.066071908101236,2.8571551347706152
0.4454342057360636,0.6452265153850942,0.8950911453615734,3.686079405526324,4.138455330351581,1.0664498331012262,2.8573475372706083
0.4447454741159957,0.6453252706719952,0.8951446044236548,3.6861403858969455,4.137224311601644,1.0679615331011876,2.8572032353956134
0.4453924373561329,0.645415464421998,0.8949494680168109,3.6856216081644577,4.137792474101615,1.0714890590337627,2.8572032353956134
0.44541720941616747,0.6452580068912448,0.8947916783305433,3.685231642533774,4.1396863491015194,1.0770951724662847,2.857251336020612
0.4453676652960983,0.6450146363789382,0.8947934033305284,3.6852619845250176,4.1394969616015285,1.077473097466275,2.8571551347706152
0.44518504029609884,0.6452580068912448,0.8952084998926132,3.6857504202662623,4.137792474101615,1.0770951724662847,2.857107034145617
0.44518504029609884,0.645744747915858,0.8954012992668166,3.6854417963447372,4.137413699101634,1.0788903162162384,2.8573475372706083
0.4454419814762021,0.6454111836535485,0.8951428794236698,3.6852619845250176,4.138644717851572,1.0786068724662456,2.85729943664561
0.4454419814762021,0.6452894983973955,0.8949353311426277,3.6850518307140545,4.139591655351524,1.08487435464875,2.8573475372706083
0.4452593564762027,0.6449874256412367,0.8944826373926292,3.684929869972811,4.139212880351543,1.0846853921487551,2.857491839145603
0.4450689557360643,0.645415464421998,0.895248935047841,3.6856318852052996,4.137224311601644,1.085535723398733,2.85729943664561
0.4454667535362367,0.645415464421998,0.8950142259857614,3.685017766654395,4.137508392851629,1.08487435464875,2.8573475372706083
0.4453428932360637,0.6454426751596992,0.8948697106736843,3.685079043413152,4.139212880351543,1.089819099331289,2.857107034145617
0.4453506689762026,0.6452580068912448,0.8947795169236819,3.685079043413152,4.139307574101538,1.0894411743312988,2.8573475372706083
0.4454419814762021,0.6453209899035461,0.8952226367667964,3.6851397273956388,4.13788716785161,1.089819099331289,2.857251336020612
0.44523458441616803,0.6453209899035461,0.8950142259857614,3.685017766654395,4.137129617851649,1.0890632493313086,2.8572032353956134
0.445325896916168,0.6454111836535485,0.8951044197357638,3.684926147904395,4.138265942851591,1.0894411743312988,2.857251336020612
0.445325896916168,0.6451678131412419,0.8951061447357489,3.685048108645639,4.138834105351562,1.0901025430812818,2.8572032353956134
0.44523458441616803,0.645046127885089,0.894742782235761,3.685231642533774,4.138834105351562,1.0895356555812963,2.85729943664561
0.4454419814762021,0.6454426751596992,0.895195475985759,3.684987128275017,4.137792474101615,1.0903859868312746,2.8573475372706083
0.4454419814762021,0.6455328689097021,0.8953119680168065,3.685078747025017,4.138455330351581,1.089819099331289,2.8573475372706083
0.4455085219161674,0.6455328689097021,0.8952209117668113,3.685017766654395,4.138455330351581,1.0905749493312695,2.85729943664561
0.4453011248561334,0.6452307961535433,0.8951972009857441,3.6852007077662603,4.138550024101576,1.0899135805812865,2.8573475372706083
0.44541720941616747,0.6453209899035461,0.8949879277047168,3.685017766654395,4.13769778035162,1.0895356555812963,2.8571551347706152
0.4451432719161681,0.6454111836535485,0.8950781214547192,3.6851093854043953,4.138360636601586,1.0905749493312695,2.8573956378956065
0.445325896916168,0.6455013774035514,0.8953119680168065,3.684987128275017,4.137792474101615,1.0900080618312844,2.8572032353956134
0.445027187356134,0.6453209899035461,0.895040524266806,3.685017766654395,4.138171249101596,1.0903859868312746,2.8571551347706152
0.4453924373561329,0.6452307961535433,0.8949503305168032,3.6852010041543957,4.138644717851572,1.0903859868312746,2.857251336020612
0.4453924373561329,0.6453796921473979,0.8950396617668133,3.685140023783774,4.138834105351562,1.0905749493312695,2.8571551347706152
0.44520981235613344,0.6454111836535485,0.8950396617668133,3.685140023783774,4.138455330351581,1.0903859868312746,2.8573956378956065
0.445325896916168,0.6454111836535485,0.8950396617668133,3.6848651675337734,4.138171249101596,1.0903859868312746,2.8572032353956134
0.4451432719161681,0.6454111836535485,0.895195475985759,3.685170365775017,4.138455330351581,1.0903859868312746,2.8573475372706083
0.44541720941616747,0.6451993046473926,0.8948066777047188,3.6850484050337737,4.139118186601548,1.0905749493312695,2.857251336020612
0.44523458441616803,0.6451993046473926,0.8946245652047284,3.6851096817925306,4.138550024101576,1.0901970243312793,2.8572032353956134
0.44523458441616803,0.6454426751596992,0.894987065204724,3.6849567862837733,4.138171249101596,1.0903859868312746,2.8571551347706152
0.44520981235613344,0.6455328689097021,0.8950772589547269,3.6849567862837733,4.138265942851591,1.0903859868312746,2.8573475372706083
0.44541720941616747,0.6454111836535485,0.8951691777047144,3.685445222025018,4.138644717851572,1.0903859868312746,2.85729943664561
0.4453924373561329,0.6453796921473979,0.8950781214547192,3.6852010041543957,4.138265942851591,1.0900080618312844,2.857251336020612
0.4455085219161674,0.6454426751596992,0.8951691777047144,3.685078747025017,4.137981861601605,1.0901970243312793,2.857251336020612
0.4453924373561329,0.6453839729158475,0.895078983954712,3.685170365775017,4.138265942851591,1.0905749493312695,2.857251336020612
0.44541720941616747,0.6454426751596992,0.8950781214547192,3.6851093854043953,4.138360636601586,1.0902915055812767,2.857251336020612
0.445325896916168,0.6454111836535485,0.8951691777047144,3.685170365775017,4.138834105351562,1.0903859868312746,2.85729943664561
0.44541720941616747,0.6455915711535538,0.8954406214547148,3.6853229648956396,4.138455330351581,1.0901025430812818,2.857251336020612
0.4451432719161681,0.6453209899035461,0.8952610964547023,3.685383945266261,4.138265942851591,1.0901025430812818,2.8573475372706083
0.44541720941616747,0.645262287659694,0.894897733954714,3.685017766654395,4.138644717851572,1.090480468081272,2.857491839145603
0.44523458441616803,0.645262287659694,0.894897733954714,3.6851093854043953,4.138455330351581,1.0901970243312793,2.857251336020612
0.445325896916168,0.6454426751596992,0.8948960089547289,3.6848958059131514,4.138455330351581,1.089819099331289,2.8573475372706083
0.44523458441616803,0.6451406024035409,0.8948075402047115,3.6852926229043956,4.13788716785161,1.0896301368312942,2.8572032353956134
0.4451432719161681,0.6453209899035461,0.8949879277047168,3.6851093854043953,4.138171249101596,1.0903859868312746,2.8573475372706083
0.44523458441616803,0.6451720939096915,0.8947164839547164,3.6850484050337737,4.138550024101576,1.0903859868312746,2.857251336020612
0.445325896916168,0.6456230626597045,0.8952585089547245,3.685017766654395,4.138550024101576,1.0901970243312793,2.857251336020612
0.44523458441616803,0.6453209899035461,0.8948058152047265,3.6849874246631518,4.138171249101596,1.089819099331289,2.857251336020612
0.44541720941616747,0.6453209899035461,0.8948968714547216,3.6849567862837733,4.138360636601586,1.0903859868312746,2.8573956378956065
0.445325896916168,0.6454111836535485,0.8948049527047337,3.68474320679253,4.138550024101576,1.0899135805812865,2.8573475372706083
0.44523458441616803,0.6453524814096968,0.895078983954712,3.685078747025017,4.138644717851572,1.0903859868312746,2.85729943664561
0.44523458441616803,0.6452307961535433,0.894897733954714,3.6852926229043956,4.138265942851591,1.0897246180812916,2.8573475372706083
0.44523458441616803,0.6453209899035461,0.8948968714547216,3.6850484050337737,4.138360636601586,1.0900080618312844,2.8573956378956065
0.4451432719161681,0.6455915711535538,0.8950763964547341,3.6848958059131514,4.138550024101576,1.0903859868312746,2.8571551347706152
0.4450519594161686,0.6453524814096968,0.895078983954712,3.685078747025017,4.138265942851591,1.0899135805812865,2.857251336020612
0.44541720941616747,0.6454426751596992,0.8951691777047144,3.685078747025017,4.138928799101557,1.0903859868312746,2.857539939770601
0.44523458441616803,0.6453209899035461,0.8948968714547216,3.6850484050337737,4.138739411601567,1.0903859868312746,2.8573475372706083
0.4455085219161674,0.6454111836535485,0.8952602339547096,3.685231346145639,4.138265942851591,1.0900080618312844,2.8573475372706083
0.445325896916168,0.6454111836535485,0.8951691777047144,3.685078747025017,4.138360636601586,1.0900080618312844,2.8573475372706083
0.44523458441616803,0.6453209899035461,0.8948968714547216,3.684773548783773,4.138360636601586,1.0901970243312793,2.85729943664561
0.445325896916168,0.6453209899035461,0.8948968714547216,3.6849567862837733,4.138455330351581,1.0900080618312844,2.857251336020612
0.445027187356134,0.6451406024035409,0.8947164839547164,3.6853232612837745,4.138455330351581,1.0901025430812818,2.857251336020612
0.4454837498561328,0.6455915711535538,0.8950763964547341,3.685079043413152,4.137981861601605,1.0901025430812818,2.8572032353956134
0.4453011248561334,0.6451406024035409,0.8948075402047115,3.685017766654395,4.138455330351581,1.0900080618312844,2.8572032353956134
0.4453924373561329,0.6455013774035514,0.8952593714547172,3.6852619845250176,4.138928799101557,1.090480468081272,2.8571551347706152
0.4453011248561334,0.6452307961535433,0.894897733954714,3.6851093854043953,4.138265942851591,1.0903859868312746,2.8572032353956134
0.4453011248561334,0.6453209899035461,0.895078983954712,3.685078747025017,4.138550024101576,1.0901970243312793,2.857251336020612
0.4453011248561334,0.6454111836535485,0.8951691777047144,3.685078747025017,4.138550024101576,1.090480468081272,2.8572032353956134
0.44520981235613344,0.6452307961535433,0.8950798464547043,3.685231346145639,4.138644717851572,1.0903859868312746,2.8573956378956065
0.4453924373561329,0.6454111836535485,0.894987065204724,3.685140023783774,4.13788716785161,1.0900080618312844,2.857251336020612
0.445027187356134,0.6455013774035514,0.8950772589547269,3.6850484050337737,4.138455330351581,1.0901025430812818,2.857251336020612
0.4453924373561329,0.6453209899035461,0.8948968714547216,3.6848651675337734,4.138455330351581,1.0899135805812865,2.857058933520619
0.4453924373561329,0.6453209899035461,0.8949879277047168,3.6852010041543957,4.138550024101576,1.0903859868312746,2.8573475372706083
0.4453011248561334,0.6453209899035461,0.8948968714547216,3.6850484050337737,4.138644717851572,1.0903859868312746,2.8571551347706152
0.4453924373561329,0.6452307961535433,0.894897733954714,3.6852010041543957,4.138644717851572,1.0903859868312746,2.857251336020612
0.4454837498561328,0.6455915711535538,0.8952585089547245,3.684926147904395,4.137981861601605,1.089819099331289,2.8571551347706152
0.44557506235613276,0.6454111836535485,0.8948960089547289,3.685079043413152,4.138360636601586,1.0901025430812818,2.8572032353956134
0.4453924373561329,0.6455013774035514,0.8952593714547172,3.684987128275017,4.138455330351581,1.0900080618312844,2.8572032353956134
0.4453924373561329,0.6453209899035461,0.8951700402047071,3.6851397273956388,4.138739411601567,1.0909528743312598,2.85729943664561
0.4453924373561329,0.6454111836535485,0.8948960089547289,3.6848958059131514,4.138928799101557,1.090480468081272,2.8573475372706083
0.4453924373561329,0.6455915711535538,0.8951674527047293,3.6849567862837733,4.138550024101576,1.0903859868312746,2.8572032353956134
0.44520981235613344,0.6455915711535538,0.8953495652047196,3.685078747025017,4.138265942851591,1.0901025430812818,2.8573475372706083
0.4453011248561334,0.6454111836535485,0.894987065204724,3.685140023783774,4.138171249101596,1.0894411743312988,2.8571551347706152
0.44520981235613344,0.6451406024035409,0.8946254277047212,3.685170662163152,4.138455330351581,1.0902915055812767,2.8572032353956134
0.4454837498561328,0.6455915711535538,0.8951674527047293,3.6849567862837733,4.138550024101576,1.0902915055812767,2.8572032353956134
0.445027187356134,0.6453209899035461,0.8951700402047071,3.6853229648956396,4.138550024101576,1.0901970243312793,2.85729943664561
0.44520981235613344,0.6455915711535538,0.8954406214547148,3.685231346145639,4.138550024101576,1.090480468081272,2.8573475372706083
0.44520981235613344,0.6453209899035461,0.8948968714547216,3.6849567862837733,4.138455330351581,1.0900080618312844,2.857251336020612
0.4453924373561329,0.6453209899035461,0.8952610964547023,3.6852007077662603,4.138739411601567,1.0905749493312695,2.857107034145617
0.44520981235613344,0.6452307961535433,0.894897733954714,3.685017766654395,4.138265942851591,1.0900080618312844,2.85729943664561
0.4453011248561334,0.6452307961535433,0.8950798464547043,3.6854145836456396,4.137792474101615,1.0899135805812865,2.857058933520619
0.44520981235613344,0.6452307961535433,0.8948066777047188,3.6849567862837733,4.138550024101576,1.0900080618312844,2.8572032353956134
0.44520981235613344,0.6454111836535485,0.8951691777047144,3.684987128275017,4.138550024101576,1.0901970243312793,2.8572032353956134
0.4453011248561334,0.6454111836535485,0.8948960089547289,3.685079043413152,4.138265942851591,1.0900080618312844,2.8571551347706152
0.4453011248561334,0.6456817649035567,0.8955308152047177,3.6851397273956388,4.138550024101576,1.0901025430812818,2.8571551347706152
0.44520981235613344,0.6451406024035409,0.8948075402047115,3.684926147904395,4.138265942851591,1.0901970243312793,2.857107034145617
0.4453011248561334,0.6453209899035461,0.895078983954712,3.6852619845250176,4.138265942851591,1.0899135805812865,2.857251336020612
0.4454837498561328,0.6453209899035461,0.8948968714547216,3.6849567862837733,4.138455330351581,1.0901025430812818,2.857251336020612
0.4454837498561328,0.6454111836535485,0.894987065204724,3.685140023783774,4.138644717851572,1.0903859868312746,2.857491839145603
0.4453011248561334,0.6454111836535485,0.894987065204724,3.685140023783774,4.138455330351581,1.0903859868312746,2.8573475372706083
0.4453011248561334,0.6453209899035461,0.8948968714547216,3.6850484050337737,4.138265942851591,1.089819099331289,2.857251336020612
0.4454837498561328,0.6453209899035461,0.8951700402047071,3.6853229648956396,4.138455330351581,1.0901970243312793,2.857251336020612
0.4453011248561334,0.6455013774035514,0.8950772589547269,3.6850484050337737,4.138550024101576,1.090480468081272,2.8571551347706152
0.4453011248561334,0.6452307961535433,0.8949887902047091,3.685078747025017,4.138644717851572,1.0901970243312793,2.8573475372706083
0.4453924373561329,0.6453209899035461,0.8949879277047168,3.6852010041543957,4.138455330351581,1.0903859868312746,2.85729943664561
0.4453011248561334,0.6455915711535538,0.8952585089547245,3.6852010041543957,4.138265942851591,1.0900080618312844,2.8572032353956134
0.4453011248561334,0.6453209899035461,0.8952610964547023,3.6851090890162603,4.138265942851591,1.0900080618312844,2.8573475372706083
0.44520981235613344,0.6454111836535485,0.8951691777047144,3.685170365775017,4.138739411601567,1.090669430581267,2.8572032353956134
0.4452763527960988,0.6453209899035461,0.8949879277047168,3.6851093854043953,4.138550024101576,1.0905749493312695,2.85729943664561
0.44564160279609766,0.6452307961535433,0.8951709027046995,3.6852923265162607,4.138455330351581,1.0903859868312746,2.857251336020612
0.4453676652960983,0.6455915711535538,0.8953495652047196,3.685078747025017,4.1380765553516,1.0901970243312793,2.8571551347706152
0.4452763527960988,0.6452307961535433,0.8949887902047091,3.685078747025017,4.138171249101596,1.0903859868312746,2.8572032353956134
0.4453676652960983,0.6456230626597045,0.8953495652047196,3.685078747025017,4.138550024101576,1.0903859868312746,2.85729943664561
0.44518504029609884,0.645262287659694,0.8947156214547236,3.685170662163152,4.138455330351581,1.0901970243312793,2.8572032353956134
0.4450937277960989,0.645262287659694,0.894897733954714,3.6852926229043956,4.138550024101576,1.0903859868312746,2.857251336020612
0.44518504029609884,0.6453839729158475,0.8948968714547216,3.685231642533774,4.138455330351581,1.0901970243312793,2.85729943664561
0.4452763527960988,0.6453839729158475,0.895078983954712,3.685078747025017,4.137981861601605,1.0899135805812865,2.8572032353956134
0.44518504029609884,0.6452937791658446,0.8950798464547043,3.685231346145639,4.138265942851591,1.0899135805812865,2.857251336020612
0.4454589777960982,0.6456545541658552,0.8952585089547245,3.685017766654395,4.138360636601586,1.0903859868312746,2.8573475372706083
0.4453676652960983,0.6452035854158422,0.8946254277047212,3.6848041871631514,4.138644717851572,1.0903859868312746,2.857251336020612
0.4450937277960989,0.6455643604158527,0.8950772589547269,3.685140023783774,4.138455330351581,1.0901970243312793,2.8573475372706083
0.4453676652960983,0.6456545541658552,0.8953495652047196,3.685078747025017,4.138265942851591,1.0901025430812818,2.857251336020612
0.4452763527960988,0.6453839729158475,0.8952610964547023,3.6851090890162603,4.138360636601586,1.090480468081272,2.8571551347706152
0.44518504029609884,0.6452937791658446,0.8949887902047091,3.685445222025018,4.138360636601586,1.0901025430812818,2.8572032353956134
0.44518504029609884,0.6452937791658446,0.894897733954714,3.684926147904395,4.138550024101576,1.0901025430812818,2.8572032353956134
0.4452763527960988,0.6452937791658446,0.8949887902047091,3.684987128275017,4.13788716785161,1.0896301368312942,2.8569627322706226
0.44518504029609884,0.6452937791658446,0.8947156214547236,3.6848041871631514,4.138644717851572,1.090669430581267,2.857251336020612
0.4452763527960988,0.6453839729158475,0.8949879277047168,3.6852926229043956,4.13788716785161,1.0896301368312942,2.8572032353956134
0.4453676652960983,0.6452937791658446,0.8948066777047188,3.6850484050337737,4.138455330351581,1.0903859868312746,2.8572032353956134
0.4453676652960983,0.6456545541658552,0.8951674527047293,3.685140023783774,4.138171249101596,1.0901970243312793,2.85729943664561
0.4452763527960988,0.6452937791658446,0.8950798464547043,3.6851397273956388,4.13788716785161,1.089819099331289,2.857251336020612
0.4450937277960989,0.6456545541658552,0.89553167770471,3.6852923265162607,4.1380765553516,1.0897246180812916,2.85729943664561
0.4452763527960988,0.6453839729158475,0.895078983954712,3.685078747025017,4.138171249101596,1.0900080618312844,2.8573475372706083
0.4452763527960988,0.6454741666658499,0.8952602339547096,3.685048108645639,4.138739411601567,1.090480468081272,2.8572032353956134
0.4453676652960983,0.6455643604158527,0.8952593714547172,3.6852619845250176,4.138265942851591,1.0901025430812818,2.857251336020612
0.4454589777960982,0.6455643604158527,0.8953504277047124,3.6851397273956388,4.138550024101576,1.0903859868312746,2.8573475372706083
0.44518504029609884,0.6452937791658446,0.8949887902047091,3.685170365775017,4.138550024101576,1.0901970243312793,2.857251336020612
0.4453676652960983,0.6452937791658446,0.894897733954714,3.6848345291543945,4.138265942851591,1.089819099331289,2.8572032353956134
0.4454589777960982,0.6455643604158527,0.8953504277047124,3.6851397273956388,4.138550024101576,1.0903859868312746,2.85729943664561
0.4453676652960983,0.6456545541658552,0.8951674527047293,3.6849567862837733,4.138455330351581,1.0900080618312844,2.8572032353956134
0.44518504029609884,0.6455643604158527,0.8950772589547269,3.6848651675337734,4.138550024101576,1.0901970243312793,2.85729943664561
0.4454589777960982,0.6454741666658499,0.8950781214547192,3.685017766654395,4.138265942851591,1.0903859868312746,2.857251336020612
0.4452763527960988,0.6455643604158527,0.8954414839547076,3.6852923265162607,4.138644717851572,1.0903859868312746,2.857251336020612
0.4454589777960982,0.6455643604158527,0.8950772589547269,3.6849567862837733,4.138360636601586,1.0900080618312844,2.85729943664561
0.44518504029609884,0.6453839729158475,0.8949879277047168,3.6851093854043953,4.138550024101576,1.0903859868312746,2.8573475372706083
0.44518504029609884,0.6454741666658499,0.8952602339547096,3.6851397273956388,4.138360636601586,1.0902915055812767,2.857251336020612
0.4453676652960983,0.6455643604158527,0.8951683152047221,3.6852010041543957,4.138644717851572,1.0900080618312844,2.857251336020612
0.4453676652960983,0.6454741666658499,0.8951691777047144,3.684987128275017,4.138834105351562,1.0905749493312695,2.857251336020612
0.44518504029609884,0.645744747915858,0.8952576464547322,3.6848651675337734,4.138360636601586,1.0901025430812818,2.8573475372706083
0.4452763527960988,0.6455643604158527,0.8952593714547172,3.685078747025017,4.138550024101576,1.0901970243312793,2.857251336020612
0.4454589777960982,0.6452937791658446,0.894897733954714,3.684926147904395,4.138171249101596,1.0900080618312844,2.857251336020612
0.4453676652960983,0.6454741666658499,0.894987065204724,3.6849567862837733,4.13788716785161,1.0900080618312844,2.8571551347706152
0.4450937277960989,0.6452937791658446,0.894897733954714,3.6851093854043953,4.138644717851572,1.090480468081272,2.8572032353956134
0.4452763527960988,0.6456545541658552,0.8951674527047293,3.684773548783773,4.138550024101576,1.0901970243312793,2.8573475372706083
0.4453676652960983,0.6452035854158422,0.8948985964547067,3.684987128275017,4.138644717851572,1.0903859868312746,2.857107034145617
0.44518504029609884,0.6453839729158475,0.8949879277047168,3.6851093854043953,4.138265942851591,1.0903859868312746,2.8572032353956134
0.4452763527960988,0.6454741666658499,0.8950781214547192,3.685017766654395,4.138644717851572,1.0903859868312746,2.85729943664561
0.4450937277960989,0.6452035854158422,0.8948985964547067,3.685170365775017,4.138550024101576,1.0901970243312793,2.857251336020612
0.4450937277960989,0.6453839729158475,0.8948968714547216,3.6849567862837733,4.138455330351581,1.090480468081272,2.8572032353956134
0.44518504029609884,0.6454741666658499,0.894987065204724,3.6848651675337734,4.138360636601586,1.0902915055812767,2.857251336020612
0.4452763527960988,0.6455643604158527,0.8952593714547172,3.684987128275017,4.138739411601567,1.0901970243312793,2.857251336020612
0.4453676652960983,0.6452937791658446,0.8949887902047091,3.6853536032750176,4.138360636601586,1.0903859868312746,2.857251336020612
0.4452763527960988,0.6456545541658552,0.8952585089547245,3.685017766654395,4.138455330351581,1.0900080618312844,2.8573475372706083
0.4452763527960988,0.6455643604158527,0.8952593714547172,3.685078747025017,4.138171249101596,1.0899135805812865,2.8572032353956134
0.4450937277960989,0.6454741666658499,0.894987065204724,3.685140023783774,4.1380765553516,1.089819099331289,2.8571551347706152
0.4450937277960989,0.6452937791658446,0.8949887902047091,3.685078747025017,4.138739411601567,1.0901970243312793,2.8572032353956134
0.4453676652960983,0.6453839729158475,0.895078983954712,3.684987128275017,4.138928799101557,1.0903859868312746,2.8572032353956134
0.4454589777960982,0.6455643604158527,0.8950772589547269,3.6850484050337737,4.138171249101596,1.0901025430812818,2.857251336020612
0.4450937277960989,0.6452035854158422,0.8947164839547164,3.6849567862837733,4.138550024101576,1.0905749493312695,2.857251336020612
0.4453676652960983,0.6454741666658499,0.8951691777047144,3.685078747025017,4.138265942851591,1.0902915055812767,2.8571551347706152
0.44518504029609884,0.6454741666658499,0.8948960089547289,3.6848958059131514,4.138455330351581,1.0901025430812818,2.8573475372706083
0.4452763527960988,0.6452937791658446,0.8948066777047188,3.6849567862837733,4.138550024101576,1.0902915055812767,2.857251336020612
0.44555029029609816,0.6454741666658499,0.8950781214547192,3.6852010041543957,4.138265942851591,1.0901970243312793,2.8573475372706083
0.44518504029609884,0.6452035854158422,0.8948075402047115,3.6852010041543957,4.138644717851572,1.0903859868312746,2.8572032353956134
0.4450937277960989,0.6452937791658446,0.8946245652047284,3.6850180630425307,4.138928799101557,1.0905749493312695,2.8571551347706152
0.4452763527960988,0.6455643604158527,0.8953504277047124,3.6851397273956388,4.138265942851591,1.0903859868312746,2.8571551347706152
0.4453676652960983,0.6453839729158475,0.8948968714547216,3.6849567862837733,4.138455330351581,1.0903859868312746,2.857251336020612
0.44518504029609884,0.6456545541658552,0.8951674527047293,3.685140023783774,4.1380765553516,1.0900080618312844,2.857251336020612
0.4452763527960988,0.6453839729158475,0.895078983954712,3.685170365775017,4.138360636601586,1.0903859868312746,2.857058933520619
0.44518504029609884,0.6453839729158475,0.8949879277047168,3.684926147904395,4.138550024101576,1.0903859868312746,2.857251336020612
0.4453676652960983,0.6452937791658446,0.8949887902047091,3.685078747025017,4.138455330351581,1.0901970243312793,2.8573956378956065
0.44518504029609884,0.645744747915858,0.8952576464547322,3.6849567862837733,4.139023492851552,1.0905749493312695,2.85729943664561
0.4454589777960982,0.6454741666658499,0.894987065204724,3.6849567862837733,4.138265942851591,1.0899135805812865,2.8573475372706083
0.44518504029609884,0.6454741666658499,0.894987065204724,3.6849567862837733,4.138455330351581,1.0902915055812767,2.85729943664561
0.44518504029609884,0.6453839729158475,0.8948058152047265,3.6848041871631514,4.138644717851572,1.0901025430812818,2.8572032353956134
0.4452763527960988,0.6453839729158475,0.895078983954712,3.684987128275017,4.138265942851591,1.0900080618312844,2.857251336020612
0.44518504029609884,0.6453839729158475,0.8948968714547216,3.6849567862837733,4.138360636601586,1.0902915055812767,2.8572032353956134
0.4450937277960989,0.6454741666658499,0.8952602339547096,3.6851397273956388,4.138550024101576,1.0903859868312746,2.85729943664561
0.44518504029609884,0.6454741666658499,0.8951691777047144,3.685078747025017,4.138265942851591,1.0900080618312844,2.85729943664561
0.4450937277960989,0.6453839729158475,0.895078983954712,3.684987128275017,4.138455330351581,1.0901025430812818,2.857251336020612
0.4450937277960989,0.6453839729158475,0.8949879277047168,3.685017766654395,4.138550024101576,1.0903859868312746,2.857251336020612
0.4450937277960989,0.6452937791658446,0.8949887902047091,3.685445222025018,4.138550024101576,1.0907639118312649,2.8571551347706152
0.4453676652960983,0.6456545541658552,0.8952585089547245,3.6852010041543957,4.138928799101557,1.0903859868312746,2.857251336020612
