potentiometer0,potentiometer1,potentiometer2,potentiometer3,encoder0,encoder1,encoder2,encoder3
-2.0951701231907944,-1.4007956858595954,0.007838221484644352,-2.8175289991101344
-2.0950990481907956,-1.4008418752345932,0.00782902085570119,-2.8173132791101114
-2.0950990481907956,-1.4007033071095996,0.007847422113587514,-2.8173672091101176
-2.0950279731907964,-1.4007494964845972,0.007792218339928484,-2.817259349110106
-2.0950279731907964,-1.4007494964845972,0.007801418968871646,-2.8173672091101176
-2.0950990481907956,-1.4006571177346014,0.007801418968871646,-2.817421139110123
-2.0950990481907956,-1.4008418752345932,0.007801418968871646,-2.8173672091101176
-2.0948858231907983,-1.4008418752345932,0.007801418968871646,-2.8173132791101114
-2.0950279731907964,-1.4008880646095911,0.007819820226757972,-2.8173132791101114
-2.094956898190797,-1.4008418752345932,0.007819820226757972,-2.8173672091101176
-2.0950279731907964,-1.4007033071095996,0.007819820226757972,-2.817475069110129
-2.0948858231907983,-1.4006571177346014,0.007801418968871646,-2.8175289991101344
-2.0950279731907964,-1.4008418752345932,0.007838221484644352,-2.8173672091101176
-2.0950279731907964,-1.4007494964845972,0.007819820226757972,-2.8175289991101344
-2.094956898190797,-1.4007494964845972,0.007801418968871646,-2.8173672091101176
-2.094956898190797,-1.4007494964845972,0.007801418968871646,-2.8173672091101176
-2.0948858231907983,-1.4007494964845972,0.007847422113587514,-2.8173672091101176
-2.0950990481907956,-1.4007956858595954,0.007801418968871646,-2.8173672091101176
-2.0950279731907964,-1.4008418752345932,0.00782902085570119,-2.8173672091101176
-2.0948858231907983,-1.4007494964845972,0.007801418968871646,-2.8173672091101176
-2.0948858231907983,-1.4007033071095996,0.007801418968871646,-2.817475069110129
-2.0950279731907964,-1.4007956858595954,0.007819820226757972,-2.8175289991101344
-2.0948858231907983,-1.4007494964845972,0.007819820226757972,-2.8173672091101176
-2.0950279731907964,-1.4007494964845972,0.007801418968871646,-2.8173132791101114
-2.0948858231907983,-1.4007033071095996,0.007819820226757972,-2.8175289991101344
-2.0948858231907983,-1.4007033071095996,0.007801418968871646,-2.8173672091101176
-2.094956898190797,-1.4007494964845972,0.007801418968871646,-2.8173672091101176
-2.0950279731907964,-1.4008880646095911,0.007838221484644352,-2.817205419110101
-2.094956898190797,-1.4007494964845972,0.007847422113587514,-2.817475069110129
-2.094956898190797,-1.4007494964845972,0.007819820226757972,-2.8173672091101176
-2.094956898190797,-1.4007033071095996,0.007819820226757972,-2.8173672091101176
-2.0948858231907983,-1.4007033071095996,0.007792218339928484,-2.8175829291101397
-2.0948858231907983,-1.4007494964845972,0.007801418968871646,-2.8173672091101176
-2.0947436731908002,-1.4007956858595954,0.007801418968871646,-2.8173132791101114
-2.0948858231907983,-1.4007494964845972,0.00782902085570119,-2.8173672091101176
-2.094956898190797,-1.4007956858595954,0.007847422113587514,-2.8173132791101114
-2.0948858231907983,-1.4006109283596038,0.0078106195978148085,-2.8173672091101176
-2.0948858231907983,-1.4007494964845972,0.007838221484644352,-2.8173672091101176
-2.0948147481907995,-1.4007956858595954,0.007801418968871646,-2.8173672091101176
-2.0948147481907995,-1.4007033071095996,0.007801418968871646,-2.8173672091101176
-2.0948858231907983,-1.4007033071095996,0.00782902085570119,-2.8173672091101176
-2.0948858231907983,-1.4007494964845972,0.007801418968871646,-2.8173672091101176
-2.094956898190797,-1.4008880646095911,0.00782902085570119,-2.817259349110106
-2.0948858231907983,-1.4007033071095996,0.00782902085570119,-2.8175289991101344
-2.0947436731908002,-1.4007494964845972,0.007801418968871646,-2.817636859110146
-2.094956898190797,-1.4008418752345932,0.0078106195978148085,-2.8173672091101176
-2.0948858231907983,-1.4006571177346014,0.00782902085570119,-2.817259349110106
-2.094956898190797,-1.4007494964845972,0.007801418968871646,-2.8173672091101176
-2.0950279731907964,-1.4007033071095996,0.007838221484644352,-2.8173672091101176
-2.0947436731908002,-1.4007033071095996,0.00782902085570119,-2.8175829291101397
-2.0948147481907995,-1.4007494964845972,0.007801418968871646,-2.817421139110123
-2.0948858231907983,-1.4008418752345932,0.007801418968871646,-2.8173672091101176
-2.0947436731908002,-1.4007494964845972,0.007801418968871646,-2.8175289991101344
-2.0948858231907983,-1.4007033071095996,0.007847422113587514,-2.8173132791101114
-2.0948147481907995,-1.4006571177346014,0.007783017710985266,-2.817421139110123
-2.0947436731908002,-1.4007494964845972,0.007801418968871646,-2.8173672091101176
-2.0947436731908002,-1.4007494964845972,0.007792218339928484,-2.8175289991101344
-2.0948147481907995,-1.4007494964845972,0.007783017710985266,-2.8175289991101344
-2.094530448190803,-1.4008418752345932,0.007801418968871646,-2.8175829291101397
-2.0948858231907983,-1.4007494964845972,0.007792218339928484,-2.817636859110146
-2.0948858231907983,-1.4007033071095996,0.00782902085570119,-2.8175289991101344
-2.0948858231907983,-1.4007494964845972,0.007801418968871646,-2.8173672091101176
-2.0948858231907983,-1.4007033071095996,0.007801418968871646,-2.8173132791101114
-2.0947436731908002,-1.4007033071095996,0.007783017710985266,-2.817475069110129
-2.0946015231908017,-1.4006571177346014,0.007819820226757972,-2.8175289991101344
-2.0948858231907983,-1.4006571177346014,0.007801418968871646,-2.817259349110106
-2.0948147481907995,-1.4007494964845972,0.007838221484644352,-2.8175289991101344
-2.0947436731908002,-1.4007956858595954,0.007801418968871646,-2.817475069110129
-2.0947436731908002,-1.4008418752345932,0.007801418968871646,-2.8173672091101176
-2.094672598190801,-1.4008418752345932,0.0078106195978148085,-2.8173672091101176
-2.0947436731908002,-1.4007494964845972,0.007801418968871646,-2.8173132791101114
-2.0948858231907983,-1.4006571177346014,0.007801418968871646,-2.8173672091101176
-2.094672598190801,-1.4007494964845972,0.007801418968871646,-2.8175829291101397
-2.0948858231907983,-1.4007033071095996,0.007819820226757972,-2.8173672091101176
-2.0948147481907995,-1.4007494964845972,0.007838221484644352,-2.8173132791101114
-2.0948147481907995,-1.4008880646095911,0.007819820226757972,-2.8173132791101114
-2.0947436731908002,-1.4007956858595954,0.007801418968871646,-2.8173672091101176
-2.0947436731908002,-1.4006571177346014,0.007819820226757972,-2.817421139110123
-2.0948858231907983,-1.4007494964845972,0.00782902085570119,-2.8173132791101114
-2.0948858231907983,-1.4007494964845972,0.007801418968871646,-2.817475069110129
-2.094956898190797,-1.4007033071095996,0.007801418968871646,-2.8173672091101176
-2.0947436731908002,-1.4007494964845972,0.007819820226757972,-2.8173672091101176
-2.0946015231908017,-1.4007494964845972,0.007792218339928484,-2.817636859110146
-2.0947436731908002,-1.4007956858595954,0.007801418968871646,-2.8173672091101176
-2.0947436731908002,-1.4006571177346014,0.007801418968871646,-2.817259349110106
-2.0947436731908002,-1.4007494964845972,0.007801418968871646,-2.8173672091101176
-2.0947436731908002,-1.4007956858595954,0.007801418968871646,-2.8173672091101176
-2.0948147481907995,-1.4007494964845972,0.00782902085570119,-2.8175289991101344
-2.0948147481907995,-1.4007494964845972,0.007838221484644352,-2.8173132791101114
-2.0948858231907983,-1.4007494964845972,0.007819820226757972,-2.8175289991101344
-2.0947436731908002,-1.4006571177346014,0.007819820226757972,-2.8173672091101176
-2.0948858231907983,-1.4007956858595954,0.007819820226757972,-2.8175289991101344
-2.0946015231908017,-1.4007494964845972,0.007801418968871646,-2.8173672091101176
-2.094672598190801,-1.4007956858595954,0.00782902085570119,-2.8173672091101176
-2.0947436731908002,-1.4007033071095996,0.0078106195978148085,-2.8173672091101176
-2.0946015231908017,-1.4005647389846057,0.007801418968871646,-2.8175829291101397
-2.0947436731908002,-1.4006571177346014,0.007819820226757972,-2.817475069110129
-2.0948858231907983,-1.4007494964845972,0.0078106195978148085,-2.8173672091101176
-2.0946015231908017,-1.4007956858595954,0.007801418968871646,-2.8173132791101114
-2.094672598190801,-1.4007033071095996,0.007783017710985266,-2.8173672091101176
-2.0947436731908002,-1.4007033071095996,0.007801418968871646,-2.8175289991101344
-2.094672598190801,-1.4007494964845972,0.007801418968871646,-2.8173672091101176
-2.0948858231907983,-1.4007033071095996,0.007801418968871646,-2.8173672091101176
-2.0948858231907983,-1.4007033071095996,0.007819820226757972,-2.8173672091101176
-2.0948147481907995,-1.4008418752345932,0.007819820226757972,-2.8175829291101397
-2.094672598190801,-1.4006571177346014,0.007838221484644352,-2.8173672091101176
-2.0948147481907995,-1.4008880646095911,0.0078106195978148085,-2.8173672091101176
-2.0948858231907983,-1.4008418752345932,0.00782902085570119,-2.8173672091101176
-2.0948147481907995,-1.4007494964845972,0.007819820226757972,-2.8173672091101176
-2.0948147481907995,-1.4007956858595954,0.0078106195978148085,-2.8173132791101114
-2.0946015231908017,-1.4006571177346014,0.007792218339928484,-2.8175289991101344
-2.0947436731908002,-1.4006571177346014,0.007819820226757972,-2.8175289991101344
-2.0947436731908002,-1.4007956858595954,0.007801418968871646,-2.8175289991101344
-2.0946015231908017,-1.4007494964845972,0.007792218339928484,-2.8173132791101114
-2.0947436731908002,-1.4007956858595954,0.007801418968871646,-2.8173672091101176
-2.0948147481907995,-1.4006571177346014,0.0078106195978148085,-2.8173132791101114
-2.094956898190797,-1.4006571177346014,0.007801418968871646,-2.817475069110129
-2.094956898190797,-1.4007956858595954,0.007801418968871646,-2.8175289991101344
-2.0946015231908017,-1.4006571177346014,0.00782902085570119,-2.8175289991101344
-2.0947436731908002,-1.4007033071095996,0.007792218339928484,-2.8175289991101344
-2.0946015231908017,-1.4007494964845972,0.007801418968871646,-2.8175289991101344
-2.0947436731908002,-1.4007033071095996,0.007783017710985266,-2.817475069110129
-2.094672598190801,-1.4006571177346014,0.007801418968871646,-2.8173672091101176
-2.0947436731908002,-1.4007033071095996,0.007792218339928484,-2.8173132791101114
-2.0948858231907983,-1.4007494964845972,0.00782902085570119,-2.817636859110146
-2.094672598190801,-1.4006571177346014,0.007792218339928484,-2.817475069110129
-2.0948147481907995,-1.4007033071095996,0.007792218339928484,-2.817475069110129
-2.094956898190797,-1.4007494964845972,0.007801418968871646,-2.817636859110146
-2.0947436731908002,-1.4007494964845972,0.007801418968871646,-2.817259349110106
-2.0947436731908002,-1.4007033071095996,0.007838221484644352,-2.817421139110123
-2.0946015231908017,-1.4006571177346014,0.0078106195978148085,-2.8175289991101344
-2.0947436731908002,-1.4007494964845972,0.007801418968871646,-2.8175289991101344
-2.0946015231908017,-1.4006571177346014,0.007819820226757972,-2.8173672091101176
-2.0948147481907995,-1.4007033071095996,0.0078106195978148085,-2.8173672091101176
-2.0948147481907995,-1.4006571177346014,0.007801418968871646,-2.8175289991101344
-2.0948147481907995,-1.4006571177346014,0.007801418968871646,-2.817421139110123
-2.0948147481907995,-1.4007033071095996,0.00782902085570119,-2.817475069110129
-2.094956898190797,-1.4006571177346014,0.007819820226757972,-2.8173672091101176
-2.0946015231908017,-1.4007494964845972,0.0078106195978148085,-2.8173132791101114
-2.094672598190801,-1.4007956858595954,0.007801418968871646,-2.817475069110129
-2.094672598190801,-1.4007033071095996,0.007819820226757972,-2.8173672091101176
-2.0947436731908002,-1.4007033071095996,0.00782902085570119,-2.817475069110129
-2.0947436731908002,-1.4007033071095996,0.007819820226757972,-2.8175829291101397
-2.0947436731908002,-1.4006571177346014,0.007801418968871646,-2.8175289991101344
-2.0948147481907995,-1.4007033071095996,0.00782902085570119,-2.8173672091101176
-2.0948147481907995,-1.4007033071095996,0.007792218339928484,-2.8175289991101344
-2.094672598190801,-1.4006571177346014,0.007801418968871646,-2.817636859110146
-2.0947436731908002,-1.4007956858595954,0.007801418968871646,-2.8175289991101344
-2.0948147481907995,-1.4007033071095996,0.007801418968871646,-2.817475069110129
-2.0948147481907995,-1.4006571177346014,0.0078106195978148085,-2.8173672091101176
-2.0947436731908002,-1.4007033071095996,0.00782902085570119,-2.8173672091101176
-2.0946015231908017,-1.4007494964845972,0.00782902085570119,-2.8175289991101344
-2.0947436731908002,-1.4007033071095996,0.007801418968871646,-2.8175289991101344
-2.0948147481907995,-1.4007956858595954,0.007819820226757972,-2.817475069110129
-2.094672598190801,-1.4007033071095996,0.007801418968871646,-2.8173672091101176
-2.0948147481907995,-1.4007494964845972,0.0078106195978148085,-2.8173132791101114
-2.0947436731908002,-1.4007033071095996,0.007801418968871646,-2.817475069110129
-2.0947436731908002,-1.4006571177346014,0.00782902085570119,-2.817475069110129
-2.0948147481907995,-1.4007033071095996,0.007801418968871646,-2.8173672091101176
-2.0948147481907995,-1.4008880646095911,0.007801418968871646,-2.8173672091101176
-2.0947436731908002,-1.4007494964845972,0.007801418968871646,-2.8173132791101114
-2.0946015231908017,-1.4007033071095996,0.007801418968871646,-2.817421139110123
-2.0947436731908002,-1.4007494964845972,0.007801418968871646,-2.8175289991101344
-2.0948858231907983,-1.4007494964845972,0.007819820226757972,-2.8175829291101397
-2.0947436731908002,-1.4007033071095996,0.007801418968871646,-2.8173672091101176
-2.0947436731908002,-1.4006571177346014,0.007801418968871646,-2.8173672091101176
-2.0947436731908002,-1.4007494964845972,0.007801418968871646,-2.817475069110129
-2.0947436731908002,-1.4006571177346014,0.007783017710985266,-2.8175289991101344
-2.094530448190803,-1.4006571177346014,0.007819820226757972,-2.817475069110129
-2.094672598190801,-1.4007033071095996,0.007819820226757972,-2.8173132791101114
-2.0946015231908017,-1.4007494964845972,0.007819820226757972,-2.8173672091101176
-2.0948147481907995,-1.4007956858595954,0.007801418968871646,-2.8173132791101114
-2.0948147481907995,-1.4007494964845972,0.007819820226757972,-2.8175289991101344
-2.0948147481907995,-1.4007956858595954,0.007801418968871646,-2.8175289991101344
-2.0948147481907995,-1.4006571177346014,0.007801418968871646,-2.8173672091101176
-2.0948147481907995,-1.4007956858595954,0.007801418968871646,-2.8173672091101176
-2.0948147481907995,-1.4007033071095996,0.007819820226757972,-2.8173672091101176
-2.0948147481907995,-1.4006571177346014,0.007801418968871646,-2.8173672091101176
-2.0948858231907983,-1.4007494964845972,0.007801418968871646,-2.8173672091101176
-2.0948147481907995,-1.4008418752345932,0.007801418968871646,-2.8173132791101114
-2.0947436731908002,-1.4007033071095996,0.007801418968871646,-2.817475069110129
-2.0948858231907983,-1.4007033071095996,0.007801418968871646,-2.8173672091101176
-2.0946015231908017,-1.4007494964845972,0.00782902085570119,-2.8173672091101176
-2.0948147481907995,-1.4007494964845972,0.007838221484644352,-2.8173672091101176
-2.0948147481907995,-1.4007494964845972,0.007801418968871646,-2.8175289991101344
-2.0946015231908017,-1.4007033071095996,0.007801418968871646,-2.8173672091101176
-2.0948147481907995,-1.4007494964845972,0.007801418968871646,-2.8173672091101176
-2.0947436731908002,-1.4007494964845972,0.007792218339928484,-2.8175289991101344
-2.0948147481907995,-1.4006571177346014,0.007801418968871646,-2.8175829291101397
-2.0947436731908002,-1.4007033071095996,0.007819820226757972,-2.8173672091101176
-2.0946015231908017,-1.4007494964845972,0.007801418968871646,-2.8173672091101176
-2.094956898190797,-1.4007494964845972,0.007801418968871646,-2.8173132791101114
-2.0946015231908017,-1.4006571177346014,0.007792218339928484,-2.817636859110146
-2.0947436731908002,-1.4008418752345932,0.007819820226757972,-2.8173672091101176
-2.094956898190797,-1.4008418752345932,0.00782902085570119,-2.817636859110146
-2.0948147481907995,-1.4008418752345932,0.007801418968871646,-2.8173132791101114
-2.094672598190801,-1.4007033071095996,0.0078106195978148085,-2.8173672091101176
-2.0948147481907995,-1.4007956858595954,0.007801418968871646,-2.8173132791101114
-2.0946015231908017,-1.4007033071095996,0.007801418968871646,-2.817475069110129
-2.0947436731908002,-1.4006571177346014,0.007801418968871646,-2.817475069110129
-2.0947436731908002,-1.4008418752345932,0.007801418968871646,-2.8173132791101114
-2.0946015231908017,-1.4007494964845972,0.0078106195978148085,-2.8175829291101397
-2.0946015231908017,-1.4006571177346014,0.007792218339928484,-2.8175289991101344
-2.0948147481907995,-1.4007033071095996,0.007792218339928484,-2.8173672091101176
-2.0947436731908002,-1.4008418752345932,0.007792218339928484,-2.8173672091101176
-2.0947436731908002,-1.4007033071095996,0.007801418968871646,-2.8173672091101176
-2.094956898190797,-1.4006571177346014,0.007783017710985266,-2.8173672091101176
-2.0948147481907995,-1.4006571177346014,0.007801418968871646,-2.817421139110123
-2.0946015231908017,-1.4007494964845972,0.007801418968871646,-2.8175289991101344
-2.0948147481907995,-1.4008418752345932,0.007801418968871646,-2.8173672091101176
-2.0947436731908002,-1.4007494964845972,0.007801418968871646,-2.8175829291101397
-2.0947436731908002,-1.4007494964845972,0.007801418968871646,-2.8177447191101574
-2.0947436731908002,-1.4006571177346014,0.0078106195978148085,-2.8175289991101344
-2.0948858231907983,-1.4006571177346014,0.007801418968871646,-2.817421139110123
-2.0948147481907995,-1.4007494964845972,0.007819820226757972,-2.8173672091101176
-2.0948147481907995,-1.4007033071095996,0.007773817082042104,-2.8175289991101344
-2.094672598190801,-1.4007494964845972,0.007783017710985266,-2.817636859110146
-2.0947436731908002,-1.4008418752345932,0.0078106195978148085,-2.8175289991101344
-2.0946015231908017,-1.4008880646095911,0.007783017710985266,-2.8175289991101344
-2.0948147481907995,-1.4007033071095996,0.007801418968871646,-2.8173672091101176
-2.0947436731908002,-1.4006571177346014,0.007792218339928484,-2.8175289991101344
-2.0948147481907995,-1.4007033071095996,0.007801418968871646,-2.817636859110146
-2.0947436731908002,-1.4007033071095996,0.00782902085570119,-2.8173132791101114
-2.0948147481907995,-1.4006109283596038,0.007801418968871646,-2.8173672091101176
-2.0946015231908017,-1.4007494964845972,0.007801418968871646,-2.8175829291101397
-2.094672598190801,-1.4007033071095996,0.007801418968871646,-2.8173672091101176
-2.0948147481907995,-1.4007494964845972,0.007801418968871646,-2.817475069110129
-2.0947436731908002,-1.4007956858595954,0.007819820226757972,-2.8175829291101397
-2.0946015231908017,-1.4007033071095996,0.007801418968871646,-2.8173132791101114
-2.0948147481907995,-1.4006571177346014,0.007792218339928484,-2.817475069110129
-2.0947436731908002,-1.4007494964845972,0.007819820226757972,-2.8175829291101397
-2.0947436731908002,-1.4008880646095911,0.007819820226757972,-2.8173672091101176
-2.0946015231908017,-1.4007956858595954,0.007792218339928484,-2.817475069110129
-2.0948858231907983,-1.4006571177346014,0.007792218339928484,-2.817475069110129
-2.0948147481907995,-1.4007033071095996,0.007801418968871646,-2.8173672091101176
-2.0946015231908017,-1.400934253984589,0.007801418968871646,-2.8175829291101397
-2.0948858231907983,-1.4007494964845972,0.007801418968871646,-2.8173672091101176
-2.094672598190801,-1.4007494964845972,0.007801418968871646,-2.8175829291101397
-2.0948147481907995,-1.4006571177346014,0.007801418968871646,-2.817259349110106
-2.0947436731908002,-1.4006571177346014,0.007801418968871646,-2.8173672091101176
-2.0947436731908002,-1.4007033071095996,0.007819820226757972,-2.8173672091101176
-2.094530448190803,-1.4007033071095996,0.007801418968871646,-2.8173672091101176
-2.0947436731908002,-1.4006571177346014,0.007792218339928484,-2.8173132791101114
-2.0947436731908002,-1.4007494964845972,0.007783017710985266,-2.8175829291101397
-2.0947436731908002,-1.4006571177346014,0.007838221484644352,-2.8173132791101114
-2.0946015231908017,-1.4008418752345932,0.007801418968871646,-2.8173672091101176
-2.0947436731908002,-1.4007956858595954,0.007801418968871646,-2.8173672091101176
-2.0947436731908002,-1.4007494964845972,0.007801418968871646,-2.8175289991101344
-2.0947436731908002,-1.4007494964845972,0.007773817082042104,-2.8175289991101344
-2.0948147481907995,-1.4007956858595954,0.007819820226757972,-2.8173132791101114
-1.879387066153592,-1.2582552694835258,0.0288523736284233,-2.5514514886542754
-1.8795292161535904,-1.2583476482335216,0.02887077488630968,-2.551397558654269
-1.879244916153594,-1.2583014588585237,0.028861574257366518,-2.5514514886542754
-1.879458141153591,-1.2582552694835258,0.0288523736284233,-2.551343628654264
-1.879458141153591,-1.2583014588585237,0.028879975515252843,-2.5512357686542524
-1.879387066153592,-1.2582552694835258,0.028843172999480138,-2.5514514886542754
-1.879458141153591,-1.2582090801085277,0.028879975515252843,-2.551397558654269
-1.879315991153593,-1.2582552694835258,0.028833972370536975,-2.5514514886542754
-1.879315991153593,-1.2583014588585237,0.0288523736284233,-2.5514514886542754
-1.879387066153592,-1.2583476482335216,0.0288523736284233,-2.551559348654286
-1.879173841153595,-1.2582090801085277,0.0288523736284233,-2.551559348654286
-1.879387066153592,-1.2583476482335216,0.0288523736284233,-2.5514514886542754
-1.879315991153593,-1.2582090801085277,0.0288523736284233,-2.551397558654269
-1.8795292161535904,-1.2583014588585237,0.028843172999480138,-2.5514514886542754
-1.879458141153591,-1.2583014588585237,0.02887077488630968,-2.5512896986542577
-1.879458141153591,-1.2583014588585237,0.02887077488630968,-2.5512896986542577
-1.879387066153592,-1.2583014588585237,0.02887077488630968,-2.551343628654264
-1.879387066153592,-1.2583476482335216,0.0288523736284233,-2.5515054186542807
-1.879458141153591,-1.2583476482335216,0.028861574257366518,-2.551397558654269
-1.8795292161535904,-1.2583476482335216,0.0288523736284233,-2.5514514886542754
-1.879387066153592,-1.2583014588585237,0.028843172999480138,-2.551397558654269
-1.879458141153591,-1.2582090801085277,0.028833972370536975,-2.551397558654269
-1.8795292161535904,-1.2582552694835258,0.0288523736284233,-2.551397558654269
-1.879387066153592,-1.2583014588585237,0.0288523736284233,-2.5515054186542807
-1.879244916153594,-1.2582552694835258,0.02887077488630968,-2.5514514886542754
-1.879458141153591,-1.2582552694835258,0.0288523736284233,-2.551397558654269
-1.8796713661535884,-1.2583014588585237,0.0288523736284233,-2.551559348654286
-1.879458141153591,-1.2582552694835258,0.02887077488630968,-2.5512357686542524
-1.879458141153591,-1.2583476482335216,0.02887077488630968,-2.551397558654269
-1.879458141153591,-1.2582552694835258,0.0288523736284233,-2.551343628654264
-1.879244916153594,-1.2583938376085195,0.028879975515252843,-2.551343628654264
-1.879458141153591,-1.2583014588585237,0.0288523736284233,-2.551343628654264
-1.879315991153593,-1.2582552694835258,0.028861574257366518,-2.551397558654269
-1.879387066153592,-1.2583476482335216,0.028879975515252843,-2.551559348654286
-1.8795292161535904,-1.2583476482335216,0.028843172999480138,-2.5514514886542754
-1.879387066153592,-1.2582090801085277,0.02887077488630968,-2.551397558654269
-1.879387066153592,-1.2582552694835258,0.02887077488630968,-2.551559348654286
-1.879387066153592,-1.2583938376085195,0.0288523736284233,-2.551397558654269
-1.879458141153591,-1.2582552694835258,0.0288523736284233,-2.5512896986542577
-1.879458141153591,-1.2582552694835258,0.02887077488630968,-2.5512896986542577
-1.879387066153592,-1.2582552694835258,0.028879975515252843,-2.5514514886542754
-1.8796002911535894,-1.2582090801085277,0.0288523736284233,-2.5512896986542577
-1.879387066153592,-1.2583476482335216,0.0288523736284233,-2.5514514886542754
-1.8795292161535904,-1.2583476482335216,0.028879975515252843,-2.551343628654264
-1.879244916153594,-1.2582552694835258,0.028833972370536975,-2.5514514886542754
-1.879315991153593,-1.2583014588585237,0.02887077488630968,-2.551343628654264
-1.879458141153591,-1.2583541932182167,0.028843172999480138,-2.5512896986542577
-1.8795292161535904,-1.2583080038432186,0.02887077488630968,-2.551181838654247
-1.8795292161535904,-1.2582618144682207,0.0288523736284233,-2.551559348654286
-1.879387066153592,-1.2583080038432186,0.0288523736284233,-2.5514514886542754
-1.879244916153594,-1.2583080038432186,0.0288523736284233,-2.5514514886542754
-1.879102766153596,-1.2584003825932144,0.0288523736284233,-2.5514514886542754
-1.879315991153593,-1.2583080038432186,0.02887077488630968,-2.5512357686542524
-1.879387066153592,-1.2582618144682207,0.02887077488630968,-2.551613278654292
-1.879387066153592,-1.2583080038432186,0.02887077488630968,-2.5512896986542577
-1.8795292161535904,-1.2583080038432186,0.02887077488630968,-2.5514514886542754
-1.879387066153592,-1.2584003825932144,0.028879975515252843,-2.5515054186542807
-1.879387066153592,-1.2582618144682207,0.0288523736284233,-2.551559348654286
-1.879387066153592,-1.2582618144682207,0.028861574257366518,-2.5515054186542807
-1.879315991153593,-1.2582618144682207,0.0288523736284233,-2.5514514886542754
-1.879387066153592,-1.2582156250932228,0.028861574257366518,-2.5514514886542754
-1.879458141153591,-1.2583080038432186,0.0288523736284233,-2.5514514886542754
-1.879387066153592,-1.2582618144682207,0.0288523736284233,-2.5514514886542754
-1.879387066153592,-1.2583080038432186,0.0288523736284233,-2.5514514886542754
-1.879244916153594,-1.2582156250932228,0.0288523736284233,-2.551397558654269
-1.879458141153591,-1.2582156250932228,0.0288523736284233,-2.5514514886542754
-1.879315991153593,-1.2584003825932144,0.028861574257366518,-2.551613278654292
-1.879458141153591,-1.2582156250932228,0.02887077488630968,-2.5514514886542754
-1.8795292161535904,-1.2583080038432186,0.02887077488630968,-2.551397558654269
-1.879387066153592,-1.2583080038432186,0.0288523736284233,-2.551559348654286
-1.879244916153594,-1.2582618144682207,0.0288523736284233,-2.551343628654264
-1.879387066153592,-1.2583080038432186,0.02887077488630968,-2.5514514886542754
-1.879315991153593,-1.2583080038432186,0.0288523736284233,-2.5514514886542754
-1.879387066153592,-1.2582618144682207,0.0288523736284233,-2.5514514886542754
-1.879244916153594,-1.2582618144682207,0.028861574257366518,-2.5515054186542807
-1.879387066153592,-1.2583541932182167,0.0288523736284233,-2.5514514886542754
-1.879244916153594,-1.2583541932182167,0.028833972370536975,-2.551397558654269
-1.879244916153594,-1.2583541932182167,0.028889176144196005,-2.551343628654264
-1.879387066153592,-1.2583080038432186,0.02887077488630968,-2.551397558654269
-1.879244916153594,-1.2583080038432186,0.0288523736284233,-2.5514514886542754
-1.879315991153593,-1.2582618144682207,0.0288523736284233,-2.551397558654269
-1.879315991153593,-1.2583541932182167,0.028843172999480138,-2.5514514886542754
-1.879315991153593,-1.2584003825932144,0.028843172999480138,-2.551397558654269
-1.879458141153591,-1.2582618144682207,0.028833972370536975,-2.5514514886542754
-1.879387066153592,-1.2582156250932228,0.028843172999480138,-2.551397558654269
-1.879315991153593,-1.2582156250932228,0.028889176144196005,-2.5514514886542754
-1.879458141153591,-1.2582156250932228,0.0288523736284233,-2.551397558654269
-1.879244916153594,-1.2582156250932228,0.0288523736284233,-2.551343628654264
-1.879458141153591,-1.258123246343227,0.0288523736284233,-2.5514514886542754
-1.8795292161535904,-1.258169435718225,0.028861574257366518,-2.551613278654292
-1.879244916153594,-1.2583541932182167,0.02887077488630968,-2.551343628654264
-1.879387066153592,-1.2583541932182167,0.0288523736284233,-2.5514514886542754
-1.879458141153591,-1.2583080038432186,0.02887077488630968,-2.5514514886542754
-1.879387066153592,-1.2582618144682207,0.028861574257366518,-2.5515054186542807
-1.879244916153594,-1.2584003825932144,0.02887077488630968,-2.5514514886542754
-1.879387066153592,-1.2583541932182167,0.02887077488630968,-2.5514514886542754
-1.879387066153592,-1.2582156250932228,0.0288523736284233,-2.5515054186542807
-1.879458141153591,-1.2583080038432186,0.028879975515252843,-2.5514514886542754
-1.879244916153594,-1.2582618144682207,0.02887077488630968,-2.5514514886542754
-1.879387066153592,-1.2582156250932228,0.028879975515252843,-2.551397558654269
-1.879458141153591,-1.2582156250932228,0.028879975515252843,-2.5514514886542754
-1.879244916153594,-1.2583541932182167,0.02887077488630968,-2.5514514886542754
-1.879458141153591,-1.2582618144682207,0.028879975515252843,-2.5514514886542754
-1.879315991153593,-1.2582618144682207,0.0288523736284233,-2.551397558654269
-1.879458141153591,-1.258169435718225,0.02887077488630968,-2.5515054186542807
-1.879244916153594,-1.2583080038432186,0.0288523736284233,-2.551397558654269
-1.879315991153593,-1.2583080038432186,0.0288523736284233,-2.551559348654286
-1.879244916153594,-1.2583080038432186,0.0288523736284233,-2.5514514886542754
-1.879387066153592,-1.2583080038432186,0.0288523736284233,-2.5515054186542807
-1.879387066153592,-1.2582156250932228,0.028879975515252843,-2.5514514886542754
-1.879387066153592,-1.2583080038432186,0.02887077488630968,-2.5512896986542577
-1.879387066153592,-1.2582156250932228,0.028861574257366518,-2.5514514886542754
-1.879315991153593,-1.2583080038432186,0.028833972370536975,-2.5514514886542754
-1.879458141153591,-1.2582156250932228,0.0288523736284233,-2.551343628654264
-1.879315991153593,-1.2583541932182167,0.02887077488630968,-2.5515054186542807
-1.879387066153592,-1.2583080038432186,0.0288523736284233,-2.5514514886542754
-1.879315991153593,-1.2583080038432186,0.028879975515252843,-2.5514514886542754
-1.879244916153594,-1.2582156250932228,0.0288523736284233,-2.551397558654269
-1.879458141153591,-1.2582618144682207,0.0288523736284233,-2.551343628654264
-1.879315991153593,-1.2582618144682207,0.02887077488630968,-2.551343628654264
-1.879387066153592,-1.2583541932182167,0.0288523736284233,-2.5515054186542807
-1.879315991153593,-1.2583080038432186,0.028861574257366518,-2.551397558654269
-1.879244916153594,-1.2582618144682207,0.0288523736284233,-2.551397558654269
-1.879173841153595,-1.2583080038432186,0.028833972370536975,-2.551559348654286
-1.879244916153594,-1.2583080038432186,0.028879975515252843,-2.5515054186542807
-1.879315991153593,-1.2583541932182167,0.0288523736284233,-2.5514514886542754
-1.8795292161535904,-1.2583080038432186,0.0288523736284233,-2.5514514886542754
-1.879244916153594,-1.2582156250932228,0.0288523736284233,-2.5512896986542577
-1.879244916153594,-1.2583541932182167,0.028879975515252843,-2.551343628654264
-1.879458141153591,-1.2583080038432186,0.02887077488630968,-2.551343628654264
-1.879244916153594,-1.2582156250932228,0.0288523736284233,-2.5514514886542754
-1.879458141153591,-1.2582156250932228,0.028843172999480138,-2.551397558654269
-1.879387066153592,-1.2582156250932228,0.0288523736284233,-2.5514514886542754
-1.879387066153592,-1.2583080038432186,0.028833972370536975,-2.551397558654269
-1.879387066153592,-1.2583541932182167,0.028861574257366518,-2.551343628654264
-1.879315991153593,-1.2583080038432186,0.0288523736284233,-2.5514514886542754
-1.879458141153591,-1.2583080038432186,0.0288523736284233,-2.551397558654269
-1.879387066153592,-1.2583080038432186,0.028833972370536975,-2.5515054186542807
-1.879244916153594,-1.2583541932182167,0.0288523736284233,-2.551397558654269
-1.8795292161535904,-1.2583541932182167,0.0288523736284233,-2.551397558654269
-1.879315991153593,-1.2583541932182167,0.0288523736284233,-2.5514514886542754
-1.879244916153594,-1.2584003825932144,0.0288523736284233,-2.551397558654269
-1.879387066153592,-1.2583080038432186,0.02887077488630968,-2.5515054186542807
-1.879244916153594,-1.2583080038432186,0.0288523736284233,-2.5514514886542754
-1.879387066153592,-1.2583080038432186,0.028843172999480138,-2.5514514886542754
-1.8795292161535904,-1.2583080038432186,0.028824771741593813,-2.551343628654264
-1.879387066153592,-1.2583080038432186,0.028879975515252843,-2.5512357686542524
-1.879458141153591,-1.2583080038432186,0.0288523736284233,-2.551397558654269
-1.879387066153592,-1.2583080038432186,0.028843172999480138,-2.551397558654269
-1.879458141153591,-1.2583080038432186,0.028879975515252843,-2.551343628654264
-1.879244916153594,-1.2582618144682207,0.028833972370536975,-2.5515054186542807
-1.879387066153592,-1.2582618144682207,0.0288523736284233,-2.551397558654269
-1.879387066153592,-1.2583541932182167,0.0288523736284233,-2.551343628654264
-1.879458141153591,-1.2582618144682207,0.02887077488630968,-2.5515054186542807
-1.879387066153592,-1.2583080038432186,0.028843172999480138,-2.551397558654269
-1.879387066153592,-1.2583080038432186,0.02887077488630968,-2.5512896986542577
-1.879315991153593,-1.2582618144682207,0.0288523736284233,-2.5512896986542577
-1.879387066153592,-1.2583080038432186,0.028833972370536975,-2.5514514886542754
-1.879458141153591,-1.2583080038432186,0.028889176144196005,-2.5512896986542577
-1.879315991153593,-1.2583080038432186,0.028833972370536975,-2.551559348654286
-1.879244916153594,-1.2583080038432186,0.0288523736284233,-2.551397558654269
-1.879387066153592,-1.2582683594529156,0.028833972370536975,-2.5514514886542754
-1.879387066153592,-1.2583145488279137,0.028889176144196005,-2.551559348654286
-1.879458141153591,-1.2583607382029116,0.0288523736284233,-2.5515054186542807
-1.879387066153592,-1.2582683594529156,0.028843172999480138,-2.5514514886542754
-1.879387066153592,-1.258222170077918,0.0288523736284233,-2.551397558654269
-1.879387066153592,-1.2582683594529156,0.0288523736284233,-2.551343628654264
-1.879458141153591,-1.2581759807029198,0.0288523736284233,-2.551397558654269
-1.879315991153593,-1.2584069275779095,0.02887077488630968,-2.5514514886542754
-1.879458141153591,-1.2582683594529156,0.02887077488630968,-2.5514514886542754
-1.879244916153594,-1.2583145488279137,0.028843172999480138,-2.5514514886542754
-1.879315991153593,-1.258222170077918,0.028861574257366518,-2.5515054186542807
-1.879458141153591,-1.2583145488279137,0.028861574257366518,-2.5512896986542577
-1.879387066153592,-1.2583607382029116,0.02887077488630968,-2.551397558654269
-1.879244916153594,-1.2583145488279137,0.028879975515252843,-2.551343628654264
-1.879387066153592,-1.2582683594529156,0.0288523736284233,-2.5515054186542807
-1.879387066153592,-1.2583145488279137,0.0288523736284233,-2.551343628654264
-1.879244916153594,-1.258222170077918,0.028843172999480138,-2.5515054186542807
-1.8795292161535904,-1.2583607382029116,0.0288523736284233,-2.551343628654264
-1.879315991153593,-1.258222170077918,0.0288523736284233,-2.5515054186542807
-1.879315991153593,-1.258222170077918,0.0288523736284233,-2.5514514886542754
-1.879244916153594,-1.2583607382029116,0.0288523736284233,-2.5514514886542754
-1.879387066153592,-1.2583145488279137,0.0288523736284233,-2.551559348654286
-1.879244916153594,-1.258222170077918,0.02887077488630968,-2.5514514886542754
-1.879387066153592,-1.2582683594529156,0.0288523736284233,-2.551397558654269
-1.879244916153594,-1.258222170077918,0.028843172999480138,-2.5514514886542754
-1.879387066153592,-1.2582683594529156,0.0288523736284233,-2.5514514886542754
-1.879244916153594,-1.2583607382029116,0.028879975515252843,-2.5512896986542577
-1.879387066153592,-1.2584069275779095,0.028843172999480138,-2.5514514886542754
-1.879244916153594,-1.258222170077918,0.0288523736284233,-2.5514514886542754
-1.879387066153592,-1.2582683594529156,0.028833972370536975,-2.551343628654264
-1.879458141153591,-1.258222170077918,0.0288523736284233,-2.5514514886542754
-1.879315991153593,-1.2583145488279137,0.02887077488630968,-2.5514514886542754
-1.879458141153591,-1.2583145488279137,0.028861574257366518,-2.551397558654269
-1.879387066153592,-1.258222170077918,0.028843172999480138,-2.5514514886542754
-1.879315991153593,-1.258222170077918,0.028898376773139223,-2.5514514886542754
-1.879387066153592,-1.2583145488279137,0.0288523736284233,-2.5515054186542807
-1.879244916153594,-1.2583145488279137,0.02887077488630968,-2.5514514886542754
-1.879387066153592,-1.258222170077918,0.0288523736284233,-2.5515054186542807
-1.879458141153591,-1.2583145488279137,0.028861574257366518,-2.551559348654286
-1.879387066153592,-1.258222170077918,0.028843172999480138,-2.551559348654286
-1.879387066153592,-1.258222170077918,0.028833972370536975,-2.551397558654269
-1.879315991153593,-1.2583145488279137,0.0288523736284233,-2.551397558654269
-1.8795292161535904,-1.2583607382029116,0.02887077488630968,-2.5514514886542754
-1.879387066153592,-1.2584069275779095,0.0288523736284233,-2.551343628654264
-1.879458141153591,-1.2582683594529156,0.028879975515252843,-2.551559348654286
-1.879458141153591,-1.2582683594529156,0.02887077488630968,-2.551559348654286
-1.879387066153592,-1.2582683594529156,0.028879975515252843,-2.551397558654269
-1.879387066153592,-1.2582683594529156,0.028879975515252843,-2.5512357686542524
-1.879387066153592,-1.2582683594529156,0.028861574257366518,-2.5514514886542754
-1.879387066153592,-1.2582683594529156,0.0288523736284233,-2.5514514886542754
-1.879244916153594,-1.2583145488279137,0.028861574257366518,-2.551397558654269
-1.879387066153592,-1.2582683594529156,0.0288523736284233,-2.551397558654269
-1.879244916153594,-1.2584069275779095,0.0288523736284233,-2.551397558654269
-1.879387066153592,-1.2583607382029116,0.0288523736284233,-2.5515054186542807
-1.879387066153592,-1.258222170077918,0.028833972370536975,-2.551397558654269
-1.879244916153594,-1.2583145488279137,0.028879975515252843,-2.5512357686542524
-1.879458141153591,-1.258222170077918,0.028861574257366518,-2.551559348654286
-1.879387066153592,-1.2583145488279137,0.0288523736284233,-2.5514514886542754
-1.879315991153593,-1.258222170077918,0.028861574257366518,-2.551559348654286
-1.879387066153592,-1.258222170077918,0.028824771741593813,-2.551397558654269
-1.879458141153591,-1.2582683594529156,0.0288523736284233,-2.5514514886542754
-1.879387066153592,-1.258222170077918,0.0288523736284233,-2.5515054186542807
-1.879458141153591,-1.2583607382029116,0.028889176144196005,-2.5514514886542754
-1.879387066153592,-1.2582683594529156,0.028843172999480138,-2.5514514886542754
-1.8795292161535904,-1.2583607382029116,0.028833972370536975,-2.5515054186542807
-1.879387066153592,-1.2582683594529156,0.028879975515252843,-2.551397558654269
-1.879458141153591,-1.2582683594529156,0.028843172999480138,-2.551775068654309
-1.879244916153594,-1.2583145488279137,0.028833972370536975,-2.551397558654269
-1.879315991153593,-1.2583145488279137,0.028879975515252843,-2.5514514886542754
-1.879387066153592,-1.2583607382029116,0.0288523736284233,-2.551397558654269
-1.879244916153594,-1.2584069275779095,0.028843172999480138,-2.551343628654264
-1.879458141153591,-1.2582683594529156,0.028843172999480138,-2.551559348654286
-1.879387066153592,-1.2583145488279137,0.028843172999480138,-2.551343628654264
-1.879244916153594,-1.2583607382029116,0.028861574257366518,-2.5512896986542577
-1.8795292161535904,-1.2583145488279137,0.028889176144196005,-2.5512896986542577
-1.879244916153594,-1.2584069275779095,0.028843172999480138,-2.5515054186542807
-1.879315991153593,-1.2583145488279137,0.028833972370536975,-2.5515054186542807
-1.879315991153593,-1.2582683594529156,0.0288523736284233,-2.5515054186542807
-1.879244916153594,-1.258222170077918,0.0288523736284233,-2.5512896986542577
-1.879387066153592,-1.2583145488279137,0.02887077488630968,-2.551559348654286
-1.879315991153593,-1.2583145488279137,0.0288523736284233,-2.5514514886542754
-1.879315991153593,-1.258222170077918,0.028879975515252843,-2.5512357686542524
-1.879315991153593,-1.2581759807029198,0.02887077488630968,-2.5515054186542807
-1.879173841153595,-1.2582683594529156,0.0288523736284233,-2.551397558654269
-1.879387066153592,-1.2583145488279137,0.0288523736284233,-2.5514514886542754
-1.8795292161535904,-1.2582683594529156,0.028861574257366518,-2.551397558654269
-1.879315991153593,-1.2582683594529156,0.02887077488630968,-2.551397558654269
-1.879315991153593,-1.258222170077918,0.0288523736284233,-2.5514514886542754
-1.879315991153593,-1.2582683594529156,0.02887077488630968,-2.551397558654269
-1.6715486301782034,-1.1188645055795405,0.05075107990146066,-2.26887490388855
-1.6714064801782054,-1.1188645055795405,0.050732678643574336,-2.268982763888561
-1.6714064801782054,-1.1189106949545384,0.0507418792725175,-2.2690906238885726
-1.6714064801782054,-1.1188183162045426,0.0507418792725175,-2.268982763888561
-1.6715486301782034,-1.1188645055795405,0.0507418792725175,-2.2689288338885554
-1.6714064801782054,-1.1188645055795405,0.05076948115934704,-2.2687670438885386
-1.6714064801782054,-1.1188183162045426,0.05076028053040388,-2.269036693888567
-1.6715486301782034,-1.1188645055795405,0.05076028053040388,-2.26887490388855
-1.6714064801782054,-1.1189568843295363,0.05075107990146066,-2.2689288338885554
-1.6713354051782063,-1.1188645055795405,0.05076028053040388,-2.26887490388855
-1.6714775551782044,-1.1190492630795321,0.0507418792725175,-2.26887490388855
-1.6713354051782063,-1.1188183162045426,0.0507418792725175,-2.268982763888561
-1.6714775551782044,-1.1188183162045426,0.050732678643574336,-2.269036693888567
-1.6714064801782054,-1.1189106949545384,0.0507418792725175,-2.2689288338885554
-1.6714775551782044,-1.1188645055795405,0.0507418792725175,-2.268982763888561
-1.6714064801782054,-1.1188645055795405,0.05075107990146066,-2.2689288338885554
-1.6714064801782054,-1.1186797480795487,0.0507418792725175,-2.268982763888561
-1.671264330178207,-1.1188645055795405,0.05076948115934704,-2.2688209738885443
-1.6714775551782044,-1.1188183162045426,0.05076028053040388,-2.268982763888561
-1.6715486301782034,-1.1188645055795405,0.05076028053040388,-2.2689288338885554
-1.671264330178207,-1.1188183162045426,0.05076028053040388,-2.26887490388855
-1.6714064801782054,-1.1187721268295445,0.05076948115934704,-2.269036693888567
-1.6714775551782044,-1.1189568843295363,0.05076948115934704,-2.268982763888561
-1.6714064801782054,-1.1188645055795405,0.05076028053040388,-2.269036693888567
-1.6714064801782054,-1.1188183162045426,0.05076948115934704,-2.26887490388855
-1.6714064801782054,-1.1188645055795405,0.0507418792725175,-2.2689288338885554
-1.6714775551782044,-1.1189106949545384,0.05076028053040388,-2.26887490388855
-1.6714775551782044,-1.1188645055795405,0.05075107990146066,-2.268982763888561
-1.6714064801782054,-1.1188183162045426,0.05076028053040388,-2.268982763888561
-1.6714775551782044,-1.1189568843295363,0.0507418792725175,-2.2688209738885443
-1.6715486301782034,-1.1188645055795405,0.0507418792725175,-2.268982763888561
-1.6714064801782054,-1.1188645055795405,0.050723478014631174,-2.269036693888567
-1.6713354051782063,-1.1188645055795405,0.05075107990146066,-2.2689288338885554
-1.6714775551782044,-1.1188645055795405,0.05075107990146066,-2.269036693888567
-1.6714064801782054,-1.1188645055795405,0.05075107990146066,-2.26887490388855
-1.6715486301782034,-1.1188183162045426,0.05076028053040388,-2.2690906238885726
-1.6714064801782054,-1.1189568843295363,0.05075107990146066,-2.268982763888561
-1.6713354051782063,-1.1189568843295363,0.0507418792725175,-2.268982763888561
-1.6714064801782054,-1.1188645055795405,0.0507418792725175,-2.26887490388855
-1.6714775551782044,-1.1188645055795405,0.05076028053040388,-2.268982763888561
-1.6714064801782054,-1.1188183162045426,0.05076028053040388,-2.26887490388855
-1.6714064801782054,-1.1189106949545384,0.0507418792725175,-2.268982763888561
-1.6714064801782054,-1.1187721268295445,0.05076028053040388,-2.26887490388855
-1.6715486301782034,-1.1188645055795405,0.05076028053040388,-2.268982763888561
-1.6714064801782054,-1.1189106949545384,0.05076948115934704,-2.268982763888561
-1.6714064801782054,-1.1188645055795405,0.0507418792725175,-2.268982763888561
-1.6714064801782054,-1.1187721268295445,0.05076948115934704,-2.2689288338885554
-1.6714775551782044,-1.1188183162045426,0.05076028053040388,-2.26887490388855
-1.6714064801782054,-1.1188645055795405,0.05075107990146066,-2.268982763888561
-1.6714064801782054,-1.1188183162045426,0.0507418792725175,-2.26887490388855
-1.6716197051782025,-1.1188183162045426,0.05076028053040388,-2.268982763888561
-1.6714064801782054,-1.1190492630795321,0.05076948115934704,-2.2689288338885554
-1.6714064801782054,-1.1188645055795405,0.05076028053040388,-2.26887490388855
-1.6714775551782044,-1.1188183162045426,0.05075107990146066,-2.2689288338885554
-1.6714775551782044,-1.1188645055795405,0.0507418792725175,-2.2691445538885784
-1.6714064801782054,-1.1188645055795405,0.0507418792725175,-2.269036693888567
-1.6714064801782054,-1.1189568843295363,0.05076028053040388,-2.2688209738885443
-1.6714775551782044,-1.1188645055795405,0.05076028053040388,-2.268982763888561
-1.6714775551782044,-1.1188183162045426,0.05076028053040388,-2.26887490388855
-1.6715486301782034,-1.1190030737045342,0.05076028053040388,-2.268982763888561
-1.6716197051782025,-1.1187721268295445,0.0507418792725175,-2.26887490388855
-1.6715486301782034,-1.1188183162045426,0.05076948115934704,-2.268982763888561
-1.6714064801782054,-1.1188183162045426,0.0507418792725175,-2.268982763888561
-1.6714775551782044,-1.1188645055795405,0.050787882417233365,-2.268982763888561
-1.6714775551782044,-1.1188183162045426,0.05075107990146066,-2.269036693888567
-1.6714775551782044,-1.1187721268295445,0.05075107990146066,-2.2689288338885554
-1.6716197051782025,-1.1188183162045426,0.05076028053040388,-2.2689288338885554
-1.6714064801782054,-1.1189568843295363,0.05076948115934704,-2.2690906238885726
-1.6714064801782054,-1.1188645055795405,0.05075107990146066,-2.268982763888561
-1.6714064801782054,-1.1188645055795405,0.050732678643574336,-2.2689288338885554
-1.6715486301782034,-1.1189568843295363,0.0507786817882902,-2.268982763888561
-1.6715486301782034,-1.1188645055795405,0.05076028053040388,-2.26887490388855
-1.6716197051782025,-1.1188645055795405,0.05076948115934704,-2.2689288338885554
-1.6715486301782034,-1.1189106949545384,0.0507418792725175,-2.2690906238885726
-1.6714064801782054,-1.1188645055795405,0.05076028053040388,-2.268982763888561
-1.6716197051782025,-1.1188645055795405,0.05075107990146066,-2.2690906238885726
-1.6715486301782034,-1.1189568843295363,0.05076028053040388,-2.269036693888567
-1.6714064801782054,-1.1188645055795405,0.05076028053040388,-2.2689288338885554
-1.6714064801782054,-1.1188645055795405,0.0507418792725175,-2.26887490388855
-1.6714064801782054,-1.1189568843295363,0.05075107990146066,-2.269036693888567
-1.6716197051782025,-1.1190030737045342,0.05076028053040388,-2.2689288338885554
-1.6714775551782044,-1.1189106949545384,0.050723478014631174,-2.268982763888561
-1.6714064801782054,-1.1188183162045426,0.05076028053040388,-2.2687670438885386
-1.6714064801782054,-1.1187721268295445,0.05076028053040388,-2.26887490388855
-1.6714064801782054,-1.1188645055795405,0.0507786817882902,-2.268982763888561
-1.6713354051782063,-1.1187721268295445,0.05076948115934704,-2.2690906238885726
-1.6713354051782063,-1.1188645055795405,0.05075107990146066,-2.26887490388855
-1.6714064801782054,-1.1188645055795405,0.05076028053040388,-2.268982763888561
-1.6714064801782054,-1.1188183162045426,0.0507418792725175,-2.268982763888561
-1.6714775551782044,-1.1188183162045426,0.0507418792725175,-2.2689288338885554
-1.6715486301782034,-1.1188645055795405,0.05075107990146066,-2.269036693888567
-1.6715486301782034,-1.1189106949545384,0.0507418792725175,-2.26887490388855
-1.6714064801782054,-1.1189568843295363,0.05076028053040388,-2.269036693888567
-1.6715486301782034,-1.1190492630795321,0.05076948115934704,-2.26887490388855
-1.6714064801782054,-1.1188183162045426,0.050732678643574336,-2.268982763888561
-1.6713354051782063,-1.1188645055795405,0.050732678643574336,-2.2690906238885726
-1.6714064801782054,-1.1188183162045426,0.05076028053040388,-2.268982763888561
-1.6714775551782044,-1.1188183162045426,0.05076028053040388,-2.2690906238885726
-1.6714064801782054,-1.1188645055795405,0.05076028053040388,-2.2688209738885443
-1.6714064801782054,-1.1189568843295363,0.0507418792725175,-2.2689288338885554
-1.6714064801782054,-1.1188645055795405,0.05075107990146066,-2.268982763888561
-1.6715486301782034,-1.1188183162045426,0.05076948115934704,-2.268982763888561
-1.6715486301782034,-1.1188645055795405,0.05076028053040388,-2.268982763888561
-1.6714064801782054,-1.1189568843295363,0.0507418792725175,-2.2689288338885554
-1.6716197051782025,-1.1188645055795405,0.050723478014631174,-2.26887490388855
-1.6714064801782054,-1.1189106949545384,0.05075107990146066,-2.268982763888561
-1.6715486301782034,-1.1189568843295363,0.05076028053040388,-2.268982763888561
-1.6713354051782063,-1.1190030737045342,0.05076028053040388,-2.26887490388855
-1.6715486301782034,-1.1188645055795405,0.05076028053040388,-2.26887490388855
-1.6713354051782063,-1.1189568843295363,0.0507418792725175,-2.26887490388855
-1.6714064801782054,-1.1188645055795405,0.0507418792725175,-2.268982763888561
-1.6714064801782054,-1.1190030737045342,0.05075107990146066,-2.269036693888567
-1.6715486301782034,-1.1188645055795405,0.0507418792725175,-2.268982763888561
-1.6714064801782054,-1.1189568843295363,0.05076028053040388,-2.26887490388855
-1.6715486301782034,-1.1188645055795405,0.05075107990146066,-2.26887490388855
-1.6714064801782054,-1.1188645055795405,0.05075107990146066,-2.268982763888561
-1.6716197051782025,-1.1187259374545468,0.05075107990146066,-2.2689288338885554
-1.6716197051782025,-1.1189106949545384,0.0507418792725175,-2.268982763888561
-1.6714064801782054,-1.1189568843295363,0.0507418792725175,-2.2690906238885726
-1.6715486301782034,-1.1188645055795405,0.05076028053040388,-2.268982763888561
-1.6714775551782044,-1.1189106949545384,0.05076948115934704,-2.2688209738885443
-1.6714775551782044,-1.1189568843295363,0.0507418792725175,-2.268982763888561
-1.6714064801782054,-1.1190030737045342,0.0507418792725175,-2.2690906238885726
-1.6715486301782034,-1.1188645055795405,0.05076028053040388,-2.2689288338885554
-1.6713354051782063,-1.1188645055795405,0.050732678643574336,-2.2689288338885554
-1.6715486301782034,-1.1188183162045426,0.05075107990146066,-2.26887490388855
-1.6715486301782034,-1.1189106949545384,0.05076028053040388,-2.269036693888567
-1.6715486301782034,-1.1189568843295363,0.05076028053040388,-2.26887490388855
-1.6714064801782054,-1.1188645055795405,0.0507418792725175,-2.2689288338885554
-1.6714064801782054,-1.1188645055795405,0.05076948115934704,-2.268982763888561
-1.6715486301782034,-1.1188645055795405,0.0507418792725175,-2.2689288338885554
-1.6716197051782025,-1.1189568843295363,0.0507418792725175,-2.26887490388855
-1.6715486301782034,-1.1189568843295363,0.05075107990146066,-2.26887490388855
-1.6714775551782044,-1.1188645055795405,0.05075107990146066,-2.26887490388855
-1.6715486301782034,-1.1190030737045342,0.05076948115934704,-2.26887490388855
-1.6714775551782044,-1.1187721268295445,0.05076028053040388,-2.26887490388855
-1.6714775551782044,-1.1189568843295363,0.05076948115934704,-2.268982763888561
-1.6716197051782025,-1.1189106949545384,0.05076028053040388,-2.268982763888561
-1.6714775551782044,-1.1188645055795405,0.05076028053040388,-2.26887490388855
-1.6716197051782025,-1.1188183162045426,0.05076028053040388,-2.268982763888561
-1.6715486301782034,-1.1188645055795405,0.05075107990146066,-2.268982763888561
-1.6714064801782054,-1.1188645055795405,0.05075107990146066,-2.2688209738885443
-1.6715486301782034,-1.1186797480795487,0.05076028053040388,-2.26887490388855
-1.6714064801782054,-1.1188645055795405,0.0507418792725175,-2.268982763888561
-1.6716197051782025,-1.1188645055795405,0.05075107990146066,-2.269036693888567
-1.6713354051782063,-1.1188183162045426,0.050723478014631174,-2.2688209738885443
-1.6715486301782034,-1.1187721268295445,0.0507418792725175,-2.26887490388855
-1.6715486301782034,-1.1188645055795405,0.050732678643574336,-2.26887490388855
-1.6714064801782054,-1.1188645055795405,0.0507786817882902,-2.268982763888561
-1.6713354051782063,-1.1188183162045426,0.05075107990146066,-2.269036693888567
-1.6715486301782034,-1.1188183162045426,0.05075107990146066,-2.2689288338885554
-1.6716197051782025,-1.1188645055795405,0.05076028053040388,-2.268982763888561
-1.6714064801782054,-1.1188645055795405,0.05076028053040388,-2.26887490388855
-1.6713354051782063,-1.1190030737045342,0.0507418792725175,-2.268982763888561
-1.6714775551782044,-1.1189568843295363,0.05076028053040388,-2.269036693888567
-1.6714775551782044,-1.1188645055795405,0.05076028053040388,-2.26887490388855
-1.6714064801782054,-1.1188183162045426,0.05076028053040388,-2.269036693888567
-1.6714775551782044,-1.1187721268295445,0.0507418792725175,-2.268982763888561
-1.6715486301782034,-1.1189106949545384,0.0507418792725175,-2.2688209738885443
-1.6714064801782054,-1.1189568843295363,0.0507418792725175,-2.26887490388855
-1.6714064801782054,-1.1189106949545384,0.05076948115934704,-2.2689288338885554
-1.6715486301782034,-1.1188183162045426,0.0507418792725175,-2.268982763888561
-1.6714064801782054,-1.1190030737045342,0.050732678643574336,-2.2688209738885443
-1.6714775551782044,-1.1189568843295363,0.05076948115934704,-2.2688209738885443
-1.6714064801782054,-1.1189106949545384,0.05076028053040388,-2.26887490388855
-1.6713354051782063,-1.1188183162045426,0.0507418792725175,-2.26887490388855
-1.6715486301782034,-1.1190030737045342,0.0507418792725175,-2.26887490388855
-1.6714775551782044,-1.1189568843295363,0.05076028053040388,-2.2688209738885443
-1.6714775551782044,-1.1188183162045426,0.0507418792725175,-2.268982763888561
-1.6713354051782063,-1.1188645055795405,0.05075107990146066,-2.2691445538885784
-1.6714775551782044,-1.1188645055795405,0.05076948115934704,-2.268982763888561
-1.6714775551782044,-1.1188645055795405,0.0507418792725175,-2.268982763888561
-1.6715486301782034,-1.1188645055795405,0.05076948115934704,-2.2689288338885554
-1.6714775551782044,-1.1189106949545384,0.05076028053040388,-2.2690906238885726
-1.6714064801782054,-1.1188645055795405,0.05076028053040388,-2.268982763888561
-1.6716197051782025,-1.1190030737045342,0.05076948115934704,-2.268982763888561
-1.6715486301782034,-1.1188183162045426,0.05076028053040388,-2.2689288338885554
-1.6715486301782034,-1.1188645055795405,0.050732678643574336,-2.268982763888561
-1.6714775551782044,-1.1188645055795405,0.05075107990146066,-2.2690906238885726
-1.6714775551782044,-1.1188645055795405,0.05076028053040388,-2.2690906238885726
-1.6714064801782054,-1.1190030737045342,0.05076028053040388,-2.2689288338885554
-1.6714064801782054,-1.1188645055795405,0.05076028053040388,-2.2689288338885554
-1.6715486301782034,-1.1190030737045342,0.050723478014631174,-2.2689288338885554
-1.6715486301782034,-1.1188645055795405,0.05076948115934704,-2.2689288338885554
-1.6714775551782044,-1.1188645055795405,0.05076948115934704,-2.26887490388855
-1.6715486301782034,-1.1188645055795405,0.05075107990146066,-2.268982763888561
-1.6714064801782054,-1.1189106949545384,0.0507418792725175,-2.269036693888567
-1.6716197051782025,-1.1188645055795405,0.050732678643574336,-2.269036693888567
-1.6714064801782054,-1.1188248611892373,0.05076028053040388,-2.269036693888567
-1.6714064801782054,-1.1188710505642354,0.05076948115934704,-2.2689288338885554
-1.6714064801782054,-1.1187786718142396,0.05076028053040388,-2.26887490388855
-1.6714064801782054,-1.1188248611892373,0.050732678643574336,-2.2689288338885554
-1.6714775551782044,-1.1187786718142396,0.05076028053040388,-2.268982763888561
-1.6714064801782054,-1.1188710505642354,0.050732678643574336,-2.268982763888561
-1.6713354051782063,-1.1188710505642354,0.050732678643574336,-2.268982763888561
-1.6714064801782054,-1.119009618689229,0.05075107990146066,-2.2689288338885554
-1.6716197051782025,-1.1189172399392333,0.05076028053040388,-2.26887490388855
-1.6714064801782054,-1.1188710505642354,0.05076028053040388,-2.2689288338885554
-1.6714775551782044,-1.1188710505642354,0.05076028053040388,-2.26887490388855
-1.6714775551782044,-1.1188710505642354,0.05076028053040388,-2.2689288338885554
-1.6715486301782034,-1.1188710505642354,0.0507786817882902,-2.268982763888561
-1.6714775551782044,-1.1188248611892373,0.0507786817882902,-2.2689288338885554
-1.6714064801782054,-1.1188710505642354,0.050732678643574336,-2.268982763888561
-1.6714064801782054,-1.1188248611892373,0.050732678643574336,-2.268982763888561
-1.6713354051782063,-1.1188710505642354,0.05075107990146066,-2.26887490388855
-1.671264330178207,-1.1188710505642354,0.05075107990146066,-2.26887490388855
-1.6715486301782034,-1.1188248611892373,0.050732678643574336,-2.2689288338885554
-1.6714064801782054,-1.1189634293142312,0.05076948115934704,-2.268982763888561
-1.6716197051782025,-1.1188710505642354,0.05076028053040388,-2.26887490388855
-1.6714775551782044,-1.1188248611892373,0.05076028053040388,-2.269036693888567
-1.6714064801782054,-1.1188710505642354,0.05075107990146066,-2.26887490388855
-1.6714064801782054,-1.1188710505642354,0.05076028053040388,-2.2689288338885554
-1.6715486301782034,-1.1188710505642354,0.050732678643574336,-2.268982763888561
-1.6715486301782034,-1.119009618689229,0.05075107990146066,-2.268982763888561
-1.6714064801782054,-1.1188710505642354,0.05075107990146066,-2.268982763888561
-1.6715486301782034,-1.1188248611892373,0.05075107990146066,-2.268982763888561
-1.6714775551782044,-1.1188710505642354,0.0507418792725175,-2.268982763888561
-1.6715486301782034,-1.1188248611892373,0.05076948115934704,-2.268982763888561
-1.6714064801782054,-1.1188710505642354,0.05075107990146066,-2.268982763888561
-1.6714775551782044,-1.1188710505642354,0.05075107990146066,-2.269036693888567
-1.6714775551782044,-1.1188248611892373,0.05076948115934704,-2.2690906238885726
-1.6714775551782044,-1.1187786718142396,0.05076028053040388,-2.26887490388855
-1.6714064801782054,-1.1188248611892373,0.0507418792725175,-2.2690906238885726
-1.6714064801782054,-1.1189634293142312,0.05076028053040388,-2.2689288338885554
-1.6714064801782054,-1.1187786718142396,0.05076028053040388,-2.26887490388855
-1.6716197051782025,-1.1188248611892373,0.05075107990146066,-2.2690906238885726
-1.6714064801782054,-1.1187786718142396,0.05076028053040388,-2.268982763888561
-1.6713354051782063,-1.1188248611892373,0.05075107990146066,-2.269036693888567
-1.6714064801782054,-1.1188710505642354,0.05075107990146066,-2.268982763888561
-1.6714775551782044,-1.1188710505642354,0.05075107990146066,-2.26887490388855
-1.6713354051782063,-1.1188710505642354,0.05075107990146066,-2.2689288338885554
-1.6713354051782063,-1.1188710505642354,0.05076028053040388,-2.268982763888561
-1.6715486301782034,-1.1189634293142312,0.05075107990146066,-2.269036693888567
-1.6713354051782063,-1.1188710505642354,0.0507418792725175,-2.2690906238885726
-1.6713354051782063,-1.1188710505642354,0.05075107990146066,-2.268982763888561
-1.6715486301782034,-1.1188248611892373,0.0507418792725175,-2.268982763888561
-1.6714064801782054,-1.1188248611892373,0.05076028053040388,-2.268982763888561
-1.6714064801782054,-1.1188710505642354,0.050723478014631174,-2.268982763888561
-1.6714064801782054,-1.1189172399392333,0.0507418792725175,-2.268982763888561
-1.6714064801782054,-1.119055808064227,0.05075107990146066,-2.269036693888567
-1.6713354051782063,-1.1188710505642354,0.05075107990146066,-2.26887490388855
-1.6713354051782063,-1.1188710505642354,0.0507418792725175,-2.2690906238885726
-1.6716197051782025,-1.1189634293142312,0.0507418792725175,-2.2690906238885726
-1.671264330178207,-1.1188248611892373,0.05075107990146066,-2.269036693888567
-1.6714775551782044,-1.1188710505642354,0.05075107990146066,-2.268982763888561
-1.6714064801782054,-1.1189634293142312,0.05076028053040388,-2.2689288338885554
-1.6714064801782054,-1.1189634293142312,0.05075107990146066,-2.26887490388855
-1.6714775551782044,-1.1188710505642354,0.0507418792725175,-2.2689288338885554
-1.6714775551782044,-1.1189634293142312,0.0507418792725175,-2.268982763888561
-1.6714064801782054,-1.1188710505642354,0.05076028053040388,-2.268982763888561
-1.4598086401823818,-0.9792188617545841,0.0732217401696365,-1.9868341134310126
-1.4597375651823825,-0.9792188617545841,0.07321253954069329,-1.9871576934310466
-1.4597375651823825,-0.9791264830045883,0.0731849376538638,-1.9870498334310351
-1.4597375651823825,-0.9791726723795862,0.07321253954069329,-1.9869959034310294
-1.4599507901823798,-0.9792188617545841,0.0732217401696365,-1.9868341134310126
-1.4598797151823808,-0.9791726723795862,0.0732217401696365,-1.9870498334310351
-1.4597375651823825,-0.9790802936295904,0.0732217401696365,-1.9871576934310466
-1.4598797151823808,-0.9791264830045883,0.07320333891175013,-1.9870498334310351
-1.4598086401823818,-0.9792188617545841,0.07321253954069329,-1.9869419734310236
-1.4597375651823825,-0.9791264830045883,0.07320333891175013,-1.9868880434310179
-1.4597375651823825,-0.9791264830045883,0.07321253954069329,-1.9868880434310179
-1.4598797151823808,-0.9791264830045883,0.07321253954069329,-1.9869419734310236
-1.4597375651823825,-0.9790802936295904,0.0732217401696365,-1.9869959034310294
-1.4597375651823825,-0.9791726723795862,0.0732217401696365,-1.9869419734310236
-1.4598797151823808,-0.9791264830045883,0.0732217401696365,-1.9869419734310236
-1.4597375651823825,-0.9791726723795862,0.0732217401696365,-1.9869959034310294
-1.4597375651823825,-0.9791726723795862,0.0732217401696365,-1.9867801834310068
-1.4597375651823825,-0.9792188617545841,0.07320333891175013,-1.987211623431052
-1.4597375651823825,-0.9791726723795862,0.0732217401696365,-1.9871576934310466
-1.4597375651823825,-0.9791264830045883,0.0732217401696365,-1.9869959034310294
-1.4597375651823825,-0.9791726723795862,0.07321253954069329,-1.9868880434310179
-1.4598086401823818,-0.9791726723795862,0.07321253954069329,-1.9870498334310351
-1.4600218651823789,-0.9791264830045883,0.07320333891175013,-1.9870498334310351
-1.4600218651823789,-0.9791726723795862,0.07323094079857967,-1.9868880434310179
-1.4598086401823818,-0.9790802936295904,0.07321253954069329,-1.9870498334310351
-1.4597375651823825,-0.9791726723795862,0.07323094079857967,-1.9869419734310236
-1.4598797151823808,-0.9791264830045883,0.07321253954069329,-1.9868341134310126
-1.4597375651823825,-0.9791264830045883,0.0732217401696365,-1.9870498334310351
-1.4597375651823825,-0.9791264830045883,0.07321253954069329,-1.9868880434310179
-1.4598086401823818,-0.9792188617545841,0.07320333891175013,-1.9869419734310236
-1.4597375651823825,-0.9792188617545841,0.07320333891175013,-1.9869959034310294
-1.460164015182377,-0.9791264830045883,0.07321253954069329,-1.9869959034310294
-1.4597375651823825,-0.9792188617545841,0.07323094079857967,-1.9871576934310466
-1.4598797151823808,-0.9791726723795862,0.0732217401696365,-1.9870498334310351
-1.4600218651823789,-0.9791264830045883,0.07324014142752283,-1.9869419734310236
-1.4598797151823808,-0.9791264830045883,0.07321253954069329,-1.9868341134310126
-1.4599507901823798,-0.9791726723795862,0.07323094079857967,-1.9870498334310351
-1.4598797151823808,-0.9791726723795862,0.07321253954069329,-1.9867801834310068
-1.4598086401823818,-0.9791264830045883,0.07323094079857967,-1.9869959034310294
-1.4598797151823808,-0.9791264830045883,0.07321253954069329,-1.9870498334310351
-1.4598797151823808,-0.9792188617545841,0.0732217401696365,-1.9869959034310294
-1.4598797151823808,-0.9791726723795862,0.0732217401696365,-1.9871576934310466
-1.4597375651823825,-0.9791726723795862,0.07323094079857967,-1.9869959034310294
-1.4598797151823808,-0.9792188617545841,0.07321253954069329,-1.9871576934310466
-1.4597375651823825,-0.9790341042545923,0.0732217401696365,-1.9871576934310466
-1.4598797151823808,-0.9791264830045883,0.07321253954069329,-1.9869419734310236
-1.4598086401823818,-0.9791264830045883,0.07323094079857967,-1.9868880434310179
-1.4597375651823825,-0.9791264830045883,0.07321253954069329,-1.9869959034310294
-1.4599507901823798,-0.9792188617545841,0.07321253954069329,-1.9870498334310351
-1.4598086401823818,-0.9791726723795862,0.0732217401696365,-1.9868341134310126
-1.4598086401823818,-0.9791726723795862,0.07321253954069329,-1.9870498334310351
-1.4600218651823789,-0.9791726723795862,0.07321253954069329,-1.9869419734310236
-1.4598797151823808,-0.9791264830045883,0.07321253954069329,-1.9869419734310236
-1.4597375651823825,-0.9792188617545841,0.07321253954069329,-1.9869959034310294
-1.4599507901823798,-0.9791264830045883,0.07323094079857967,-1.987103763431041
-1.4598797151823808,-0.9791264830045883,0.07323094079857967,-1.9869419734310236
-1.4597375651823825,-0.9791264830045883,0.07319413828280696,-1.9869959034310294
-1.4598797151823808,-0.979265051129582,0.07321253954069329,-1.9871576934310466
-1.4598797151823808,-0.9791726723795862,0.0732217401696365,-1.987211623431052
-1.4600218651823789,-0.9790802936295904,0.07323094079857967,-1.9868880434310179
-1.4598797151823808,-0.9792188617545841,0.0732217401696365,-1.9869419734310236
-1.4599507901823798,-0.9791264830045883,0.07321253954069329,-1.9869419734310236
-1.4597375651823825,-0.9792188617545841,0.07320333891175013,-1.9870498334310351
-1.4598797151823808,-0.9790802936295904,0.07323094079857967,-1.9869419734310236
-1.4598797151823808,-0.9791726723795862,0.07321253954069329,-1.9869959034310294
-1.4599507901823798,-0.9791264830045883,0.07321253954069329,-1.9869419734310236
-1.4597375651823825,-0.9791264830045883,0.07321253954069329,-1.9869959034310294
-1.4598797151823808,-0.9792188617545841,0.07321253954069329,-1.9869419734310236
-1.4600218651823789,-0.9791264830045883,0.0732217401696365,-1.9868880434310179
-1.4599507901823798,-0.9791264830045883,0.07321253954069329,-1.9869419734310236
-1.4597375651823825,-0.9790802936295904,0.07323094079857967,-1.9869959034310294
-1.4598797151823808,-0.9791264830045883,0.07323094079857967,-1.9868341134310126
-1.4597375651823825,-0.9791264830045883,0.0732217401696365,-1.9869959034310294
-1.4598797151823808,-0.9792188617545841,0.07325854268540921,-1.9868880434310179
-1.4599507901823798,-0.9791726723795862,0.07321253954069329,-1.9869959034310294
-1.4598797151823808,-0.9792254067392789,0.07320333891175013,-1.9871576934310466
-1.4596664901823835,-0.9791592079280631,0.07321253954069329,-1.9869419734310236
-1.4599507901823798,-0.9791592079280631,0.0732217401696365,-1.9869419734310236
-1.4600218651823789,-0.9792515866780589,0.07323094079857967,-1.987103763431041
-1.4597375651823825,-0.9792515866780589,0.07319413828280696,-1.9869419734310236
-1.4599507901823798,-0.9793439654280547,0.07321253954069329,-1.987211623431052
-1.4600218651823789,-0.9791592079280631,0.07321253954069329,-1.9869959034310294
-1.4598797151823808,-0.979205397303061,0.07321253954069329,-1.987103763431041
-1.4598797151823808,-0.9791592079280631,0.07323094079857967,-1.9869959034310294
-1.4598797151823808,-0.9792977760530568,0.07321253954069329,-1.9869419734310236
-1.4598086401823818,-0.979205397303061,0.07320333891175013,-1.9869959034310294
-1.4598797151823808,-0.9791592079280631,0.0732217401696365,-1.9869419734310236
-1.4598797151823808,-0.9792515866780589,0.07323094079857967,-1.9869419734310236
-1.4599507901823798,-0.9792977760530568,0.07324014142752283,-1.9870498334310351
-1.4598797151823808,-0.9792515866780589,0.07323094079857967,-1.9869959034310294
-1.4599507901823798,-0.9791130185530652,0.07320333891175013,-1.9868880434310179
-1.4599507901823798,-0.979205397303061,0.0732217401696365,-1.9868880434310179
-1.4598086401823818,-0.9792515866780589,0.07323094079857967,-1.9869419734310236
-1.4598797151823808,-0.9792515866780589,0.0732217401696365,-1.9870498334310351
-1.4599507901823798,-0.9791592079280631,0.07321253954069329,-1.9871576934310466
-1.4599507901823798,-0.9792515866780589,0.07323094079857967,-1.9869419734310236
-1.4600218651823789,-0.9791130185530652,0.07321253954069329,-1.9869959034310294
-1.4598797151823808,-0.979205397303061,0.0732217401696365,-1.9871576934310466
-1.4598797151823808,-0.9793043210377518,0.07321253954069329,-1.9869419734310236
-1.4598086401823818,-0.979211942287756,0.0732217401696365,-1.9871576934310466
-1.4596664901823835,-0.979211942287756,0.073249342056466,-1.9869959034310294
-1.4598797151823808,-0.9791592079280631,0.07321253954069329,-1.9869959034310294
-1.4598797151823808,-0.979205397303061,0.0732217401696365,-1.9870498334310351
-1.4598797151823808,-0.9792515866780589,0.07323094079857967,-1.9869959034310294
-1.4599507901823798,-0.979205397303061,0.07323094079857967,-1.9868880434310179
-1.4598797151823808,-0.9792977760530568,0.0732217401696365,-1.987211623431052
-1.4597375651823825,-0.979205397303061,0.0732217401696365,-1.9871576934310466
-1.4598797151823808,-0.9792515866780589,0.0732217401696365,-1.9868880434310179
-1.4598797151823808,-0.9792515866780589,0.07321253954069329,-1.9871576934310466
-1.4598797151823808,-0.9792515866780589,0.0732217401696365,-1.9869419734310236
-1.4598797151823808,-0.9792515866780589,0.07321253954069329,-1.987103763431041
-1.4597375651823825,-0.9792515866780589,0.073249342056466,-1.9870498334310351
-1.4598797151823808,-0.979205397303061,0.07321253954069329,-1.9869419734310236
-1.4598086401823818,-0.979205397303061,0.07321253954069329,-1.9870498334310351
-1.4598797151823808,-0.9791592079280631,0.07321253954069329,-1.9870498334310351
-1.4600218651823789,-0.979205397303061,0.07323094079857967,-1.9868880434310179
-1.4599507901823798,-0.979205397303061,0.07319413828280696,-1.9869419734310236
-1.4598797151823808,-0.9792977760530568,0.0732217401696365,-1.9869419734310236
-1.4598086401823818,-0.979205397303061,0.07321253954069329,-1.9871576934310466
-1.4597375651823825,-0.979205397303061,0.07321253954069329,-1.9868880434310179
-1.4598086401823818,-0.9793439654280547,0.0732217401696365,-1.9870498334310351
-1.4599507901823798,-0.9791592079280631,0.07323094079857967,-1.9871576934310466
-1.4599507901823798,-0.9792977760530568,0.0731849376538638,-1.9869419734310236
-1.4598797151823808,-0.9792515866780589,0.07321253954069329,-1.9869419734310236
-1.4598086401823818,-0.979205397303061,0.07321253954069329,-1.9869959034310294
-1.4597375651823825,-0.9792581316627539,0.0732217401696365,-1.9868341134310126
-1.4600218651823789,-0.9792581316627539,0.07323094079857967,-1.9869419734310236
-1.4598797151823808,-0.979211942287756,0.07323094079857967,-1.9869419734310236
-1.4598086401823818,-0.9792515866780589,0.07320333891175013,-1.9869959034310294
-1.4600218651823789,-0.9792977760530568,0.07323094079857967,-1.9869419734310236
-1.460092940182378,-0.9792977760530568,0.07321253954069329,-1.9870498334310351
-1.4597375651823825,-0.9792515866780589,0.07321253954069329,-1.9870498334310351
-1.4598797151823808,-0.9792515866780589,0.07321253954069329,-1.9869419734310236
-1.4600218651823789,-0.9792515866780589,0.0732217401696365,-1.9871576934310466
-1.4600218651823789,-0.979205397303061,0.07320333891175013,-1.9869419734310236
-1.4598086401823818,-0.9792515866780589,0.07323094079857967,-1.9869959034310294
-1.4597375651823825,-0.9790668291780673,0.07320333891175013,-1.9869419734310236
-1.4600218651823789,-0.9791592079280631,0.0732217401696365,-1.9869959034310294
-1.4598797151823808,-0.9791592079280631,0.07320333891175013,-1.9869959034310294
-1.4599507901823798,-0.9791592079280631,0.07321253954069329,-1.9869419734310236
-1.4599507901823798,-0.979211942287756,0.07323094079857967,-1.9871576934310466
-1.4599507901823798,-0.9792581316627539,0.0731849376538638,-1.987103763431041
-1.4600218651823789,-0.9792581316627539,0.07319413828280696,-1.9871576934310466
-1.4600218651823789,-0.9792581316627539,0.07323094079857967,-1.9870498334310351
-1.4599507901823798,-0.9792581316627539,0.07321253954069329,-1.9870498334310351
-1.4598797151823808,-0.9792581316627539,0.07320333891175013,-1.9869419734310236
-1.4599507901823798,-0.9792581316627539,0.07321253954069329,-1.9870498334310351
-1.4597375651823825,-0.9792977760530568,0.07323094079857967,-1.9869959034310294
-1.4598086401823818,-0.9793439654280547,0.07323094079857967,-1.9869419734310236
-1.4598797151823808,-0.9792515866780589,0.07320333891175013,-1.9869419734310236
-1.4598086401823818,-0.9792515866780589,0.07321253954069329,-1.9869959034310294
-1.4598797151823808,-0.9792515866780589,0.07323094079857967,-1.9869959034310294
-1.4598797151823808,-0.979205397303061,0.07323094079857967,-1.9870498334310351
-1.4597375651823825,-0.9792515866780589,0.07321253954069329,-1.9870498334310351
-1.4598797151823808,-0.9792515866780589,0.07321253954069329,-1.9869959034310294
-1.4597375651823825,-0.9792515866780589,0.0732217401696365,-1.9871576934310466
-1.4598797151823808,-0.979205397303061,0.07321253954069329,-1.9868880434310179
-1.4600218651823789,-0.9792515866780589,0.07321253954069329,-1.9869959034310294
-1.4599507901823798,-0.9792515866780589,0.07321253954069329,-1.9869419734310236
-1.4598797151823808,-0.979205397303061,0.07323094079857967,-1.9871576934310466
-1.4597375651823825,-0.9790668291780673,0.07323094079857967,-1.9870498334310351
-1.4599507901823798,-0.9791130185530652,0.0732217401696365,-1.9871576934310466
-1.4598797151823808,-0.979211942287756,0.07321253954069329,-1.9869959034310294
-1.4600218651823789,-0.9792581316627539,0.0732217401696365,-1.9870498334310351
-1.4600218651823789,-0.9792581316627539,0.0732217401696365,-1.9869419734310236
-1.4599507901823798,-0.9793043210377518,0.07323094079857967,-1.9868880434310179
-1.4598086401823818,-0.9793043210377518,0.07323094079857967,-1.9870498334310351
-1.4598086401823818,-0.979211942287756,0.073249342056466,-1.9870498334310351
-1.4598086401823818,-0.979205397303061,0.07321253954069329,-1.9869419734310236
-1.4599507901823798,-0.9792515866780589,0.07320333891175013,-1.9871576934310466
-1.4600218651823789,-0.9790668291780673,0.07321253954069329,-1.9869959034310294
-1.4599507901823798,-0.9792515866780589,0.07321253954069329,-1.9869419734310236
-1.4598797151823808,-0.979205397303061,0.0732217401696365,-1.9871576934310466
-1.4599507901823798,-0.9793901548030528,0.07323094079857967,-1.9869959034310294
-1.4599507901823798,-0.979205397303061,0.0732217401696365,-1.9870498334310351
-1.4600218651823789,-0.9792515866780589,0.07319413828280696,-1.9868880434310179
-1.4600218651823789,-0.979205397303061,0.0732217401696365,-1.9870498334310351
-1.4598797151823808,-0.979205397303061,0.0732217401696365,-1.9869419734310236
-1.4599507901823798,-0.9792977760530568,0.07323094079857967,-1.9870498334310351
-1.4598797151823808,-0.9792515866780589,0.07321253954069329,-1.9869959034310294
-1.4598797151823808,-0.9792977760530568,0.0732217401696365,-1.9869419734310236
-1.4599507901823798,-0.979205397303061,0.07321253954069329,-1.9868880434310179
-1.4598797151823808,-0.9792515866780589,0.07321253954069329,-1.9870498334310351
-1.4598797151823808,-0.979205397303061,0.07323094079857967,-1.9869419734310236
-1.4599507901823798,-0.9791592079280631,0.07323094079857967,-1.9869959034310294
-1.4600218651823789,-0.9791592079280631,0.07321253954069329,-1.9869959034310294
-1.4597375651823825,-0.9792515866780589,0.07321253954069329,-1.9869959034310294
-1.4598797151823808,-0.9792515866780589,0.07323094079857967,-1.9869419734310236
-1.4597375651823825,-0.9791592079280631,0.07320333891175013,-1.9871576934310466
-1.4598086401823818,-0.9793439654280547,0.07321253954069329,-1.9869959034310294
-1.4598797151823808,-0.9791592079280631,0.0731849376538638,-1.9871576934310466
-1.4600218651823789,-0.9792977760530568,0.07321253954069329,-1.9870498334310351
-1.4599507901823798,-0.9791592079280631,0.07321253954069329,-1.9869959034310294
-1.4598797151823808,-0.9792515866780589,0.07321253954069329,-1.9869419734310236
-1.4598086401823818,-0.979205397303061,0.07321253954069329,-1.9869419734310236
-1.4600218651823789,-0.9791592079280631,0.07321253954069329,-1.9870498334310351
-1.4600218651823789,-0.9791592079280631,0.0732217401696365,-1.9871576934310466
-1.4598797151823808,-0.9792515866780589,0.0732217401696365,-1.9870498334310351
-1.4598797151823808,-0.9792515866780589,0.07319413828280696,-1.9869419734310236
-1.4598086401823818,-0.9792515866780589,0.07321253954069329,-1.9869959034310294
-1.4600218651823789,-0.9790668291780673,0.0732217401696365,-1.9869959034310294
-1.4600218651823789,-0.9792515866780589,0.0732217401696365,-1.9869959034310294
-1.4598797151823808,-0.9792515866780589,0.07321253954069329,-1.9869959034310294
-1.4599507901823798,-0.9792977760530568,0.07321253954069329,-1.9871576934310466
-1.4598797151823808,-0.9791592079280631,0.07323094079857967,-1.9870498334310351
-1.460092940182378,-0.9792977760530568,0.0732217401696365,-1.9869959034310294
-1.4598797151823808,-0.9791592079280631,0.07323094079857967,-1.9869419734310236
-1.4598797151823808,-0.9792977760530568,0.07321253954069329,-1.9870498334310351
-1.4598797151823808,-0.9792515866780589,0.0732217401696365,-1.9869959034310294
-1.4598086401823818,-0.9791592079280631,0.073249342056466,-1.9869959034310294
-1.4599507901823798,-0.9792515866780589,0.07321253954069329,-1.9869419734310236
-1.4600218651823789,-0.9792515866780589,0.07325854268540921,-1.9869419734310236
-1.4600218651823789,-0.979205397303061,0.07321253954069329,-1.9869419734310236
-1.4600218651823789,-0.9792515866780589,0.07321253954069329,-1.9871576934310466
-1.4598797151823808,-0.9792515866780589,0.0732217401696365,-1.9869959034310294
-1.4597375651823825,-0.979205397303061,0.0732217401696365,-1.9868880434310179
-1.4598797151823808,-0.9792977760530568,0.07323094079857967,-1.9869959034310294
-1.4600218651823789,-0.979205397303061,0.073249342056466,-1.9869959034310294
-1.4600218651823789,-0.979205397303061,0.07323094079857967,-1.9869419734310236
-1.4600218651823789,-0.979205397303061,0.07325854268540921,-1.9868880434310179
-1.4598797151823808,-0.9792515866780589,0.073249342056466,-1.9869959034310294
-1.4600218651823789,-0.9792977760530568,0.07321253954069329,-1.9871576934310466
-1.4599507901823798,-0.9792515866780589,0.07321253954069329,-1.9869959034310294
-1.4600218651823789,-0.9792515866780589,0.0732217401696365,-1.9870498334310351
-1.4599507901823798,-0.979205397303061,0.0732217401696365,-1.9870498334310351
-1.4600218651823789,-0.9791592079280631,0.07323094079857967,-1.9869419734310236
-1.4599507901823798,-0.9792515866780589,0.07321253954069329,-1.9870498334310351
-1.4600218651823789,-0.9792581316627539,0.07319413828280696,-1.9872655534310577
-1.4599507901823798,-0.979205397303061,0.07323094079857967,-1.9871576934310466
-1.4599507901823798,-0.9792977760530568,0.07324014142752283,-1.9871576934310466
-1.4598797151823808,-0.9791592079280631,0.07319413828280696,-1.9871576934310466
-1.4600218651823789,-0.9792515866780589,0.0732217401696365,-1.9869419734310236
-1.4597375651823825,-0.979205397303061,0.07323094079857967,-1.987103763431041
-1.4600218651823789,-0.9792515866780589,0.07321253954069329,-1.9869419734310236
-1.4599507901823798,-0.9792515866780589,0.0732217401696365,-1.9869959034310294
-1.4599507901823798,-0.9793439654280547,0.07324014142752283,-1.9868880434310179
-1.4598797151823808,-0.9792515866780589,0.07321253954069329,-1.9870498334310351
-1.4599507901823798,-0.9792515866780589,0.07323094079857967,-1.9869959034310294
-1.4598797151823808,-0.9792515866780589,0.07320333891175013,-1.9869959034310294
-1.4597375651823825,-0.979205397303061,0.0732217401696365,-1.9870498334310351
-1.4600218651823789,-0.9792977760530568,0.07323094079857967,-1.9870498334310351
-1.4599507901823798,-0.9791130185530652,0.07319413828280696,-1.9869959034310294
-1.4599507901823798,-0.9793439654280547,0.07321253954069329,-1.9869419734310236
-1.4600218651823789,-0.9792515866780589,0.07319413828280696,-1.9869959034310294
-1.4599507901823798,-0.9792515866780589,0.07321253954069329,-1.987211623431052
-1.4599507901823798,-0.9793043210377518,0.07321253954069329,-1.987211623431052
-1.4598797151823808,-0.9792515866780589,0.07320333891175013,-1.9869959034310294
-1.4598086401823818,-0.9791592079280631,0.07321253954069329,-1.9870498334310351
-1.4600218651823789,-0.9792515866780589,0.07320333891175013,-1.987211623431052
-1.4599507901823798,-0.9791657529127581,0.0732217401696365,-1.9870498334310351
-1.2516895835335795,-0.839669520289387,0.09543272595152996,-1.7030710686651627
-1.2516185085335805,-0.839623330914389,0.09543272595152996,-1.7032867886651852
-1.2517606585335785,-0.8397157096643849,0.09544192658047318,-1.7030710686651627
-1.2516185085335805,-0.839669520289387,0.09543272595152996,-1.7030710686651627
-1.2517606585335785,-0.8397618990393828,0.0954235253225868,-1.7030710686651627
-1.2516185085335805,-0.839623330914389,0.09544192658047318,-1.7032328586651795
-1.2516895835335795,-0.839623330914389,0.09545112720941634,-1.7031249986651684
-1.2516895835335795,-0.839669520289387,0.09543272595152996,-1.7031249986651684
-1.2516185085335805,-0.8395771415393911,0.09543272595152996,-1.7031249986651684
-1.2517606585335785,-0.839623330914389,0.09544192658047318,-1.7031789286651742
-1.2515474335335814,-0.839669520289387,0.09543272595152996,-1.7031789286651742
-1.2516185085335805,-0.8397157096643849,0.09545112720941634,-1.7031249986651684
-1.2517606585335785,-0.8397157096643849,0.09543272595152996,-1.7031249986651684
-1.2516185085335805,-0.8397157096643849,0.09544192658047318,-1.7031249986651684
-1.2516185085335805,-0.839669520289387,0.09544192658047318,-1.703017138665157
-1.2516895835335795,-0.8397157096643849,0.09544192658047318,-1.7032867886651852
-1.2516895835335795,-0.8397157096643849,0.0954603278383595,-1.7030710686651627
-1.2515474335335814,-0.839669520289387,0.09544192658047318,-1.7031249986651684
-1.2516185085335805,-0.839623330914389,0.0954235253225868,-1.7030710686651627
-1.2516895835335795,-0.839669520289387,0.09545112720941634,-1.7032867886651852
-1.2515474335335814,-0.839669520289387,0.0954235253225868,-1.7031249986651684
-1.2516185085335805,-0.8397618990393828,0.09541432469364364,-1.7032328586651795
-1.2517606585335785,-0.839669520289387,0.09543272595152996,-1.7031789286651742
-1.2516185085335805,-0.8395309521643932,0.09545112720941634,-1.703017138665157
-1.2518317335335776,-0.8397157096643849,0.09545112720941634,-1.7030710686651627
-1.2515474335335814,-0.8395309521643932,0.09545112720941634,-1.7031789286651742
-1.2517606585335785,-0.8397157096643849,0.09543272595152996,-1.7031789286651742
-1.2516185085335805,-0.839623330914389,0.09544192658047318,-1.7032867886651852
-1.2516895835335795,-0.8397157096643849,0.09544192658047318,-1.7030710686651627
-1.2516185085335805,-0.839669520289387,0.09545112720941634,-1.7031249986651684
-1.2515474335335814,-0.839623330914389,0.09543272595152996,-1.7031789286651742
-1.2516185085335805,-0.839623330914389,0.09543272595152996,-1.7030710686651627
-1.2514763585335824,-0.8397157096643849,0.09545112720941634,-1.7030710686651627
-1.2516895835335795,-0.839623330914389,0.09545112720941634,-1.7030710686651627
-1.2517606585335785,-0.839669520289387,0.09543272595152996,-1.7032328586651795
-1.2514763585335824,-0.839669520289387,0.09544192658047318,-1.7030710686651627
-1.2516185085335805,-0.839623330914389,0.09544192658047318,-1.703017138665157
-1.2514763585335824,-0.8397157096643849,0.09545112720941634,-1.7031249986651684
-1.2517606585335785,-0.839669520289387,0.09543272595152996,-1.7031789286651742
-1.2516185085335805,-0.8397618990393828,0.09545112720941634,-1.7029092786651454
-1.2514763585335824,-0.8395771415393911,0.0954235253225868,-1.7032867886651852
-1.2516185085335805,-0.839669520289387,0.09545112720941634,-1.7031789286651742
-1.2515474335335814,-0.839623330914389,0.09543272595152996,-1.7031789286651742
-1.2516185085335805,-0.839623330914389,0.09543272595152996,-1.7030710686651627
-1.2515474335335814,-0.839623330914389,0.09545112720941634,-1.703017138665157
-1.2516895835335795,-0.8397157096643849,0.09544192658047318,-1.7030710686651627
-1.2515474335335814,-0.8397157096643849,0.09543272595152996,-1.7032328586651795
-1.2515474335335814,-0.8397157096643849,0.09544192658047318,-1.7031249986651684
-1.2515474335335814,-0.8397157096643849,0.09543272595152996,-1.7032867886651852
-1.2517606585335785,-0.839669520289387,0.09544192658047318,-1.7030710686651627
-1.2516185085335805,-0.8395771415393911,0.09543272595152996,-1.7031789286651742
-1.2516895835335795,-0.8397157096643849,0.09543272595152996,-1.7030710686651627
-1.2515474335335814,-0.8397157096643849,0.09544192658047318,-1.7032867886651852
-1.2516185085335805,-0.8397157096643849,0.09543272595152996,-1.7032328586651795
-1.2514763585335824,-0.8397157096643849,0.09546952846730267,-1.7030710686651627
-1.2516895835335795,-0.8397157096643849,0.09545112720941634,-1.7032867886651852
-1.2516185085335805,-0.839669520289387,0.09545112720941634,-1.7031249986651684
-1.2515474335335814,-0.8397157096643849,0.09545112720941634,-1.7029632086651512
-1.2515474335335814,-0.839669520289387,0.09544192658047318,-1.703017138665157
-1.2516185085335805,-0.839623330914389,0.09544192658047318,-1.7030710686651627
-1.2514763585335824,-0.8395309521643932,0.09545112720941634,-1.7029632086651512
-1.2515474335335814,-0.839623330914389,0.09545112720941634,-1.7031789286651742
-1.2515474335335814,-0.839623330914389,0.09545112720941634,-1.7031789286651742
-1.2516185085335805,-0.8397157096643849,0.09543272595152996,-1.7032867886651852
-1.2514763585335824,-0.839623330914389,0.09545112720941634,-1.7030710686651627
-1.2516185085335805,-0.839669520289387,0.09547872909624588,-1.7032867886651852
-1.2516895835335795,-0.839669520289387,0.0954603278383595,-1.7032867886651852
-1.2515474335335814,-0.8397618990393828,0.0954235253225868,-1.703340718665191
-1.2516185085335805,-0.839669520289387,0.09543272595152996,-1.7031789286651742
-1.2515474335335814,-0.8397618990393828,0.09545112720941634,-1.7031789286651742
-1.2515474335335814,-0.839669520289387,0.09543272595152996,-1.703017138665157
-1.2516185085335805,-0.839623330914389,0.0954603278383595,-1.7031789286651742
-1.2516185085335805,-0.8397157096643849,0.09543272595152996,-1.7031789286651742
-1.2516895835335795,-0.839669520289387,0.09544192658047318,-1.7031249986651684
-1.2516185085335805,-0.839623330914389,0.09544192658047318,-1.7032867886651852
-1.2516185085335805,-0.8397157096643849,0.09543272595152996,-1.7031789286651742
-1.2515474335335814,-0.8397157096643849,0.09545112720941634,-1.7031249986651684
-1.2516895835335795,-0.839669520289387,0.09544192658047318,-1.7031789286651742
-1.2517606585335785,-0.8397157096643849,0.0954603278383595,-1.7031249986651684
-1.2515474335335814,-0.8397157096643849,0.09543272595152996,-1.7031789286651742
-1.2516185085335805,-0.839623330914389,0.09544192658047318,-1.703340718665191
-1.2515474335335814,-0.839623330914389,0.09543272595152996,-1.7031249986651684
-1.2516185085335805,-0.8397157096643849,0.0954603278383595,-1.7031789286651742
-1.2516185085335805,-0.8397157096643849,0.09544192658047318,-1.7030710686651627
-1.2516185085335805,-0.8397157096643849,0.09545112720941634,-1.7032867886651852
-1.2516185085335805,-0.839669520289387,0.09544192658047318,-1.7030710686651627
-1.2516895835335795,-0.839669520289387,0.09546952846730267,-1.7032328586651795
-1.2516895835335795,-0.8397157096643849,0.09545112720941634,-1.7031789286651742
-1.2516185085335805,-0.839669520289387,0.09544192658047318,-1.7031249986651684
-1.2516895835335795,-0.839669520289387,0.09544192658047318,-1.7032867886651852
-1.2516895835335795,-0.839669520289387,0.09544192658047318,-1.7030710686651627
-1.2515474335335814,-0.839623330914389,0.09544192658047318,-1.7031249986651684
-1.2515474335335814,-0.839669520289387,0.0954235253225868,-1.7031789286651742
-1.2516185085335805,-0.8395771415393911,0.09545112720941634,-1.7032867886651852
-1.2516895835335795,-0.8398080884143807,0.09544192658047318,-1.703017138665157
-1.2515474335335814,-0.839669520289387,0.09544192658047318,-1.7031789286651742
-1.2515474335335814,-0.839623330914389,0.09543272595152996,-1.7032867886651852
-1.2515474335335814,-0.8397157096643849,0.09544192658047318,-1.7031789286651742
-1.2516185085335805,-0.8397157096643849,0.09545112720941634,-1.7032867886651852
-1.2516185085335805,-0.8397618990393828,0.0954603278383595,-1.7031249986651684
-1.2516185085335805,-0.839669520289387,0.09545112720941634,-1.7031789286651742
-1.2513342085335841,-0.839669520289387,0.09544192658047318,-1.7030710686651627
-1.2515474335335814,-0.839669520289387,0.09545112720941634,-1.7032328586651795
-1.2516185085335805,-0.839669520289387,0.09545112720941634,-1.7032867886651852
-1.2518317335335776,-0.8395309521643932,0.09544192658047318,-1.7031249986651684
-1.2514763585335824,-0.8395771415393911,0.09544192658047318,-1.7031249986651684
-1.2516895835335795,-0.8397157096643849,0.09545112720941634,-1.7031249986651684
-1.2513342085335841,-0.839623330914389,0.09546952846730267,-1.7032328586651795
-1.2516185085335805,-0.8397157096643849,0.0954235253225868,-1.7032867886651852
-1.2515474335335814,-0.8397618990393828,0.09544192658047318,-1.7031249986651684
-1.2516185085335805,-0.8397157096643849,0.0954603278383595,-1.7031249986651684
-1.2516185085335805,-0.839623330914389,0.09544192658047318,-1.703017138665157
-1.2516895835335795,-0.839623330914389,0.09545112720941634,-1.7031249986651684
-1.2516185085335805,-0.839669520289387,0.09544192658047318,-1.7031789286651742
-1.2516185085335805,-0.839669520289387,0.09545112720941634,-1.7030710686651627
-1.2516185085335805,-0.8397157096643849,0.09543272595152996,-1.7032328586651795
-1.2515474335335814,-0.839623330914389,0.09545112720941634,-1.7030710686651627
-1.2514763585335824,-0.8397618990393828,0.09545112720941634,-1.7031249986651684
-1.2516185085335805,-0.839669520289387,0.09544192658047318,-1.7031249986651684
-1.2516185085335805,-0.8397157096643849,0.09544192658047318,-1.7031789286651742
-1.2515474335335814,-0.839669520289387,0.09543272595152996,-1.7031249986651684
-1.2514763585335824,-0.8397157096643849,0.09544192658047318,-1.7031249986651684
-1.2515474335335814,-0.839669520289387,0.09545112720941634,-1.7031249986651684
-1.2516185085335805,-0.8397157096643849,0.09544192658047318,-1.7030710686651627
-1.2516185085335805,-0.8397157096643849,0.09543272595152996,-1.7031789286651742
-1.2513342085335841,-0.8397157096643849,0.09545112720941634,-1.7032867886651852
-1.2516185085335805,-0.8397157096643849,0.09545112720941634,-1.703017138665157
-1.2514763585335824,-0.839623330914389,0.09545112720941634,-1.7030710686651627
-1.2517606585335785,-0.8397157096643849,0.0954603278383595,-1.7031249986651684
-1.2516895835335795,-0.839623330914389,0.09545112720941634,-1.7030710686651627
-1.2516185085335805,-0.839623330914389,0.09544192658047318,-1.703340718665191
-1.2515474335335814,-0.8397157096643849,0.09545112720941634,-1.7032867886651852
-1.2517606585335785,-0.8397157096643849,0.09545112720941634,-1.7031249986651684
-1.2515474335335814,-0.839669520289387,0.09543272595152996,-1.7032867886651852
-1.2518317335335776,-0.8397618990393828,0.0954603278383595,-1.7031789286651742
-1.2517606585335785,-0.8397157096643849,0.09545112720941634,-1.7032867886651852
-1.2515474335335814,-0.8397157096643849,0.09545112720941634,-1.7031249986651684
-1.2515474335335814,-0.8397157096643849,0.0954603278383595,-1.7031249986651684
-1.2514763585335824,-0.8397618990393828,0.0954235253225868,-1.7032867886651852
-1.2516895835335795,-0.839669520289387,0.0954603278383595,-1.7031789286651742
-1.2516185085335805,-0.8397618990393828,0.09545112720941634,-1.7031249986651684
-1.2514763585335824,-0.839623330914389,0.09545112720941634,-1.7032867886651852
-1.2516185085335805,-0.839669520289387,0.09544192658047318,-1.7031789286651742
-1.2514763585335824,-0.8397157096643849,0.09546952846730267,-1.7030710686651627
-1.2514763585335824,-0.839669520289387,0.09545112720941634,-1.7030710686651627
-1.2515474335335814,-0.839669520289387,0.09545112720941634,-1.7031249986651684
-1.2516185085335805,-0.839669520289387,0.0954603278383595,-1.7031789286651742
-1.2516895835335795,-0.839669520289387,0.09544192658047318,-1.703017138665157
-1.2515474335335814,-0.839623330914389,0.09545112720941634,-1.7032867886651852
-1.2516895835335795,-0.8397157096643849,0.09543272595152996,-1.7031789286651742
-1.2516185085335805,-0.839669520289387,0.09545112720941634,-1.7031249986651684
-1.2516185085335805,-0.839669520289387,0.09545112720941634,-1.7031249986651684
-1.2515474335335814,-0.8395771415393911,0.09544192658047318,-1.7031789286651742
-1.2514763585335824,-0.839623330914389,0.09544192658047318,-1.7032328586651795
-1.2516895835335795,-0.839669520289387,0.0954603278383595,-1.7031249986651684
-1.2516185085335805,-0.839623330914389,0.09544192658047318,-1.703340718665191
-1.2514763585335824,-0.839669520289387,0.09545112720941634,-1.7031249986651684
-1.2516185085335805,-0.839669520289387,0.09545112720941634,-1.7032867886651852
-1.2516185085335805,-0.839669520289387,0.09545112720941634,-1.7032867886651852
-1.2517606585335785,-0.8397157096643849,0.09545112720941634,-1.7031249986651684
-1.2516185085335805,-0.8397157096643849,0.09544192658047318,-1.7032867886651852
-1.2513342085335841,-0.839669520289387,0.0954235253225868,-1.7031789286651742
-1.2515474335335814,-0.8397157096643849,0.0954603278383595,-1.7031249986651684
-1.2515474335335814,-0.8397157096643849,0.09545112720941634,-1.7031249986651684
-1.2514763585335824,-0.839669520289387,0.09544192658047318,-1.703340718665191
-1.2516185085335805,-0.8395771415393911,0.09543272595152996,-1.7031789286651742
-1.2516185085335805,-0.839623330914389,0.09544192658047318,-1.7030710686651627
-1.2516185085335805,-0.8397157096643849,0.09543272595152996,-1.7032867886651852
-1.2516895835335795,-0.839669520289387,0.0954603278383595,-1.7031789286651742
-1.2516185085335805,-0.8397157096643849,0.09543272595152996,-1.7030710686651627
-1.2514763585335824,-0.8398080884143807,0.0954603278383595,-1.7030710686651627
-1.2515474335335814,-0.839623330914389,0.09545112720941634,-1.7031249986651684
-1.2516185085335805,-0.839669520289387,0.09544192658047318,-1.7030710686651627
-1.2515474335335814,-0.839669520289387,0.09545112720941634,-1.7030710686651627
-1.2515474335335814,-0.8397157096643849,0.0954235253225868,-1.7031249986651684
-1.2515474335335814,-0.839669520289387,0.09545112720941634,-1.7031249986651684
-1.2515474335335814,-0.8397157096643849,0.09545112720941634,-1.7031249986651684
-1.2516185085335805,-0.8397618990393828,0.09545112720941634,-1.7032867886651852
-1.2516895835335795,-0.8397157096643849,0.0954603278383595,-1.7031249986651684
-1.2516185085335805,-0.8395771415393911,0.09545112720941634,-1.7032328586651795
-1.2516185085335805,-0.839669520289387,0.09545112720941634,-1.7031249986651684
-1.2515474335335814,-0.839623330914389,0.09543272595152996,-1.7031249986651684
-1.2515474335335814,-0.8397618990393828,0.09545112720941634,-1.7030710686651627
-1.2516895835335795,-0.8397157096643849,0.09545112720941634,-1.7030710686651627
-1.2516185085335805,-0.8395309521643932,0.09545112720941634,-1.7032867886651852
-1.2513342085335841,-0.839623330914389,0.09545112720941634,-1.7031789286651742
-1.2515474335335814,-0.839669520289387,0.09544192658047318,-1.7031249986651684
-1.2515474335335814,-0.839669520289387,0.0954603278383595,-1.703340718665191
-1.2516895835335795,-0.839623330914389,0.09545112720941634,-1.7031789286651742
-1.2516895835335795,-0.8397157096643849,0.09545112720941634,-1.703017138665157
-1.2516185085335805,-0.839669520289387,0.0954235253225868,-1.7031789286651742
-1.2516185085335805,-0.8397157096643849,0.09545112720941634,-1.703340718665191
-1.2517606585335785,-0.839669520289387,0.09543272595152996,-1.7032867886651852
-1.2515474335335814,-0.8397618990393828,0.09544192658047318,-1.7032328586651795
-1.2515474335335814,-0.8397618990393828,0.09545112720941634,-1.7031249986651684
-1.2514763585335824,-0.8398080884143807,0.09544192658047318,-1.7031789286651742
-1.2514763585335824,-0.839623330914389,0.09545112720941634,-1.7032328586651795
-1.2515474335335814,-0.8397157096643849,0.0954603278383595,-1.7031789286651742
-1.2516895835335795,-0.8397157096643849,0.09543272595152996,-1.7031789286651742
-1.2516185085335805,-0.8397618990393828,0.09543272595152996,-1.7032867886651852
-1.2516185085335805,-0.839669520289387,0.0954603278383595,-1.7031789286651742
-1.2515474335335814,-0.839623330914389,0.09545112720941634,-1.7032867886651852
-1.2516185085335805,-0.839623330914389,0.09545112720941634,-1.7031249986651684
-1.2514763585335824,-0.839669520289387,0.09545112720941634,-1.7031249986651684
-1.2515474335335814,-0.839669520289387,0.09545112720941634,-1.7032867886651852
-1.2515474335335814,-0.8398542777893786,0.09544192658047318,-1.7030710686651627
-1.2515474335335814,-0.839623330914389,0.09545112720941634,-1.7032328586651795
-1.2516185085335805,-0.839669520289387,0.09544192658047318,-1.7030710686651627
-1.2516895835335795,-0.839623330914389,0.09543272595152996,-1.7031789286651742
-1.2516185085335805,-0.839669520289387,0.09545112720941634,-1.7032328586651795
-1.2516185085335805,-0.839669520289387,0.0954603278383595,-1.7032867886651852
-1.2516895835335795,-0.839669520289387,0.0954603278383595,-1.7030710686651627
-1.2515474335335814,-0.839623330914389,0.09545112720941634,-1.7030710686651627
-1.2516185085335805,-0.839669520289387,0.09545112720941634,-1.7031789286651742
-1.2513342085335841,-0.839623330914389,0.09543272595152996,-1.7031789286651742
-1.2516185085335805,-0.839623330914389,0.09544192658047318,-1.7031249986651684
-1.2516185085335805,-0.8397618990393828,0.09544192658047318,-1.7031249986651684
-1.2514763585335824,-0.839623330914389,0.09543272595152996,-1.7030710686651627
-1.2515474335335814,-0.839669520289387,0.09545112720941634,-1.7031249986651684
-1.2516185085335805,-0.839623330914389,0.09545112720941634,-1.7031789286651742
-1.2515474335335814,-0.8397618990393828,0.09543272595152996,-1.7032867886651852
-1.2515474335335814,-0.839623330914389,0.0954235253225868,-1.7032867886651852
-1.2516185085335805,-0.8397157096643849,0.09545112720941634,-1.7032867886651852
-1.2517606585335785,-0.8397157096643849,0.0954603278383595,-1.703017138665157
-1.2515474335335814,-0.8397157096643849,0.09545112720941634,-1.7032328586651795
-1.2516185085335805,-0.8397618990393828,0.09544192658047318,-1.7031789286651742
-1.2516185085335805,-0.8397157096643849,0.09545112720941634,-1.7030710686651627
-1.2514763585335824,-0.839623330914389,0.09543272595152996,-1.7032867886651852
-1.2515474335335814,-0.8397157096643849,0.09545112720941634,-1.7031789286651742
-1.2513342085335841,-0.8397157096643849,0.09544192658047318,-1.7032867886651852
-1.2516185085335805,-0.839669520289387,0.09543272595152996,-1.7031249986651684
-1.2516895835335795,-0.8397157096643849,0.0954603278383595,-1.7032867886651852
-1.2514052835335832,-0.839623330914389,0.09545112720941634,-1.7032867886651852
-1.2515474335335814,-0.839623330914389,0.09544192658047318,-1.7032867886651852
-1.2515474335335814,-0.8397157096643849,0.0954603278383595,-1.7031789286651742
-1.2514763585335824,-0.839669520289387,0.09544192658047318,-1.7031789286651742
-1.2516185085335805,-0.8395771415393911,0.09545112720941634,-1.7032328586651795
-1.2515474335335814,-0.839623330914389,0.09543272595152996,-1.7032867886651852
-1.2515474335335814,-0.8398080884143807,0.09543272595152996,-1.7032867886651852
-1.2514763585335824,-0.8397157096643849,0.09545112720941634,-1.7031249986651684
-1.2516185085335805,-0.8397618990393828,0.09544192658047318,-1.7031249986651684
-1.2516185085335805,-0.839669520289387,0.0954603278383595,-1.7031249986651684
-1.2516185085335805,-0.839623330914389,0.09545112720941634,-1.7031789286651742
-1.2516185085335805,-0.8397157096643849,0.0954235253225868,-1.703340718665191
-1.2517606585335785,-0.8397157096643849,0.0954603278383595,-1.7030710686651627
-1.2513342085335841,-0.839623330914389,0.09543272595152996,-1.703017138665157
-1.2514763585335824,-0.8397618990393828,0.09545112720941634,-1.703340718665191
-1.2516185085335805,-0.8397618990393828,0.09545112720941634,-1.7030710686651627
-1.2516185085335805,-0.8397157096643849,0.09545112720941634,-1.7031789286651742
-1.2516895835335795,-0.839623330914389,0.09545112720941634,-1.7031789286651742
-1.040972663139816,-0.7012341453624356,0.11861075089790665,-1.4217278625158298
-1.0410437381398152,-0.701049387862444,0.11858314901107711,-1.4217278625158298
-1.041114813139814,-0.7012803347374335,0.1186383527847362,-1.421566072515813
-1.041114813139814,-0.7010955772374419,0.11861075089790665,-1.4216739325158245
-1.040972663139816,-0.7012341453624356,0.11861995152684982,-1.4216200025158188
-1.040972663139816,-0.7013727134874295,0.11861995152684982,-1.421566072515813
-1.0411858881398133,-0.7010955772374419,0.11860155026896349,-1.4217817925158356
-1.041114813139814,-0.7010955772374419,0.11860155026896349,-1.4216739325158245
-1.0411858881398133,-0.7011879559874377,0.11861075089790665,-1.4217278625158298
-1.041256963139812,-0.7013265241124313,0.11861075089790665,-1.4217278625158298
-1.041114813139814,-0.7012341453624356,0.11861075089790665,-1.4216739325158245
-1.041256963139812,-0.7012341453624356,0.11860155026896349,-1.4216200025158188
-1.041256963139812,-0.7011879559874377,0.11862915215579298,-1.4216739325158245
-1.0413280381398113,-0.7010955772374419,0.11862915215579298,-1.4216739325158245
-1.0411858881398133,-0.7012341453624356,0.11860155026896349,-1.4216200025158188
-1.0411858881398133,-0.7010955772374419,0.11861075089790665,-1.4218357225158413
-1.0411858881398133,-0.7011417666124398,0.11861075089790665,-1.4216739325158245
-1.041114813139814,-0.7011879559874377,0.11861995152684982,-1.4217817925158356
-1.041114813139814,-0.7010955772374419,0.11861075089790665,-1.4215121425158073
-1.041256963139812,-0.7011879559874377,0.11860155026896349,-1.4217817925158356
-1.0413280381398113,-0.7010955772374419,0.11860155026896349,-1.4216739325158245
-1.040972663139816,-0.7011417666124398,0.11861995152684982,-1.4216739325158245
-1.0411858881398133,-0.7012341453624356,0.11860155026896349,-1.4217278625158298
-1.041114813139814,-0.7010955772374419,0.11857394838213395,-1.4217817925158356
-1.0411858881398133,-0.7011879559874377,0.11861995152684982,-1.4216739325158245
-1.0411858881398133,-0.701049387862444,0.11860155026896349,-1.4217817925158356
-1.0411858881398133,-0.7011879559874377,0.11861075089790665,-1.4216739325158245
-1.0411858881398133,-0.7011879559874377,0.11861995152684982,-1.4214582125158015
-1.041256963139812,-0.7012803347374335,0.11861995152684982,-1.4217817925158356
-1.041256963139812,-0.7011417666124398,0.11860155026896349,-1.4216739325158245
-1.0410437381398152,-0.7011879559874377,0.11861075089790665,-1.4217278625158298
-1.0411858881398133,-0.7011417666124398,0.11861995152684982,-1.4215121425158073
-1.0411858881398133,-0.7012341453624356,0.11861075089790665,-1.4216200025158188
-1.041256963139812,-0.7011879559874377,0.11859234964002027,-1.4217278625158298
-1.041256963139812,-0.7011417666124398,0.11861075089790665,-1.4216739325158245
-1.041114813139814,-0.7012341453624356,0.11860155026896349,-1.4216200025158188
-1.0411858881398133,-0.7011417666124398,0.11861995152684982,-1.4216739325158245
-1.0413280381398113,-0.7011879559874377,0.11862915215579298,-1.4216739325158245
-1.041256963139812,-0.7011879559874377,0.11861995152684982,-1.4217278625158298
-1.041256963139812,-0.7013265241124313,0.11860155026896349,-1.4216739325158245
-1.040972663139816,-0.7010955772374419,0.11861075089790665,-1.4216739325158245
-1.041256963139812,-0.7010955772374419,0.11860155026896349,-1.4217817925158356
-1.0411858881398133,-0.7011879559874377,0.11861995152684982,-1.4216739325158245
-1.041114813139814,-0.7011879559874377,0.11861075089790665,-1.4217817925158356
-1.0413280381398113,-0.7012803347374335,0.11861995152684982,-1.4216200025158188
-1.0411858881398133,-0.7011417666124398,0.11861075089790665,-1.4216739325158245
-1.0411858881398133,-0.701049387862444,0.11861075089790665,-1.4217817925158356
-1.0411858881398133,-0.7010955772374419,0.11861995152684982,-1.4217278625158298
-1.0411858881398133,-0.7011879559874377,0.11860155026896349,-1.4216739325158245
-1.0413280381398113,-0.7011879559874377,0.11859234964002027,-1.4216739325158245
-1.041256963139812,-0.7012341453624356,0.11860155026896349,-1.421566072515813
-1.0411858881398133,-0.7010955772374419,0.11860155026896349,-1.421566072515813
-1.0413280381398113,-0.7011879559874377,0.11859234964002027,-1.4216739325158245
-1.041114813139814,-0.7012803347374335,0.11861995152684982,-1.4216739325158245
-1.0411858881398133,-0.7010955772374419,0.11859234964002027,-1.4216200025158188
-1.041256963139812,-0.7011879559874377,0.11857394838213395,-1.4217817925158356
-1.041114813139814,-0.7012341453624356,0.11860155026896349,-1.4216739325158245
-1.0411858881398133,-0.7011879559874377,0.11861995152684982,-1.4216200025158188
-1.041256963139812,-0.7012341453624356,0.11861995152684982,-1.4216200025158188
-1.041114813139814,-0.7011879559874377,0.11861075089790665,-1.4217817925158356
-1.0411858881398133,-0.7012803347374335,0.11861995152684982,-1.4216739325158245
-1.041256963139812,-0.7011879559874377,0.11861075089790665,-1.4216200025158188
-1.041256963139812,-0.7012341453624356,0.11861075089790665,-1.4216200025158188
-1.0413280381398113,-0.7011417666124398,0.11860155026896349,-1.4216739325158245
-1.041256963139812,-0.7012803347374335,0.11858314901107711,-1.4217278625158298
-1.0411858881398133,-0.7011879559874377,0.11861075089790665,-1.421889652515847
-1.041256963139812,-0.7012341453624356,0.11862915215579298,-1.4216739325158245
-1.041256963139812,-0.7011417666124398,0.11860155026896349,-1.4217278625158298
-1.0411858881398133,-0.7010955772374419,0.11860155026896349,-1.4217817925158356
-1.041256963139812,-0.7011417666124398,0.11860155026896349,-1.4217278625158298
-1.041256963139812,-0.7012341453624356,0.11861075089790665,-1.4216200025158188
-1.041114813139814,-0.701049387862444,0.11858314901107711,-1.421566072515813
-1.041114813139814,-0.7011417666124398,0.11858314901107711,-1.4216739325158245
-1.041114813139814,-0.7010955772374419,0.11860155026896349,-1.4217817925158356
-1.0413991131398106,-0.7012341453624356,0.11861075089790665,-1.421566072515813
-1.0411858881398133,-0.7011417666124398,0.11861075089790665,-1.4216200025158188
-1.0411858881398133,-0.7011879559874377,0.11861995152684982,-1.4216739325158245
-1.041256963139812,-0.7011879559874377,0.11862915215579298,-1.421566072515813
-1.041114813139814,-0.7011879559874377,0.11861075089790665,-1.421566072515813
-1.041114813139814,-0.7010955772374419,0.11861075089790665,-1.4216200025158188
-1.0414701881398094,-0.7012341453624356,0.11860155026896349,-1.4216200025158188
-1.0413280381398113,-0.7010955772374419,0.11861995152684982,-1.4216739325158245
-1.0411858881398133,-0.7011879559874377,0.11861075089790665,-1.4216739325158245
-1.041256963139812,-0.7012341453624356,0.11861075089790665,-1.4216739325158245
-1.041256963139812,-0.701049387862444,0.11859234964002027,-1.4217278625158298
-1.041114813139814,-0.7011879559874377,0.11861075089790665,-1.4216200025158188
-1.041256963139812,-0.7010955772374419,0.11860155026896349,-1.4216200025158188
-1.0411858881398133,-0.7011879559874377,0.11861075089790665,-1.4216200025158188
-1.0413280381398113,-0.7011879559874377,0.11861995152684982,-1.4217278625158298
-1.041256963139812,-0.7010955772374419,0.11858314901107711,-1.4218357225158413
-1.0411858881398133,-0.7011879559874377,0.11861995152684982,-1.4217817925158356
-1.041256963139812,-0.7011879559874377,0.11861995152684982,-1.4216739325158245
-1.041256963139812,-0.701049387862444,0.11860155026896349,-1.4216739325158245
-1.041256963139812,-0.7011879559874377,0.11860155026896349,-1.4216739325158245
-1.041114813139814,-0.7011879559874377,0.11860155026896349,-1.4216200025158188
-1.041256963139812,-0.7011417666124398,0.11860155026896349,-1.4216739325158245
-1.040972663139816,-0.7011417666124398,0.11860155026896349,-1.4217817925158356
-1.041256963139812,-0.7011879559874377,0.11861075089790665,-1.4217817925158356
-1.041256963139812,-0.701049387862444,0.11860155026896349,-1.4217278625158298
-1.0413991131398106,-0.7011417666124398,0.11860155026896349,-1.4217817925158356
-1.041256963139812,-0.7011879559874377,0.11861075089790665,-1.4217278625158298
-1.041256963139812,-0.7012803347374335,0.11860155026896349,-1.4217278625158298
-1.041114813139814,-0.7011879559874377,0.11860155026896349,-1.4217278625158298
-1.041256963139812,-0.7010955772374419,0.11858314901107711,-1.421566072515813
-1.041256963139812,-0.7011879559874377,0.11862915215579298,-1.421566072515813
-1.041256963139812,-0.7011879559874377,0.11861075089790665,-1.4217817925158356
-1.041256963139812,-0.7011879559874377,0.11861995152684982,-1.421566072515813
-1.0411858881398133,-0.7010955772374419,0.11860155026896349,-1.4216739325158245
-1.041114813139814,-0.7011879559874377,0.11861995152684982,-1.4217278625158298
-1.041256963139812,-0.7011879559874377,0.11859234964002027,-1.4217817925158356
-1.0413280381398113,-0.7011417666124398,0.11860155026896349,-1.4216200025158188
-1.0411858881398133,-0.7011417666124398,0.11861995152684982,-1.4216200025158188
-1.041256963139812,-0.7012341453624356,0.11861075089790665,-1.4216739325158245
-1.0411858881398133,-0.7011417666124398,0.11860155026896349,-1.4216739325158245
-1.041256963139812,-0.7010955772374419,0.11861995152684982,-1.4216200025158188
-1.041114813139814,-0.701049387862444,0.11861995152684982,-1.4216739325158245
-1.0413280381398113,-0.7012341453624356,0.11860155026896349,-1.421566072515813
-1.0413991131398106,-0.7011879559874377,0.11860155026896349,-1.4216200025158188
-1.041114813139814,-0.7011879559874377,0.11860155026896349,-1.4216739325158245
-1.041256963139812,-0.7011879559874377,0.11860155026896349,-1.4216200025158188
-1.041256963139812,-0.7011879559874377,0.11861075089790665,-1.4216739325158245
-1.0411858881398133,-0.7010955772374419,0.11859234964002027,-1.4218357225158413
-1.041114813139814,-0.7012341453624356,0.11861995152684982,-1.4217278625158298
-1.041114813139814,-0.7010031984874461,0.11860155026896349,-1.4217817925158356
-1.041256963139812,-0.7011879559874377,0.11861075089790665,-1.421566072515813
-1.0413280381398113,-0.7011417666124398,0.11859234964002027,-1.4216739325158245
-1.041256963139812,-0.7011417666124398,0.11861075089790665,-1.4216200025158188
-1.041256963139812,-0.7011879559874377,0.11860155026896349,-1.421566072515813
-1.041256963139812,-0.7011879559874377,0.11861995152684982,-1.421566072515813
-1.041256963139812,-0.7012341453624356,0.11861995152684982,-1.4217817925158356
-1.041114813139814,-0.7012803347374335,0.11862915215579298,-1.4218357225158413
-1.041256963139812,-0.7011417666124398,0.11861995152684982,-1.4216739325158245
-1.041256963139812,-0.7011879559874377,0.11859234964002027,-1.4217278625158298
-1.041114813139814,-0.7010955772374419,0.11861075089790665,-1.4217817925158356
-1.0411858881398133,-0.7011879559874377,0.11861995152684982,-1.4216739325158245
-1.0411858881398133,-0.7011879559874377,0.1186383527847362,-1.4216739325158245
-1.041256963139812,-0.7012341453624356,0.11860155026896349,-1.4216200025158188
-1.0411858881398133,-0.7011417666124398,0.11860155026896349,-1.421566072515813
-1.041256963139812,-0.7011417666124398,0.11860155026896349,-1.4216200025158188
-1.041114813139814,-0.7011879559874377,0.11861995152684982,-1.4216739325158245
-1.0413280381398113,-0.7012341453624356,0.11861995152684982,-1.4216200025158188
-1.0413280381398113,-0.7011879559874377,0.11861995152684982,-1.4217817925158356
-1.041256963139812,-0.7012341453624356,0.11861995152684982,-1.4216200025158188
-1.0411858881398133,-0.7011417666124398,0.11861995152684982,-1.4216739325158245
-1.0411858881398133,-0.7011879559874377,0.11860155026896349,-1.4216739325158245
-1.041256963139812,-0.7011879559874377,0.11861075089790665,-1.421566072515813
-1.041256963139812,-0.7012341453624356,0.11861075089790665,-1.4217278625158298
-1.041256963139812,-0.7012803347374335,0.11861075089790665,-1.4216200025158188
-1.0413280381398113,-0.7011879559874377,0.11861995152684982,-1.4214582125158015
-1.0413991131398106,-0.7012341453624356,0.11858314901107711,-1.4217817925158356
-1.0413280381398113,-0.7010955772374419,0.11860155026896349,-1.421889652515847
-1.041114813139814,-0.7012341453624356,0.11861995152684982,-1.4217817925158356
-1.041256963139812,-0.7013265241124313,0.11860155026896349,-1.4216200025158188
-1.0411858881398133,-0.7011879559874377,0.11860155026896349,-1.4216739325158245
-1.0414701881398094,-0.7012341453624356,0.11860155026896349,-1.4216739325158245
-1.041256963139812,-0.7012803347374335,0.11861075089790665,-1.4217817925158356
-1.041256963139812,-0.7011417666124398,0.11858314901107711,-1.4216739325158245
-1.0413280381398113,-0.7011879559874377,0.11860155026896349,-1.4216739325158245
-1.041256963139812,-0.7011879559874377,0.11861995152684982,-1.4216739325158245
-1.0411858881398133,-0.7012803347374335,0.11861075089790665,-1.4216200025158188
-1.041114813139814,-0.7012341453624356,0.11861995152684982,-1.4216739325158245
-1.041256963139812,-0.7011879559874377,0.11860155026896349,-1.4217817925158356
-1.041256963139812,-0.7011879559874377,0.11861075089790665,-1.4216739325158245
-1.041114813139814,-0.7011417666124398,0.11860155026896349,-1.4217817925158356
-1.041256963139812,-0.7011879559874377,0.11861995152684982,-1.4216739325158245
-1.041256963139812,-0.7011417666124398,0.11860155026896349,-1.421566072515813
-1.0413280381398113,-0.7011879559874377,0.11861995152684982,-1.4216200025158188
-1.041256963139812,-0.7011879559874377,0.11864755341367936,-1.4217817925158356
-1.0413280381398113,-0.7011879559874377,0.11861075089790665,-1.421566072515813
-1.041256963139812,-0.7011417666124398,0.11861075089790665,-1.4217817925158356
-1.040972663139816,-0.7011483115971348,0.11861995152684982,-1.4216739325158245
-1.041114813139814,-0.7013330690971263,0.1186383527847362,-1.4216200025158188
-1.041256963139812,-0.7012406903471305,0.11860155026896349,-1.421566072515813
-1.041256963139812,-0.7011945009721327,0.11861995152684982,-1.4216200025158188
-1.0413280381398113,-0.7011945009721327,0.11861075089790665,-1.4216739325158245
-1.041114813139814,-0.7012406903471305,0.11860155026896349,-1.4217278625158298
-1.0411858881398133,-0.7011483115971348,0.11860155026896349,-1.4216739325158245
-1.041114813139814,-0.7011945009721327,0.11860155026896349,-1.4216739325158245
-1.041256963139812,-0.7011483115971348,0.11861075089790665,-1.4216739325158245
-1.0411858881398133,-0.7011945009721327,0.11862915215579298,-1.4217278625158298
-1.0411858881398133,-0.7011021222221369,0.11861075089790665,-1.4217817925158356
-1.041114813139814,-0.7011945009721327,0.11860155026896349,-1.4216739325158245
-1.041256963139812,-0.7011483115971348,0.11861995152684982,-1.4216200025158188
-1.0411858881398133,-0.7011483115971348,0.11860155026896349,-1.4217817925158356
-1.041256963139812,-0.7011945009721327,0.11860155026896349,-1.4216200025158188
-1.0413280381398113,-0.7011021222221369,0.11860155026896349,-1.4217817925158356
-1.0413280381398113,-0.7012868797221284,0.11861075089790665,-1.421566072515813
-1.0413991131398106,-0.7011483115971348,0.11861075089790665,-1.4218357225158413
-1.041256963139812,-0.7011945009721327,0.11860155026896349,-1.4216200025158188
-1.0411858881398133,-0.7011945009721327,0.1186383527847362,-1.4217817925158356
-1.0411858881398133,-0.7011945009721327,0.11861075089790665,-1.4216200025158188
-1.041256963139812,-0.7011483115971348,0.11861995152684982,-1.4217817925158356
-1.041256963139812,-0.7011483115971348,0.11861075089790665,-1.4216739325158245
-1.041114813139814,-0.7012868797221284,0.11861075089790665,-1.4216739325158245
-1.0413280381398113,-0.7012406903471305,0.11861995152684982,-1.4216739325158245
-1.041256963139812,-0.7011483115971348,0.11861075089790665,-1.4216739325158245
-1.0413991131398106,-0.7011945009721327,0.11860155026896349,-1.4214582125158015
-1.041256963139812,-0.7011945009721327,0.11861075089790665,-1.4216739325158245
-1.041114813139814,-0.7011021222221369,0.11861075089790665,-1.4216739325158245
-1.0413280381398113,-0.7012406903471305,0.11861075089790665,-1.421566072515813
-1.0413280381398113,-0.7012406903471305,0.11862915215579298,-1.421889652515847
-1.0411858881398133,-0.7012406903471305,0.11861075089790665,-1.4215121425158073
-1.041256963139812,-0.7012406903471305,0.11860155026896349,-1.4216739325158245
-1.041114813139814,-0.7011021222221369,0.1186383527847362,-1.4216200025158188
-1.0411858881398133,-0.7012868797221284,0.11861075089790665,-1.421566072515813
-1.0411858881398133,-0.7011945009721327,0.11861995152684982,-1.4216200025158188
-1.041256963139812,-0.7011945009721327,0.11861075089790665,-1.421566072515813
-1.041256963139812,-0.7012406903471305,0.11861995152684982,-1.4216739325158245
-1.0411858881398133,-0.7012868797221284,0.11861075089790665,-1.4216739325158245
-1.041256963139812,-0.7011945009721327,0.11860155026896349,-1.421566072515813
-1.0413280381398113,-0.7011945009721327,0.11858314901107711,-1.4216739325158245
-1.0413280381398113,-0.7012406903471305,0.11860155026896349,-1.4217817925158356
-1.041256963139812,-0.7011021222221369,0.11861995152684982,-1.421566072515813
-1.0411858881398133,-0.7011945009721327,0.11861995152684982,-1.421566072515813
-1.0411858881398133,-0.701055932847139,0.11861995152684982,-1.4216739325158245
-1.041256963139812,-0.7011021222221369,0.11861995152684982,-1.4217817925158356
-1.041256963139812,-0.7013330690971263,0.11858314901107711,-1.4217278625158298
-1.041256963139812,-0.7012406903471305,0.11860155026896349,-1.4216739325158245
-1.0413280381398113,-0.7011021222221369,0.11861075089790665,-1.4217278625158298
-1.041256963139812,-0.7012406903471305,0.11861995152684982,-1.4217817925158356
-1.0413280381398113,-0.7012406903471305,0.11864755341367936,-1.4216200025158188
-1.0413991131398106,-0.7011483115971348,0.11861995152684982,-1.4216739325158245
-1.0411858881398133,-0.7011021222221369,0.11859234964002027,-1.4216739325158245
-1.0413991131398106,-0.7011945009721327,0.11861995152684982,-1.4215121425158073
-1.0413280381398113,-0.7011483115971348,0.11861075089790665,-1.4216200025158188
-1.041256963139812,-0.7011945009721327,0.11858314901107711,-1.4217817925158356
-1.041256963139812,-0.7011945009721327,0.11861995152684982,-1.4216200025158188
-1.041256963139812,-0.7012868797221284,0.11861995152684982,-1.4216739325158245
-1.041256963139812,-0.7011021222221369,0.11861075089790665,-1.4217817925158356
-1.0413991131398106,-0.7011945009721327,0.11860155026896349,-1.4217817925158356
-1.0413280381398113,-0.7012406903471305,0.11861075089790665,-1.4217278625158298
-1.0411858881398133,-0.7011945009721327,0.11860155026896349,-1.4216200025158188
-1.041114813139814,-0.7011945009721327,0.11861075089790665,-1.4216200025158188
-1.0413280381398113,-0.7012406903471305,0.11860155026896349,-1.4217278625158298
-1.041256963139812,-0.7011945009721327,0.11861995152684982,-1.4217817925158356
-1.041256963139812,-0.7012406903471305,0.11862915215579298,-1.4216739325158245
-1.0413280381398113,-0.7011945009721327,0.11860155026896349,-1.4218357225158413
-1.0411858881398133,-0.7011945009721327,0.11862915215579298,-1.4216200025158188
-1.041256963139812,-0.7011945009721327,0.11862915215579298,-1.421566072515813
-1.0413280381398113,-0.7011483115971348,0.11861075089790665,-1.4216739325158245
-1.0413280381398113,-0.7011483115971348,0.11861075089790665,-1.4218357225158413
-1.041256963139812,-0.7012406903471305,0.11861075089790665,-1.4217278625158298
-1.041256963139812,-0.7011945009721327,0.11861995152684982,-1.4216739325158245
-1.041256963139812,-0.7011945009721327,0.11862915215579298,-1.4217817925158356
-1.041114813139814,-0.7011483115971348,0.11860155026896349,-1.4217278625158298
-1.0413280381398113,-0.7011945009721327,0.11861075089790665,-1.4216739325158245
-1.041256963139812,-0.7011945009721327,0.11861075089790665,-1.4216200025158188
-1.041256963139812,-0.7011483115971348,0.11862915215579298,-1.4216739325158245
-1.0414701881398094,-0.7012406903471305,0.11861995152684982,-1.4216200025158188
-1.041256963139812,-0.7012406903471305,0.11861995152684982,-1.4216200025158188
-0.8331838275470501,-0.5616116856191946,0.14126736999584535,-1.1371523620580262
-0.8332549025470491,-0.5617040643691904,0.14124896873795897,-1.137206292058032
-0.8332549025470491,-0.5617040643691904,0.14125816936690214,-1.1371523620580262
-0.8333259775470482,-0.5617040643691904,0.14125816936690214,-1.1371523620580262
-0.832970602547053,-0.5617040643691904,0.1412397681090158,-1.1371523620580262
-0.832970602547053,-0.5617502537441883,0.14125816936690214,-1.1371523620580262
-0.8331127525470511,-0.5616116856191946,0.14125816936690214,-1.1373141520580434
-0.8331838275470501,-0.5617502537441883,0.14127657062478852,-1.1371523620580262
-0.8331838275470501,-0.5617502537441883,0.1412397681090158,-1.1370984320580209
-0.8331127525470511,-0.5617502537441883,0.14125816936690214,-1.1371523620580262
-0.8331838275470501,-0.5617040643691904,0.14125816936690214,-1.1371523620580262
-0.8331838275470501,-0.5614731174942009,0.14123056748007265,-1.1372602220580377
-0.8333259775470482,-0.5617040643691904,0.14124896873795897,-1.1373141520580434
-0.8332549025470491,-0.5617040643691904,0.14124896873795897,-1.1371523620580262
-0.8331838275470501,-0.5617040643691904,0.14124896873795897,-1.1372602220580377
-0.8331838275470501,-0.5617502537441883,0.1412397681090158,-1.1372602220580377
-0.832970602547053,-0.5617040643691904,0.14122136685112943,-1.1372602220580377
-0.8331127525470511,-0.5616578749941925,0.14124896873795897,-1.137206292058032
-0.832970602547053,-0.5617502537441883,0.14124896873795897,-1.1372602220580377
-0.8331127525470511,-0.561888821869182,0.14125816936690214,-1.1370984320580209
-0.8331838275470501,-0.5616578749941925,0.14124896873795897,-1.1372602220580377
-0.8331838275470501,-0.5617502537441883,0.14124896873795897,-1.1371523620580262
-0.8331838275470501,-0.5616116856191946,0.14126736999584535,-1.1372602220580377
-0.8331838275470501,-0.5616578749941925,0.14128577125373168,-1.1371523620580262
-0.8331838275470501,-0.5617040643691904,0.1412397681090158,-1.1372602220580377
-0.8331838275470501,-0.5616578749941925,0.14125816936690214,-1.1372602220580377
-0.8331838275470501,-0.5616578749941925,0.14126736999584535,-1.1370984320580209
-0.8331127525470511,-0.5616578749941925,0.14125816936690214,-1.1372602220580377
-0.8331127525470511,-0.5617502537441883,0.1412397681090158,-1.1371523620580262
-0.8331127525470511,-0.5616578749941925,0.14124896873795897,-1.1372602220580377
-0.8331127525470511,-0.5617040643691904,0.14125816936690214,-1.1369905720580094
-0.832970602547053,-0.5616116856191946,0.14124896873795897,-1.1370984320580209
-0.8332549025470491,-0.5617502537441883,0.14126736999584535,-1.137206292058032
-0.8331127525470511,-0.5616116856191946,0.14125816936690214,-1.1372602220580377
-0.8332549025470491,-0.5616116856191946,0.14124896873795897,-1.1374220120580545
-0.832970602547053,-0.5616578749941925,0.14124896873795897,-1.137206292058032
-0.8331127525470511,-0.5616578749941925,0.1412397681090158,-1.1372602220580377
-0.8332549025470491,-0.5616578749941925,0.1412397681090158,-1.1372602220580377
-0.8331838275470501,-0.5617502537441883,0.14124896873795897,-1.1372602220580377
-0.8331838275470501,-0.5617502537441883,0.14124896873795897,-1.137044502058015
-0.8331838275470501,-0.5617964431191862,0.14124896873795897,-1.1373680820580492
-0.832970602547053,-0.5617964431191862,0.1412397681090158,-1.1373141520580434
-0.8331127525470511,-0.5616578749941925,0.14125816936690214,-1.1371523620580262
-0.8331838275470501,-0.5616578749941925,0.14127657062478852,-1.137206292058032
-0.8332549025470491,-0.5617502537441883,0.14125816936690214,-1.1370984320580209
-0.8332549025470491,-0.5617040643691904,0.14126736999584535,-1.1372602220580377
-0.8331838275470501,-0.5617040643691904,0.14126736999584535,-1.1372602220580377
-0.832970602547053,-0.5616578749941925,0.14124896873795897,-1.137044502058015
-0.8331838275470501,-0.5617502537441883,0.14126736999584535,-1.1370984320580209
-0.8331127525470511,-0.5616578749941925,0.1412397681090158,-1.1371523620580262
-0.8331838275470501,-0.5617502537441883,0.14126736999584535,-1.1372602220580377
-0.8331127525470511,-0.5617502537441883,0.14125816936690214,-1.1371523620580262
-0.8331127525470511,-0.5616578749941925,0.1412397681090158,-1.137206292058032
-0.8331127525470511,-0.5617502537441883,0.14125816936690214,-1.1372602220580377
-0.8332549025470491,-0.5617040643691904,0.14125816936690214,-1.1371523620580262
-0.832970602547053,-0.5617040643691904,0.14124896873795897,-1.137206292058032
-0.8331838275470501,-0.5616578749941925,0.14125816936690214,-1.1372602220580377
-0.8331838275470501,-0.5617040643691904,0.1412397681090158,-1.1371523620580262
-0.8328995275470538,-0.5616578749941925,0.14125816936690214,-1.137044502058015
-0.832970602547053,-0.5616578749941925,0.14126736999584535,-1.137206292058032
-0.8332549025470491,-0.5616578749941925,0.14126736999584535,-1.1369905720580094
-0.8331838275470501,-0.5617502537441883,0.14126736999584535,-1.1372602220580377
-0.832970602547053,-0.5616578749941925,0.14127657062478852,-1.137044502058015
-0.8331127525470511,-0.5616578749941925,0.14126736999584535,-1.1372602220580377
-0.8332549025470491,-0.5616578749941925,0.14125816936690214,-1.1372602220580377
-0.8328995275470538,-0.5616578749941925,0.14126736999584535,-1.1373680820580492
-0.832970602547053,-0.5617502537441883,0.1412397681090158,-1.1370984320580209
-0.833041677547052,-0.5617040643691904,0.14126736999584535,-1.1371523620580262
-0.832970602547053,-0.5616578749941925,0.1412397681090158,-1.137206292058032
-0.832970602547053,-0.5616578749941925,0.14124896873795897,-1.1372602220580377
-0.8331838275470501,-0.5617964431191862,0.14126736999584535,-1.137206292058032
-0.8331838275470501,-0.5617040643691904,0.14125816936690214,-1.1372602220580377
-0.8331838275470501,-0.5617502537441883,0.14124896873795897,-1.137206292058032
-0.8331127525470511,-0.5617502537441883,0.14124896873795897,-1.1372602220580377
-0.832970602547053,-0.5616578749941925,0.14125816936690214,-1.137206292058032
-0.8331127525470511,-0.5616116856191946,0.14126736999584535,-1.1370984320580209
-0.8331127525470511,-0.5616116856191946,0.14125816936690214,-1.1371523620580262
-0.8328995275470538,-0.5617502537441883,0.1412397681090158,-1.137206292058032
-0.832970602547053,-0.5617502537441883,0.14125816936690214,-1.1371523620580262
-0.8331838275470501,-0.5617502537441883,0.14125816936690214,-1.1372602220580377
-0.8331838275470501,-0.5616578749941925,0.14126736999584535,-1.1372602220580377
-0.833041677547052,-0.5616578749941925,0.14125816936690214,-1.1372602220580377
-0.8331127525470511,-0.5616578749941925,0.14125816936690214,-1.137206292058032
-0.833041677547052,-0.5616578749941925,0.14125816936690214,-1.1372602220580377
-0.8331838275470501,-0.5617040643691904,0.1412397681090158,-1.1371523620580262
-0.8331838275470501,-0.5616116856191946,0.14124896873795897,-1.1371523620580262
-0.8331127525470511,-0.5616578749941925,0.14128577125373168,-1.137206292058032
-0.8328995275470538,-0.5617040643691904,0.14125816936690214,-1.1372602220580377
-0.8332549025470491,-0.5617502537441883,0.14125816936690214,-1.1370984320580209
-0.8331127525470511,-0.5617040643691904,0.14129497188267484,-1.137206292058032
-0.8331838275470501,-0.5616116856191946,0.14125816936690214,-1.1370984320580209
-0.832970602547053,-0.5617040643691904,0.14125816936690214,-1.1371523620580262
-0.832970602547053,-0.5617040643691904,0.14125816936690214,-1.1372602220580377
-0.8331127525470511,-0.5617040643691904,0.14126736999584535,-1.1371523620580262
-0.8328995275470538,-0.5616116856191946,0.14126736999584535,-1.1372602220580377
-0.8331127525470511,-0.5617502537441883,0.14128577125373168,-1.1371523620580262
-0.832970602547053,-0.5615654962441967,0.14125816936690214,-1.1371523620580262
-0.8331127525470511,-0.5617502537441883,0.14126736999584535,-1.137044502058015
-0.8331127525470511,-0.5616578749941925,0.1412397681090158,-1.1370984320580209
-0.832970602547053,-0.5617040643691904,0.14124896873795897,-1.1371523620580262
-0.8328995275470538,-0.5617040643691904,0.1412397681090158,-1.1371523620580262
-0.832970602547053,-0.5616578749941925,0.14125816936690214,-1.1371523620580262
-0.8331127525470511,-0.5617964431191862,0.14125816936690214,-1.1371523620580262
-0.832970602547053,-0.5617502537441883,0.14126736999584535,-1.1371523620580262
-0.8331127525470511,-0.5617502537441883,0.14125816936690214,-1.1372602220580377
-0.8331127525470511,-0.5616578749941925,0.14127657062478852,-1.1372602220580377
-0.8331838275470501,-0.5616578749941925,0.14125816936690214,-1.1370984320580209
-0.833041677547052,-0.5617040643691904,0.14128577125373168,-1.1371523620580262
-0.8332549025470491,-0.5616578749941925,0.14125816936690214,-1.137206292058032
-0.8328284525470547,-0.5616578749941925,0.14124896873795897,-1.1372602220580377
-0.8331838275470501,-0.5616578749941925,0.14128577125373168,-1.1371523620580262
-0.832970602547053,-0.5616578749941925,0.14126736999584535,-1.137206292058032
-0.832970602547053,-0.5617502537441883,0.14125816936690214,-1.1372602220580377
-0.8331127525470511,-0.5616578749941925,0.14127657062478852,-1.1371523620580262
-0.832970602547053,-0.5617502537441883,0.14126736999584535,-1.1372602220580377
-0.8331127525470511,-0.5617040643691904,0.14125816936690214,-1.137206292058032
-0.8328995275470538,-0.5617040643691904,0.14124896873795897,-1.1373680820580492
-0.833041677547052,-0.5617964431191862,0.14126736999584535,-1.1372602220580377
-0.8333259775470482,-0.5617040643691904,0.14125816936690214,-1.1372602220580377
-0.8331838275470501,-0.5618426324941841,0.1412397681090158,-1.1372602220580377
-0.833041677547052,-0.5616116856191946,0.14126736999584535,-1.1372602220580377
-0.832970602547053,-0.5617502537441883,0.14127657062478852,-1.1372602220580377
-0.833041677547052,-0.5617040643691904,0.14124896873795897,-1.137206292058032
-0.832970602547053,-0.5616578749941925,0.14125816936690214,-1.1371523620580262
-0.8331838275470501,-0.5614731174942009,0.14124896873795897,-1.1372602220580377
-0.833041677547052,-0.5616578749941925,0.14126736999584535,-1.1372602220580377
-0.832970602547053,-0.5616578749941925,0.14124896873795897,-1.1369905720580094
-0.8331127525470511,-0.5617964431191862,0.14125816936690214,-1.137206292058032
-0.8328995275470538,-0.5616578749941925,0.14127657062478852,-1.1371523620580262
-0.8331127525470511,-0.5617502537441883,0.14127657062478852,-1.137044502058015
-0.832970602547053,-0.5616116856191946,0.14123056748007265,-1.1373141520580434
-0.833041677547052,-0.5615654962441967,0.14126736999584535,-1.1373680820580492
-0.8331127525470511,-0.5616578749941925,0.14124896873795897,-1.137206292058032
-0.8331127525470511,-0.5617040643691904,0.14126736999584535,-1.137206292058032
-0.8331838275470501,-0.5616116856191946,0.14125816936690214,-1.1373141520580434
-0.832970602547053,-0.5617502537441883,0.14126736999584535,-1.137206292058032
-0.8331127525470511,-0.5616578749941925,0.14127657062478852,-1.1371523620580262
-0.8331127525470511,-0.5616578749941925,0.14125816936690214,-1.1370984320580209
-0.833041677547052,-0.5617040643691904,0.14125816936690214,-1.137206292058032
-0.832970602547053,-0.5617040643691904,0.14125816936690214,-1.1372602220580377
-0.8331838275470501,-0.5617502537441883,0.14124896873795897,-1.137206292058032
-0.8331838275470501,-0.5617040643691904,0.14125816936690214,-1.137206292058032
-0.832970602547053,-0.5616578749941925,0.14126736999584535,-1.1373141520580434
-0.832970602547053,-0.5617502537441883,0.14127657062478852,-1.137044502058015
-0.8333259775470482,-0.5617040643691904,0.14125816936690214,-1.1371523620580262
-0.832970602547053,-0.5617040643691904,0.14125816936690214,-1.1372602220580377
-0.833041677547052,-0.5617502537441883,0.14126736999584535,-1.137206292058032
-0.832970602547053,-0.5616578749941925,0.14125816936690214,-1.1371523620580262
-0.8331127525470511,-0.5617964431191862,0.14127657062478852,-1.1371523620580262
-0.832970602547053,-0.5616116856191946,0.14125816936690214,-1.137206292058032
-0.8331838275470501,-0.5616116856191946,0.14126736999584535,-1.1371523620580262
-0.8331127525470511,-0.5616578749941925,0.14124896873795897,-1.1372602220580377
-0.833041677547052,-0.5617040643691904,0.14126736999584535,-1.1371523620580262
-0.832970602547053,-0.5616578749941925,0.14125816936690214,-1.1371523620580262
-0.8331838275470501,-0.5616578749941925,0.1412397681090158,-1.1372602220580377
-0.832970602547053,-0.5617040643691904,0.14126736999584535,-1.1372602220580377
-0.832970602547053,-0.5616578749941925,0.1412397681090158,-1.1372602220580377
-0.8331838275470501,-0.5617040643691904,0.14126736999584535,-1.137206292058032
-0.8331127525470511,-0.5617502537441883,0.1412397681090158,-1.1372602220580377
-0.8331127525470511,-0.5616578749941925,0.14127657062478852,-1.137206292058032
-0.8332549025470491,-0.5616578749941925,0.14127657062478852,-1.1371523620580262
-0.832970602547053,-0.5617040643691904,0.14126736999584535,-1.1371523620580262
-0.8331127525470511,-0.5617502537441883,0.14126736999584535,-1.137206292058032
-0.833041677547052,-0.5617964431191862,0.14127657062478852,-1.137206292058032
-0.833041677547052,-0.5616116856191946,0.14126736999584535,-1.1371523620580262
-0.8331127525470511,-0.5616116856191946,0.14125816936690214,-1.137044502058015
-0.8331127525470511,-0.5616116856191946,0.14126736999584535,-1.137206292058032
-0.8331838275470501,-0.5617502537441883,0.14126736999584535,-1.137206292058032
-0.8331127525470511,-0.5617040643691904,0.14127657062478852,-1.1373141520580434
-0.8331838275470501,-0.5616578749941925,0.14125816936690214,-1.1371523620580262
-0.833041677547052,-0.5616578749941925,0.14127657062478852,-1.1370984320580209
-0.8328995275470538,-0.5617964431191862,0.14127657062478852,-1.1372602220580377
-0.832970602547053,-0.5616578749941925,0.14125816936690214,-1.1371523620580262
-0.833041677547052,-0.5617040643691904,0.14125816936690214,-1.1371523620580262
-0.833041677547052,-0.5616578749941925,0.14124896873795897,-1.1373141520580434
-0.8331127525470511,-0.5617502537441883,0.14126736999584535,-1.1372602220580377
-0.8331127525470511,-0.5616578749941925,0.14125816936690214,-1.1372602220580377
-0.8331127525470511,-0.5616578749941925,0.14126736999584535,-1.1372602220580377
-0.832970602547053,-0.5617040643691904,0.14126736999584535,-1.137206292058032
-0.832970602547053,-0.5616578749941925,0.14126736999584535,-1.1372602220580377
-0.832970602547053,-0.5617502537441883,0.14125816936690214,-1.1372602220580377
-0.8331127525470511,-0.5617040643691904,0.14127657062478852,-1.137206292058032
-0.8331127525470511,-0.5616578749941925,0.14125816936690214,-1.1371523620580262
-0.8332549025470491,-0.5617502537441883,0.14126736999584535,-1.137206292058032
-0.832970602547053,-0.5617502537441883,0.14125816936690214,-1.1372602220580377
-0.8331127525470511,-0.5616578749941925,0.14128577125373168,-1.1371523620580262
-0.832970602547053,-0.5616578749941925,0.1412397681090158,-1.137206292058032
-0.832970602547053,-0.5617040643691904,0.14127657062478852,-1.1372602220580377
-0.8331127525470511,-0.5617040643691904,0.14125816936690214,-1.1372602220580377
-0.8331127525470511,-0.5617040643691904,0.14126736999584535,-1.1372602220580377
-0.8331127525470511,-0.5617040643691904,0.14127657062478852,-1.1372602220580377
-0.8331127525470511,-0.5617040643691904,0.14126736999584535,-1.1372602220580377
-0.833041677547052,-0.5617040643691904,0.14125816936690214,-1.1371523620580262
-0.832970602547053,-0.5616578749941925,0.14127657062478852,-1.137206292058032
-0.8331127525470511,-0.5617040643691904,0.14125816936690214,-1.1372602220580377
-0.8331838275470501,-0.5617502537441883,0.14126736999584535,-1.1372602220580377
-0.8331127525470511,-0.5616116856191946,0.14124896873795897,-1.137044502058015
-0.832970602547053,-0.5616578749941925,0.14126736999584535,-1.1373141520580434
-0.832970602547053,-0.5617040643691904,0.14127657062478852,-1.1372602220580377
-0.8331838275470501,-0.5616116856191946,0.14125816936690214,-1.1370984320580209
-0.8331127525470511,-0.5616116856191946,0.14124896873795897,-1.1372602220580377
-0.8328995275470538,-0.5617040643691904,0.14124896873795897,-1.1371523620580262
-0.832970602547053,-0.5616578749941925,0.14127657062478852,-1.1371523620580262
-0.832970602547053,-0.5616578749941925,0.14126736999584535,-1.1371523620580262
-0.833041677547052,-0.5616578749941925,0.14127657062478852,-1.1372602220580377
-0.8331838275470501,-0.5616578749941925,0.14126736999584535,-1.137206292058032
-0.8331838275470501,-0.5616578749941925,0.14126736999584535,-1.137206292058032
-0.8332549025470491,-0.5617502537441883,0.14127657062478852,-1.1371523620580262
-0.8328284525470547,-0.5615193068691988,0.14125816936690214,-1.137206292058032
-0.832970602547053,-0.5616116856191946,0.14125816936690214,-1.1372602220580377
-0.832970602547053,-0.5616116856191946,0.14127657062478852,-1.1372602220580377
-0.833041677547052,-0.5616578749941925,0.14127657062478852,-1.1370984320580209
-0.8328995275470538,-0.5616578749941925,0.14124896873795897,-1.1373680820580492
-0.8331838275470501,-0.5616578749941925,0.14126736999584535,-1.1371523620580262
-0.8331838275470501,-0.5616116856191946,0.14126736999584535,-1.1372602220580377
-0.8331127525470511,-0.5616578749941925,0.14127657062478852,-1.1371523620580262
-0.8331838275470501,-0.5616578749941925,0.14130417251161806,-1.1371523620580262
-0.832970602547053,-0.5616578749941925,0.14127657062478852,-1.1371523620580262
-0.832970602547053,-0.5617040643691904,0.14125816936690214,-1.137206292058032
-0.832970602547053,-0.5615654962441967,0.14125816936690214,-1.1372602220580377
-0.8331127525470511,-0.5617502537441883,0.14125816936690214,-1.1370984320580209
-0.8331838275470501,-0.5617502537441883,0.14127657062478852,-1.1372602220580377
-0.8331127525470511,-0.5617040643691904,0.14125816936690214,-1.1372602220580377
-0.8331838275470501,-0.5617502537441883,0.14127657062478852,-1.137206292058032
-0.833041677547052,-0.5616578749941925,0.14125816936690214,-1.1371523620580262
-0.8331838275470501,-0.5617502537441883,0.14127657062478852,-1.1371523620580262
-0.832970602547053,-0.5617040643691904,0.14127657062478852,-1.1372602220580377
-0.833041677547052,-0.5616578749941925,0.14126736999584535,-1.137206292058032
-0.833041677547052,-0.5616116856191946,0.14126736999584535,-1.1371523620580262
-0.832970602547053,-0.5616578749941925,0.14127657062478852,-1.1372602220580377
-0.832970602547053,-0.5616116856191946,0.14124896873795897,-1.1373141520580434
-0.832970602547053,-0.5616578749941925,0.14128577125373168,-1.1371523620580262
-0.832970602547053,-0.5616116856191946,0.14124896873795897,-1.1370984320580209
-0.8331127525470511,-0.5617040643691904,0.14127657062478852,-1.137206292058032
-0.8328995275470538,-0.5617040643691904,0.14125816936690214,-1.1370984320580209
-0.832970602547053,-0.5615654962441967,0.1412397681090158,-1.1372602220580377
-0.8331838275470501,-0.5617040643691904,0.14125816936690214,-1.1372602220580377
-0.8331838275470501,-0.5616116856191946,0.14125816936690214,-1.1372602220580377
-0.833041677547052,-0.5617040643691904,0.14128577125373168,-1.1372602220580377
-0.8331127525470511,-0.5616116856191946,0.14124896873795897,-1.1371523620580262
-0.832970602547053,-0.5616578749941925,0.14127657062478852,-1.137206292058032
-0.8331127525470511,-0.5617964431191862,0.14125816936690214,-1.1371523620580262
-0.8331838275470501,-0.5617502537441883,0.14127657062478852,-1.137044502058015
-0.8331838275470501,-0.5617040643691904,0.14125816936690214,-1.137206292058032
-0.832970602547053,-0.5617040643691904,0.1412397681090158,-1.1372602220580377
-0.8331838275470501,-0.5616578749941925,0.14126736999584535,-1.1370984320580209
-0.8331127525470511,-0.5617502537441883,0.14125816936690214,-1.1372602220580377
-0.8331838275470501,-0.5616578749941925,0.14126736999584535,-1.1372602220580377
-0.832970602547053,-0.5615654962441967,0.14129497188267484,-1.1371523620580262
-0.832970602547053,-0.5617040643691904,0.14124896873795897,-1.1372602220580377
-0.6245279759900845,-0.42085132629172634,0.16391370471441713,-0.8543565516004095
-0.6245990509900837,-0.4209437050417221,0.1639321059723035,-0.854464411600421
-0.6246701259900828,-0.42085132629172634,0.1639321059723035,-0.8543565516004095
-0.6246701259900828,-0.42085132629172634,0.16391370471441713,-0.8543565516004095
-0.6246701259900828,-0.4209437050417221,0.1638953034565308,-0.8543565516004095
-0.6244569009900854,-0.42089751566672423,0.1639321059723035,-0.8543565516004095
-0.6245990509900837,-0.42080513691672844,0.1639229053433603,-0.854464411600421
-0.6245279759900845,-0.42098989441672,0.1638953034565308,-0.8544104816004152
-0.6245990509900837,-0.42085132629172634,0.16391370471441713,-0.8544104816004152
-0.6244569009900854,-0.42075894754173054,0.1639229053433603,-0.8545183416004263
-0.6245990509900837,-0.42085132629172634,0.1639321059723035,-0.854464411600421
-0.6246701259900828,-0.4209437050417221,0.1639321059723035,-0.8543026216004037
-0.6244569009900854,-0.42075894754173054,0.1639321059723035,-0.854464411600421
-0.6245990509900837,-0.42080513691672844,0.1639229053433603,-0.854572271600432
-0.6246701259900828,-0.42075894754173054,0.1639229053433603,-0.8545183416004263
-0.6246701259900828,-0.42089751566672423,0.1638953034565308,-0.8543565516004095
-0.6245279759900845,-0.42085132629172634,0.1639229053433603,-0.8543565516004095
-0.6245279759900845,-0.4209437050417221,0.16391370471441713,-0.8544104816004152
-0.6247412009900818,-0.4209437050417221,0.16391370471441713,-0.8543026216004037
-0.6245279759900845,-0.4209437050417221,0.16391370471441713,-0.854464411600421
-0.6247412009900818,-0.42085132629172634,0.16391370471441713,-0.854464411600421
-0.6245990509900837,-0.4209437050417221,0.16394130660124667,-0.8543565516004095
-0.6246701259900828,-0.42080513691672844,0.1639321059723035,-0.8543565516004095
-0.6246701259900828,-0.42085132629172634,0.1639321059723035,-0.854572271600432
-0.6245990509900837,-0.42085132629172634,0.16391370471441713,-0.8543026216004037
-0.6247412009900818,-0.42085132629172634,0.1639321059723035,-0.854464411600421
-0.6248122759900808,-0.42085132629172634,0.16394130660124667,-0.854464411600421
-0.6245990509900837,-0.42098989441672,0.16394130660124667,-0.8545183416004263
-0.6246701259900828,-0.42085132629172634,0.16394130660124667,-0.8543565516004095
-0.6245990509900837,-0.4209437050417221,0.1639321059723035,-0.8544104816004152
-0.6245990509900837,-0.42089751566672423,0.16391370471441713,-0.854464411600421
-0.6247412009900818,-0.42085132629172634,0.1639321059723035,-0.8544104816004152
-0.6248122759900808,-0.42098989441672,0.1638953034565308,-0.8543565516004095
-0.6246701259900828,-0.42075894754173054,0.16394130660124667,-0.854464411600421
-0.6247412009900818,-0.42089751566672423,0.1639229053433603,-0.8543026216004037
-0.6246701259900828,-0.42085132629172634,0.1639229053433603,-0.854464411600421
-0.6248122759900808,-0.42075894754173054,0.1638953034565308,-0.854464411600421
-0.6245990509900837,-0.42085132629172634,0.1638953034565308,-0.854572271600432
-0.6246701259900828,-0.4209437050417221,0.16390450408547397,-0.8544104816004152
-0.6247412009900818,-0.42098989441672,0.1639321059723035,-0.854464411600421
-0.6247412009900818,-0.42075894754173054,0.1639229053433603,-0.8543565516004095
-0.6245279759900845,-0.42089751566672423,0.16394130660124667,-0.854464411600421
-0.6247412009900818,-0.4209437050417221,0.1639229053433603,-0.854464411600421
-0.6248122759900808,-0.42075894754173054,0.1639321059723035,-0.854464411600421
-0.6248122759900808,-0.42085132629172634,0.16394130660124667,-0.8544104816004152
-0.6246701259900828,-0.42075894754173054,0.1639321059723035,-0.8545183416004263
-0.6247412009900818,-0.42085132629172634,0.1639321059723035,-0.854464411600421
-0.6247412009900818,-0.42085132629172634,0.1639321059723035,-0.8544104816004152
-0.6246701259900828,-0.42075894754173054,0.1639321059723035,-0.854464411600421
-0.6246701259900828,-0.42085132629172634,0.1639229053433603,-0.8545183416004263
-0.6246701259900828,-0.42080513691672844,0.1639321059723035,-0.8543565516004095
-0.6247412009900818,-0.4209437050417221,0.1639229053433603,-0.854572271600432
-0.6246701259900828,-0.42075894754173054,0.16394130660124667,-0.854464411600421
-0.6248122759900808,-0.42085132629172634,0.1639321059723035,-0.8544104816004152
-0.6247412009900818,-0.42080513691672844,0.16394130660124667,-0.8545183416004263
-0.6247412009900818,-0.42085132629172634,0.1639229053433603,-0.8543026216004037
-0.6247412009900818,-0.42085132629172634,0.1639229053433603,-0.8544104816004152
-0.6248122759900808,-0.42098989441672,0.16394130660124667,-0.8543565516004095
-0.6246701259900828,-0.42080513691672844,0.1638953034565308,-0.8544104816004152
-0.6248122759900808,-0.42080513691672844,0.1639321059723035,-0.854464411600421
-0.6247412009900818,-0.42098989441672,0.16395050723018983,-0.8543026216004037
-0.6246701259900828,-0.42085132629172634,0.1638953034565308,-0.854464411600421
-0.6247412009900818,-0.42085132629172634,0.1639229053433603,-0.854464411600421
-0.6248122759900808,-0.42080513691672844,0.1639321059723035,-0.8544104816004152
-0.6248122759900808,-0.42089751566672423,0.1639321059723035,-0.8545183416004263
-0.6246701259900828,-0.42089751566672423,0.1639321059723035,-0.854464411600421
-0.6248122759900808,-0.42089751566672423,0.1639321059723035,-0.854572271600432
-0.6248122759900808,-0.42085132629172634,0.1639321059723035,-0.8545183416004263
-0.6246701259900828,-0.42080513691672844,0.16391370471441713,-0.854464411600421
-0.6246701259900828,-0.42075894754173054,0.1639229053433603,-0.854464411600421
-0.6248122759900808,-0.4209437050417221,0.16394130660124667,-0.8543026216004037
-0.6247412009900818,-0.42085132629172634,0.16395050723018983,-0.8543565516004095
-0.6248122759900808,-0.4209437050417221,0.1639321059723035,-0.8543565516004095
-0.6248122759900808,-0.4209437050417221,0.1639229053433603,-0.8543565516004095
-0.6247412009900818,-0.42085132629172634,0.16391370471441713,-0.8545183416004263
-0.6248122759900808,-0.42080513691672844,0.16394130660124667,-0.854464411600421
-0.6248122759900808,-0.42080513691672844,0.1639229053433603,-0.854464411600421
-0.6248122759900808,-0.42089751566672423,0.1639229053433603,-0.854464411600421
-0.6248122759900808,-0.4209437050417221,0.1639229053433603,-0.8545183416004263
-0.6248122759900808,-0.4209437050417221,0.1639229053433603,-0.8545183416004263
-0.6247412009900818,-0.42089751566672423,0.16390450408547397,-0.854572271600432
-0.6245990509900837,-0.42080513691672844,0.1639321059723035,-0.8545183416004263
-0.6247412009900818,-0.42085132629172634,0.1639229053433603,-0.8544104816004152
-0.6247412009900818,-0.42085132629172634,0.1639321059723035,-0.8544104816004152
-0.6248122759900808,-0.42089751566672423,0.16394130660124667,-0.854464411600421
-0.6248122759900808,-0.42085132629172634,0.1639229053433603,-0.854248691600398
-0.6248122759900808,-0.42080513691672844,0.1639229053433603,-0.8545183416004263
-0.6247412009900818,-0.42080513691672844,0.1639321059723035,-0.8543565516004095
-0.6248122759900808,-0.42085132629172634,0.1639229053433603,-0.8544104816004152
-0.6247412009900818,-0.4209437050417221,0.1639321059723035,-0.8543565516004095
-0.6247412009900818,-0.4209437050417221,0.1639321059723035,-0.8544104816004152
-0.6247412009900818,-0.42085132629172634,0.16394130660124667,-0.854464411600421
-0.6248122759900808,-0.42080513691672844,0.1639321059723035,-0.854464411600421
-0.6248122759900808,-0.42085132629172634,0.1639229053433603,-0.854464411600421
-0.6246701259900828,-0.42085132629172634,0.1639321059723035,-0.8543026216004037
-0.6246701259900828,-0.42071275816673265,0.1639229053433603,-0.8545183416004263
-0.6248122759900808,-0.42080513691672844,0.16394130660124667,-0.8545183416004263
-0.6248122759900808,-0.42089751566672423,0.1639229053433603,-0.8544104816004152
-0.6249544259900789,-0.42085132629172634,0.1639229053433603,-0.8544104816004152
-0.6248833509900799,-0.42089751566672423,0.1639321059723035,-0.854464411600421
-0.6248122759900808,-0.42080513691672844,0.16394130660124667,-0.8543565516004095
-0.6248122759900808,-0.42080513691672844,0.16395050723018983,-0.854464411600421
-0.6247412009900818,-0.42085132629172634,0.1638953034565308,-0.8544104816004152
-0.6248122759900808,-0.42089751566672423,0.1639321059723035,-0.8544104816004152
-0.6248122759900808,-0.42080513691672844,0.1639321059723035,-0.854464411600421
-0.6249544259900789,-0.42085132629172634,0.1639321059723035,-0.8545183416004263
-0.6248122759900808,-0.42075894754173054,0.16394130660124667,-0.8543026216004037
-0.6248122759900808,-0.42085132629172634,0.16394130660124667,-0.8543565516004095
-0.6248122759900808,-0.42085132629172634,0.16395050723018983,-0.8545183416004263
-0.6250255009900781,-0.42098989441672,0.16395050723018983,-0.8543565516004095
-0.6248833509900799,-0.42075894754173054,0.16395050723018983,-0.8544104816004152
-0.6246701259900828,-0.42085132629172634,0.1638953034565308,-0.854464411600421
-0.6248122759900808,-0.42085132629172634,0.1639321059723035,-0.8543026216004037
-0.6249544259900789,-0.42075894754173054,0.1639229053433603,-0.854464411600421
-0.6248833509900799,-0.4209437050417221,0.163959707859133,-0.854464411600421
-0.6247412009900818,-0.42080513691672844,0.16395050723018983,-0.854464411600421
-0.6248122759900808,-0.42075894754173054,0.16394130660124667,-0.8545183416004263
-0.6248122759900808,-0.42075894754173054,0.1639229053433603,-0.8544104816004152
-0.6248122759900808,-0.42080513691672844,0.16394130660124667,-0.8543565516004095
-0.6248122759900808,-0.4209437050417221,0.1639229053433603,-0.854464411600421
-0.6248122759900808,-0.4209437050417221,0.1639321059723035,-0.8544104816004152
-0.6248122759900808,-0.42085132629172634,0.16391370471441713,-0.8544104816004152
-0.6248122759900808,-0.42080513691672844,0.1639321059723035,-0.8544104816004152
-0.6248122759900808,-0.42075894754173054,0.16395050723018983,-0.8545183416004263
-0.6248122759900808,-0.42085132629172634,0.1639321059723035,-0.854464411600421
-0.6248122759900808,-0.42085132629172634,0.1639321059723035,-0.854464411600421
-0.6248122759900808,-0.42071275816673265,0.1639229053433603,-0.8543565516004095
-0.6248122759900808,-0.42085132629172634,0.1639321059723035,-0.8543565516004095
-0.6248122759900808,-0.42075894754173054,0.1639229053433603,-0.8545183416004263
-0.6248122759900808,-0.42089751566672423,0.163959707859133,-0.8543565516004095
-0.6248122759900808,-0.42085132629172634,0.16395050723018983,-0.8543565516004095
-0.6248122759900808,-0.42089751566672423,0.1639321059723035,-0.8544104816004152
-0.6248122759900808,-0.4209437050417221,0.1639321059723035,-0.8543565516004095
-0.6247412009900818,-0.4209437050417221,0.16391370471441713,-0.8545183416004263
-0.6248122759900808,-0.42085132629172634,0.16395050723018983,-0.8543565516004095
-0.6249544259900789,-0.4209437050417221,0.16394130660124667,-0.8544104816004152
-0.6248122759900808,-0.42085132629172634,0.1639321059723035,-0.8543565516004095
-0.6248122759900808,-0.42085132629172634,0.1639321059723035,-0.854464411600421
-0.6246701259900828,-0.42085132629172634,0.1639229053433603,-0.8544104816004152
-0.6248122759900808,-0.42085132629172634,0.1639321059723035,-0.854572271600432
-0.6250255009900781,-0.4209437050417221,0.16395050723018983,-0.8545183416004263
-0.6248122759900808,-0.42080513691672844,0.16395050723018983,-0.854464411600421
-0.6248122759900808,-0.42085132629172634,0.1639321059723035,-0.8543565516004095
-0.6249544259900789,-0.42085132629172634,0.1639321059723035,-0.8545183416004263
-0.6250255009900781,-0.42080513691672844,0.1639229053433603,-0.8543565516004095
-0.6250255009900781,-0.42075894754173054,0.16395050723018983,-0.8544104816004152
-0.6249544259900789,-0.42080513691672844,0.1639321059723035,-0.854464411600421
-0.6248122759900808,-0.42098989441672,0.16394130660124667,-0.854572271600432
-0.6248122759900808,-0.42098989441672,0.16395050723018983,-0.854464411600421
-0.6248122759900808,-0.42089751566672423,0.1639229053433603,-0.8544104816004152
-0.6249544259900789,-0.4209437050417221,0.1639229053433603,-0.8543565516004095
-0.6248833509900799,-0.4209437050417221,0.1639321059723035,-0.854464411600421
-0.6250255009900781,-0.42085132629172634,0.16394130660124667,-0.8543026216004037
-0.6247412009900818,-0.42075894754173054,0.1639321059723035,-0.8545183416004263
-0.6248122759900808,-0.42085132629172634,0.16391370471441713,-0.854464411600421
-0.6248122759900808,-0.42085132629172634,0.1639321059723035,-0.854464411600421
-0.6250255009900781,-0.42085132629172634,0.16395050723018983,-0.854464411600421
-0.6248122759900808,-0.42089751566672423,0.1639321059723035,-0.854464411600421
-0.6248122759900808,-0.42098989441672,0.1639321059723035,-0.854572271600432
-0.6250965759900772,-0.42085132629172634,0.16394130660124667,-0.854464411600421
-0.6249544259900789,-0.42075894754173054,0.1639321059723035,-0.8543565516004095
-0.6249544259900789,-0.42085132629172634,0.16395050723018983,-0.854464411600421
-0.6248122759900808,-0.42085132629172634,0.1639229053433603,-0.8543565516004095
-0.6248122759900808,-0.42085132629172634,0.16394130660124667,-0.8543565516004095
-0.6248122759900808,-0.42085132629172634,0.1639229053433603,-0.8544104816004152
-0.6250255009900781,-0.42085132629172634,0.16394130660124667,-0.854464411600421
-0.6248122759900808,-0.42071275816673265,0.16394130660124667,-0.854464411600421
-0.6248122759900808,-0.42085132629172634,0.16394130660124667,-0.854464411600421
-0.6248122759900808,-0.42080513691672844,0.1639321059723035,-0.8543565516004095
-0.6248122759900808,-0.42089751566672423,0.16394130660124667,-0.854464411600421
-0.6248122759900808,-0.4209437050417221,0.1639321059723035,-0.8543565516004095
-0.6248122759900808,-0.42071275816673265,0.16394130660124667,-0.8544104816004152
-0.6250255009900781,-0.42085132629172634,0.16394130660124667,-0.8546801316004435
-0.6248122759900808,-0.42085132629172634,0.1639321059723035,-0.854464411600421
-0.6248122759900808,-0.4209437050417221,0.16395050723018983,-0.8543026216004037
-0.6250255009900781,-0.42075894754173054,0.16391370471441713,-0.8543026216004037
-0.6246701259900828,-0.42089751566672423,0.1639321059723035,-0.854464411600421
-0.6250255009900781,-0.42098989441672,0.1639321059723035,-0.854464411600421
-0.6248122759900808,-0.4209437050417221,0.16394130660124667,-0.854464411600421
-0.6248122759900808,-0.42085132629172634,0.1639321059723035,-0.8544104816004152
-0.6250255009900781,-0.4209437050417221,0.16396890848807621,-0.8544104816004152
-0.6248122759900808,-0.42080513691672844,0.1639321059723035,-0.854464411600421
-0.6250965759900772,-0.42080513691672844,0.16394130660124667,-0.8543565516004095
-0.6248122759900808,-0.42085132629172634,0.1639229053433603,-0.8544104816004152
-0.6248122759900808,-0.42085132629172634,0.1639229053433603,-0.8545183416004263
-0.6249544259900789,-0.42089751566672423,0.1639321059723035,-0.8543565516004095
-0.6249544259900789,-0.4209437050417221,0.1639321059723035,-0.8545183416004263
-0.6248122759900808,-0.42075894754173054,0.1639321059723035,-0.854464411600421
-0.6250255009900781,-0.42085132629172634,0.1639321059723035,-0.8544104816004152
-0.6250255009900781,-0.42080513691672844,0.16394130660124667,-0.854464411600421
-0.6248122759900808,-0.42080513691672844,0.1639229053433603,-0.854464411600421
-0.6250255009900781,-0.4209437050417221,0.16394130660124667,-0.854248691600398
-0.6248833509900799,-0.42080513691672844,0.1639229053433603,-0.854464411600421
-0.6249544259900789,-0.42098989441672,0.1639321059723035,-0.8545183416004263
-0.6248122759900808,-0.42089751566672423,0.1639229053433603,-0.8544104816004152
-0.6248122759900808,-0.42098989441672,0.1639321059723035,-0.854464411600421
-0.6248122759900808,-0.42080513691672844,0.1639321059723035,-0.8543565516004095
-0.6248122759900808,-0.42085132629172634,0.1639321059723035,-0.854464411600421
-0.6247412009900818,-0.42085132629172634,0.1639321059723035,-0.854464411600421
-0.6249544259900789,-0.42080513691672844,0.16395050723018983,-0.854464411600421
-0.6249544259900789,-0.42098989441672,0.1639321059723035,-0.8543565516004095
-0.6250255009900781,-0.42080513691672844,0.16395050723018983,-0.8543565516004095
-0.6249544259900789,-0.42085132629172634,0.16395050723018983,-0.8545183416004263
-0.6250255009900781,-0.42085132629172634,0.1639229053433603,-0.8543565516004095
-0.6249544259900789,-0.42075894754173054,0.1639321059723035,-0.854464411600421
-0.6250255009900781,-0.42085132629172634,0.1639321059723035,-0.8543565516004095
-0.6248122759900808,-0.42085132629172634,0.16395050723018983,-0.8543026216004037
-0.6249544259900789,-0.4209437050417221,0.1639321059723035,-0.854572271600432
-0.6249544259900789,-0.42085132629172634,0.16394130660124667,-0.8543565516004095
-0.6249544259900789,-0.42085132629172634,0.163959707859133,-0.8544104816004152
-0.6248833509900799,-0.42085132629172634,0.16394130660124667,-0.854464411600421
-0.6248833509900799,-0.42075894754173054,0.16394130660124667,-0.854464411600421
-0.6250965759900772,-0.42080513691672844,0.1639229053433603,-0.8544104816004152
-0.6250255009900781,-0.42085132629172634,0.16394130660124667,-0.854572271600432
-0.6248122759900808,-0.42098989441672,0.1639321059723035,-0.8543026216004037
-0.6250255009900781,-0.42098989441672,0.16394130660124667,-0.8543565516004095
-0.6248122759900808,-0.42080513691672844,0.16394130660124667,-0.854464411600421
-0.6250965759900772,-0.42080513691672844,0.1639321059723035,-0.854464411600421
-0.6250255009900781,-0.42085132629172634,0.1639229053433603,-0.854464411600421
-0.6249544259900789,-0.42089751566672423,0.1639321059723035,-0.8543565516004095
-0.6248122759900808,-0.42085132629172634,0.16391370471441713,-0.8545183416004263
-0.6248833509900799,-0.42080513691672844,0.1639321059723035,-0.8545183416004263
-0.6250255009900781,-0.42085132629172634,0.16394130660124667,-0.8544104816004152
-0.6248122759900808,-0.42085132629172634,0.1639229053433603,-0.854464411600421
-0.6248122759900808,-0.42075894754173054,0.16394130660124667,-0.854464411600421
-0.6250255009900781,-0.42080513691672844,0.163959707859133,-0.8544104816004152
-0.6248122759900808,-0.42075894754173054,0.1639321059723035,-0.8543026216004037
-0.6249544259900789,-0.42098989441672,0.16394130660124667,-0.854248691600398
-0.6248833509900799,-0.4209437050417221,0.1639229053433603,-0.854464411600421
-0.6250255009900781,-0.42085132629172634,0.1639321059723035,-0.8545183416004263
-0.6248122759900808,-0.42098989441672,0.16395050723018983,-0.8544104816004152
-0.6250255009900781,-0.42080513691672844,0.16391370471441713,-0.854464411600421
-0.6249544259900789,-0.42085132629172634,0.1639229053433603,-0.8544104816004152
-0.6249544259900789,-0.42080513691672844,0.16394130660124667,-0.854464411600421
-0.6249544259900789,-0.42075894754173054,0.1639229053433603,-0.854572271600432
-0.6250255009900781,-0.42080513691672844,0.16394130660124667,-0.8544104816004152
-0.6249544259900789,-0.42089751566672423,0.1639229053433603,-0.8544104816004152
-0.6250965759900772,-0.42080513691672844,0.16394130660124667,-0.8543026216004037
-0.6249544259900789,-0.42085132629172634,0.1639321059723035,-0.854464411600421
-0.6249544259900789,-0.42085132629172634,0.1639321059723035,-0.854464411600421
-0.6250255009900781,-0.42075894754173054,0.1639321059723035,-0.8544104816004152
-0.6250255009900781,-0.4209437050417221,0.16394130660124667,-0.854464411600421
-0.6249544259900789,-0.42089751566672423,0.16395050723018983,-0.854464411600421
-0.6250255009900781,-0.4209437050417221,0.16391370471441713,-0.854464411600421
-0.6249544259900789,-0.4209437050417221,0.1639321059723035,-0.854464411600421
-0.6248122759900808,-0.42089751566672423,0.1638953034565308,-0.854464411600421
-0.6250255009900781,-0.42085132629172634,0.16394130660124667,-0.8544104816004152
-0.6249544259900789,-0.42080513691672844,0.16395050723018983,-0.8543026216004037
-0.6249544259900789,-0.4209437050417221,0.16395050723018983,-0.8543565516004095
-0.6250255009900781,-0.42085132629172634,0.1639321059723035,-0.8543565516004095
-0.4157758954891607,-0.2812885203750063,0.18643631750498088,-0.5702124911426507
-0.41598912048915804,-0.2812423310000084,0.1864547187628672,-0.5701585611426454
-0.4159180454891588,-0.2811961416250105,0.18644551813392404,-0.5702124911426507
-0.41584697048916,-0.2811499522500126,0.1864547187628672,-0.5701585611426454
-0.4157758954891607,-0.2811499522500126,0.18644551813392404,-0.5701585611426454
-0.41598912048915804,-0.2812885203750063,0.18643631750498088,-0.5701585611426454
-0.4160601954891573,-0.2811037628750147,0.1864547187628672,-0.5702664211426565
-0.4159180454891588,-0.2811961416250105,0.18644551813392404,-0.5702124911426507
-0.41584697048916,-0.2812423310000084,0.1864547187628672,-0.5701585611426454
-0.4160601954891573,-0.2811499522500126,0.1864547187628672,-0.5702124911426507
-0.4160601954891573,-0.2812885203750063,0.18644551813392404,-0.5702664211426565
-0.4160601954891573,-0.2811961416250105,0.18644551813392404,-0.570374281142668
-0.4161312704891561,-0.2813347097500042,0.18644551813392404,-0.5702124911426507
-0.41584697048916,-0.2813347097500042,0.18644551813392404,-0.5701046311426397
-0.4157758954891607,-0.2811961416250105,0.1864547187628672,-0.5702664211426565
-0.4159180454891588,-0.2811961416250105,0.18642711687603772,-0.5702664211426565
-0.4160601954891573,-0.2811961416250105,0.1864179162470945,-0.5702664211426565
-0.41598912048915804,-0.2811961416250105,0.18647312002075359,-0.5703203511426622
-0.4157758954891607,-0.2812423310000084,0.18647312002075359,-0.5702664211426565
-0.4159180454891588,-0.2812885203750063,0.18646391939181042,-0.5702124911426507
-0.4159180454891588,-0.2811961416250105,0.18643274562844597,-0.5702664211426565
-0.4159180454891588,-0.2811499522500126,0.18646034751527552,-0.5703203511426622
-0.41584697048916,-0.2811961416250105,0.18644194625738914,-0.5703203511426622
-0.4159180454891588,-0.2811961416250105,0.1864511468863323,-0.5702664211426565
-0.4160601954891573,-0.2811961416250105,0.18644194625738914,-0.5703203511426622
-0.4159180454891588,-0.2812423310000084,0.18644194625738914,-0.5702664211426565
-0.4159180454891588,-0.2813347097500042,0.18644194625738914,-0.5702664211426565
-0.4159180454891588,-0.2812885203750063,0.1864511468863323,-0.5703203511426622
-0.4159180454891588,-0.2813347097500042,0.1864511468863323,-0.5702664211426565
-0.4159180454891588,-0.2811499522500126,0.18646954814421868,-0.5701585611426454
-0.41598912048915804,-0.2811499522500126,0.18643274562844597,-0.570374281142668
-0.4159180454891588,-0.2812885203750063,0.18646034751527552,-0.5702664211426565
-0.4160601954891573,-0.2812885203750063,0.1864511468863323,-0.5702124911426507
-0.41563374548916265,-0.2811961416250105,0.186487949402105,-0.5702664211426565
-0.4160601954891573,-0.2812423310000084,0.18646954814421868,-0.5701585611426454
-0.4161312704891561,-0.2811961416250105,0.18646954814421868,-0.5701585611426454
-0.41584697048916,-0.2811037628750147,0.18646954814421868,-0.5701585611426454
-0.41598912048915804,-0.2812885203750063,0.1864511468863323,-0.5701585611426454
-0.4160601954891573,-0.2811961416250105,0.1864511468863323,-0.5702124911426507
-0.4160601954891573,-0.2811961416250105,0.1864511468863323,-0.5702664211426565
-0.4160601954891573,-0.2812885203750063,0.18646954814421868,-0.5702664211426565
-0.4160601954891573,-0.2811037628750147,0.1864511468863323,-0.5702664211426565
-0.4159180454891588,-0.2811499522500126,0.18644194625738914,-0.5702664211426565
-0.4159180454891588,-0.2811961416250105,0.18647874877316184,-0.5701585611426454
-0.4157758954891607,-0.2812423310000084,0.1864511468863323,-0.5702124911426507
-0.4160601954891573,-0.2812885203750063,0.18646034751527552,-0.5701585611426454
-0.41598912048915804,-0.2812885203750063,0.18647874877316184,-0.5704821411426795
-0.4159180454891588,-0.2812885203750063,0.18644194625738914,-0.5702124911426507
-0.41598912048915804,-0.2811961416250105,0.1864511468863323,-0.5702664211426565
-0.4159180454891588,-0.2811961416250105,0.1864511468863323,-0.5700507011426339
-0.4159180454891588,-0.2811961416250105,0.1864511468863323,-0.5700507011426339
-0.4159180454891588,-0.2811961416250105,0.1864511468863323,-0.5702664211426565
-0.4159180454891588,-0.2812885203750063,0.1864511468863323,-0.5702664211426565
-0.4159180454891588,-0.2812885203750063,0.18646954814421868,-0.5702124911426507
-0.41584697048916,-0.2812885203750063,0.1864511468863323,-0.5702664211426565
-0.4159180454891588,-0.2811961416250105,0.18646954814421868,-0.5702664211426565
-0.41598912048915804,-0.2812885203750063,0.1864511468863323,-0.5702124911426507
-0.41584697048916,-0.2812885203750063,0.18644194625738914,-0.5702664211426565
-0.41598912048915804,-0.2811961416250105,0.18647874877316184,-0.5701585611426454
-0.4160601954891573,-0.2811499522500126,0.1864511468863323,-0.5701585611426454
-0.4160601954891573,-0.2812423310000084,0.18646954814421868,-0.5702124911426507
-0.4159180454891588,-0.2811037628750147,0.1864511468863323,-0.5701585611426454
-0.4157758954891607,-0.2812885203750063,0.18646954814421868,-0.5701585611426454
-0.4157758954891607,-0.2811961416250105,0.1864511468863323,-0.5703203511426622
-0.4159180454891588,-0.2811961416250105,0.18643274562844597,-0.5702664211426565
-0.4159180454891588,-0.2812423310000084,0.18646954814421868,-0.5702664211426565
-0.41584697048916,-0.2811961416250105,0.18644194625738914,-0.5703203511426622
-0.4160601954891573,-0.2812885203750063,0.18646034751527552,-0.5701585611426454
-0.4160601954891573,-0.2811961416250105,0.18644194625738914,-0.5702664211426565
-0.4159180454891588,-0.2811499522500126,0.18644194625738914,-0.5703203511426622
-0.41563374548916265,-0.2811961416250105,0.18647874877316184,-0.5702664211426565
-0.41584697048916,-0.2813347097500042,0.18646954814421868,-0.5701585611426454
-0.4159180454891588,-0.2811961416250105,0.18646034751527552,-0.5702124911426507
-0.41598912048915804,-0.2811499522500126,0.1864511468863323,-0.5702664211426565
-0.4159180454891588,-0.2812885203750063,0.18643274562844597,-0.5702664211426565
-0.4159180454891588,-0.2811961416250105,0.18644194625738914,-0.5702664211426565
-0.4159180454891588,-0.2812885203750063,0.1864511468863323,-0.5701585611426454
-0.4159180454891588,-0.2811961416250105,0.1864511468863323,-0.5701585611426454
-0.4160601954891573,-0.2811499522500126,0.18646954814421868,-0.5701585611426454
-0.4159180454891588,-0.2812423310000084,0.18646954814421868,-0.5701585611426454
-0.4159180454891588,-0.2811961416250105,0.18644194625738914,-0.5701046311426397
-0.4159180454891588,-0.2812423310000084,0.186487949402105,-0.5702664211426565
-0.4159180454891588,-0.2812885203750063,0.18643274562844597,-0.5701585611426454
-0.4159180454891588,-0.2811961416250105,0.1864511468863323,-0.5702664211426565
-0.41584697048916,-0.2811499522500126,0.1864235449995028,-0.5702664211426565
-0.4159180454891588,-0.2811961416250105,0.1864511468863323,-0.5701585611426454
-0.41598912048915804,-0.2811961416250105,0.1864511468863323,-0.5701585611426454
-0.41598912048915804,-0.2812885203750063,0.1864511468863323,-0.5702124911426507
-0.4159180454891588,-0.2812885203750063,0.18643274562844597,-0.5702124911426507
-0.4160601954891573,-0.2812885203750063,0.1864511468863323,-0.5701585611426454
-0.41598912048915804,-0.2811499522500126,0.1864511468863323,-0.5703203511426622
-0.41584697048916,-0.2812423310000084,0.1864511468863323,-0.5702124911426507
-0.41584697048916,-0.2812885203750063,0.1864511468863323,-0.5702124911426507
-0.41584697048916,-0.2812423310000084,0.1864511468863323,-0.5702664211426565
-0.41598912048915804,-0.2812885203750063,0.18646034751527552,-0.5702664211426565
-0.41598912048915804,-0.2811961416250105,0.18644194625738914,-0.5701046311426397
-0.4160601954891573,-0.2812885203750063,0.1864511468863323,-0.5702664211426565
-0.41598912048915804,-0.2811499522500126,0.1864511468863323,-0.5702124911426507
-0.4159180454891588,-0.2813347097500042,0.18646954814421868,-0.5702664211426565
-0.41584697048916,-0.2812423310000084,0.1864511468863323,-0.5701046311426397
-0.41598912048915804,-0.2812423310000084,0.18646954814421868,-0.5702664211426565
-0.41563374548916265,-0.2812423310000084,0.18644194625738914,-0.5702664211426565
-0.4160601954891573,-0.2811961416250105,0.18644194625738914,-0.5701585611426454
-0.4159180454891588,-0.2812885203750063,0.1864511468863323,-0.5701585611426454
-0.41584697048916,-0.2812423310000084,0.18646034751527552,-0.5701585611426454
-0.41584697048916,-0.2811961416250105,0.18646034751527552,-0.5702124911426507
-0.4161312704891561,-0.2811961416250105,0.1864511468863323,-0.5702664211426565
-0.41598912048915804,-0.2812423310000084,0.1864235449995028,-0.570374281142668
-0.4159180454891588,-0.2812885203750063,0.18646034751527552,-0.5701585611426454
-0.4159180454891588,-0.2812885203750063,0.18647874877316184,-0.5700507011426339
-0.4160601954891573,-0.2811961416250105,0.18646034751527552,-0.5700507011426339
-0.4160601954891573,-0.2811961416250105,0.1864511468863323,-0.5701046311426397
-0.4160601954891573,-0.2811961416250105,0.18646034751527552,-0.5702664211426565
-0.41598912048915804,-0.2812423310000084,0.1864511468863323,-0.5701046311426397
-0.4159180454891588,-0.2811961416250105,0.1864511468863323,-0.5702664211426565
-0.41620234548915536,-0.2812423310000084,0.18646954814421868,-0.5700507011426339
-0.41584697048916,-0.2811961416250105,0.18643274562844597,-0.5702124911426507
-0.4161312704891561,-0.2813347097500042,0.1864511468863323,-0.5701585611426454
-0.4159180454891588,-0.2811961416250105,0.1864511468863323,-0.5702664211426565
-0.41598912048915804,-0.2811961416250105,0.18646034751527552,-0.5702664211426565
-0.4159180454891588,-0.2812885203750063,0.1864511468863323,-0.5702124911426507
-0.4159180454891588,-0.2812423310000084,0.18644194625738914,-0.5701585611426454
-0.4160601954891573,-0.2811961416250105,0.1864511468863323,-0.5701585611426454
-0.4160601954891573,-0.2811499522500126,0.18647874877316184,-0.5701046311426397
-0.41598912048915804,-0.2812423310000084,0.18647874877316184,-0.570374281142668
-0.4159180454891588,-0.2812423310000084,0.1864511468863323,-0.5702664211426565
-0.41598912048915804,-0.2811961416250105,0.18646954814421868,-0.5702124911426507
-0.4159180454891588,-0.2811961416250105,0.1864235449995028,-0.5701585611426454
-0.4161312704891561,-0.2813347097500042,0.18644194625738914,-0.5701585611426454
-0.41598912048915804,-0.2812885203750063,0.18646034751527552,-0.5702124911426507
-0.41584697048916,-0.2811961416250105,0.1864511468863323,-0.5703203511426622
-0.4159180454891588,-0.2811961416250105,0.1864511468863323,-0.5700507011426339
-0.4160601954891573,-0.2811961416250105,0.18646954814421868,-0.5702124911426507
-0.4159180454891588,-0.2812423310000084,0.1864511468863323,-0.5701585611426454
-0.4159180454891588,-0.2811961416250105,0.18646954814421868,-0.5702124911426507
-0.41598912048915804,-0.2811961416250105,0.1864511468863323,-0.5702124911426507
-0.41598912048915804,-0.2812885203750063,0.1864511468863323,-0.5700507011426339
-0.4159180454891588,-0.2812885203750063,0.1864511468863323,-0.5703203511426622
-0.4159180454891588,-0.2813347097500042,0.1864511468863323,-0.5701585611426454
-0.4159180454891588,-0.2811961416250105,0.18646034751527552,-0.5702664211426565
-0.4159180454891588,-0.2811961416250105,0.18646954814421868,-0.5702124911426507
-0.4161312704891561,-0.2811961416250105,0.18643274562844597,-0.5702664211426565
-0.4159180454891588,-0.2812885203750063,0.18646034751527552,-0.5701046311426397
-0.4160601954891573,-0.2812885203750063,0.1864511468863323,-0.5701585611426454
-0.41598912048915804,-0.2811037628750147,0.18647874877316184,-0.5701585611426454
-0.4160601954891573,-0.2812885203750063,0.1864511468863323,-0.5701585611426454
-0.41598912048915804,-0.2811961416250105,0.18644194625738914,-0.5702664211426565
-0.41598912048915804,-0.2811961416250105,0.1864511468863323,-0.5702664211426565
-0.4161312704891561,-0.2812423310000084,0.18647874877316184,-0.5701046311426397
-0.4160601954891573,-0.2811499522500126,0.18643274562844597,-0.5701585611426454
-0.4159180454891588,-0.2811961416250105,0.18646034751527552,-0.5702124911426507
-0.41584697048916,-0.2812423310000084,0.1864511468863323,-0.5700507011426339
-0.4159180454891588,-0.2812423310000084,0.186487949402105,-0.5701585611426454
-0.4159180454891588,-0.2811961416250105,0.18646954814421868,-0.5701585611426454
-0.4157758954891607,-0.2811499522500126,0.18644194625738914,-0.5702664211426565
-0.41598912048915804,-0.2812423310000084,0.18646954814421868,-0.5701585611426454
-0.41598912048915804,-0.2812423310000084,0.18644194625738914,-0.5702664211426565
-0.4159180454891588,-0.2811961416250105,0.18644194625738914,-0.5701585611426454
-0.4160601954891573,-0.2812885203750063,0.18646034751527552,-0.5701585611426454
-0.4159180454891588,-0.2811961416250105,0.18646034751527552,-0.5701585611426454
-0.41598912048915804,-0.2812423310000084,0.18646034751527552,-0.5702124911426507
-0.41584697048916,-0.2810575735000166,0.1864511468863323,-0.5702124911426507
-0.4159180454891588,-0.2811961416250105,0.18643274562844597,-0.5702664211426565
-0.4159180454891588,-0.2812885203750063,0.18647874877316184,-0.5701046311426397
-0.4160601954891573,-0.2811961416250105,0.18646034751527552,-0.5702664211426565
-0.41584697048916,-0.2812423310000084,0.18646034751527552,-0.5701585611426454
-0.4159180454891588,-0.2811961416250105,0.18647874877316184,-0.5702124911426507
-0.4159180454891588,-0.2811961416250105,0.1864511468863323,-0.5702124911426507
-0.4159180454891588,-0.2811499522500126,0.1864511468863323,-0.5701585611426454
-0.4160601954891573,-0.2812885203750063,0.18646034751527552,-0.5701585611426454
-0.41598912048915804,-0.2811499522500126,0.1864511468863323,-0.5702664211426565
-0.41584697048916,-0.2812423310000084,0.18647874877316184,-0.5701585611426454
-0.41598912048915804,-0.2811961416250105,0.18647874877316184,-0.5701585611426454
-0.41598912048915804,-0.2811961416250105,0.18646034751527552,-0.5701585611426454
-0.4159180454891588,-0.2811961416250105,0.18644194625738914,-0.5702664211426565
-0.4160601954891573,-0.2811499522500126,0.18646954814421868,-0.5701585611426454
-0.4161312704891561,-0.2812423310000084,0.1864511468863323,-0.5702124911426507
-0.4159180454891588,-0.2812423310000084,0.18646954814421868,-0.5702124911426507
-0.4159180454891588,-0.2811961416250105,0.18644194625738914,-0.5702664211426565
-0.4157758954891607,-0.2812423310000084,0.1864511468863323,-0.5702124911426507
-0.4160601954891573,-0.2812423310000084,0.18647874877316184,-0.5701585611426454
-0.4159180454891588,-0.2811961416250105,0.1864511468863323,-0.5702124911426507
-0.41598912048915804,-0.2811961416250105,0.18646954814421868,-0.5700507011426339
-0.4159180454891588,-0.2812885203750063,0.1864511468863323,-0.5701585611426454
-0.4159180454891588,-0.2812885203750063,0.1864511468863323,-0.5701585611426454
-0.41598912048915804,-0.2811961416250105,0.1864511468863323,-0.5702664211426565
-0.4159180454891588,-0.2811961416250105,0.18646034751527552,-0.5702124911426507
-0.4160601954891573,-0.2811961416250105,0.18646954814421868,-0.5701585611426454
-0.4159180454891588,-0.2811961416250105,0.18646954814421868,-0.5703203511426622
-0.4159180454891588,-0.2812885203750063,0.1864511468863323,-0.5701585611426454
-0.41584697048916,-0.2811961416250105,0.18643274562844597,-0.5703203511426622
-0.4159180454891588,-0.2811037628750147,0.18646954814421868,-0.5701046311426397
-0.4159180454891588,-0.2811037628750147,0.18646954814421868,-0.5702664211426565
-0.4159180454891588,-0.2811961416250105,0.1864511468863323,-0.5701585611426454
-0.41598912048915804,-0.2811961416250105,0.18646954814421868,-0.5702124911426507
-0.41598912048915804,-0.2812885203750063,0.1864511468863323,-0.5702124911426507
-0.4159180454891588,-0.2811961416250105,0.18646034751527552,-0.5702124911426507
-0.41598912048915804,-0.2811961416250105,0.18646954814421868,-0.5701046311426397
-0.41584697048916,-0.2812423310000084,0.18647874877316184,-0.5701585611426454
-0.41584697048916,-0.2811961416250105,0.18646034751527552,-0.5702124911426507
-0.41598912048915804,-0.2812423310000084,0.18643274562844597,-0.5701585611426454
-0.4159180454891588,-0.2811961416250105,0.18644194625738914,-0.5701585611426454
-0.4159180454891588,-0.2812885203750063,0.18646954814421868,-0.5702124911426507
-0.4160601954891573,-0.2811499522500126,0.18644194625738914,-0.5701046311426397
-0.4159180454891588,-0.2811961416250105,0.18647874877316184,-0.5701585611426454
-0.4159180454891588,-0.2811961416250105,0.1864511468863323,-0.5703203511426622
-0.4157758954891607,-0.2811961416250105,0.1864511468863323,-0.5700507011426339
-0.41584697048916,-0.2811499522500126,0.18646954814421868,-0.5702664211426565
-0.41584697048916,-0.2812885203750063,0.18647874877316184,-0.5702664211426565
-0.4159180454891588,-0.2811961416250105,0.18646034751527552,-0.5702664211426565
-0.4159180454891588,-0.2813347097500042,0.18646034751527552,-0.5703203511426622
-0.4159180454891588,-0.2811961416250105,0.18647874877316184,-0.5701585611426454
-0.4160601954891573,-0.2811961416250105,0.18646034751527552,-0.5701585611426454
-0.4161312704891561,-0.2812885203750063,0.18646954814421868,-0.5702664211426565
-0.41598912048915804,-0.2812423310000084,0.18646954814421868,-0.5702664211426565
-0.4161312704891561,-0.2812423310000084,0.18647874877316184,-0.5701046311426397
-0.4160601954891573,-0.2812423310000084,0.18646954814421868,-0.5702124911426507
-0.4157758954891607,-0.2812885203750063,0.18647874877316184,-0.5703203511426622
-0.4159180454891588,-0.2811037628750147,0.1864511468863323,-0.5703203511426622
-0.4160601954891573,-0.2812885203750063,0.18647874877316184,-0.5700507011426339
-0.41598912048915804,-0.2811961416250105,0.18646954814421868,-0.5701585611426454
-0.41598912048915804,-0.2811961416250105,0.18646954814421868,-0.5701046311426397
-0.41598912048915804,-0.2811961416250105,0.1864511468863323,-0.5700507011426339
-0.4159180454891588,-0.2811961416250105,0.18646034751527552,-0.5701046311426397
-0.4160601954891573,-0.2812423310000084,0.18646954814421868,-0.5702664211426565
-0.41584697048916,-0.2811961416250105,0.18646954814421868,-0.5702124911426507
-0.4159180454891588,-0.2811961416250105,0.1864511468863323,-0.5702124911426507
-0.41598912048915804,-0.2813808991250021,0.1864511468863323,-0.5701585611426454
-0.4159180454891588,-0.2811961416250105,0.18646034751527552,-0.5701046311426397
-0.4160601954891573,-0.2813347097500042,0.186487949402105,-0.5701046311426397
-0.4159180454891588,-0.2811961416250105,0.18644194625738914,-0.5702124911426507
-0.41598912048915804,-0.2812885203750063,0.18647874877316184,-0.5702664211426565
-0.41598912048915804,-0.2812885203750063,0.18644194625738914,-0.5702124911426507
-0.41598912048915804,-0.2811961416250105,0.18646034751527552,-0.5701585611426454
-0.41598912048915804,-0.2811961416250105,0.18646034751527552,-0.5701585611426454
-0.41598912048915804,-0.2811961416250105,0.186487949402105,-0.5702664211426565
-0.4159180454891588,-0.2811961416250105,0.18644194625738914,-0.5702664211426565
-0.4160601954891573,-0.2811961416250105,0.18646954814421868,-0.5702664211426565
-0.41598912048915804,-0.2811961416250105,0.18644194625738914,-0.5701585611426454
-0.41584697048916,-0.2811961416250105,0.18647874877316184,-0.5701046311426397
-0.4159180454891588,-0.2813347097500042,0.18646954814421868,-0.5701585611426454
-0.4160601954891573,-0.2812885203750063,0.18646034751527552,-0.5701585611426454
-0.4159180454891588,-0.2811961416250105,0.18644194625738914,-0.5702124911426507
-0.4159180454891588,-0.2811961416250105,0.1864511468863323,-0.5702124911426507
-0.41584697048916,-0.2811037628750147,0.18646954814421868,-0.5700507011426339
-0.4159180454891588,-0.2811961416250105,0.18644194625738914,-0.5701585611426454
-0.41598912048915804,-0.2810575735000166,0.18647874877316184,-0.5701585611426454
-0.41598912048915804,-0.2812423310000084,0.18646954814421868,-0.5701585611426454
-0.4159180454891588,-0.2812423310000084,0.18646034751527552,-0.5702664211426565
-0.4160601954891573,-0.2813347097500042,0.1864511468863323,-0.5701046311426397
-0.20186243975873033,-0.14198471368272095,0.20939287485653543,-0.2864998706849379
-0.2019335147587296,-0.14221566055771065,0.2093744735986491,-0.28671559068496044
-0.20186243975873033,-0.14216947118271275,0.20939287485653543,-0.2866616606849549
-0.2019335147587296,-0.14221566055771065,0.2094020754854786,-0.2864459406849321
-0.2019335147587296,-0.14207709243271696,0.20938367422759227,-0.28660773068494916
-0.2019335147587296,-0.14207709243271696,0.2093744735986491,-0.2865538006849434
-0.2019335147587296,-0.14216947118271275,0.20935607234076273,-0.2865538006849434
-0.20172028975873227,-0.14212328180771486,0.2093652729697059,-0.2864998706849379
-0.2019335147587296,-0.14212328180771486,0.20939287485653543,-0.28660773068494916
-0.20186243975873033,-0.14207709243271696,0.2094020754854786,-0.2864998706849379
-0.20186243975873033,-0.14207709243271696,0.20939287485653543,-0.2864998706849379
-0.20186243975873033,-0.14212328180771486,0.20939287485653543,-0.2865538006849434
-0.2019335147587296,-0.14207709243271696,0.2094020754854786,-0.2865538006849434
-0.20221781475872572,-0.14207709243271696,0.20938367422759227,-0.2865538006849434
-0.20179136475873152,-0.14216947118271275,0.2094112761144218,-0.2865538006849434
-0.2019335147587296,-0.14216947118271275,0.20938367422759227,-0.2865538006849434
-0.20200458975872884,-0.14207709243271696,0.20935607234076273,-0.2865538006849434
-0.20179136475873152,-0.14207709243271696,0.20939287485653543,-0.28660773068494916
-0.2019335147587296,-0.14221566055771065,0.2094020754854786,-0.2864998706849379
-0.20186243975873033,-0.14198471368272095,0.20939287485653543,-0.2865538006849434
-0.2019335147587296,-0.14221566055771065,0.20939287485653543,-0.2864459406849321
-0.20186243975873033,-0.14207709243271696,0.20938367422759227,-0.28660773068494916
-0.20200458975872884,-0.14216947118271275,0.2093744735986491,-0.2864998706849379
-0.2019335147587296,-0.14203090305771884,0.20942047674336497,-0.28639201068492637
-0.2019335147587296,-0.14212328180771486,0.20938367422759227,-0.2864459406849321
-0.20200458975872884,-0.14226184993270855,0.2094112761144218,-0.28639201068492637
-0.20200458975872884,-0.14203090305771884,0.20939287485653543,-0.2864998706849379
-0.2019335147587296,-0.14207709243271696,0.2093744735986491,-0.28639201068492637
-0.20172028975873227,-0.14216947118271275,0.20939287485653543,-0.2864998706849379
-0.20186243975873033,-0.14207709243271696,0.20942047674336497,-0.2864998706849379
-0.20186243975873033,-0.14207709243271696,0.2093744735986491,-0.2865538006849434
-0.20179136475873152,-0.14216947118271275,0.20938367422759227,-0.2865538006849434
-0.20200458975872884,-0.14212328180771486,0.20939287485653543,-0.28639201068492637
-0.20186243975873033,-0.14198471368272095,0.20939287485653543,-0.2865538006849434
-0.20186243975873033,-0.14198471368272095,0.20939287485653543,-0.2864998706849379
-0.20186243975873033,-0.14207709243271696,0.2094112761144218,-0.2864998706849379
-0.20186243975873033,-0.14212328180771486,0.2094112761144218,-0.28639201068492637
-0.20200458975872884,-0.14212328180771486,0.20939287485653543,-0.2865538006849434
-0.2019335147587296,-0.14207709243271696,0.20939287485653543,-0.2864998706849379
-0.20164921475873346,-0.14221566055771065,0.20939287485653543,-0.28660773068494916
-0.2019335147587296,-0.14212328180771486,0.20939287485653543,-0.2864459406849321
-0.20186243975873033,-0.14203090305771884,0.20939287485653543,-0.28639201068492637
-0.20179136475873152,-0.14207709243271696,0.2093744735986491,-0.2864998706849379
-0.20200458975872884,-0.14216947118271275,0.20939287485653543,-0.2864459406849321
-0.20200458975872884,-0.14221566055771065,0.20939287485653543,-0.2864998706849379
-0.2019335147587296,-0.14221566055771065,0.2094112761144218,-0.2865538006849434
-0.20186243975873033,-0.14198471368272095,0.20939287485653543,-0.2864998706849379
-0.20172028975873227,-0.14212328180771486,0.20938367422759227,-0.2865538006849434
-0.20186243975873033,-0.14216947118271275,0.20938367422759227,-0.2864998706849379
-0.2019335147587296,-0.14216947118271275,0.20942047674336497,-0.2864459406849321
-0.2019335147587296,-0.14212328180771486,0.2093744735986491,-0.2864998706849379
-0.20186243975873033,-0.14203090305771884,0.2093652729697059,-0.2864459406849321
-0.20186243975873033,-0.14203090305771884,0.2093744735986491,-0.2864998706849379
-0.20186243975873033,-0.14212328180771486,0.20939287485653543,-0.28639201068492637
-0.20186243975873033,-0.14203090305771884,0.2093744735986491,-0.28639201068492637
-0.20172028975873227,-0.14203090305771884,0.2093744735986491,-0.2865538006849434
-0.2019335147587296,-0.14212328180771486,0.20938367422759227,-0.2864998706849379
-0.20186243975873033,-0.14207709243271696,0.20939287485653543,-0.2865538006849434
-0.20200458975872884,-0.14216947118271275,0.20938367422759227,-0.28633808068492084
-0.20186243975873033,-0.14207709243271696,0.20939287485653543,-0.2865538006849434
-0.20186243975873033,-0.14221566055771065,0.20938367422759227,-0.2865538006849434
-0.20200458975872884,-0.14212328180771486,0.2094020754854786,-0.2866616606849549
-0.20179136475873152,-0.14212328180771486,0.20939287485653543,-0.2864998706849379
-0.20186243975873033,-0.14207709243271696,0.2094112761144218,-0.2864459406849321
-0.20179136475873152,-0.14207709243271696,0.2094020754854786,-0.28660773068494916
-0.2019335147587296,-0.14216947118271275,0.2094112761144218,-0.2864459406849321
-0.20200458975872884,-0.14216947118271275,0.20938367422759227,-0.2864998706849379
-0.2019335147587296,-0.14212328180771486,0.20938367422759227,-0.2865538006849434
-0.20186243975873033,-0.14207709243271696,0.2094020754854786,-0.2864459406849321
-0.2019335147587296,-0.14216947118271275,0.2093744735986491,-0.28639201068492637
-0.20200458975872884,-0.14216947118271275,0.20938367422759227,-0.2864459406849321
-0.20179136475873152,-0.14203090305771884,0.2094112761144218,-0.2864459406849321
-0.20186243975873033,-0.14207709243271696,0.20938367422759227,-0.28639201068492637
-0.2019335147587296,-0.14207709243271696,0.20939287485653543,-0.2864998706849379
-0.20200458975872884,-0.14207709243271696,0.2094020754854786,-0.2864459406849321
-0.20186243975873033,-0.14216947118271275,0.20938367422759227,-0.28639201068492637
-0.20186243975873033,-0.14221566055771065,0.20942047674336497,-0.28639201068492637
-0.2019335147587296,-0.14207709243271696,0.2094112761144218,-0.2864998706849379
-0.20186243975873033,-0.14203090305771884,0.2093744735986491,-0.28633808068492084
-0.20179136475873152,-0.14207709243271696,0.20938367422759227,-0.28660773068494916
-0.2019335147587296,-0.14207709243271696,0.20939287485653543,-0.2864459406849321
-0.20172028975873227,-0.14203090305771884,0.20939287485653543,-0.2864998706849379
-0.20186243975873033,-0.14207709243271696,0.20938367422759227,-0.2864459406849321
-0.20186243975873033,-0.14212328180771486,0.2093652729697059,-0.2864998706849379
-0.20172028975873227,-0.14216947118271275,0.2094020754854786,-0.28639201068492637
-0.20186243975873033,-0.14212328180771486,0.20939287485653543,-0.28660773068494916
-0.2019335147587296,-0.14207709243271696,0.20938367422759227,-0.2865538006849434
-0.20186243975873033,-0.14203090305771884,0.20938367422759227,-0.28660773068494916
-0.20186243975873033,-0.14221566055771065,0.2094020754854786,-0.2864998706849379
-0.2019335147587296,-0.14212328180771486,0.2094112761144218,-0.28660773068494916
-0.20186243975873033,-0.14212328180771486,0.2094020754854786,-0.2865538006849434
-0.2019335147587296,-0.14212328180771486,0.20938367422759227,-0.28660773068494916
-0.20186243975873033,-0.14207709243271696,0.20939287485653543,-0.2864998706849379
-0.20186243975873033,-0.14216947118271275,0.20939287485653543,-0.2864998706849379
-0.20172028975873227,-0.14203090305771884,0.2093744735986491,-0.2864998706849379
-0.20186243975873033,-0.14203090305771884,0.20938367422759227,-0.28639201068492637
-0.20186243975873033,-0.14203090305771884,0.20939287485653543,-0.2864998706849379
-0.20186243975873033,-0.14216947118271275,0.2094020754854786,-0.2865538006849434
-0.20186243975873033,-0.14226184993270855,0.20942047674336497,-0.28633808068492084
-0.20179136475873152,-0.14207709243271696,0.20939287485653543,-0.2864459406849321
-0.20186243975873033,-0.14198471368272095,0.20939287485653543,-0.2864459406849321
-0.20186243975873033,-0.14207709243271696,0.20939287485653543,-0.2865538006849434
-0.20186243975873033,-0.14203090305771884,0.20938367422759227,-0.2864459406849321
-0.20186243975873033,-0.14216947118271275,0.20939287485653543,-0.28660773068494916
-0.20186243975873033,-0.14207709243271696,0.2093744735986491,-0.2864998706849379
-0.2019335147587296,-0.14212328180771486,0.20939287485653543,-0.28639201068492637
-0.2019335147587296,-0.14203090305771884,0.20942047674336497,-0.2864998706849379
-0.20186243975873033,-0.14207709243271696,0.20939287485653543,-0.2864998706849379
-0.20186243975873033,-0.14203090305771884,0.20942967737230814,-0.28660773068494916
-0.20186243975873033,-0.14221566055771065,0.2094112761144218,-0.28633808068492084
-0.2019335147587296,-0.14207709243271696,0.2094112761144218,-0.2864998706849379
-0.20186243975873033,-0.14207709243271696,0.2094112761144218,-0.2864998706849379
-0.2019335147587296,-0.14212328180771486,0.2094112761144218,-0.2864998706849379
-0.20186243975873033,-0.14216947118271275,0.20939287485653543,-0.2864459406849321
-0.20186243975873033,-0.14207709243271696,0.20939287485653543,-0.2864998706849379
-0.20186243975873033,-0.14207709243271696,0.20942047674336497,-0.2864459406849321
-0.20200458975872884,-0.14207709243271696,0.20938367422759227,-0.2862841506849151
-0.20200458975872884,-0.14216947118271275,0.20939287485653543,-0.2865538006849434
-0.2019335147587296,-0.14216947118271275,0.20942047674336497,-0.2865538006849434
-0.20186243975873033,-0.14207709243271696,0.2093744735986491,-0.28639201068492637
-0.20179136475873152,-0.14207709243271696,0.20942047674336497,-0.2864998706849379
-0.20186243975873033,-0.14212328180771486,0.20939287485653543,-0.2865538006849434
-0.2019335147587296,-0.14212328180771486,0.2094112761144218,-0.28639201068492637
-0.20179136475873152,-0.14207709243271696,0.20938367422759227,-0.2864998706849379
-0.20164921475873346,-0.14212328180771486,0.2094112761144218,-0.2864998706849379
-0.20172028975873227,-0.14212328180771486,0.20939287485653543,-0.28639201068492637
-0.20179136475873152,-0.14207709243271696,0.2094112761144218,-0.2864998706849379
-0.20172028975873227,-0.14203090305771884,0.20942967737230814,-0.28660773068494916
-0.20200458975872884,-0.14212328180771486,0.2094020754854786,-0.2864998706849379
-0.20179136475873152,-0.14212328180771486,0.20942047674336497,-0.2865538006849434
-0.20186243975873033,-0.14207709243271696,0.2094020754854786,-0.2864998706849379
-0.20179136475873152,-0.14207709243271696,0.20942047674336497,-0.28639201068492637
-0.20186243975873033,-0.14207709243271696,0.20939287485653543,-0.2864998706849379
-0.20200458975872884,-0.14203090305771884,0.2094020754854786,-0.28660773068494916
-0.20179136475873152,-0.14207709243271696,0.2093744735986491,-0.2864998706849379
-0.20200458975872884,-0.14207709243271696,0.2094020754854786,-0.28660773068494916
-0.2019335147587296,-0.14207709243271696,0.20939287485653543,-0.2864998706849379
-0.20172028975873227,-0.14207709243271696,0.20939287485653543,-0.28639201068492637
-0.20186243975873033,-0.14212328180771486,0.20939287485653543,-0.2864998706849379
-0.20186243975873033,-0.14207709243271696,0.2094112761144218,-0.2864459406849321
-0.20186243975873033,-0.14207709243271696,0.20942047674336497,-0.28639201068492637
-0.20186243975873033,-0.14221566055771065,0.2094112761144218,-0.2864998706849379
-0.2019335147587296,-0.14212328180771486,0.2094112761144218,-0.28639201068492637
-0.20186243975873033,-0.14212328180771486,0.20939287485653543,-0.28639201068492637
-0.2019335147587296,-0.14212328180771486,0.20939287485653543,-0.2865538006849434
-0.20200458975872884,-0.14203090305771884,0.20939287485653543,-0.2864998706849379
-0.20172028975873227,-0.14212328180771486,0.20939287485653543,-0.2864998706849379
-0.2019335147587296,-0.14207709243271696,0.20942047674336497,-0.28639201068492637
-0.20200458975872884,-0.14221566055771065,0.20939287485653543,-0.2864459406849321
-0.20172028975873227,-0.14216947118271275,0.20938367422759227,-0.2864998706849379
-0.20179136475873152,-0.14203090305771884,0.20939287485653543,-0.2864998706849379
-0.2019335147587296,-0.14212328180771486,0.20939287485653543,-0.2864459406849321
-0.2019335147587296,-0.14216947118271275,0.20939287485653543,-0.2864998706849379
-0.20186243975873033,-0.14207709243271696,0.20942047674336497,-0.2864998706849379
-0.20172028975873227,-0.14203090305771884,0.2094020754854786,-0.2864459406849321
-0.20186243975873033,-0.14203090305771884,0.20942047674336497,-0.28639201068492637
-0.20179136475873152,-0.14212328180771486,0.20939287485653543,-0.2864459406849321
-0.20179136475873152,-0.14207709243271696,0.2094020754854786,-0.28660773068494916
-0.20186243975873033,-0.14212328180771486,0.2094112761144218,-0.2864459406849321
-0.20172028975873227,-0.14203090305771884,0.2094020754854786,-0.2864998706849379
-0.20179136475873152,-0.14203090305771884,0.2094020754854786,-0.2864998706849379
-0.2019335147587296,-0.14207709243271696,0.20942047674336497,-0.2864998706849379
-0.2019335147587296,-0.14216947118271275,0.20939287485653543,-0.28633808068492084
-0.20186243975873033,-0.14207709243271696,0.2094112761144218,-0.28639201068492637
-0.20186243975873033,-0.14216947118271275,0.2094020754854786,-0.2864998706849379
-0.20172028975873227,-0.14207709243271696,0.20942967737230814,-0.2864998706849379
-0.20179136475873152,-0.14212328180771486,0.20939287485653543,-0.28639201068492637
-0.20172028975873227,-0.14212328180771486,0.2094112761144218,-0.28633808068492084
-0.2019335147587296,-0.14221566055771065,0.20939287485653543,-0.2864998706849379
-0.20179136475873152,-0.14212328180771486,0.2094112761144218,-0.2862841506849151
-0.20200458975872884,-0.14216947118271275,0.20939287485653543,-0.28639201068492637
-0.20186243975873033,-0.14216947118271275,0.2094112761144218,-0.2864459406849321
-0.20172028975873227,-0.14207709243271696,0.20939287485653543,-0.2864459406849321
-0.20186243975873033,-0.14216947118271275,0.2094388780012513,-0.2864459406849321
-0.20186243975873033,-0.14203090305771884,0.20939287485653543,-0.2865538006849434
-0.20186243975873033,-0.14207709243271696,0.2094112761144218,-0.28639201068492637
-0.2019335147587296,-0.14216947118271275,0.20939287485653543,-0.2865538006849434
-0.2019335147587296,-0.14207709243271696,0.2094020754854786,-0.2864998706849379
-0.2019335147587296,-0.14216947118271275,0.20942047674336497,-0.28660773068494916
-0.20186243975873033,-0.14212328180771486,0.20942047674336497,-0.2864998706849379
-0.2019335147587296,-0.14203090305771884,0.20939287485653543,-0.2864459406849321
-0.20186243975873033,-0.14207709243271696,0.20942047674336497,-0.2865538006849434
-0.20186243975873033,-0.14212328180771486,0.2094020754854786,-0.2864998706849379
-0.20179136475873152,-0.14207709243271696,0.20939287485653543,-0.2864998706849379
-0.2019335147587296,-0.14198471368272095,0.20942967737230814,-0.2864459406849321
-0.20200458975872884,-0.14216947118271275,0.20939287485653543,-0.28639201068492637
-0.20186243975873033,-0.14207709243271696,0.20939287485653543,-0.2865538006849434
-0.20179136475873152,-0.14203090305771884,0.2094112761144218,-0.2864459406849321
-0.20186243975873033,-0.14203090305771884,0.2094020754854786,-0.2864998706849379
-0.20186243975873033,-0.14221566055771065,0.20939287485653543,-0.2864459406849321
-0.20186243975873033,-0.14207709243271696,0.2094112761144218,-0.2864459406849321
-0.20186243975873033,-0.14212328180771486,0.2094112761144218,-0.28660773068494916
-0.2019335147587296,-0.14216947118271275,0.20942047674336497,-0.2864459406849321
-0.20172028975873227,-0.14203090305771884,0.20942047674336497,-0.2864998706849379
-0.20186243975873033,-0.14212328180771486,0.2094020754854786,-0.2864998706849379
-0.20179136475873152,-0.14207709243271696,0.20939287485653543,-0.2864459406849321
-0.20172028975873227,-0.14207709243271696,0.2094020754854786,-0.2864998706849379
-0.20172028975873227,-0.14212328180771486,0.20938367422759227,-0.28660773068494916
-0.20186243975873033,-0.14207709243271696,0.20939287485653543,-0.2864998706849379
-0.20179136475873152,-0.14207709243271696,0.2094020754854786,-0.2864459406849321
-0.20186243975873033,-0.14216947118271275,0.20939287485653543,-0.2864998706849379
-0.2019335147587296,-0.14207709243271696,0.2094388780012513,-0.28639201068492637
-0.2019335147587296,-0.14216947118271275,0.2094020754854786,-0.2865538006849434
-0.20164921475873346,-0.14207709243271696,0.20939287485653543,-0.28639201068492637
-0.20172028975873227,-0.14212328180771486,0.20942047674336497,-0.2864998706849379
-0.20164921475873346,-0.14203090305771884,0.2094112761144218,-0.2865538006849434
-0.20179136475873152,-0.14212328180771486,0.2094112761144218,-0.28639201068492637
-0.20172028975873227,-0.14230803930770644,0.20939287485653543,-0.28639201068492637
-0.20186243975873033,-0.14216947118271275,0.20942047674336497,-0.28639201068492637
-0.20179136475873152,-0.14207709243271696,0.2094112761144218,-0.2864998706849379
-0.20186243975873033,-0.14207709243271696,0.20942047674336497,-0.2865538006849434
-0.20172028975873227,-0.14207709243271696,0.2094112761144218,-0.28639201068492637
-0.20186243975873033,-0.14203090305771884,0.2094112761144218,-0.2864459406849321
-0.20172028975873227,-0.14198471368272095,0.20939287485653543,-0.28639201068492637
-0.20179136475873152,-0.14207709243271696,0.20942047674336497,-0.2864998706849379
-0.20186243975873033,-0.14207709243271696,0.20939287485653543,-0.2864459406849321
-0.20172028975873227,-0.14216947118271275,0.2094020754854786,-0.2865538006849434
-0.20164921475873346,-0.14207709243271696,0.20938367422759227,-0.28660773068494916
-0.20179136475873152,-0.14207709243271696,0.2094112761144218,-0.2865538006849434
-0.20186243975873033,-0.14212328180771486,0.20942047674336497,-0.2865538006849434
-0.20172028975873227,-0.14212328180771486,0.20938367422759227,-0.2864998706849379
-0.20172028975873227,-0.14207709243271696,0.20939287485653543,-0.2864998706849379
-0.20172028975873227,-0.14207709243271696,0.20942047674336497,-0.28633808068492084
-0.20164921475873346,-0.14212328180771486,0.20939287485653543,-0.2864998706849379
-0.20179136475873152,-0.14207709243271696,0.20942047674336497,-0.2864998706849379
-0.20172028975873227,-0.14207709243271696,0.2094112761144218,-0.2864459406849321
-0.20179136475873152,-0.14207709243271696,0.20942047674336497,-0.2864998706849379
-0.2019335147587296,-0.14212328180771486,0.20942967737230814,-0.28639201068492637
-0.2019335147587296,-0.14216947118271275,0.20942047674336497,-0.2864998706849379
-0.20179136475873152,-0.14207709243271696,0.20939287485653543,-0.28639201068492637
-0.20186243975873033,-0.14207709243271696,0.20942967737230814,-0.2864998706849379
-0.20186243975873033,-0.14216947118271275,0.20939287485653543,-0.2864459406849321
-0.2019335147587296,-0.14216947118271275,0.20938367422759227,-0.2864998706849379
-0.20179136475873152,-0.14212328180771486,0.20942967737230814,-0.28639201068492637
-0.20186243975873033,-0.14203090305771884,0.2094020754854786,-0.2864998706849379
-0.20179136475873152,-0.14207709243271696,0.2094112761144218,-0.28633808068492084
-0.20172028975873227,-0.14216947118271275,0.20939287485653543,-0.28639201068492637
-0.20172028975873227,-0.14198471368272095,0.20939287485653543,-0.2864459406849321
-0.20172028975873227,-0.14207709243271696,0.20942047674336497,-0.28660773068494916
-0.20186243975873033,-0.14203090305771884,0.20942047674336497,-0.2864998706849379
-0.20200458975872884,-0.14203090305771884,0.2094112761144218,-0.2865538006849434
-0.20172028975873227,-0.14212328180771486,0.20938367422759227,-0.2865538006849434
-0.20179136475873152,-0.14207709243271696,0.20942047674336497,-0.2864459406849321
-0.20186243975873033,-0.14216947118271275,0.2094112761144218,-0.2862841506849151
-0.20172028975873227,-0.14203090305771884,0.20939287485653543,-0.2865538006849434
-0.20172028975873227,-0.14216947118271275,0.2094020754854786,-0.2865538006849434
-0.2019335147587296,-0.14203090305771884,0.20939287485653543,-0.28639201068492637
-0.20172028975873227,-0.14212328180771486,0.2094112761144218,-0.2865538006849434
-0.20179136475873152,-0.14216947118271275,0.20942047674336497,-0.2864998706849379
-0.20200458975872884,-0.14216947118271275,0.2094112761144218,-0.28639201068492637
0.003536025772846743,-0.004096691788916676,0.23230440218882376,-0.003434410227292739
0.003464950772847933,-0.004142881163914572,0.23231360281776697,-0.003434410227292739
0.0033938757728486785,-0.004142881163914572,0.23228600093093743,-0.003434410227292739
0.003464950772847933,-0.004096691788916676,0.23230440218882376,-0.003488340227298492
0.0033938757728486785,-0.00405050241391878,0.23230440218882376,-0.003542270227304023
0.0033938757728486785,-0.004142881163914572,0.2322952015598806,-0.003488340227298492
0.003464950772847933,-0.004142881163914572,0.23230440218882376,-0.003434410227292739
0.003322800772849868,-0.00405050241391878,0.23230440218882376,-0.003542270227304023
0.0033938757728486785,-0.004096691788916676,0.23232280344671014,-0.003434410227292739
0.003322800772849868,-0.004142881163914572,0.23232280344671014,-0.003488340227298492
0.003322800772849868,-0.00405050241391878,0.2323320040756533,-0.003380480227286986
0.0033938757728486785,-0.004096691788916676,0.23231360281776697,-0.003434410227292739
0.003464950772847933,-0.004142881163914572,0.23231360281776697,-0.003434410227292739
0.003322800772849868,-0.004142881163914572,0.23231360281776697,-0.003542270227304023
0.003536025772846743,-0.004096691788916676,0.23230440218882376,-0.003488340227298492
0.003322800772849868,-0.004096691788916676,0.23234120470459646,-0.003488340227298492
0.003322800772849868,-0.004189070538912468,0.23232280344671014,-0.003434410227292739
0.003251725772850614,-0.004142881163914572,0.23231360281776697,-0.003488340227298492
0.003322800772849868,-0.004189070538912468,0.23232280344671014,-0.003380480227286986
0.003322800772849868,-0.00405050241391878,0.23230440218882376,-0.003488340227298492
0.003536025772846743,-0.004235259913910364,0.2322952015598806,-0.003380480227286986
0.003251725772850614,-0.00405050241391878,0.23231360281776697,-0.003434410227292739
0.003322800772849868,-0.004096691788916676,0.2323320040756533,-0.003488340227298492
0.003251725772850614,-0.004096691788916676,0.23231360281776697,-0.003380480227286986
0.003464950772847933,-0.004189070538912468,0.23230440218882376,-0.003434410227292739
0.003464950772847933,-0.00405050241391878,0.23231360281776697,-0.003542270227304023
0.0033938757728486785,-0.004189070538912468,0.23228600093093743,-0.003380480227286986
0.003322800772849868,-0.004189070538912468,0.2322952015598806,-0.003434410227292739
0.003251725772850614,-0.004189070538912468,0.23231360281776697,-0.003380480227286986
0.0033938757728486785,-0.004142881163914572,0.23230440218882376,-0.003488340227298492
0.0033938757728486785,-0.004096691788916676,0.2322952015598806,-0.003542270227304023
0.0033938757728486785,-0.004096691788916676,0.23230440218882376,-0.003434410227292739
0.0033938757728486785,-0.00405050241391878,0.23231360281776697,-0.003380480227286986
0.003322800772849868,-0.0040043130389208845,0.23231360281776697,-0.003434410227292739
0.003464950772847933,-0.004189070538912468,0.23230440218882376,-0.003488340227298492
0.003251725772850614,-0.004096691788916676,0.23231360281776697,-0.003488340227298492
0.003322800772849868,-0.004189070538912468,0.23231360281776697,-0.003434410227292739
0.003322800772849868,-0.004142881163914572,0.23230440218882376,-0.003488340227298492
0.003251725772850614,-0.004189070538912468,0.23230440218882376,-0.003434410227292739
0.003322800772849868,-0.004235259913910364,0.23232280344671014,-0.003434410227292739
0.003322800772849868,-0.004142881163914572,0.23228600093093743,-0.003596200227309776
0.003251725772850614,-0.00405050241391878,0.2322952015598806,-0.003434410227292739
0.0033938757728486785,-0.00405050241391878,0.23230440218882376,-0.003434410227292739
0.003322800772849868,-0.004189070538912468,0.23232280344671014,-0.003542270227304023
0.003251725772850614,-0.004189070538912468,0.23228600093093743,-0.003380480227286986
0.003464950772847933,-0.00405050241391878,0.23231360281776697,-0.003542270227304023
0.003251725772850614,-0.004096691788916676,0.23231360281776697,-0.003488340227298492
0.0033938757728486785,-0.004142881163914572,0.23228600093093743,-0.003326550227281455
0.003322800772849868,-0.004142881163914572,0.23230440218882376,-0.003380480227286986
0.003536025772846743,-0.004096691788916676,0.23231360281776697,-0.003488340227298492
0.003322800772849868,-0.004142881163914572,0.23231360281776697,-0.003488340227298492
0.0033938757728486785,-0.00405050241391878,0.2322952015598806,-0.003488340227298492
0.003251725772850614,-0.004189070538912468,0.23231360281776697,-0.003380480227286986
0.0033938757728486785,-0.004142881163914572,0.23234120470459646,-0.003434410227292739
0.003322800772849868,-0.00405050241391878,0.23228600093093743,-0.003488340227298492
0.003322800772849868,-0.004189070538912468,0.23231360281776697,-0.003488340227298492
0.0033938757728486785,-0.00405050241391878,0.23231360281776697,-0.003380480227286986
0.0033938757728486785,-0.004142881163914572,0.23232280344671014,-0.003434410227292739
0.003251725772850614,-0.004096691788916676,0.23228600093093743,-0.003488340227298492
0.003322800772849868,-0.004142881163914572,0.2322952015598806,-0.003434410227292739
0.003322800772849868,-0.004142881163914572,0.23231360281776697,-0.003488340227298492
0.003251725772850614,-0.004096691788916676,0.2323320040756533,-0.003434410227292739
0.003464950772847933,-0.004235259913910364,0.23231360281776697,-0.003488340227298492
0.003322800772849868,-0.004142881163914572,0.2322952015598806,-0.003542270227304023
0.003251725772850614,-0.004142881163914572,0.23231360281776697,-0.003434410227292739
0.003322800772849868,-0.004235259913910364,0.23230440218882376,-0.003434410227292739
0.003322800772849868,-0.004142881163914572,0.23232280344671014,-0.003434410227292739
0.003322800772849868,-0.004096691788916676,0.23231360281776697,-0.003380480227286986
0.003464950772847933,-0.004096691788916676,0.23234120470459646,-0.003434410227292739
0.003464950772847933,-0.00405050241391878,0.23234120470459646,-0.003488340227298492
0.003322800772849868,-0.004096691788916676,0.23231360281776697,-0.003380480227286986
0.003322800772849868,-0.004142881163914572,0.23231360281776697,-0.003434410227292739
0.003251725772850614,-0.004142881163914572,0.23231360281776697,-0.003434410227292739
0.003322800772849868,-0.004142881163914572,0.23231360281776697,-0.003434410227292739
0.003322800772849868,-0.004142881163914572,0.23230440218882376,-0.003488340227298492
0.003322800772849868,-0.00405050241391878,0.23231360281776697,-0.003380480227286986
0.0031806507728513594,-0.004096691788916676,0.2323320040756533,-0.003380480227286986
0.0031806507728513594,-0.004096691788916676,0.23230440218882376,-0.003596200227309776
0.003251725772850614,-0.004096691788916676,0.23234120470459646,-0.003596200227309776
0.003464950772847933,-0.004096691788916676,0.23231360281776697,-0.003380480227286986
0.003322800772849868,-0.004142881163914572,0.23231360281776697,-0.003380480227286986
0.003322800772849868,-0.004142881163914572,0.23232280344671014,-0.003488340227298492
0.003322800772849868,-0.004189070538912468,0.23232280344671014,-0.003272620227275702
0.003322800772849868,-0.004096691788916676,0.23232280344671014,-0.003488340227298492
0.003251725772850614,-0.004142881163914572,0.23234120470459646,-0.003380480227286986
0.0033938757728486785,-0.004142881163914572,0.23232280344671014,-0.003434410227292739
0.0031806507728513594,-0.00405050241391878,0.23231360281776697,-0.003488340227298492
0.0031806507728513594,-0.004096691788916676,0.23234120470459646,-0.003488340227298492
0.003251725772850614,-0.004142881163914572,0.23231360281776697,-0.003380480227286986
0.003322800772849868,-0.004235259913910364,0.23231360281776697,-0.003434410227292739
0.003322800772849868,-0.004096691788916676,0.23232280344671014,-0.003650130227315529
0.003322800772849868,-0.004096691788916676,0.23230440218882376,-0.003488340227298492
0.0033938757728486785,-0.004096691788916676,0.2322952015598806,-0.003488340227298492
0.0031806507728513594,-0.004096691788916676,0.2323320040756533,-0.003542270227304023
0.003322800772849868,-0.004142881163914572,0.23234120470459646,-0.003272620227275702
0.003322800772849868,-0.004235259913910364,0.23232280344671014,-0.003542270227304023
0.003464950772847933,-0.004142881163914572,0.23232280344671014,-0.003434410227292739
0.003251725772850614,-0.004189070538912468,0.23232280344671014,-0.003434410227292739
0.003251725772850614,-0.004189070538912468,0.23234120470459646,-0.003542270227304023
0.003322800772849868,-0.004142881163914572,0.23234120470459646,-0.003434410227292739
0.003322800772849868,-0.004096691788916676,0.2323320040756533,-0.003380480227286986
0.003251725772850614,-0.004142881163914572,0.23231360281776697,-0.003434410227292739
0.003251725772850614,-0.004096691788916676,0.23230440218882376,-0.003542270227304023
0.003322800772849868,-0.00405050241391878,0.2323320040756533,-0.003488340227298492
0.0033938757728486785,-0.0040043130389208845,0.23232280344671014,-0.003488340227298492
0.003251725772850614,-0.004189070538912468,0.23232280344671014,-0.003542270227304023
0.0031806507728513594,-0.004189070538912468,0.23231360281776697,-0.003380480227286986
0.003464950772847933,-0.004189070538912468,0.23234120470459646,-0.003380480227286986
0.0031806507728513594,-0.00405050241391878,0.2323320040756533,-0.003488340227298492
0.003251725772850614,-0.004142881163914572,0.23230440218882376,-0.003380480227286986
0.0031806507728513594,-0.004142881163914572,0.23232280344671014,-0.003542270227304023
0.003322800772849868,-0.0040043130389208845,0.23230440218882376,-0.003542270227304023
0.003322800772849868,-0.00405050241391878,0.23232280344671014,-0.003488340227298492
0.0031806507728513594,-0.004096691788916676,0.23231360281776697,-0.003488340227298492
0.003322800772849868,-0.00405050241391878,0.23232280344671014,-0.003380480227286986
0.0031806507728513594,-0.00405050241391878,0.2323320040756533,-0.003380480227286986
0.0033938757728486785,-0.004189070538912468,0.23231360281776697,-0.003488340227298492
0.003251725772850614,-0.004142881163914572,0.23232280344671014,-0.003488340227298492
0.0031806507728513594,-0.004142881163914572,0.23234120470459646,-0.003542270227304023
0.003322800772849868,-0.004142881163914572,0.23234120470459646,-0.003380480227286986
0.003251725772850614,-0.0040043130389208845,0.23230440218882376,-0.003380480227286986
0.003322800772849868,-0.004096691788916676,0.23232280344671014,-0.003380480227286986
0.003251725772850614,-0.004096691788916676,0.23232280344671014,-0.003434410227292739
0.003322800772849868,-0.004096691788916676,0.2323320040756533,-0.003380480227286986
0.003322800772849868,-0.004096691788916676,0.23235040533353968,-0.003488340227298492
0.0031806507728513594,-0.00405050241391878,0.23234120470459646,-0.003488340227298492
0.003251725772850614,-0.004142881163914572,0.23232280344671014,-0.003434410227292739
0.003322800772849868,-0.004096691788916676,0.23234120470459646,-0.003380480227286986
0.003251725772850614,-0.00405050241391878,0.23234120470459646,-0.003434410227292739
0.003322800772849868,-0.00405050241391878,0.2323320040756533,-0.003488340227298492
0.0031806507728513594,-0.004142881163914572,0.2323320040756533,-0.003434410227292739
0.0031806507728513594,-0.004142881163914572,0.2322952015598806,-0.003542270227304023
0.0033938757728486785,-0.004142881163914572,0.23234120470459646,-0.003542270227304023
0.003251725772850614,-0.00405050241391878,0.2323320040756533,-0.003488340227298492
0.0033938757728486785,-0.004096691788916676,0.23232280344671014,-0.003380480227286986
0.003251725772850614,-0.0040043130389208845,0.23231360281776697,-0.003380480227286986
0.0031806507728513594,-0.004142881163914572,0.23234120470459646,-0.003488340227298492
0.003322800772849868,-0.004142881163914572,0.23232280344671014,-0.003380480227286986
0.0031806507728513594,-0.004142881163914572,0.23231360281776697,-0.003488340227298492
0.003322800772849868,-0.004096691788916676,0.2323320040756533,-0.003380480227286986
0.003251725772850614,-0.0040043130389208845,0.23234120470459646,-0.003434410227292739
0.003109575772852549,-0.004142881163914572,0.23232280344671014,-0.003380480227286986
0.0031806507728513594,-0.004142881163914572,0.23232280344671014,-0.003488340227298492
0.003322800772849868,-0.004096691788916676,0.2323320040756533,-0.003434410227292739
0.003322800772849868,-0.004096691788916676,0.23231360281776697,-0.003488340227298492
0.003251725772850614,-0.004142881163914572,0.2323320040756533,-0.003326550227281455
0.003038500772853295,-0.004189070538912468,0.23230440218882376,-0.003488340227298492
0.0031806507728513594,-0.004235259913910364,0.23230440218882376,-0.003542270227304023
0.003322800772849868,-0.004096691788916676,0.23234120470459646,-0.003488340227298492
0.003322800772849868,-0.004096691788916676,0.23231360281776697,-0.003542270227304023
0.003251725772850614,-0.00405050241391878,0.23232280344671014,-0.003380480227286986
0.003251725772850614,-0.004189070538912468,0.2323320040756533,-0.003380480227286986
0.003322800772849868,-0.004096691788916676,0.23230440218882376,-0.003542270227304023
0.003322800772849868,-0.00405050241391878,0.23232280344671014,-0.003596200227309776
0.003322800772849868,-0.00405050241391878,0.23232280344671014,-0.003380480227286986
0.003322800772849868,-0.004189070538912468,0.23230440218882376,-0.003596200227309776
0.0031806507728513594,-0.004096691788916676,0.23232280344671014,-0.003326550227281455
0.0031806507728513594,-0.004189070538912468,0.23232280344671014,-0.003488340227298492
0.003251725772850614,-0.00405050241391878,0.23232280344671014,-0.003488340227298492
0.003251725772850614,-0.00405050241391878,0.23235040533353968,-0.003326550227281455
0.003322800772849868,-0.004142881163914572,0.23232280344671014,-0.003488340227298492
0.003322800772849868,-0.00405050241391878,0.23231360281776697,-0.003542270227304023
0.003322800772849868,-0.004189070538912468,0.23231360281776697,-0.003434410227292739
0.0033938757728486785,-0.004142881163914572,0.2323320040756533,-0.003434410227292739
0.003109575772852549,-0.004142881163914572,0.23234120470459646,-0.003488340227298492
0.003251725772850614,-0.004189070538912468,0.23232280344671014,-0.003380480227286986
0.0031806507728513594,-0.00405050241391878,0.23232280344671014,-0.003488340227298492
0.003322800772849868,-0.0040043130389208845,0.23230440218882376,-0.003596200227309776
0.003251725772850614,-0.004142881163914572,0.23231360281776697,-0.003380480227286986
0.0031806507728513594,-0.0040043130389208845,0.23234120470459646,-0.003488340227298492
0.0031806507728513594,-0.004096691788916676,0.2323320040756533,-0.003326550227281455
0.003322800772849868,-0.004189070538912468,0.23234120470459646,-0.003434410227292739
0.003251725772850614,-0.004096691788916676,0.23231360281776697,-0.003542270227304023
0.0033938757728486785,-0.0040043130389208845,0.23232280344671014,-0.003434410227292739
0.003109575772852549,-0.004189070538912468,0.23234120470459646,-0.003380480227286986
0.003322800772849868,-0.00405050241391878,0.23230440218882376,-0.003434410227292739
0.003251725772850614,-0.004096691788916676,0.2323320040756533,-0.003488340227298492
0.0031806507728513594,-0.004142881163914572,0.23232280344671014,-0.003488340227298492
0.003464950772847933,-0.004096691788916676,0.23232280344671014,-0.003434410227292739
0.003322800772849868,-0.00405050241391878,0.23231360281776697,-0.003380480227286986
0.003251725772850614,-0.004142881163914572,0.2323320040756533,-0.003434410227292739
0.003322800772849868,-0.0040043130389208845,0.23232280344671014,-0.003542270227304023
0.0031806507728513594,-0.00405050241391878,0.23231360281776697,-0.003488340227298492
0.0033938757728486785,-0.004096691788916676,0.23231360281776697,-0.003542270227304023
0.0031806507728513594,-0.00405050241391878,0.2323320040756533,-0.003380480227286986
0.0031806507728513594,-0.004189070538912468,0.23232280344671014,-0.003434410227292739
0.003251725772850614,-0.004096691788916676,0.23232280344671014,-0.003380480227286986
0.003322800772849868,-0.00405050241391878,0.23232280344671014,-0.003380480227286986
0.0031806507728513594,-0.004096691788916676,0.23231360281776697,-0.003326550227281455
0.003038500772853295,-0.004142881163914572,0.2323320040756533,-0.003542270227304023
0.0031806507728513594,-0.004142881163914572,0.23232280344671014,-0.003596200227309776
0.003109575772852549,-0.004142881163914572,0.2323320040756533,-0.003488340227298492
0.0031806507728513594,-0.004142881163914572,0.2323320040756533,-0.003596200227309776
0.003251725772850614,-0.004189070538912468,0.23234120470459646,-0.003488340227298492
0.0031806507728513594,-0.00405050241391878,0.2323320040756533,-0.003542270227304023
0.003251725772850614,-0.0040043130389208845,0.23231360281776697,-0.003542270227304023
0.003251725772850614,-0.004189070538912468,0.23231360281776697,-0.003380480227286986
0.003322800772849868,-0.004142881163914572,0.23234120470459646,-0.003596200227309776
0.0031806507728513594,-0.00405050241391878,0.23235040533353968,-0.003488340227298492
0.003251725772850614,-0.00405050241391878,0.23231360281776697,-0.003434410227292739
0.003251725772850614,-0.00405050241391878,0.23231360281776697,-0.003380480227286986
0.0031806507728513594,-0.004096691788916676,0.23231360281776697,-0.003542270227304023
0.003251725772850614,-0.004096691788916676,0.23231360281776697,-0.003434410227292739
0.003322800772849868,-0.00405050241391878,0.2323320040756533,-0.003434410227292739
0.0033938757728486785,-0.004189070538912468,0.2323320040756533,-0.003488340227298492
0.0031806507728513594,-0.004142881163914572,0.23234120470459646,-0.003380480227286986
0.003322800772849868,-0.00405050241391878,0.23232280344671014,-0.003434410227292739
0.003322800772849868,-0.00405050241391878,0.23235040533353968,-0.003596200227309776
0.003251725772850614,-0.004142881163914572,0.23230440218882376,-0.003488340227298492
0.003038500772853295,-0.004096691788916676,0.23230440218882376,-0.003488340227298492
0.0031806507728513594,-0.00405050241391878,0.23234120470459646,-0.003434410227292739
0.003322800772849868,-0.0040043130389208845,0.23231360281776697,-0.003542270227304023
0.003322800772849868,-0.00405050241391878,0.2323320040756533,-0.003542270227304023
0.0031806507728513594,-0.004096691788916676,0.23232280344671014,-0.003542270227304023
0.0031806507728513594,-0.0040043130389208845,0.23232280344671014,-0.003434410227292739
0.0031806507728513594,-0.004142881163914572,0.23234120470459646,-0.003488340227298492
0.003251725772850614,-0.004096691788916676,0.23232280344671014,-0.003488340227298492
0.0031806507728513594,-0.004189070538912468,0.23232280344671014,-0.003596200227309776
0.0031806507728513594,-0.004235259913910364,0.2323320040756533,-0.003434410227292739
0.003251725772850614,-0.004189070538912468,0.2323320040756533,-0.003596200227309776
0.003322800772849868,-0.004142881163914572,0.23232280344671014,-0.003380480227286986
0.003251725772850614,-0.004142881163914572,0.2323320040756533,-0.003434410227292739
0.003251725772850614,-0.004142881163914572,0.23230440218882376,-0.003380480227286986
0.003109575772852549,-0.00405050241391878,0.23234120470459646,-0.003434410227292739
0.003322800772849868,-0.0040043130389208845,0.23232280344671014,-0.003434410227292739
0.003038500772853295,-0.004142881163914572,0.2323320040756533,-0.003434410227292739
0.003251725772850614,-0.004096691788916676,0.23232280344671014,-0.003488340227298492
0.0031806507728513594,-0.004142881163914572,0.23234120470459646,-0.003380480227286986
0.003038500772853295,-0.004096691788916676,0.23228600093093743,-0.003380480227286986
0.003251725772850614,-0.00405050241391878,0.2323320040756533,-0.003488340227298492
0.003322800772849868,-0.00405050241391878,0.2322952015598806,-0.003542270227304023
0.003322800772849868,-0.00405050241391878,0.23235040533353968,-0.003488340227298492
0.003322800772849868,-0.004189070538912468,0.23232280344671014,-0.003488340227298492
0.0031806507728513594,-0.004142881163914572,0.23232280344671014,-0.003380480227286986
0.003322800772849868,-0.004189070538912468,0.23232280344671014,-0.003380480227286986
0.003322800772849868,-0.004142881163914572,0.23232280344671014,-0.003434410227292739
0.003322800772849868,-0.00405050241391878,0.23234120470459646,-0.003434410227292739
0.003251725772850614,-0.004096691788916676,0.23232280344671014,-0.003542270227304023
0.0031806507728513594,-0.004142881163914572,0.23232280344671014,-0.003488340227298492
0.003109575772852549,-0.004189070538912468,0.23232280344671014,-0.003434410227292739
0.0031806507728513594,-0.004189070538912468,0.2323320040756533,-0.003380480227286986
0.003251725772850614,-0.00405050241391878,0.23235960596248284,-0.003488340227298492
0.003251725772850614,-0.004235259913910364,0.23231360281776697,-0.003434410227292739
0.003251725772850614,-0.004142881163914572,0.2323320040756533,-0.003488340227298492
0.0031806507728513594,-0.0040043130389208845,0.23232280344671014,-0.003434410227292739
0.003322800772849868,-0.004235259913910364,0.23234120470459646,-0.003542270227304023
0.0031806507728513594,-0.004142881163914572,0.23231360281776697,-0.003380480227286986
0.0031806507728513594,-0.004096691788916676,0.2323320040756533,-0.003434410227292739
0.003038500772853295,-0.00405050241391878,0.23231360281776697,-0.003542270227304023
0.0031806507728513594,-0.00428144928890826,0.23231360281776697,-0.003542270227304023
0.21461578598294645,0.13568864360743282,0.2550681775828094,0.2764996045381545
0.21447363598294839,0.13568864360743282,0.25508657884069585,0.2764996045381545
0.21475793598294451,0.13573483298243072,0.2550773782117526,0.27655353453816023
0.21475793598294451,0.13568864360743282,0.255095779469639,0.27644567453814894
0.2145447109829472,0.13573483298243072,0.2550773782117526,0.27655353453816023
0.2146868609829457,0.13573483298243072,0.25504057569597993,0.2764996045381545
0.21447363598294839,0.13568864360743282,0.25508657884069585,0.2764996045381545
0.2145447109829472,0.13573483298243072,0.2550773782117526,0.27655353453816023
0.21440256098294913,0.13568864360743282,0.2550773782117526,0.2763917445381432
0.2145447109829472,0.1355962648574368,0.25508657884069585,0.276607464538166
0.2145447109829472,0.13573483298243072,0.25508657884069585,0.2763917445381432
0.2145447109829472,0.1355962648574368,0.2550773782117526,0.2763917445381432
0.21447363598294839,0.1356424542324347,0.25508657884069585,0.2763917445381432
0.21440256098294913,0.1356424542324347,0.25508657884069585,0.27644567453814894
0.2145447109829472,0.13568864360743282,0.25508657884069585,0.27644567453814894
0.21447363598294839,0.1356424542324347,0.25508657884069585,0.27644567453814894
0.21461578598294645,0.13578102235742862,0.2550681775828094,0.27644567453814894
0.21447363598294839,0.1356424542324347,0.25508657884069585,0.2764996045381545
0.21461578598294645,0.13578102235742862,0.25508657884069585,0.27633781453813766
0.21447363598294839,0.13568864360743282,0.25508657884069585,0.2764996045381545
0.2145447109829472,0.1356424542324347,0.255095779469639,0.27644567453814894
0.21447363598294839,0.1356424542324347,0.25508657884069585,0.2764996045381545
0.21440256098294913,0.1355962648574368,0.2551049800985822,0.27644567453814894
0.21447363598294839,0.13568864360743282,0.25508657884069585,0.27655353453816023
0.21461578598294645,0.13578102235742862,0.25508657884069585,0.27655353453816023
0.21461578598294645,0.13568864360743282,0.25508657884069585,0.27644567453814894
0.2145447109829472,0.1358272117324265,0.2550681775828094,0.27655353453816023
0.2145447109829472,0.13568864360743282,0.255095779469639,0.2764996045381545
0.21461578598294645,0.13578102235742862,0.25508657884069585,0.27644567453814894
0.21440256098294913,0.1356424542324347,0.2550773782117526,0.276607464538166
0.21461578598294645,0.1358272117324265,0.2550773782117526,0.2764996045381545
0.21461578598294645,0.1358272117324265,0.2551049800985822,0.2763917445381432
0.2145447109829472,0.13573483298243072,0.25508657884069585,0.27655353453816023
0.2145447109829472,0.1357413779671257,0.2551049800985822,0.276607464538166
0.2145447109829472,0.1357413779671257,0.25508657884069585,0.27655353453816023
0.21447363598294839,0.1357413779671257,0.255095779469639,0.2764996045381545
0.21461578598294645,0.1356951885921278,0.2550773782117526,0.2764996045381545
0.21447363598294839,0.1356489992171297,0.25508657884069585,0.27644567453814894
0.2145447109829472,0.1357413779671257,0.255095779469639,0.2764996045381545
0.21475793598294451,0.1356951885921278,0.2550681775828094,0.2764996045381545
0.21440256098294913,0.1358337567171215,0.255095779469639,0.27655353453816023
0.2145447109829472,0.1356489992171297,0.2550773782117526,0.27655353453816023
0.21461578598294645,0.1356951885921278,0.25508657884069585,0.27655353453816023
0.21475793598294451,0.1357413779671257,0.2551049800985822,0.27644567453814894
0.21447363598294839,0.1356489992171297,0.25508657884069585,0.27644567453814894
0.21461578598294645,0.1356489992171297,0.25508657884069585,0.27655353453816023
0.21447363598294839,0.1356489992171297,0.2551049800985822,0.276607464538166
0.21461578598294645,0.1356489992171297,0.2550773782117526,0.27655353453816023
0.21461578598294645,0.1357413779671257,0.2550681775828094,0.2764996045381545
0.21440256098294913,0.1356951885921278,0.25508657884069585,0.2764996045381545
0.21461578598294645,0.1356951885921278,0.25508657884069585,0.27644567453814894
0.21440256098294913,0.1357413779671257,0.2551049800985822,0.276607464538166
0.21461578598294645,0.1356489992171297,0.255095779469639,0.2764996045381545
0.21475793598294451,0.1356951885921278,0.25508657884069585,0.276607464538166
0.21433148598295032,0.1356489992171297,0.25508657884069585,0.27655353453816023
0.21461578598294645,0.1357413779671257,0.2550681775828094,0.27644567453814894
0.2145447109829472,0.1356951885921278,0.255095779469639,0.27644567453814894
0.2145447109829472,0.1358337567171215,0.2550773782117526,0.276607464538166
0.2145447109829472,0.1356951885921278,0.25508657884069585,0.27655353453816023
0.2145447109829472,0.1356951885921278,0.2550773782117526,0.27655353453816023
0.21461578598294645,0.1358337567171215,0.25508657884069585,0.2764996045381545
0.21447363598294839,0.1357413779671257,0.2550773782117526,0.2763917445381432
0.21447363598294839,0.1356489992171297,0.25508657884069585,0.27644567453814894
0.2145447109829472,0.1356489992171297,0.2550773782117526,0.2764996045381545
0.21447363598294839,0.1356951885921278,0.25508657884069585,0.2764996045381545
0.21447363598294839,0.1358337567171215,0.25508657884069585,0.27644567453814894
0.21447363598294839,0.1358337567171215,0.25508657884069585,0.27633781453813766
0.21461578598294645,0.1357413779671257,0.2551049800985822,0.2764996045381545
0.2145447109829472,0.1356951885921278,0.25508657884069585,0.2764996045381545
0.21461578598294645,0.1355566204671339,0.2550681775828094,0.27655353453816023
0.2145447109829472,0.1356951885921278,0.25508657884069585,0.27644567453814894
0.2145447109829472,0.1357413779671257,0.255095779469639,0.2764996045381545
0.21461578598294645,0.1356951885921278,0.25508657884069585,0.2764996045381545
0.21447363598294839,0.1356489992171297,0.25508657884069585,0.27655353453816023
0.21447363598294839,0.1357413779671257,0.25508657884069585,0.2764996045381545
0.2145447109829472,0.1356951885921278,0.255095779469639,0.27655353453816023
0.2145447109829472,0.1358337567171215,0.2550681775828094,0.2764996045381545
0.2145447109829472,0.1356028098421318,0.2550773782117526,0.27644567453814894
0.21447363598294839,0.1356951885921278,0.25511418072752534,0.2764996045381545
0.21440256098294913,0.1358799460921194,0.25508657884069585,0.2764996045381545
0.21447363598294839,0.1357413779671257,0.25508657884069585,0.276607464538166
0.21460924099825146,0.1356951885921278,0.25508657884069585,0.2764996045381545
0.21460924099825146,0.1356489992171297,0.25508657884069585,0.2764996045381545
0.2145381659982522,0.1356951885921278,0.2551049800985822,0.276607464538166
0.2145381659982522,0.1357413779671257,0.25511418072752534,0.2763917445381432
0.2145381659982522,0.1358337567171215,0.255095779469639,0.27655353453816023
0.21439601599825414,0.1357413779671257,0.255095779469639,0.276607464538166
0.2144670909982534,0.1357413779671257,0.255095779469639,0.2763917445381432
0.2145381659982522,0.1357413779671257,0.25508657884069585,0.27655353453816023
0.2144670909982534,0.1356951885921278,0.25508657884069585,0.2763917445381432
0.21460924099825146,0.1357413779671257,0.25508657884069585,0.27644567453814894
0.2144670909982534,0.1358337567171215,0.25508657884069585,0.27644567453814894
0.21432494099825533,0.1356489992171297,0.2551049800985822,0.27655353453816023
0.2145381659982522,0.1357413779671257,0.2551049800985822,0.2764996045381545
0.2145381659982522,0.1356489992171297,0.25508657884069585,0.27655353453816023
0.21460924099825146,0.1357413779671257,0.25508657884069585,0.276607464538166
0.2145381659982522,0.1358337567171215,0.2550773782117526,0.2764996045381545
0.21432494099825533,0.1356951885921278,0.255095779469639,0.27655353453816023
0.21460924099825146,0.1357413779671257,0.25508657884069585,0.27655353453816023
0.2145381659982522,0.1356951885921278,0.255095779469639,0.27655353453816023
0.21475139099824953,0.1357413779671257,0.25511418072752534,0.2764996045381545
0.2144670909982534,0.1356951885921278,0.25508657884069585,0.27655353453816023
0.2145381659982522,0.1357413779671257,0.2550681775828094,0.2764996045381545
0.2145381659982522,0.1358337567171215,0.2551049800985822,0.2763917445381432
0.2144670909982534,0.1356028098421318,0.2551049800985822,0.27644567453814894
0.2145381659982522,0.1356951885921278,0.2550773782117526,0.2763917445381432
0.21460924099825146,0.1356951885921278,0.255095779469639,0.27633781453813766
0.21439601599825414,0.1357413779671257,0.25508657884069585,0.2763917445381432
0.21460924099825146,0.1357413779671257,0.2551049800985822,0.27644567453814894
0.21425386599825608,0.1356489992171297,0.255095779469639,0.276607464538166
0.2144670909982534,0.1356951885921278,0.255095779469639,0.27644567453814894
0.2145381659982522,0.1357413779671257,0.25508657884069585,0.2766613945381715
0.21475139099824953,0.1357413779671257,0.2551049800985822,0.2763917445381432
0.2144670909982534,0.1358337567171215,0.2550773782117526,0.27644567453814894
0.2144670909982534,0.1356951885921278,0.25508657884069585,0.2764996045381545
0.21460924099825146,0.1357413779671257,0.25511418072752534,0.276607464538166
0.2144670909982534,0.1356951885921278,0.2550773782117526,0.27655353453816023
0.2145381659982522,0.1356951885921278,0.2551049800985822,0.27644567453814894
0.2145381659982522,0.1356951885921278,0.25508657884069585,0.27644567453814894
0.2144670909982534,0.1356489992171297,0.25508657884069585,0.2764996045381545
0.2145381659982522,0.1357413779671257,0.255095779469639,0.276607464538166
0.21439601599825414,0.1356951885921278,0.2550681775828094,0.27644567453814894
0.2144670909982534,0.1357413779671257,0.2550773782117526,0.27655353453816023
0.21460924099825146,0.1356489992171297,0.25508657884069585,0.2763917445381432
0.2144670909982534,0.1357875673421236,0.25508657884069585,0.27655353453816023
0.21460924099825146,0.1357413779671257,0.255095779469639,0.27655353453816023
0.2145381659982522,0.1357413779671257,0.25508657884069585,0.27644567453814894
0.2145381659982522,0.1357413779671257,0.2550773782117526,0.27655353453816023
0.2144670909982534,0.1357413779671257,0.2550681775828094,0.27655353453816023
0.21439601599825414,0.1356951885921278,0.255095779469639,0.2764996045381545
0.2144670909982534,0.1357413779671257,0.255095779469639,0.276607464538166
0.2145381659982522,0.1356489992171297,0.25508657884069585,0.2764996045381545
0.21439601599825414,0.1356951885921278,0.25508657884069585,0.2763917445381432
0.21460924099825146,0.1356951885921278,0.25508657884069585,0.2763917445381432
0.2144670909982534,0.1356951885921278,0.255095779469639,0.2764996045381545
0.2144670909982534,0.1357413779671257,0.255095779469639,0.27655353453816023
0.2144670909982534,0.1356951885921278,0.2550773782117526,0.2764996045381545
0.21460924099825146,0.1357413779671257,0.255095779469639,0.27644567453814894
0.21460924099825146,0.1357413779671257,0.255095779469639,0.27633781453813766
0.2145381659982522,0.1355566204671339,0.25508657884069585,0.2764996045381545
0.21460924099825146,0.1358337567171215,0.255095779469639,0.2764996045381545
0.2145381659982522,0.1356951885921278,0.25508657884069585,0.27655353453816023
0.21460924099825146,0.1357875673421236,0.25508657884069585,0.27655353453816023
0.2145381659982522,0.1358337567171215,0.2550681775828094,0.2764996045381545
0.2145381659982522,0.1357413779671257,0.25508657884069585,0.27644567453814894
0.2144670909982534,0.1357875673421236,0.2550773782117526,0.2764996045381545
0.2144670909982534,0.1356951885921278,0.25511418072752534,0.27655353453816023
0.2144670909982534,0.1356489992171297,0.25508657884069585,0.2763917445381432
0.2144670909982534,0.1356951885921278,0.255095779469639,0.27644567453814894
0.21460924099825146,0.1358337567171215,0.2550773782117526,0.27644567453814894
0.2145381659982522,0.1356951885921278,0.25511418072752534,0.27644567453814894
0.2144670909982534,0.1358337567171215,0.25511418072752534,0.27655353453816023
0.2144670909982534,0.1356951885921278,0.2551049800985822,0.27644567453814894
0.21460924099825146,0.1356951885921278,0.25508657884069585,0.2764996045381545
0.2144670909982534,0.1356951885921278,0.2550773782117526,0.27644567453814894
0.2144670909982534,0.1356951885921278,0.25508657884069585,0.2763917445381432
0.21460924099825146,0.1356951885921278,0.25508657884069585,0.2763917445381432
0.2144670909982534,0.1357413779671257,0.25508657884069585,0.27655353453816023
0.21432494099825533,0.1357413779671257,0.2551049800985822,0.276607464538166
0.2144670909982534,0.1356951885921278,0.2550681775828094,0.2764996045381545
0.2144670909982534,0.1356951885921278,0.25508657884069585,0.27655353453816023
0.2144670909982534,0.1356951885921278,0.255095779469639,0.2764996045381545
0.2144670909982534,0.1356951885921278,0.2551049800985822,0.27655353453816023
0.21432494099825533,0.1357413779671257,0.255095779469639,0.2763917445381432
0.21439601599825414,0.1357413779671257,0.25511418072752534,0.2763917445381432
0.2144670909982534,0.1357413779671257,0.255095779469639,0.2762838845381319
0.2144670909982534,0.1357875673421236,0.2551049800985822,0.2764996045381545
0.21439601599825414,0.1358337567171215,0.2550773782117526,0.27655353453816023
0.2144670909982534,0.1356951885921278,0.2550773782117526,0.27644567453814894
0.21439601599825414,0.1358337567171215,0.25508657884069585,0.27655353453816023
0.2145381659982522,0.1357875673421236,0.255095779469639,0.27644567453814894
0.2145381659982522,0.1356951885921278,0.2551049800985822,0.2764996045381545
0.2145381659982522,0.1356951885921278,0.2551049800985822,0.27655353453816023
0.21460924099825146,0.1357413779671257,0.2551049800985822,0.27644567453814894
0.21460924099825146,0.1356951885921278,0.2550773782117526,0.27644567453814894
0.2144670909982534,0.1357875673421236,0.2550681775828094,0.2764996045381545
0.2145381659982522,0.1356489992171297,0.2550773782117526,0.2764996045381545
0.2145381659982522,0.1357413779671257,0.25508657884069585,0.27655353453816023
0.2145381659982522,0.1357413779671257,0.255095779469639,0.2764996045381545
0.2144670909982534,0.1356951885921278,0.2551049800985822,0.27655353453816023
0.2144670909982534,0.1357413779671257,0.25508657884069585,0.2764996045381545
0.2145381659982522,0.1357413779671257,0.25508657884069585,0.2763917445381432
0.21475139099824953,0.1356489992171297,0.2550773782117526,0.2764996045381545
0.2145381659982522,0.1356028098421318,0.2550681775828094,0.2764996045381545
0.2144670909982534,0.1357413779671257,0.2550773782117526,0.27644567453814894
0.21439601599825414,0.1356951885921278,0.2551049800985822,0.27644567453814894
0.2144670909982534,0.1358799460921194,0.25508657884069585,0.27633781453813766
0.21432494099825533,0.1358799460921194,0.25508657884069585,0.27644567453814894
0.2144670909982534,0.1356489992171297,0.2550773782117526,0.27633781453813766
0.2145381659982522,0.1356951885921278,0.2550773782117526,0.27644567453814894
0.21453162101355722,0.1357413779671257,0.25508657884069585,0.2764996045381545
0.2144605460135584,0.1357413779671257,0.25508657884069585,0.276607464538166
0.21453162101355722,0.1356951885921278,0.25508657884069585,0.27655353453816023
0.21474484601355454,0.1356951885921278,0.2550773782117526,0.2763917445381432
0.2144605460135584,0.1357413779671257,0.255095779469639,0.27644567453814894
0.21453162101355722,0.1357413779671257,0.2550773782117526,0.27655353453816023
0.21453162101355722,0.1357875673421236,0.2551049800985822,0.276607464538166
0.2144605460135584,0.1356489992171297,0.25508657884069585,0.2764996045381545
0.2144605460135584,0.1357875673421236,0.25511418072752534,0.27655353453816023
0.21453162101355722,0.1357413779671257,0.2550773782117526,0.2764996045381545
0.21453162101355722,0.1357413779671257,0.25511418072752534,0.2763917445381432
0.2144605460135584,0.1357413779671257,0.25508657884069585,0.27644567453814894
0.21453162101355722,0.1357413779671257,0.255095779469639,0.2764996045381545
0.2144605460135584,0.1357413779671257,0.2550773782117526,0.27644567453814894
0.2144605460135584,0.1357413779671257,0.25508657884069585,0.27644567453814894
0.21453162101355722,0.1357413779671257,0.255095779469639,0.2763917445381432
0.2144605460135584,0.1357413779671257,0.2550681775828094,0.2763917445381432
0.21460269601355647,0.1358337567171215,0.25508657884069585,0.276607464538166
0.21453162101355722,0.1356489992171297,0.25508657884069585,0.2764996045381545
0.2144605460135584,0.1356489992171297,0.25508657884069585,0.27644567453814894
0.2144605460135584,0.1357413779671257,0.2550773782117526,0.27644567453814894
0.2144605460135584,0.1357413779671257,0.25508657884069585,0.2763917445381432
0.21453162101355722,0.1356489992171297,0.25508657884069585,0.2764996045381545
0.21453162101355722,0.1358337567171215,0.255095779469639,0.2763917445381432
0.21438947101355915,0.1357413779671257,0.2551049800985822,0.27655353453816023
0.21431839601356034,0.1357413779671257,0.2551049800985822,0.2764996045381545
0.2144605460135584,0.1358337567171215,0.25508657884069585,0.276607464538166
0.21460269601355647,0.1356489992171297,0.2550773782117526,0.2764996045381545
0.2144605460135584,0.1357413779671257,0.25508657884069585,0.27655353453816023
0.2144605460135584,0.1356951885921278,0.255095779469639,0.2764996045381545
0.21460269601355647,0.1356951885921278,0.25508657884069585,0.2763917445381432
0.21453162101355722,0.1356951885921278,0.2550773782117526,0.2762838845381319
0.21460269601355647,0.1356951885921278,0.2550773782117526,0.2763917445381432
0.2144605460135584,0.1356951885921278,0.255095779469639,0.27644567453814894
0.21453162101355722,0.1356489992171297,0.255095779469639,0.2763917445381432
0.21438947101355915,0.1357413779671257,0.25511418072752534,0.2764996045381545
0.2144605460135584,0.1356489992171297,0.25508657884069585,0.2766613945381715
0.2144605460135584,0.1356489992171297,0.2550773782117526,0.2764996045381545
0.21438947101355915,0.1357413779671257,0.25508657884069585,0.2764996045381545
0.21453162101355722,0.1356951885921278,0.25511418072752534,0.2764996045381545
0.2144605460135584,0.1356951885921278,0.255095779469639,0.2764996045381545
0.21453162101355722,0.1356951885921278,0.2551049800985822,0.27644567453814894
0.2144605460135584,0.1356951885921278,0.255095779469639,0.27655353453816023
0.21474484601355454,0.1357413779671257,0.25508657884069585,0.27644567453814894
0.21438947101355915,0.1356489992171297,0.2551049800985822,0.2764996045381545
0.2144605460135584,0.1357413779671257,0.25508657884069585,0.2764996045381545
0.21460269601355647,0.1357413779671257,0.25508657884069585,0.2763917445381432
0.21460269601355647,0.1357413779671257,0.2550773782117526,0.276607464538166
0.21460269601355647,0.1358337567171215,0.255095779469639,0.27655353453816023
0.2144605460135584,0.1356951885921278,0.25508657884069585,0.2763917445381432
0.21431839601356034,0.1356489992171297,0.2550773782117526,0.27655353453816023
0.2144605460135584,0.1358337567171215,0.2551049800985822,0.27644567453814894
0.21453162101355722,0.1356951885921278,0.2550681775828094,0.2764996045381545
0.2144605460135584,0.1356951885921278,0.2550773782117526,0.2764996045381545
0.21453162101355722,0.1358337567171215,0.25508657884069585,0.27655353453816023
0.21438947101355915,0.1357413779671257,0.25508657884069585,0.2764996045381545
0.2144605460135584,0.1356951885921278,0.25508657884069585,0.27644567453814894
0.21460269601355647,0.1358337567171215,0.2550681775828094,0.2763917445381432
0.2144605460135584,0.1358337567171215,0.25508657884069585,0.276607464538166
0.21460269601355647,0.1356951885921278,0.25508657884069585,0.27655353453816023
0.4223045009788213,0.2779190200216069,0.2779070730090021,0.55967643068768
0.422233425978822,0.2779190200216069,0.27791627363794524,0.55967643068768
0.42209127597882395,0.277965209396605,0.27787947112217254,0.5597303606876856
0.4221623509788232,0.2778266412716111,0.2779254742668884,0.5597303606876856
0.422233425978822,0.2780113987716029,0.2779254742668884,0.55967643068768
0.4221623509788232,0.2779190200216069,0.27789787238005886,0.5598382206876968
0.4221623509788232,0.2779190200216069,0.27791627363794524,0.5597303606876856
0.4221623509788232,0.2779190200216069,0.2779254742668884,0.5596225006876743
0.4220202009788247,0.2777804518966132,0.2779254742668884,0.5597303606876856
0.4223045009788213,0.277965209396605,0.27789787238005886,0.55967643068768
0.42209127597882395,0.2778266412716111,0.27789787238005886,0.5597303606876856
0.4221623509788232,0.2780113987716029,0.2779254742668884,0.5598921506877026
0.4221623509788232,0.2779190200216069,0.2779254742668884,0.5598921506877026
0.422233425978822,0.277965209396605,0.27791627363794524,0.55967643068768
0.4221623509788232,0.277872830646609,0.27791627363794524,0.5597303606876856
0.42209127597882395,0.2780113987716029,0.27789787238005886,0.5598382206876968
0.422233425978822,0.277965209396605,0.27791627363794524,0.55967643068768
0.42209127597882395,0.2779190200216069,0.27793467489583157,0.5597842906876913
0.42209127597882395,0.2780113987716029,0.27789787238005886,0.5598921506877026
0.422233425978822,0.2778266412716111,0.2778886717511157,0.5598382206876968
0.4223045009788213,0.2779190200216069,0.2779070730090021,0.5596225006876743
0.422233425978822,0.277965209396605,0.2779254742668884,0.5597842906876913
0.4221623509788232,0.277872830646609,0.27793467489583157,0.55967643068768
0.4221623509788232,0.277872830646609,0.27789787238005886,0.5597303606876856
0.42244665097881934,0.2779190200216069,0.2778886717511157,0.5597842906876913
0.42208473099412896,0.277965209396605,0.27791627363794524,0.5597303606876856
0.42222688099412703,0.2779190200216069,0.27793467489583157,0.5597842906876913
0.42222688099412703,0.277872830646609,0.27791627363794524,0.55967643068768
0.42222688099412703,0.2780113987716029,0.27789787238005886,0.5598382206876968
0.42244010599412435,0.2779190200216069,0.2779070730090021,0.5598921506877026
0.4221558059941282,0.2780113987716029,0.27789787238005886,0.5596225006876743
0.4220136559941297,0.2777804518966132,0.2779254742668884,0.55967643068768
0.42222688099412703,0.277872830646609,0.27791627363794524,0.5598921506877026
0.4222979559941263,0.277872830646609,0.2779254742668884,0.5598921506877026
0.4222979559941263,0.277872830646609,0.2778886717511157,0.5598921506877026
0.4222979559941263,0.277965209396605,0.27789787238005886,0.5598382206876968
0.4221558059941282,0.2780113987716029,0.27789787238005886,0.5597842906876913
0.4222979559941263,0.2779190200216069,0.2779070730090021,0.55967643068768
0.4221558059941282,0.2778266412716111,0.2779254742668884,0.55967643068768
0.4221558059941282,0.2779190200216069,0.27791627363794524,0.5598921506877026
0.42208473099412896,0.2779190200216069,0.27789787238005886,0.5596225006876743
0.4221558059941282,0.277965209396605,0.27793467489583157,0.5597303606876856
0.4221558059941282,0.2779190200216069,0.27789787238005886,0.5597303606876856
0.4222979559941263,0.277965209396605,0.27789787238005886,0.5597303606876856
0.42222688099412703,0.2779190200216069,0.27789787238005886,0.5597303606876856
0.4221558059941282,0.2779190200216069,0.2779254742668884,0.5597303606876856
0.42222688099412703,0.2779190200216069,0.2779254742668884,0.5597303606876856
0.42208473099412896,0.277965209396605,0.2779070730090021,0.5597842906876913
0.42222688099412703,0.2779190200216069,0.2779070730090021,0.5597303606876856
0.4221558059941282,0.277872830646609,0.27791627363794524,0.5598921506877026
0.42222688099412703,0.2780575881466008,0.27791627363794524,0.55967643068768
0.4222979559941263,0.277872830646609,0.27791627363794524,0.5597303606876856
0.4221558059941282,0.277965209396605,0.27789787238005886,0.5596225006876743
0.4222979559941263,0.277965209396605,0.27789787238005886,0.5597303606876856
0.4221558059941282,0.2779190200216069,0.27791627363794524,0.5597842906876913
0.4221558059941282,0.2780113987716029,0.2779254742668884,0.55967643068768
0.4221558059941282,0.277965209396605,0.2779254742668884,0.55967643068768
0.4220136559941297,0.2779190200216069,0.27789787238005886,0.5597842906876913
0.4221558059941282,0.2779190200216069,0.2779070730090021,0.5598921506877026
0.42244010599412435,0.277872830646609,0.27791627363794524,0.55967643068768
0.42244010599412435,0.277965209396605,0.2779254742668884,0.5598382206876968
0.4222979559941263,0.2779190200216069,0.27789787238005886,0.5597303606876856
0.4221558059941282,0.2778266412716111,0.27791627363794524,0.55967643068768
0.42222688099412703,0.2779190200216069,0.2779070730090021,0.5597842906876913
0.42222688099412703,0.277872830646609,0.27789787238005886,0.55967643068768
0.4221558059941282,0.277872830646609,0.27791627363794524,0.5597303606876856
0.4222979559941263,0.2780113987716029,0.27789787238005886,0.5597303606876856
0.4222979559941263,0.277872830646609,0.27793467489583157,0.5597303606876856
0.4222979559941263,0.277872830646609,0.27791627363794524,0.5597303606876856
0.4222979559941263,0.2779190200216069,0.27791627363794524,0.5597303606876856
0.4220136559941297,0.277965209396605,0.2779254742668884,0.5597842906876913
0.4221558059941282,0.2779190200216069,0.27791627363794524,0.5598382206876968
0.42244010599412435,0.2779190200216069,0.2779070730090021,0.5598921506877026
0.4221558059941282,0.2780113987716029,0.27791627363794524,0.5598921506877026
0.42208473099412896,0.2779190200216069,0.27789787238005886,0.5597303606876856
0.4222979559941263,0.277872830646609,0.27791627363794524,0.5597842906876913
0.4221558059941282,0.277872830646609,0.27789787238005886,0.5598382206876968
0.4221558059941282,0.277965209396605,0.27789787238005886,0.5597303606876856
0.4222979559941263,0.2779190200216069,0.27789787238005886,0.5597303606876856
0.4222979559941263,0.2779190200216069,0.27791627363794524,0.5597842906876913
0.42222688099412703,0.277965209396605,0.27793467489583157,0.5597842906876913
0.4221558059941282,0.2779190200216069,0.27791627363794524,0.5597842906876913
0.4222979559941263,0.277965209396605,0.27791627363794524,0.55967643068768
0.4221558059941282,0.277965209396605,0.2779254742668884,0.55967643068768
0.42222688099412703,0.2779190200216069,0.2779254742668884,0.5598921506877026
0.4220136559941297,0.2777804518966132,0.2779254742668884,0.5597842906876913
0.4221558059941282,0.2780113987716029,0.27791627363794524,0.559514640687663
0.42222688099412703,0.2779190200216069,0.27791627363794524,0.5598921506877026
0.4222979559941263,0.2779190200216069,0.27793467489583157,0.5597303606876856
0.42244010599412435,0.2780113987716029,0.27793467489583157,0.5598921506877026
0.42222688099412703,0.2779190200216069,0.2779254742668884,0.5596225006876743
0.42222688099412703,0.2779190200216069,0.2779070730090021,0.5597303606876856
0.42244010599412435,0.277872830646609,0.2779254742668884,0.5596225006876743
0.4222979559941263,0.2778266412716111,0.27789787238005886,0.5598382206876968
0.42244010599412435,0.277965209396605,0.2779254742668884,0.55967643068768
0.4221558059941282,0.277965209396605,0.27789787238005886,0.55967643068768
0.4222979559941263,0.277872830646609,0.2778886717511157,0.5597842906876913
0.42222688099412703,0.2779190200216069,0.2779254742668884,0.5598921506877026
0.4221558059941282,0.2780113987716029,0.27791627363794524,0.5597303606876856
0.42244010599412435,0.2779190200216069,0.27789787238005886,0.5595685706876685
0.42222688099412703,0.2780113987716029,0.27789787238005886,0.5597303606876856
0.4221558059941282,0.277965209396605,0.27791627363794524,0.5596225006876743
0.42222688099412703,0.277965209396605,0.27793467489583157,0.5597842906876913
0.42222688099412703,0.2779190200216069,0.27789787238005886,0.5597303606876856
0.42244010599412435,0.277872830646609,0.27793467489583157,0.5597303606876856
0.4222979559941263,0.2779190200216069,0.2779070730090021,0.5598921506877026
0.4222979559941263,0.2779190200216069,0.27789787238005886,0.5597842906876913
0.42244010599412435,0.277965209396605,0.27789787238005886,0.5597303606876856
0.4221558059941282,0.277965209396605,0.27789787238005886,0.55967643068768
0.42244010599412435,0.2779190200216069,0.2779254742668884,0.55967643068768
0.42244010599412435,0.2778266412716111,0.27791627363794524,0.5597303606876856
0.42222688099412703,0.2779190200216069,0.27791627363794524,0.55967643068768
0.42244010599412435,0.277872830646609,0.2778886717511157,0.5596225006876743
0.42222688099412703,0.2780113987716029,0.27791627363794524,0.5597303606876856
0.4222979559941263,0.2780113987716029,0.27789787238005886,0.5597303606876856
0.42244010599412435,0.2779190200216069,0.27791627363794524,0.5598382206876968
0.4221558059941282,0.277872830646609,0.27791627363794524,0.55967643068768
0.42222688099412703,0.2778266412716111,0.2779254742668884,0.5596225006876743
0.4222979559941263,0.2779190200216069,0.27791627363794524,0.55967643068768
0.42244010599412435,0.2779190200216069,0.27787947112217254,0.5597303606876856
0.42222688099412703,0.277872830646609,0.27789787238005886,0.5597842906876913
0.42244010599412435,0.2779190200216069,0.27789787238005886,0.5598921506877026
0.42222688099412703,0.277872830646609,0.27793467489583157,0.5597842906876913
0.4222979559941263,0.277965209396605,0.27793467489583157,0.5598921506877026
0.42244010599412435,0.277965209396605,0.2778886717511157,0.5597303606876856
0.42222688099412703,0.277965209396605,0.2779254742668884,0.5597842906876913
0.4222979559941263,0.2777804518966132,0.27791627363794524,0.5598921506877026
0.42208473099412896,0.2779190200216069,0.2779070730090021,0.5598921506877026
0.42222688099412703,0.277872830646609,0.2779254742668884,0.5597303606876856
0.42244010599412435,0.2780113987716029,0.2779254742668884,0.5598921506877026
0.42222688099412703,0.277872830646609,0.2779254742668884,0.5597842906876913
0.4222979559941263,0.2779190200216069,0.2779070730090021,0.5596225006876743
0.4222979559941263,0.2779190200216069,0.2779254742668884,0.55967643068768
0.42243356100942936,0.2779190200216069,0.2779254742668884,0.5598921506877026
0.42222033600943204,0.2778266412716111,0.27793467489583157,0.55967643068768
0.42222033600943204,0.2780113987716029,0.2779254742668884,0.5597842906876913
0.422078186009434,0.277872830646609,0.2779254742668884,0.5598921506877026
0.42214926100943323,0.2780113987716029,0.27793467489583157,0.55967643068768
0.42222033600943204,0.2779190200216069,0.2779254742668884,0.5597842906876913
0.42222033600943204,0.2779190200216069,0.27791627363794524,0.5597303606876856
0.42243356100942936,0.2779190200216069,0.2779070730090021,0.55967643068768
0.4222914110094313,0.2779190200216069,0.27791627363794524,0.5597303606876856
0.4222914110094313,0.2779190200216069,0.27789787238005886,0.5597842906876913
0.42222033600943204,0.2780113987716029,0.27789787238005886,0.5598382206876968
0.4222914110094313,0.2779190200216069,0.27791627363794524,0.5598921506877026
0.4222914110094313,0.2779190200216069,0.2779254742668884,0.55967643068768
0.42243356100942936,0.277965209396605,0.2779438755247748,0.5595685706876685
0.42222033600943204,0.277872830646609,0.2779070730090021,0.55967643068768
0.42243356100942936,0.277965209396605,0.2779254742668884,0.5597303606876856
0.4220071110094347,0.2779190200216069,0.2779254742668884,0.55967643068768
0.4222914110094313,0.277965209396605,0.2779254742668884,0.5597842906876913
0.4222914110094313,0.2779190200216069,0.2778886717511157,0.5598921506877026
0.4222914110094313,0.277965209396605,0.27791627363794524,0.5596225006876743
0.42243356100942936,0.2780113987716029,0.2779254742668884,0.55967643068768
0.42214926100943323,0.277965209396605,0.27789787238005886,0.5595685706876685
0.42222033600943204,0.277872830646609,0.27791627363794524,0.55967643068768
0.42243356100942936,0.2780113987716029,0.27791627363794524,0.5597842906876913
0.4222914110094313,0.277872830646609,0.2779254742668884,0.55967643068768
0.42243356100942936,0.2780113987716029,0.2779254742668884,0.5597303606876856
0.42214926100943323,0.2779190200216069,0.27789787238005886,0.5597303606876856
0.42243356100942936,0.2779190200216069,0.27789787238005886,0.55967643068768
0.4223624860094301,0.277872830646609,0.2779254742668884,0.5597842906876913
0.42222033600943204,0.2781037775215987,0.2779254742668884,0.5598921506877026
0.4222914110094313,0.2779190200216069,0.27791627363794524,0.5597303606876856
0.42243356100942936,0.2779190200216069,0.2779070730090021,0.5596225006876743
0.4222914110094313,0.2779190200216069,0.27789787238005886,0.5597303606876856
0.42222033600943204,0.2779190200216069,0.27791627363794524,0.5597303606876856
0.42243356100942936,0.2778266412716111,0.27791627363794524,0.55967643068768
0.42222033600943204,0.277965209396605,0.2778886717511157,0.5597303606876856
0.42222033600943204,0.2779190200216069,0.2779254742668884,0.5596225006876743
0.42243356100942936,0.2779190200216069,0.2779254742668884,0.5596225006876743
0.4222914110094313,0.277965209396605,0.2778886717511157,0.55967643068768
0.42222033600943204,0.2779190200216069,0.27791627363794524,0.5597842906876913
0.42222033600943204,0.277965209396605,0.27789787238005886,0.5598921506877026
0.42222033600943204,0.277965209396605,0.2778886717511157,0.5597842906876913
0.4220071110094347,0.277872830646609,0.27789787238005886,0.5598382206876968
0.4222914110094313,0.2779190200216069,0.27791627363794524,0.55967643068768
0.42222033600943204,0.2778266412716111,0.27791627363794524,0.5596225006876743
0.42222033600943204,0.2780113987716029,0.27791627363794524,0.5597842906876913
0.42222033600943204,0.2780113987716029,0.2779438755247748,0.5597303606876856
0.42222033600943204,0.277965209396605,0.2779070730090021,0.5597303606876856
0.42243356100942936,0.277965209396605,0.27791627363794524,0.55967643068768
0.42243356100942936,0.277965209396605,0.27793467489583157,0.55967643068768
0.4223624860094301,0.2780113987716029,0.27789787238005886,0.5597303606876856
0.42222033600943204,0.2780113987716029,0.27787947112217254,0.5597303606876856
0.422078186009434,0.277872830646609,0.2779254742668884,0.5597303606876856
0.42243356100942936,0.2780113987716029,0.27789787238005886,0.5598921506877026
0.42214926100943323,0.2778266412716111,0.27791627363794524,0.5597303606876856
0.42243356100942936,0.277965209396605,0.27789787238005886,0.5596225006876743
0.42243356100942936,0.277872830646609,0.2779254742668884,0.5598921506877026
0.4222914110094313,0.277965209396605,0.2779438755247748,0.5596225006876743
0.42222033600943204,0.2781037775215987,0.27793467489583157,0.5596225006876743
0.4222914110094313,0.277965209396605,0.27791627363794524,0.5595685706876685
0.42243356100942936,0.2779190200216069,0.2779254742668884,0.5597303606876856
0.42243356100942936,0.2780113987716029,0.2779254742668884,0.5597303606876856
0.42243356100942936,0.2779190200216069,0.2778886717511157,0.5597303606876856
0.42222033600943204,0.2780575881466008,0.27791627363794524,0.5596225006876743
0.42243356100942936,0.277965209396605,0.27793467489583157,0.5596225006876743
0.42243356100942936,0.2781499668965966,0.27793467489583157,0.5596225006876743
0.4222914110094313,0.277872830646609,0.27791627363794524,0.55967643068768
0.422078186009434,0.2780113987716029,0.27791627363794524,0.5597842906876913
0.42222033600943204,0.2780113987716029,0.2778886717511157,0.5597303606876856
0.42243356100942936,0.277965209396605,0.2779254742668884,0.5597303606876856
0.42214926100943323,0.2779190200216069,0.2779438755247748,0.5597303606876856
0.42222033600943204,0.2780113987716029,0.2778886717511157,0.5598382206876968
0.42243356100942936,0.2780113987716029,0.27791627363794524,0.5598921506877026
0.4222914110094313,0.2779190200216069,0.2779070730090021,0.5597303606876856
0.4222914110094313,0.2780113987716029,0.27791627363794524,0.5597303606876856
0.42243356100942936,0.277965209396605,0.2779254742668884,0.5597303606876856
0.42222033600943204,0.2780113987716029,0.2779070730090021,0.5598382206876968
0.4222914110094313,0.277965209396605,0.2778886717511157,0.5596225006876743
0.4222914110094313,0.277965209396605,0.27791627363794524,0.55967643068768
0.42222033600943204,0.2779190200216069,0.2779254742668884,0.5597303606876856
0.4222914110094313,0.2779190200216069,0.27791627363794524,0.5598382206876968
0.42243356100942936,0.2780113987716029,0.2779254742668884,0.5598382206876968
0.42243356100942936,0.2779190200216069,0.27791627363794524,0.5597842906876913
0.42243356100942936,0.2780575881466008,0.27789787238005886,0.5597303606876856
0.4223624860094301,0.2780575881466008,0.27791627363794524,0.5596225006876743
0.42222033600943204,0.2780113987716029,0.2779254742668884,0.55967643068768
0.42243356100942936,0.2780113987716029,0.27791627363794524,0.5597842906876913
0.42243356100942936,0.2780575881466008,0.27789787238005886,0.5597303606876856
0.42222033600943204,0.2779190200216069,0.27791627363794524,0.5597842906876913
0.42222033600943204,0.2779190200216069,0.2779254742668884,0.5597303606876856
0.422078186009434,0.2779190200216069,0.27793467489583157,0.5596225006876743
0.42243356100942936,0.277965209396605,0.27791627363794524,0.5598382206876968
0.42222033600943204,0.277965209396605,0.2779070730090021,0.5597303606876856
0.42222033600943204,0.2779190200216069,0.27791627363794524,0.5597303606876856
0.42243356100942936,0.277965209396605,0.2779070730090021,0.5596225006876743
0.4223624860094301,0.2780113987716029,0.27791627363794524,0.5596225006876743
0.42222033600943204,0.2781037775215987,0.27789787238005886,0.55967643068768
0.422078186009434,0.2780113987716029,0.2779070730090021,0.5597303606876856
0.4222914110094313,0.2779190200216069,0.27791627363794524,0.55967643068768
0.4222914110094313,0.2779190200216069,0.27795307615371795,0.55967643068768
0.42243356100942936,0.2780113987716029,0.2779254742668884,0.55967643068768
0.42222033600943204,0.2780113987716029,0.27789787238005886,0.5597303606876856
0.4222914110094313,0.2780575881466008,0.27793467489583157,0.5596225006876743
0.4222914110094313,0.2781037775215987,0.2779438755247748,0.5597303606876856
0.4222914110094313,0.277965209396605,0.27791627363794524,0.5598921506877026
0.42214926100943323,0.2778266412716111,0.27791627363794524,0.5598921506877026
0.42243356100942936,0.2780113987716029,0.27791627363794524,0.5598921506877026
0.42243356100942936,0.277965209396605,0.2779254742668884,0.5597842906876913
0.42243356100942936,0.277965209396605,0.27791627363794524,0.55967643068768
0.4222914110094313,0.2778266412716111,0.2779254742668884,0.55967643068768
0.4223624860094301,0.277965209396605,0.2779254742668884,0.55967643068768
0.42243356100942936,0.2779190200216069,0.2779070730090021,0.5598921506877026
0.42243356100942936,0.277965209396605,0.2779070730090021,0.5597303606876856
0.42214926100943323,0.2778266412716111,0.2779254742668884,0.5597303606876856
0.42222033600943204,0.2780113987716029,0.27789787238005886,0.5597303606876856
0.42214926100943323,0.277872830646609,0.27791627363794524,0.5597303606876856
0.42214926100943323,0.277965209396605,0.2779070730090021,0.5595685706876685
0.631980556479733,0.4158233065302987,0.3003584582691575,0.8509931811461924
0.6320516314797318,0.4160542534052884,0.3003400570112712,0.8510471111461981
0.6320516314797318,0.4159618746552926,0.30036765889810074,0.8510471111461981
0.6320516314797318,0.4159618746552926,0.30033085638232804,0.8509392511461868
0.6319094814797337,0.4158233065302987,0.3003584582691575,0.8511549711462094
0.6319094814797337,0.4159618746552926,0.30034925764021436,0.8509392511461868
0.631980556479733,0.4158694959052966,0.3003584582691575,0.8511549711462094
0.6319094814797337,0.4159156852802947,0.3003768595270439,0.8509931811461924
0.6319094814797337,0.4159156852802947,0.3003400570112712,0.8509392511461868
0.631980556479733,0.4160080640302905,0.30036765889810074,0.8511010411462039
0.631980556479733,0.4159618746552926,0.3003584582691575,0.8510471111461981
0.6319094814797337,0.4159156852802947,0.3003400570112712,0.8511549711462094
0.631980556479733,0.4159618746552926,0.30036765889810074,0.8510471111461981
0.631980556479733,0.4159156852802947,0.3003400570112712,0.8509392511461868
0.631980556479733,0.4159618746552926,0.3003584582691575,0.8509931811461924
0.6320516314797318,0.4159618746552926,0.3003400570112712,0.8510471111461981
0.6320516314797318,0.4159156852802947,0.3003584582691575,0.8511549711462094
0.6319094814797337,0.4159618746552926,0.30033085638232804,0.8509931811461924
0.631980556479733,0.4160080640302905,0.3003584582691575,0.8511549711462094
0.6319094814797337,0.4161004427802863,0.3003400570112712,0.8509392511461868
0.631980556479733,0.4159156852802947,0.30036765889810074,0.8510471111461981
0.6321937814797303,0.4159618746552926,0.3003400570112712,0.8510471111461981
0.6319094814797337,0.4159618746552926,0.3003584582691575,0.8509392511461868
0.6319094814797337,0.4160542534052884,0.3003584582691575,0.8510471111461981
0.631980556479733,0.4159618746552926,0.30036765889810074,0.8511010411462039
0.6319094814797337,0.4159156852802947,0.3003584582691575,0.8511549711462094
0.6319094814797337,0.4159618746552926,0.3003584582691575,0.8509392511461868
0.6319094814797337,0.4159156852802947,0.30036765889810074,0.8511010411462039
0.631980556479733,0.4158233065302987,0.30036765889810074,0.8510471111461981
0.6319094814797337,0.4159156852802947,0.30036765889810074,0.8509392511461868
0.631980556479733,0.4159618746552926,0.30036765889810074,0.8508853211461811
0.631980556479733,0.4160080640302905,0.30034925764021436,0.8510471111461981
0.6319094814797337,0.4159618746552926,0.3003584582691575,0.8509931811461924
0.6318384064797349,0.4159156852802947,0.30036765889810074,0.8510471111461981
0.6319094814797337,0.4159618746552926,0.30036765889810074,0.8511010411462039
0.6319740114950378,0.4159156852802947,0.3003400570112712,0.8510471111461981
0.6319740114950378,0.4159156852802947,0.3003584582691575,0.8509392511461868
0.6319029364950386,0.4159156852802947,0.3003584582691575,0.8510471111461981
0.6320450864950367,0.4159618746552926,0.30034925764021436,0.8509392511461868
0.6319029364950386,0.4160542534052884,0.3003400570112712,0.8509392511461868
0.6320450864950367,0.4159618746552926,0.3003584582691575,0.8510471111461981
0.6319029364950386,0.4160542534052884,0.30034925764021436,0.8509392511461868
0.6320450864950367,0.4159156852802947,0.30036765889810074,0.8510471111461981
0.6319740114950378,0.4160080640302905,0.3003216557533848,0.8508853211461811
0.6319740114950378,0.4159156852802947,0.30034925764021436,0.8511010411462039
0.6319740114950378,0.4159618746552926,0.30034925764021436,0.8511549711462094
0.6320450864950367,0.4159156852802947,0.3003768595270439,0.8510471111461981
0.6319740114950378,0.4159618746552926,0.30036765889810074,0.8510471111461981
0.6317607864950405,0.4159618746552926,0.3003584582691575,0.8510471111461981
0.6319029364950386,0.4160080640302905,0.3003768595270439,0.8509931811461924
0.6319029364950386,0.4159618746552926,0.30036765889810074,0.8509931811461924
0.6319740114950378,0.4159618746552926,0.3003584582691575,0.8509392511461868
0.6319029364950386,0.4160542534052884,0.3003584582691575,0.8509392511461868
0.6319029364950386,0.4159156852802947,0.3003768595270439,0.8509931811461924
0.6318318614950398,0.4160080640302905,0.3003584582691575,0.8509392511461868
0.6319029364950386,0.4159618746552926,0.3003584582691575,0.8508853211461811
0.6319740114950378,0.4160542534052884,0.3003400570112712,0.8510471111461981
0.6319740114950378,0.4160080640302905,0.30034925764021436,0.8510471111461981
0.6317607864950405,0.4159618746552926,0.30036765889810074,0.8509392511461868
0.6319740114950378,0.4159618746552926,0.3003400570112712,0.8509392511461868
0.6321872364950352,0.4159156852802947,0.30036765889810074,0.8510471111461981
0.6319029364950386,0.4159618746552926,0.3003216557533848,0.8511010411462039
0.6319740114950378,0.4159618746552926,0.30036765889810074,0.8510471111461981
0.6320450864950367,0.4159156852802947,0.30036765889810074,0.8508853211461811
0.6319029364950386,0.4159156852802947,0.3003400570112712,0.8509931811461924
0.6317607864950405,0.4159618746552926,0.30036765889810074,0.8510471111461981
0.6319029364950386,0.4159618746552926,0.3003400570112712,0.8510471111461981
0.6319029364950386,0.4159618746552926,0.3003584582691575,0.8509392511461868
0.6319740114950378,0.4160542534052884,0.3003400570112712,0.8509392511461868
0.6319029364950386,0.4159618746552926,0.3003584582691575,0.8509931811461924
0.6319740114950378,0.4159156852802947,0.30034925764021436,0.8509392511461868
0.6319029364950386,0.4159618746552926,0.30036765889810074,0.8508853211461811
0.6319029364950386,0.4160080640302905,0.30034925764021436,0.8509392511461868
0.6320450864950367,0.4160080640302905,0.30034925764021436,0.8509931811461924
0.6319029364950386,0.4159156852802947,0.30034925764021436,0.8508853211461811
0.6318318614950398,0.4159156852802947,0.3003584582691575,0.8509931811461924
0.6321161614950359,0.4159156852802947,0.30034925764021436,0.8510471111461981
0.6319740114950378,0.4159618746552926,0.30036765889810074,0.8510471111461981
0.6319029364950386,0.4161004427802863,0.3003768595270439,0.8509931811461924
0.6320450864950367,0.4159156852802947,0.30036765889810074,0.8511010411462039
0.6319740114950378,0.4159618746552926,0.3003400570112712,0.8509392511461868
0.6319740114950378,0.4158694959052966,0.3003584582691575,0.8511010411462039
0.6319740114950378,0.4159156852802947,0.3003584582691575,0.8509392511461868
0.6319029364950386,0.4160080640302905,0.3003584582691575,0.8510471111461981
0.6321872364950352,0.4159618746552926,0.30033085638232804,0.8509931811461924
0.6319029364950386,0.4160080640302905,0.3003584582691575,0.8509931811461924
0.6319740114950378,0.4159618746552926,0.30038606015598707,0.8508313911461756
0.6319740114950378,0.4160080640302905,0.3003400570112712,0.8508313911461756
0.6319740114950378,0.4159618746552926,0.3003584582691575,0.8511010411462039
0.6319740114950378,0.4159618746552926,0.3003584582691575,0.8510471111461981
0.6319029364950386,0.4161004427802863,0.3003768595270439,0.8511010411462039
0.6319740114950378,0.4159618746552926,0.30036765889810074,0.8508853211461811
0.6321872364950352,0.4160080640302905,0.3003584582691575,0.8509392511461868
0.6319029364950386,0.4161004427802863,0.30038606015598707,0.8510471111461981
0.6319029364950386,0.4161004427802863,0.3003584582691575,0.8509392511461868
0.6320450864950367,0.4160080640302905,0.30036765889810074,0.8508313911461756
0.6319029364950386,0.4159156852802947,0.30036765889810074,0.8511010411462039
0.6319740114950378,0.4159618746552926,0.30036765889810074,0.8511010411462039
0.6319029364950386,0.4159618746552926,0.3003584582691575,0.8509931811461924
0.6319740114950378,0.4160080640302905,0.3003584582691575,0.8509392511461868
0.6319740114950378,0.4159618746552926,0.3003400570112712,0.8509931811461924
0.6320450864950367,0.4159618746552926,0.3003584582691575,0.8509392511461868
0.6319740114950378,0.4159618746552926,0.3003584582691575,0.8509392511461868
0.6319029364950386,0.4159156852802947,0.30034925764021436,0.8508853211461811
0.6320450864950367,0.4158233065302987,0.3003584582691575,0.8509392511461868
0.6319740114950378,0.4159618746552926,0.3003584582691575,0.8509392511461868
0.6319029364950386,0.4160542534052884,0.3003400570112712,0.8510471111461981
0.6320450864950367,0.4159618746552926,0.3003400570112712,0.8509392511461868
0.6319740114950378,0.4160542534052884,0.3003400570112712,0.8509392511461868
0.6319029364950386,0.4159156852802947,0.3003584582691575,0.8510471111461981
0.6319029364950386,0.4159156852802947,0.3003400570112712,0.8509931811461924
0.6319029364950386,0.4160080640302905,0.3003584582691575,0.8509392511461868
0.6317607864950405,0.4160080640302905,0.3003768595270439,0.8508313911461756
0.6318318614950398,0.4159618746552926,0.30034925764021436,0.8509931811461924
0.6319740114950378,0.4159618746552926,0.3003584582691575,0.8509392511461868
0.6319740114950378,0.4159156852802947,0.3003400570112712,0.8511010411462039
0.6319029364950386,0.4158694959052966,0.30036765889810074,0.8511010411462039
0.6318318614950398,0.4159156852802947,0.30034925764021436,0.8510471111461981
0.6319029364950386,0.4159156852802947,0.3003768595270439,0.8508853211461811
0.6319029364950386,0.4159618746552926,0.3003584582691575,0.8510471111461981
0.6319029364950386,0.4159618746552926,0.30036765889810074,0.8511010411462039
0.6319029364950386,0.4161004427802863,0.30036765889810074,0.8509392511461868
0.6319740114950378,0.4159156852802947,0.3003584582691575,0.8509931811461924
0.6319740114950378,0.4159156852802947,0.30036765889810074,0.8511010411462039
0.6319740114950378,0.4159618746552926,0.3003400570112712,0.8510471111461981
0.6318318614950398,0.4159618746552926,0.3003584582691575,0.8509392511461868
0.6319740114950378,0.4159618746552926,0.30038606015598707,0.8509392511461868
0.6319029364950386,0.4159618746552926,0.30034925764021436,0.8508313911461756
0.6319029364950386,0.4159156852802947,0.30036765889810074,0.8511010411462039
0.6319740114950378,0.4159618746552926,0.30034925764021436,0.8510471111461981
0.6319029364950386,0.4159156852802947,0.3003768595270439,0.8509392511461868
0.6319029364950386,0.4158694959052966,0.3003584582691575,0.8509931811461924
0.6319740114950378,0.4160542534052884,0.30036765889810074,0.8509392511461868
0.6319029364950386,0.4159618746552926,0.3003584582691575,0.8511010411462039
0.6318318614950398,0.4158694959052966,0.30036765889810074,0.8509931811461924
0.6319740114950378,0.4159156852802947,0.3003584582691575,0.8509931811461924
0.6318318614950398,0.4159156852802947,0.3003584582691575,0.8509392511461868
0.6319029364950386,0.4158694959052966,0.3003584582691575,0.8509931811461924
0.6319029364950386,0.4159618746552926,0.3003584582691575,0.8509392511461868
0.6319740114950378,0.4159618746552926,0.3003584582691575,0.8511010411462039
0.6319029364950386,0.4159618746552926,0.3003768595270439,0.8509392511461868
0.6321872364950352,0.4160542534052884,0.30036765889810074,0.8510471111461981
0.6317607864950405,0.4159618746552926,0.3003584582691575,0.8509392511461868
0.6319029364950386,0.4159156852802947,0.3003400570112712,0.8510471111461981
0.6321161614950359,0.4161004427802863,0.3003584582691575,0.8509392511461868
0.6321872364950352,0.4158694959052966,0.3003400570112712,0.8508313911461756
0.6319029364950386,0.4160542534052884,0.30034925764021436,0.8509392511461868
0.6319740114950378,0.4159618746552926,0.30034925764021436,0.8509392511461868
0.6320450864950367,0.4160080640302905,0.30036765889810074,0.8509931811461924
0.6319029364950386,0.4159156852802947,0.3003584582691575,0.8509931811461924
0.6318318614950398,0.4158694959052966,0.3003768595270439,0.8509931811461924
0.6319740114950378,0.4160080640302905,0.3003584582691575,0.8509392511461868
0.6318318614950398,0.4160080640302905,0.3003584582691575,0.8509931811461924
0.6317607864950405,0.4160080640302905,0.30036765889810074,0.8511010411462039
0.6319740114950378,0.4158694959052966,0.3003584582691575,0.8509931811461924
0.6319029364950386,0.4159618746552926,0.3003400570112712,0.8508853211461811
0.6317607864950405,0.4159618746552926,0.30036765889810074,0.8510471111461981
0.6317607864950405,0.4160080640302905,0.30036765889810074,0.8510471111461981
0.6319029364950386,0.4158694959052966,0.3003584582691575,0.8510471111461981
0.6319740114950378,0.4159156852802947,0.30036765889810074,0.8509392511461868
0.6319740114950378,0.4159618746552926,0.3003584582691575,0.8509931811461924
0.6319029364950386,0.4159618746552926,0.3003768595270439,0.8509931811461924
0.6319029364950386,0.4159618746552926,0.3003584582691575,0.8509392511461868
0.6319740114950378,0.4161004427802863,0.30036765889810074,0.8510471111461981
0.6319029364950386,0.4159618746552926,0.3003400570112712,0.8509392511461868
0.6319029364950386,0.4159156852802947,0.3003400570112712,0.8511010411462039
0.6319029364950386,0.4159156852802947,0.3003768595270439,0.8509931811461924
0.6318318614950398,0.4159156852802947,0.30036765889810074,0.8508853211461811
0.6319740114950378,0.4159156852802947,0.30036765889810074,0.8511010411462039
0.6316897114950417,0.4160080640302905,0.3003584582691575,0.8508313911461756
0.6317607864950405,0.4159618746552926,0.30036765889810074,0.8508853211461811
0.6318318614950398,0.4160080640302905,0.3003584582691575,0.8508853211461811
0.6319029364950386,0.4159618746552926,0.3003768595270439,0.8509931811461924
0.6317607864950405,0.4159156852802947,0.3003768595270439,0.8510471111461981
0.6319740114950378,0.4159618746552926,0.30036765889810074,0.8508853211461811
0.6319029364950386,0.4160542534052884,0.3003400570112712,0.8509392511461868
0.6319740114950378,0.4160542534052884,0.30036765889810074,0.8510471111461981
0.6318318614950398,0.4160542534052884,0.3003584582691575,0.8509392511461868
0.6318318614950398,0.4159618746552926,0.30033085638232804,0.8508853211461811
0.6317607864950405,0.4158694959052966,0.30038606015598707,0.8508853211461811
0.6318318614950398,0.4161004427802863,0.30036765889810074,0.8509931811461924
0.6317607864950405,0.4159156852802947,0.3003768595270439,0.8508853211461811
0.6319740114950378,0.4160542534052884,0.3003584582691575,0.8508853211461811
0.6320450864950367,0.4160080640302905,0.30034925764021436,0.8511010411462039
0.6316897114950417,0.4158694959052966,0.3003400570112712,0.8509931811461924
0.6318318614950398,0.4159156852802947,0.30036765889810074,0.8509392511461868
0.6319029364950386,0.4158694959052966,0.3003400570112712,0.8509392511461868
0.6318318614950398,0.4159156852802947,0.3003584582691575,0.8509392511461868
0.6317607864950405,0.4159156852802947,0.30036765889810074,0.8508313911461756
0.6319740114950378,0.4159618746552926,0.3003400570112712,0.8509392511461868
0.6317607864950405,0.4159156852802947,0.30036765889810074,0.8509392511461868
0.6320450864950367,0.4159618746552926,0.30036765889810074,0.8510471111461981
0.6317607864950405,0.4159618746552926,0.30036765889810074,0.8509931811461924
0.6317607864950405,0.4159618746552926,0.3003584582691575,0.8509392511461868
0.6316897114950417,0.4159156852802947,0.30038606015598707,0.8510471111461981
0.6317607864950405,0.4159156852802947,0.30036765889810074,0.8509392511461868
0.6319740114950378,0.4159618746552926,0.30036765889810074,0.8508853211461811
0.6318318614950398,0.4159618746552926,0.3003584582691575,0.8509392511461868
0.6319740114950378,0.4158694959052966,0.3003400570112712,0.8508853211461811
0.6319740114950378,0.4159618746552926,0.30038606015598707,0.8509392511461868
0.6317607864950405,0.4159618746552926,0.3003584582691575,0.8509392511461868
0.6319029364950386,0.4160080640302905,0.3003768595270439,0.8509931811461924
0.6317607864950405,0.4159618746552926,0.30034925764021436,0.8509392511461868
0.6319029364950386,0.4160542534052884,0.30036765889810074,0.8509392511461868
0.6320450864950367,0.4161004427802863,0.30036765889810074,0.8508853211461811
0.6319029364950386,0.4159156852802947,0.30036765889810074,0.8508853211461811
0.6317607864950405,0.4159618746552926,0.3003768595270439,0.8510471111461981
0.6319740114950378,0.4160542534052884,0.3003768595270439,0.8509392511461868
0.6317607864950405,0.4159618746552926,0.30036765889810074,0.8509392511461868
0.6318318614950398,0.4160080640302905,0.3003400570112712,0.8511010411462039
0.6317607864950405,0.4159618746552926,0.30038606015598707,0.8508853211461811
0.6317607864950405,0.4160080640302905,0.30036765889810074,0.8509392511461868
0.6319740114950378,0.4159618746552926,0.30036765889810074,0.8509392511461868
0.6319029364950386,0.4159618746552926,0.3003768595270439,0.8509392511461868
0.6319029364950386,0.4160080640302905,0.3003768595270439,0.8509392511461868
0.6318318614950398,0.4160080640302905,0.3003584582691575,0.8509392511461868
0.6319029364950386,0.4159618746552926,0.3003584582691575,0.8510471111461981
0.6319029364950386,0.4161004427802863,0.3003768595270439,0.8507774611461698
0.6317607864950405,0.4159618746552926,0.3003768595270439,0.8508853211461811
0.6319029364950386,0.4160542534052884,0.30036765889810074,0.8508853211461811
0.6319029364950386,0.4159156852802947,0.3003584582691575,0.8511010411462039
0.6317607864950405,0.4159618746552926,0.3003584582691575,0.8510471111461981
0.6317607864950405,0.4160080640302905,0.3003400570112712,0.8508853211461811
0.6319029364950386,0.4159156852802947,0.3003584582691575,0.8509931811461924
0.6319029364950386,0.4158694959052966,0.3003584582691575,0.8508853211461811
0.6319029364950386,0.4161004427802863,0.3003768595270439,0.8509392511461868
0.632258311495034,0.4160542534052884,0.3003584582691575,0.8509931811461924
0.6319029364950386,0.4159156852802947,0.3003400570112712,0.8509392511461868
0.6317607864950405,0.4160080640302905,0.3003768595270439,0.8509392511461868
0.6319029364950386,0.4160080640302905,0.30033085638232804,0.8508853211461811
0.6319029364950386,0.4159156852802947,0.30036765889810074,0.8509392511461868
0.6318318614950398,0.4159156852802947,0.3003768595270439,0.8509392511461868
0.6318318614950398,0.4160080640302905,0.30036765889810074,0.8507774611461698
0.6319740114950378,0.4160542534052884,0.3003584582691575,0.8510471111461981
0.6319029364950386,0.4159156852802947,0.3003768595270439,0.8511010411462039
0.6317607864950405,0.4160542534052884,0.3003584582691575,0.8509931811461924
0.6317607864950405,0.4158694959052966,0.30038606015598707,0.8511010411462039
0.6319740114950378,0.4161004427802863,0.3003400570112712,0.8508313911461756
0.6319029364950386,0.4159156852802947,0.3003768595270439,0.8510471111461981
0.6320450864950367,0.4160542534052884,0.3003768595270439,0.8509931811461924
0.6319029364950386,0.4161004427802863,0.3003768595270439,0.8508313911461756
0.6319740114950378,0.4160542534052884,0.30034925764021436,0.8509392511461868
0.6318318614950398,0.4160080640302905,0.3003584582691575,0.8509392511461868
0.6320450864950367,0.4160080640302905,0.30034925764021436,0.8509392511461868
0.6319740114950378,0.4160080640302905,0.3003584582691575,0.8509392511461868
0.6318318614950398,0.4159156852802947,0.3003584582691575,0.8509392511461868
0.6317607864950405,0.4159618746552926,0.30034925764021436,0.8509392511461868
0.6319740114950378,0.4159156852802947,0.3003768595270439,0.8509392511461868
0.6318318614950398,0.4159618746552926,0.30036765889810074,0.8508853211461811
0.6319029364950386,0.4159618746552926,0.30036765889810074,0.8508313911461756
0.8442107128223826,0.5553395485898878,0.32329130623568125,1.1197671916023353
0.8442817878223818,0.5555243060898796,0.32329130623568125,1.1196054016023185
0.8444239378223799,0.5554319273398838,0.32329130623568125,1.1196054016023185
0.8444239378223799,0.5554781167148817,0.32329130623568125,1.1196054016023185
0.8444239378223799,0.5554319273398838,0.32329130623568125,1.1197671916023353
0.8444239378223799,0.5555243060898796,0.3232821056067381,1.1196054016023185
0.8443528628223806,0.5553857379648859,0.3233005068646244,1.1196054016023185
0.8442817878223818,0.5553857379648859,0.3233005068646244,1.1197671916023353
0.8442817878223818,0.5554319273398838,0.3233005068646244,1.1195514716023127
0.8442817878223818,0.5555243060898796,0.3233005068646244,1.1195514716023127
0.8441396378223833,0.5555704954648775,0.32329130623568125,1.1197132616023295
0.8441396378223833,0.5554781167148817,0.3233005068646244,1.1196054016023185
0.8442107128223826,0.5554319273398838,0.3233005068646244,1.1196054016023185
0.8444239378223799,0.5554319273398838,0.32329130623568125,1.1196054016023185
0.8442107128223826,0.5554781167148817,0.3233097074935676,1.1196054016023185
0.8442817878223818,0.5555243060898796,0.3233005068646244,1.1196593316023238
0.8442817878223818,0.5555243060898796,0.3233097074935676,1.1197132616023295
0.8442107128223826,0.5554781167148817,0.3232821056067381,1.1196054016023185
0.8439974878223853,0.5555243060898796,0.3233005068646244,1.1196593316023238
0.8441396378223833,0.5554319273398838,0.32331890812251085,1.1197671916023353
0.8442817878223818,0.5553395485898878,0.3232821056067381,1.119821121602341
0.8442107128223826,0.5555243060898796,0.3233005068646244,1.1196054016023185
0.8442817878223818,0.5555243060898796,0.3232821056067381,1.1196054016023185
0.8442107128223826,0.5554781167148817,0.3233005068646244,1.1196054016023185
0.8442107128223826,0.5555243060898796,0.3232821056067381,1.1197671916023353
0.8442107128223826,0.5554319273398838,0.3233097074935676,1.1197671916023353
0.8444239378223799,0.5555243060898796,0.3233005068646244,1.1197132616023295
0.8443528628223806,0.5553395485898878,0.32329130623568125,1.1196054016023185
0.8442817878223818,0.5555243060898796,0.32329130623568125,1.1196054016023185
0.8442817878223818,0.5555704954648775,0.3233005068646244,1.119821121602341
0.8442817878223818,0.5553857379648859,0.32329130623568125,1.1197132616023295
0.8442817878223818,0.5555243060898796,0.3233005068646244,1.1196054016023185
0.8443528628223806,0.5555243060898796,0.32329130623568125,1.1196054016023185
0.8442817878223818,0.5554781167148817,0.3233005068646244,1.1196054016023185
0.8442107128223826,0.5555243060898796,0.3233005068646244,1.1197132616023295
0.8441396378223833,0.5554319273398838,0.3233005068646244,1.1196054016023185
0.8442817878223818,0.5555243060898796,0.32329130623568125,1.1197132616023295
0.8442107128223826,0.5555704954648775,0.3233097074935676,1.1196054016023185
0.8441396378223833,0.5555243060898796,0.3233005068646244,1.1197132616023295
0.8442107128223826,0.5555243060898796,0.32329130623568125,1.1196593316023238
0.8442817878223818,0.5555243060898796,0.3233097074935676,1.1197132616023295
0.8440685628223845,0.5554319273398838,0.3233005068646244,1.1196054016023185
0.8442817878223818,0.5555243060898796,0.3233005068646244,1.1196054016023185
0.8444950128223787,0.5554319273398838,0.32329130623568125,1.1196054016023185
0.8441396378223833,0.5555704954648775,0.3233005068646244,1.1196054016023185
0.8442107128223826,0.5554781167148817,0.3233097074935676,1.1196054016023185
0.8443528628223806,0.5555704954648775,0.3233097074935676,1.119497541602307
0.8444239378223799,0.5555704954648775,0.3233005068646244,1.1196593316023238
0.8441396378223833,0.5554319273398838,0.3233005068646244,1.1196054016023185
0.8441396378223833,0.5555243060898796,0.32331890812251085,1.1196054016023185
0.8442107128223826,0.5555243060898796,0.3233005068646244,1.1196054016023185
0.8444239378223799,0.5554781167148817,0.3233005068646244,1.1196593316023238
0.8442107128223826,0.5553857379648859,0.3233097074935676,1.1196054016023185
0.8442107128223826,0.5555243060898796,0.32331890812251085,1.1197132616023295
0.8442817878223818,0.5554319273398838,0.3233005068646244,1.1196054016023185
0.8442817878223818,0.5554319273398838,0.3232821056067381,1.1197671916023353
0.8442107128223826,0.5554319273398838,0.32331890812251085,1.1197671916023353
0.8443528628223806,0.5554319273398838,0.3233097074935676,1.1197132616023295
0.8444950128223787,0.5554319273398838,0.32329130623568125,1.1196054016023185
0.8442817878223818,0.5555243060898796,0.32329130623568125,1.1196593316023238
0.8441396378223833,0.5555243060898796,0.3232821056067381,1.1196054016023185
0.8442107128223826,0.5554781167148817,0.3233005068646244,1.1196054016023185
0.8442107128223826,0.5554781167148817,0.32331890812251085,1.1196593316023238
0.8442107128223826,0.5555243060898796,0.3233097074935676,1.1197132616023295
0.8442107128223826,0.5555243060898796,0.3233097074935676,1.1196593316023238
0.8442107128223826,0.5555704954648775,0.32329130623568125,1.119821121602341
0.8441396378223833,0.5553857379648859,0.3233005068646244,1.1196054016023185
0.8442817878223818,0.5555243060898796,0.3233097074935676,1.1195514716023127
0.8443528628223806,0.5555243060898796,0.3233097074935676,1.119821121602341
0.8442107128223826,0.5555243060898796,0.3233005068646244,1.1195514716023127
0.8444239378223799,0.5554319273398838,0.3233005068646244,1.1195514716023127
0.8441396378223833,0.5555243060898796,0.32331890812251085,1.1196054016023185
0.8442107128223826,0.5554319273398838,0.32329130623568125,1.1196054016023185
0.8442107128223826,0.5555243060898796,0.3233097074935676,1.1196054016023185
0.8442107128223826,0.5554319273398838,0.3233097074935676,1.1196054016023185
0.8441396378223833,0.5555704954648775,0.3233097074935676,1.1196593316023238
0.8442817878223818,0.5555243060898796,0.32329130623568125,1.1195514716023127
0.8441396378223833,0.5554781167148817,0.3233005068646244,1.1196054016023185
0.8442107128223826,0.5555243060898796,0.3233005068646244,1.1196054016023185
0.8444239378223799,0.5554319273398838,0.323328108751454,1.1196054016023185
0.8441396378223833,0.5553857379648859,0.3233097074935676,1.1196054016023185
0.8443528628223806,0.5556166848398754,0.3233005068646244,1.119821121602341
0.8442817878223818,0.5555243060898796,0.3233005068646244,1.1197671916023353
0.8444950128223787,0.5553857379648859,0.3233097074935676,1.1196054016023185
0.8442817878223818,0.5553857379648859,0.3233005068646244,1.1197132616023295
0.8442107128223826,0.5555704954648775,0.32329130623568125,1.1196054016023185
0.8441396378223833,0.5555704954648775,0.3232821056067381,1.1196054016023185
0.8442107128223826,0.5555243060898796,0.3233097074935676,1.119821121602341
0.8442107128223826,0.5555243060898796,0.32329130623568125,1.1196054016023185
0.8441396378223833,0.5554319273398838,0.3233097074935676,1.1197671916023353
0.8442817878223818,0.5553857379648859,0.32331890812251085,1.1196054016023185
0.8442817878223818,0.5555704954648775,0.3233097074935676,1.1196054016023185
0.8443528628223806,0.5555243060898796,0.32331890812251085,1.1196593316023238
0.8444950128223787,0.5555704954648775,0.3233097074935676,1.119821121602341
0.8441396378223833,0.5555704954648775,0.3233005068646244,1.1197132616023295
0.8442107128223826,0.5555243060898796,0.3233005068646244,1.1196054016023185
0.8442817878223818,0.5555243060898796,0.3233005068646244,1.119821121602341
0.8442107128223826,0.5554319273398838,0.32331890812251085,1.1196593316023238
0.8443528628223806,0.5554319273398838,0.3233005068646244,1.1196054016023185
0.8441396378223833,0.5555243060898796,0.323328108751454,1.1197132616023295
0.8442107128223826,0.5554319273398838,0.3233005068646244,1.1196593316023238
0.8444239378223799,0.5554781167148817,0.3233005068646244,1.1197132616023295
0.8442817878223818,0.5555243060898796,0.3232821056067381,1.1196054016023185
0.8444239378223799,0.5555243060898796,0.32329130623568125,1.1196054016023185
0.8442107128223826,0.5555704954648775,0.3233005068646244,1.1197671916023353
0.8444239378223799,0.5554319273398838,0.3233005068646244,1.1197671916023353
0.8444239378223799,0.5554319273398838,0.3233097074935676,1.1197671916023353
0.8441396378223833,0.5555243060898796,0.3233097074935676,1.1196054016023185
0.8442817878223818,0.5555243060898796,0.3233005068646244,1.1196054016023185
0.8442817878223818,0.5554319273398838,0.3233005068646244,1.1196054016023185
0.8442107128223826,0.5554319273398838,0.3233373093803972,1.1197132616023295
0.8442817878223818,0.5554319273398838,0.3233097074935676,1.1196054016023185
0.8442107128223826,0.5556166848398754,0.3233005068646244,1.119821121602341
0.8442817878223818,0.5555243060898796,0.32331890812251085,1.1197132616023295
0.8441396378223833,0.5555243060898796,0.3233005068646244,1.1196054016023185
0.8442817878223818,0.5553857379648859,0.32329130623568125,1.1197132616023295
0.8442107128223826,0.5555243060898796,0.3233097074935676,1.1196593316023238
0.8442817878223818,0.5555704954648775,0.3233097074935676,1.1196054016023185
0.8441396378223833,0.5555243060898796,0.3233005068646244,1.1196054016023185
0.8442107128223826,0.5555243060898796,0.3233005068646244,1.1196054016023185
0.8444239378223799,0.5555243060898796,0.3233097074935676,1.1196054016023185
0.8442817878223818,0.5555243060898796,0.32331890812251085,1.1197132616023295
0.8441396378223833,0.5553857379648859,0.3233097074935676,1.1197132616023295
0.8442817878223818,0.5555704954648775,0.32329130623568125,1.1197132616023295
0.8442107128223826,0.5554319273398838,0.3233005068646244,1.1196054016023185
0.8442107128223826,0.5555704954648775,0.32329130623568125,1.1197132616023295
0.8442107128223826,0.5554319273398838,0.3233097074935676,1.1197671916023353
0.8442107128223826,0.5555243060898796,0.32329130623568125,1.1196054016023185
0.8444239378223799,0.5555243060898796,0.3233005068646244,1.1197671916023353
0.8444239378223799,0.5555243060898796,0.3233097074935676,1.1196054016023185
0.8444239378223799,0.5555243060898796,0.32329130623568125,1.1196054016023185
0.8442107128223826,0.5554319273398838,0.3233005068646244,1.1196054016023185
0.8442107128223826,0.5555243060898796,0.3233005068646244,1.1195514716023127
0.8440685628223845,0.5555243060898796,0.32329130623568125,1.1196593316023238
0.8442817878223818,0.5554319273398838,0.3233005068646244,1.1197671916023353
0.8442817878223818,0.5554319273398838,0.3232821056067381,1.1197132616023295
0.8443528628223806,0.5556166848398754,0.32329130623568125,1.1196054016023185
0.8444239378223799,0.5555243060898796,0.32329130623568125,1.1197671916023353
0.8441396378223833,0.5553857379648859,0.3233005068646244,1.1196054016023185
0.8442107128223826,0.5555243060898796,0.3233005068646244,1.1196054016023185
0.8442817878223818,0.5554781167148817,0.3233005068646244,1.1196054016023185
0.8442817878223818,0.5555243060898796,0.3233005068646244,1.1196054016023185
0.8442817878223818,0.5554319273398838,0.32331890812251085,1.1197132616023295
0.8442817878223818,0.5554319273398838,0.32331890812251085,1.1196054016023185
0.8441396378223833,0.5554319273398838,0.3233005068646244,1.1196054016023185
0.8441396378223833,0.5555243060898796,0.32329130623568125,1.1197132616023295
0.8442817878223818,0.5556166848398754,0.3233005068646244,1.119821121602341
0.8441396378223833,0.5553857379648859,0.3233005068646244,1.1197132616023295
0.8441396378223833,0.5555704954648775,0.3233005068646244,1.1196054016023185
0.8443528628223806,0.5553857379648859,0.3233005068646244,1.1197132616023295
0.8442107128223826,0.5555704954648775,0.32329130623568125,1.1196593316023238
0.8442107128223826,0.5555243060898796,0.3233005068646244,1.1197671916023353
0.8444239378223799,0.5554781167148817,0.3232821056067381,1.1197132616023295
0.8444239378223799,0.5553857379648859,0.3233097074935676,1.1196054016023185
0.8442817878223818,0.5554319273398838,0.3233097074935676,1.1196593316023238
0.8442107128223826,0.5554319273398838,0.3233097074935676,1.1196593316023238
0.8444239378223799,0.5553857379648859,0.3233097074935676,1.1197671916023353
0.8441396378223833,0.5555243060898796,0.3233005068646244,1.1197132616023295
0.8442817878223818,0.5555243060898796,0.3233005068646244,1.119821121602341
0.8442107128223826,0.5555243060898796,0.3233005068646244,1.119821121602341
0.8442107128223826,0.5555704954648775,0.3233097074935676,1.1198750516023468
0.8441396378223833,0.5554319273398838,0.3233005068646244,1.1197132616023295
0.8441396378223833,0.5555243060898796,0.3233097074935676,1.1196054016023185
0.8442107128223826,0.5555243060898796,0.32331890812251085,1.1197132616023295
0.8443528628223806,0.5554781167148817,0.323328108751454,1.1196054016023185
0.8444239378223799,0.5555243060898796,0.3233097074935676,1.1196054016023185
0.8441396378223833,0.5555243060898796,0.32331890812251085,1.1197132616023295
0.8442107128223826,0.5554781167148817,0.3232821056067381,1.1197132616023295
0.8442817878223818,0.5554781167148817,0.3233097074935676,1.1196054016023185
0.8442817878223818,0.5555243060898796,0.32331890812251085,1.1197671916023353
0.8441396378223833,0.5553857379648859,0.3233097074935676,1.1195514716023127
0.8444239378223799,0.5555243060898796,0.3233005068646244,1.1196054016023185
0.8442107128223826,0.5554781167148817,0.323328108751454,1.1196054016023185
0.8443528628223806,0.5556166848398754,0.3233005068646244,1.1195514716023127
0.8442107128223826,0.5555704954648775,0.32331890812251085,1.1197671916023353
0.8442817878223818,0.5555243060898796,0.3233005068646244,1.1196593316023238
0.8441396378223833,0.5554781167148817,0.3233005068646244,1.1196054016023185
0.8442817878223818,0.5554319273398838,0.3233097074935676,1.1197132616023295
0.8441396378223833,0.5554319273398838,0.3233097074935676,1.1197671916023353
0.8442107128223826,0.5554781167148817,0.3233005068646244,1.1196054016023185
0.8442107128223826,0.5555243060898796,0.3232821056067381,1.1195514716023127
0.8442107128223826,0.5555243060898796,0.3232821056067381,1.1195514716023127
0.8444239378223799,0.5554781167148817,0.3233005068646244,1.1196054016023185
0.8441396378223833,0.5554319273398838,0.3233005068646244,1.1197671916023353
0.8442817878223818,0.5556166848398754,0.3233005068646244,1.1196054016023185
0.8442107128223826,0.5554319273398838,0.3233005068646244,1.1196054016023185
0.8442107128223826,0.5553857379648859,0.3233005068646244,1.1196054016023185
0.8442107128223826,0.5553857379648859,0.3232821056067381,1.1196054016023185
0.8442817878223818,0.5555243060898796,0.3233005068646244,1.1196054016023185
0.8441396378223833,0.5556166848398754,0.32329130623568125,1.1196593316023238
0.8442817878223818,0.5554319273398838,0.3233097074935676,1.1197132616023295
0.8441396378223833,0.5553395485898878,0.32331890812251085,1.1197132616023295
0.8442817878223818,0.5554319273398838,0.3233097074935676,1.1196054016023185
0.8443528628223806,0.5555243060898796,0.3233005068646244,1.1196054016023185
0.8441396378223833,0.5553857379648859,0.32331890812251085,1.1195514716023127
0.8442107128223826,0.5555243060898796,0.3233097074935676,1.1197132616023295
0.8441396378223833,0.5554319273398838,0.3233097074935676,1.1196054016023185
0.8441396378223833,0.5555243060898796,0.3233097074935676,1.1197671916023353
0.8441396378223833,0.5555704954648775,0.32331890812251085,1.1197132616023295
0.8441396378223833,0.5555243060898796,0.3233005068646244,1.1197671916023353
0.8444239378223799,0.5555243060898796,0.3233097074935676,1.1196054016023185
0.8442817878223818,0.5553857379648859,0.3232821056067381,1.119821121602341
0.8444239378223799,0.5555704954648775,0.3233097074935676,1.1197132616023295
0.8442817878223818,0.5554319273398838,0.32329130623568125,1.1196593316023238
0.8442817878223818,0.5555243060898796,0.32329130623568125,1.1196054016023185
0.8440685628223845,0.5554319273398838,0.3233005068646244,1.1195514716023127
0.8441396378223833,0.5555243060898796,0.323328108751454,1.119821121602341
0.8441396378223833,0.5555243060898796,0.32331890812251085,1.1196054016023185
0.8439974878223853,0.5554319273398838,0.3233097074935676,1.1197132616023295
0.8442817878223818,0.5555704954648775,0.3233097074935676,1.1196054016023185
0.8442107128223826,0.5554319273398838,0.3233005068646244,1.1197132616023295
0.8442817878223818,0.5554781167148817,0.3233097074935676,1.1197132616023295
0.8442107128223826,0.5555243060898796,0.3233097074935676,1.1196054016023185
0.8442817878223818,0.5553857379648859,0.323328108751454,1.1197671916023353
0.8442107128223826,0.5555243060898796,0.3233005068646244,1.1196054016023185
0.8442107128223826,0.5555243060898796,0.3233005068646244,1.1195514716023127
0.8442817878223818,0.5554319273398838,0.32329130623568125,1.1197671916023353
0.8442817878223818,0.5554319273398838,0.3232821056067381,1.1196054016023185
0.8441396378223833,0.5554319273398838,0.32331890812251085,1.1196054016023185
0.8442817878223818,0.5553857379648859,0.3233097074935676,1.1196054016023185
0.8441396378223833,0.5554319273398838,0.3233097074935676,1.1196054016023185
0.8441396378223833,0.5555243060898796,0.3232821056067381,1.1197671916023353
0.8441396378223833,0.5554781167148817,0.3233005068646244,1.1195514716023127
0.8442107128223826,0.5555704954648775,0.3233005068646244,1.1196054016023185
0.8442817878223818,0.5554781167148817,0.3233097074935676,1.1197671916023353
0.8442817878223818,0.5555243060898796,0.32331890812251085,1.1197671916023353
0.8442107128223826,0.5555243060898796,0.3233097074935676,1.1196054016023185
0.8439974878223853,0.5553857379648859,0.3233097074935676,1.1197132616023295
0.8442107128223826,0.5555243060898796,0.32329130623568125,1.1196054016023185
0.8442817878223818,0.5554319273398838,0.3233005068646244,1.1196054016023185
0.8441396378223833,0.5555704954648775,0.3233097074935676,1.1196054016023185
0.8442107128223826,0.5555243060898796,0.3233097074935676,1.1197132616023295
0.8442107128223826,0.5555243060898796,0.32329130623568125,1.1197132616023295
0.8442107128223826,0.5553395485898878,0.32331890812251085,1.1196054016023185
0.8441396378223833,0.5556166848398754,0.32329130623568125,1.1197671916023353
0.8441396378223833,0.5554781167148817,0.3233005068646244,1.119497541602307
0.8442817878223818,0.5556166848398754,0.3233005068646244,1.1196054016023185
0.8441396378223833,0.5555243060898796,0.323328108751454,1.1196054016023185
0.8441396378223833,0.5555243060898796,0.3233005068646244,1.1197132616023295
0.8442107128223826,0.5555704954648775,0.3233097074935676,1.1197132616023295
0.8441396378223833,0.5555243060898796,0.3233005068646244,1.1196054016023185
0.8442817878223818,0.5555243060898796,0.3233005068646244,1.1196054016023185
0.8441396378223833,0.5555243060898796,0.3233005068646244,1.119821121602341
0.8442107128223826,0.5555243060898796,0.3233005068646244,1.1196593316023238
0.8442817878223818,0.5555243060898796,0.3233005068646244,1.1197132616023295
0.8440685628223845,0.5555243060898796,0.32331890812251085,1.1197132616023295
0.8444239378223799,0.5555243060898796,0.3233097074935676,1.1196054016023185
0.8443528628223806,0.5555243060898796,0.32329130623568125,1.1197132616023295
0.8442107128223826,0.5555243060898796,0.32331890812251085,1.1196593316023238
0.8444239378223799,0.5554319273398838,0.3232821056067381,1.1196054016023185
1.05105501862943,0.6952449406035451,0.346442370545756,1.3980328820594758
1.050912868629432,0.6952449406035451,0.3464699724325855,1.3979250220594646
1.050912868629432,0.6953373193535409,0.3464607718036423,1.3979250220594646
1.0509839436294308,0.6954296981035369,0.34645157117469916,1.3977632320594475
1.0507707186294335,0.6952449406035451,0.3464607718036423,1.39797895205947
1.0508417936294328,0.6952449406035451,0.34645157117469916,1.3979250220594646
1.0507707186294335,0.6951987512285472,0.346442370545756,1.3979250220594646
1.0507707186294335,0.6952449406035451,0.34645157117469916,1.39797895205947
1.0509839436294308,0.695291129978543,0.3464607718036423,1.3978710920594588
1.0508417936294328,0.6951987512285472,0.3464607718036423,1.3980328820594758
1.0507707186294335,0.695383508728539,0.346442370545756,1.3979250220594646
1.0507707186294335,0.6952449406035451,0.3464607718036423,1.39797895205947
1.050912868629432,0.6952449406035451,0.34645157117469916,1.3978710920594588
1.0509839436294308,0.6953373193535409,0.3464331699168128,1.3978710920594588
1.050912868629432,0.6953373193535409,0.3464331699168128,1.3979250220594646
1.050912868629432,0.695291129978543,0.34645157117469916,1.39797895205947
1.0507707186294335,0.6953373193535409,0.346442370545756,1.39797895205947
1.0507707186294335,0.695291129978543,0.34645157117469916,1.3979250220594646
1.0507707186294335,0.6953373193535409,0.34645157117469916,1.3979250220594646
1.0507707186294335,0.6953373193535409,0.346442370545756,1.3979250220594646
1.0508417936294328,0.695291129978543,0.346442370545756,1.3980328820594758
1.0507707186294335,0.6952449406035451,0.34645157117469916,1.39797895205947
1.0507707186294335,0.6951987512285472,0.34645157117469916,1.3979250220594646
1.0507707186294335,0.6953373193535409,0.3464699724325855,1.3979250220594646
1.0507707186294335,0.695291129978543,0.34645157117469916,1.3979250220594646
1.0507707186294335,0.6952449406035451,0.3464331699168128,1.39797895205947
1.050912868629432,0.695291129978543,0.3464699724325855,1.3980328820594758
1.0508417936294328,0.6954296981035369,0.3464607718036423,1.3979250220594646
1.0508417936294328,0.6952449406035451,0.346442370545756,1.39797895205947
1.0507707186294335,0.6952449406035451,0.34645157117469916,1.3977632320594475
1.050912868629432,0.695291129978543,0.34645157117469916,1.3979250220594646
1.050912868629432,0.6952449406035451,0.3464607718036423,1.3979250220594646
1.0508417936294328,0.695291129978543,0.3464607718036423,1.3977632320594475
1.0507707186294335,0.6953373193535409,0.3464331699168128,1.3979250220594646
1.0507707186294335,0.6954296981035369,0.3464607718036423,1.39797895205947
1.0506996436294347,0.6953373193535409,0.34645157117469916,1.3978710920594588
1.0507707186294335,0.6953373193535409,0.34645157117469916,1.3977632320594475
1.0507707186294335,0.6953373193535409,0.34645157117469916,1.3977632320594475
1.0506285686294354,0.6951987512285472,0.34648837369047186,1.3979250220594646
1.0506996436294347,0.6952449406035451,0.34645157117469916,1.3979250220594646
1.0506996436294347,0.6952449406035451,0.34645157117469916,1.39797895205947
1.0508417936294328,0.695291129978543,0.34645157117469916,1.3978710920594588
1.0506285686294354,0.6952449406035451,0.3464331699168128,1.3979250220594646
1.0507707186294335,0.6952449406035451,0.34645157117469916,1.3978710920594588
1.050912868629432,0.6952449406035451,0.3464607718036423,1.3978710920594588
1.0507707186294335,0.695383508728539,0.346442370545756,1.3978710920594588
1.0507707186294335,0.6953373193535409,0.346442370545756,1.39797895205947
1.0507707186294335,0.6953373193535409,0.3464607718036423,1.3978710920594588
1.0507707186294335,0.6952449406035451,0.3464239692878696,1.3978710920594588
1.0506996436294347,0.6952449406035451,0.3464607718036423,1.3979250220594646
1.0506996436294347,0.695291129978543,0.34645157117469916,1.397817162059453
1.0508417936294328,0.6951987512285472,0.3464607718036423,1.3977632320594475
1.0507707186294335,0.695291129978543,0.3464331699168128,1.3978710920594588
1.0506285686294354,0.6952449406035451,0.346442370545756,1.3979250220594646
1.0506996436294347,0.6952449406035451,0.34645157117469916,1.3978710920594588
1.0508417936294328,0.6954296981035369,0.346442370545756,1.3978710920594588
1.0506285686294354,0.695291129978543,0.34645157117469916,1.3978710920594588
1.0506996436294347,0.695291129978543,0.34645157117469916,1.39797895205947
1.0505574936294366,0.695383508728539,0.34645157117469916,1.3979250220594646
1.0507707186294335,0.6954296981035369,0.3464607718036423,1.3980868120594816
1.0507707186294335,0.6953373193535409,0.34645157117469916,1.397817162059453
1.0507707186294335,0.695383508728539,0.3464607718036423,1.3978710920594588
1.0506996436294347,0.6953373193535409,0.346442370545756,1.3978710920594588
1.0507707186294335,0.6952449406035451,0.34648837369047186,1.3976553720594362
1.0506996436294347,0.6953373193535409,0.3464699724325855,1.397817162059453
1.0506996436294347,0.695291129978543,0.3464331699168128,1.39797895205947
1.0507707186294335,0.695383508728539,0.34645157117469916,1.39797895205947
1.0506996436294347,0.6953373193535409,0.3464607718036423,1.39797895205947
1.0506996436294347,0.6953373193535409,0.3464607718036423,1.397817162059453
1.0508417936294328,0.695291129978543,0.3464607718036423,1.3978710920594588
1.0506996436294347,0.695291129978543,0.346442370545756,1.39797895205947
1.0506285686294354,0.695291129978543,0.34645157117469916,1.39797895205947
1.0507707186294335,0.695291129978543,0.3464607718036423,1.39797895205947
1.0506996436294347,0.695383508728539,0.34645157117469916,1.3981946720594929
1.0506285686294354,0.6953373193535409,0.34645157117469916,1.3977632320594475
1.0507707186294335,0.6952449406035451,0.3464607718036423,1.3979250220594646
1.0507707186294335,0.695383508728539,0.3464699724325855,1.3979250220594646
1.0507707186294335,0.6951987512285472,0.34645157117469916,1.3980328820594758
1.0506285686294354,0.6952449406035451,0.346442370545756,1.3978710920594588
1.0507707186294335,0.695383508728539,0.3464331699168128,1.39797895205947
1.0507707186294335,0.695383508728539,0.3464607718036423,1.3979250220594646
1.0506285686294354,0.6952449406035451,0.3464607718036423,1.3978710920594588
1.0506996436294347,0.6954296981035369,0.34645157117469916,1.3978710920594588
1.0507707186294335,0.695383508728539,0.346442370545756,1.3979250220594646
1.0506996436294347,0.6952449406035451,0.3464607718036423,1.3977632320594475
1.0506996436294347,0.6954758874785348,0.34645157117469916,1.39797895205947
1.0506996436294347,0.695291129978543,0.3464331699168128,1.3979250220594646
1.0507707186294335,0.6952449406035451,0.34645157117469916,1.3981407420594871
1.0507707186294335,0.695291129978543,0.3464607718036423,1.3979250220594646
1.0506285686294354,0.6952449406035451,0.3464607718036423,1.3978710920594588
1.0507707186294335,0.6954296981035369,0.34645157117469916,1.3978710920594588
1.0506285686294354,0.6952449406035451,0.346442370545756,1.3979250220594646
1.0506285686294354,0.6952449406035451,0.3464607718036423,1.3978710920594588
1.0506285686294354,0.695291129978543,0.34645157117469916,1.3979250220594646
1.0505574936294366,0.695291129978543,0.34645157117469916,1.39797895205947
1.0506996436294347,0.6953373193535409,0.3464607718036423,1.3977632320594475
1.0506285686294354,0.6952449406035451,0.3464607718036423,1.39797895205947
1.0506285686294354,0.695291129978543,0.3464607718036423,1.3979250220594646
1.0508417936294328,0.6952449406035451,0.3464699724325855,1.3978710920594588
1.0506285686294354,0.6952449406035451,0.3464699724325855,1.3980328820594758
1.0507707186294335,0.6953373193535409,0.3464791730615287,1.3978710920594588
1.0506996436294347,0.6953373193535409,0.34645157117469916,1.3978710920594588
1.0507707186294335,0.6953373193535409,0.3464607718036423,1.3978710920594588
1.0506996436294347,0.695383508728539,0.3464607718036423,1.3978710920594588
1.0506285686294354,0.6952449406035451,0.34645157117469916,1.3979250220594646
1.0507707186294335,0.695291129978543,0.34645157117469916,1.3979250220594646
1.0506285686294354,0.6953373193535409,0.34645157117469916,1.3978710920594588
1.0506285686294354,0.6952449406035451,0.346442370545756,1.3980328820594758
1.0506996436294347,0.6953373193535409,0.3464331699168128,1.397817162059453
1.0506996436294347,0.695383508728539,0.3464699724325855,1.3978710920594588
1.0506996436294347,0.6952449406035451,0.34641476865892645,1.3979250220594646
1.0507707186294335,0.695383508728539,0.34645157117469916,1.3980328820594758
1.0507707186294335,0.695291129978543,0.34645157117469916,1.39797895205947
1.0505574936294366,0.6952449406035451,0.3464699724325855,1.39797895205947
1.050912868629432,0.6954296981035369,0.3464607718036423,1.397817162059453
1.0504864186294374,0.6953373193535409,0.3464331699168128,1.39797895205947
1.0506285686294354,0.6953373193535409,0.3464699724325855,1.39797895205947
1.0506285686294354,0.6953373193535409,0.3464607718036423,1.3979250220594646
1.0506285686294354,0.6954296981035369,0.3464331699168128,1.3978710920594588
1.0506285686294354,0.695291129978543,0.3464607718036423,1.3979250220594646
1.0505574936294366,0.695291129978543,0.346442370545756,1.3979250220594646
1.0507707186294335,0.695291129978543,0.3464331699168128,1.39797895205947
1.0506285686294354,0.6953373193535409,0.3464607718036423,1.3979250220594646
1.0507707186294335,0.6954296981035369,0.34645157117469916,1.397817162059453
1.0506996436294347,0.695291129978543,0.3464699724325855,1.3979250220594646
1.0506996436294347,0.6952449406035451,0.3464607718036423,1.3979250220594646
1.0506996436294347,0.6953373193535409,0.3464331699168128,1.3977632320594475
1.0507707186294335,0.695291129978543,0.3464607718036423,1.39797895205947
1.0504153436294381,0.6953373193535409,0.34645157117469916,1.3978710920594588
1.0506285686294354,0.6953373193535409,0.34645157117469916,1.3978710920594588
1.0506285686294354,0.6953373193535409,0.3464607718036423,1.3979250220594646
1.0506285686294354,0.695291129978543,0.346442370545756,1.3978710920594588
1.0506285686294354,0.6952449406035451,0.3464607718036423,1.39797895205947
1.0504864186294374,0.6953373193535409,0.34645157117469916,1.3979250220594646
1.0505574936294366,0.695383508728539,0.346442370545756,1.3980328820594758
1.0506996436294347,0.6953373193535409,0.34645157117469916,1.3979250220594646
1.0505574936294366,0.695383508728539,0.34645157117469916,1.3978710920594588
1.0504864186294374,0.695291129978543,0.3464607718036423,1.39797895205947
1.0506996436294347,0.6954758874785348,0.34645157117469916,1.3977632320594475
1.0505574936294366,0.695291129978543,0.3464331699168128,1.3979250220594646
1.0506285686294354,0.6954296981035369,0.3464607718036423,1.3980328820594758
1.0506285686294354,0.6953373193535409,0.3464607718036423,1.3978710920594588
1.0506285686294354,0.695383508728539,0.3464607718036423,1.3977632320594475
1.0506996436294347,0.695291129978543,0.34645157117469916,1.3979250220594646
1.0504153436294381,0.6952449406035451,0.3464699724325855,1.3978710920594588
1.0506996436294347,0.6953373193535409,0.3464607718036423,1.397817162059453
1.0506285686294354,0.6951987512285472,0.346442370545756,1.3978710920594588
1.0506996436294347,0.695291129978543,0.34645157117469916,1.3980868120594816
1.0506996436294347,0.695291129978543,0.3464607718036423,1.3978710920594588
1.0507707186294335,0.6951987512285472,0.3464607718036423,1.3979250220594646
1.0507707186294335,0.695291129978543,0.3464331699168128,1.3977632320594475
1.0506996436294347,0.6952449406035451,0.3464607718036423,1.3977632320594475
1.0504864186294374,0.695291129978543,0.3464699724325855,1.3979250220594646
1.0506996436294347,0.695291129978543,0.34645157117469916,1.3977632320594475
1.0507707186294335,0.6953373193535409,0.3464699724325855,1.3978710920594588
1.0505574936294366,0.6953373193535409,0.34645157117469916,1.3978710920594588
1.0506996436294347,0.6952449406035451,0.34645157117469916,1.3979250220594646
1.0506285686294354,0.695291129978543,0.346442370545756,1.3978710920594588
1.0506996436294347,0.6952449406035451,0.34645157117469916,1.3977632320594475
1.0506285686294354,0.695291129978543,0.346442370545756,1.3979250220594646
1.0506285686294354,0.6952449406035451,0.3464699724325855,1.39797895205947
1.0506996436294347,0.695291129978543,0.3464607718036423,1.39797895205947
1.0506285686294354,0.6952449406035451,0.3464607718036423,1.39797895205947
1.0506285686294354,0.6954296981035369,0.34645157117469916,1.3978710920594588
1.0506996436294347,0.6954296981035369,0.34645157117469916,1.3978710920594588
1.0506285686294354,0.6953373193535409,0.346442370545756,1.3977632320594475
1.0506996436294347,0.6952449406035451,0.3464607718036423,1.3979250220594646
1.0506285686294354,0.6952449406035451,0.34645157117469916,1.3978710920594588
1.0507707186294335,0.695291129978543,0.34645157117469916,1.3978710920594588
1.0505574936294366,0.6952449406035451,0.34645157117469916,1.3979250220594646
1.0505574936294366,0.6954296981035369,0.3464607718036423,1.3977632320594475
1.0504864186294374,0.6952449406035451,0.3464239692878696,1.3979250220594646
1.0506285686294354,0.6953373193535409,0.3464607718036423,1.3980868120594816
1.0504864186294374,0.6953373193535409,0.3464699724325855,1.3978710920594588
1.0506285686294354,0.6954296981035369,0.3464607718036423,1.3978710920594588
1.0507707186294335,0.6954296981035369,0.3464607718036423,1.3978710920594588
1.0506996436294347,0.6952449406035451,0.34645157117469916,1.39797895205947
1.0504864186294374,0.6952449406035451,0.34645157117469916,1.3978710920594588
1.0506996436294347,0.6952449406035451,0.3464331699168128,1.3978710920594588
1.0506996436294347,0.695291129978543,0.3464331699168128,1.3980328820594758
1.0505574936294366,0.695383508728539,0.3464607718036423,1.3977632320594475
1.0506996436294347,0.695291129978543,0.3464331699168128,1.39797895205947
1.0504864186294374,0.6952449406035451,0.3464699724325855,1.39797895205947
1.0506996436294347,0.695383508728539,0.34645157117469916,1.397817162059453
1.0506285686294354,0.695291129978543,0.3464699724325855,1.3978710920594588
1.0506996436294347,0.6953373193535409,0.34645157117469916,1.3977632320594475
1.0506285686294354,0.6953373193535409,0.3464699724325855,1.3979250220594646
1.0506285686294354,0.6953373193535409,0.34645157117469916,1.3978710920594588
1.0506285686294354,0.695383508728539,0.3464607718036423,1.3979250220594646
1.0504864186294374,0.695291129978543,0.346442370545756,1.3979250220594646
1.0506285686294354,0.695291129978543,0.346442370545756,1.3977632320594475
1.0506285686294354,0.695291129978543,0.346442370545756,1.3977632320594475
1.0506285686294354,0.6952449406035451,0.3464699724325855,1.3978710920594588
1.0506996436294347,0.6952449406035451,0.34645157117469916,1.3978710920594588
1.0506285686294354,0.6952449406035451,0.3464699724325855,1.3979250220594646
1.0506996436294347,0.695383508728539,0.3464607718036423,1.3978710920594588
1.0505574936294366,0.6953373193535409,0.3464699724325855,1.3978710920594588
1.0507707186294335,0.695291129978543,0.3464607718036423,1.39797895205947
1.0504864186294374,0.6951525618535493,0.3464699724325855,1.3978710920594588
1.0505574936294366,0.6951987512285472,0.3464699724325855,1.3978710920594588
1.0506285686294354,0.6952449406035451,0.346442370545756,1.39797895205947
1.0505574936294366,0.695291129978543,0.34645157117469916,1.3979250220594646
1.0507707186294335,0.695291129978543,0.3464607718036423,1.3977632320594475
1.0504864186294374,0.695383508728539,0.34645157117469916,1.3979250220594646
1.0506285686294354,0.695383508728539,0.3464699724325855,1.3979250220594646
1.0506285686294354,0.695291129978543,0.34645157117469916,1.39797895205947
1.0506996436294347,0.6952449406035451,0.3464699724325855,1.3978710920594588
1.0504864186294374,0.6953373193535409,0.34645157117469916,1.39797895205947
1.0506285686294354,0.695291129978543,0.34648837369047186,1.3979250220594646
1.0506285686294354,0.6953373193535409,0.34645157117469916,1.3978710920594588
1.0506285686294354,0.695291129978543,0.346442370545756,1.3977632320594475
1.0504864186294374,0.6952449406035451,0.3464607718036423,1.3980328820594758
1.0506996436294347,0.6953373193535409,0.3464699724325855,1.3979250220594646
1.0504864186294374,0.6953373193535409,0.34645157117469916,1.3978710920594588
1.0506285686294354,0.6952449406035451,0.34645157117469916,1.3979250220594646
1.0506285686294354,0.695291129978543,0.3464699724325855,1.3978710920594588
1.0506996436294347,0.695291129978543,0.34645157117469916,1.3978710920594588
1.0506285686294354,0.695383508728539,0.34645157117469916,1.3980328820594758
1.0506285686294354,0.6954296981035369,0.3464607718036423,1.3979250220594646
1.0506996436294347,0.6954296981035369,0.346442370545756,1.3978710920594588
1.0506285686294354,0.6952449406035451,0.3464331699168128,1.3978710920594588
1.0506285686294354,0.6951525618535493,0.34645157117469916,1.39797895205947
1.0506285686294354,0.6952449406035451,0.3464607718036423,1.3979250220594646
1.0506285686294354,0.6953373193535409,0.346442370545756,1.3978710920594588
1.0506285686294354,0.695291129978543,0.3464331699168128,1.3979250220594646
1.0507707186294335,0.695291129978543,0.34645157117469916,1.3979250220594646
1.0507707186294335,0.6954296981035369,0.34645157117469916,1.39797895205947
1.0505574936294366,0.695291129978543,0.3464331699168128,1.3978710920594588
1.0508417936294328,0.695291129978543,0.34645157117469916,1.39797895205947
1.0506285686294354,0.6952449406035451,0.34645157117469916,1.3979250220594646
1.0504864186294374,0.6954296981035369,0.3464607718036423,1.3979250220594646
1.0504864186294374,0.6952449406035451,0.346442370545756,1.3979250220594646
1.0506285686294354,0.695291129978543,0.3464331699168128,1.3980328820594758
1.0506285686294354,0.695383508728539,0.346442370545756,1.39797895205947
1.0504864186294374,0.695291129978543,0.34645157117469916,1.3977632320594475
1.0504864186294374,0.695291129978543,0.3464699724325855,1.3978710920594588
1.0506996436294347,0.695291129978543,0.3464607718036423,1.3978710920594588
1.0506996436294347,0.695291129978543,0.346442370545756,1.39797895205947
1.0504864186294374,0.6954296981035369,0.34645157117469916,1.397817162059453
1.0506285686294354,0.695291129978543,0.3464607718036423,1.3980328820594758
1.0506285686294354,0.695291129978543,0.34645157117469916,1.397817162059453
1.0505574936294366,0.6952449406035451,0.3464607718036423,1.39797895205947
1.0506285686294354,0.695291129978543,0.3464607718036423,1.3978710920594588
1.0506285686294354,0.6953373193535409,0.34645157117469916,1.3978710920594588
1.0504153436294381,0.695291129978543,0.3464699724325855,1.39797895205947
1.0506996436294347,0.695291129978543,0.3464791730615287,1.3978710920594588
1.0507707186294335,0.6953373193535409,0.346442370545756,1.3978710920594588
1.0506285686294354,0.695291129978543,0.346442370545756,1.39797895205947
1.0507707186294335,0.6953373193535409,0.346442370545756,1.3978710920594588
1.0505574936294366,0.695291129978543,0.346442370545756,1.3979250220594646
1.2627986879518347,0.8365853778876353,0.36890284580988064,1.6825005225172682
1.2628697629518335,0.8365853778876353,0.3689304476967102,1.6826083825172797
1.2630119129518316,0.8365853778876353,0.3689304476967102,1.682554452517274
1.2628697629518335,0.8366777566376311,0.3688936451809375,1.682554452517274
1.2628697629518335,0.8365853778876353,0.3689120464388238,1.6825005225172682
1.2630119129518316,0.8365391885126374,0.36893964832565335,1.6825005225172682
1.2628697629518335,0.836723946012629,0.3689304476967102,1.6826083825172797
1.2628697629518335,0.8364929991376395,0.3689304476967102,1.6825005225172682
1.2628697629518335,0.8365391885126374,0.3689304476967102,1.6826083825172797
1.2629408379518328,0.8366777566376311,0.36892124706776697,1.6826083825172797
1.2628697629518335,0.8365853778876353,0.3688936451809375,1.682554452517274
1.2628697629518335,0.8365853778876353,0.36892124706776697,1.6825005225172682
1.2630119129518316,0.8365853778876353,0.3689304476967102,1.6825005225172682
1.2628697629518335,0.8365853778876353,0.36892124706776697,1.682554452517274
1.2627986879518347,0.8364929991376395,0.36892124706776697,1.6825005225172682
1.2629408379518328,0.8365391885126374,0.36892124706776697,1.6825005225172682
1.2629408379518328,0.8366777566376311,0.36892124706776697,1.6825005225172682
1.2629408379518328,0.8364929991376395,0.3689304476967102,1.682392662517257
1.2628697629518335,0.8365853778876353,0.36894884895459656,1.682554452517274
1.2630119129518316,0.8365853778876353,0.36892124706776697,1.6825005225172682
1.2627276129518354,0.8365853778876353,0.3689304476967102,1.6826083825172797
1.2628697629518335,0.8365853778876353,0.36894884895459656,1.6824465925172625
1.2630119129518316,0.8365853778876353,0.36892124706776697,1.6825005225172682
1.2628697629518335,0.8364929991376395,0.36892124706776697,1.6825005225172682
1.2628697629518335,0.8365391885126374,0.36892124706776697,1.6826083825172797
1.2630119129518316,0.8365391885126374,0.3689120464388238,1.682554452517274
1.2628697629518335,0.8365391885126374,0.36892124706776697,1.6825005225172682
1.2628697629518335,0.8366315672626332,0.3689304476967102,1.682554452517274
1.2628697629518335,0.8364929991376395,0.36890284580988064,1.682554452517274
1.2628697629518335,0.8365853778876353,0.36892124706776697,1.6825005225172682
1.2629408379518328,0.8364468097626416,0.36892124706776697,1.682554452517274
1.2627986879518347,0.8365391885126374,0.36892124706776697,1.6826083825172797
1.2629408379518328,0.8365853778876353,0.3689304476967102,1.6826083825172797
1.2629408379518328,0.8366777566376311,0.36893964832565335,1.6826083825172797
1.2628697629518335,0.8365391885126374,0.36892124706776697,1.682554452517274
1.2628697629518335,0.8366315672626332,0.36890284580988064,1.682392662517257
1.2627986879518347,0.8366315672626332,0.36893964832565335,1.682554452517274
1.2628697629518335,0.8365853778876353,0.36892124706776697,1.6824465925172625
1.2629408379518328,0.8366777566376311,0.36893964832565335,1.6824465925172625
1.2628697629518335,0.8364929991376395,0.3689304476967102,1.6826083825172797
1.2628697629518335,0.8365391885126374,0.3689304476967102,1.6826083825172797
1.2630119129518316,0.8365391885126374,0.3689304476967102,1.6826083825172797
1.2629408379518328,0.8366777566376311,0.3689304476967102,1.6826623125172853
1.2629408379518328,0.8364929991376395,0.36894884895459656,1.6825005225172682
1.2630119129518316,0.8365391885126374,0.3689304476967102,1.6826083825172797
1.2629408379518328,0.8366777566376311,0.36890284580988064,1.6825005225172682
1.2628697629518335,0.8365853778876353,0.36893964832565335,1.6825005225172682
1.2630119129518316,0.8364929991376395,0.36892124706776697,1.682392662517257
1.2628697629518335,0.8365391885126374,0.36890284580988064,1.6826083825172797
1.2628697629518335,0.8365853778876353,0.36893964832565335,1.682392662517257
1.2628697629518335,0.8365853778876353,0.36890284580988064,1.6826623125172853
1.2629408379518328,0.836723946012629,0.3689120464388238,1.6825005225172682
1.2628697629518335,0.8365853778876353,0.36894884895459656,1.6826623125172853
1.2628697629518335,0.8366777566376311,0.36892124706776697,1.682554452517274
1.2628697629518335,0.8366315672626332,0.3689304476967102,1.6826083825172797
1.2630119129518316,0.8365853778876353,0.36892124706776697,1.6826083825172797
1.2627986879518347,0.8365853778876353,0.36890284580988064,1.6825005225172682
1.2628697629518335,0.8365853778876353,0.3689304476967102,1.682554452517274
1.2630119129518316,0.8365391885126374,0.3689304476967102,1.6827162425172908
1.2629408379518328,0.8364468097626416,0.36892124706776697,1.682392662517257
1.2628697629518335,0.8365853778876353,0.36892124706776697,1.6825005225172682
1.2627986879518347,0.8366777566376311,0.36892124706776697,1.6826083825172797
1.2630119129518316,0.8365853778876353,0.36892124706776697,1.682554452517274
1.2628697629518335,0.8366777566376311,0.36892124706776697,1.6824465925172625
1.2629408379518328,0.8364929991376395,0.36892124706776697,1.6825005225172682
1.2630829879518308,0.8365853778876353,0.3689304476967102,1.682554452517274
1.2630119129518316,0.8365391885126374,0.3689304476967102,1.6826083825172797
1.2629408379518328,0.8365853778876353,0.3689304476967102,1.6825005225172682
1.2630119129518316,0.8364006203876435,0.36893964832565335,1.682554452517274
1.2628697629518335,0.8366777566376311,0.3689120464388238,1.6825005225172682
1.2628697629518335,0.8365391885126374,0.36893964832565335,1.6826623125172853
1.2629408379518328,0.8365853778876353,0.3689304476967102,1.6826083825172797
1.2630119129518316,0.8366315672626332,0.3689304476967102,1.682554452517274
1.2630119129518316,0.8365853778876353,0.36892124706776697,1.6826083825172797
1.2630829879518308,0.8365853778876353,0.3689304476967102,1.6826083825172797
1.2629408379518328,0.8365391885126374,0.36892124706776697,1.6825005225172682
1.2627986879518347,0.8366777566376311,0.36893964832565335,1.6825005225172682
1.2630119129518316,0.8365853778876353,0.3689120464388238,1.6826623125172853
1.2630119129518316,0.8365853778876353,0.3689304476967102,1.682554452517274
1.2627276129518354,0.8366777566376311,0.3689304476967102,1.682554452517274
1.2630119129518316,0.8365853778876353,0.3689304476967102,1.6826083825172797
1.2628697629518335,0.8366777566376311,0.36893964832565335,1.6826083825172797
1.2627276129518354,0.8365853778876353,0.3689304476967102,1.6826623125172853
1.2628697629518335,0.8365853778876353,0.3689304476967102,1.6826623125172853
1.2625854629518374,0.8365391885126374,0.36893964832565335,1.682392662517257
1.2629408379518328,0.8365853778876353,0.3689304476967102,1.6826083825172797
1.2630119129518316,0.8366777566376311,0.36892124706776697,1.6827162425172908
1.2629408379518328,0.8366315672626332,0.36890284580988064,1.6826623125172853
1.2628697629518335,0.8366777566376311,0.36893964832565335,1.6826083825172797
1.2627986879518347,0.8366315672626332,0.36893964832565335,1.682554452517274
1.2629408379518328,0.8365391885126374,0.36890284580988064,1.6826083825172797
1.2628697629518335,0.8365853778876353,0.36892124706776697,1.6824465925172625
1.2630119129518316,0.8365391885126374,0.36893964832565335,1.6825005225172682
1.2630119129518316,0.836723946012629,0.3689304476967102,1.6826083825172797
1.2630829879518308,0.8366777566376311,0.36892124706776697,1.6826623125172853
1.2628697629518335,0.8365391885126374,0.3689304476967102,1.6826083825172797
1.2629408379518328,0.8365391885126374,0.36893964832565335,1.6825005225172682
1.2630829879518308,0.8364929991376395,0.36892124706776697,1.6826083825172797
1.2630119129518316,0.8365853778876353,0.36892124706776697,1.6824465925172625
1.2628697629518335,0.8364929991376395,0.3689304476967102,1.6826083825172797
1.2629408379518328,0.8366777566376311,0.3689580495835397,1.6826623125172853
1.2628697629518335,0.8365391885126374,0.36892124706776697,1.6825005225172682
1.2630119129518316,0.8365853778876353,0.36893964832565335,1.6825005225172682
1.2629408379518328,0.8365391885126374,0.3689304476967102,1.682554452517274
1.2628697629518335,0.8365853778876353,0.3689304476967102,1.6825005225172682
1.2629408379518328,0.8366315672626332,0.36892124706776697,1.6826083825172797
1.2629408379518328,0.8366315672626332,0.36892124706776697,1.6826083825172797
1.2628697629518335,0.8365853778876353,0.36892124706776697,1.682554452517274
1.2629408379518328,0.8365391885126374,0.3689304476967102,1.6824465925172625
1.2627986879518347,0.8366315672626332,0.36894884895459656,1.6825005225172682
1.2625854629518374,0.8365853778876353,0.3689304476967102,1.682554452517274
1.2628697629518335,0.8365853778876353,0.3689120464388238,1.682554452517274
1.2628697629518335,0.8364929991376395,0.3689304476967102,1.682554452517274
1.2627986879518347,0.8366315672626332,0.36893964832565335,1.6825005225172682
1.2630119129518316,0.8365853778876353,0.3689304476967102,1.6825005225172682
1.2629408379518328,0.8365853778876353,0.3689304476967102,1.6826083825172797
1.2627276129518354,0.8366315672626332,0.3689304476967102,1.6824465925172625
1.2628697629518335,0.8365853778876353,0.36893964832565335,1.682554452517274
1.2629408379518328,0.8365853778876353,0.36893964832565335,1.6826083825172797
1.2628697629518335,0.8365853778876353,0.3689304476967102,1.6826083825172797
1.2628697629518335,0.8366315672626332,0.36893964832565335,1.682392662517257
1.2628697629518335,0.8365391885126374,0.3689304476967102,1.682554452517274
1.2628697629518335,0.836723946012629,0.36892124706776697,1.682554452517274
1.2629408379518328,0.8365391885126374,0.36892124706776697,1.682554452517274
1.2629408379518328,0.8365853778876353,0.36894884895459656,1.682554452517274
1.2627276129518354,0.8366777566376311,0.3689304476967102,1.6825005225172682
1.2629408379518328,0.8366777566376311,0.36892124706776697,1.6826083825172797
1.2629408379518328,0.8365853778876353,0.36893964832565335,1.6825005225172682
1.2628697629518335,0.8365853778876353,0.36893964832565335,1.6825005225172682
1.2627986879518347,0.8366315672626332,0.36892124706776697,1.6825005225172682
1.2628697629518335,0.8365391885126374,0.36893964832565335,1.6825005225172682
1.2627986879518347,0.8365853778876353,0.36893964832565335,1.6826083825172797
1.2629408379518328,0.8365853778876353,0.3689304476967102,1.6825005225172682
1.2629408379518328,0.8365391885126374,0.36892124706776697,1.682554452517274
1.2629408379518328,0.8365853778876353,0.3689304476967102,1.682392662517257
1.2629408379518328,0.8365853778876353,0.36893964832565335,1.6825005225172682
1.2629408379518328,0.8365391885126374,0.36892124706776697,1.6826083825172797
1.2628697629518335,0.8366777566376311,0.3689580495835397,1.6825005225172682
1.2629408379518328,0.8365853778876353,0.36893964832565335,1.6827162425172908
1.2628697629518335,0.8366315672626332,0.36893964832565335,1.682392662517257
1.2629408379518328,0.8365853778876353,0.36894884895459656,1.6826083825172797
1.2628697629518335,0.8365853778876353,0.36893964832565335,1.6825005225172682
1.2628697629518335,0.8365853778876353,0.36892124706776697,1.682392662517257
1.2628697629518335,0.8365853778876353,0.36893964832565335,1.682554452517274
1.2628697629518335,0.8366777566376311,0.36890284580988064,1.6825005225172682
1.2629408379518328,0.8365853778876353,0.3689304476967102,1.682554452517274
1.2628697629518335,0.8366315672626332,0.3689304476967102,1.6825005225172682
1.2630119129518316,0.8366777566376311,0.36890284580988064,1.6826083825172797
1.2628697629518335,0.8365853778876353,0.3689304476967102,1.682554452517274
1.2628697629518335,0.8365391885126374,0.36890284580988064,1.6825005225172682
1.2628697629518335,0.8366315672626332,0.36893964832565335,1.6825005225172682
1.2629408379518328,0.8366315672626332,0.36892124706776697,1.6825005225172682
1.2628697629518335,0.8366777566376311,0.36892124706776697,1.682554452517274
1.2628697629518335,0.8364929991376395,0.36892124706776697,1.682554452517274
1.2627276129518354,0.8365853778876353,0.36893964832565335,1.6825005225172682
1.2629408379518328,0.8365391885126374,0.36893964832565335,1.682554452517274
1.2630119129518316,0.8365853778876353,0.36894884895459656,1.6826623125172853
1.2629408379518328,0.8366315672626332,0.36890284580988064,1.6825005225172682
1.2628697629518335,0.8366315672626332,0.36892124706776697,1.6826623125172853
1.2628697629518335,0.8365853778876353,0.3689120464388238,1.6825005225172682
1.2630119129518316,0.8365853778876353,0.36893964832565335,1.682554452517274
1.2628697629518335,0.8366315672626332,0.3689304476967102,1.682554452517274
1.2629408379518328,0.8365391885126374,0.36893964832565335,1.6824465925172625
1.2627986879518347,0.8366777566376311,0.36893964832565335,1.6825005225172682
1.2627986879518347,0.8365853778876353,0.36894884895459656,1.682554452517274
1.2629408379518328,0.8365391885126374,0.36894884895459656,1.6826623125172853
1.2627986879518347,0.8365391885126374,0.36892124706776697,1.6825005225172682
1.2629408379518328,0.8365853778876353,0.36892124706776697,1.6827701725172965
1.2627986879518347,0.8365853778876353,0.36893964832565335,1.682554452517274
1.2628697629518335,0.8365853778876353,0.3689120464388238,1.682554452517274
1.2628697629518335,0.8365391885126374,0.3689304476967102,1.6826083825172797
1.2627986879518347,0.8366315672626332,0.36893964832565335,1.6824465925172625
1.2628697629518335,0.8365853778876353,0.36890284580988064,1.6825005225172682
1.2630119129518316,0.8365853778876353,0.3689304476967102,1.682554452517274
1.2629408379518328,0.8365853778876353,0.3689304476967102,1.6825005225172682
1.2628697629518335,0.8366777566376311,0.36890284580988064,1.6826083825172797
1.2628697629518335,0.8366315672626332,0.36892124706776697,1.6825005225172682
1.2630119129518316,0.8365853778876353,0.3689304476967102,1.6824465925172625
1.2629408379518328,0.8366315672626332,0.3689304476967102,1.682392662517257
1.2628697629518335,0.8365853778876353,0.36893964832565335,1.6826083825172797
1.2629408379518328,0.8365853778876353,0.36893964832565335,1.6826083825172797
1.2630119129518316,0.8366777566376311,0.36893964832565335,1.6824465925172625
1.2628697629518335,0.8365853778876353,0.36892124706776697,1.6825005225172682
1.2628697629518335,0.8365391885126374,0.3689120464388238,1.682554452517274
1.2628697629518335,0.8365853778876353,0.3689304476967102,1.6825005225172682
1.2627276129518354,0.8364929991376395,0.36892124706776697,1.682554452517274
1.2628697629518335,0.8365391885126374,0.36894884895459656,1.6826083825172797
1.2629408379518328,0.8364006203876435,0.36893964832565335,1.682554452517274
1.2628697629518335,0.8365853778876353,0.36892124706776697,1.682554452517274
1.2628697629518335,0.8365391885126374,0.36893964832565335,1.6826083825172797
1.2629408379518328,0.8365853778876353,0.3689120464388238,1.6826083825172797
1.2628697629518335,0.8366315672626332,0.36890284580988064,1.682554452517274
1.2630119129518316,0.8366777566376311,0.36892124706776697,1.6826623125172853
1.2629408379518328,0.8365853778876353,0.36893964832565335,1.6826623125172853
1.2627986879518347,0.8365391885126374,0.36893964832565335,1.6826083825172797
1.2628697629518335,0.8365853778876353,0.3689304476967102,1.682554452517274
1.2628697629518335,0.8366315672626332,0.36892124706776697,1.6825005225172682
1.2628697629518335,0.8364929991376395,0.3689304476967102,1.6827162425172908
1.2627986879518347,0.8364929991376395,0.36890284580988064,1.6825005225172682
1.2629408379518328,0.836723946012629,0.36892124706776697,1.682554452517274
1.2628697629518335,0.8365853778876353,0.36893964832565335,1.682554452517274
1.26315406295183,0.8365853778876353,0.36893964832565335,1.682554452517274
1.2628697629518335,0.8365853778876353,0.36893964832565335,1.6825005225172682
1.2629408379518328,0.8366315672626332,0.36893964832565335,1.6825005225172682
1.2629408379518328,0.8366777566376311,0.36892124706776697,1.6826623125172853
1.2628697629518335,0.8366777566376311,0.3689304476967102,1.6826083825172797
1.2629408379518328,0.8365853778876353,0.3689304476967102,1.6825005225172682
1.2628697629518335,0.8366315672626332,0.3689304476967102,1.6824465925172625
1.2628697629518335,0.8365853778876353,0.36892124706776697,1.6826083825172797
1.2627276129518354,0.8365853778876353,0.3689672502124829,1.6825005225172682
1.2628697629518335,0.8365853778876353,0.3689304476967102,1.6825005225172682
1.2628697629518335,0.8365853778876353,0.36894884895459656,1.6824465925172625
1.2629408379518328,0.8365853778876353,0.36890284580988064,1.6826623125172853
1.2629408379518328,0.8365853778876353,0.36892124706776697,1.6825005225172682
1.2628697629518335,0.8365391885126374,0.3689304476967102,1.6826623125172853
1.2630119129518316,0.8366777566376311,0.3689304476967102,1.6826623125172853
1.2628697629518335,0.8364929991376395,0.3689120464388238,1.6825005225172682
1.2629408379518328,0.836723946012629,0.36892124706776697,1.6826083825172797
1.2627276129518354,0.8364929991376395,0.3689304476967102,1.682554452517274
1.2630119129518316,0.8366315672626332,0.3689580495835397,1.6826083825172797
1.2627276129518354,0.8365853778876353,0.3689304476967102,1.6826083825172797
1.2627986879518347,0.8365391885126374,0.36893964832565335,1.6825005225172682
1.2628697629518335,0.8365853778876353,0.36893964832565335,1.6825005225172682
1.2629408379518328,0.8365853778876353,0.3689304476967102,1.6825005225172682
1.2629408379518328,0.8365853778876353,0.36892124706776697,1.682554452517274
1.2628697629518335,0.8365391885126374,0.36892124706776697,1.682554452517274
1.2628697629518335,0.8365853778876353,0.36893964832565335,1.6826083825172797
1.2628697629518335,0.8364929991376395,0.36894884895459656,1.682554452517274
1.2628697629518335,0.8364006203876435,0.36893964832565335,1.6825005225172682
1.2628697629518335,0.8365853778876353,0.36894884895459656,1.6826083825172797
1.2627986879518347,0.8364929991376395,0.36893964832565335,1.6826083825172797
1.2629408379518328,0.8366777566376311,0.3689304476967102,1.6826623125172853
1.2628697629518335,0.836723946012629,0.36892124706776697,1.6826083825172797
1.2628697629518335,0.8365391885126374,0.3689304476967102,1.6826083825172797
1.2629408379518328,0.8366315672626332,0.36892124706776697,1.6824465925172625
1.2628697629518335,0.8365853778876353,0.36893964832565335,1.6825005225172682
1.2628697629518335,0.8365391885126374,0.36893964832565335,1.6825005225172682
1.2628697629518335,0.8366777566376311,0.36893964832565335,1.682554452517274
1.2627986879518347,0.8365853778876353,0.3689304476967102,1.6826623125172853
1.2628697629518335,0.8364929991376395,0.36893964832565335,1.6826083825172797
1.2627986879518347,0.8365853778876353,0.36894884895459656,1.682554452517274
1.2627276129518354,0.8364929991376395,0.36892124706776697,1.6826083825172797
1.2627986879518347,0.8365853778876353,0.36890284580988064,1.6826083825172797
1.2627986879518347,0.8365391885126374,0.36893964832565335,1.6826083825172797
1.2628697629518335,0.8365391885126374,0.36892124706776697,1.682554452517274
1.2627276129518354,0.8365853778876353,0.36892124706776697,1.682554452517274
1.2628697629518335,0.8366777566376311,0.36894884895459656,1.6826083825172797
1.2630119129518316,0.8366315672626332,0.3689304476967102,1.6826083825172797
1.2628697629518335,0.8364929991376395,0.3689304476967102,1.6825005225172682
1.2628697629518335,0.8365853778876353,0.36893964832565335,1.6825005225172682
1.470379003866007,0.9758014784039545,0.3917298312310708,1.9493330529732071
1.4707343788660023,0.9757552890289566,0.39175743311790034,1.9492251929731959
1.4705922288660043,0.9758476677789524,0.3917482324889572,1.9493330529732071
1.4707343788660023,0.9758476677789524,0.39173903186001396,1.9494409129732184
1.4705922288660043,0.9758476677789524,0.3917482324889572,1.9493330529732071
1.470663303866003,0.9758014784039545,0.39175743311790034,1.9493330529732071
1.4705922288660043,0.9758476677789524,0.39175743311790034,1.9493330529732071
1.4705922288660043,0.9758476677789524,0.3917298312310708,1.9493330529732071
1.470663303866003,0.9757552890289566,0.39175743311790034,1.9494409129732184
1.4705922288660043,0.9758476677789524,0.3917482324889572,1.9493330529732071
1.470379003866007,0.9758014784039545,0.39175743311790034,1.9493330529732071
1.4705922288660043,0.9758014784039545,0.39173903186001396,1.9493330529732071
1.470521153866005,0.9757552890289566,0.3917298312310708,1.9493330529732071
1.470379003866007,0.9758476677789524,0.3917482324889572,1.9494948429732242
1.4705922288660043,0.9757552890289566,0.39175743311790034,1.9492791229732016
1.4705922288660043,0.9757552890289566,0.39173903186001396,1.9493330529732071
1.4704500788660058,0.9758476677789524,0.39175743311790034,1.9493330529732071
1.470521153866005,0.9757090996539587,0.39175743311790034,1.9493330529732071
1.470521153866005,0.9758476677789524,0.3917482324889572,1.9493869829732127
1.470379003866007,0.9758476677789524,0.3917482324889572,1.9493330529732071
1.4705922288660043,0.9757090996539587,0.3917482324889572,1.9493330529732071
1.4705922288660043,0.9758938571539503,0.3917666337468435,1.9493869829732127
1.470379003866007,0.9758938571539503,0.3917666337468435,1.9493330529732071
1.4704500788660058,0.9758938571539503,0.39175743311790034,1.9493330529732071
1.4707343788660023,0.9758014784039545,0.3917666337468435,1.9494409129732184
1.4705922288660043,0.9758938571539503,0.39175743311790034,1.9493330529732071
1.4705922288660043,0.9758476677789524,0.3917482324889572,1.9493330529732071
1.4704500788660058,0.9758476677789524,0.3917482324889572,1.9493330529732071
1.470521153866005,0.9758938571539503,0.3917482324889572,1.9493330529732071
1.470663303866003,0.9758938571539503,0.3917482324889572,1.9494948429732242
1.470663303866003,0.9758014784039545,0.39177583437578667,1.9493330529732071
1.4707343788660023,0.9758938571539503,0.3917666337468435,1.9493869829732127
1.470379003866007,0.9758014784039545,0.39175743311790034,1.9493330529732071
1.4703079288660077,0.9757552890289566,0.39173903186001396,1.9493330529732071
1.4704500788660058,0.9758938571539503,0.3917666337468435,1.9493330529732071
1.4707343788660023,0.9758014784039545,0.3917482324889572,1.9493330529732071
1.4704500788660058,0.9758476677789524,0.39173903186001396,1.9493330529732071
1.470521153866005,0.9757552890289566,0.3917482324889572,1.9492791229732016
1.4705922288660043,0.9759400465289482,0.3917482324889572,1.9493330529732071
1.470521153866005,0.9758476677789524,0.3917666337468435,1.9493330529732071
1.4703079288660077,0.9758014784039545,0.39173903186001396,1.9493330529732071
1.470379003866007,0.9758938571539503,0.39175743311790034,1.9493330529732071
1.470521153866005,0.9759400465289482,0.39178503500472983,1.9493330529732071
1.4705922288660043,0.9758938571539503,0.3917482324889572,1.9493330529732071
1.4705922288660043,0.9758938571539503,0.3917298312310708,1.9493330529732071
1.4705922288660043,0.9757552890289566,0.39177583437578667,1.9492791229732016
1.470379003866007,0.9758476677789524,0.39175743311790034,1.9493330529732071
1.4703079288660077,0.9758476677789524,0.3917482324889572,1.9493330529732071
1.470663303866003,0.9758476677789524,0.39175743311790034,1.9493330529732071
1.4705922288660043,0.9758476677789524,0.3917482324889572,1.9493330529732071
1.470663303866003,0.9758476677789524,0.39175743311790034,1.9493330529732071
1.470379003866007,0.9758476677789524,0.39175743311790034,1.9493869829732127
1.4705922288660043,0.9758938571539503,0.39177583437578667,1.9493330529732071
1.4703079288660077,0.9758938571539503,0.39175743311790034,1.9493330529732071
1.470521153866005,0.9759400465289482,0.39175743311790034,1.9492791229732016
1.4703079288660077,0.9758014784039545,0.3917482324889572,1.9493330529732071
1.4707343788660023,0.9758014784039545,0.3917666337468435,1.94917126297319
1.470521153866005,0.9758938571539503,0.3917666337468435,1.9493330529732071
1.470379003866007,0.9758014784039545,0.3917666337468435,1.9493330529732071
1.470379003866007,0.9758476677789524,0.39175743311790034,1.9493330529732071
1.470379003866007,0.9758476677789524,0.39177583437578667,1.9493330529732071
1.4705922288660043,0.9758938571539503,0.3917482324889572,1.9493330529732071
1.4705922288660043,0.9758476677789524,0.3917482324889572,1.9492791229732016
1.4703079288660077,0.9757090996539587,0.3917666337468435,1.9493330529732071
1.470379003866007,0.9758014784039545,0.3917666337468435,1.9493330529732071
1.4705922288660043,0.9758476677789524,0.39175743311790034,1.9494409129732184
1.470379003866007,0.9758014784039545,0.39175743311790034,1.9494409129732184
1.470521153866005,0.9758014784039545,0.3917666337468435,1.9493330529732071
1.470521153866005,0.9758938571539503,0.3917666337468435,1.9493330529732071
1.470521153866005,0.9758476677789524,0.3917482324889572,1.9492791229732016
1.4703079288660077,0.9757552890289566,0.39175743311790034,1.9493330529732071
1.4705922288660043,0.9759400465289482,0.39177583437578667,1.9493330529732071
1.470379003866007,0.9758014784039545,0.39175743311790034,1.9493330529732071
1.470521153866005,0.9758014784039545,0.39177583437578667,1.9493330529732071
1.470521153866005,0.9758476677789524,0.3917666337468435,1.9494409129732184
1.470521153866005,0.9758014784039545,0.39175743311790034,1.9493330529732071
1.470379003866007,0.9758938571539503,0.39175743311790034,1.9493330529732071
1.470379003866007,0.9758476677789524,0.39175743311790034,1.9493330529732071
1.4705922288660043,0.9758476677789524,0.39175743311790034,1.9493330529732071
1.4703079288660077,0.9758476677789524,0.3917666337468435,1.9492791229732016
1.4705922288660043,0.9758476677789524,0.39175743311790034,1.94954877297323
1.4705922288660043,0.9758938571539503,0.39173903186001396,1.9493330529732071
1.4703079288660077,0.9757090996539587,0.39175743311790034,1.9493330529732071
1.470521153866005,0.9758476677789524,0.3917482324889572,1.9493330529732071
1.470379003866007,0.9758014784039545,0.39173903186001396,1.9493330529732071
1.470379003866007,0.9758476677789524,0.3917666337468435,1.9494409129732184
1.4703079288660077,0.9757552890289566,0.39173903186001396,1.9493330529732071
1.4704500788660058,0.9757552890289566,0.39175743311790034,1.9494948429732242
1.470379003866007,0.9758476677789524,0.3917482324889572,1.9493330529732071
1.470379003866007,0.9758476677789524,0.3917482324889572,1.9493330529732071
1.4705922288660043,0.9758476677789524,0.3917482324889572,1.9494948429732242
1.470379003866007,0.9758476677789524,0.3917482324889572,1.9494409129732184
1.4705922288660043,0.9758476677789524,0.3917666337468435,1.9494948429732242
1.470379003866007,0.9757552890289566,0.3917482324889572,1.9494409129732184
1.470379003866007,0.9759400465289482,0.39178503500472983,1.9493330529732071
1.470379003866007,0.9758476677789524,0.39175743311790034,1.9493330529732071
1.4705922288660043,0.9757552890289566,0.3917666337468435,1.9493330529732071
1.4705922288660043,0.9758476677789524,0.3917482324889572,1.9493330529732071
1.4705922288660043,0.9758938571539503,0.3917482324889572,1.9494948429732242
1.470521153866005,0.9757552890289566,0.3917666337468435,1.9493869829732127
1.4705922288660043,0.9757090996539587,0.3917666337468435,1.9493330529732071
1.470379003866007,0.9757552890289566,0.39175743311790034,1.9493869829732127
1.470521153866005,0.9758476677789524,0.39175743311790034,1.9494409129732184
1.470379003866007,0.9759400465289482,0.39173903186001396,1.9493869829732127
1.470379003866007,0.9758014784039545,0.3917666337468435,1.9494948429732242
1.470521153866005,0.9758938571539503,0.39177583437578667,1.94954877297323
1.470379003866007,0.9759400465289482,0.3917482324889572,1.9493330529732071
1.470521153866005,0.9758476677789524,0.3917666337468435,1.9493330529732071
1.4705922288660043,0.9758476677789524,0.3917482324889572,1.9493330529732071
1.470379003866007,0.9758476677789524,0.39175743311790034,1.9493869829732127
1.4703079288660077,0.9758476677789524,0.39175743311790034,1.9493330529732071
1.470379003866007,0.9758476677789524,0.39173903186001396,1.9493330529732071
1.4705922288660043,0.9758476677789524,0.39173903186001396,1.9493330529732071
1.4704500788660058,0.9758938571539503,0.3917666337468435,1.9494409129732184
1.4705922288660043,0.9758014784039545,0.39175743311790034,1.9493330529732071
1.4703079288660077,0.9758476677789524,0.3917482324889572,1.9494948429732242
1.470521153866005,0.976032425278944,0.3917482324889572,1.9493330529732071
1.4702368538660089,0.9757090996539587,0.39175743311790034,1.9493330529732071
1.4702368538660089,0.9758476677789524,0.39177583437578667,1.9492791229732016
1.4703079288660077,0.9758476677789524,0.3917482324889572,1.9493330529732071
1.470379003866007,0.9757552890289566,0.39175743311790034,1.9493330529732071
1.4702368538660089,0.9758938571539503,0.39175743311790034,1.9493330529732071
1.4705922288660043,0.9757552890289566,0.3917666337468435,1.94954877297323
1.4702368538660089,0.9758938571539503,0.3917482324889572,1.9494409129732184
1.4703079288660077,0.9758476677789524,0.39177583437578667,1.9493869829732127
1.4703079288660077,0.9758014784039545,0.3917666337468435,1.9493330529732071
1.4703079288660077,0.9758938571539503,0.39175743311790034,1.9493330529732071
1.4705922288660043,0.9758476677789524,0.3917482324889572,1.9493330529732071
1.470521153866005,0.9758014784039545,0.39175743311790034,1.9493869829732127
1.4702368538660089,0.9758014784039545,0.39177583437578667,1.9493330529732071
1.4703079288660077,0.9757552890289566,0.39175743311790034,1.9494409129732184
1.4702368538660089,0.9758938571539503,0.3917666337468435,1.9493869829732127
1.470379003866007,0.9757552890289566,0.3917666337468435,1.9493330529732071
1.4703079288660077,0.9759400465289482,0.3917666337468435,1.9493330529732071
1.470379003866007,0.9758938571539503,0.39175743311790034,1.9493330529732071
1.4704500788660058,0.9759400465289482,0.39175743311790034,1.9494409129732184
1.4704500788660058,0.9758476677789524,0.3917482324889572,1.9492791229732016
1.470379003866007,0.9758938571539503,0.3917298312310708,1.94954877297323
1.4703079288660077,0.9758014784039545,0.3917666337468435,1.9492791229732016
1.4703079288660077,0.9758476677789524,0.3917666337468435,1.9492791229732016
1.470379003866007,0.9758938571539503,0.39175743311790034,1.9494948429732242
1.470379003866007,0.9758476677789524,0.3917666337468435,1.9492251929731959
1.470379003866007,0.9758476677789524,0.3917666337468435,1.9492251929731959
1.470521153866005,0.9758476677789524,0.39175743311790034,1.9493330529732071
1.4703079288660077,0.9759400465289482,0.39175743311790034,1.9493330529732071
1.4703079288660077,0.9758938571539503,0.3917666337468435,1.9494948429732242
1.470379003866007,0.9758476677789524,0.39175743311790034,1.9493330529732071
1.4704500788660058,0.9758938571539503,0.3917482324889572,1.9494948429732242
1.470379003866007,0.9758938571539503,0.39175743311790034,1.9493869829732127
1.470379003866007,0.9757552890289566,0.3917482324889572,1.9494948429732242
1.4703079288660077,0.9758476677789524,0.39175743311790034,1.9494948429732242
1.470379003866007,0.9757552890289566,0.3917666337468435,1.9493330529732071
1.4703079288660077,0.9758938571539503,0.3917482324889572,1.9493330529732071
1.470379003866007,0.9757552890289566,0.3917482324889572,1.9493330529732071
1.470379003866007,0.9758938571539503,0.3917666337468435,1.9493869829732127
1.4703079288660077,0.9758476677789524,0.39175743311790034,1.9494409129732184
1.470379003866007,0.9758476677789524,0.39175743311790034,1.9493330529732071
1.4703079288660077,0.9758938571539503,0.39175743311790034,1.9493330529732071
1.4703079288660077,0.9758014784039545,0.3917666337468435,1.9494409129732184
1.4703079288660077,0.9758014784039545,0.3917482324889572,1.9494409129732184
1.470379003866007,0.9758938571539503,0.39175743311790034,1.9493330529732071
1.4703079288660077,0.9758938571539503,0.3917666337468435,1.9493330529732071
1.470379003866007,0.9758476677789524,0.39175743311790034,1.9494948429732242
1.4703079288660077,0.9758014784039545,0.391794235633673,1.9493330529732071
1.4701657788660096,0.9757552890289566,0.3917482324889572,1.9494948429732242
1.4703079288660077,0.9757090996539587,0.3917482324889572,1.9493869829732127
1.4703079288660077,0.9758014784039545,0.3917666337468435,1.9493330529732071
1.4704500788660058,0.9759400465289482,0.3917298312310708,1.9493330529732071
1.470379003866007,0.9758014784039545,0.39175743311790034,1.9494409129732184
1.4705922288660043,0.9758476677789524,0.3917666337468435,1.9493330529732071
1.4703079288660077,0.9757552890289566,0.3917666337468435,1.9493330529732071
1.4702368538660089,0.9756629102789606,0.39175743311790034,1.9494409129732184
1.470379003866007,0.9757552890289566,0.39175743311790034,1.9494409129732184
1.4703079288660077,0.9758938571539503,0.39173903186001396,1.9493330529732071
1.4703079288660077,0.9758938571539503,0.39175743311790034,1.9493869829732127
1.4702368538660089,0.9758938571539503,0.3917666337468435,1.9493869829732127
1.4703079288660077,0.9758938571539503,0.3917482324889572,1.9494948429732242
1.4702368538660089,0.9758476677789524,0.3917482324889572,1.9493869829732127
1.4703079288660077,0.9758476677789524,0.3917482324889572,1.9493330529732071
1.470379003866007,0.9759400465289482,0.3917482324889572,1.9493869829732127
1.470379003866007,0.9757552890289566,0.39177583437578667,1.9493330529732071
1.470521153866005,0.9758014784039545,0.3917482324889572,1.9494409129732184
1.470379003866007,0.9758938571539503,0.39175743311790034,1.9493330529732071
1.470379003866007,0.9758476677789524,0.39175743311790034,1.9494948429732242
1.4702368538660089,0.9759400465289482,0.39175743311790034,1.9493330529732071
1.4703079288660077,0.9758014784039545,0.39175743311790034,1.9493330529732071
1.4703079288660077,0.9757552890289566,0.3917298312310708,1.9494409129732184
1.470379003866007,0.9759400465289482,0.39175743311790034,1.9493330529732071
1.4703079288660077,0.9758014784039545,0.3917666337468435,1.9494409129732184
1.4700947038660104,0.9759400465289482,0.39175743311790034,1.9494409129732184
1.470379003866007,0.9758476677789524,0.39175743311790034,1.9492791229732016
1.470379003866007,0.9758476677789524,0.3917666337468435,1.9493330529732071
1.470379003866007,0.9758938571539503,0.3917666337468435,1.9493330529732071
1.4701657788660096,0.9758014784039545,0.39175743311790034,1.9493330529732071
1.470379003866007,0.9759400465289482,0.39175743311790034,1.9493330529732071
1.4702368538660089,0.9758014784039545,0.3917482324889572,1.9494409129732184
1.4701657788660096,0.9758014784039545,0.3917666337468435,1.9494948429732242
1.4702368538660089,0.9758476677789524,0.3917298312310708,1.9494409129732184
1.470379003866007,0.9758476677789524,0.39175743311790034,1.9493330529732071
1.4702368538660089,0.9758014784039545,0.3917666337468435,1.9494409129732184
1.4702368538660089,0.9758476677789524,0.39177583437578667,1.94954877297323
1.4701657788660096,0.9758014784039545,0.39175743311790034,1.9494948429732242
1.4702368538660089,0.9758476677789524,0.3917666337468435,1.9494409129732184
1.4703079288660077,0.9758014784039545,0.3917666337468435,1.9494409129732184
1.470379003866007,0.9758476677789524,0.3917482324889572,1.9494948429732242
1.4702368538660089,0.9758476677789524,0.3917666337468435,1.9493869829732127
1.4702368538660089,0.9757552890289566,0.39175743311790034,1.94954877297323
1.4702368538660089,0.9758014784039545,0.39178503500472983,1.9494409129732184
1.4703079288660077,0.9758476677789524,0.3917666337468435,1.9493330529732071
1.470379003866007,0.9758476677789524,0.3917482324889572,1.9494948429732242
1.4701657788660096,0.9758014784039545,0.39175743311790034,1.94954877297323
1.470379003866007,0.9758476677789524,0.3917666337468435,1.9493330529732071
1.4703079288660077,0.9758938571539503,0.3917666337468435,1.9493330529732071
1.4703079288660077,0.9758014784039545,0.39175743311790034,1.9494409129732184
1.4703079288660077,0.9758014784039545,0.39178503500472983,1.9494409129732184
1.4703079288660077,0.9758938571539503,0.3917298312310708,1.9494409129732184
1.4702368538660089,0.9758476677789524,0.3917482324889572,1.9493330529732071
1.4703079288660077,0.9758938571539503,0.3917482324889572,1.9493330529732071
1.4703079288660077,0.9758476677789524,0.39175743311790034,1.94954877297323
1.470379003866007,0.9758014784039545,0.3917666337468435,1.94954877297323
1.470521153866005,0.9757552890289566,0.3917666337468435,1.9494409129732184
1.4703079288660077,0.9759862359039461,0.39175743311790034,1.9493330529732071
1.470379003866007,0.9759400465289482,0.3917482324889572,1.94954877297323
1.470379003866007,0.9758476677789524,0.3917482324889572,1.94954877297323
1.470379003866007,0.9758476677789524,0.39175743311790034,1.9492791229732016
1.4703079288660077,0.9758014784039545,0.3917482324889572,1.9494409129732184
1.4701657788660096,0.9758476677789524,0.3917666337468435,1.9493330529732071
1.4702368538660089,0.9758014784039545,0.3917482324889572,1.9494409129732184
1.4703079288660077,0.9758476677789524,0.39175743311790034,1.9493330529732071
1.4701657788660096,0.9758014784039545,0.39175743311790034,1.9494409129732184
1.470379003866007,0.9758476677789524,0.39175743311790034,1.9494409129732184
1.4702368538660089,0.9758476677789524,0.39175743311790034,1.9493330529732071
1.4703079288660077,0.9758476677789524,0.3917666337468435,1.9493330529732071
1.470379003866007,0.9758014784039545,0.3917666337468435,1.9494948429732242
1.4703079288660077,0.9758476677789524,0.3917666337468435,1.9493330529732071
1.470379003866007,0.9759400465289482,0.3917666337468435,1.94954877297323
1.4703079288660077,0.9759400465289482,0.3917482324889572,1.9493330529732071
1.4702368538660089,0.9758938571539503,0.3917666337468435,1.9493330529732071
1.4702368538660089,0.9758938571539503,0.3917666337468435,1.9494409129732184
1.470379003866007,0.9757552890289566,0.3917482324889572,1.9493330529732071
1.4701657788660096,0.9759400465289482,0.3917482324889572,1.9493330529732071
1.4702368538660089,0.9758014784039545,0.3917482324889572,1.9494948429732242
1.4703079288660077,0.9759400465289482,0.39177583437578667,1.9494409129732184
1.4702368538660089,0.9758014784039545,0.3917482324889572,1.9494409129732184
1.4702368538660089,0.9758938571539503,0.39175743311790034,1.9494409129732184
1.4701657788660096,0.9758014784039545,0.3917482324889572,1.9493330529732071
1.4703079288660077,0.9758938571539503,0.39175743311790034,1.9493869829732127
1.4700236288660116,0.9758938571539503,0.3917482324889572,1.9494948429732242
1.4701657788660096,0.9758014784039545,0.3917482324889572,1.9494409129732184
1.4702368538660089,0.9758476677789524,0.3917666337468435,1.9494409129732184
1.6806105693975213,1.1167262113130634,0.4145752179101473,2.2170823934292425
1.6808237943975182,1.1167262113130634,0.4145752179101473,2.217136323429248
1.6808948693975174,1.1167262113130634,0.41455681665226096,2.217136323429248
1.6806105693975213,1.1167262113130634,0.41455681665226096,2.2170284634292363
1.680539494397522,1.1167262113130634,0.41453841539437464,2.2169206034292253
1.68068164439752,1.1168185900630592,0.4145476160233178,2.216974533429231
1.680397344397524,1.1167262113130634,0.41455681665226096,2.216974533429231
1.6804684193975228,1.1167262113130634,0.4145844185390905,2.2170823934292425
1.6807527193975194,1.1167724006880613,0.41453841539437464,2.216974533429231
1.6808948693975174,1.1167724006880613,0.4145476160233178,2.217136323429248
1.6807527193975194,1.1168185900630592,0.4145476160233178,2.216974533429231
1.6807527193975194,1.1168185900630592,0.41455681665226096,2.2169206034292253
1.6807527193975194,1.116864779438057,0.41455681665226096,2.216974533429231
1.6807527193975194,1.1167724006880613,0.41455681665226096,2.2170823934292425
1.6807527193975194,1.1168185900630592,0.4145752179101473,2.2170823934292425
1.6808237943975182,1.1167262113130634,0.41453841539437464,2.2171902534292536
1.680539494397522,1.1166800219380653,0.4145476160233178,2.2171902534292536
1.6807527193975194,1.1167262113130634,0.4145660172812041,2.216974533429231
1.680539494397522,1.116864779438057,0.4145752179101473,2.2170823934292425
1.6807527193975194,1.116910968813055,0.4145476160233178,2.2170823934292425
1.680539494397522,1.1166800219380653,0.4145476160233178,2.217136323429248
1.68068164439752,1.1166800219380653,0.41455681665226096,2.2170284634292363
1.6806105693975213,1.1165876431880695,0.4145476160233178,2.2170823934292425
1.6807527193975194,1.1167724006880613,0.4145752179101473,2.2170823934292425
1.680539494397522,1.1167262113130634,0.4145476160233178,2.2170823934292425
1.6807527193975194,1.1168185900630592,0.41455681665226096,2.2170284634292363
1.6807527193975194,1.1167724006880613,0.41453841539437464,2.2170823934292425
1.6808948693975174,1.1167724006880613,0.41455681665226096,2.2169206034292253
1.6807527193975194,1.116910968813055,0.4145844185390905,2.2169206034292253
1.6807527193975194,1.1167262113130634,0.41455681665226096,2.217136323429248
1.6807527193975194,1.1167724006880613,0.41455681665226096,2.2171902534292536
1.6807527193975194,1.1167262113130634,0.41455681665226096,2.2170284634292363
1.6807527193975194,1.116910968813055,0.41453841539437464,2.2169206034292253
1.6804684193975228,1.1167724006880613,0.41455681665226096,2.2170284634292363
1.680539494397522,1.1166800219380653,0.4145476160233178,2.2170284634292363
1.680539494397522,1.1165876431880695,0.41455681665226096,2.217136323429248
1.6808237943975182,1.1167262113130634,0.4145476160233178,2.2170284634292363
1.680539494397522,1.1169571581880529,0.4145476160233178,2.2170284634292363
1.6807527193975194,1.116910968813055,0.41453841539437464,2.2170284634292363
1.6808237943975182,1.1167724006880613,0.4145476160233178,2.2170284634292363
1.6807527193975194,1.1167724006880613,0.41455681665226096,2.217136323429248
1.6806105693975213,1.1167724006880613,0.4145476160233178,2.216974533429231
1.6808237943975182,1.1168185900630592,0.4145476160233178,2.2170823934292425
1.6809659443975167,1.116864779438057,0.41453841539437464,2.217136323429248
1.6807527193975194,1.1168185900630592,0.41453841539437464,2.216974533429231
1.6807527193975194,1.1167262113130634,0.4145476160233178,2.2170284634292363
1.6808948693975174,1.1167262113130634,0.41455681665226096,2.216974533429231
1.6806105693975213,1.1167262113130634,0.41455681665226096,2.217136323429248
1.6807527193975194,1.1167262113130634,0.41455681665226096,2.2169206034292253
1.6807527193975194,1.1168185900630592,0.4145660172812041,2.217136323429248
1.680539494397522,1.1168185900630592,0.41455681665226096,2.217136323429248
1.6808237943975182,1.1167724006880613,0.41453841539437464,2.2169206034292253
1.6808948693975174,1.1168185900630592,0.4145476160233178,2.216974533429231
1.6807527193975194,1.1168185900630592,0.4145292147654315,2.2170823934292425
1.6807527193975194,1.1167724006880613,0.41455681665226096,2.2170284634292363
1.6807527193975194,1.1167262113130634,0.4145476160233178,2.2170284634292363
1.6806105693975213,1.1167262113130634,0.41455681665226096,2.217136323429248
1.6807527193975194,1.1168185900630592,0.41455681665226096,2.2170284634292363
1.6807527193975194,1.1167724006880613,0.41455681665226096,2.2170823934292425
1.6807527193975194,1.1168185900630592,0.4145476160233178,2.216974533429231
1.6804684193975228,1.1166338325630674,0.41455681665226096,2.2170284634292363
1.6807527193975194,1.1167724006880613,0.41455681665226096,2.2170284634292363
1.6807527193975194,1.1167262113130634,0.41455681665226096,2.216974533429231
1.6807527193975194,1.1168185900630592,0.41452001413648826,2.2169206034292253
1.6806105693975213,1.1168185900630592,0.41455681665226096,2.217136323429248
1.6807527193975194,1.1168185900630592,0.41455681665226096,2.217136323429248
1.6806105693975213,1.1166800219380653,0.41453841539437464,2.217136323429248
1.680539494397522,1.1168185900630592,0.4145660172812041,2.2170823934292425
1.6804684193975228,1.1167724006880613,0.4145476160233178,2.2170284634292363
1.6807527193975194,1.1167724006880613,0.41455681665226096,2.2170823934292425
1.6807527193975194,1.116910968813055,0.41455681665226096,2.2170284634292363
1.6807527193975194,1.1167724006880613,0.41455681665226096,2.217136323429248
1.6806105693975213,1.1167262113130634,0.4145476160233178,2.2170823934292425
1.6806105693975213,1.1168185900630592,0.41453841539437464,2.2171902534292536
1.6807527193975194,1.1168185900630592,0.4145476160233178,2.2170823934292425
1.6806105693975213,1.116864779438057,0.4145752179101473,2.216974533429231
1.6807527193975194,1.1167262113130634,0.41455681665226096,2.217136323429248
1.6807527193975194,1.116910968813055,0.4145476160233178,2.2170284634292363
1.6807527193975194,1.1167724006880613,0.41455681665226096,2.217136323429248
1.680539494397522,1.1167724006880613,0.41453841539437464,2.2170284634292363
1.6807527193975194,1.1166338325630674,0.41455681665226096,2.2170284634292363
1.6807527193975194,1.1168185900630592,0.41455681665226096,2.216974533429231
1.6807527193975194,1.1167262113130634,0.4145660172812041,2.2170284634292363
1.6807527193975194,1.1166338325630674,0.41455681665226096,2.217136323429248
1.680539494397522,1.1168185900630592,0.4145476160233178,2.2169206034292253
1.6807527193975194,1.1167262113130634,0.41455681665226096,2.217136323429248
1.680539494397522,1.1168185900630592,0.41455681665226096,2.217136323429248
1.6806105693975213,1.1167262113130634,0.41455681665226096,2.2169206034292253
1.6808237943975182,1.1167262113130634,0.4145476160233178,2.217136323429248
1.680539494397522,1.1168185900630592,0.4145660172812041,2.2170823934292425
1.6807527193975194,1.1168185900630592,0.41453841539437464,2.217136323429248
1.6807527193975194,1.1168185900630592,0.4145292147654315,2.216974533429231
1.6806105693975213,1.1166800219380653,0.4145476160233178,2.2170823934292425
1.6807527193975194,1.1167262113130634,0.41453841539437464,2.217136323429248
1.6808237943975182,1.1167724006880613,0.4145476160233178,2.2170823934292425
1.6804684193975228,1.1167262113130634,0.4145844185390905,2.2170284634292363
1.6807527193975194,1.1167724006880613,0.4145476160233178,2.2170823934292425
1.6807527193975194,1.116864779438057,0.41455681665226096,2.2170284634292363
1.6806105693975213,1.1167262113130634,0.4145660172812041,2.2170823934292425
1.6806105693975213,1.1167724006880613,0.41455681665226096,2.2170284634292363
1.6806105693975213,1.1166800219380653,0.4145476160233178,2.2170823934292425
1.6807527193975194,1.1167724006880613,0.41453841539437464,2.2170823934292425
1.680539494397522,1.1167262113130634,0.4145752179101473,2.217136323429248
1.680539494397522,1.1168185900630592,0.41455681665226096,2.217136323429248
1.6806105693975213,1.1166800219380653,0.41455681665226096,2.2170284634292363
1.6806105693975213,1.1167724006880613,0.4145476160233178,2.2170284634292363
1.6807527193975194,1.1167724006880613,0.4145752179101473,2.2170823934292425
1.6807527193975194,1.1167724006880613,0.41453841539437464,2.2170823934292425
1.6807527193975194,1.1166800219380653,0.41455681665226096,2.217136323429248
1.6806105693975213,1.1168185900630592,0.4145752179101473,2.2170823934292425
1.6804684193975228,1.116864779438057,0.41455681665226096,2.2170284634292363
1.6807527193975194,1.1168185900630592,0.4145476160233178,2.2170284634292363
1.6808237943975182,1.1167262113130634,0.4145476160233178,2.2170284634292363
1.680539494397522,1.1167724006880613,0.4145476160233178,2.216974533429231
1.6806105693975213,1.1167724006880613,0.4145476160233178,2.217136323429248
1.6807527193975194,1.1167262113130634,0.4145660172812041,2.217136323429248
1.6807527193975194,1.1167724006880613,0.41453841539437464,2.2170284634292363
1.6806105693975213,1.1166338325630674,0.41453841539437464,2.2170823934292425
1.6807527193975194,1.1167262113130634,0.41453841539437464,2.216974533429231
1.6806105693975213,1.1168185900630592,0.4145476160233178,2.2170823934292425
1.6807527193975194,1.1168185900630592,0.4145476160233178,2.2169206034292253
1.6807527193975194,1.1167724006880613,0.4145476160233178,2.2170823934292425
1.6807527193975194,1.1167262113130634,0.41455681665226096,2.217136323429248
1.680539494397522,1.1167262113130634,0.41453841539437464,2.2172441834292593
1.6806105693975213,1.1167262113130634,0.4145752179101473,2.2170284634292363
1.6807527193975194,1.1167724006880613,0.41455681665226096,2.217136323429248
1.6807527193975194,1.1168185900630592,0.4145476160233178,2.2170823934292425
1.6807527193975194,1.1167724006880613,0.4145476160233178,2.217136323429248
1.6807527193975194,1.1167262113130634,0.41455681665226096,2.2170823934292425
1.6807527193975194,1.1167724006880613,0.4145476160233178,2.216974533429231
1.6807527193975194,1.1168185900630592,0.41455681665226096,2.2171902534292536
1.6806105693975213,1.1167724006880613,0.41455681665226096,2.2169206034292253
1.6806105693975213,1.1167262113130634,0.4145844185390905,2.2170284634292363
1.6807527193975194,1.1168185900630592,0.41455681665226096,2.2170823934292425
1.6807527193975194,1.1167724006880613,0.4145660172812041,2.2169206034292253
1.6806105693975213,1.1168185900630592,0.41455681665226096,2.2169206034292253
1.680539494397522,1.1168185900630592,0.41455681665226096,2.2170823934292425
1.6806105693975213,1.1167724006880613,0.41455681665226096,2.2170284634292363
1.6808237943975182,1.1167724006880613,0.41455681665226096,2.2170284634292363
1.6806105693975213,1.116910968813055,0.41455681665226096,2.2170823934292425
1.68068164439752,1.1167724006880613,0.41455681665226096,2.2170823934292425
1.6804684193975228,1.1167262113130634,0.41455681665226096,2.2170823934292425
1.6807527193975194,1.1167262113130634,0.41455681665226096,2.216974533429231
1.6806105693975213,1.1168185900630592,0.41455681665226096,2.217136323429248
1.680539494397522,1.1168185900630592,0.41453841539437464,2.2169206034292253
1.6807527193975194,1.1168185900630592,0.4145476160233178,2.217136323429248
1.6806105693975213,1.1167724006880613,0.41453841539437464,2.2170823934292425
1.6806105693975213,1.1168185900630592,0.41455681665226096,2.217136323429248
1.6807527193975194,1.116910968813055,0.41453841539437464,2.2170823934292425
1.6807527193975194,1.1168185900630592,0.4145476160233178,2.2170823934292425
1.680539494397522,1.1168185900630592,0.41455681665226096,2.217136323429248
1.6808237943975182,1.116864779438057,0.41453841539437464,2.2170284634292363
1.6806105693975213,1.1167724006880613,0.41455681665226096,2.216974533429231
1.6806105693975213,1.1167262113130634,0.4145660172812041,2.2170284634292363
1.6807527193975194,1.1166338325630674,0.4145844185390905,2.2170823934292425
1.6806105693975213,1.1167724006880613,0.41453841539437464,2.2168666734292195
1.6808948693975174,1.1167724006880613,0.41455681665226096,2.217136323429248
1.6804684193975228,1.1168185900630592,0.4145752179101473,2.2170284634292363
1.6808237943975182,1.1166800219380653,0.4145476160233178,2.217136323429248
1.6806105693975213,1.1166800219380653,0.4145660172812041,2.2169206034292253
1.6806105693975213,1.1168185900630592,0.4145660172812041,2.2170284634292363
1.6808237943975182,1.1168185900630592,0.41455681665226096,2.2170284634292363
1.6806105693975213,1.1167262113130634,0.41455681665226096,2.217136323429248
1.6807527193975194,1.1167262113130634,0.41455681665226096,2.216974533429231
1.6806105693975213,1.1168185900630592,0.41453841539437464,2.216974533429231
1.68068164439752,1.1167724006880613,0.41453841539437464,2.217136323429248
1.6807527193975194,1.1168185900630592,0.41453841539437464,2.2170823934292425
1.6807527193975194,1.1167724006880613,0.4145752179101473,2.2170284634292363
1.6807527193975194,1.1167262113130634,0.41453841539437464,2.217136323429248
1.6807527193975194,1.1167724006880613,0.41455681665226096,2.2170284634292363
1.6807527193975194,1.116910968813055,0.4145752179101473,2.2170823934292425
1.6807527193975194,1.1167724006880613,0.41453841539437464,2.2170284634292363
1.6807527193975194,1.1167262113130634,0.4145752179101473,2.217136323429248
1.68068164439752,1.1167262113130634,0.4145752179101473,2.2171902534292536
1.680539494397522,1.1167262113130634,0.4145660172812041,2.217136323429248
1.6806105693975213,1.1167262113130634,0.41455681665226096,2.2169206034292253
1.6807527193975194,1.1166800219380653,0.4145476160233178,2.2170823934292425
1.6806105693975213,1.1167262113130634,0.41453841539437464,2.2170284634292363
1.6807527193975194,1.1167724006880613,0.41455681665226096,2.2170823934292425
1.6807527193975194,1.1167724006880613,0.4145476160233178,2.217136323429248
1.6806105693975213,1.1166800219380653,0.4145752179101473,2.216974533429231
1.680539494397522,1.1168185900630592,0.4145476160233178,2.217136323429248
1.68068164439752,1.116910968813055,0.4145476160233178,2.2170823934292425
1.680539494397522,1.1167724006880613,0.41453841539437464,2.2170823934292425
1.6806105693975213,1.1168185900630592,0.41455681665226096,2.2170823934292425
1.680539494397522,1.1167724006880613,0.41455681665226096,2.217136323429248
1.6807527193975194,1.1167724006880613,0.41455681665226096,2.2170284634292363
1.6807527193975194,1.1167724006880613,0.4145660172812041,2.2170823934292425
1.6807527193975194,1.1168185900630592,0.4145660172812041,2.216974533429231
1.6807527193975194,1.1167724006880613,0.41455681665226096,2.216974533429231
1.6806105693975213,1.116910968813055,0.4145476160233178,2.217136323429248
1.6806105693975213,1.116864779438057,0.4145476160233178,2.217136323429248
1.6808237943975182,1.1167724006880613,0.41455681665226096,2.2169206034292253
1.6806105693975213,1.1167262113130634,0.4145476160233178,2.2170823934292425
1.6806105693975213,1.1167724006880613,0.41455681665226096,2.216974533429231
1.6804684193975228,1.1167262113130634,0.4145752179101473,2.2169206034292253
1.680539494397522,1.1168185900630592,0.41455681665226096,2.2169206034292253
1.6806105693975213,1.1168185900630592,0.41455681665226096,2.2169206034292253
1.6806105693975213,1.1168185900630592,0.41455681665226096,2.216974533429231
1.6807527193975194,1.1166800219380653,0.4145476160233178,2.2170284634292363
1.680539494397522,1.116864779438057,0.41455681665226096,2.216974533429231
1.680539494397522,1.1168185900630592,0.4145752179101473,2.2170823934292425
1.6807527193975194,1.1167724006880613,0.41455681665226096,2.2170823934292425
1.6806105693975213,1.1167262113130634,0.41455681665226096,2.2170284634292363
1.6808948693975174,1.1167262113130634,0.4145476160233178,2.217136323429248
1.680539494397522,1.1166800219380653,0.4145476160233178,2.2170823934292425
1.6804684193975228,1.1166338325630674,0.4145476160233178,2.217136323429248
1.6804684193975228,1.1168185900630592,0.4145476160233178,2.2170823934292425
1.6806105693975213,1.116864779438057,0.41453841539437464,2.2170823934292425
1.6808237943975182,1.1168185900630592,0.4145476160233178,2.216974533429231
1.68068164439752,1.1167724006880613,0.4145752179101473,2.2170823934292425
1.6807461744128243,1.1168185900630592,0.4145660172812041,2.2170284634292363
1.6807461744128243,1.1168185900630592,0.41455681665226096,2.2170284634292363
1.680532949412827,1.1167724006880613,0.4145476160233178,2.217136323429248
1.6806040244128262,1.1168185900630592,0.41453841539437464,2.2169206034292253
1.6807461744128243,1.1166338325630674,0.4145476160233178,2.217136323429248
1.6806040244128262,1.1167724006880613,0.4145476160233178,2.2170284634292363
1.6807461744128243,1.1166800219380653,0.4145660172812041,2.2170284634292363
1.680532949412827,1.1167724006880613,0.4145660172812041,2.216974533429231
1.6806040244128262,1.1167262113130634,0.41453841539437464,2.2170823934292425
1.6804618744128277,1.1167724006880613,0.4145476160233178,2.2170284634292363
1.6804618744128277,1.1167724006880613,0.4145476160233178,2.2170823934292425
1.6807461744128243,1.1167724006880613,0.4145476160233178,2.2170284634292363
1.6807461744128243,1.1167724006880613,0.4145660172812041,2.2170823934292425
1.680675099412825,1.1167724006880613,0.41455681665226096,2.2170823934292425
1.680675099412825,1.1168185900630592,0.41455681665226096,2.2170284634292363
1.6804618744128277,1.1168185900630592,0.41453841539437464,2.216974533429231
1.6806040244128262,1.1167262113130634,0.4145476160233178,2.216974533429231
1.6807461744128243,1.1167724006880613,0.41455681665226096,2.2170823934292425
1.6806040244128262,1.1167724006880613,0.4145476160233178,2.2170284634292363
1.680532949412827,1.1166338325630674,0.41455681665226096,2.2169206034292253
1.680532949412827,1.116864779438057,0.41455681665226096,2.217136323429248
1.680532949412827,1.1167262113130634,0.4145752179101473,2.217136323429248
1.6804618744128277,1.1168185900630592,0.41455681665226096,2.217136323429248
1.6807461744128243,1.1167724006880613,0.4145476160233178,2.2170284634292363
1.6807461744128243,1.1167724006880613,0.41455681665226096,2.2169206034292253
1.680532949412827,1.116864779438057,0.4145292147654315,2.2170284634292363
1.6807461744128243,1.1167724006880613,0.4145476160233178,2.2171902534292536
1.680532949412827,1.1168185900630592,0.41455681665226096,2.216974533429231
1.680532949412827,1.1167724006880613,0.41453841539437464,2.2171902534292536
1.6807461744128243,1.1167724006880613,0.41453841539437464,2.2170823934292425
1.680532949412827,1.116910968813055,0.41455681665226096,2.2170823934292425
1.6807461744128243,1.1168185900630592,0.4145476160233178,2.216974533429231
1.6806040244128262,1.116864779438057,0.41455681665226096,2.2169206034292253
1.680817249412823,1.1167724006880613,0.41453841539437464,2.2169206034292253
1.6806040244128262,1.116910968813055,0.4145292147654315,2.216974533429231
1.6806040244128262,1.1168185900630592,0.4145476160233178,2.216974533429231
1.6807461744128243,1.1167724006880613,0.4145752179101473,2.2170823934292425
1.6807461744128243,1.1168185900630592,0.41453841539437464,2.2170284634292363
1.6807461744128243,1.1167724006880613,0.4145844185390905,2.2170284634292363
1.8906831094698893,1.2572971405665103,0.4375841590343277,2.487851813885595
1.8908252594698878,1.2573433299415084,0.43759335966327084,2.488013603885612
1.8905409594698912,1.2572971405665103,0.4375841590343277,2.4880675338856175
1.8906831094698893,1.2572509511915126,0.4375841590343277,2.488013603885612
1.8907541844698885,1.257389519316506,0.4375749584053845,2.488013603885612
1.8904698844698924,1.2572971405665103,0.4375749584053845,2.487959673885606
1.8906831094698893,1.2572971405665103,0.437602560292214,2.487959673885606
1.8908252594698878,1.257389519316506,0.4375657577764413,2.487959673885606
1.8906831094698893,1.257389519316506,0.4375749584053845,2.4879057438856007
1.8907541844698885,1.2573433299415084,0.4375749584053845,2.487851813885595
1.8907541844698885,1.2573433299415084,0.4375749584053845,2.4879057438856007
1.8908252594698878,1.2572971405665103,0.4375841590343277,2.487851813885595
1.8906120344698905,1.2572509511915126,0.43759335966327084,2.488013603885612
1.8906831094698893,1.2572509511915126,0.4375657577764413,2.487743953885584
1.8906831094698893,1.2572971405665103,0.4375841590343277,2.4880675338856175
1.8903988094698931,1.2572047618165145,0.437602560292214,2.488013603885612
1.8907541844698885,1.2572971405665103,0.4375657577764413,2.487959673885606
1.8906831094698893,1.257389519316506,0.4375749584053845,2.487959673885606
1.8906831094698893,1.2572971405665103,0.4375749584053845,2.4880675338856175
1.8906831094698893,1.2572971405665103,0.4375749584053845,2.4879057438856007
1.8908252594698878,1.2572509511915126,0.4375657577764413,2.487797883885589
1.8906831094698893,1.2573433299415084,0.43755655714749814,2.4879057438856007
1.8908252594698878,1.257389519316506,0.4375749584053845,2.487851813885595
1.8907541844698885,1.2572971405665103,0.4375749584053845,2.4879057438856007
1.8907541844698885,1.257389519316506,0.4375841590343277,2.4879057438856007
1.8908252594698878,1.257389519316506,0.43759335966327084,2.487959673885606
1.8906831094698893,1.257389519316506,0.4375841590343277,2.487959673885606
1.8906831094698893,1.2572047618165145,0.4375657577764413,2.487797883885589
1.8908252594698878,1.257389519316506,0.4375749584053845,2.487797883885589
1.8906120344698905,1.2572047618165145,0.43759335966327084,2.487959673885606
1.8905409594698912,1.2572971405665103,0.4375841590343277,2.487959673885606
1.8907541844698885,1.2572509511915126,0.4375657577764413,2.4879057438856007
1.8906831094698893,1.2573433299415084,0.4375749584053845,2.487743953885584
1.8905409594698912,1.2571585724415169,0.4375749584053845,2.4879057438856007
1.8904698844698924,1.2572509511915126,0.437602560292214,2.487959673885606
1.8906831094698893,1.2573433299415084,0.43759335966327084,2.4879057438856007
1.8905409594698912,1.257389519316506,0.4375841590343277,2.4879057438856007
1.8908252594698878,1.257389519316506,0.4375841590343277,2.488013603885612
1.8905409594698912,1.2572971405665103,0.4375841590343277,2.487959673885606
1.8906831094698893,1.2574357086915042,0.4375749584053845,2.4879057438856007
1.8907541844698885,1.257481898066502,0.437602560292214,2.487959673885606
1.8906120344698905,1.2573433299415084,0.4375657577764413,2.488013603885612
1.8907541844698885,1.2573433299415084,0.4375749584053845,2.4879057438856007
1.8907541844698885,1.257389519316506,0.4375841590343277,2.4879057438856007
1.8906831094698893,1.2573433299415084,0.43759335966327084,2.4879057438856007
1.8907541844698885,1.257389519316506,0.4375749584053845,2.488013603885612
1.8906120344698905,1.2572509511915126,0.4375841590343277,2.487797883885589
1.8906831094698893,1.2573433299415084,0.43759335966327084,2.487959673885606
1.8906831094698893,1.2572509511915126,0.4375749584053845,2.488013603885612
1.8906120344698905,1.2573433299415084,0.43761176092115717,2.487959673885606
1.8907541844698885,1.2572971405665103,0.4375657577764413,2.487959673885606
1.8905409594698912,1.2572509511915126,0.437602560292214,2.487959673885606
1.8909674094698858,1.2573433299415084,0.4375841590343277,2.4879057438856007
1.8906831094698893,1.257389519316506,0.43759335966327084,2.488013603885612
1.8908252594698878,1.2572971405665103,0.4375657577764413,2.4879057438856007
1.8906120344698905,1.2572971405665103,0.4375749584053845,2.4879057438856007
1.8906120344698905,1.2573433299415084,0.4375657577764413,2.487959673885606
1.8906831094698893,1.2572971405665103,0.4375841590343277,2.4879057438856007
1.8907541844698885,1.2573433299415084,0.4375657577764413,2.487851813885595
1.8905409594698912,1.2573433299415084,0.4375657577764413,2.4879057438856007
1.8906120344698905,1.2572971405665103,0.43759335966327084,2.487797883885589
1.8907541844698885,1.2572509511915126,0.4375749584053845,2.488013603885612
1.8905409594698912,1.2572971405665103,0.4375841590343277,2.488013603885612
1.8908252594698878,1.2573433299415084,0.4375841590343277,2.487959673885606
1.8907541844698885,1.2573433299415084,0.4375749584053845,2.487851813885595
1.8907541844698885,1.2572971405665103,0.4375657577764413,2.487959673885606
1.8905409594698912,1.257389519316506,0.4375749584053845,2.488013603885612
1.8907541844698885,1.2573433299415084,0.4375657577764413,2.487959673885606
1.8904698844698924,1.2572509511915126,0.43759335966327084,2.4879057438856007
1.8905409594698912,1.2572971405665103,0.4375657577764413,2.4879057438856007
1.8906831094698893,1.2572971405665103,0.43759335966327084,2.488013603885612
1.8907541844698885,1.2572509511915126,0.4375841590343277,2.488013603885612
1.8904698844698924,1.2572971405665103,0.4375657577764413,2.487959673885606
1.8907541844698885,1.2572509511915126,0.4375841590343277,2.488013603885612
1.8904698844698924,1.257389519316506,0.4375749584053845,2.487959673885606
1.8906120344698905,1.2572509511915126,0.4375749584053845,2.4880675338856175
1.8906120344698905,1.2572971405665103,0.4375841590343277,2.487851813885595
1.8906831094698893,1.2572971405665103,0.4375749584053845,2.487959673885606
1.8905409594698912,1.2573433299415084,0.4375657577764413,2.487959673885606
1.8907541844698885,1.2572971405665103,0.4375657577764413,2.4879057438856007
1.8906831094698893,1.2572971405665103,0.4375749584053845,2.488013603885612
1.8907541844698885,1.2573433299415084,0.4375657577764413,2.4879057438856007
1.8906120344698905,1.2573433299415084,0.4375841590343277,2.4880675338856175
1.8905409594698912,1.2572971405665103,0.43755655714749814,2.4879057438856007
1.8903988094698931,1.2572047618165145,0.4375749584053845,2.488013603885612
1.8906831094698893,1.2573433299415084,0.43755655714749814,2.4879057438856007
1.8907541844698885,1.2573433299415084,0.4375749584053845,2.487959673885606
1.8907541844698885,1.2572971405665103,0.4375841590343277,2.487797883885589
1.8906831094698893,1.2572047618165145,0.4375657577764413,2.487959673885606
1.8906831094698893,1.2572971405665103,0.43759335966327084,2.488013603885612
1.8905409594698912,1.2572971405665103,0.43759335966327084,2.487959673885606
1.8906831094698893,1.2571585724415169,0.43759335966327084,2.4879057438856007
1.8906831094698893,1.2573433299415084,0.4375749584053845,2.487959673885606
1.8905409594698912,1.2573433299415084,0.4375749584053845,2.487959673885606
1.8907541844698885,1.2572971405665103,0.4375749584053845,2.487851813885595
1.8907541844698885,1.2572509511915126,0.4375841590343277,2.487959673885606
1.8907541844698885,1.2573433299415084,0.4375657577764413,2.487959673885606
1.8906831094698893,1.2572047618165145,0.4375749584053845,2.4879057438856007
1.8908252594698878,1.2572971405665103,0.4375841590343277,2.4879057438856007
1.8905409594698912,1.2572971405665103,0.4375473565185549,2.487959673885606
1.8906831094698893,1.2572971405665103,0.43759335966327084,2.4879057438856007
1.8906831094698893,1.2572047618165145,0.4375749584053845,2.488013603885612
1.8906831094698893,1.2572971405665103,0.4375657577764413,2.4880675338856175
1.8906831094698893,1.257481898066502,0.43759335966327084,2.487743953885584
1.8906831094698893,1.2572971405665103,0.43759335966327084,2.487851813885595
1.8907541844698885,1.2572971405665103,0.4375749584053845,2.487959673885606
1.8906831094698893,1.2573433299415084,0.4375657577764413,2.487959673885606
1.8906120344698905,1.2572509511915126,0.4375749584053845,2.4879057438856007
1.8908252594698878,1.2572971405665103,0.4375749584053845,2.488013603885612
1.8906831094698893,1.2572971405665103,0.4375841590343277,2.488013603885612
1.8906120344698905,1.2572509511915126,0.43755655714749814,2.488013603885612
1.8907541844698885,1.2572509511915126,0.4375749584053845,2.488013603885612
1.8906831094698893,1.257389519316506,0.43759335966327084,2.487959673885606
1.8907541844698885,1.2572509511915126,0.4375841590343277,2.487959673885606
1.8906120344698905,1.2572509511915126,0.4375749584053845,2.4879057438856007
1.8905409594698912,1.2572971405665103,0.4375749584053845,2.487959673885606
1.8905409594698912,1.2572509511915126,0.43759335966327084,2.4880675338856175
1.8906120344698905,1.2572509511915126,0.43759335966327084,2.488013603885612
1.8907541844698885,1.257481898066502,0.4375473565185549,2.487959673885606
1.8906831094698893,1.2572971405665103,0.4375749584053845,2.487959673885606
1.8907541844698885,1.2572509511915126,0.4375749584053845,2.487959673885606
1.8908252594698878,1.2572509511915126,0.4375657577764413,2.487959673885606
1.8908252594698878,1.257389519316506,0.43755655714749814,2.487959673885606
1.8905409594698912,1.2572971405665103,0.4375841590343277,2.488013603885612
1.8906831094698893,1.2574357086915042,0.4375749584053845,2.487959673885606
1.8906831094698893,1.2572971405665103,0.43759335966327084,2.488013603885612
1.8906120344698905,1.2572971405665103,0.4375841590343277,2.487959673885606
1.8908252594698878,1.2572971405665103,0.4375749584053845,2.4879057438856007
1.8906831094698893,1.2573433299415084,0.4375657577764413,2.4880675338856175
1.8906831094698893,1.2573433299415084,0.4375657577764413,2.487959673885606
1.8906831094698893,1.2571585724415169,0.437602560292214,2.487797883885589
1.8906831094698893,1.2573433299415084,0.4375749584053845,2.487959673885606
1.8905409594698912,1.2572971405665103,0.4375749584053845,2.488013603885612
1.8907541844698885,1.2573433299415084,0.4375749584053845,2.488013603885612
1.8906831094698893,1.2572971405665103,0.4375841590343277,2.4879057438856007
1.8905409594698912,1.2572971405665103,0.43755655714749814,2.488013603885612
1.8905409594698912,1.2572971405665103,0.4375841590343277,2.488013603885612
1.8906831094698893,1.2573433299415084,0.4375657577764413,2.4880675338856175
1.8905409594698912,1.2572509511915126,0.43759335966327084,2.488013603885612
1.8906120344698905,1.2572971405665103,0.4375657577764413,2.487959673885606
1.8907541844698885,1.2572971405665103,0.4375657577764413,2.488013603885612
1.8908252594698878,1.2573433299415084,0.4375841590343277,2.487851813885595
1.8906831094698893,1.2572509511915126,0.4375841590343277,2.487851813885595
1.8905409594698912,1.2572047618165145,0.4375749584053845,2.4879057438856007
1.8906831094698893,1.2572971405665103,0.43755655714749814,2.487959673885606
1.8905409594698912,1.2572047618165145,0.4375749584053845,2.487743953885584
1.8905409594698912,1.2572047618165145,0.4375841590343277,2.488013603885612
1.8907541844698885,1.2574357086915042,0.4375657577764413,2.4879057438856007
1.8907541844698885,1.2574357086915042,0.4375749584053845,2.487959673885606
1.8908252594698878,1.2572971405665103,0.4375749584053845,2.487851813885595
1.8906831094698893,1.2573433299415084,0.4375749584053845,2.4880675338856175
1.8906831094698893,1.257481898066502,0.43755655714749814,2.488013603885612
1.8907541844698885,1.2572971405665103,0.4375657577764413,2.488013603885612
1.8908252594698878,1.2572509511915126,0.4375749584053845,2.488013603885612
1.8906120344698905,1.2573433299415084,0.4375749584053845,2.4879057438856007
1.8907541844698885,1.2572971405665103,0.4375841590343277,2.487959673885606
1.8904698844698924,1.2572047618165145,0.43759335966327084,2.488013603885612
1.8906831094698893,1.2572971405665103,0.4375841590343277,2.487851813885595
1.8906120344698905,1.2572047618165145,0.4375749584053845,2.488013603885612
1.8906831094698893,1.2573433299415084,0.4375657577764413,2.487959673885606
1.8908252594698878,1.257389519316506,0.4375657577764413,2.4879057438856007
1.8907541844698885,1.2572971405665103,0.4375841590343277,2.4879057438856007
1.8905409594698912,1.2573433299415084,0.43755655714749814,2.488013603885612
1.8908252594698878,1.2572971405665103,0.4375841590343277,2.487959673885606
1.8906831094698893,1.2572047618165145,0.437602560292214,2.488013603885612
1.8906831094698893,1.2573433299415084,0.4375657577764413,2.487851813885595
1.8905409594698912,1.2572509511915126,0.4375841590343277,2.487851813885595
1.8906831094698893,1.2572509511915126,0.4375841590343277,2.4880675338856175
1.8904698844698924,1.2572509511915126,0.4375841590343277,2.488175393885629
1.8906120344698905,1.2573433299415084,0.4375841590343277,2.487851813885595
1.8906831094698893,1.257389519316506,0.4375841590343277,2.488013603885612
1.8906831094698893,1.257389519316506,0.4375657577764413,2.487851813885595
1.8908252594698878,1.2572509511915126,0.4375657577764413,2.488013603885612
1.8904698844698924,1.2572047618165145,0.4375657577764413,2.4879057438856007
1.8907541844698885,1.2572971405665103,0.4375749584053845,2.4881214638856233
1.8908252594698878,1.2572971405665103,0.4375749584053845,2.487959673885606
1.8906120344698905,1.257389519316506,0.4375841590343277,2.4879057438856007
1.8906831094698893,1.257389519316506,0.4375749584053845,2.487959673885606
1.8905409594698912,1.2572971405665103,0.43761176092115717,2.487959673885606
1.8906831094698893,1.2573433299415084,0.43755655714749814,2.487797883885589
1.8905409594698912,1.2572509511915126,0.4375749584053845,2.487959673885606
1.8905409594698912,1.257389519316506,0.4375749584053845,2.487959673885606
1.8905409594698912,1.2571585724415169,0.4375657577764413,2.487959673885606
1.8905409594698912,1.2572971405665103,0.437602560292214,2.488013603885612
1.8908252594698878,1.2572971405665103,0.4375657577764413,2.487959673885606
1.8906831094698893,1.2572971405665103,0.4375841590343277,2.487959673885606
1.8907541844698885,1.2572971405665103,0.4375749584053845,2.488013603885612
1.8906120344698905,1.2572509511915126,0.4375657577764413,2.488013603885612
1.8907541844698885,1.2572047618165145,0.4375841590343277,2.487959673885606
1.8906831094698893,1.2573433299415084,0.4375749584053845,2.4879057438856007
1.8907541844698885,1.2573433299415084,0.43755655714749814,2.487959673885606
1.8905409594698912,1.2572047618165145,0.4375749584053845,2.487797883885589
1.8906831094698893,1.2572971405665103,0.43759335966327084,2.487797883885589
1.8906831094698893,1.2572047618165145,0.4375749584053845,2.488013603885612
1.8905409594698912,1.2573433299415084,0.4375841590343277,2.4880675338856175
1.8906831094698893,1.257389519316506,0.4375657577764413,2.487959673885606
1.8908252594698878,1.257389519316506,0.4375841590343277,2.488013603885612
1.8904698844698924,1.2572971405665103,0.4375841590343277,2.487797883885589
1.8906831094698893,1.2572971405665103,0.4375749584053845,2.487959673885606
1.8906831094698893,1.2572509511915126,0.4375749584053845,2.487959673885606
1.8906831094698893,1.2572971405665103,0.43759335966327084,2.487959673885606
1.8906831094698893,1.2572047618165145,0.4375749584053845,2.487959673885606
1.8907541844698885,1.2573433299415084,0.4375473565185549,2.4880675338856175
1.8905409594698912,1.2572971405665103,0.4375749584053845,2.4879057438856007
1.8908252594698878,1.2572047618165145,0.4375749584053845,2.487959673885606
1.8907541844698885,1.2573433299415084,0.4375749584053845,2.487851813885595
1.8906831094698893,1.2572971405665103,0.43759335966327084,2.4879057438856007
1.8906831094698893,1.2573433299415084,0.4375841590343277,2.487851813885595
1.8907541844698885,1.2573433299415084,0.43755655714749814,2.4879057438856007
1.8905409594698912,1.2572509511915126,0.43759335966327084,2.487851813885595
1.8907541844698885,1.2572971405665103,0.437602560292214,2.488013603885612
1.8907541844698885,1.2572971405665103,0.4375749584053845,2.4879057438856007
1.8906831094698893,1.2572509511915126,0.4375841590343277,2.487959673885606
1.8905409594698912,1.257389519316506,0.4375841590343277,2.487959673885606
1.8906831094698893,1.2573433299415084,0.4375657577764413,2.488013603885612
1.8907541844698885,1.2572971405665103,0.437602560292214,2.488013603885612
1.8906120344698905,1.2572509511915126,0.43759335966327084,2.488013603885612
1.8904698844698924,1.2572047618165145,0.437602560292214,2.488013603885612
1.8906831094698893,1.2573433299415084,0.43755655714749814,2.487851813885595
1.8907541844698885,1.2572971405665103,0.4375749584053845,2.487959673885606
1.8907541844698885,1.2573433299415084,0.4375749584053845,2.4880675338856175
1.8907541844698885,1.2572971405665103,0.4375841590343277,2.4879057438856007
1.8905409594698912,1.2573433299415084,0.4375841590343277,2.487959673885606
1.8906120344698905,1.2573433299415084,0.43759335966327084,2.487959673885606
1.8906831094698893,1.2573433299415084,0.4375657577764413,2.4879057438856007
1.8906831094698893,1.2573433299415084,0.4375841590343277,2.4879057438856007
1.8907541844698885,1.2573433299415084,0.437602560292214,2.488013603885612
1.8908252594698878,1.2573433299415084,0.43759335966327084,2.487959673885606
1.8907541844698885,1.2572971405665103,0.4375749584053845,2.487851813885595
1.8906120344698905,1.2573433299415084,0.4375749584053845,2.4880675338856175
1.8906831094698893,1.2572971405665103,0.4375749584053845,2.4879057438856007
1.8904698844698924,1.2572971405665103,0.4375749584053845,2.488013603885612
1.8906831094698893,1.2573433299415084,0.4375749584053845,2.487959673885606
1.8905409594698912,1.2572971405665103,0.437602560292214,2.488013603885612
1.8906831094698893,1.2574357086915042,0.437602560292214,2.4879057438856007
1.8904698844698924,1.2572509511915126,0.4375841590343277,2.487959673885606
1.8906831094698893,1.2572971405665103,0.4375657577764413,2.4881214638856233
1.8906120344698905,1.257389519316506,0.4375749584053845,2.4879057438856007
1.8906831094698893,1.2572971405665103,0.43759335966327084,2.487959673885606
1.8906831094698893,1.2572971405665103,0.4375657577764413,2.487851813885595
1.8907541844698885,1.2572509511915126,0.43759335966327084,2.487959673885606
1.8907541844698885,1.2572047618165145,0.4375841590343277,2.487959673885606
1.8906831094698893,1.2572047618165145,0.43759335966327084,2.487959673885606
1.8907541844698885,1.2573433299415084,0.4375749584053845,2.488013603885612
1.8905409594698912,1.2572971405665103,0.4375657577764413,2.488013603885612
1.8906120344698905,1.2572971405665103,0.4375749584053845,2.487959673885606
1.8906120344698905,1.2572509511915126,0.4375749584053845,2.487851813885595
1.8907541844698885,1.2573433299415084,0.43759335966327084,2.487959673885606
1.8905409594698912,1.2573433299415084,0.4375749584053845,2.487959673885606
1.8906831094698893,1.2572509511915126,0.4375841590343277,2.487959673885606
