potentiometer0,potentiometer1,potentiometer2,potentiometer3,potentiometer4,potentiometer5,potentiometer6,encoder0,encoder1,encoder2,encoder3,encoder4,encoder5,encoder6
-0.5183594035528301,-0.345581187395801,-0.49561493000756907,-6.497415754554824,-2.8897258807294093,-1.2969682764122243,2.6254123087315673
-0.5185438035525247,-0.34548989989564816,-0.4957991925078741,-6.497416102890741,-2.8893468057281884,-1.2969682764122243,2.6253644943563383
-0.5184516035526774,-0.34548989989564816,-0.49543179250726344,-6.497262148860027,-2.8894415744784934,-1.2968755514121484,2.6253644943563383
-0.5184516035526774,-0.345581187395801,-0.49561493000756907,-6.4973236608051295,-2.8898206494797143,-1.2965973764119192,2.6254123087315673
-0.5180828035532876,-0.34548989989564816,-0.4955236425074162,-6.497415754554824,-2.8896311119791043,-1.2969682764122243,2.6253644943563383
-0.5185438035525247,-0.345612678901952,-0.4955230800074163,-6.497538430109111,-2.8898206494797143,-1.296782826412072,2.6252210512306524
-0.5180828035532876,-0.345612678901952,-0.4953393800071112,-6.497139124969822,-2.8895363432287984,-1.2969682764122243,2.6253644943563383
-0.517898403553593,-0.34570396640210443,-0.4954306675072636,-6.4972312187195165,-2.8898206494797143,-1.2965046514118432,2.6252688656058805
-0.518175003553135,-0.34543010390164675,-0.4951568050068059,-6.497380392159858,-2.8896311119791043,-1.2968755514121484,2.6253644943563383
-0.5182672035529823,-0.345612678901952,-0.4955230800074163,-6.497503416050062,-2.8890624994772724,-1.2971537264123771,2.6252688656058805
-0.5185438035525247,-0.34570396640210443,-0.4957062175077215,-6.49747283424547,-2.8892520369778834,-1.2969682764122243,2.6253644943563383
-0.5183594035528301,-0.34552139140179916,-0.4955236425074162,-6.49747283424547,-2.8893468057281884,-1.2969682764122243,2.6253166799811094
-0.5182672035529823,-0.34543010390164675,-0.4951568050068059,-6.497564579659247,-2.8896311119791043,-1.2968755514121484,2.6253166799811094
-0.518175003553135,-0.3457952539022573,-0.49579750500787434,-6.497564927995165,-2.8895363432287984,-1.2969682764122243,2.6253644943563383
-0.5182672035529823,-0.345612678901952,-0.49561493000756907,-6.4976570217448595,-2.8898206494797143,-1.2970610014123007,2.6253644943563383
-0.5182672035529823,-0.345612678901952,-0.4955230800074163,-6.497687603549451,-2.890389261981545,-1.296133751411538,2.625555751857254
-0.5180828035532876,-0.34543010390164675,-0.495340505007111,-6.497744683240098,-2.8894415744784934,-1.2969682764122243,2.6253644943563383
-0.5179906035534403,-0.345612678901952,-0.49561493000756907,-6.4979903826845895,-2.8895363432287984,-1.2969682764122243,2.6253644943563383
-0.5182672035529823,-0.345644170408103,-0.49570678000772184,-6.497959800879998,-2.8897258807294093,-1.296782826412072,2.6253644943563383
-0.5179906035534403,-0.34573545790825544,-0.4957062175077215,-6.497898288934895,-2.8900101869803243,-1.2965973764119192,2.6254123087315673
-0.518175003553135,-0.34573545790825544,-0.4957062175077215,-6.498082476434284,-2.8893468057281884,-1.2971537264123771,2.625460123106796
-0.5179906035534403,-0.345644170408103,-0.49561493000756907,-6.4979903826845895,-2.8895363432287984,-1.2969682764122243,2.6252210512306524
-0.517898403553593,-0.34546159540779775,-0.4951568050068059,-6.498047114039318,-2.8896311119791043,-1.2969682764122243,2.6253644943563383
-0.518175003553135,-0.3458267454084083,-0.4958893550080271,-6.498385255569423,-2.8897258807294093,-1.2970610014123007,2.6252688656058805
-0.517898403553593,-0.345644170408103,-0.49570678000772184,-6.498201068070033,-2.8897258807294093,-1.2969682764122243,2.625507937482025
-0.5180828035532876,-0.345644170408103,-0.49543123000726397,-6.497924438485032,-2.8895363432287984,-1.2968755514121484,2.6252688656058805
-0.517898403553593,-0.34573545790825544,-0.4954306675072636,-6.498231301538709,-2.8899154182300193,-1.296782826412072,2.6252688656058805
-0.5178062035537456,-0.34573545790825544,-0.4956143675075687,-6.498078044179828,-2.8897258807294093,-1.2968755514121484,2.6252210512306524
-0.518175003553135,-0.34573545790825544,-0.4957062175077215,-6.498196635815577,-2.8899154182300193,-1.2968755514121484,2.6253644943563383
-0.5180828035532876,-0.34555288290795017,-0.49524809250695834,-6.498345460920001,-2.8897258807294093,-1.296782826412072,2.6252688656058805
-0.517898403553593,-0.34555288290795017,-0.4953399425071111,-6.498499066614799,-2.8895363432287984,-1.2973391764125295,2.6253166799811094
-0.518175003553135,-0.345644170408103,-0.4955230800074163,-6.498652672309595,-2.8897258807294093,-1.2968755514121484,2.625460123106796
-0.5180828035532876,-0.34537030790764534,-0.4950655175066535,-6.498529648419391,-2.8898206494797143,-1.2968755514121484,2.625460123106796
-0.51819977561317,-0.34573545790825544,-0.4956143675075687,-6.498376391060511,-2.89029449323124,-1.2963192014116904,2.625603566232483
-0.51819977561317,-0.34555288290795017,-0.49543179250726344,-6.498836859808985,-2.8898206494797143,-1.2971537264123771,2.6253644943563383
-0.5184763756127124,-0.345644170408103,-0.49543123000726397,-6.4985911603644935,-2.8896311119791043,-1.2969682764122243,2.6253644943563383
-0.5183841756128651,-0.34567566191425403,-0.4955230800074163,-6.498652672309595,-2.8898206494797143,-1.2965973764119192,2.6252688656058805
-0.5185685756125598,-0.34558437441410117,-0.495615492507569,-6.4987756961998,-2.8897258807294093,-1.2965973764119192,2.6253644943563383
-0.5186607756124071,-0.3458582369145593,-0.49579750500787434,-6.498529996755307,-2.8897258807294093,-1.2969682764122243,2.6253166799811094
-0.5182919756130173,-0.34558437441410117,-0.49524809250695834,-6.49871383591878,-2.8897258807294093,-1.2971537264123771,2.6254123087315673
-0.5185685756125598,-0.34567566191425403,-0.49543123000726397,-6.4985911603644935,-2.8896311119791043,-1.2968755514121484,2.6254123087315673
-0.5183841756128651,-0.3458582369145593,-0.49561380500756924,-6.498775347863883,-2.8898206494797143,-1.2964119264117668,2.6252210512306524
-0.5182919756130173,-0.34570715342040503,-0.49543123000726397,-6.498683254114188,-2.8897258807294093,-1.2970610014123007,2.6253644943563383
-0.5186607756124071,-0.34570715342040503,-0.49543123000726397,-6.4985911603644935,-2.8900101869803243,-1.2964119264117668,2.6253166799811094
-0.5182919756130173,-0.3456158659202522,-0.49543179250726344,-6.498836859808985,-2.8901049557306293,-1.2965973764119192,2.625460123106796
-0.5184763756127124,-0.3459810159208627,-0.4956132425075689,-6.498621742169085,-2.8897258807294093,-1.2970610014123007,2.6252688656058805
-0.5185685756125598,-0.3458897284207103,-0.49570565500772157,-6.49874476605929,-2.8899154182300193,-1.2969682764122243,2.6253644943563383
-0.5185685756125598,-0.34579844092055745,-0.4955225175074164,-6.499016615053918,-2.8899154182300193,-1.2968755514121484,2.6253166799811094
-0.5182919756130173,-0.34579844092055745,-0.4957062175077215,-6.4995080139429025,-2.8897258807294093,-1.2968755514121484,2.6253644943563383
-0.5185685756125598,-0.34570715342040503,-0.49543123000726397,-6.499108708803614,-2.8895363432287984,-1.2968755514121484,2.6252210512306524
-0.5183841756128651,-0.3459810159208627,-0.495796942507874,-6.49907812699902,-2.8898206494797143,-1.296782826412072,2.6252688656058805
-0.5186607756124071,-0.34579844092055745,-0.4954306675072636,-6.4988630093591215,-2.8894415744784934,-1.2968755514121484,2.6252688656058805
-0.5185685756125598,-0.34570715342040503,-0.49524753000695887,-6.499169872412798,-2.8896311119791043,-1.296782826412072,2.6253166799811094
-0.5186607756124071,-0.34579844092055745,-0.4954306675072636,-6.499047196858511,-2.8896311119791043,-1.2972464514124535,2.6252688656058805
-0.5182919756130173,-0.34570715342040503,-0.4953393800071112,-6.4991392906082055,-2.8896311119791043,-1.2971537264123771,2.6253166799811094
-0.5184763756127124,-0.34579844092055745,-0.4954306675072636,-6.499047196858511,-2.8898206494797143,-1.2969682764122243,2.6253644943563383
-0.5182919756130173,-0.34579844092055745,-0.4956143675075687,-6.499135206689667,-2.8898206494797143,-1.2968755514121484,2.6254123087315673
-0.5182919756130173,-0.3458897284207103,-0.49543010500726414,-6.49931904585314,-2.8895363432287984,-1.2973391764125295,2.6252210512306524
-0.5181075756133227,-0.34579844092055745,-0.4956143675075687,-6.499227300439362,-2.8894415744784934,-1.2969682764122243,2.6253644943563383
-0.51819977561317,-0.3458897284207103,-0.49552195500741647,-6.499288464048547,-2.8894415744784934,-1.2973391764125295,2.6253644943563383
-0.5182919756130173,-0.3456158659202522,-0.4955236425074162,-6.4995650936335485,-2.8896311119791043,-1.2969682764122243,2.6252688656058805
-0.5184763756127124,-0.3458897284207103,-0.49579750500787434,-6.499288812384464,-2.8897258807294093,-1.2969682764122243,2.6253166799811094
-0.5182919756130173,-0.3458897284207103,-0.49570565500772157,-6.499319394189056,-2.8900101869803243,-1.2970610014123007,2.6253644943563383
-0.51819977561317,-0.3458897284207103,-0.49579750500787434,-6.499472999883854,-2.8896311119791043,-1.2971537264123771,2.6253166799811094
-0.5181075756133227,-0.34579844092055745,-0.4954306675072636,-6.499380557798242,-2.8894415744784934,-1.2970610014123007,2.6253644943563383
-0.5181075756133227,-0.3458897284207103,-0.4958893550080271,-6.499534511828957,-2.8901049557306293,-1.2969682764122243,2.6254123087315673
-0.51819977561317,-0.3456158659202522,-0.49524809250695834,-6.499288464048547,-2.8900101869803243,-1.296782826412072,2.6253644943563383
-0.517923175613628,-0.34570715342040503,-0.4953393800071112,-6.499196370298852,-2.8897258807294093,-1.2970610014123007,2.6251732368554235
-0.5181075756133227,-0.34570715342040503,-0.4953393800071112,-6.499380557798242,-2.8896311119791043,-1.2969682764122243,2.6253166799811094
-0.5182919756130173,-0.3456158659202522,-0.49543179250726344,-6.499779862937531,-2.8899154182300193,-1.2970610014123007,2.6253644943563383
-0.51819977561317,-0.3459212199268613,-0.49579750500787434,-6.4995650936335485,-2.8895363432287984,-1.2970610014123007,2.6251732368554235
-0.5182919756130173,-0.3459212199268613,-0.49570565500772157,-6.499652755128787,-2.8900101869803243,-1.2969682764122243,2.6253166799811094
-0.5180153756134753,-0.34582993242670845,-0.4954306675072636,-6.499529731238583,-2.8898206494797143,-1.2968755514121484,2.6253166799811094
-0.5184763756127124,-0.34573864492655604,-0.4955230800074163,-6.499652755128787,-2.8896311119791043,-1.2972464514124535,2.6252688656058805
-0.51819977561317,-0.34582993242670845,-0.4956143675075687,-6.499836942628177,-2.8898206494797143,-1.2965973764119192,2.6253166799811094
-0.5182919756130173,-0.3460125074270137,-0.495796942507874,-6.500205317626956,-2.8896311119791043,-1.2972464514124535,2.6253166799811094
-0.5182919756130173,-0.34573864492655604,-0.49570678000772184,-6.499775779018992,-2.8897258807294093,-1.2970610014123007,2.6253644943563383
-0.5183841756128651,-0.346195082427319,-0.49588766750802693,-6.49968333693338,-2.8898206494797143,-1.2968755514121484,2.6253644943563383
-0.51819977561317,-0.3459212199268613,-0.49570565500772157,-6.499652755128787,-2.890199724480935,-1.2965973764119192,2.625555751857254
-0.5182919756130173,-0.34573864492655604,-0.4955230800074163,-6.499929036377872,-2.8900101869803243,-1.2969682764122243,2.6253166799811094
-0.5185685756125598,-0.34573864492655604,-0.4955230800074163,-6.499836942628177,-2.8900101869803243,-1.296782826412072,2.6253166799811094
-0.5181075756133227,-0.34582993242670845,-0.4955225175074164,-6.5000517119321595,-2.8901049557306293,-1.2968755514121484,2.6253166799811094
-0.5181075756133227,-0.34582993242670845,-0.4952469675069585,-6.499682988597463,-2.8900101869803243,-1.2969682764122243,2.6253644943563383
-0.51819977561317,-0.34573864492655604,-0.49543123000726397,-6.499924604123415,-2.8900101869803243,-1.2969682764122243,2.6253644943563383
-0.51819977561317,-0.3460125074270137,-0.495796942507874,-6.5001703035679075,-2.8898206494797143,-1.2968755514121484,2.6253644943563383
-0.5181075756133227,-0.34573864492655604,-0.4953393800071112,-6.4998630921783125,-2.8898206494797143,-1.2971537264123771,2.6252688656058805
-0.5182919756130173,-0.34567884893255413,-0.4949725425065009,-6.500046931341786,-2.8897258807294093,-1.2973391764125295,2.6253166799811094
-0.51819977561317,-0.3458614239328594,-0.4952469675069585,-6.499740068288109,-2.8899154182300193,-1.2971537264123771,2.6252210512306524
-0.5181075756133227,-0.3458614239328594,-0.4954306675072636,-6.499955185928009,-2.8893468057281884,-1.2975246264126823,2.6252688656058805
-0.5184763756127124,-0.34595271143301226,-0.49543010500726414,-6.499893673982907,-2.8897258807294093,-1.2966901014119956,2.6252688656058805
-0.5185685756125598,-0.3458614239328594,-0.4955225175074164,-6.499924604123415,-2.8904840307318502,-1.2964119264117668,2.625460123106796
-0.5184763756127124,-0.345770136432707,-0.49561493000756907,-6.500231815513009,-2.890199724480935,-1.296782826412072,2.6254123087315673
-0.5185685756125598,-0.345770136432707,-0.49561493000756907,-6.500231815513009,-2.8900101869803243,-1.2969682764122243,2.6253166799811094
-0.51819977561317,-0.34567884893255413,-0.49506439250665324,-6.500108443286888,-2.890389261981545,-1.2964119264117668,2.625507937482025
-0.5183167476730522,-0.3455875614324017,-0.495340505007111,-6.5001703035679075,-2.8900101869803243,-1.2968755514121484,2.6253166799811094
-0.5184089476729,-0.3458614239328594,-0.4956143675075687,-6.5001703035679075,-2.8901049557306293,-1.296782826412072,2.6254123087315673
-0.5184089476729,-0.3458614239328594,-0.4954306675072636,-6.500139373427398,-2.8901049557306293,-1.2968755514121484,2.6252688656058805
-0.518685547672442,-0.3458614239328594,-0.4956143675075687,-6.500319477008249,-2.8899154182300193,-1.2970610014123007,2.6253166799811094
-0.5185011476727474,-0.34595271143301226,-0.49570565500772157,-6.500319477008249,-2.8900101869803243,-1.2970610014123007,2.6252688656058805
-0.5183167476730522,-0.345770136432707,-0.49561493000756907,-6.500380988953351,-2.8901049557306293,-1.2968755514121484,2.6253644943563383
-0.5181323476733576,-0.3460439989331647,-0.495796942507874,-6.500503664507638,-2.8900101869803243,-1.2969682764122243,2.6252210512306524
-0.5183167476730522,-0.3458614239328594,-0.4953388175071113,-6.500319128672332,-2.8899154182300193,-1.2971537264123771,2.6252688656058805
-0.5185933476725947,-0.3458614239328594,-0.49579806750787425,-6.500442500898453,-2.8900101869803243,-1.2972464514124535,2.6252688656058805
-0.518685547672442,-0.3458614239328594,-0.4954306675072636,-6.500196453118044,-2.8901049557306293,-1.2971537264123771,2.6253166799811094
-0.5185933476725947,-0.34595271143301226,-0.49543010500726414,-6.500227034922637,-2.8898206494797143,-1.2972464514124535,2.6252688656058805
-0.5183167476730522,-0.3458614239328594,-0.4955225175074164,-6.500257965063147,-2.8900101869803243,-1.2970610014123007,2.6253644943563383
-0.5185011476727474,-0.345770136432707,-0.4955230800074163,-6.500319477008249,-2.89029449323124,-1.2964119264117668,2.6253644943563383
-0.518685547672442,-0.34595271143301226,-0.49552195500741647,-6.500380640617434,-2.8900101869803243,-1.2968755514121484,2.6253166799811094
-0.5185011476727474,-0.3458614239328594,-0.4956143675075687,-6.500227383258554,-2.8899154182300193,-1.2969682764122243,2.6253644943563383
-0.5184089476729,-0.3458614239328594,-0.4956143675075687,-6.500411570757944,-2.8900101869803243,-1.2968755514121484,2.6253644943563383
-0.5183167476730522,-0.3460439989331647,-0.4956132425075689,-6.500196453118044,-2.8895363432287984,-1.2973391764125295,2.6252210512306524
-0.518685547672442,-0.34595271143301226,-0.49552195500741647,-6.500472734367128,-2.8900101869803243,-1.2968755514121484,2.6253644943563383
-0.5183167476730522,-0.34595271143301226,-0.49570565500772157,-6.500503664507638,-2.890768336982766,-1.2960410264114617,2.6254123087315673
-0.5185011476727474,-0.345770136432707,-0.49561493000756907,-6.500657270202435,-2.8904840307318502,-1.2965973764119192,2.6253644943563383
-0.5185011476727474,-0.3460754904393157,-0.49570509250772166,-6.500350058812842,-2.8898206494797143,-1.2972464514124535,2.6253644943563383
-0.5185011476727474,-0.3458929154390104,-0.4954306675072636,-6.500380640617434,-2.8898206494797143,-1.296782826412072,2.6253644943563383
-0.5184089476729,-0.3458929154390104,-0.4954306675072636,-6.500529814057774,-2.8899154182300193,-1.2973391764125295,2.6254123087315673
-0.5184089476729,-0.34598420293916327,-0.49543010500726414,-6.500284114613283,-2.8901049557306293,-1.2969682764122243,2.6253644943563383
-0.5183167476730522,-0.3460754904393157,-0.49552139250741656,-6.500652489612063,-2.890389261981545,-1.296782826412072,2.6254123087315673
-0.5184089476729,-0.34625806543962095,-0.49579581750787416,-6.500529814057774,-2.890199724480935,-1.296782826412072,2.6253644943563383
-0.5185011476727474,-0.3460754904393157,-0.4956132425075689,-6.50043772030808,-2.890389261981545,-1.2966901014119956,2.625460123106796
-0.5183167476730522,-0.34598420293916327,-0.49552195500741647,-6.500621907807469,-2.8899154182300193,-1.2971537264123771,2.6252688656058805
-0.5183167476730522,-0.34571034043870513,-0.49524809250695834,-6.500898189056555,-2.8900101869803243,-1.296782826412072,2.6252210512306524
-0.5184089476729,-0.34598420293916327,-0.49552195500741647,-6.500714001557165,-2.8901049557306293,-1.2969682764122243,2.6254123087315673
-0.5184089476729,-0.34625806543962095,-0.4961632175084848,-6.500960049337574,-2.8897258807294093,-1.2973391764125295,2.6251732368554235
-0.5184089476729,-0.3461667779394681,-0.49579638000787407,-6.500683419752572,-2.8898206494797143,-1.2971537264123771,2.6253644943563383
-0.5184089476729,-0.3458929154390104,-0.4954306675072636,-6.500898189056555,-2.8904840307318502,-1.296782826412072,2.6251732368554235
-0.5185011476727474,-0.345801627938858,-0.4951556800068061,-6.50077516516635,-2.8898206494797143,-1.296782826412072,2.6253644943563383
-0.5185011476727474,-0.3460754904393157,-0.4956132425075689,-6.500898189056555,-2.890199724480935,-1.2970610014123007,2.6253166799811094
-0.5184089476729,-0.34598420293916327,-0.49552195500741647,-6.500771081247811,-2.89029449323124,-1.2970610014123007,2.6252210512306524
-0.5184089476729,-0.3458929154390104,-0.4954306675072636,-6.500771081247811,-2.890199724480935,-1.2969682764122243,2.6253644943563383
-0.5185933476725947,-0.34598420293916327,-0.49552195500741647,-6.500771081247811,-2.89029449323124,-1.2968755514121484,2.625507937482025
-0.5188699476721371,-0.34598420293916327,-0.49543010500726414,-6.500617475553014,-2.89029449323124,-1.2968755514121484,2.6253166799811094
-0.5189621476719845,-0.3461667779394681,-0.49579638000787407,-6.501108874441997,-2.8904840307318502,-1.2965046514118432,2.6252688656058805
-0.5185011476727474,-0.34598420293916327,-0.49561380500756924,-6.500924686942608,-2.890389261981545,-1.296782826412072,2.6253644943563383
-0.518685547672442,-0.3460754904393157,-0.4956132425075689,-6.500863174997505,-2.890199724480935,-1.296782826412072,2.6253166799811094
-0.5185933476725947,-0.3458929154390104,-0.4954306675072636,-6.500863174997505,-2.8899154182300193,-1.2971537264123771,2.6254123087315673
-0.5185933476725947,-0.34598420293916327,-0.49561380500756924,-6.5008325931929125,-2.8899154182300193,-1.2973391764125295,2.6252210512306524
-0.518685547672442,-0.3460754904393157,-0.49570509250772166,-6.500924686942608,-2.8897258807294093,-1.2973391764125295,2.6250297937297367
-0.5185011476727474,-0.3461667779394681,-0.4958882300080264,-6.501262480136794,-2.8898206494797143,-1.2969682764122243,2.6252688656058805
-0.518685547672442,-0.34644064043992623,-0.4962539425086373,-6.501231898332202,-2.8899154182300193,-1.2969682764122243,2.6253644943563383
-0.5185011476727474,-0.3460754904393157,-0.4956132425075689,-6.5010473624968945,-2.8900101869803243,-1.2968755514121484,2.6253644943563383
-0.5185011476727474,-0.3461069819454667,-0.49552139250741656,-6.500709569302709,-2.8897258807294093,-1.2973391764125295,2.6253644943563383
-0.5185011476727474,-0.34601569444531427,-0.49533825500711137,-6.500924338606691,-2.8900101869803243,-1.2969682764122243,2.6252688656058805
-0.5185011476727474,-0.3459244069451614,-0.4954306675072636,-6.5010473624968945,-2.8901049557306293,-1.2968755514121484,2.6253644943563383
-0.5183167476730522,-0.3459244069451614,-0.4954306675072636,-6.5010473624968945,-2.8901049557306293,-1.2969682764122243,2.6252688656058805
-0.5185933476725947,-0.3461069819454667,-0.49570509250772166,-6.501016780692303,-2.890199724480935,-1.2970610014123007,2.625460123106796
-0.5184089476729,-0.3461069819454667,-0.4956132425075689,-6.500771081247811,-2.8900101869803243,-1.2971537264123771,2.6252210512306524
-0.5185011476727474,-0.34601569444531427,-0.49552195500741647,-6.501139456246589,-2.8901049557306293,-1.2969682764122243,2.6253644943563383
-0.5184089476729,-0.3459244069451614,-0.4955225175074164,-6.501108874441997,-2.8901049557306293,-1.2968755514121484,2.6252210512306524
-0.5185011476727474,-0.3461982694456191,-0.495612680007569,-6.500801663052403,-2.8899154182300193,-1.2971537264123771,2.6252688656058805
-0.5183167476730522,-0.3461069819454667,-0.4956132425075689,-6.501012348437847,-2.8900101869803243,-1.2968755514121484,2.6253644943563383
-0.5183167476730522,-0.3461069819454667,-0.4956132425075689,-6.501196535937236,-2.8899154182300193,-1.2971537264123771,2.6252688656058805
-0.5183167476730522,-0.34601569444531427,-0.49543010500726414,-6.501227117741829,-2.89029449323124,-1.2968755514121484,2.6254123087315673
-0.5185933476725947,-0.3461069819454667,-0.4956132425075689,-6.501380723436625,-2.8901049557306293,-1.2969682764122243,2.6253644943563383
-0.5184089476729,-0.3461982694456191,-0.4957045300077213,-6.501196535937236,-2.8900101869803243,-1.2969682764122243,2.6253644943563383
-0.5185011476727474,-0.3461069819454667,-0.49552139250741656,-6.5013192114915235,-2.8901049557306293,-1.2971537264123771,2.6252688656058805
-0.5182245476732049,-0.345833119445009,-0.49512938172576115,-6.501073512047032,-2.890199724480935,-1.2969682764122243,2.6253644943563383
-0.5183167476730522,-0.345833119445009,-0.49512938172576115,-6.5015339807955055,-2.89029449323124,-1.2969682764122243,2.6252688656058805
-0.5183167476730522,-0.34601569444531427,-0.4954038067262192,-6.501227117741829,-2.890389261981545,-1.2968755514121484,2.625460123106796
-0.5181323476733576,-0.34628955694577196,-0.4956776692266769,-6.500950836492745,-2.8898206494797143,-1.2969682764122243,2.6253644943563383
-0.5182245476732049,-0.3461069819454667,-0.49558694422652394,-6.501196535937236,-2.890199724480935,-1.2969682764122243,2.6253166799811094
-0.5180401476735103,-0.34601569444531427,-0.4954956567263715,-6.501288629686931,-2.890199724480935,-1.296782826412072,2.6253644943563383
-0.5181571197333926,-0.34601569444531427,-0.4954956567263715,-6.501380723436625,-2.8901049557306293,-1.2968755514121484,2.6253644943563383
-0.51824931973324,-0.3459244069451614,-0.49540436922621867,-6.50147281718632,-2.8900101869803243,-1.2973391764125295,2.6253644943563383
-0.5181571197333926,-0.3461384734516177,-0.49558694422652394,-6.501196535937236,-2.890199724480935,-1.296782826412072,2.6253644943563383
-0.5180649197335453,-0.3461384734516177,-0.49558694422652394,-6.501012348437847,-2.8899154182300193,-1.2971537264123771,2.6252688656058805
-0.517972719733698,-0.3460471859514653,-0.4954956567263715,-6.501288629686931,-2.8900101869803243,-1.2971537264123771,2.6253644943563383
-0.51824931973324,-0.3460471859514653,-0.4953119567260664,-6.501349793296116,-2.8901049557306293,-1.2969682764122243,2.6253644943563383
-0.5181571197333926,-0.3461384734516177,-0.4954950942263716,-6.501411305241218,-2.890199724480935,-1.296782826412072,2.625555751857254
-0.5183415197330873,-0.3460471859514653,-0.4954956567263715,-6.501380723436625,-2.89029449323124,-1.296782826412072,2.6253644943563383
-0.51824931973324,-0.3460471859514653,-0.4953119567260664,-6.501683154235847,-2.8905787994821552,-1.2966901014119956,2.6252688656058805
-0.51824931973324,-0.3462297609517701,-0.4959537817271342,-6.501530245212884,-2.890199724480935,-1.2972464514124535,2.6253644943563383
-0.5183415197330873,-0.34586461095116,-0.49531308172606625,-6.501529896876966,-2.8904840307318502,-1.2968755514121484,2.6253644943563383
-0.5181571197333926,-0.3459558984513124,-0.49549621922637144,-6.501499315072374,-2.890199724480935,-1.2969682764122243,2.6252688656058805
-0.5181571197333926,-0.3461384734516177,-0.49558694422652394,-6.501714084376356,-2.8898206494797143,-1.2973391764125295,2.6252210512306524
-0.51824931973324,-0.34577332345100714,-0.4952217942259134,-6.501345709377577,-2.89029449323124,-1.2969682764122243,2.625460123106796
-0.51824931973324,-0.3459558984513124,-0.49531251922606634,-6.501468384931864,-2.8898206494797143,-1.2973391764125295,2.6253644943563383
-0.517972719733698,-0.3460471859514653,-0.4954956567263715,-6.5014378031272715,-2.89029449323124,-1.2968755514121484,2.6254123087315673
-0.517972719733698,-0.3460471859514653,-0.4954956567263715,-6.501529896876966,-2.8901049557306293,-1.2972464514124535,2.6253166799811094
-0.5181571197333926,-0.3462297609517701,-0.49567823172667635,-6.501529896876966,-2.890199724480935,-1.2968755514121484,2.6253644943563383
-0.5181571197333926,-0.3461384734516177,-0.49558694422652394,-6.501345709377577,-2.8900101869803243,-1.2968755514121484,2.6253166799811094
-0.5183415197330873,-0.34632104845192296,-0.4956776692266769,-6.5013762911821695,-2.890389261981545,-1.2965046514118432,2.6254123087315673
-0.5181571197333926,-0.3462297609517701,-0.49567823172667635,-6.501529896876966,-2.8901049557306293,-1.2970610014123007,2.6253644943563383
-0.5180649197335453,-0.34586461095116,-0.4950375317256088,-6.501345361041659,-2.89029449323124,-1.2969682764122243,2.6253166799811094
-0.5181571197333926,-0.3461384734516177,-0.4956787942266767,-6.501591408822069,-2.890199724480935,-1.2972464514124535,2.6254123087315673
-0.5181571197333926,-0.3462297609517701,-0.49549453172637126,-6.501498966736456,-2.8905787994821552,-1.2971537264123771,2.6253166799811094
-0.517972719733698,-0.3460471859514653,-0.4954956567263715,-6.5014378031272715,-2.89029449323124,-1.2972464514124535,2.6253166799811094
-0.5181571197333926,-0.34632104845192296,-0.4957695192268292,-6.501621990626661,-2.8899154182300193,-1.2972464514124535,2.6253644943563383
-0.517972719733698,-0.3460471859514653,-0.4954956567263715,-6.501621990626661,-2.8904840307318502,-1.2969682764122243,2.6252688656058805
-0.5178805197338506,-0.3461384734516177,-0.4954950942263716,-6.5017096521218996,-2.8901049557306293,-1.2971537264123771,2.6252688656058805
-0.5178805197338506,-0.3461384734516177,-0.4956787942266767,-6.5020168635114945,-2.890389261981545,-1.2969682764122243,2.6254123087315673
-0.5178805197338506,-0.3460471859514653,-0.4954038067262192,-6.501893839621291,-2.89029449323124,-1.2969682764122243,2.6253644943563383
-0.5181571197333926,-0.3462297609517701,-0.49549453172637126,-6.501832327676188,-2.8904840307318502,-1.296782826412072,2.6253166799811094
-0.517972719733698,-0.3459558984513124,-0.49540436922621867,-6.501863257816698,-2.8905787994821552,-1.2969682764122243,2.6253644943563383
-0.5177883197340029,-0.3464123359520754,-0.4960445067272867,-6.501802094207512,-2.89029449323124,-1.296782826412072,2.6252688656058805
-0.5181571197333926,-0.3460471859514653,-0.4954956567263715,-6.501679070317307,-2.8904840307318502,-1.2969682764122243,2.6252688656058805
-0.5180649197335453,-0.3461384734516177,-0.49540324422621884,-6.501740233926493,-2.8901049557306293,-1.2968755514121484,2.6252688656058805
-0.517972719733698,-0.34632104845192296,-0.4959532192271343,-6.501894187957206,-2.8904840307318502,-1.2969682764122243,2.6252210512306524
-0.5178805197338506,-0.3461384734516177,-0.4956787942266767,-6.5019247697618,-2.890389261981545,-1.2971537264123771,2.6254123087315673
-0.517972719733698,-0.3460471859514653,-0.4954038067262192,-6.501801745871596,-2.8904840307318502,-1.2971537264123771,2.6253166799811094
-0.5181571197333926,-0.3460471859514653,-0.4954956567263715,-6.501955351566393,-2.89029449323124,-1.2968755514121484,2.6252688656058805
-0.5180649197335453,-0.3460471859514653,-0.4953119567260664,-6.501740233926493,-2.8904840307318502,-1.2969682764122243,2.6253644943563383
-0.5180649197335453,-0.3462297609517701,-0.49567823172667635,-6.5017711640670015,-2.8899154182300193,-1.2973391764125295,2.6252688656058805
-0.5178805197338506,-0.3460471859514653,-0.4955875067265243,-6.501832676012104,-2.8901049557306293,-1.2971537264123771,2.6252688656058805
-0.5177883197340029,-0.3459558984513124,-0.49540436922621867,-6.501955351566393,-2.89029449323124,-1.2969682764122243,2.6253166799811094
-0.517972719733698,-0.3461384734516177,-0.49558694422652394,-6.501955351566393,-2.8904840307318502,-1.2970610014123007,2.6253644943563383
-0.5180649197335453,-0.3462612524579211,-0.49567823172667635,-6.5017711640670015,-2.8904840307318502,-1.296782826412072,2.6252688656058805
-0.5181571197333926,-0.3464438274582264,-0.49567710672667653,-6.501648140176798,-2.890863105733071,-1.296226476411614,2.6253166799811094
-0.5181571197333926,-0.3461699649577687,-0.49540324422621884,-6.501832327676188,-2.8901049557306293,-1.2970610014123007,2.6253644943563383
-0.517972719733698,-0.345896102457311,-0.4950375317256088,-6.501678721981391,-2.8901049557306293,-1.2973391764125295,2.6251732368554235
-0.5180649197335453,-0.34580481495715815,-0.49512994422576107,-6.501801745871596,-2.8904840307318502,-1.2969682764122243,2.6253644943563383
-0.5181571197333926,-0.3459873899574634,-0.49549621922637144,-6.5020168635114945,-2.8897258807294093,-1.2972464514124535,2.6252210512306524
-0.5180649197335453,-0.3461699649577687,-0.49558694422652394,-6.502047445316087,-2.890199724480935,-1.2970610014123007,2.6252688656058805
-0.51824931973324,-0.3460786774576163,-0.4953119567260664,-6.501889407366834,-2.89029449323124,-1.2969682764122243,2.6252210512306524
-0.5181571197333926,-0.3460786774576163,-0.4954956567263715,-6.501920337507343,-2.8904840307318502,-1.2969682764122243,2.6254123087315673
-0.5183415197330873,-0.34653511495837924,-0.49604394422728726,-6.50188975570275,-2.8905787994821552,-1.2965973764119192,2.6253644943563383
-0.51824931973324,-0.3461699649577687,-0.49540324422621884,-6.5019815011165285,-2.890389261981545,-1.2968755514121484,2.6254123087315673
-0.51824931973324,-0.3461699649577687,-0.49540324422621884,-6.5019815011165285,-2.890389261981545,-1.2969682764122243,2.6252210512306524
-0.51824931973324,-0.345896102457311,-0.4952212317259139,-6.502043013061631,-2.8904840307318502,-1.2968755514121484,2.6253644943563383
-0.51824931973324,-0.3459873899574634,-0.49512881922576124,-6.501643707922343,-2.89029449323124,-1.2970610014123007,2.6251254224801945
-0.5183415197330873,-0.34635253995807397,-0.4957695192268292,-6.502196618756428,-2.8904840307318502,-1.296782826412072,2.6253166799811094
-0.5183415197330873,-0.3462612524579211,-0.49558638172652403,-6.502135106811326,-2.8904840307318502,-1.2968755514121484,2.6253166799811094
-0.5181571197333926,-0.3461699649577687,-0.4954950942263716,-6.502043013061631,-2.8904840307318502,-1.2971537264123771,2.6253644943563383
-0.5183415197330873,-0.34635253995807397,-0.4960450692272871,-6.50228906084204,-2.8901049557306293,-1.2973391764125295,2.6252210512306524
-0.51824931973324,-0.34635253995807397,-0.4957695192268292,-6.502012431257039,-2.8900101869803243,-1.2968755514121484,2.6252688656058805
-0.5181571197333926,-0.3461699649577687,-0.4953113942260665,-6.5019199891714266,-2.89029449323124,-1.2970610014123007,2.6253166799811094
-0.5183415197330873,-0.3461699649577687,-0.49558694422652394,-6.502288712506123,-2.8905787994821552,-1.2968755514121484,2.6252210512306524
-0.5183415197330873,-0.3462612524579211,-0.49558638172652403,-6.502043013061631,-2.890673568232461,-1.296782826412072,2.6253166799811094
-0.5183662917931222,-0.3462612524579211,-0.49567823172667635,-6.502012431257039,-2.890673568232461,-1.2970610014123007,2.6254123087315673
-0.5183662917931222,-0.34635253995807397,-0.4956776692266769,-6.501950919311937,-2.8900101869803243,-1.2971537264123771,2.6252688656058805
-0.5183662917931222,-0.34635253995807397,-0.4957695192268292,-6.5018282437576485,-2.8904840307318502,-1.2968755514121484,2.6252688656058805
-0.5181818917934276,-0.34635253995807397,-0.495861369226982,-6.501981849452445,-2.890957874483376,-1.2964119264117668,2.625603566232483
-0.5179052917938856,-0.3460786774576163,-0.4954038067262192,-6.501858825562241,-2.8904840307318502,-1.2968755514121484,2.6253166799811094
-0.5179052917938856,-0.3460786774576163,-0.49512825672576133,-6.502134758475409,-2.890389261981545,-1.2969682764122243,2.6253644943563383
-0.5179974917937329,-0.3460786774576163,-0.4953119567260664,-6.502349876115309,-2.8904840307318502,-1.2970610014123007,2.6253166799811094
-0.5178130917940378,-0.3459873899574634,-0.49540436922621867,-6.502104525006733,-2.890199724480935,-1.2971537264123771,2.6252210512306524
-0.5181818917934276,-0.34635253995807397,-0.4955858192265241,-6.5019815011165285,-2.890673568232461,-1.2965973764119192,2.6252688656058805
-0.5179974917937329,-0.3461699649577687,-0.4954950942263716,-6.502043013061631,-2.890957874483376,-1.2965046514118432,2.6253644943563383
-0.5179052917938856,-0.3460786774576163,-0.49512825672576133,-6.502042664725714,-2.8904840307318502,-1.2970610014123007,2.6253166799811094
-0.5179974917937329,-0.34635253995807397,-0.4956776692266769,-6.501858825562241,-2.8898206494797143,-1.2973391764125295,2.6251732368554235
-0.5179974917937329,-0.3461699649577687,-0.49558694422652394,-6.502345792196769,-2.8904840307318502,-1.2968755514121484,2.6252688656058805
-0.5179052917938856,-0.3459873899574634,-0.49531251922606634,-6.502560561500752,-2.8904840307318502,-1.2969682764122243,2.6252688656058805
-0.5179052917938856,-0.3462612524579211,-0.49549453172637126,-6.502314862056259,-2.8904840307318502,-1.2971537264123771,2.6253166799811094
-0.5180896917935802,-0.3461699649577687,-0.49558694422652394,-6.502345792196769,-2.8904840307318502,-1.2969682764122243,2.6252688656058805
-0.5181818917934276,-0.346384031464225,-0.4956776692266769,-6.502468467751056,-2.890957874483376,-1.2964119264117668,2.6253644943563383
-0.5180896917935802,-0.3462927439640721,-0.49531083172606616,-6.5024681194151395,-2.890389261981545,-1.2969682764122243,2.6252688656058805
-0.5181818917934276,-0.345927593963462,-0.49512938172576115,-6.502222768306565,-2.8905787994821552,-1.2969682764122243,2.6253644943563383
-0.51845849179297,-0.3462927439640721,-0.49558638172652403,-6.502376374001361,-2.890389261981545,-1.2970610014123007,2.6251732368554235
-0.5182740917932749,-0.3462927439640721,-0.49558638172652403,-6.502284280251667,-2.8904840307318502,-1.2969682764122243,2.6252688656058805
-0.43378946478260744,-0.29675445966723507,-0.4932479506313671,-6.060559811982929,-2.5034822882369747,-1.2971537264123771,2.6605297930600527
-0.43378946478260744,-0.2965718846669298,-0.49306537563106184,-6.060559811982929,-2.5036718257375847,-1.2969682764122243,2.6607688649361974
-0.4336050647829128,-0.2965718846669298,-0.492789825630604,-6.060467369897317,-2.5037665944878897,-1.2968755514121484,2.6607210505609684
-0.43378946478260744,-0.29666317216708266,-0.49306481313106193,-6.060498300037827,-2.5041456694891107,-1.2966901014119956,2.6607688649361974
-0.43378946478260744,-0.2963893096666245,-0.49288280063075657,-6.060651905732624,-2.5043352069897207,-1.2964119264117668,2.6608166793114263
-0.43378946478260744,-0.2965718846669298,-0.49306537563106184,-6.060559811982929,-2.5040509007388057,-1.2968755514121484,2.6608166793114263
-0.43378946478260744,-0.2963893096666245,-0.4927909506306038,-6.060498300037827,-2.5042404382394157,-1.2964119264117668,2.6607688649361974
-0.4336972647827601,-0.29675445966723507,-0.49297240063090925,-6.060467369897317,-2.5040509007388057,-1.296782826412072,2.6608166793114263
-0.4336050647829128,-0.2963893096666245,-0.4927909506306038,-6.060498300037827,-2.5039561319885006,-1.2966901014119956,2.6608166793114263
-0.43378946478260744,-0.2965718846669298,-0.49315722563121417,-6.060437136428643,-2.5043352069897207,-1.2964119264117668,2.6606732361857395
-0.43351286478306544,-0.2965718846669298,-0.49306537563106184,-6.060559811982929,-2.5037665944878897,-1.296782826412072,2.6607688649361974
-0.43397386478230254,-0.2965718846669298,-0.492789825630604,-6.060467369897317,-2.5045247444903316,-1.2965046514118432,2.6607688649361974
-0.43378946478260744,-0.2965718846669298,-0.49297352563090907,-6.060406206288133,-2.5039561319885006,-1.2970610014123007,2.6607688649361974
-0.43378946478260744,-0.2964805971667774,-0.49269853813045156,-6.060226102707282,-2.5041456694891107,-1.2965046514118432,2.6608644936866552
-0.43378946478260744,-0.29666317216708266,-0.4933403631315198,-6.060625756182487,-2.5039561319885006,-1.2968755514121484,2.6607688649361974
-0.4336972647827601,-0.29666317216708266,-0.49306481313106193,-6.060349126597487,-2.5040509007388057,-1.296782826412072,2.6608644936866552
-0.43378946478260744,-0.2963893096666245,-0.4929746506309089,-6.060380056737996,-2.5040509007388057,-1.2965973764119192,2.6607210505609684
-0.4336050647829128,-0.29666317216708266,-0.49327481141241203,-6.060564244237385,-2.5036718257375847,-1.2972464514124535,2.6608166793114263
-0.43378946478260744,-0.29666317216708266,-0.4933666614125648,-6.060533662432793,-2.5038613632381947,-1.2968755514121484,2.6608644936866552
-0.4336972647827601,-0.29666317216708266,-0.4931829614122597,-6.060502732292283,-2.5039561319885006,-1.2969682764122243,2.6607688649361974
-0.4336972647827601,-0.2964805971667774,-0.49309223641210675,-6.0607484317367755,-2.5041456694891107,-1.296782826412072,2.6608644936866552
-0.43397386478230254,-0.2965718846669298,-0.49327537391241194,-6.060257381183709,-2.5041456694891107,-1.296782826412072,2.6608166793114263
-0.4336972647827601,-0.2965718846669298,-0.49345907391271704,-6.060840873822386,-2.5039561319885006,-1.296782826412072,2.6608166793114263
-0.43378946478260744,-0.29663168066093165,-0.49327481141241203,-6.060287962988301,-2.5039561319885006,-1.296782826412072,2.6607688649361974
-0.43378946478260744,-0.29663168066093165,-0.49345851141271757,-6.0605030806282,-2.5040509007388057,-1.2968755514121484,2.6608166793114263
-0.43378946478260744,-0.29663168066093165,-0.4933666614125648,-6.060625756182487,-2.5037665944878897,-1.2968755514121484,2.660960122437112
-0.43378946478260744,-0.2965403931607788,-0.49318352391225917,-6.060564244237385,-2.5039561319885006,-1.2965973764119192,2.6608644936866552
-0.4336972647827601,-0.29672296816108407,-0.4934579489127172,-6.060441568683098,-2.5040509007388057,-1.2968755514121484,2.6607688649361974
-0.43378946478260744,-0.29663168066093165,-0.49327481141241203,-6.060472150487691,-2.5039561319885006,-1.2969682764122243,2.6607688649361974
-0.43378946478260744,-0.2965403931607788,-0.49309167391210684,-6.060410638542589,-2.5041456694891107,-1.2965973764119192,2.6607688649361974
-0.4336050647829128,-0.2964491056606264,-0.4932759364124123,-6.060687268127589,-2.5042404382394157,-1.2968755514121484,2.6608166793114263
-0.4336050647829128,-0.2965403931607788,-0.4933672239125647,-6.0605951743778945,-2.5041456694891107,-1.2965046514118432,2.6608644936866552
-0.4336050647829128,-0.2964491056606264,-0.4931840864122595,-6.060349474933403,-2.5039561319885006,-1.2969682764122243,2.6608644936866552
-0.4336050647829128,-0.2965403931607788,-0.49327537391241194,-6.060441568683098,-2.5042404382394157,-1.2964119264117668,2.6607210505609684
-0.43378946478260744,-0.2963578181604735,-0.49290909891180157,-6.060226451043199,-2.5035770569872797,-1.2970610014123007,2.6606732361857395
-0.4336972647827601,-0.29672296816108407,-0.4936416489130223,-6.0603804050739125,-2.5039561319885006,-1.2968755514121484,2.6607210505609684
-0.4336050647829128,-0.29663168066093165,-0.49345851141271757,-6.0605030806282,-2.5037665944878897,-1.2965973764119192,2.6607210505609684
-0.4336050647829128,-0.2965403931607788,-0.49364277391302214,-6.060503428964117,-2.5039561319885006,-1.2971537264123771,2.6607688649361974
-0.43378946478260744,-0.2965403931607788,-0.49327537391241194,-6.060441568683098,-2.5042404382394157,-1.2968755514121484,2.6607210505609684
-0.43378946478260744,-0.2965403931607788,-0.49327537391241194,-6.060257381183709,-2.5038613632381947,-1.2969682764122243,2.6607688649361974
-0.4336050647829128,-0.2963578181604735,-0.49309279891210667,-6.060257381183709,-2.5037665944878897,-1.2965046514118432,2.6608644936866552
-0.43378946478260744,-0.29663168066093165,-0.49327481141241203,-6.060380056737996,-2.5040509007388057,-1.2966901014119956,2.6609123080618833
-0.43397386478230254,-0.2965403931607788,-0.49318352391225917,-6.060046695798266,-2.5035770569872797,-1.2971537264123771,2.6606254218105105
-0.4336050647829128,-0.29663168066093165,-0.4931829614122597,-6.060261465102247,-2.5035770569872797,-1.2970610014123007,2.6607688649361974
-0.4336050647829128,-0.2965403931607788,-0.49318352391225917,-6.06032297704735,-2.5038613632381947,-1.2968755514121484,2.6607210505609684
-0.43378946478260744,-0.2965403931607788,-0.49318352391225917,-6.060138789547961,-2.5040509007388057,-1.2968755514121484,2.6608166793114263
-0.4336972647827601,-0.29663168066093165,-0.49327481141241203,-6.05995460204857,-2.5043352069897207,-1.2965046514118432,2.661007936812341
-0.43471146478108164,-0.2973619806621523,-0.4947399114148535,-6.060078322610609,-2.5039561319885006,-1.2969682764122243,2.6606254218105105
-0.43351286478306544,-0.29663168066093165,-0.4933666614125648,-6.060108207743368,-2.5039561319885006,-1.2969682764122243,2.6608644936866552
-0.4336050647829128,-0.2962665306603211,-0.4929096614118015,-6.060046695798266,-2.5041456694891107,-1.2966901014119956,2.6609123080618833
-0.4336972647827601,-0.2965403931607788,-0.49309167391210684,-6.059985183853163,-2.5041456694891107,-1.296782826412072,2.6607688649361974
-0.4336050647829128,-0.29663168066093165,-0.4933666614125648,-6.060108207743368,-2.5040509007388057,-1.296782826412072,2.6607688649361974
-0.43378946478260744,-0.2963578181604735,-0.49290909891180157,-6.060169371352552,-2.5040509007388057,-1.296782826412072,2.6607210505609684
-0.43378946478260744,-0.2963578181604735,-0.49309279891210667,-6.060108207743368,-2.5039561319885006,-1.296782826412072,2.6607688649361974
-0.4336972647827601,-0.2965403931607788,-0.4933672239125647,-6.060169719688471,-2.5042404382394157,-1.2965046514118432,2.660960122437112
-0.43378946478260744,-0.2965403931607788,-0.4933672239125647,-6.060261813438165,-2.5039561319885006,-1.296782826412072,2.6607210505609684
-0.43388166478245477,-0.29663168066093165,-0.49327481141241203,-6.060230883297655,-2.5039561319885006,-1.296782826412072,2.6607688649361974
-0.4336050647829128,-0.2964491056606264,-0.49309223641210675,-6.06032297704735,-2.5039561319885006,-1.296782826412072,2.6607688649361974
-0.4336972647827601,-0.2965403931607788,-0.49345907391271704,-6.060323325383267,-2.5037665944878897,-1.2965973764119192,2.6608166793114263
-0.4336050647829128,-0.2963578181604735,-0.4930009489119539,-6.060046695798266,-2.5039561319885006,-1.2968755514121484,2.6606732361857395
-0.4336972647827601,-0.2964491056606264,-0.4930003864119544,-6.060261465102247,-2.5038613632381947,-1.2965973764119192,2.6608644936866552
-0.4336050647829128,-0.2965403931607788,-0.49327537391241194,-6.0602003014930625,-2.5040509007388057,-1.2969682764122243,2.6609123080618833
-0.43378946478260744,-0.29663168066093165,-0.4935503614128699,-6.060415419132962,-2.5039561319885006,-1.2965973764119192,2.6607210505609684
-0.4336050647829128,-0.2963578181604735,-0.49309279891210667,-6.060016113993672,-2.5039561319885006,-1.2968755514121484,2.6607688649361974
-0.43351286478306544,-0.2964176141544754,-0.49309223641210675,-6.060138789547961,-2.5040509007388057,-1.2970610014123007,2.6606732361857395
-0.4336972647827601,-0.2965089016546278,-0.49309167391210684,-6.060261465102247,-2.5041456694891107,-1.2965973764119192,2.660960122437112
-0.4336972647827601,-0.2965089016546278,-0.49327537391241194,-6.060108207743368,-2.5037665944878897,-1.296782826412072,2.6608166793114263
-0.43378946478260744,-0.2965089016546278,-0.49309167391210684,-6.059985183853163,-2.5035770569872797,-1.2968755514121484,2.6606254218105105
-0.4336972647827601,-0.2963263266543225,-0.4930009489119539,-6.060046695798266,-2.5038613632381947,-1.2969682764122243,2.6606732361857395
-0.43351286478306544,-0.2963263266543225,-0.4928172489116488,-6.059923671908061,-2.5035770569872797,-1.2971537264123771,2.6606254218105105
-0.4336972647827601,-0.29660018915478065,-0.49345851141271757,-6.059709250939996,-2.5040509007388057,-1.296782826412072,2.6608644936866552
-0.43388166478245477,-0.2964176141544754,-0.4934596364127174,-6.060292743578675,-2.5036718257375847,-1.296782826412072,2.6608644936866552
-0.4334206647832181,-0.2964176141544754,-0.49309223641210675,-6.060046695798266,-2.5040509007388057,-1.2969682764122243,2.6606732361857395
-0.4336050647829128,-0.2963263266543225,-0.49318464891225944,-6.060169719688471,-2.5039561319885006,-1.2966901014119956,2.6608166793114263
-0.43378946478260744,-0.2963263266543225,-0.49309279891210667,-6.060108207743368,-2.5041456694891107,-1.2965973764119192,2.6608166793114263
-0.43351286478306544,-0.2963263266543225,-0.49309279891210667,-6.0602003014930625,-2.5036718257375847,-1.296782826412072,2.6607688649361974
-0.4336972647827601,-0.2964176141544754,-0.49309223641210675,-6.05995460204857,-2.5036718257375847,-1.2968755514121484,2.6607688649361974
-0.43388166478245477,-0.2965089016546278,-0.49327537391241194,-6.060108207743368,-2.5037665944878897,-1.2965046514118432,2.6608166793114263
-0.43378946478260744,-0.2964176141544754,-0.49290853641180166,-6.0598315781583665,-2.5043352069897207,-1.2965973764119192,2.6607688649361974
-0.4336050647829128,-0.2962350391541701,-0.49300151141195425,-6.0602003014930625,-2.5039561319885006,-1.2966901014119956,2.6607688649361974
-0.4336972647827601,-0.29660018915478065,-0.49345851141271757,-6.060169719688471,-2.5040509007388057,-1.2965973764119192,2.6607688649361974
-0.4336972647827601,-0.29669147665493306,-0.49336609891256444,-6.059862508298876,-2.5040509007388057,-1.296782826412072,2.6607210505609684
-0.43378946478260744,-0.2963263266543225,-0.49309279891210667,-6.060108207743368,-2.5037665944878897,-1.2969682764122243,2.6607210505609684
-0.43378946478260744,-0.29660018915478065,-0.49345851141271757,-6.060077625938774,-2.5044299757400266,-1.2964119264117668,2.661103565562799
-0.43378946478260744,-0.29660018915478065,-0.49327481141241203,-6.059862508298876,-2.5037665944878897,-1.2969682764122243,2.6608166793114263
-0.43351286478306544,-0.2965089016546278,-0.49345907391271704,-6.060139137883876,-2.5041456694891107,-1.296226476411614,2.660960122437112
-0.43378946478260744,-0.2963263266543225,-0.49318464891225944,-6.059744264999044,-2.5041456694891107,-1.2965046514118432,2.660960122437112
-0.43351286478306544,-0.2963263266543225,-0.4930009489119539,-6.059713334858534,-2.5035770569872797,-1.2966901014119956,2.6607688649361974
-0.4336972647827601,-0.29660018915478065,-0.49327481141241203,-6.059897522357925,-2.5036718257375847,-1.2969682764122243,2.6608166793114263
-0.4334206647832181,-0.29660018915478065,-0.4933666614125648,-6.060051128052722,-2.5039561319885006,-1.2968755514121484,2.6608166793114263
-0.4336972647827601,-0.2964176141544754,-0.4931840864122595,-6.059590659304247,-2.5036718257375847,-1.2969682764122243,2.6607210505609684
-0.4336972647827601,-0.29669147665493306,-0.4936416489130223,-6.059897870693841,-2.5039561319885006,-1.2966901014119956,2.6607210505609684
-0.4336972647827601,-0.2963263266543225,-0.49318464891225944,-6.059836358748739,-2.5035770569872797,-1.2971537264123771,2.660960122437112
-0.43351286478306544,-0.29660018915478065,-0.49345851141271757,-6.059928452498434,-2.5040509007388057,-1.296782826412072,2.6607688649361974
-0.43351286478306544,-0.2962350391541701,-0.4929096614118015,-6.059713334858534,-2.5037665944878897,-1.2968755514121484,2.6607210505609684
-0.4336972647827601,-0.2965089016546278,-0.4935509239128698,-6.059959382638944,-2.5040509007388057,-1.2968755514121484,2.6607688649361974
-0.4336972647827601,-0.2965089016546278,-0.49318352391225917,-6.059897522357925,-2.5038613632381947,-1.2965046514118432,2.6608644936866552
-0.43378946478260744,-0.2963263266543225,-0.49309279891210667,-6.059774846803636,-2.5040509007388057,-1.2968755514121484,2.6607210505609684
-0.43378946478260744,-0.2963263266543225,-0.49318464891225944,-6.059928452498434,-2.5039561319885006,-1.2969682764122243,2.6608644936866552
-0.43378946478260744,-0.2963263266543225,-0.49309279891210667,-6.059866940553331,-2.5041456694891107,-1.2965973764119192,2.6608644936866552
-0.4336972647827601,-0.29669147665493306,-0.49354979891287,-6.059744264999044,-2.5038613632381947,-1.2968755514121484,2.6607688649361974
-0.4336050647829128,-0.2963263266543225,-0.49309279891210667,-6.059682753053941,-2.5036718257375847,-1.2969682764122243,2.6608166793114263
-0.43378946478260744,-0.2963263266543225,-0.49327649891241176,-6.059713683194452,-2.5042404382394157,-1.2968755514121484,2.6608644936866552
-0.43362983684294776,-0.29660018915478065,-0.49345851141271757,-6.059560077499655,-2.5043352069897207,-1.2965973764119192,2.6608166793114263
-0.4338142368426424,-0.2963263266543225,-0.49336834891256454,-6.059959382638944,-2.5043352069897207,-1.2968755514121484,2.6608644936866552
-0.4337220368427951,-0.2961437516540177,-0.4930020739119546,-6.059836358748739,-2.5038613632381947,-1.2965046514118432,2.6608166793114263
-0.4338142368426424,-0.29669147665493306,-0.4932742489124121,-6.059651822913432,-2.5039561319885006,-1.2969682764122243,2.6608644936866552
-0.43362983684294776,-0.2965089016546278,-0.49327537391241194,-6.059959034303027,-2.5039561319885006,-1.2968755514121484,2.6608166793114263
-0.4334454368432531,-0.2962350391541701,-0.493093361412107,-6.059744264999044,-2.5038613632381947,-1.2968755514121484,2.660960122437112
-0.4337220368427951,-0.29660018915478065,-0.4933666614125648,-6.059590659304247,-2.5039561319885006,-1.296782826412072,2.6607688649361974
-0.43362983684294776,-0.2963263266543225,-0.4930009489119539,-6.059713334858534,-2.5039561319885006,-1.296782826412072,2.6608166793114263
-0.4337220368427951,-0.2965089016546278,-0.4935509239128698,-6.060143570138333,-2.5039561319885006,-1.2966901014119956,2.6608644936866552
-0.4338142368426424,-0.2965089016546278,-0.49327537391241194,-6.0594064718048575,-2.5038613632381947,-1.296782826412072,2.6607688649361974
-0.43362983684294776,-0.2963263266543225,-0.49309279891210667,-6.059498565554552,-2.5046195132406366,-1.2964119264117668,2.661007936812341
-0.4338142368426424,-0.2965089016546278,-0.4933672239125647,-6.05965217124935,-2.5039561319885006,-1.296782826412072,2.6608166793114263
-0.43390643684248975,-0.2963263266543225,-0.49318464891225944,-6.059928452498434,-2.5035770569872797,-1.2971537264123771,2.6608166793114263
-0.43390643684248975,-0.2963263266543225,-0.49290909891180157,-6.059375541664348,-2.5039561319885006,-1.296782826412072,2.6607210505609684
-0.4338142368426424,-0.29660018915478065,-0.4933666614125648,-6.059498565554552,-2.5036718257375847,-1.296782826412072,2.6608166793114263
-0.43362983684294776,-0.29660018915478065,-0.4933666614125648,-6.059774846803636,-2.5042404382394157,-1.2965973764119192,2.6607688649361974
-0.4337220368427951,-0.2963263266543225,-0.49318464891225944,-6.059836358748739,-2.5040509007388057,-1.296782826412072,2.6607688649361974
-0.43390643684248975,-0.2963263266543225,-0.49309279891210667,-6.059498565554552,-2.5040509007388057,-1.296782826412072,2.6608166793114263
-0.4338142368426424,-0.2963263266543225,-0.49327649891241176,-6.059621589444757,-2.5038613632381947,-1.2968755514121484,2.6609123080618833
-0.4338142368426424,-0.29660018915478065,-0.49345851141271757,-6.059560077499655,-2.5039561319885006,-1.2965973764119192,2.660960122437112
-0.4338142368426424,-0.2962350391541701,-0.49318521141225935,-6.059621589444757,-2.5035770569872797,-1.2968755514121484,2.6607210505609684
-0.4337220368427951,-0.2963263266543225,-0.49336834891256454,-6.059959382638944,-2.5039561319885006,-1.2968755514121484,2.6608166793114263
-0.4338142368426424,-0.29660018915478065,-0.4933666614125648,-6.0594064718048575,-2.5035770569872797,-1.2975246264126823,2.6605776074352816
-0.43409083684218486,-0.2965089016546278,-0.4935509239128698,-6.059775195139554,-2.5038613632381947,-1.2969682764122243,2.6608166793114263
-0.4338142368426424,-0.2963263266543225,-0.49318464891225944,-6.059836358748739,-2.5038613632381947,-1.2965973764119192,2.6608166793114263
-0.4338142368426424,-0.2963263266543225,-0.49309279891210667,-6.059590659304247,-2.5035770569872797,-1.2972464514124535,2.6606254218105105
-0.4338142368426424,-0.2965089016546278,-0.4933672239125647,-6.05965217124935,-2.5039561319885006,-1.2968755514121484,2.6608166793114263
-0.4338142368426424,-0.2963263266543225,-0.49318464891225944,-6.059560077499655,-2.5038613632381947,-1.2969682764122243,2.6608644936866552
-0.4337220368427951,-0.2965089016546278,-0.4933672239125647,-6.059836358748739,-2.5040509007388057,-1.2970610014123007,2.6608166793114263
-0.43362983684294776,-0.2967827641550855,-0.4936410864130224,-6.059560077499655,-2.5043352069897207,-1.2965046514118432,2.661007936812341
-0.4337220368427951,-0.2963263266543225,-0.49309279891210667,-6.059590659304247,-2.5041456694891107,-1.2968755514121484,2.6609123080618833
-0.4338142368426424,-0.2963263266543225,-0.4930009489119539,-6.059529147359145,-2.5035770569872797,-1.2970610014123007,2.6608644936866552
-0.4338142368426424,-0.2965089016546278,-0.49345907391271704,-6.059472416004416,-2.5039561319885006,-1.2968755514121484,2.6607688649361974
-0.43362983684294776,-0.2961437516540177,-0.49309392391210694,-6.05938032225472,-2.5042404382394157,-1.2965973764119192,2.661007936812341
-0.43362983684294776,-0.2963263266543225,-0.49318464891225944,-6.059502997809009,-2.5039561319885006,-1.2966901014119956,2.6608166793114263
-0.43409083684218486,-0.29660018915478065,-0.4935503614128699,-6.05938032225472,-2.5039561319885006,-1.2965973764119192,2.6607688649361974
-0.4338142368426424,-0.2964176141544754,-0.49309223641210675,-6.059195786419414,-2.5041456694891107,-1.296782826412072,2.6607688649361974
-0.4338142368426424,-0.2963263266543225,-0.49318464891225944,-6.059410904059314,-2.5039561319885006,-1.2969682764122243,2.6607210505609684
-0.43390643684248975,-0.2962350391541701,-0.49318521141225935,-6.059472416004416,-2.5039561319885006,-1.2965046514118432,2.6608166793114263
-0.4338142368426424,-0.2963263266543225,-0.49327649891241176,-6.0591961347553305,-2.5039561319885006,-1.2965973764119192,2.6607688649361974
-0.43390643684248975,-0.2964774101484768,-0.4933672239125647,-6.059318810309618,-2.5037665944878897,-1.296782826412072,2.6607688649361974
-0.4338142368426424,-0.29638612264832437,-0.4932759364124123,-6.059502997809009,-2.5039561319885006,-1.2969682764122243,2.6608166793114263
-0.4339986368423375,-0.29638612264832437,-0.4932759364124123,-6.059318810309618,-2.5039561319885006,-1.2965973764119192,2.6607688649361974
-0.4338142368426424,-0.2964774101484768,-0.49318352391225917,-6.059195786419414,-2.5043352069897207,-1.296782826412072,2.6608166793114263
-0.4337220368427951,-0.29656869764862964,-0.4935766596939149,-6.059472416004416,-2.5041456694891107,-1.2968755514121484,2.6608166793114263
-0.43390643684248975,-0.2962035476480191,-0.49321150969330435,-6.059472416004416,-2.5038613632381947,-1.2971537264123771,2.6607688649361974
-0.4339986368423375,-0.2962948351481715,-0.49339464719360954,-6.059533927949518,-2.5039561319885006,-1.2965973764119192,2.6607688649361974
-0.4337220368427951,-0.2962948351481715,-0.49330279719345677,-6.05938032225472,-2.5042404382394157,-1.296782826412072,2.6608644936866552
-0.4338142368426424,-0.29638612264832437,-0.4933940846936096,-6.059472416004416,-2.5043352069897207,-1.296226476411614,2.6607688649361974
-0.4337220368427951,-0.29656869764862964,-0.49348480969376257,-6.059318810309618,-2.5040509007388057,-1.296782826412072,2.6608644936866552
-0.43362983684294776,-0.29656869764862964,-0.49348480969376257,-6.059502997809009,-2.5038613632381947,-1.296782826412072,2.6606732361857395
-0.4338142368426424,-0.29665998514878206,-0.4939434971945252,-6.059380670590638,-2.5037665944878897,-1.2969682764122243,2.6608644936866552
-0.4338142368426424,-0.2964774101484768,-0.49348537219376204,-6.05938032225472,-2.5045247444903316,-1.296226476411614,2.660960122437112
-0.4337220368427951,-0.2962948351481715,-0.49339464719360954,-6.059810209198602,-2.5038613632381947,-1.296782826412072,2.6608166793114263
-0.43362983684294776,-0.2962948351481715,-0.49330279719345677,-6.059288228505025,-2.5038613632381947,-1.2964119264117668,2.6608166793114263
-0.43409083684218486,-0.2962948351481715,-0.49330279719345677,-6.059472416004416,-2.5038613632381947,-1.2965973764119192,2.6608166793114263
-0.43362983684294776,-0.2964774101484768,-0.4933935221936097,-6.059410904059314,-2.5039561319885006,-1.296782826412072,2.6607688649361974
-0.4337220368427951,-0.2962948351481715,-0.49330279719345677,-6.059288228505025,-2.5037665944878897,-1.2968755514121484,2.6607688649361974
-0.4337220368427951,-0.29638612264832437,-0.4934859346937624,-6.059533927949518,-2.5039561319885006,-1.2968755514121484,2.6608166793114263
-0.43390643684248975,-0.2962948351481715,-0.49330279719345677,-6.059564509754111,-2.5040509007388057,-1.2965973764119192,2.66105575118757
-0.4335376368431004,-0.2962948351481715,-0.49321094719330444,-6.059502997809009,-2.5041456694891107,-1.2968755514121484,2.6607688649361974
-0.4338142368426424,-0.29638612264832437,-0.4933940846936096,-6.0597486972535,-2.5039561319885006,-1.2968755514121484,2.6608166793114263
-0.4338142368426424,-0.2964774101484768,-0.4933935221936097,-6.059410904059314,-2.5040509007388057,-1.296782826412072,2.6608166793114263
-0.4337220368427951,-0.29638612264832437,-0.4933022346934573,-6.059687185308398,-2.5038613632381947,-1.2968755514121484,2.6607688649361974
-0.4338142368426424,-0.2964774101484768,-0.4933935221936097,-6.059595091558704,-2.5040509007388057,-1.2969682764122243,2.6607688649361974
-0.4338142368426424,-0.2964774101484768,-0.4933935221936097,-6.059410904059314,-2.5037665944878897,-1.2965973764119192,2.6607688649361974
-0.4339986368423375,-0.29638612264832437,-0.4933940846936096,-6.059472416004416,-2.5039561319885006,-1.2969682764122243,2.6607688649361974
-0.4338142368426424,-0.2962948351481715,-0.49330279719345677,-6.059564509754111,-2.5045247444903316,-1.2963192014116904,2.660960122437112
-0.4338142368426424,-0.2962035476480191,-0.493119659693152,-6.059687185308398,-2.5039561319885006,-1.2968755514121484,2.6608644936866552
-0.43390643684248975,-0.2962948351481715,-0.49348649719376186,-6.059503346144925,-2.5040509007388057,-1.296782826412072,2.6607688649361974
-0.43362983684294776,-0.2962948351481715,-0.49311909719315167,-6.059441485863906,-2.5039561319885006,-1.2968755514121484,2.6608166793114263
-0.43362983684294776,-0.2964774101484768,-0.49348537219376204,-6.05938032225472,-2.5047142819909416,-1.2965973764119192,2.66105575118757
-0.4338142368426424,-0.29656869764862964,-0.49348480969376257,-6.059318810309618,-2.5040509007388057,-1.2969682764122243,2.660960122437112
-0.4334454368432531,-0.29638612264832437,-0.49311853469315176,-6.059379973918804,-2.5037665944878897,-1.296782826412072,2.6608166793114263
-0.4338142368426424,-0.2962948351481715,-0.49330279719345677,-6.059564509754111,-2.5039561319885006,-1.2965973764119192,2.6607688649361974
-0.4339986368423375,-0.2962948351481715,-0.49339464719360954,-6.059533927949518,-2.5039561319885006,-1.296782826412072,2.6607688649361974
-0.4338142368426424,-0.2962948351481715,-0.49339464719360954,-6.059810209198602,-2.5039561319885006,-1.296782826412072,2.6606732361857395
-0.4338142368426424,-0.2961122601478667,-0.49312022219315194,-6.0596566035038055,-2.5039561319885006,-1.2965046514118432,2.6608166793114263
-0.4339986368423375,-0.2962948351481715,-0.49321094719330444,-6.059318810309618,-2.5039561319885006,-1.2969682764122243,2.6606732361857395
-0.4337220368427951,-0.2962948351481715,-0.49321094719330444,-6.059410904059314,-2.5037665944878897,-1.2969682764122243,2.6607688649361974
-0.4339986368423375,-0.2964774101484768,-0.4935772221939148,-6.059441834199823,-2.5040509007388057,-1.2966901014119956,2.6608644936866552
-0.4337220368427951,-0.2962948351481715,-0.49330279719345677,-6.0597486972535,-2.5039561319885006,-1.2965973764119192,2.6608166793114263
-0.4338142368426424,-0.2962948351481715,-0.49330279719345677,-6.05938032225472,-2.5043352069897207,-1.2966901014119956,2.6608644936866552
-0.43362983684294776,-0.2962948351481715,-0.49321094719330444,-6.059687185308398,-2.5037665944878897,-1.296782826412072,2.6607210505609684
-0.4338142368426424,-0.2962948351481715,-0.49330279719345677,-6.059288228505025,-2.5042404382394157,-1.2965973764119192,2.6608644936866552
-0.4339986368423375,-0.2962035476480191,-0.49302780969299925,-6.059349392114211,-2.5039561319885006,-1.2969682764122243,2.6608166793114263
-0.43362983684294776,-0.29638612264832437,-0.4933022346934573,-6.059687185308398,-2.5038613632381947,-1.2969682764122243,2.6607688649361974
-0.43362983684294776,-0.29638612264832437,-0.4933022346934573,-6.059410904059314,-2.5043352069897207,-1.2965046514118432,2.6609123080618833
-0.4338142368426424,-0.2962948351481715,-0.49311909719315167,-6.059165204614821,-2.5037665944878897,-1.2968755514121484,2.6608166793114263
-0.43409083684218486,-0.29638612264832437,-0.4932103846933045,-6.059349392114211,-2.5039561319885006,-1.2968755514121484,2.660960122437112
-0.4338142368426424,-0.2962948351481715,-0.49311909719315167,-6.059349392114211,-2.5039561319885006,-1.2968755514121484,2.6608166793114263
-0.43362983684294776,-0.2962948351481715,-0.49330279719345677,-6.05938032225472,-2.5035770569872797,-1.2971537264123771,2.6608166793114263
-0.4338142368426424,-0.29656869764862964,-0.4935766596939149,-6.059472416004416,-2.5037665944878897,-1.2969682764122243,2.6605776074352816
-0.43390643684248975,-0.2962948351481715,-0.49330279719345677,-6.059288228505025,-2.5040509007388057,-1.296782826412072,2.6608166793114263
-0.4338142368426424,-0.29638612264832437,-0.4933022346934573,-6.059410904059314,-2.5039561319885006,-1.2964119264117668,2.6608644936866552
-0.4338142368426424,-0.2962948351481715,-0.49293539719284657,-6.059318461973701,-2.5038613632381947,-1.2969682764122243,2.6607688649361974
-0.43390643684248975,-0.29638612264832437,-0.4933022346934573,-6.059318810309618,-2.5038613632381947,-1.2964119264117668,2.6608166793114263
-0.4338142368426424,-0.2964774101484768,-0.4933935221936097,-6.059502997809009,-2.5036718257375847,-1.296782826412072,2.6607210505609684
-0.4338142368426424,-0.2962948351481715,-0.49311909719315167,-6.059625673363295,-2.5036718257375847,-1.2971537264123771,2.6607688649361974
-0.4335376368431004,-0.29638612264832437,-0.49311853469315176,-6.059195786419414,-2.503387519486669,-1.2970610014123007,2.6607688649361974
-0.4337220368427951,-0.2964774101484768,-0.4933935221936097,-6.059261730618973,-2.5043352069897207,-1.2965973764119192,2.6608644936866552
-0.4337220368427951,-0.29656869764862964,-0.49366850969406767,-6.059292660759482,-2.5040509007388057,-1.2969682764122243,2.6608166793114263
-0.4338142368426424,-0.2964774101484768,-0.49320982219330417,-6.059138706728769,-2.5036718257375847,-1.2969682764122243,2.6607688649361974
-0.4338142368426424,-0.2964774101484768,-0.4933935221936097,-6.058985449369889,-2.5044299757400266,-1.296226476411614,2.6608166793114263
-0.4338142368426424,-0.29638612264832437,-0.4933022346934573,-6.059169636869278,-2.5039561319885006,-1.2965046514118432,2.6608166793114263
-0.4338142368426424,-0.29638612264832437,-0.4933022346934573,-6.059077543119583,-2.5039561319885006,-1.296782826412072,2.6605776074352816
-0.4337220368427951,-0.2962035476480191,-0.49302780969299925,-6.059476499922955,-2.5037665944878897,-1.2973391764125295,2.6608644936866552
-0.4338142368426424,-0.2960209726477138,-0.492845234692694,-6.059200218673871,-2.5039561319885006,-1.296782826412072,2.6608644936866552
-0.4338142368426424,-0.2964774101484768,-0.4933935221936097,-6.059261730618973,-2.5038613632381947,-1.2965973764119192,2.6607210505609684
-0.43362983684294776,-0.2962948351481715,-0.4930272471929989,-6.059046612979073,-2.5035770569872797,-1.2971537264123771,2.6608644936866552
-0.43390643684248975,-0.29656869764862964,-0.49348480969376257,-6.059169636869278,-2.5045247444903316,-1.2965046514118432,2.6608644936866552
-0.4338142368426424,-0.29638612264832437,-0.4933940846936096,-6.059323242564075,-2.5039561319885006,-1.2968755514121484,2.6608166793114263
-0.4339986368423375,-0.2964774101484768,-0.4933935221936097,-6.059077543119583,-2.5039561319885006,-1.2968755514121484,2.6608166793114263
-0.4339986368423375,-0.2964774101484768,-0.4933935221936097,-6.059538011868057,-2.5036718257375847,-1.2968755514121484,2.6608644936866552
-0.4338142368426424,-0.2964774101484768,-0.49330167219345694,-6.05938440617326,-2.5037665944878897,-1.2968755514121484,2.6608166793114263
-0.4338142368426424,-0.29675127264893447,-0.49375923469421973,-6.05923114881438,-2.5039561319885006,-1.296782826412072,2.6607688649361974
-0.4338142368426424,-0.2964774101484768,-0.49348537219376204,-6.059415336313769,-2.5038613632381947,-1.2968755514121484,2.6607688649361974
-0.43362983684294776,-0.2962948351481715,-0.49321094719330444,-6.059353824368667,-2.5038613632381947,-1.2965973764119192,2.6607210505609684
-0.4338142368426424,-0.29638612264832437,-0.4933940846936096,-6.059139055064685,-2.5037665944878897,-1.296782826412072,2.6608166793114263
-0.43362983684294776,-0.29638612264832437,-0.49311853469315176,-6.058862425479684,-2.5038613632381947,-1.296782826412072,2.6607210505609684
-0.4337220368427951,-0.2964774101484768,-0.49348537219376204,-6.059415336313769,-2.5036718257375847,-1.2969682764122243,2.6607688649361974
-0.4338142368426424,-0.2964774101484768,-0.49348537219376204,-6.059415336313769,-2.5039561319885006,-1.2969682764122243,2.6608166793114263
-0.4337220368427951,-0.2962948351481715,-0.4930272471929989,-6.059138706728769,-2.5039561319885006,-1.2965046514118432,2.6608166793114263
-0.4337220368427951,-0.29638612264832437,-0.4934859346937624,-6.0593847545091775,-2.5035770569872797,-1.2973391764125295,2.6607688649361974
-0.4337220368427951,-0.2962948351481715,-0.49311909719315167,-6.059200218673871,-2.5041456694891107,-1.296782826412072,2.660960122437112
-0.43390643684248975,-0.2962948351481715,-0.49330279719345677,-6.059139055064685,-2.5039561319885006,-1.2968755514121484,2.6608166793114263
-0.43362983684294776,-0.2962948351481715,-0.49348649719376186,-6.059446266454279,-2.5042404382394157,-1.2963192014116904,2.660960122437112
-0.4338142368426424,-0.2962948351481715,-0.49321094719330444,-6.059077543119583,-2.5037665944878897,-1.2968755514121484,2.6607210505609684
-0.43362983684294776,-0.2962948351481715,-0.49330279719345677,-6.059323242564075,-2.5039561319885006,-1.2970610014123007,2.6607688649361974
-0.4338142368426424,-0.2962948351481715,-0.49321094719330444,-6.059169636869278,-2.5039561319885006,-1.2969682764122243,2.6606732361857395
-0.4337220368427951,-0.2962948351481715,-0.49330279719345677,-6.058954867565296,-2.5040509007388057,-1.2966901014119956,2.6608166793114263
-0.4337220368427951,-0.29665998514878206,-0.4937597971942201,-6.059476848258872,-2.5038613632381947,-1.2968755514121484,2.6609123080618833
-0.4338142368426424,-0.2962948351481715,-0.49339464719360954,-6.059200567009787,-2.5042404382394157,-1.2965973764119192,2.660960122437112
-0.43362983684294776,-0.29638612264832437,-0.4933940846936096,-6.059139055064685,-2.5038613632381947,-1.296782826412072,2.6607688649361974
-0.4338142368426424,-0.29656869764862964,-0.49366850969406767,-6.059292660759482,-2.5037665944878897,-1.2971537264123771,2.6606732361857395
-0.4338142368426424,-0.2962948351481715,-0.49339464719360954,-6.059292660759482,-2.5038613632381947,-1.296782826412072,2.6607688649361974
-0.43362983684294776,-0.29656869764862964,-0.49348480969376257,-6.059169636869278,-2.5037665944878897,-1.2970610014123007,2.6607688649361974
-0.43362983684294776,-0.2964774101484768,-0.49330167219345694,-6.059108124924175,-2.5039561319885006,-1.296782826412072,2.6607688649361974
-0.4338142368426424,-0.2962948351481715,-0.49321094719330444,-6.058985449369889,-2.5039561319885006,-1.2969682764122243,2.6608644936866552
-0.4338142368426424,-0.2964774101484768,-0.4933935221936097,-6.059169636869278,-2.5039561319885006,-1.296782826412072,2.6608644936866552
-0.43390643684248975,-0.2964774101484768,-0.4933935221936097,-6.059538011868057,-2.5040509007388057,-1.296782826412072,2.6608166793114263
-0.43362983684294776,-0.2962948351481715,-0.49348649719376186,-6.059262078954889,-2.5039561319885006,-1.2968755514121484,2.6607688649361974
-0.4337220368427951,-0.2961122601478667,-0.49293652219284684,-6.059476499922955,-2.5045247444903316,-1.2959483014113853,2.66105575118757
-0.4337220368427951,-0.2964774101484768,-0.49320982219330417,-6.059046612979073,-2.5038613632381947,-1.296782826412072,2.660960122437112
-0.4335376368431004,-0.29638612264832437,-0.4933940846936096,-6.05923114881438,-2.5039561319885006,-1.2968755514121484,2.6608166793114263
-0.4337220368427951,-0.2962948351481715,-0.49330279719345677,-6.059415336313769,-2.5038613632381947,-1.2966901014119956,2.6607688649361974
-0.4337220368427951,-0.2964774101484768,-0.4933935221936097,-6.059169636869278,-2.5040509007388057,-1.296782826412072,2.660960122437112
-0.34736307597287375,-0.2442754745788593,-0.49132594890890247,-5.584786054359516,-2.079338275738044,-1.1843327845767766,2.6692476169950146
-0.34736307597287375,-0.2442754745788593,-0.49114224890859737,-5.584294655470533,-2.079148738237434,-1.1842400595767002,2.6694388744959303
-0.34736307597287375,-0.24436676207901215,-0.49114168640859746,-5.58441733102482,-2.079148738237434,-1.1842400595767002,2.6692476169950146
-0.3475474759725684,-0.2442754745788593,-0.49114224890859737,-5.584570936719618,-2.079338275738044,-1.1839618845764714,2.6691519882445567
-0.34736307597287375,-0.24454933707931698,-0.49159981140936015,-5.584878148109211,-2.079148738237434,-1.1841473345766238,2.6693432457454724
-0.3472708759730264,-0.2442754745788593,-0.49132594890890247,-5.584601866860127,-2.079148738237434,-1.1839618845764714,2.6691998026197856
-0.3472708759730264,-0.24445804957916456,-0.49141667390905497,-5.584724542414414,-2.078769663236213,-1.1847036845770818,2.6691998026197856
-0.3475474759725684,-0.24454933707931698,-0.49141611140905506,-5.5843867492202275,-2.078959200736823,-1.184425509576853,2.6691998026197856
-0.3474552759727211,-0.2442754745788593,-0.4909585489082918,-5.584298739389071,-2.079053969487129,-1.184425509576853,2.6691998026197856
-0.3475474759725684,-0.2442754745788593,-0.49114224890859737,-5.584421763279277,-2.078864431986518,-1.184425509576853,2.6691519882445567
-0.34782407597211085,-0.24436676207901215,-0.4910498364084447,-5.583930364390293,-2.0796225819889598,-1.1842400595767002,2.6692954313702435
-0.3475474759725684,-0.24436676207901215,-0.4914172364090553,-5.584544787169481,-2.078864431986518,-1.1843327845767766,2.6691998026197856
-0.3474552759727211,-0.24445804957916456,-0.49123297390874987,-5.584176063834784,-2.079148738237434,-1.1842400595767002,2.6691998026197856
-0.3474552759727211,-0.24433527057286114,-0.49132538640890255,-5.584667462723768,-2.078959200736823,-1.1843327845767766,2.6694388744959303
-0.34736307597287375,-0.24424398307270828,-0.4910503989084446,-5.584176063834784,-2.079148738237434,-1.1842400595767002,2.6692954313702435
-0.34736307597287375,-0.24451784557316597,-0.49159981140936015,-5.58436059967009,-2.078769663236213,-1.184518234576929,2.6692476169950146
-0.34736307597287375,-0.244061408072403,-0.49077597390798655,-5.584206645639377,-2.079148738237434,-1.1843327845767766,2.6691998026197856
-0.34736307597287375,-0.24424398307270828,-0.4912340989087497,-5.584483275224379,-2.078959200736823,-1.184425509576853,2.6691519882445567
-0.3475474759725684,-0.24433527057286114,-0.4912335364087502,-5.584329669529582,-2.078864431986518,-1.184425509576853,2.6691519882445567
-0.3472708759730264,-0.24415269557255587,-0.49105096140844495,-5.584237575779886,-2.078959200736823,-1.1841473345766238,2.6692476169950146
-0.3471786759731791,-0.24433527057286114,-0.49132538640890255,-5.584299087724988,-2.078959200736823,-1.184518234576929,2.6691519882445567
-0.3475474759725684,-0.24424398307270828,-0.4909585489082918,-5.584114551889682,-2.079338275738044,-1.183869159576395,2.6694388744959303
-0.34736307597287375,-0.24442655807301356,-0.49123297390874987,-5.5842681575844795,-2.078674894485908,-1.184518234576929,2.6692476169950146
-0.34736307597287375,-0.24424398307270828,-0.49114224890859737,-5.584053388280497,-2.078959200736823,-1.184425509576853,2.6692954313702435
-0.34736307597287375,-0.24424398307270828,-0.4912340989087497,-5.584299087724988,-2.078959200736823,-1.1843327845767766,2.6692476169950146
-0.34736307597287375,-0.24424398307270828,-0.49132594890890247,-5.58436059967009,-2.078959200736823,-1.1843327845767766,2.6692954313702435
-0.3474552759727211,-0.24415269557255587,-0.49105096140844495,-5.584053388280497,-2.079053969487129,-1.1841473345766238,2.6692476169950146
-0.34763967597241574,-0.24415269557255587,-0.49105096140844495,-5.584421763279277,-2.079053969487129,-1.1842400595767002,2.6692954313702435
-0.3475474759725684,-0.24442655807301356,-0.49123297390874987,-5.584176063834784,-2.078674894485908,-1.1847036845770818,2.6691998026197856
-0.34736307597287375,-0.24424398307270828,-0.4910503989084446,-5.583750609145359,-2.079053969487129,-1.1841473345766238,2.6692476169950146
-0.34736307597287375,-0.24424398307270828,-0.49114224890859737,-5.583996308589851,-2.079243506987739,-1.183869159576395,2.6693432457454724
-0.3472708759730264,-0.24424398307270828,-0.4912340989087497,-5.584149914284648,-2.079243506987739,-1.1843327845767766,2.6692954313702435
-0.3474552759727211,-0.24442655807301356,-0.49141667390905497,-5.583781539285869,-2.078864431986518,-1.1841473345766238,2.6692954313702435
-0.34736307597287375,-0.24424398307270828,-0.49132594890890247,-5.584027238730361,-2.079243506987739,-1.1841473345766238,2.6692954313702435
-0.34763967597241574,-0.24442655807301356,-0.49150852390920774,-5.584119332480055,-2.079433044488349,-1.18349825957609,2.6694866888711593
-0.34736307597287375,-0.24424398307270828,-0.4909585489082918,-5.583781190949951,-2.078580125735603,-1.184518234576929,2.6691519882445567
-0.34736307597287375,-0.244061408072403,-0.4909596739082921,-5.583904214840157,-2.078864431986518,-1.1842400595767002,2.6692954313702435
-0.34736307597287375,-0.24424398307270828,-0.4912603971897947,-5.584057820534953,-2.079148738237434,-1.1842400595767002,2.6694388744959303
-0.3477318759722635,-0.24424398307270828,-0.49116854718964237,-5.583996308589851,-2.078959200736823,-1.1843327845767766,2.6692476169950146
-0.3474552759727211,-0.24424398307270828,-0.49135224718994747,-5.583843051230971,-2.078864431986518,-1.1843327845767766,2.6691998026197856
-0.34736307597287375,-0.24424398307270828,-0.49116854718964237,-5.583904214840157,-2.078674894485908,-1.1843327845767766,2.6691998026197856
-0.34736307597287375,-0.24424398307270828,-0.4910766971894896,-5.583842702895054,-2.078674894485908,-1.1846109595770054,2.6691998026197856
-0.34736307597287375,-0.24421249156655728,-0.49116854718964237,-5.583812121090462,-2.079053969487129,-1.1842400595767002,2.6693910601207014
-0.3475474759725684,-0.24430377906671014,-0.4914435346901003,-5.584027238730361,-2.078674894485908,-1.1843327845767766,2.6692476169950146
-0.3477318759722635,-0.24430377906671014,-0.4914435346901003,-5.58421142622975,-2.078580125735603,-1.184518234576929,2.6692954313702435
-0.3475474759725684,-0.24439506656686255,-0.49144297219009997,-5.583873633035564,-2.078580125735603,-1.184518234576929,2.6691998026197856
-0.3474552759727211,-0.24412120406640486,-0.49107725968948995,-5.583812121090462,-2.078864431986518,-1.1842400595767002,2.6692476169950146
-0.34736307597287375,-0.24421249156655728,-0.4912603971897947,-5.583781539285869,-2.078959200736823,-1.1841473345766238,2.6692954313702435
-0.3474552759727211,-0.24421249156655728,-0.49116854718964237,-5.584088402339546,-2.078959200736823,-1.1842400595767002,2.6692476169950146
-0.34736307597287375,-0.244029916566252,-0.4911696721896422,-5.583843051230971,-2.078959200736823,-1.1842400595767002,2.6691998026197856
-0.3472708759730264,-0.244029916566252,-0.4911696721896422,-5.584119332480055,-2.078580125735603,-1.1843327845767766,2.6692954313702435
-0.34736307597287375,-0.24439506656686255,-0.49135112218994764,-5.583904214840157,-2.078959200736823,-1.1840546095765478,2.6692954313702435
-0.34736307597287375,-0.24430377906671014,-0.4914435346901003,-5.58421142622975,-2.079148738237434,-1.1842400595767002,2.6692954313702435
-0.34736307597287375,-0.24439506656686255,-0.49171852219055784,-5.584242356370259,-2.078864431986518,-1.1842400595767002,2.6692954313702435
-0.34736307597287375,-0.24421249156655728,-0.49135224718994747,-5.583843051230971,-2.078864431986518,-1.1843327845767766,2.6692954313702435
-0.3472708759730264,-0.24448635406701497,-0.4915342596902524,-5.583965726785259,-2.078485356985297,-1.1846109595770054,2.6692476169950146
-0.3475474759725684,-0.24439506656686255,-0.49125927218979487,-5.583934796644749,-2.078769663236213,-1.1842400595767002,2.6691998026197856
-0.34736307597287375,-0.24430377906671014,-0.4912598346897952,-5.583904214840157,-2.078864431986518,-1.184425509576853,2.6692476169950146
-0.3474552759727211,-0.24430377906671014,-0.4914435346901003,-5.583843051230971,-2.078580125735603,-1.1843327845767766,2.6692954313702435
-0.3475474759725684,-0.24421249156655728,-0.4912603971897947,-5.583965726785259,-2.078390588234992,-1.1847036845770818,2.6691998026197856
-0.3474552759727211,-0.24439506656686255,-0.49153482219025274,-5.58369387779063,-2.078864431986518,-1.1842400595767002,2.6692476169950146
-0.34736307597287375,-0.24412120406640486,-0.4911691096896423,-5.5837244595952225,-2.078674894485908,-1.1843327845767766,2.6693910601207014
-0.34736307597287375,-0.24421249156655728,-0.49116854718964237,-5.583570853900426,-2.078959200736823,-1.1841473345766238,2.6692476169950146
-0.3475474759725684,-0.24412120406640486,-0.49107725968948995,-5.583570853900426,-2.078864431986518,-1.1841473345766238,2.6692954313702435
-0.34736307597287375,-0.24421249156655728,-0.49135224718994747,-5.583878065290019,-2.078959200736823,-1.183869159576395,2.6692954313702435
-0.34736307597287375,-0.244029916566252,-0.4911696721896422,-5.583785971540324,-2.078674894485908,-1.184425509576853,2.6691998026197856
-0.3474552759727211,-0.24421249156655728,-0.49116854718964237,-5.583755041399815,-2.078864431986518,-1.1839618845764714,2.6691998026197856
-0.34736307597287375,-0.24412120406640486,-0.49126095968979505,-5.583785971540324,-2.079338275738044,-1.1836837095762427,2.669582317621617
-0.3471786759731791,-0.24412120406640486,-0.49107725968948995,-5.583386666401036,-2.078959200736823,-1.183869159576395,2.6692954313702435
-0.3474552759727211,-0.24439506656686255,-0.49171852219055784,-5.584001089180223,-2.078959200736823,-1.1842400595767002,2.6692954313702435
-0.34763967597241574,-0.24430377906671014,-0.4914435346901003,-5.583601784040934,-2.078959200736823,-1.1843327845767766,2.6692476169950146
-0.34736307597287375,-0.24421249156655728,-0.49116854718964237,-5.583755041399815,-2.078674894485908,-1.1843327845767766,2.6692476169950146
-0.3474552759727211,-0.24421249156655728,-0.49135224718994747,-5.58369387779063,-2.078959200736823,-1.1842400595767002,2.6693910601207014
-0.3474552759727211,-0.24430377906671014,-0.49135168468994755,-5.583540272095832,-2.078864431986518,-1.1842400595767002,2.6692954313702435
-0.34763967597241574,-0.244029916566252,-0.4911696721896422,-5.583601784040934,-2.078864431986518,-1.1842400595767002,2.6693432457454724
-0.3475474759725684,-0.24412120406640486,-0.49107725968948995,-5.583755041399815,-2.078769663236213,-1.184518234576929,2.6692954313702435
-0.3475474759725684,-0.24439506656686255,-0.49153482219025274,-5.583601784040934,-2.078769663236213,-1.1841473345766238,2.6692954313702435
-0.34736307597287375,-0.2439386290660996,-0.4910783846894898,-5.58350969029124,-2.078485356985297,-1.184425509576853,2.6692476169950146
-0.3475474759725684,-0.24430377906671014,-0.49153538469025265,-5.583663295986037,-2.078959200736823,-1.1842400595767002,2.6692954313702435
-0.3475474759725684,-0.24430377906671014,-0.4914435346901003,-5.58369387779063,-2.078864431986518,-1.1841473345766238,2.6692476169950146
-0.3474552759727211,-0.24439506656686255,-0.49153482219025274,-5.58369387779063,-2.078864431986518,-1.184518234576929,2.6694388744959303
-0.34736307597287375,-0.24421249156655728,-0.4912603971897947,-5.583540272095832,-2.078864431986518,-1.1841473345766238,2.6692954313702435
-0.3474552759727211,-0.24421249156655728,-0.49116854718964237,-5.5836629476501205,-2.079053969487129,-1.1843327845767766,2.6694388744959303
-0.3477318759722635,-0.24421249156655728,-0.4910766971894896,-5.583509341955324,-2.079053969487129,-1.183869159576395,2.6692476169950146
-0.34782407597211085,-0.24439506656686255,-0.49144297219009997,-5.583448178346138,-2.078959200736823,-1.1841473345766238,2.6692954313702435
-0.3472708759730264,-0.24427228756055913,-0.49135168468994755,-5.583632365845528,-2.078769663236213,-1.1843327845767766,2.6694866888711593
-0.3474552759727211,-0.24418100006040627,-0.49135224718994747,-5.58369387779063,-2.078769663236213,-1.1843327845767766,2.6691998026197856
-0.3472708759730264,-0.24427228756055913,-0.4914435346901003,-5.583360516850899,-2.078959200736823,-1.1843327845767766,2.6692476169950146
-0.3475474759725684,-0.24408971256025386,-0.49126095968979505,-5.583636798099984,-2.078959200736823,-1.1841473345766238,2.6692954313702435
-0.34763967597241574,-0.24408971256025386,-0.49144465969010015,-5.583575634490797,-2.079053969487129,-1.1842400595767002,2.6692476169950146
-0.34782407597211085,-0.24427228756055913,-0.4914435346901003,-5.583360516850899,-2.079148738237434,-1.184425509576853,2.6693910601207014
-0.3475474759725684,-0.24436357506071155,-0.49135112218994764,-5.58332958671039,-2.078485356985297,-1.1841473345766238,2.669056359494099
-0.34736307597287375,-0.24427228756055913,-0.4914435346901003,-5.583360516850899,-2.078864431986518,-1.1842400595767002,2.6692954313702435
-0.3474552759727211,-0.24418100006040627,-0.49116854718964237,-5.583421680460085,-2.078580125735603,-1.184518234576929,2.6691998026197856
-0.3475474759725684,-0.24408971256025386,-0.4911691096896423,-5.5833910986554915,-2.078864431986518,-1.184518234576929,2.6692476169950146
-0.34763967597241574,-0.24436357506071155,-0.49144297219009997,-5.583206911156102,-2.078769663236213,-1.1843327845767766,2.6692954313702435
-0.3474552759727211,-0.243998425060101,-0.4910778221894894,-5.5833910986554915,-2.079148738237434,-1.1841473345766238,2.6692954313702435
-0.34736307597287375,-0.24408971256025386,-0.4911691096896423,-5.583483192405187,-2.078769663236213,-1.1843327845767766,2.6693432457454724
-0.3475474759725684,-0.24418100006040627,-0.49135224718994747,-5.583544704350289,-2.078674894485908,-1.1842400595767002,2.6692954313702435
-0.3475474759725684,-0.243998425060101,-0.4911696721896422,-5.5834526106005935,-2.078959200736823,-1.184425509576853,2.6693432457454724
-0.3475474759725684,-0.24418100006040627,-0.49135224718994747,-5.583636798099984,-2.078769663236213,-1.184518234576929,2.6692954313702435
-0.3477318759722635,-0.24418100006040627,-0.49135224718994747,-5.5834526106005935,-2.078674894485908,-1.1843327845767766,2.6692476169950146
-0.3475474759725684,-0.24418100006040627,-0.4909848471893368,-5.58311446907049,-2.078485356985297,-1.1842400595767002,2.6692954313702435
-0.3474552759727211,-0.24418100006040627,-0.49135224718994747,-5.5834526106005935,-2.078769663236213,-1.1843327845767766,2.6693910601207014
-0.3475474759725684,-0.24418100006040627,-0.49135224718994747,-5.583360516850899,-2.079053969487129,-1.1840546095765478,2.6691998026197856
-0.3474552759727211,-0.24436357506071155,-0.49153482219025274,-5.583544704350289,-2.078580125735603,-1.1843327845767766,2.6692954313702435
-0.3475474759725684,-0.24408971256025386,-0.49126095968979505,-5.583360516850899,-2.078959200736823,-1.1841473345766238,2.6692954313702435
-0.34763967597241574,-0.24454615006101682,-0.4920847971911682,-5.583514470881613,-2.078295819484687,-1.1847036845770818,2.6691519882445567
-0.3474552759727211,-0.24418100006040627,-0.49135224718994747,-5.583360516850899,-2.078769663236213,-1.1843327845767766,2.6693432457454724
-0.34736307597287375,-0.24390713755994858,-0.4910783846894898,-5.583360516850899,-2.078769663236213,-1.1842400595767002,2.6692476169950146
-0.34736307597287375,-0.24418100006040627,-0.4912603971897947,-5.582746442407628,-2.078580125735603,-1.1842400595767002,2.6691519882445567
-0.34763967597241574,-0.24418100006040627,-0.49135224718994747,-5.583544704350289,-2.078674894485908,-1.1842400595767002,2.6692954313702435
-0.3474552759727211,-0.24408971256025386,-0.49126095968979505,-5.583268423101204,-2.078580125735603,-1.1843327845767766,2.6691519882445567
-0.3475474759725684,-0.24418100006040627,-0.4912603971897947,-5.582930629907017,-2.079053969487129,-1.1840546095765478,2.6692954313702435
-0.3475474759725684,-0.24436357506071155,-0.49153482219025274,-5.5831763293515095,-2.078674894485908,-1.1843327845767766,2.6692476169950146
-0.3474552759727211,-0.24418100006040627,-0.49116854718964237,-5.582869117961915,-2.078959200736823,-1.1839618845764714,2.6691519882445567
-0.3475474759725684,-0.24418100006040627,-0.4912603971897947,-5.583299004905797,-2.078769663236213,-1.1842400595767002,2.6694388744959303
-0.3474552759727211,-0.24418100006040627,-0.4912603971897947,-5.583149831465455,-2.078769663236213,-1.1839618845764714,2.6692954313702435
-0.34736307597287375,-0.24418100006040627,-0.4912603971897947,-5.582873550216371,-2.079148738237434,-1.183869159576395,2.6694388744959303
-0.34763967597241574,-0.24418100006040627,-0.49135224718994747,-5.583027155911168,-2.078864431986518,-1.1843327845767766,2.6693910601207014
-0.34763967597241574,-0.24418100006040627,-0.49135224718994747,-5.583027155911168,-2.078674894485908,-1.184425509576853,2.6694388744959303
-0.3475474759725684,-0.24418100006040627,-0.49135224718994747,-5.583027155911168,-2.078864431986518,-1.1841473345766238,2.6692954313702435
-0.3474552759727211,-0.24418100006040627,-0.49135224718994747,-5.583119249660863,-2.078580125735603,-1.184889134577234,2.6691519882445567
-0.3474552759727211,-0.24390713755994858,-0.4910783846894898,-5.583119249660863,-2.078580125735603,-1.184425509576853,2.6693432457454724
-0.34763967597241574,-0.24427228756055913,-0.4914435346901003,-5.582935062161473,-2.078864431986518,-1.1841473345766238,2.6694388744959303
-0.34736307597287375,-0.24427228756055913,-0.4912598346897952,-5.583088319520353,-2.078580125735603,-1.1847036845770818,2.6691998026197856
-0.3474552759727211,-0.24418100006040627,-0.49135224718994747,-5.583211343410557,-2.078959200736823,-1.183869159576395,2.6693910601207014
-0.3477318759722635,-0.24418100006040627,-0.49135224718994747,-5.582935062161473,-2.078580125735603,-1.1843327845767766,2.669534503246388
-0.3475474759725684,-0.24418100006040627,-0.49135224718994747,-5.583211343410557,-2.078485356985297,-1.184425509576853,2.6692476169950146
-0.3474552759727211,-0.24408971256025386,-0.49126095968979505,-5.583119249660863,-2.078390588234992,-1.1843327845767766,2.6692476169950146
-0.3475474759725684,-0.24418100006040627,-0.49116854718964237,-5.583088319520353,-2.078959200736823,-1.1839618845764714,2.6692954313702435
-0.34763967597241574,-0.24414950855425527,-0.49135224718994747,-5.583211343410557,-2.078769663236213,-1.1843327845767766,2.6692954313702435
-0.34763967597241574,-0.24405822105410285,-0.4909854096893372,-5.582842620075862,-2.078769663236213,-1.1842400595767002,2.6691998026197856
-0.34763967597241574,-0.24405822105410285,-0.4911691096896423,-5.582965643966066,-2.078674894485908,-1.1842400595767002,2.6692954313702435
-0.3477318759722635,-0.24442337105471296,-0.49180980969071025,-5.583242273551067,-2.078674894485908,-1.184425509576853,2.6692954313702435
-0.3477318759722635,-0.24414950855425527,-0.49135224718994747,-5.583027155911168,-2.078485356985297,-1.184518234576929,2.6692476169950146
-0.3475474759725684,-0.24414950855425527,-0.4912603971897947,-5.582965643966066,-2.078674894485908,-1.1843327845767766,2.6692954313702435
-0.3475474759725684,-0.24405822105410285,-0.49126095968979505,-5.582750874662084,-2.078769663236213,-1.1842400595767002,2.6692954313702435
-0.3474552759727211,-0.24414950855425527,-0.49135224718994747,-5.582935062161473,-2.078864431986518,-1.1837764345763186,2.6693910601207014
-0.34782407597211085,-0.24405822105410285,-0.49126095968979505,-5.582842968411779,-2.078674894485908,-1.1842400595767002,2.6692954313702435
-0.34782407597211085,-0.24396693355395,-0.4912615221897945,-5.583180761605965,-2.078390588234992,-1.184518234576929,2.6691998026197856
-0.3475474759725684,-0.24414950855425527,-0.49153594719025256,-5.583058086051678,-2.078580125735603,-1.1842400595767002,2.6691998026197856
-0.3475474759725684,-0.24396693355395,-0.4910778221894894,-5.583149831465455,-2.078390588234992,-1.184425509576853,2.6692954313702435
-0.3474552759727211,-0.24396693355395,-0.4911696721896422,-5.583027155911168,-2.078674894485908,-1.1842400595767002,2.6692954313702435
-0.34736307597287375,-0.24405822105410285,-0.49144465969010015,-5.582873898552288,-2.078864431986518,-1.1842400595767002,2.6692476169950146
-0.3475474759725684,-0.24414950855425527,-0.49135224718994747,-5.582842968411779,-2.078769663236213,-1.1839618845764714,2.6692476169950146
-0.3475474759725684,-0.24414950855425527,-0.49135224718994747,-5.583027155911168,-2.078864431986518,-1.1839618845764714,2.6692954313702435
-0.3474552759727211,-0.24424079605440813,-0.4916272346904054,-5.582873898552288,-2.078485356985297,-1.1846109595770054,2.6691519882445567
-0.3475474759725684,-0.24405822105410285,-0.49126095968979505,-5.582935062161473,-2.078580125735603,-1.1843327845767766,2.6692954313702435
-0.3474552759727211,-0.24414950855425527,-0.49171964719055766,-5.5830890161921864,-2.078959200736823,-1.1841473345766238,2.6692476169950146
-0.3475474759725684,-0.24433208355456054,-0.49144297219009997,-5.582873550216371,-2.079053969487129,-1.183869159576395,2.6694866888711593
-0.34782407597211085,-0.24396693355395,-0.4911696721896422,-5.582658780912389,-2.078580125735603,-1.1842400595767002,2.6693910601207014
-0.3477318759722635,-0.24396693355395,-0.4911696721896422,-5.582842968411779,-2.078769663236213,-1.1841473345766238,2.6692954313702435
-0.3475474759725684,-0.24405822105410285,-0.49126095968979505,-5.582935062161473,-2.078674894485908,-1.1843327845767766,2.6692954313702435
-0.3475474759725684,-0.24414950855425527,-0.49135224718994747,-5.583119249660863,-2.078674894485908,-1.1839618845764714,2.6692954313702435
-0.3475474759725684,-0.24442337105471296,-0.49162610969040516,-5.582750874662084,-2.078674894485908,-1.1843327845767766,2.6693910601207014
-0.34736307597287375,-0.24387564605379758,-0.4910783846894898,-5.583211343410557,-2.078769663236213,-1.1843327845767766,2.6692954313702435
-0.34736307597287375,-0.24414950855425527,-0.49135224718994747,-5.582935062161473,-2.078769663236213,-1.1841473345766238,2.6692954313702435
-0.3475474759725684,-0.24414950855425527,-0.4914440971900998,-5.582904480356881,-2.078674894485908,-1.184425509576853,2.6692954313702435
-0.34736307597287375,-0.24405822105410285,-0.4911691096896423,-5.582781456466677,-2.078959200736823,-1.1841473345766238,2.6693910601207014
-0.3474552759727211,-0.24405822105410285,-0.4913528096899474,-5.58293949441593,-2.078580125735603,-1.1840546095765478,2.6692954313702435
-0.3475474759725684,-0.24405822105410285,-0.49107725968948995,-5.582662864830929,-2.078485356985297,-1.1843327845767766,2.6693432457454724
-0.3474552759727211,-0.24405822105410285,-0.49107725968948995,-5.582662864830929,-2.078674894485908,-1.1839618845764714,2.6694388744959303
-0.3475474759725684,-0.24414950855425527,-0.49135224718994747,-5.582785888721133,-2.078769663236213,-1.1842400595767002,2.6693910601207014
-0.34736307597287375,-0.24414950855425527,-0.49135224718994747,-5.582785888721133,-2.078674894485908,-1.1842400595767002,2.6694388744959303
-0.3474552759727211,-0.24414950855425527,-0.49135224718994747,-5.582693794971437,-2.078580125735603,-1.1843327845767766,2.6692954313702435
-0.34736307597287375,-0.24405822105410285,-0.4911691096896423,-5.582632283026335,-2.078674894485908,-1.184425509576853,2.6692954313702435
-0.3475474759725684,-0.24405822105410285,-0.4913528096899474,-5.583123681915319,-2.078959200736823,-1.1841473345766238,2.669582317621617
-0.3475474759725684,-0.24414950855425527,-0.49153594719025256,-5.582632631362252,-2.078390588234992,-1.1843327845767766,2.6692954313702435
-0.3475474759725684,-0.24414950855425527,-0.49135224718994747,-5.582601701221742,-2.078295819484687,-1.184518234576929,2.6691519882445567
-0.34763967597241574,-0.24414950855425527,-0.4914440971900998,-5.582847400666235,-2.078580125735603,-1.1842400595767002,2.6692954313702435
-0.34763967597241574,-0.24396693355395,-0.4910778221894894,-5.582632283026335,-2.078580125735603,-1.1843327845767766,2.6692954313702435
-0.34782407597211085,-0.24414950855425527,-0.4912603971897947,-5.58254018927664,-2.079338275738044,-1.1836837095762427,2.669630131996846
-0.34736307597287375,-0.24405822105410285,-0.49126095968979505,-5.582785888721133,-2.078674894485908,-1.1841473345766238,2.6691998026197856
-0.34782407597211085,-0.24424079605440813,-0.4917190846905582,-5.582878330806744,-2.078959200736823,-1.1839618845764714,2.6694388744959303
-0.34763967597241574,-0.24405822105410285,-0.49126095968979505,-5.582509607472048,-2.078674894485908,-1.184425509576853,2.6691998026197856
-0.34736307597287375,-0.24396693355395,-0.4909859721893371,-5.5824786773315385,-2.078864431986518,-1.1841473345766238,2.6692954313702435
-0.34736307597287375,-0.24405822105410285,-0.49126095968979505,-5.582693794971437,-2.078674894485908,-1.1843327845767766,2.6692954313702435
-0.34736307597287375,-0.24424079605440813,-0.4914435346901003,-5.582877982470827,-2.078769663236213,-1.1839618845764714,2.6694388744959303
-0.34763967597241574,-0.24424079605440813,-0.4914435346901003,-5.582601701221742,-2.078485356985297,-1.1843327845767766,2.6691519882445567
-0.3475474759725684,-0.24414950855425527,-0.49135224718994747,-5.582693794971437,-2.078959200736823,-1.1839618845764714,2.669534503246388
-0.34736307597287375,-0.24405822105410285,-0.49144465969010015,-5.582724725111946,-2.078674894485908,-1.1842400595767002,2.6692954313702435
-0.3475474759725684,-0.24396693355395,-0.49144522219010006,-5.582970424556439,-2.078864431986518,-1.183869159576395,2.6692476169950146
-0.34736307597287375,-0.24405822105410285,-0.49126095968979505,-5.582601701221742,-2.078580125735603,-1.1839618845764714,2.6693432457454724
-0.34736307597287375,-0.24433208355456054,-0.49144297219009997,-5.582724376776031,-2.078485356985297,-1.1841473345766238,2.6692954313702435
-0.34736307597287375,-0.24405822105410285,-0.49128725797084005,-5.582601701221742,-2.078674894485908,-1.1840546095765478,2.6692954313702435
-0.3474552759727211,-0.24424079605440813,-0.49156168297129765,-5.582479025667455,-2.078580125735603,-1.184518234576929,2.6692476169950146
-0.3475474759725684,-0.24414950855425527,-0.4912866954708397,-5.58254018927664,-2.078580125735603,-1.1842400595767002,2.6692954313702435
-0.3477318759722635,-0.24414950855425527,-0.49137854547099247,-5.582693794971437,-2.078674894485908,-1.1839618845764714,2.669534503246388
-0.3475474759725684,-0.24424079605440813,-0.4914698329711453,-5.582509607472048,-2.078390588234992,-1.1843327845767766,2.6692476169950146
-0.34763967597241574,-0.24414950855425527,-0.49137854547099247,-5.582509607472048,-2.078580125735603,-1.1842400595767002,2.6694388744959303
-0.3475474759725684,-0.24424079605440813,-0.49137798297099256,-5.582632283026335,-2.078580125735603,-1.1840546095765478,2.6692476169950146
-0.3474552759727211,-0.24414950855425527,-0.49119484547068737,-5.582570771081233,-2.078959200736823,-1.1839618845764714,2.669534503246388
-0.3475474759725684,-0.24414950855425527,-0.49165409547145034,-5.5826941433073545,-2.078295819484687,-1.184425509576853,2.6693432457454724
-0.34736307597287375,-0.24405822105410285,-0.49128725797084005,-5.582785888721133,-2.078485356985297,-1.184518234576929,2.6692476169950146
-0.3472708759730264,-0.24414950855425527,-0.49137854547099247,-5.582693794971437,-2.078485356985297,-1.1842400595767002,2.6693432457454724
-0.3475474759725684,-0.24414950855425527,-0.49174594547160266,-5.582663561502762,-2.078674894485908,-1.1841473345766238,2.6693910601207014
-0.3477318759722635,-0.24405822105410285,-0.4915628079712979,-5.5826941433073545,-2.078580125735603,-1.184518234576929,2.6692954313702435
-0.3475474759725684,-0.24424079605440813,-0.4916535329714504,-5.582724725111946,-2.078390588234992,-1.184425509576853,2.6693910601207014
-0.3475474759725684,-0.24414950855425527,-0.49165409547145034,-5.582786237057049,-2.078674894485908,-1.1843327845767766,2.6692954313702435
-0.3475474759725684,-0.24405822105410285,-0.4913791079709924,-5.582755306916539,-2.078390588234992,-1.1842400595767002,2.6692476169950146
-0.3474552759727211,-0.24405822105410285,-0.49147095797114515,-5.582632631362252,-2.078580125735603,-1.1841473345766238,2.6693910601207014
-0.34736307597287375,-0.24414950855425527,-0.49165409547145034,-5.5826941433073545,-2.078769663236213,-1.1842400595767002,2.6692476169950146
-0.3474552759727211,-0.24405822105410285,-0.4911954079706873,-5.58254018927664,-2.078674894485908,-1.1843327845767766,2.669534503246388
-0.3475474759725684,-0.24396693355395,-0.4911959704706872,-5.582601701221742,-2.079148738237434,-1.1835909845761663,2.669534503246388
-0.3475474759725684,-0.24405822105410285,-0.49128725797084005,-5.582509607472048,-2.078485356985297,-1.1842400595767002,2.6692954313702435
-0.3474552759727211,-0.24402672954795185,-0.49128725797084005,-5.582509607472048,-2.077916744483466,-1.1843327845767766,2.6691519882445567
-0.3475474759725684,-0.24411801704810426,-0.49137854547099247,-5.582417513722353,-2.078390588234992,-1.1843327845767766,2.6693910601207014
-0.34763967597241574,-0.24411801704810426,-0.49137854547099247,-5.582509607472048,-2.078390588234992,-1.1843327845767766,2.6692954313702435
-0.3475474759725684,-0.24402672954795185,-0.49128725797084005,-5.582601701221742,-2.078485356985297,-1.1843327845767766,2.6692954313702435
-0.3474552759727211,-0.24402672954795185,-0.49128725797084005,-5.582509607472048,-2.078201050734382,-1.1847036845770818,2.6692954313702435
-0.34763967597241574,-0.24411801704810426,-0.4912866954708397,-5.582724376776031,-2.078295819484687,-1.1843327845767766,2.6692954313702435
-0.34763967597241574,-0.24402672954795185,-0.49128725797084005,-5.582601701221742,-2.078864431986518,-1.183869159576395,2.6692954313702435
-0.3475474759725684,-0.24411801704810426,-0.49119484547068737,-5.582386583581844,-2.078580125735603,-1.1843327845767766,2.6692954313702435
-0.3475474759725684,-0.24411801704810426,-0.49137854547099247,-5.582544621531096,-2.078390588234992,-1.1841473345766238,2.6691998026197856
-0.3479162759719582,-0.243935442047799,-0.4911041204705344,-5.58220682833691,-2.078201050734382,-1.184425509576853,2.6692954313702435
-0.34736307597287375,-0.24411801704810426,-0.49137854547099247,-5.582544621531096,-2.078769663236213,-1.1839618845764714,2.6694388744959303
-0.3471786759731791,-0.24411801704810426,-0.49174594547160266,-5.582606481812116,-2.078674894485908,-1.1843327845767766,2.6692476169950146
-0.3474552759727211,-0.24420930454825712,-0.49137798297099256,-5.5823910158363,-2.078580125735603,-1.1841473345766238,2.6692476169950146
-0.3475474759725684,-0.24402672954795185,-0.49128725797084005,-5.582544621531096,-2.078485356985297,-1.184518234576929,2.6692954313702435
-0.3475474759725684,-0.24411801704810426,-0.49165409547145034,-5.582452876117319,-2.078390588234992,-1.1843327845767766,2.6692954313702435
-0.3474552759727211,-0.24430059204840954,-0.4918366704717556,-5.582544969867014,-2.078580125735603,-1.1840546095765478,2.6693432457454724
-0.3475474759725684,-0.24402672954795185,-0.49128725797084005,-5.582544621531096,-2.078580125735603,-1.1843327845767766,2.6692476169950146
-0.34736307597287375,-0.24402672954795185,-0.49147095797114515,-5.582483457921912,-2.078674894485908,-1.1842400595767002,2.6692476169950146
-0.34763967597241574,-0.243935442047799,-0.4913796704709923,-5.582667645421301,-2.078580125735603,-1.1843327845767766,2.6692476169950146
-0.34736307597287375,-0.24402672954795185,-0.49147095797114515,-5.5825755516716065,-2.078295819484687,-1.184425509576853,2.6693910601207014
-0.34782407597211085,-0.243935442047799,-0.4911959704706872,-5.582176246532318,-2.078485356985297,-1.1839618845764714,2.6694866888711593
-0.34736307597287375,-0.24411801704810426,-0.49137854547099247,-5.582360434031707,-2.078485356985297,-1.1843327845767766,2.6694388744959303
-0.34763967597241574,-0.24402672954795185,-0.4915628079712979,-5.582544969867014,-2.078674894485908,-1.1839618845764714,2.6692954313702435
-0.34763967597241574,-0.24430059204840954,-0.4918366704717556,-5.582729157366403,-2.078390588234992,-1.1843327845767766,2.6692954313702435
-0.3475474759725684,-0.24402672954795185,-0.4915628079712979,-5.5823607823676245,-2.078485356985297,-1.1843327845767766,2.6692954313702435
-0.3475474759725684,-0.24411801704810426,-0.49156224547129757,-5.5825755516716065,-2.078390588234992,-1.1842400595767002,2.6692954313702435
-0.34736307597287375,-0.24411801704810426,-0.4912866954708397,-5.582298922086605,-2.078485356985297,-1.1843327845767766,2.6691998026197856
-0.3474552759727211,-0.24402672954795185,-0.4911954079706873,-5.582298922086605,-2.078201050734382,-1.1842400595767002,2.6692954313702435
-0.34782407597211085,-0.24420930454825712,-0.49137798297099256,-5.582298922086605,-2.078485356985297,-1.1842400595767002,2.6694866888711593
-0.34763967597241574,-0.24402672954795185,-0.49128725797084005,-5.582360434031707,-2.078769663236213,-1.1841473345766238,2.6692954313702435
-0.34763967597241574,-0.24402672954795185,-0.4910117079703822,-5.582083804446706,-2.078674894485908,-1.1842400595767002,2.6694388744959303
-0.34763967597241574,-0.24411801704810426,-0.49137854547099247,-5.582360434031707,-2.078580125735603,-1.1842400595767002,2.669582317621617
-0.3474552759727211,-0.24402672954795185,-0.49128725797084005,-5.582360434031707,-2.078580125735603,-1.1843327845767766,2.6691519882445567
-0.3475474759725684,-0.24402672954795185,-0.49128725797084005,-5.582360434031707,-2.078485356985297,-1.1841473345766238,2.6692476169950146
-0.3474552759727211,-0.24430059204840954,-0.49174482047160284,-5.582207176672828,-2.078674894485908,-1.1841473345766238,2.6692954313702435
-0.3477318759722635,-0.24411801704810426,-0.49137854547099247,-5.582636715280792,-2.078201050734382,-1.184425509576853,2.6692954313702435
-0.34763967597241574,-0.24411801704810426,-0.4914703954711448,-5.582329852227115,-2.078390588234992,-1.184518234576929,2.6693432457454724
-0.34763967597241574,-0.24420930454825712,-0.4918372329717555,-5.582514388062421,-2.078769663236213,-1.1843327845767766,2.6692954313702435
-0.3475474759725684,-0.243935442047799,-0.4911959704706872,-5.582360434031707,-2.078485356985297,-1.1842400595767002,2.6694388744959303
-0.3474552759727211,-0.243935442047799,-0.4912878204708395,-5.582329852227115,-2.078674894485908,-1.1839618845764714,2.6692954313702435
-0.34736307597287375,-0.24411801704810426,-0.49137854547099247,-5.582360434031707,-2.078390588234992,-1.1842400595767002,2.6692954313702435
-0.34763967597241574,-0.243935442047799,-0.4911959704706872,-5.582268340282012,-2.078580125735603,-1.1843327845767766,2.6692476169950146
-0.3474552759727211,-0.243935442047799,-0.49147152047114506,-5.5823607823676245,-2.078106281984077,-1.184518234576929,2.6692954313702435
-0.34763967597241574,-0.24402672954795185,-0.49128725797084005,-5.582360434031707,-2.078485356985297,-1.1842400595767002,2.6692476169950146
-0.2593018592259213,-0.1919128944601866,-0.43111946409112367,-5.109865824461949,-1.6858729911070731,-1.0283610468342854,2.671646237736562
-0.25939405922576864,-0.19163903195972848,-0.43084560159066554,-5.109773730712254,-1.686441603608904,-1.0280828718340567,2.6720765671136224
-0.25939405922576864,-0.19163903195972848,-0.43075375159051277,-5.109804312516846,-1.685683453606463,-1.0283610468342854,2.671598423361333
-0.2593018592259213,-0.19163903195972848,-0.43066190159036,-5.109742800571743,-1.685778222356768,-1.0285464968344378,2.671598423361333
-0.2593018592259213,-0.1921867569606443,-0.43157702659188646,-5.109896754602458,-1.6858729911070731,-1.0285464968344378,2.671646237736562
-0.25957845922546374,-0.19154774445957606,-0.4307543140905131,-5.109716651021607,-1.686346834858599,-1.0278974218339039,2.6717896808622488
-0.2593018592259213,-0.1919128944601866,-0.43111946409112367,-5.109624557271912,-1.686346834858599,-1.0276192468336751,2.6720287527383935
-0.259209659226074,-0.19163903195972848,-0.43066190159036,-5.109593627131402,-1.685588684856158,-1.028824671834667,2.671502794610876
-0.2593018592259213,-0.19182160696003375,-0.43112002659112314,-5.109778162966709,-1.686346834858599,-1.0279901468339803,2.6718374952374777
-0.2593018592259213,-0.19163903195972848,-0.43093745159081787,-5.109778162966709,-1.685683453606463,-1.028824671834667,2.671598423361333
-0.25911745922622664,-0.19182160696003375,-0.43112002659112314,-5.10959397546732,-1.6858729911070731,-1.0283610468342854,2.671646237736562
-0.259209659226074,-0.19173031945988134,-0.4309368890908184,-5.1098087447713025,-1.685588684856158,-1.0283610468342854,2.6717896808622488
-0.2593018592259213,-0.19182160696003375,-0.43093632659081804,-5.109470951577116,-1.6853043786052422,-1.0284537718343618,2.671694052111791
-0.259209659226074,-0.19163903195972848,-0.43084560159066554,-5.109532463522218,-1.685588684856158,-1.0283610468342854,2.671694052111791
-0.25939405922576864,-0.19163903195972848,-0.43075375159051277,-5.109470951577116,-1.685683453606463,-1.0281755968341326,2.671694052111791
-0.2593018592259213,-0.19182160696003375,-0.4310281765909708,-5.109532463522218,-1.6853043786052422,-1.0289173968347434,2.671598423361333
-0.2594862592256164,-0.19173031945988134,-0.4310287390909707,-5.109686069217014,-1.6850200723543263,-1.0291028468348957,2.671359351485189
-0.2594862592256164,-0.19173031945988134,-0.4308450390906656,-5.10956304532681,-1.685778222356768,-1.028268321834209,2.6717896808622488
-0.2593018592259213,-0.19163903195972848,-0.43075375159051277,-5.10956304532681,-1.685588684856158,-1.0283610468342854,2.671598423361333
-0.25911745922622664,-0.19182160696003375,-0.4310281765909708,-5.109624557271912,-1.6853043786052422,-1.0287319468345906,2.671502794610876
-0.2590252592263793,-0.19173031945988134,-0.4309368890908184,-5.109900838520997,-1.685778222356768,-1.0285464968344378,2.671646237736562
-0.259209659226074,-0.19163903195972848,-0.43075375159051277,-5.109470951577116,-1.686062528607684,-1.0281755968341326,2.6719809383631645
-0.25911745922622664,-0.1919128944601866,-0.43111946409112367,-5.109532463522218,-1.685683453606463,-1.0286392218345142,2.671646237736562
-0.2593018592259213,-0.19151625295342506,-0.43066246409036035,-5.109470951577116,-1.685588684856158,-1.0287319468345906,2.671502794610876
-0.25939405922576864,-0.1918814029540356,-0.431211314091276,-5.10940978796793,-1.6853043786052422,-1.028824671834667,2.671598423361333
-0.2593018592259213,-0.19160754045357747,-0.43112115159112296,-5.109624905607829,-1.685683453606463,-1.028268321834209,2.671646237736562
-0.2593018592259213,-0.19179011545388275,-0.43112002659112314,-5.10959397546732,-1.6858729911070731,-1.0279901468339803,2.6718374952374777
-0.2593018592259213,-0.1918814029540356,-0.43093576409081813,-5.109260266191672,-1.685588684856158,-1.0287319468345906,2.671598423361333
-0.259209659226074,-0.19142496545327264,-0.4308467265906658,-5.1095984077217755,-1.685683453606463,-1.028268321834209,2.671598423361333
-0.2593018592259213,-0.19169882795373033,-0.4310287390909707,-5.109444802026978,-1.6858729911070731,-1.0283610468342854,2.671646237736562
-0.2593018592259213,-0.1918814029540356,-0.431211314091276,-5.109536895776673,-1.6854939161058522,-1.0284537718343618,2.6717896808622488
-0.25911745922622664,-0.19179011545388275,-0.4310281765909708,-5.109383290081876,-1.685588684856158,-1.028824671834667,2.671502794610876
-0.25939405922576864,-0.1918814029540356,-0.431211314091276,-5.109444802026978,-1.685588684856158,-1.0285464968344378,2.671694052111791
-0.25911745922622664,-0.19169882795373033,-0.4308450390906656,-5.109321778136774,-1.6853043786052422,-1.0286392218345142,2.671550608986105
-0.259209659226074,-0.19160754045357747,-0.43075375159051277,-5.109137590637385,-1.685778222356768,-1.0283610468342854,2.671646237736562
-0.2593018592259213,-0.19169882795373033,-0.4310287390909707,-5.109536895776673,-1.686062528607684,-1.0280828718340567,2.6718374952374777
-0.25911745922622664,-0.19160754045357747,-0.43075375159051277,-5.109505965636163,-1.685588684856158,-1.0283610468342854,2.671694052111791
-0.259209659226074,-0.19169882795373033,-0.43075318909051286,-5.109352359941367,-1.6858729911070731,-1.0280828718340567,2.6718374952374777
-0.2593018592259213,-0.19179011545388275,-0.43112002659112314,-5.109444802026978,-1.685588684856158,-1.0283610468342854,2.671550608986105
-0.25911745922622664,-0.19160754045357747,-0.43093745159081787,-5.109260614527589,-1.685683453606463,-1.0283610468342854,2.671694052111791
-0.25957845922546374,-0.19179011545388275,-0.43084447659066527,-5.108983984942588,-1.685588684856158,-1.0283610468342854,2.671646237736562
-0.25893305922653154,-0.19179011545388275,-0.4312118765912759,-5.109137938973301,-1.6853991473555472,-1.0286392218345142,2.671694052111791
-0.2593018592259213,-0.19197269045418802,-0.43102705159097054,-5.1091681724419775,-1.685683453606463,-1.028824671834667,2.671598423361333
-0.25911745922622664,-0.19179011545388275,-0.43130372659142824,-5.109107357168709,-1.685778222356768,-1.0283610468342854,2.671598423361333
-0.2593018592259213,-0.19169882795373033,-0.4311205890911235,-5.109230032722997,-1.685588684856158,-1.0287319468345906,2.671598423361333
-0.2594862592256164,-0.19151625295342506,-0.43066246409036035,-5.109321778136774,-1.6853043786052422,-1.0285464968344378,2.671598423361333
-0.2593018592259213,-0.1918814029540356,-0.43130316409142877,-5.109414220222386,-1.685588684856158,-1.0283610468342854,2.671646237736562
-0.25911745922622664,-0.19179011545388275,-0.43112002659112314,-5.109444802026978,-1.6858729911070731,-1.0285464968344378,2.671550608986105
-0.25939405922576864,-0.1918814029540356,-0.43093576409081813,-5.1091681724419775,-1.685588684856158,-1.0286392218345142,2.671646237736562
-0.2593018592259213,-0.19160754045357747,-0.43093745159081787,-5.109260614527589,-1.685588684856158,-1.0285464968344378,2.671646237736562
-0.25939405922576864,-0.19151625295342506,-0.43084616409066545,-5.109168520777894,-1.6853991473555472,-1.0284537718343618,2.671646237736562
-0.2593018592259213,-0.19197269045418802,-0.4311189015911233,-5.108953403137995,-1.6859677598573781,-1.028268321834209,2.671694052111791
-0.2593018592259213,-0.19160754045357747,-0.43084560159066554,-5.1090149150830975,-1.685778222356768,-1.0285464968344378,2.671598423361333
-0.25911745922622664,-0.19160754045357747,-0.43075375159051277,-5.10904549688769,-1.685778222356768,-1.0284537718343618,2.671694052111791
-0.259209659226074,-0.19169882795373033,-0.4308450390906656,-5.109137590637385,-1.685588684856158,-1.0283610468342854,2.671646237736562
-0.2590252592263793,-0.19169882795373033,-0.4310287390909707,-5.109168520777894,-1.6854939161058522,-1.0285464968344378,2.671598423361333
-0.2593018592259213,-0.19160754045357747,-0.43075375159051277,-5.108988417197044,-1.685683453606463,-1.0283610468342854,2.671646237736562
-0.2593018592259213,-0.19179011545388275,-0.43093632659081804,-5.108804229697654,-1.6854939161058522,-1.0286392218345142,2.671550608986105
-0.2593018592259213,-0.1918814029540356,-0.43111946409112367,-5.108865741642756,-1.685683453606463,-1.0281755968341326,2.671646237736562
-0.25911745922622664,-0.19151625295342506,-0.4307543140905131,-5.108865741642756,-1.6853043786052422,-1.0284537718343618,2.671646237736562
-0.259209659226074,-0.1918814029540356,-0.4310276140909709,-5.108804229697654,-1.6852096098549372,-1.0289173968347434,2.671598423361333
-0.2593018592259213,-0.1915760489474265,-0.43093745159081787,-5.109019347337554,-1.685588684856158,-1.0285464968344378,2.671598423361333
-0.259209659226074,-0.1915760489474265,-0.43112115159112296,-5.109050277478063,-1.6854939161058522,-1.0285464968344378,2.671502794610876
-0.25911745922622664,-0.19194119894803705,-0.4312107515912761,-5.108957835392452,-1.686157297357989,-1.0278974218339039,2.6719809383631645
-0.25911745922622664,-0.1915760489474265,-0.43075375159051277,-5.108804229697654,-1.6853991473555472,-1.0283610468342854,2.671694052111791
-0.2593018592259213,-0.1915760489474265,-0.43093745159081787,-5.109019347337554,-1.6853991473555472,-1.0286392218345142,2.671550608986105
-0.2594862592256164,-0.19148476144727408,-0.4307543140905131,-5.108865741642756,-1.6852096098549372,-1.0286392218345142,2.671407165860418
-0.2590252592263793,-0.19175862394773177,-0.4310281765909708,-5.108773647893061,-1.6854939161058522,-1.0285464968344378,2.671646237736562
-0.259209659226074,-0.1915760489474265,-0.43093745159081787,-5.109295628586638,-1.6859677598573781,-1.0283610468342854,2.6718374952374777
-0.25939405922576864,-0.19148476144727408,-0.43066246409036035,-5.1088963234473495,-1.685778222356768,-1.0281755968341326,2.6718374952374777
-0.25939405922576864,-0.1915760489474265,-0.43093745159081787,-5.108927253587858,-1.6854939161058522,-1.0286392218345142,2.671694052111791
-0.25939405922576864,-0.19175862394773177,-0.43093632659081804,-5.1088963234473495,-1.6852096098549372,-1.0286392218345142,2.671454980235647
-0.2593018592259213,-0.19175862394773177,-0.4310281765909708,-5.109049929142147,-1.6853043786052422,-1.0285464968344378,2.671646237736562
-0.25911745922622664,-0.19175862394773177,-0.43112002659112314,-5.1087430660884685,-1.6852096098549372,-1.0286392218345142,2.671454980235647
-0.25939405922576864,-0.19139347394712167,-0.43038747658990284,-5.108865393306839,-1.6853043786052422,-1.028824671834667,2.671502794610876
-0.25939405922576864,-0.19175862394773177,-0.43093632659081804,-5.108804229697654,-1.685588684856158,-1.0283610468342854,2.6717896808622488
-0.2593018592259213,-0.19175862394773177,-0.43112002659112314,-5.108927253587858,-1.6853043786052422,-1.0283610468342854,2.671598423361333
-0.25911745922622664,-0.1915760489474265,-0.43084560159066554,-5.108865741642756,-1.6853991473555472,-1.0284537718343618,2.671694052111791
-0.2594862592256164,-0.1915760489474265,-0.43084560159066554,-5.108865741642756,-1.6853043786052422,-1.0286392218345142,2.671550608986105
-0.2590252592263793,-0.19166733644757936,-0.4309368890908184,-5.108865741642756,-1.6849253036040213,-1.0289173968347434,2.671407165860418
-0.25939405922576864,-0.1915760489474265,-0.43075375159051277,-5.1088963234473495,-1.685588684856158,-1.0285464968344378,2.671598423361333
-0.2593018592259213,-0.1915760489474265,-0.43112115159112296,-5.108866089978673,-1.6853043786052422,-1.0286392218345142,2.671502794610876
-0.2594862592256164,-0.19175862394773177,-0.4312118765912759,-5.108712484283877,-1.685588684856158,-1.0286392218345142,2.6717896808622488
-0.259209659226074,-0.19184991144788463,-0.43130316409142877,-5.108988765532961,-1.685683453606463,-1.0283610468342854,2.671694052111791
-0.25911745922622664,-0.19148476144727408,-0.43066246409036035,-5.108712135947959,-1.6854939161058522,-1.0285464968344378,2.6717896808622488
-0.2593018592259213,-0.19166733644757936,-0.4310287390909707,-5.108927253587858,-1.685588684856158,-1.028268321834209,2.67174186648702
-0.259209659226074,-0.19166733644757936,-0.4311205890911235,-5.108896671783266,-1.685588684856158,-1.0286392218345142,2.671694052111791
-0.259209659226074,-0.19166733644757936,-0.4309368890908184,-5.1086244744527205,-1.6858729911070731,-1.0283610468342854,2.671694052111791
-0.2593018592259213,-0.19175862394773177,-0.4310281765909708,-5.108440286953331,-1.685683453606463,-1.0285464968344378,2.6717896808622488
-0.2593018592259213,-0.19175862394773177,-0.43084447659066527,-5.108317263063126,-1.685588684856158,-1.0285464968344378,2.671550608986105
-0.2593018592259213,-0.19148476144727408,-0.4307543140905131,-5.108532380703026,-1.6854939161058522,-1.0281755968341326,2.671694052111791
-0.2593018592259213,-0.19184991144788463,-0.4310276140909709,-5.108470868757923,-1.685588684856158,-1.0285464968344378,2.671550608986105
-0.2594862592256164,-0.19139347394712167,-0.43047932659005517,-5.10859354431221,-1.685588684856158,-1.0283610468342854,2.671646237736562
-0.2593018592259213,-0.1915760489474265,-0.43075375159051277,-5.108747150007009,-1.6853043786052422,-1.0283610468342854,2.671598423361333
-0.25911745922622664,-0.19166733644757936,-0.4308450390906656,-5.108470868757923,-1.685683453606463,-1.0283610468342854,2.671694052111791
-0.25911745922622664,-0.19175862394773177,-0.43093632659081804,-5.108470868757923,-1.6853991473555472,-1.0285464968344378,2.67174186648702
-0.25911745922622664,-0.1915760489474265,-0.43075375159051277,-5.108839243756703,-1.685683453606463,-1.0283610468342854,2.671646237736562
-0.2593018592259213,-0.19175862394773177,-0.4310281765909708,-5.1086244744527205,-1.6852096098549372,-1.0287319468345906,2.671502794610876
-0.25911745922622664,-0.1915760489474265,-0.43075375159051277,-5.108562962507618,-1.6854939161058522,-1.0287319468345906,2.671694052111791
-0.25911745922622664,-0.19175862394773177,-0.43093632659081804,-5.108655056257312,-1.685588684856158,-1.0285464968344378,2.671550608986105
-0.2594862592256164,-0.1915760489474265,-0.43093745159081787,-5.108593892648128,-1.685683453606463,-1.028268321834209,2.6718374952374777
-0.2593018592259213,-0.1915760489474265,-0.43066190159036,-5.108317263063126,-1.6853991473555472,-1.0287319468345906,2.6717896808622488
-0.25939405922576864,-0.19166733644757936,-0.4308450390906656,-5.108470868757923,-1.685683453606463,-1.0283610468342854,2.6717896808622488
-0.25911745922622664,-0.19166733644757936,-0.4308450390906656,-5.108470868757923,-1.6853991473555472,-1.0283610468342854,2.671550608986105
-0.25911745922622664,-0.1915760489474265,-0.43093745159081787,-5.108778080147517,-1.6854939161058522,-1.0283610468342854,2.671646237736562
-0.25911745922622664,-0.19148476144727408,-0.4307543140905131,-5.108440286953331,-1.685588684856158,-1.0283610468342854,2.67174186648702
-0.25893305922653154,-0.19175862394773177,-0.4310281765909708,-5.108716568202415,-1.6853043786052422,-1.0287319468345906,2.671598423361333
-0.259209659226074,-0.19166733644757936,-0.4310287390909707,-5.108593892648128,-1.685588684856158,-1.0283610468342854,2.671646237736562
-0.2593018592259213,-0.19166733644757936,-0.4308450390906656,-5.108470868757923,-1.6853991473555472,-1.0285464968344378,2.671598423361333
-0.25911745922622664,-0.1915760489474265,-0.43084560159066554,-5.108716568202415,-1.6852096098549372,-1.0285464968344378,2.671598423361333
-0.2593018592259213,-0.19175862394773177,-0.43112002659112314,-5.108501798898433,-1.6852096098549372,-1.0285464968344378,2.671598423361333
-0.2593018592259213,-0.1915760489474265,-0.43075375159051277,-5.108562962507618,-1.685683453606463,-1.0284537718343618,2.671598423361333
-0.259209659226074,-0.1915760489474265,-0.43084560159066554,-5.108440286953331,-1.6853991473555472,-1.0286392218345142,2.671598423361333
-0.25911745922622664,-0.19148476144727408,-0.43066246409036035,-5.108470868757923,-1.6854939161058522,-1.0286392218345142,2.671598423361333
-0.2593018592259213,-0.19166733644757936,-0.4308450390906656,-5.108470868757923,-1.685588684856158,-1.0283610468342854,2.671646237736562
-0.25939405922576864,-0.19148476144727408,-0.43084616409066545,-5.1086859863978225,-1.685683453606463,-1.0283610468342854,2.671646237736562
-0.2593018592259213,-0.19166733644757936,-0.4309368890908184,-5.108440286953331,-1.685588684856158,-1.0287319468345906,2.671646237736562
-0.259209659226074,-0.19175862394773177,-0.43112002659112314,-5.108501798898433,-1.685588684856158,-1.028268321834209,2.671646237736562
-0.259209659226074,-0.19148476144727408,-0.4307543140905131,-5.108532380703026,-1.6853043786052422,-1.0285464968344378,2.671550608986105
-0.2594862592256164,-0.19166733644757936,-0.4311205890911235,-5.108563310843536,-1.6851148411046322,-1.0287319468345906,2.671454980235647
-0.25911745922622664,-0.19175862394773177,-0.43112002659112314,-5.108593892648128,-1.6858729911070731,-1.028268321834209,2.6718374952374777
-0.2593018592259213,-0.19175862394773177,-0.43112002659112314,-5.108501798898433,-1.6854939161058522,-1.0284537718343618,2.671694052111791
-0.25911745922622664,-0.1915760489474265,-0.43084560159066554,-5.108532380703026,-1.685588684856158,-1.0285464968344378,2.671598423361333
-0.25911745922622664,-0.19184991144788463,-0.43111946409112367,-5.108532380703026,-1.6854939161058522,-1.0283610468342854,2.6717896808622488
-0.25911745922622664,-0.1915760489474265,-0.43084560159066554,-5.1083481932036365,-1.685588684856158,-1.0283610468342854,2.671646237736562
-0.2590252592263793,-0.19172713244158077,-0.4312118765912759,-5.108655404593231,-1.685683453606463,-1.0285464968344378,2.671598423361333
-0.259209659226074,-0.19145326994112308,-0.43102986409097055,-5.10875193059738,-1.6853991473555472,-1.0283610468342854,2.671550608986105
-0.2593018592259213,-0.19181841994173363,-0.43111946409112367,-5.1081069260136,-1.685778222356768,-1.0279901468339803,2.6718853096127066
-0.25911745922622664,-0.19163584494142835,-0.4309368890908184,-5.108199019763296,-1.6852096098549372,-1.0287319468345906,2.671694052111791
-0.259209659226074,-0.1915445574412755,-0.43075375159051277,-5.108137507818194,-1.685778222356768,-1.0285464968344378,2.6717896808622488
-0.25911745922622664,-0.1915445574412755,-0.43084560159066554,-5.108383207262685,-1.6852096098549372,-1.0287319468345906,2.671646237736562
-0.25911745922622664,-0.19163584494142835,-0.4309368890908184,-5.108383207262685,-1.6854939161058522,-1.0285464968344378,2.671550608986105
-0.25909268716619166,-0.19172713244158077,-0.4310281765909708,-5.108567394762074,-1.6854939161058522,-1.0285464968344378,2.6718374952374777
-0.25900048716634433,-0.19136198244097066,-0.43075487659051304,-5.108444719207787,-1.6852096098549372,-1.0285464968344378,2.671646237736562
-0.259184887166039,-0.19163584494142835,-0.4312124390912758,-5.108659836847686,-1.685588684856158,-1.0283610468342854,2.67174186648702
-0.25909268716619166,-0.19145326994112308,-0.43084616409066545,-5.108260531708398,-1.6853043786052422,-1.0289173968347434,2.671598423361333
-0.2592770871658863,-0.1915445574412755,-0.43084560159066554,-5.108567394762074,-1.685588684856158,-1.0285464968344378,2.671646237736562
-0.259184887166039,-0.1915445574412755,-0.43075375159051277,-5.108413789067278,-1.685588684856158,-1.0283610468342854,2.671646237736562
-0.2592770871658863,-0.19172713244158077,-0.4310281765909708,-5.108383207262685,-1.6853991473555472,-1.0287319468345906,2.671550608986105
-0.25934451510569867,-0.19181841994173363,-0.4310276140909709,-5.108413789067278,-1.6853991473555472,-1.0285464968344378,2.671502794610876
-0.25943671510554644,-0.19163584494142835,-0.4310287390909707,-5.108260531708398,-1.685588684856158,-1.0286392218345142,2.671646237736562
-0.25925231510585134,-0.19163584494142835,-0.43075318909051286,-5.108168089622786,-1.6854939161058522,-1.0283610468342854,2.671598423361333
-0.25934451510569867,-0.19181841994173363,-0.4313950140915811,-5.108383555598602,-1.6853043786052422,-1.0285464968344378,2.671646237736562
-0.2590679151061567,-0.1915445574412755,-0.43066190159036,-5.108168089622786,-1.6852096098549372,-1.0287319468345906,2.671598423361333
-0.25925231510585134,-0.19181841994173363,-0.4313950140915811,-5.108567743097991,-1.685588684856158,-1.0283610468342854,2.671694052111791
-0.25943671510554644,-0.19163584494142835,-0.4310287390909707,-5.108352625458092,-1.685683453606463,-1.0283610468342854,2.6717896808622488
-0.25925231510585134,-0.1915445574412755,-0.43093745159081787,-5.108444719207787,-1.685588684856158,-1.0287319468345906,2.671694052111791
-0.259160115106004,-0.19145326994112308,-0.4309380140908182,-5.1083220436535,-1.6859677598573781,-1.0279901468339803,2.6718853096127066
-0.25925231510585134,-0.19172713244158077,-0.4312118765912759,-5.108229949903805,-1.6853991473555472,-1.0286392218345142,2.671598423361333
-0.25925231510585134,-0.1915445574412755,-0.43112115159112296,-5.108199368099212,-1.6853991473555472,-1.0286392218345142,2.671646237736562
-0.259160115106004,-0.1915445574412755,-0.43102930159097064,-5.10813785615411,-1.6853043786052422,-1.0287319468345906,2.671598423361333
-0.259160115106004,-0.19172713244158077,-0.4312118765912759,-5.108414137403194,-1.685683453606463,-1.0283610468342854,2.6717896808622488
-0.25888351510646157,-0.19163584494142835,-0.4310287390909707,-5.108260531708398,-1.685683453606463,-1.028268321834209,2.671694052111791
-0.2590679151061567,-0.19172713244158077,-0.4310281765909708,-5.108383207262685,-1.6852096098549372,-1.0285464968344378,2.671694052111791
-0.25934451510569867,-0.19181841994173363,-0.431211314091276,-5.108444719207787,-1.685588684856158,-1.0283610468342854,2.6718374952374777
-0.2590679151061567,-0.1915445574412755,-0.43102930159097064,-5.108414137403194,-1.685683453606463,-1.0285464968344378,2.671454980235647
-0.25897571510630935,-0.19163584494142835,-0.4309368890908184,-5.1082911135129905,-1.685683453606463,-1.0285464968344378,2.671598423361333
-0.25943671510554644,-0.19145326994112308,-0.4307543140905131,-5.108199019763296,-1.685778222356768,-1.0278974218339039,2.6718374952374777
-0.25925231510585134,-0.1915445574412755,-0.43093745159081787,-5.108352625458092,-1.686062528607684,-1.0279901468339803,2.6718374952374777
-0.2590679151061567,-0.19163584494142835,-0.4309368890908184,-5.108014832263906,-1.685588684856158,-1.0285464968344378,2.671646237736562
-0.25934451510569867,-0.19172713244158077,-0.4312118765912759,-5.108045762404416,-1.685588684856158,-1.0285464968344378,2.671694052111791
-0.25934451510569867,-0.1915445574412755,-0.43084560159066554,-5.1081069260136,-1.685683453606463,-1.0285464968344378,2.6717896808622488
-0.2590679151061567,-0.19163584494142835,-0.4308450390906656,-5.108137507818194,-1.6854939161058522,-1.0283610468342854,2.671646237736562
-0.25934451510569867,-0.19163584494142835,-0.43075318909051286,-5.107891808373701,-1.6853043786052422,-1.0284537718343618,2.671646237736562
-0.259160115106004,-0.19163584494142835,-0.4308450390906656,-5.1082296015678885,-1.6851148411046322,-1.0287319468345906,2.671502794610876
-0.2590679151061567,-0.19163584494142835,-0.4310287390909707,-5.108111358268056,-1.685588684856158,-1.0285464968344378,2.671646237736562
-0.25925231510585134,-0.1915445574412755,-0.43075375159051277,-5.107804146878462,-1.685778222356768,-1.0283610468342854,2.671646237736562
-0.2590679151061567,-0.19145326994112308,-0.4309380140908182,-5.107896588964074,-1.6853991473555472,-1.0286392218345142,2.671694052111791
-0.259160115106004,-0.19145326994112308,-0.43084616409066545,-5.108111358268056,-1.685683453606463,-1.0283610468342854,2.6717896808622488
-0.25925231510585134,-0.1915445574412755,-0.43093745159081787,-5.108111358268056,-1.6853991473555472,-1.0287319468345906,2.671694052111791
-0.259160115106004,-0.1915445574412755,-0.43075375159051277,-5.108080428127547,-1.685588684856158,-1.0284537718343618,2.671646237736562
-0.25897571510630935,-0.1915445574412755,-0.43075375159051277,-5.108172521877242,-1.6853043786052422,-1.0283610468342854,2.6718853096127066
-0.25925231510585134,-0.19145326994112308,-0.43084616409066545,-5.1082955457674455,-1.6853991473555472,-1.0286392218345142,2.671646237736562
-0.25925231510585134,-0.19163584494142835,-0.4308450390906656,-5.108172521877242,-1.685588684856158,-1.0283610468342854,2.671694052111791
-0.2590679151061567,-0.19163584494142835,-0.4309368890908184,-5.1082340338223435,-1.685588684856158,-1.0283610468342854,2.671598423361333
-0.25925231510585134,-0.1915445574412755,-0.43084560159066554,-5.108049846322954,-1.6853991473555472,-1.0287319468345906,2.671502794610876
-0.259160115106004,-0.1915445574412755,-0.43102930159097064,-5.108172870213159,-1.6853991473555472,-1.0284537718343618,2.671694052111791
-0.25925231510585134,-0.19172713244158077,-0.43093632659081804,-5.108172521877242,-1.685588684856158,-1.0283610468342854,2.671550608986105
-0.25897571510630935,-0.19145326994112308,-0.43066246409036035,-5.107988334377852,-1.6853991473555472,-1.0287319468345906,2.6717896808622488
-0.2590679151061567,-0.19163584494142835,-0.4310287390909707,-5.108111358268056,-1.685588684856158,-1.0283610468342854,2.67174186648702
-0.25925231510585134,-0.19163584494142835,-0.4308450390906656,-5.107712053128767,-1.6853991473555472,-1.0287319468345906,2.671646237736562
-0.25925231510585134,-0.19163584494142835,-0.4310287390909707,-5.108203452017751,-1.685588684856158,-1.0286392218345142,2.67174186648702
-0.25925231510585134,-0.1915445574412755,-0.43075375159051277,-5.107988334377852,-1.6853991473555472,-1.0287319468345906,2.671694052111791
-0.25888351510646157,-0.19163584494142835,-0.4309368890908184,-5.108049846322954,-1.6853991473555472,-1.0287319468345906,2.671598423361333
-0.25925231510585134,-0.1915445574412755,-0.43102930159097064,-5.108264963962854,-1.6852096098549372,-1.0285464968344378,2.671646237736562
-0.259160115106004,-0.19145326994112308,-0.43084616409066545,-5.1080192645183615,-1.6852096098549372,-1.0287319468345906,2.671550608986105
-0.259160115106004,-0.19145326994112308,-0.43084616409066545,-5.108203452017751,-1.685588684856158,-1.0283610468342854,2.67174186648702
-0.259160115106004,-0.1915445574412755,-0.43075375159051277,-5.107988334377852,-1.6853043786052422,-1.0287319468345906,2.671502794610876
-0.25897571510630935,-0.1915445574412755,-0.43075375159051277,-5.107712053128767,-1.685588684856158,-1.0283610468342854,2.671694052111791
-0.259160115106004,-0.19181841994173363,-0.431211314091276,-5.1080192645183615,-1.6853043786052422,-1.0283610468342854,2.671694052111791
-0.25925231510585134,-0.1915445574412755,-0.43084560159066554,-5.108141940072649,-1.6852096098549372,-1.0284537718343618,2.671694052111791
-0.2590679151061567,-0.19145326994112308,-0.43084616409066545,-5.107742983269278,-1.685588684856158,-1.0281755968341326,2.6719809383631645
-0.25888351510646157,-0.1915445574412755,-0.43075375159051277,-5.107804146878462,-1.6851148411046322,-1.0289173968347434,2.671454980235647
-0.259160115106004,-0.19181841994173363,-0.431211314091276,-5.107927170768667,-1.6851148411046322,-1.0290101218348193,2.671502794610876
-0.259160115106004,-0.19172713244158077,-0.431395576591581,-5.108019612854278,-1.6854939161058522,-1.0286392218345142,2.671550608986105
-0.259160115106004,-0.1912706949408178,-0.43057173909020785,-5.108049846322954,-1.6853991473555472,-1.0285464968344378,2.671598423361333
-0.25888351510646157,-0.19163584494142835,-0.4310287390909707,-5.108111358268056,-1.685683453606463,-1.0283610468342854,2.671646237736562
-0.25934451510569867,-0.19172713244158077,-0.43130372659142824,-5.108234382158261,-1.6853991473555472,-1.0286392218345142,2.6717896808622488
-0.259160115106004,-0.19172713244158077,-0.43112002659112314,-5.108111358268056,-1.6854939161058522,-1.0283610468342854,2.671598423361333
-0.25934451510569867,-0.19163584494142835,-0.4310287390909707,-5.107927170768667,-1.685588684856158,-1.028268321834209,2.671694052111791
-0.25943671510554644,-0.19172713244158077,-0.43112002659112314,-5.108111358268056,-1.685683453606463,-1.0281755968341326,2.6718374952374777
-0.25925231510585134,-0.19163584494142835,-0.4312124390912758,-5.108050194658871,-1.6853991473555472,-1.0285464968344378,2.671694052111791
-0.2590679151061567,-0.19181841994173363,-0.431211314091276,-5.107835077018972,-1.6853043786052422,-1.0289173968347434,2.671646237736562
-0.2590679151061567,-0.19163584494142835,-0.4311205890911235,-5.108264963962854,-1.685588684856158,-1.0285464968344378,2.67174186648702
-0.25943671510554644,-0.19163584494142835,-0.4308450390906656,-5.107712053128767,-1.6853991473555472,-1.0286392218345142,2.67174186648702
-0.25897571510630935,-0.1915445574412755,-0.43093745159081787,-5.107927170768667,-1.6852096098549372,-1.0286392218345142,2.671550608986105
-0.2590679151061567,-0.1915445574412755,-0.43075375159051277,-5.107896240628157,-1.685778222356768,-1.0281755968341326,2.6717896808622488
-0.259160115106004,-0.19145326994112308,-0.43066246409036035,-5.107804146878462,-1.685588684856158,-1.028268321834209,2.671646237736562
-0.259160115106004,-0.1915445574412755,-0.43093745159081787,-5.1080192645183615,-1.6858729911070731,-1.0278974218339039,2.6720287527383935
-0.2590679151061567,-0.19145326994112308,-0.4309380140908182,-5.107988682713769,-1.6853043786052422,-1.0286392218345142,2.671550608986105
-0.25897571510630935,-0.19145326994112308,-0.4307543140905131,-5.107865658823565,-1.6852096098549372,-1.0284537718343618,2.6717896808622488
-0.259160115106004,-0.1915445574412755,-0.43084560159066554,-5.108049846322954,-1.685588684856158,-1.0285464968344378,2.671694052111791
-0.2590679151061567,-0.19163584494142835,-0.4310287390909707,-5.1082955457674455,-1.685588684856158,-1.0283610468342854,2.671694052111791
-0.259160115106004,-0.19145326994112308,-0.4309380140908182,-5.108264963962854,-1.6858729911070731,-1.0283610468342854,2.671694052111791
-0.2590679151061567,-0.1915445574412755,-0.43084560159066554,-5.107865658823565,-1.6852096098549372,-1.0289173968347434,2.671598423361333
-0.25897571510630935,-0.19163584494142835,-0.4310287390909707,-5.108111358268056,-1.685588684856158,-1.028268321834209,2.67174186648702
-0.259160115106004,-0.19142177843497207,-0.4305706140902076,-5.107650541183665,-1.685683453606463,-1.0285464968344378,2.6717896808622488
-0.2590679151061567,-0.19160435343527735,-0.4310287390909707,-5.108111358268056,-1.685588684856158,-1.0283610468342854,2.67174186648702
-0.2590679151061567,-0.19142177843497207,-0.4307543140905131,-5.107865658823565,-1.685778222356768,-1.028268321834209,2.6718853096127066
-0.25897571510630935,-0.19142177843497207,-0.43084616409066545,-5.1080192645183615,-1.6853043786052422,-1.0286392218345142,2.671646237736562
-0.2590679151061567,-0.1915130659351245,-0.43093745159081787,-5.107835077018972,-1.685588684856158,-1.0283610468342854,2.671694052111791
-0.2590679151061567,-0.1915130659351245,-0.43093745159081787,-5.107927170768667,-1.6853991473555472,-1.0285464968344378,2.67174186648702
-0.2590679151061567,-0.19178692843558262,-0.43130316409142877,-5.107839509273427,-1.6853991473555472,-1.0283610468342854,2.671646237736562
-0.25888351510646157,-0.19142177843497207,-0.4307543140905131,-5.107532297883834,-1.6853991473555472,-1.0285464968344378,2.671598423361333
-0.259160115106004,-0.1915130659351245,-0.43075375159051277,-5.107654973438121,-1.685588684856158,-1.0286392218345142,2.6717896808622488
-0.2590679151061567,-0.19133049093481966,-0.4306630265903607,-5.1079006728826135,-1.685588684856158,-1.0284537718343618,2.67174186648702
-0.2590679151061567,-0.19160435343527735,-0.4311205890911235,-5.108023696772818,-1.686157297357989,-1.0278974218339039,2.6720287527383935
-0.259160115106004,-0.19178692843558262,-0.4310276140909709,-5.107747067187816,-1.685588684856158,-1.028268321834209,2.6718853096127066
-0.25888351510646157,-0.19169564093542976,-0.43112002659112314,-5.107593809828936,-1.685588684856158,-1.0285464968344378,2.671598423361333
-0.25925231510585134,-0.19169564093542976,-0.4310281765909708,-5.107624391633529,-1.685683453606463,-1.028268321834209,2.671694052111791
-0.25888351510646157,-0.19142177843497207,-0.4307543140905131,-5.107624391633529,-1.6853043786052422,-1.0283610468342854,2.671646237736562
-0.25925231510585134,-0.19160435343527735,-0.4310287390909707,-5.107685903578631,-1.685588684856158,-1.0285464968344378,2.671646237736562
-0.2590679151061567,-0.19160435343527735,-0.4309368890908184,-5.107624391633529,-1.6853991473555472,-1.0285464968344378,2.671646237736562
-0.2590679151061567,-0.1915130659351245,-0.43084560159066554,-5.1079006728826135,-1.685588684856158,-1.0283610468342854,2.671646237736562
-0.25897571510630935,-0.1915130659351245,-0.43112115159112296,-5.107901021218529,-1.685778222356768,-1.028268321834209,2.6719331239879356
-0.2590679151061567,-0.19160435343527735,-0.4310287390909707,-5.1079621848277155,-1.6859677598573781,-1.0280828718340567,2.6718374952374777
-0.25897571510630935,-0.1915130659351245,-0.43102930159097064,-5.107839509273427,-1.6852096098549372,-1.0286392218345142,2.671550608986105
-0.25897571510630935,-0.1915130659351245,-0.43112115159112296,-5.107901021218529,-1.6851148411046322,-1.0287319468345906,2.671598423361333
-0.25934451510569867,-0.19133049093481966,-0.4310304265909709,-5.108054626913327,-1.6853043786052422,-1.0284537718343618,2.67174186648702
-0.259160115106004,-0.19142177843497207,-0.4307543140905131,-5.107624391633529,-1.6858729911070731,-1.028268321834209,2.6717896808622488
-0.2590679151061567,-0.19142177843497207,-0.43084616409066545,-5.107685903578631,-1.685778222356768,-1.0283610468342854,2.671694052111791
-0.2590679151061567,-0.19160435343527735,-0.4310287390909707,-5.107777997328325,-1.6853043786052422,-1.0285464968344378,2.671646237736562
-0.2590679151061567,-0.19169564093542976,-0.43112002659112314,-5.107685903578631,-1.685778222356768,-1.0283610468342854,2.671694052111791
-0.25925231510585134,-0.1915130659351245,-0.43112115159112296,-5.10771683371914,-1.6854939161058522,-1.0286392218345142,2.671550608986105
-0.259160115106004,-0.19160435343527735,-0.4309368890908184,-5.1079006728826135,-1.6858729911070731,-1.0283610468342854,2.6718374952374777
-0.2590679151061567,-0.1915130659351245,-0.43084560159066554,-5.107624391633529,-1.6853043786052422,-1.028824671834667,2.671598423361333
-0.25897571510630935,-0.1915130659351245,-0.43102930159097064,-5.107839509273427,-1.6853991473555472,-1.0286392218345142,2.671646237736562
-0.25925231510585134,-0.1915130659351245,-0.43084560159066554,-5.107532297883834,-1.6858729911070731,-1.0278974218339039,2.6719331239879356
-0.2590679151061567,-0.19160435343527735,-0.4312124390912758,-5.10771683371914,-1.685778222356768,-1.0283610468342854,2.671694052111791
-0.259160115106004,-0.19160435343527735,-0.4311205890911235,-5.107747415523733,-1.6853991473555472,-1.0285464968344378,2.6717896808622488
-0.1730956380553674,-0.1396384148233658,-0.34558514123459294,-4.634224447926987,-1.2796858867620802,-0.9280514184391332,2.6753913666477205
-0.1730956380553674,-0.13945583982306053,-0.34521886623398257,-4.634101424036782,-1.2798754242626902,-0.9282368684392855,2.6752479235220337
-0.1730956380553674,-0.13936455232290812,-0.3452194287339825,-4.634347123481273,-1.2796858867620802,-0.9283295934393619,2.6752957378972626
-0.17318783805521473,-0.1395471273232134,-0.34512645373383033,-4.634070493896273,-1.280159730513606,-0.9278659684389804,2.6754869953981784
-0.17300343805551963,-0.13945583982306053,-0.34521886623398257,-4.634101424036782,-1.2794015805111643,-0.9282368684392855,2.6752479235220337
-0.1729112380556723,-0.13936455232290812,-0.3452194287339825,-4.6342550297315785,-1.2797806555123852,-0.9281441434392091,2.6753435522724915
-0.17300343805551963,-0.13945583982306053,-0.3453107162341349,-4.634162935981884,-1.2797806555123852,-0.9281441434392091,2.6752001091468047
-0.17272683805597763,-0.13945583982306053,-0.34503516623367747,-4.634162587645967,-1.2800649617633002,-0.9279586934390568,2.6755826241486362
-0.1730956380553674,-0.13945583982306053,-0.3453107162341349,-4.634070842232189,-1.2798754242626902,-0.9282368684392855,2.6753913666477205
-0.17300343805551963,-0.1395471273232134,-0.3453101537341354,-4.634101424036782,-1.2795911180117743,-0.9286077684395907,2.6752001091468047
-0.1730956380553674,-0.13945583982306053,-0.34521886623398257,-4.634101424036782,-1.2798754242626902,-0.9282368684392855,2.6753913666477205
-0.17328003805506206,-0.13936455232290812,-0.34494387873352506,-4.633886306396883,-1.2796858867620802,-0.9283295934393619,2.6753913666477205
-0.17318783805521473,-0.13945583982306053,-0.34540256623428767,-4.634224447926987,-1.2796858867620802,-0.9282368684392855,2.6752957378972626
-0.17300343805551963,-0.1395471273232134,-0.34558570373459285,-4.634193866122394,-1.2793068117608593,-0.9287004934396671,2.675104480396347
-0.17318783805521473,-0.1395156358170624,-0.3454938537344405,-4.634316541676681,-1.2797806555123852,-0.9282368684392855,2.6753435522724915
-0.1730956380553674,-0.13942434831690953,-0.3453107162341349,-4.634070842232189,-1.2800649617633002,-0.9282368684392855,2.6754391810229494
-0.17328003805506206,-0.13942434831690953,-0.34540256623428767,-4.634040260427597,-1.280159730513606,-0.9278659684389804,2.6754869953981784
-0.1730956380553674,-0.13933306081675711,-0.34531127873413525,-4.634132354177292,-1.2798754242626902,-0.9283295934393619,2.6752957378972626
-0.1730956380553674,-0.1395156358170624,-0.3453101537341354,-4.633825142787698,-1.2796858867620802,-0.9282368684392855,2.6752001091468047
-0.17318783805521473,-0.13942434831690953,-0.34521886623398257,-4.634009330287087,-1.280254499263911,-0.927773243438904,2.6754869953981784
-0.17318783805521473,-0.1395156358170624,-0.34540200373428775,-4.634347123481273,-1.2800649617633002,-0.9281441434392091,2.6753913666477205
-0.1730956380553674,-0.13933306081675711,-0.3454031287342876,-4.634101772372699,-1.2798754242626902,-0.9283295934393619,2.6753913666477205
-0.1730956380553674,-0.13942434831690953,-0.34540256623428767,-4.634316541676681,-1.2799701930129952,-0.9281441434392091,2.6754391810229494
-0.17318783805521473,-0.13933306081675711,-0.34512757873383015,-4.634101424036782,-1.2796858867620802,-0.9282368684392855,2.6753913666477205
-0.1730956380553674,-0.13969821081736722,-0.3455845787345926,-4.633978748482495,-1.2797806555123852,-0.9284223184394383,2.6752957378972626
-0.17300343805551963,-0.1395156358170624,-0.34540200373428775,-4.633921668791849,-1.280159730513606,-0.9275877934387516,2.6755348097734073
-0.1730956380553674,-0.13969821081736722,-0.3457682787348977,-4.633952598932359,-1.2798754242626902,-0.9283295934393619,2.6753435522724915
-0.17300343805551963,-0.1396069233172148,-0.34558514123459294,-4.633891086987257,-1.2799701930129952,-0.9281441434392091,2.6754391810229494
-0.17328003805506206,-0.13942434831690953,-0.34521886623398257,-4.633952250596442,-1.2799701930129952,-0.9279586934390568,2.6754869953981784
-0.17318783805521473,-0.13942434831690953,-0.34521886623398257,-4.633491781847967,-1.2798754242626902,-0.9281441434392091,2.6752957378972626
-0.17300343805551963,-0.13942434831690953,-0.34549441623444,-4.634136786431748,-1.2796858867620802,-0.9283295934393619,2.6754391810229494
-0.17318783805521473,-0.1395156358170624,-0.34540200373428775,-4.633553293793069,-1.2798754242626902,-0.9282368684392855,2.6754869953981784
-0.17328003805506206,-0.13942434831690953,-0.3453107162341349,-4.633921668791849,-1.2795911180117743,-0.9283295934393619,2.6752001091468047
-0.1730956380553674,-0.1395156358170624,-0.3454938537344405,-4.633983180736951,-1.2799701930129952,-0.9281441434392091,2.6753913666477205
-0.1730956380553674,-0.1395156358170624,-0.3453101537341354,-4.633768063097053,-1.2799701930129952,-0.9279586934390568,2.6754391810229494
-0.1730956380553674,-0.13924177331660426,-0.3450362912336773,-4.633952250596442,-1.2797806555123852,-0.9281441434392091,2.6753913666477205
-0.1729112380556723,-0.1396069233172148,-0.34540144123428784,-4.633768063097053,-1.280159730513606,-0.9281441434392091,2.6753913666477205
-0.1729112380556723,-0.13924177331660426,-0.3452199912339824,-4.634075274486646,-1.2800649617633002,-0.9280514184391332,2.6754391810229494
-0.1730956380553674,-0.13942434831690953,-0.3453107162341349,-4.633921668791849,-1.2797806555123852,-0.9283295934393619,2.6752957378972626
-0.17300343805551963,-0.1395754318110638,-0.34558514123459294,-4.633891086987257,-1.2799701930129952,-0.9279586934390568,2.6752957378972626
-0.1730956380553674,-0.13921028181045325,-0.3451281412338296,-4.633921668791849,-1.2796858867620802,-0.9283295934393619,2.6753913666477205
-0.17300343805551963,-0.13939285681075853,-0.3453107162341349,-4.633829575042155,-1.2799701930129952,-0.9282368684392855,2.6753913666477205
-0.17300343805551963,-0.13948414431091138,-0.3453101537341354,-4.633952250596442,-1.2793068117608593,-0.9286077684395907,2.6752957378972626
-0.1730956380553674,-0.13921028181045325,-0.3452199912339824,-4.633798993237561,-1.2796858867620802,-0.9281441434392091,2.6753913666477205
-0.17318783805521473,-0.13921028181045325,-0.3450362912336773,-4.633583875597662,-1.2797806555123852,-0.9283295934393619,2.6753913666477205
-0.17300343805551963,-0.13966671931121621,-0.3455845787345926,-4.633645387542764,-1.2799701930129952,-0.9281441434392091,2.6754391810229494
-0.17328003805506206,-0.13948414431091138,-0.3453101537341354,-4.633768063097053,-1.2798754242626902,-0.9282368684392855,2.6753435522724915
-0.1730956380553674,-0.13948414431091138,-0.34540200373428775,-4.633737481292458,-1.2796858867620802,-0.9283295934393619,2.675104480396347
-0.1730956380553674,-0.13939285681075853,-0.34521886623398257,-4.6338601568467475,-1.2798754242626902,-0.9285150434395143,2.6752957378972626
-0.17300343805551963,-0.13939285681075853,-0.34521886623398257,-4.633768063097053,-1.2796858867620802,-0.9282368684392855,2.6754391810229494
-0.1729112380556723,-0.1393015693106061,-0.34531127873413525,-4.633983180736951,-1.2795911180117743,-0.9283295934393619,2.6752957378972626
-0.1730956380553674,-0.1393015693106061,-0.34512757873383015,-4.633952250596442,-1.2796858867620802,-0.9280514184391332,2.6752957378972626
-0.1730956380553674,-0.13939285681075853,-0.3453107162341349,-4.633829575042155,-1.280159730513606,-0.9279586934390568,2.6755826241486362
-0.1730956380553674,-0.1395754318110638,-0.34549329123444017,-4.633645387542764,-1.280159730513606,-0.9279586934390568,2.6754869953981784
-0.1730956380553674,-0.13921028181045325,-0.3451281412338296,-4.633829575042155,-1.2797806555123852,-0.9282368684392855,2.6752957378972626
-0.1729112380556723,-0.13939285681075853,-0.34540256623428767,-4.633891086987257,-1.2796858867620802,-0.9284223184394383,2.6752479235220337
-0.1729112380556723,-0.1395754318110638,-0.34567699123474527,-4.6337684114329685,-1.2797806555123852,-0.9279586934390568,2.6753913666477205
-0.17300343805551963,-0.13948414431091138,-0.34540200373428775,-4.633645387542764,-1.2798754242626902,-0.9282368684392855,2.6752479235220337
-0.17300343805551963,-0.1395754318110638,-0.34567699123474527,-4.633952598932359,-1.2800649617633002,-0.9283295934393619,2.6753435522724915
-0.1730956380553674,-0.1393015693106061,-0.34512757873383015,-4.633583875597662,-1.2797806555123852,-0.9282368684392855,2.6754391810229494
-0.1730956380553674,-0.13939285681075853,-0.34540256623428767,-4.633741913546915,-1.2795911180117743,-0.9283295934393619,2.6752957378972626
-0.1730956380553674,-0.13948414431091138,-0.3454938537344405,-4.633557726047526,-1.2798754242626902,-0.9279586934390568,2.6753913666477205
-0.17300343805551963,-0.13911899431030084,-0.3447613037332198,-4.633495865766507,-1.2800649617633002,-0.9281441434392091,2.6753913666477205
-0.17328003805506206,-0.13966671931121621,-0.34567642873474536,-4.633465632297831,-1.2796858867620802,-0.9283295934393619,2.6753435522724915
-0.1730956380553674,-0.1393015693106061,-0.3452194287339825,-4.633496214102423,-1.2796858867620802,-0.9282368684392855,2.6753913666477205
-0.17318783805521473,-0.1393015693106061,-0.34531127873413525,-4.6333735385481365,-1.2798754242626902,-0.9282368684392855,2.6753913666477205
-0.1730956380553674,-0.13939285681075853,-0.34540256623428767,-4.6336498197972205,-1.2800649617633002,-0.9281441434392091,2.6754869953981784
-0.1730956380553674,-0.1395754318110638,-0.34558514123459294,-4.633465632297831,-1.2794963492614693,-0.9286077684395907,2.6752957378972626
-0.17328003805506206,-0.13939285681075853,-0.34549441623444,-4.633527144242933,-1.2799701930129952,-0.9281441434392091,2.6753435522724915
-0.17318783805521473,-0.13921028181045325,-0.3452199912339824,-4.633557726047526,-1.2796858867620802,-0.9285150434395143,2.6752479235220337
-0.17328003805506206,-0.13911899431030084,-0.3450368537336772,-4.633312026603034,-1.2799701930129952,-0.927773243438904,2.6753435522724915
-0.1730956380553674,-0.1393015693106061,-0.34549497873444035,-4.63349656243834,-1.2797806555123852,-0.9283295934393619,2.6753913666477205
-0.17318783805521473,-0.1393015693106061,-0.34512757873383015,-4.633342608407626,-1.2798754242626902,-0.9282368684392855,2.6753913666477205
-0.17328003805506206,-0.13948414431091138,-0.34558570373459285,-4.633250862993847,-1.2800649617633002,-0.9282368684392855,2.6752957378972626
-0.17318783805521473,-0.1393015693106061,-0.3454031287342876,-4.6334350504932384,-1.280159730513606,-0.9281441434392091,2.6754869953981784
-0.17328003805506206,-0.13939285681075853,-0.3453107162341349,-4.633404120352728,-1.2795911180117743,-0.9285150434395143,2.6752957378972626
-0.17318783805521473,-0.1393015693106061,-0.34512757873383015,-4.633434702157321,-1.2794963492614693,-0.9282368684392855,2.6753913666477205
-0.17346443805475673,-0.13948414431091138,-0.34540200373428775,-4.633404120352728,-1.2798754242626902,-0.9280514184391332,2.6754869953981784
-0.1730956380553674,-0.13939285681075853,-0.34521886623398257,-4.633618889656711,-1.2797806555123852,-0.9279586934390568,2.6753913666477205
-0.17318783805521473,-0.13921028181045325,-0.3452199912339824,-4.633465632297831,-1.2799701930129952,-0.9283295934393619,2.6752957378972626
-0.17272683805597763,-0.1395754318110638,-0.34530959123413507,-4.6332810964625235,-1.2799701930129952,-0.9281441434392091,2.6753913666477205
-0.1729112380556723,-0.13939285681075853,-0.34521886623398257,-4.633434702157321,-1.2797806555123852,-0.9281441434392091,2.6752957378972626
-0.17318783805521473,-0.13948414431091138,-0.3454938537344405,-4.6333735385481365,-1.2799701930129952,-0.9282368684392855,2.6752479235220337
-0.1729112380556723,-0.13939285681075853,-0.34521886623398257,-4.633342608407626,-1.2796858867620802,-0.9282368684392855,2.675104480396347
-0.1730956380553674,-0.1393015693106061,-0.34512757873383015,-4.633342608407626,-1.280159730513606,-0.9279586934390568,2.6753913666477205
-0.1729112380556723,-0.1393015693106061,-0.34531127873413525,-4.6333735385481365,-1.2794963492614693,-0.9285150434395143,2.675104480396347
-0.1729112380556723,-0.13939285681075853,-0.34549441623444,-4.633250862993847,-1.2804440367645211,-0.9278659684389804,2.675630438523865
-0.1730956380553674,-0.13921028181045325,-0.3452199912339824,-4.633557726047526,-1.2797806555123852,-0.9281441434392091,2.6753913666477205
-0.1729112380556723,-0.13939285681075853,-0.34540256623428767,-4.633281444798442,-1.2797806555123852,-0.9283295934393619,2.6753913666477205
-0.17318783805521473,-0.1393015693106061,-0.34512757873383015,-4.633250514657932,-1.2797806555123852,-0.9281441434392091,2.6752957378972626
-0.17318783805521473,-0.13939285681075853,-0.34521886623398257,-4.633434702157321,-1.2799701930129952,-0.9279586934390568,2.6753913666477205
-0.17300343805551963,-0.1393015693106061,-0.34512757873383015,-4.633342608407626,-1.2795911180117743,-0.9282368684392855,2.6753913666477205
-0.1729112380556723,-0.13948414431091138,-0.3453101537341354,-4.633250514657932,-1.2796858867620802,-0.9281441434392091,2.6754391810229494
-0.17318783805521473,-0.13939285681075853,-0.34521886623398257,-4.633250514657932,-1.2798754242626902,-0.9281441434392091,2.6753913666477205
-0.1729112380556723,-0.1393015693106061,-0.3452194287339825,-4.633404120352728,-1.2800649617633002,-0.9279586934390568,2.6753913666477205
-0.1730956380553674,-0.13911899431030084,-0.3449450037335249,-4.633342608407626,-1.2798754242626902,-0.9283295934393619,2.6752957378972626
-0.17318783805521473,-0.13921028181045325,-0.3452199912339824,-4.633189351048745,-1.2798754242626902,-0.9279586934390568,2.6754869953981784
-0.1730956380553674,-0.13948414431091138,-0.3454938537344405,-4.633281444798442,-1.2798754242626902,-0.9281441434392091,2.6753913666477205
-0.1730956380553674,-0.13939285681075853,-0.34558626623459276,-4.633404468688646,-1.280159730513606,-0.9278659684389804,2.675630438523865
-0.1730956380553674,-0.13945265280476038,-0.34540200373428775,-4.633496214102423,-1.2797806555123852,-0.9283295934393619,2.6753913666477205
-0.1730956380553674,-0.1392700778044551,-0.34531127873413525,-4.6333735385481365,-1.280159730513606,-0.9280514184391332,2.6754869953981784
-0.17318783805521473,-0.13945265280476038,-0.3454938537344405,-4.633465632297831,-1.2795911180117743,-0.9284223184394383,2.6752957378972626
-0.17328003805506206,-0.1392700778044551,-0.34531127873413525,-4.633189351048745,-1.2794963492614693,-0.9282368684392855,2.6752001091468047
-0.17328003805506206,-0.13917879030430225,-0.3450362912336773,-4.633342608407626,-1.2794015805111643,-0.9286077684395907,2.6752957378972626
-0.1729112380556723,-0.13917879030430225,-0.3452199912339824,-4.633189351048745,-1.2799701930129952,-0.9280514184391332,2.6753913666477205
-0.1730956380553674,-0.13936136530460752,-0.3453107162341349,-4.633312026603034,-1.2799701930129952,-0.9282368684392855,2.6754391810229494
-0.1730956380553674,-0.1392700778044551,-0.3452194287339825,-4.633312026603034,-1.2794963492614693,-0.9285150434395143,2.6753435522724915
-0.1730956380553674,-0.13917879030430225,-0.3451281412338296,-4.633162853162693,-1.2798754242626902,-0.9281441434392091,2.6754869953981784
-0.1730956380553674,-0.13936136530460752,-0.3453107162341349,-4.633070759412998,-1.2794015805111643,-0.9281441434392091,2.6752001091468047
-0.17300343805551963,-0.13936136530460752,-0.34540256623428767,-4.633224365107795,-1.2798754242626902,-0.9282368684392855,2.6753913666477205
-0.1730956380553674,-0.1395439403049128,-0.34549329123444017,-4.632978665663302,-1.2800649617633002,-0.9283295934393619,2.6753913666477205
-0.1729112380556723,-0.13908750280414983,-0.34512870373383,-4.633224365107795,-1.2798754242626902,-0.9280514184391332,2.6753913666477205
-0.17346443805475673,-0.13936136530460752,-0.34521886623398257,-4.633101341217591,-1.2795911180117743,-0.9286077684395907,2.675104480396347
-0.17328003805506206,-0.13936136530460752,-0.34540256623428767,-4.633224365107795,-1.2795911180117743,-0.9283295934393619,2.6752957378972626
-0.17318783805521473,-0.1392700778044551,-0.34512757873383015,-4.6329171537182,-1.2798754242626902,-0.9281441434392091,2.6753435522724915
-0.1730956380553674,-0.1392700778044551,-0.3454031287342876,-4.633193783303202,-1.2798754242626902,-0.9279586934390568,2.6754391810229494
-0.1730956380553674,-0.13945265280476038,-0.3454938537344405,-4.6331322713581,-1.2797806555123852,-0.9281441434392091,2.6753913666477205
-0.17318783805521473,-0.13917879030430225,-0.3449444412335245,-4.633039829272488,-1.2796858867620802,-0.9285150434395143,2.6752001091468047
-0.17318783805521473,-0.13936136530460752,-0.34540256623428767,-4.6331322713581,-1.2798754242626902,-0.9283295934393619,2.6752001091468047
-0.17318783805521473,-0.1392700778044551,-0.3452194287339825,-4.633070759412998,-1.2800649617633002,-0.9281441434392091,2.6754869953981784
-0.17300343805551963,-0.13936136530460752,-0.34540256623428767,-4.632763896359321,-1.2800649617633002,-0.9283295934393619,2.6753435522724915
-0.1730956380553674,-0.1392700778044551,-0.34531127873413525,-4.633040177608405,-1.2797806555123852,-0.9281441434392091,2.6754391810229494
-0.17346443805475673,-0.13936136530460752,-0.34549441623444,-4.632825408304423,-1.2794015805111643,-0.9285150434395143,2.675104480396347
-0.1729112380556723,-0.13945265280476038,-0.3453101537341354,-4.632548778719421,-1.2796858867620802,-0.9281441434392091,2.6754391810229494
-0.1730956380553674,-0.13936136530460752,-0.3451270162338298,-4.6329477355227935,-1.2797806555123852,-0.9284223184394383,2.6752957378972626
-0.17328003805506206,-0.13936136530460752,-0.34521886623398257,-4.633101341217591,-1.2797806555123852,-0.9282368684392855,2.6753913666477205
-0.1729112380556723,-0.13945265280476038,-0.34540200373428775,-4.632978665663302,-1.2798754242626902,-0.9283295934393619,2.6753435522724915
-0.1730956380553674,-0.13936136530460752,-0.34521886623398257,-4.633101341217591,-1.2795911180117743,-0.9282368684392855,2.6753913666477205
-0.1730956380553674,-0.13899621530399742,-0.34503741623367756,-4.633040177608405,-1.2797806555123852,-0.9283295934393619,2.6753913666477205
-0.17318783805521473,-0.1395439403049128,-0.34549329123444017,-4.633070759412998,-1.2794963492614693,-0.9281441434392091,2.6752957378972626
-0.1730956380553674,-0.13945265280476038,-0.34540200373428775,-4.633162853162693,-1.2796858867620802,-0.9280514184391332,2.6752957378972626
-0.1729112380556723,-0.13917879030430225,-0.3452199912339824,-4.633040177608405,-1.2796858867620802,-0.9280514184391332,2.6754391810229494
-0.17318783805521473,-0.13945265280476038,-0.3454938537344405,-4.632763896359321,-1.2798754242626902,-0.9280514184391332,2.6754869953981784
-0.17318783805521473,-0.13908750280414983,-0.3449450037335249,-4.632825059968505,-1.2798754242626902,-0.9283295934393619,2.6753913666477205
-0.1729112380556723,-0.1392700778044551,-0.34531127873413525,-4.633040177608405,-1.2796858867620802,-0.9286077684395907,2.6752001091468047
-0.1733722380549094,-0.1392700778044551,-0.34531127873413525,-4.63294808385871,-1.2796858867620802,-0.9281441434392091,2.6753435522724915
-0.17328003805506206,-0.1395439403049128,-0.34540144123428784,-4.6329171537182,-1.2797806555123852,-0.9284223184394383,2.6753435522724915
-0.17318783805521473,-0.1392700778044551,-0.34512757873383015,-4.632825059968505,-1.2794015805111643,-0.9286077684395907,2.6752001091468047
-0.17328003805506206,-0.13945265280476038,-0.34540200373428775,-4.632702384414218,-1.2798754242626902,-0.9281441434392091,2.6752957378972626
-0.1730956380553674,-0.13899621530399742,-0.34522111623398266,-4.633347388997999,-1.2799701930129952,-0.9281441434392091,2.6753435522724915
-0.17318783805521473,-0.13936136530460752,-0.3453107162341349,-4.632702384414218,-1.2797806555123852,-0.9281441434392091,2.6753913666477205
-0.17318783805521473,-0.13945265280476038,-0.34540200373428775,-4.632886571913607,-1.2796858867620802,-0.9282368684392855,2.6753435522724915
-0.17318783805521473,-0.13917879030430225,-0.3452199912339824,-4.632855990109015,-1.2794015805111643,-0.9285150434395143,2.6752479235220337
-0.1730956380553674,-0.13917879030430225,-0.3452199912339824,-4.632763896359321,-1.2796858867620802,-0.9280514184391332,2.6753913666477205
-0.17300343805551963,-0.13936136530460752,-0.34521886623398257,-4.632640872469116,-1.2799701930129952,-0.9278659684389804,2.6753913666477205
-0.17318783805521473,-0.1392700778044551,-0.34531127873413525,-4.632763896359321,-1.2800649617633002,-0.9281441434392091,2.6754391810229494
-0.1729112380556723,-0.1392700778044551,-0.34512757873383015,-4.633009247467896,-1.2800649617633002,-0.9281441434392091,2.6754391810229494
-0.1730956380553674,-0.13936136530460752,-0.34521886623398257,-4.63276798027786,-1.2805388055148261,-0.9275877934387516,2.6755348097734073
-0.17318783805521473,-0.1395439403049128,-0.34567699123474527,-4.632584141114387,-1.2797806555123852,-0.9279586934390568,2.6755348097734073
-0.1729112380556723,-0.13917879030430225,-0.3450362912336773,-4.632675886528165,-1.2798754242626902,-0.9282368684392855,2.6753913666477205
-0.1730956380553674,-0.13917879030430225,-0.3449444412335245,-4.632890655832147,-1.2798754242626902,-0.9280514184391332,2.6753913666477205
-0.1733722380549094,-0.13917879030430225,-0.3451281412338296,-4.632369023474489,-1.2798754242626902,-0.9283295934393619,2.6754869953981784
-0.17318783805521473,-0.13936136530460752,-0.34540256623428767,-4.63261472291898,-1.2799701930129952,-0.9279586934390568,2.6754391810229494
-0.17318783805521473,-0.13945265280476038,-0.3453101537341354,-4.632952167777249,-1.2797806555123852,-0.9282368684392855,2.6754391810229494
-0.1730956380553674,-0.1392700778044551,-0.34512757873383015,-4.632675886528165,-1.2798754242626902,-0.9280514184391332,2.6755348097734073
-0.17318783805521473,-0.13945265280476038,-0.3454938537344405,-4.632891004168064,-1.2794015805111643,-0.9283295934393619,2.6752957378972626
-0.17318783805521473,-0.1392700778044551,-0.34512757873383015,-4.63276798027786,-1.280254499263911,-0.927773243438904,2.675678252899094
-0.17300343805551963,-0.13936136530460752,-0.34540256623428767,-4.6329830979177595,-1.2799701930129952,-0.9283295934393619,2.6753913666477205
-0.17318783805521473,-0.13936136530460752,-0.34521886623398257,-4.632675886528165,-1.2799701930129952,-0.9281441434392091,2.6754391810229494
-0.17300343805551963,-0.13917879030430225,-0.3452199912339824,-4.632798910418369,-1.2796858867620802,-0.9282368684392855,2.6753435522724915
-0.17318783805521473,-0.1392700778044551,-0.34531127873413525,-4.632430535419591,-1.2795911180117743,-0.9283295934393619,2.6752001091468047
-0.17318783805521473,-0.1392700778044551,-0.3454031287342876,-4.632676234864082,-1.2799701930129952,-0.9281441434392091,2.6754391810229494
-0.17318783805521473,-0.13936136530460752,-0.34540256623428767,-4.632798910418369,-1.2799701930129952,-0.9280514184391332,2.6753913666477205
-0.1733722380549094,-0.13917879030430225,-0.3452199912339824,-4.632891004168064,-1.2800649617633002,-0.9281441434392091,2.6754391810229494
-0.17328003805506206,-0.13945265280476038,-0.3453101537341354,-4.6323996052790815,-1.2797806555123852,-0.9282368684392855,2.6752479235220337
-0.1730956380553674,-0.1392700778044551,-0.3454031287342876,-4.632584141114387,-1.2799701930129952,-0.9280514184391332,2.6754391810229494
-0.17328003805506206,-0.13936136530460752,-0.34558626623459276,-4.632829840558879,-1.2797806555123852,-0.9283295934393619,2.6753913666477205
-0.17318783805521473,-0.1392700778044551,-0.34531127873413525,-4.632891004168064,-1.2803492680142161,-0.9275877934387516,2.675726067274323
-0.17318783805521473,-0.13917879030430225,-0.3451281412338296,-4.632553210973878,-1.2796858867620802,-0.9281441434392091,2.6753913666477205
-0.17318783805521473,-0.13936136530460752,-0.34558626623459276,-4.632921934308573,-1.2797806555123852,-0.9282368684392855,2.6753913666477205
-0.17328003805506206,-0.1392700778044551,-0.3452194287339825,-4.632737398473267,-1.280254499263911,-0.9279586934390568,2.675630438523865
-0.1730956380553674,-0.13945265280476038,-0.3454938537344405,-4.63261472291898,-1.2798754242626902,-0.9281441434392091,2.6754391810229494
-0.17328003805506206,-0.13936136530460752,-0.3453107162341349,-4.632461117224183,-1.2797806555123852,-0.9279586934390568,2.6755348097734073
-0.17300343805551963,-0.1392700778044551,-0.34531127873413525,-4.63261472291898,-1.2798754242626902,-0.9280514184391332,2.6754391810229494
-0.1730956380553674,-0.13936136530460752,-0.3453107162341349,-4.632461117224183,-1.2797806555123852,-0.9286077684395907,2.6752001091468047
-0.1730956380553674,-0.13936136530460752,-0.34521886623398257,-4.632491699028776,-1.2797806555123852,-0.9279586934390568,2.6754391810229494
-0.1730956380553674,-0.13917879030430225,-0.34549554123444026,-4.632799258754287,-1.2798754242626902,-0.9283295934393619,2.6754391810229494
-0.17318783805521473,-0.13899621530399742,-0.34485371623337246,-4.6323996052790815,-1.2797806555123852,-0.9280514184391332,2.6754391810229494
-0.17300343805551963,-0.13917879030430225,-0.3452199912339824,-4.63261472291898,-1.2795911180117743,-0.9283295934393619,2.6752957378972626
-0.17300343805551963,-0.1392700778044551,-0.34512757873383015,-4.632491699028776,-1.2797806555123852,-0.9280514184391332,2.6754869953981784
-0.17318783805521473,-0.1392700778044551,-0.3452194287339825,-4.632461117224183,-1.2797806555123852,-0.9281441434392091,2.6753913666477205
-0.1730956380553674,-0.13917879030430225,-0.3452199912339824,-4.632706816668675,-1.2796858867620802,-0.9281441434392091,2.6753913666477205
-0.17300343805551963,-0.13899621530399742,-0.34522111623398266,-4.632553559309795,-1.2797806555123852,-0.9279586934390568,2.6754869953981784
-0.17318783805521473,-0.13945265280476038,-0.34540200373428775,-4.632553210973878,-1.2796858867620802,-0.9284223184394383,2.6753913666477205
-0.17318783805521473,-0.1392700778044551,-0.34531127873413525,-4.632522629169285,-1.2798754242626902,-0.9283295934393619,2.6754391810229494
-0.17318783805521473,-0.1392700778044551,-0.34531127873413525,-4.63261472291898,-1.2797806555123852,-0.9283295934393619,2.6754391810229494
-0.17300343805551963,-0.1392700778044551,-0.34512757873383015,-4.632307511529387,-1.2794963492614693,-0.9282368684392855,2.6754391810229494
-0.1730956380553674,-0.13936136530460752,-0.34558626623459276,-4.632645653059489,-1.2798754242626902,-0.9281441434392091,2.6753913666477205
-0.17318783805521473,-0.13945265280476038,-0.34558570373459285,-4.632492047364693,-1.2797806555123852,-0.9283295934393619,2.6752957378972626
-0.17300343805551963,-0.1392700778044551,-0.34531127873413525,-4.632430535419591,-1.2800649617633002,-0.9279586934390568,2.6753913666477205
-0.1729112380556723,-0.13917879030430225,-0.3451281412338296,-4.632461117224183,-1.2798754242626902,-0.9281441434392091,2.6753913666477205
-0.17318783805521473,-0.13932987379845652,-0.3453107162341349,-4.632553210973878,-1.2797806555123852,-0.9284223184394383,2.6752957378972626
-0.1730956380553674,-0.13914729879815124,-0.3453118412341347,-4.6323078598653025,-1.2795911180117743,-0.9283295934393619,2.6752957378972626
-0.17300343805551963,-0.13932987379845652,-0.3453107162341349,-4.632461117224183,-1.2794963492614693,-0.9282368684392855,2.6754869953981784
-0.1730956380553674,-0.1392385862983041,-0.34531127873413525,-4.63261472291898,-1.2796858867620802,-0.9284223184394383,2.6752957378972626
-0.1729112380556723,-0.13914729879815124,-0.3449444412335245,-4.632430187083673,-1.2797806555123852,-0.9285150434395143,2.6753913666477205
-0.17318783805521473,-0.1395124487987618,-0.34558514123459294,-4.6322463479202005,-1.2798754242626902,-0.9282368684392855,2.6754391810229494
-0.17318783805521473,-0.13932987379845652,-0.34558626623459276,-4.632737746809184,-1.2797806555123852,-0.9279586934390568,2.6754869953981784
-0.17300343805551963,-0.1392385862983041,-0.3452194287339825,-4.632369023474489,-1.2800649617633002,-0.9279586934390568,2.6754869953981784
-0.17318783805521473,-0.1392385862983041,-0.3452194287339825,-4.632461117224183,-1.2800649617633002,-0.9279586934390568,2.675630438523865
-0.17318783805521473,-0.13914729879815124,-0.3453118412341347,-4.632584141114387,-1.2797806555123852,-0.9279586934390568,2.6752957378972626
-0.1730956380553674,-0.1392385862983041,-0.34512757873383015,-4.632675886528165,-1.2797806555123852,-0.9282368684392855,2.6752957378972626
-0.17300343805551963,-0.1392385862983041,-0.3450357287336774,-4.632430187083673,-1.2799701930129952,-0.9282368684392855,2.6753435522724915
-0.1730956380553674,-0.13942116129860938,-0.3453101537341354,-4.6323996052790815,-1.2798754242626902,-0.9282368684392855,2.6753435522724915
-0.17300343805551963,-0.1392385862983041,-0.3454031287342876,-4.632584141114387,-1.2798754242626902,-0.9280514184391332,2.6754869953981784
-0.1730956380553674,-0.1392385862983041,-0.34531127873413525,-4.632522629169285,-1.2797806555123852,-0.9281441434392091,2.6754391810229494
-0.1730956380553674,-0.1392385862983041,-0.34531127873413525,-4.63261472291898,-1.2798754242626902,-0.9281441434392091,2.6753913666477205
-0.17328003805506206,-0.13932987379845652,-0.34558626623459276,-4.632553559309795,-1.2796858867620802,-0.9281441434392091,2.6753913666477205
-0.17328003805506206,-0.1392385862983041,-0.3452194287339825,-4.632461117224183,-1.2799701930129952,-0.9281441434392091,2.6754391810229494
-0.1729112380556723,-0.13932987379845652,-0.34549441623444,-4.632342873924351,-1.2795911180117743,-0.9283295934393619,2.6753913666477205
-0.17328003805506206,-0.13914729879815124,-0.3452199912339824,-4.632281361979249,-1.2799701930129952,-0.9281441434392091,2.6753435522724915
-0.1730956380553674,-0.13932987379845652,-0.34540256623428767,-4.6321892682295545,-1.2797806555123852,-0.9285150434395143,2.6752001091468047
-0.1730956380553674,-0.13914729879815124,-0.3450362912336773,-4.63225043183874,-1.2796858867620802,-0.9281441434392091,2.6753913666477205
-0.17318783805521473,-0.13942116129860938,-0.3454938537344405,-4.632373455728944,-1.2795911180117743,-0.9280514184391332,2.6752957378972626
-0.1730956380553674,-0.13932987379845652,-0.34549441623444,-4.632342873924351,-1.2797806555123852,-0.9280514184391332,2.6753435522724915
-0.1730956380553674,-0.13932987379845652,-0.34549441623444,-4.632342873924351,-1.2796858867620802,-0.9283295934393619,2.6752479235220337
-0.1730956380553674,-0.13914729879815124,-0.3452199912339824,-4.632373455728944,-1.2797806555123852,-0.9280514184391332,2.6754391810229494
-0.1729112380556723,-0.13932987379845652,-0.3453107162341349,-4.632311943783842,-1.280159730513606,-0.927773243438904,2.675630438523865
-0.1733722380549094,-0.13905601129799883,-0.34512870373383,-4.63209717447986,-1.2798754242626902,-0.9283295934393619,2.6753435522724915
-0.17328003805506206,-0.13942116129860938,-0.3456775537347456,-4.632404385869454,-1.2797806555123852,-0.9283295934393619,2.6754391810229494
-0.1729112380556723,-0.1392385862983041,-0.3454031287342876,-4.632434967674046,-1.2797806555123852,-0.9281441434392091,2.6753913666477205
-0.17328003805506206,-0.13942116129860938,-0.34540200373428775,-4.632219850034147,-1.2798754242626902,-0.9282368684392855,2.6754869953981784
-0.17346443805475673,-0.1392385862983041,-0.3454031287342876,-4.632342873924351,-1.2800649617633002,-0.9281441434392091,2.6753913666477205
-0.1733722380549094,-0.13905601129799883,-0.3450368537336772,-4.6324040375335365,-1.2794015805111643,-0.9285150434395143,2.6752957378972626
-0.1729112380556723,-0.13942116129860938,-0.34558570373459285,-4.63252706142374,-1.2799701930129952,-0.9281441434392091,2.6754391810229494
-0.1730956380553674,-0.1392385862983041,-0.3452194287339825,-4.631943568785062,-1.2797806555123852,-0.9280514184391332,2.6754869953981784
-0.17328003805506206,-0.13914729879815124,-0.3452199912339824,-4.632281361979249,-1.2795911180117743,-0.9285150434395143,2.6752479235220337
-0.17328003805506206,-0.13914729879815124,-0.3452199912339824,-4.6321892682295545,-1.2796858867620802,-0.9284223184394383,2.6753435522724915
-0.1730956380553674,-0.13942116129860938,-0.3454938537344405,-4.632281361979249,-1.2798754242626902,-0.9279586934390568,2.6754869953981784
-0.1730956380553674,-0.13932987379845652,-0.34567811623474554,-4.632465897814557,-1.2798754242626902,-0.9282368684392855,2.6754869953981784
-0.1730956380553674,-0.13914729879815124,-0.3450362912336773,-4.63206624433935,-1.2798754242626902,-0.9281441434392091,2.6753913666477205
-0.1730956380553674,-0.13932987379845652,-0.34558626623459276,-4.632404385869454,-1.2794015805111643,-0.9286077684395907,2.6752957378972626
-0.1733722380549094,-0.13932987379845652,-0.3453107162341349,-4.632311943783842,-1.2797806555123852,-0.9281441434392091,2.6754869953981784
-0.17318783805521473,-0.13914729879815124,-0.3450362912336773,-4.632158338089045,-1.2794015805111643,-0.9283295934393619,2.6753913666477205
-0.1733722380549094,-0.13932987379845652,-0.34540256623428767,-4.632005080730165,-1.2797806555123852,-0.9281441434392091,2.6753913666477205
-0.17328003805506206,-0.1392385862983041,-0.34531127873413525,-4.6321892682295545,-1.2795911180117743,-0.9282368684392855,2.6754391810229494
-0.1730956380553674,-0.13932987379845652,-0.34521886623398257,-4.63188205683996,-1.2796858867620802,-0.9282368684392855,2.6753913666477205
-0.17318783805521473,-0.13932987379845652,-0.3453107162341349,-4.632311943783842,-1.2795911180117743,-0.9280514184391332,2.6753435522724915
-0.1730956380553674,-0.1396037362989142,-0.3455845787345926,-4.632219850034147,-1.2799701930129952,-0.9282368684392855,2.6754391810229494
-0.17318783805521473,-0.13905601129799883,-0.3452205537339823,-4.632158686424962,-1.280159730513606,-0.9279586934390568,2.6754391810229494
-0.17328003805506206,-0.1392385862983041,-0.34512757873383015,-4.632158338089045,-1.2797806555123852,-0.9281441434392091,2.6754391810229494
-0.17300343805551963,-0.13914729879815124,-0.3450362912336773,-4.63225043183874,-1.2797806555123852,-0.9281441434392091,2.6753435522724915
-0.1733722380549094,-0.1392385862983041,-0.3452194287339825,-4.632219850034147,-1.2795911180117743,-0.9285150434395143,2.6753913666477205
-0.1730956380553674,-0.1392385862983041,-0.3454031287342876,-4.632434967674046,-1.2800649617633002,-0.9281441434392091,2.6753913666477205
-0.17318783805521473,-0.13914729879815124,-0.3452199912339824,-4.632281361979249,-1.2798754242626902,-0.9281441434392091,2.6755826241486362
-0.1733722380549094,-0.13942116129860938,-0.3454938537344405,-4.63209717447986,-1.2796858867620802,-0.9283295934393619,2.6753913666477205
-0.17328003805506206,-0.1392385862983041,-0.34531127873413525,-4.6321892682295545,-1.2799701930129952,-0.9282368684392855,2.6754869953981784
-0.1729112380556723,-0.13932987379845652,-0.34558626623459276,-4.632312292119758,-1.2794015805111643,-0.9283295934393619,2.6753913666477205
-0.17328003805506206,-0.13942116129860938,-0.3454938537344405,-4.6321892682295545,-1.2797806555123852,-0.9279586934390568,2.6752957378972626
-0.17300343805551963,-0.1392385862983041,-0.3454031287342876,-4.632250780174656,-1.2797806555123852,-0.9282368684392855,2.6753913666477205
-0.08799449044496013,-0.08631872012381432,-0.2574431010346977,-4.153827468787359,-0.8604435020481014,-0.7616083172578723,2.6857348793404645
-0.08799449044496013,-0.08604485762335663,-0.25716923853424,-4.154103750036443,-0.8610121145499323,-0.7611446922574907,2.686165208717524
-0.0879022904451128,-0.0862274326236619,-0.2575355135348508,-4.153950492677563,-0.8613911895511532,-0.7609592422573379,2.686260837467982
-0.0881788904446548,-0.08613614512350905,-0.2571686760342401,-4.154042238091341,-0.8608225770493223,-0.7616083172578723,2.6858305080909224
-0.08799449044496013,-0.0862274326236619,-0.25725996353439295,-4.153950144341646,-0.8614859583014582,-0.7611446922574907,2.686117394342295
-0.08799449044496013,-0.0862274326236619,-0.2573518135345453,-4.153735375037664,-0.8612964208008482,-0.7609592422573379,2.686117394342295
-0.08799449044496013,-0.08613614512350905,-0.25744422603469796,-4.153950492677563,-0.8611068833002382,-0.7610519672574143,2.686069579967066
-0.0879022904451128,-0.08613614512350905,-0.2573523760345452,-4.15407316823185,-0.8609173457996273,-0.7611446922574907,2.686069579967066
-0.0879022904451128,-0.0862274326236619,-0.25725996353439295,-4.153673863092562,-0.8611068833002382,-0.7610519672574143,2.686260837467982
-0.0879022904451128,-0.08641000762396674,-0.2575343885348501,-4.153735375037664,-0.8613911895511532,-0.7606810672571092,2.686308651843211
-0.08799449044496013,-0.0862274326236619,-0.2573518135345453,-4.154011656286748,-0.8610121145499323,-0.7611446922574907,2.686021765591838
-0.08808669044480746,-0.0862274326236619,-0.2573518135345453,-4.153770389096712,-0.8610121145499323,-0.7612374172575671,2.686117394342295
-0.08799449044496013,-0.0862274326236619,-0.25744366353469805,-4.153923994791509,-0.8609173457996273,-0.7611446922574907,2.686165208717524
-0.0879022904451128,-0.08631872012381432,-0.25753495103485047,-4.154016088541205,-0.8612016520505432,-0.7612374172575671,2.686117394342295
-0.0877178904454177,-0.0862274326236619,-0.25725996353439295,-4.153800970901305,-0.8611068833002382,-0.7611446922574907,2.6859261368413803
-0.0879022904451128,-0.0862274326236619,-0.25744366353469805,-4.153831901041815,-0.8613911895511532,-0.7609592422573379,2.686260837467982
-0.08781009044526503,-0.0865012951241196,-0.25753382603485064,-4.153616783401915,-0.8610121145499323,-0.7611446922574907,2.686117394342295
-0.08808669044480746,-0.08631872012381432,-0.2572594010343926,-4.153739458956203,-0.8610121145499323,-0.7611446922574907,2.685973951216609
-0.08799449044496013,-0.08631872012381432,-0.25753495103485047,-4.153923994791509,-0.8611068833002382,-0.7612374172575671,2.686069579967066
-0.08799449044496013,-0.08613614512350905,-0.2572605260343924,-4.153494107847628,-0.8611068833002382,-0.7611446922574907,2.6859261368413803
-0.08799449044496013,-0.0865012951241196,-0.25762567603500297,-4.153954576596103,-0.8610121145499323,-0.7612374172575671,2.6859261368413803
-0.08808669044480746,-0.08613614512350905,-0.2571686760342401,-4.153616783401915,-0.8610121145499323,-0.7610519672574143,2.685973951216609
-0.08799449044496013,-0.0862274326236619,-0.2573518135345453,-4.153862482846407,-0.8613911895511532,-0.7609592422573379,2.686165208717524
-0.08808669044480746,-0.0862274326236619,-0.2571681135342402,-4.153555271456813,-0.8610121145499323,-0.7611446922574907,2.6859261368413803
-0.08808669044480746,-0.0862274326236619,-0.2573518135345453,-4.153770389096712,-0.8612964208008482,-0.760866517257262,2.686213023092753
-0.08827109044450213,-0.0862274326236619,-0.2571681135342402,-4.153739458956203,-0.8610121145499323,-0.7611446922574907,2.686069579967066
-0.08808669044480746,-0.08631872012381432,-0.2574431010346977,-4.153402014097933,-0.8612016520505432,-0.7610519672574143,2.685973951216609
-0.0881788904446548,-0.08631872012381432,-0.25753495103485047,-4.153923994791509,-0.8610121145499323,-0.7614228672577195,2.6859261368413803
-0.08799449044496013,-0.08601336611720564,-0.25735293853454555,-4.153985506736612,-0.8612964208008482,-0.7609592422573379,2.686117394342295
-0.0879022904451128,-0.08637851611781575,-0.2575343885348501,-4.153770389096712,-0.8612016520505432,-0.7604956172569568,2.686308651843211
-0.08781009044526503,-0.08619594111751092,-0.25744366353469805,-4.153923994791509,-0.8612016520505432,-0.7611446922574907,2.686117394342295
-0.08808669044480746,-0.08619594111751092,-0.2575355135348508,-4.153801319237223,-0.8610121145499323,-0.7611446922574907,2.686021765591838
-0.0879022904451128,-0.08619594111751092,-0.25725996353439295,-4.153524689652221,-0.8612016520505432,-0.7610519672574143,2.686021765591838
-0.0879022904451128,-0.08610465361735806,-0.2572605260343924,-4.153770389096712,-0.8610121145499323,-0.7613301422576431,2.686069579967066
-0.08799449044496013,-0.08628722861766333,-0.2572594010343926,-4.153647365206508,-0.8606330395487123,-0.7613301422576431,2.6859261368413803
-0.0881788904446548,-0.08601336611720564,-0.25716923853424,-4.153678295347017,-0.8610121145499323,-0.7612374172575671,2.686069579967066
-0.08827109044450213,-0.08610465361735806,-0.2571686760342401,-4.153616783401915,-0.8609173457996273,-0.7610519672574143,2.685973951216609
-0.08808669044480746,-0.0864698036179686,-0.2578093760353085,-4.153617131737834,-0.8610121145499323,-0.7609592422573379,2.686117394342295
-0.08808669044480746,-0.08610465361735806,-0.2572605260343924,-4.153586201597323,-0.8610121145499323,-0.7611446922574907,2.6859261368413803
-0.08799449044496013,-0.08601336611720564,-0.2570773885340877,-4.15370887715161,-0.8611068833002382,-0.7611446922574907,2.686117394342295
-0.0879022904451128,-0.08619594111751092,-0.2573518135345453,-4.153678295347017,-0.8610121145499323,-0.7613301422576431,2.6858783224661513
-0.08808669044480746,-0.08628722861766333,-0.25735125103454537,-4.153800970901305,-0.8609173457996273,-0.7612374172575671,2.685973951216609
-0.0879022904451128,-0.08592207861705278,-0.25689425103378205,-4.153647365206508,-0.8610121145499323,-0.7611446922574907,2.686021765591838
-0.0883632904443499,-0.08610465361735806,-0.2571686760342401,-4.153800970901305,-0.8610121145499323,-0.7610519672574143,2.686021765591838
-0.08808669044480746,-0.08637851611781575,-0.2576262385350029,-4.153831901041815,-0.8610121145499323,-0.7613301422576431,2.686021765591838
-0.0877178904454177,-0.08592207861705278,-0.2569861010339348,-4.153616783401915,-0.8610121145499323,-0.7611446922574907,2.686069579967066
-0.08781009044526503,-0.08619594111751092,-0.25744366353469805,-4.1536477135424255,-0.8611068833002382,-0.7611446922574907,2.686069579967066
-0.0879022904451128,-0.08619594111751092,-0.25744366353469805,-4.153831901041815,-0.8609173457996273,-0.7612374172575671,2.685973951216609
-0.08808669044480746,-0.08601336611720564,-0.25735293853454555,-4.153525037988137,-0.8612016520505432,-0.7610519672574143,2.686021765591838
-0.08845549044419723,-0.08619594111751092,-0.25762736353500315,-4.153586549933239,-0.8612016520505432,-0.7611446922574907,2.686069579967066
-0.08799449044496013,-0.08637851611781575,-0.2575343885348501,-4.153678295347017,-0.8612964208008482,-0.7610519672574143,2.686021765591838
-0.08799449044496013,-0.08628722861766333,-0.2572594010343926,-4.153647365206508,-0.8610121145499323,-0.7611446922574907,2.686021765591838
-0.08799449044496013,-0.08610465361735806,-0.2572605260343924,-4.153494107847628,-0.8610121145499323,-0.7613301422576431,2.686069579967066
-0.0881788904446548,-0.08619594111751092,-0.25744366353469805,-4.153923994791509,-0.8612016520505432,-0.7610519672574143,2.686069579967066
-0.08827109044450213,-0.08619594111751092,-0.2573518135345453,-4.153586201597323,-0.8610121145499323,-0.7612374172575671,2.686117394342295
-0.0877178904454177,-0.08592207861705278,-0.25689425103378205,-4.153739458956203,-0.8610121145499323,-0.7611446922574907,2.686069579967066
-0.08799449044496013,-0.08619594111751092,-0.25744366353469805,-4.15373980729212,-0.8612016520505432,-0.7611446922574907,2.686069579967066
-0.08808669044480746,-0.08619594111751092,-0.2573518135345453,-4.153586201597323,-0.8611068833002382,-0.7609592422573379,2.686117394342295
-0.08808669044480746,-0.08610465361735806,-0.2572605260343924,-4.153402014097933,-0.8610121145499323,-0.7612374172575671,2.6859261368413803
-0.08799449044496013,-0.08619594111751092,-0.25744366353469805,-4.15373980729212,-0.8608225770493223,-0.7612374172575671,2.685973951216609
-0.0881788904446548,-0.08610465361735806,-0.2571686760342401,-4.153616783401915,-0.8609173457996273,-0.7610519672574143,2.686069579967066
-0.0881788904446548,-0.08610465361735806,-0.2571686760342401,-4.153616783401915,-0.8610121145499323,-0.760866517257262,2.686021765591838
-0.08808669044480746,-0.08619594111751092,-0.25744366353469805,-4.1536477135424255,-0.8609173457996273,-0.7612374172575671,2.686021765591838
-0.0879022904451128,-0.08619594111751092,-0.25744366353469805,-4.1536477135424255,-0.8610121145499323,-0.7610519672574143,2.686117394342295
-0.08762569044557036,-0.08601336611720564,-0.2569855385339349,-4.153647365206508,-0.8611068833002382,-0.7610519672574143,2.685973951216609
-0.0879022904451128,-0.08619594111751092,-0.2573518135345453,-4.153586201597323,-0.8608225770493223,-0.7610519672574143,2.686069579967066
-0.0879022904451128,-0.08619594111751092,-0.2573518135345453,-4.153309920348239,-0.8612016520505432,-0.7612374172575671,2.6859261368413803
-0.08808669044480746,-0.08619594111751092,-0.2573518135345453,-4.153402014097933,-0.8613911895511532,-0.7610519672574143,2.686165208717524
-0.08808669044480746,-0.08619594111751092,-0.25725996353439295,-4.153616783401915,-0.8611068833002382,-0.7609592422573379,2.686069579967066
-0.08808669044480746,-0.08610465361735806,-0.2571686760342401,-4.153340502152831,-0.8610121145499323,-0.7612374172575671,2.6858783224661513
-0.08799449044496013,-0.08619594111751092,-0.25725996353439295,-4.153524689652221,-0.8608225770493223,-0.7614228672577195,2.6858783224661513
-0.08827109044450213,-0.08619594111751092,-0.2573518135345453,-4.153494107847628,-0.8617702645523742,-0.7604028922568804,2.68635646621844
-0.08808669044480746,-0.08610465361735806,-0.2571686760342401,-4.153524689652221,-0.8606330395487123,-0.7611446922574907,2.6858305080909224
-0.08827109044450213,-0.08619594111751092,-0.25762736353500315,-4.15340236243385,-0.8609173457996273,-0.7611446922574907,2.686117394342295
-0.08799449044496013,-0.08619594111751092,-0.2573518135345453,-4.153402014097933,-0.8610121145499323,-0.7609592422573379,2.686021765591838
-0.08827109044450213,-0.08619594111751092,-0.2573518135345453,-4.153309920348239,-0.8611068833002382,-0.7609592422573379,2.686165208717524
-0.08799449044496013,-0.08628722861766333,-0.2574431010346977,-4.153678295347017,-0.8610121145499323,-0.7610519672574143,2.686021765591838
-0.08808669044480746,-0.08656109111812102,-0.2577169635351554,-4.153309920348239,-0.8611068833002382,-0.7612374172575671,2.686021765591838
-0.08808669044480746,-0.08619594111751092,-0.2573518135345453,-4.153586201597323,-0.8610121145499323,-0.7611446922574907,2.686165208717524
-0.08808669044480746,-0.08610465361735806,-0.2571686760342401,-4.153340502152831,-0.8612964208008482,-0.7611446922574907,2.686069579967066
-0.08808669044480746,-0.08619594111751092,-0.25762736353500315,-4.15395492493202,-0.8610121145499323,-0.7611446922574907,2.686165208717524
-0.0877178904454177,-0.08619594111751092,-0.2575355135348508,-4.153525037988137,-0.8609173457996273,-0.7610519672574143,2.686069579967066
-0.08799449044496013,-0.08610465361735806,-0.2571686760342401,-4.153524689652221,-0.8611068833002382,-0.7611446922574907,2.686165208717524
-0.0879022904451128,-0.08601336611720564,-0.2574447885346979,-4.153678643682936,-0.8610121145499323,-0.7609592422573379,2.686069579967066
-0.08799449044496013,-0.08637851611781575,-0.2575343885348501,-4.153678295347017,-0.8610121145499323,-0.7611446922574907,2.686069579967066
-0.08799449044496013,-0.08607316211120705,-0.2572605260343924,-4.153309920348239,-0.8608225770493223,-0.7614228672577195,2.686021765591838
-0.0881788904446548,-0.08634702461166474,-0.257809938535308,-4.153310268684155,-0.8613911895511532,-0.7609592422573379,2.686117394342295
-0.08808669044480746,-0.08589058711090178,-0.25707795103408715,-4.153402014097933,-0.8611068833002382,-0.7611446922574907,2.686069579967066
-0.08808669044480746,-0.08616444961135991,-0.2573518135345453,-4.153402014097933,-0.8607278082990173,-0.7611446922574907,2.686021765591838
-0.08781009044526503,-0.08607316211120705,-0.2573523760345452,-4.15340644635239,-0.8612016520505432,-0.7610519672574143,2.685973951216609
-0.08799449044496013,-0.08616444961135991,-0.2573518135345453,-4.153252840657592,-0.8612016520505432,-0.7609592422573379,2.686165208717524
-0.08808669044480746,-0.08616444961135991,-0.2573518135345453,-4.153437028156982,-0.8610121145499323,-0.7613301422576431,2.685973951216609
-0.08799449044496013,-0.08616444961135991,-0.2571681135342402,-4.153129816767388,-0.8613911895511532,-0.7609592422573379,2.686117394342295
-0.08781009044526503,-0.08616444961135991,-0.25744366353469805,-4.153314352602694,-0.8610121145499323,-0.7609592422573379,2.686069579967066
-0.0881788904446548,-0.08589058711090178,-0.2569861010339348,-4.1530071412131,-0.8613911895511532,-0.7607737922571856,2.686213023092753
-0.08808669044480746,-0.08607316211120705,-0.25744422603469796,-4.153283770798102,-0.8608225770493223,-0.7611446922574907,2.685973951216609
-0.08808669044480746,-0.08607316211120705,-0.2573523760345452,-4.153222258852999,-0.8611068833002382,-0.760866517257262,2.686117394342295
-0.0883632904443499,-0.08607316211120705,-0.25762792603500306,-4.153314700938612,-0.8615807270517633,-0.7604956172569568,2.686165208717524
-0.08808669044480746,-0.08598187461105464,-0.25716923853424,-4.153252840657592,-0.8613911895511532,-0.7607737922571856,2.686308651843211
-0.08808669044480746,-0.08598187461105464,-0.25716923853424,-4.153160746907897,-0.8612016520505432,-0.7613301422576431,2.686069579967066
-0.08808669044480746,-0.08616444961135991,-0.2573518135345453,-4.153160746907897,-0.8610121145499323,-0.7610519672574143,2.686021765591838
-0.08808669044480746,-0.08598187461105464,-0.2570773885340877,-4.153283422462185,-0.8605382707984064,-0.7613301422576431,2.6858783224661513
-0.08808669044480746,-0.08607316211120705,-0.25744422603469796,-4.153283770798102,-0.8614859583014582,-0.7607737922571856,2.686308651843211
-0.08799449044496013,-0.08598187461105464,-0.2570773885340877,-4.15319132871249,-0.8610121145499323,-0.7610519672574143,2.686021765591838
-0.08827109044450213,-0.08616444961135991,-0.2573518135345453,-4.153252840657592,-0.8609173457996273,-0.7610519672574143,2.686021765591838
-0.08799449044496013,-0.08607316211120705,-0.2571686760342401,-4.153467609961575,-0.8609173457996273,-0.7610519672574143,2.686117394342295
-0.0879022904451128,-0.08607316211120705,-0.2572605260343924,-4.153344934407287,-0.8610121145499323,-0.7611446922574907,2.685973951216609
-0.08808669044480746,-0.08634702461166474,-0.2575343885348501,-4.153160746907897,-0.8609173457996273,-0.7614228672577195,2.685973951216609
-0.08808669044480746,-0.08616444961135991,-0.2573518135345453,-4.153068653158202,-0.8610121145499323,-0.7610519672574143,2.686021765591838
-0.08827109044450213,-0.08625573711151233,-0.25753495103485047,-4.153314352602694,-0.8611068833002382,-0.7610519672574143,2.686165208717524
-0.08799449044496013,-0.08598187461105464,-0.25735293853454555,-4.1533758645477965,-0.8608225770493223,-0.7614228672577195,2.6859261368413803
-0.08808669044480746,-0.08616444961135991,-0.2573518135345453,-4.153160746907897,-0.8606330395487123,-0.7614228672577195,2.6859261368413803
-0.08799449044496013,-0.08607316211120705,-0.2573523760345452,-4.153314352602694,-0.8608225770493223,-0.7614228672577195,2.685973951216609
-0.08808669044480746,-0.08607316211120705,-0.2572605260343924,-4.153344934407287,-0.8613911895511532,-0.7607737922571856,2.686260837467982
-0.08808669044480746,-0.08598187461105464,-0.25735293853454555,-4.1533758645477965,-0.8609173457996273,-0.7610519672574143,2.686117394342295
-0.0879022904451128,-0.08598187461105464,-0.2570773885340877,-4.15319132871249,-0.8610121145499323,-0.7611446922574907,2.686021765591838
-0.08808669044480746,-0.08598187461105464,-0.2570773885340877,-4.153283422462185,-0.8610121145499323,-0.7614228672577195,2.6858783224661513
-0.08781009044526503,-0.08607316211120705,-0.2572605260343924,-4.153068653158202,-0.8609173457996273,-0.7610519672574143,2.686117394342295
-0.08799449044496013,-0.08607316211120705,-0.2572605260343924,-4.153437028156982,-0.8611068833002382,-0.7610519672574143,2.686021765591838
-0.08808669044480746,-0.08616444961135991,-0.2573518135345453,-4.153252840657592,-0.8611068833002382,-0.7609592422573379,2.686213023092753
-0.08808669044480746,-0.08616444961135991,-0.2573518135345453,-4.153160746907897,-0.8612964208008482,-0.7610519672574143,2.686021765591838
-0.08799449044496013,-0.08598187461105464,-0.2572610885343928,-4.15303807135361,-0.8612964208008482,-0.760866517257262,2.686165208717524
-0.08808669044480746,-0.08607316211120705,-0.2573523760345452,-4.153222258852999,-0.8609173457996273,-0.7610519672574143,2.685973951216609
-0.08787751838507779,-0.08589058711090178,-0.2572616510343927,-4.1533758645477965,-0.8611068833002382,-0.7609592422573379,2.686069579967066
-0.08806191838477245,-0.08616444961135991,-0.25744366353469805,-4.153222258852999,-0.8609173457996273,-0.7611446922574907,2.686069579967066
-0.08787751838507779,-0.08616444961135991,-0.25744366353469805,-4.153130165103304,-0.8619598020529842,-0.7604956172569568,2.6864520949688977
-0.08796971838492512,-0.08616444961135991,-0.2573518135345453,-4.153068653158202,-0.8608225770493223,-0.7611446922574907,2.685973951216609
-0.08806191838477245,-0.08634702461166474,-0.2575343885348501,-4.153252840657592,-0.8609173457996273,-0.7611446922574907,2.686069579967066
-0.08787751838507779,-0.08616444961135991,-0.2575355135348508,-4.153283770798102,-0.8611068833002382,-0.7611446922574907,2.686117394342295
-0.08794494632489014,-0.08589058711090178,-0.2569861010339348,-4.153099234962795,-0.8610121145499323,-0.7611446922574907,2.685973951216609
-0.0881293463245848,-0.08607316211120705,-0.2573523760345452,-4.15303807135361,-0.8607278082990173,-0.7612374172575671,2.6859261368413803
-0.08794494632489014,-0.08607316211120705,-0.2571686760342401,-4.1530071412131,-0.8611068833002382,-0.7610519672574143,2.686069579967066
-0.0881293463245848,-0.08616444961135991,-0.25725996353439295,-4.153651797460964,-0.8606330395487123,-0.7614228672577195,2.686021765591838
-0.08803714632473747,-0.08607316211120705,-0.2571686760342401,-4.153099234962795,-0.8611068833002382,-0.7609592422573379,2.686021765591838
-0.08803714632473747,-0.08607316211120705,-0.2570768260340873,-4.153037723017693,-0.8610121145499323,-0.7611446922574907,2.686021765591838
-0.08803714632473747,-0.08598187461105464,-0.25716923853424,-4.153252840657592,-0.8610121145499323,-0.7611446922574907,2.686213023092753
-0.08785274632504281,-0.08616444961135991,-0.25725996353439295,-4.1530071412131,-0.8612964208008482,-0.7610519672574143,2.686117394342295
-0.08803714632473747,-0.08616444961135991,-0.2573518135345453,-4.153160746907897,-0.8610121145499323,-0.7610519672574143,2.686117394342295
-0.0876683463253477,-0.08607316211120705,-0.25744422603469796,-4.153283770798102,-0.8609173457996273,-0.7607737922571856,2.686117394342295
-0.08785274632504281,-0.08598187461105464,-0.2572610885343928,-4.153130165103304,-0.8610121145499323,-0.7611446922574907,2.686069579967066
-0.08803714632473747,-0.08598187461105464,-0.25716923853424,-4.152884465658813,-0.8607278082990173,-0.7614228672577195,2.685973951216609
-0.08794494632489014,-0.08625573711151233,-0.2572594010343926,-4.153129816767388,-0.8611068833002382,-0.7609592422573379,2.686069579967066
-0.08785274632504281,-0.08607316211120705,-0.25744422603469796,-4.1530995832987125,-0.8608225770493223,-0.7611446922574907,2.686069579967066
-0.08785274632504281,-0.08616444961135991,-0.2573518135345453,-4.153068653158202,-0.8608225770493223,-0.7610519672574143,2.6859261368413803
-0.0876683463253477,-0.08607316211120705,-0.2571686760342401,-4.153099234962795,-0.8611068833002382,-0.760866517257262,2.686117394342295
-0.08803714632473747,-0.08598187461105464,-0.2570773885340877,-4.1530071412131,-0.8611068833002382,-0.7609592422573379,2.686260837467982
-0.08776054632519503,-0.08625573711151233,-0.25771865103515557,-4.153345282743204,-0.8611068833002382,-0.7609592422573379,2.686117394342295
-0.08785274632504281,-0.08607316211120705,-0.2571686760342401,-4.153099234962795,-0.8605382707984064,-0.7612374172575671,2.6858783224661513
-0.08803714632473747,-0.08616444961135991,-0.25762736353500315,-4.153345282743204,-0.8606330395487123,-0.7611446922574907,2.686069579967066
-0.08822154632443213,-0.08607316211120705,-0.25744422603469796,-4.153134597357761,-0.8606330395487123,-0.7614228672577195,2.6857348793404645
-0.08794494632489014,-0.08607316211120705,-0.2573523760345452,-4.153073085412658,-0.8613911895511532,-0.7609592422573379,2.686021765591838
-0.08785274632504281,-0.08598187461105464,-0.2570773885340877,-4.152857967772759,-0.8609173457996273,-0.7610519672574143,2.686021765591838
-0.08803714632473747,-0.08607316211120705,-0.2575360760348503,-4.153011921803474,-0.8611068833002382,-0.7610519672574143,2.686069579967066
-0.08803714632473747,-0.08598187461105464,-0.25716923853424,-4.1530115734675555,-0.8610121145499323,-0.7615155922577959,2.685973951216609
-0.08803714632473747,-0.08598187461105464,-0.25716923853424,-4.1530115734675555,-0.8606330395487123,-0.7612374172575671,2.685973951216609
-0.08803714632473747,-0.08616444961135991,-0.2573518135345453,-4.152919479717861,-0.8610121145499323,-0.7609592422573379,2.686117394342295
-0.08785274632504281,-0.08607316211120705,-0.2571686760342401,-4.152765874023064,-0.8610121145499323,-0.7613301422576431,2.686069579967066
-0.08803714632473747,-0.08616444961135991,-0.25725996353439295,-4.152857967772759,-0.8612016520505432,-0.7607737922571856,2.686165208717524
-0.08794494632489014,-0.08607316211120705,-0.2572605260343924,-4.152827385968166,-0.8608225770493223,-0.7616083172578723,2.685973951216609
-0.08794494632489014,-0.08607316211120705,-0.25744422603469796,-4.153134597357761,-0.8610121145499323,-0.7609592422573379,2.686069579967066
-0.08794494632489014,-0.0864383121118176,-0.25762567603500297,-4.1530115734675555,-0.8608225770493223,-0.7610519672574143,2.686069579967066
-0.08803714632473747,-0.08598187461105464,-0.25735293853454555,-4.153226691107456,-0.8609173457996273,-0.7610519672574143,2.686069579967066
-0.08822154632443213,-0.08598187461105464,-0.25716923853424,-4.152919479717861,-0.8612016520505432,-0.7609592422573379,2.686260837467982
-0.08803714632473747,-0.08634702461166474,-0.25790178853546075,-4.153073433748576,-0.8607278082990173,-0.7609592422573379,2.685973951216609
-0.08785274632504281,-0.08607316211120705,-0.2573523760345452,-4.153165179162353,-0.8613911895511532,-0.7605883422570328,2.686165208717524
-0.08794494632489014,-0.08598187461105464,-0.25735293853454555,-4.1530425036080665,-0.8610121145499323,-0.7610519672574143,2.685973951216609
-0.08794494632489014,-0.08607316211120705,-0.2573523760345452,-4.152980991662964,-0.8610121145499323,-0.7610519672574143,2.685973951216609
-0.08794494632489014,-0.08625573711151233,-0.25753495103485047,-4.152980991662964,-0.8613911895511532,-0.7606810672571092,2.68635646621844
-0.08803714632473747,-0.08607316211120705,-0.2573523760345452,-4.152888897913269,-0.8609173457996273,-0.7610519672574143,2.686117394342295
-0.0876683463253477,-0.08616444961135991,-0.2573518135345453,-4.15310366721725,-0.8610121145499323,-0.7610519672574143,2.686069579967066
-0.08776054632519503,-0.08616444961135991,-0.2575355135348508,-4.153134597357761,-0.8609173457996273,-0.7614228672577195,2.6858783224661513
-0.08803714632473747,-0.08607316211120705,-0.2573523760345452,-4.153165179162353,-0.8610121145499323,-0.7609592422573379,2.686069579967066
-0.08785274632504281,-0.08607316211120705,-0.2573523760345452,-4.152612616664184,-0.8611068833002382,-0.7609592422573379,2.686117394342295
-0.08785274632504281,-0.08634702461166474,-0.2575343885348501,-4.1531957609669465,-0.8610121145499323,-0.7610519672574143,2.686069579967066
-0.08794494632489014,-0.08598187461105464,-0.25735293853454555,-4.152950409858372,-0.8612016520505432,-0.760866517257262,2.686165208717524
-0.08785274632504281,-0.08616444961135991,-0.2573518135345453,-4.152919479717861,-0.8608225770493223,-0.7612374172575671,2.685973951216609
-0.0881293463245848,-0.08616444961135991,-0.25744366353469805,-4.152980991662964,-0.8609173457996273,-0.7610519672574143,2.685973951216609
-0.08785274632504281,-0.08607316211120705,-0.25744422603469796,-4.152950409858372,-0.8610121145499323,-0.7612374172575671,2.686069579967066
-0.08785274632504281,-0.0861329581052089,-0.2575355135348508,-4.152950409858372,-0.8606330395487123,-0.7612374172575671,2.686021765591838
-0.08803714632473747,-0.0861329581052089,-0.25744366353469805,-4.1532572729120485,-0.8610121145499323,-0.7611446922574907,2.686165208717524
-0.08785274632504281,-0.08595038310490363,-0.2569855385339349,-4.1528885495773515,-0.8610121145499323,-0.7611446922574907,2.686069579967066
-0.08794494632489014,-0.08604167060505605,-0.2573523760345452,-4.152888897913269,-0.8607278082990173,-0.7615155922577959,2.6859261368413803
-0.08785274632504281,-0.08604167060505605,-0.25744422603469796,-4.152950409858372,-0.8608225770493223,-0.7609592422573379,2.686069579967066
-0.08803714632473747,-0.08604167060505605,-0.2573523760345452,-4.152888897913269,-0.8612964208008482,-0.7607737922571856,2.686308651843211
-0.08803714632473747,-0.08631553310551374,-0.2576262385350029,-4.152796804163574,-0.8610121145499323,-0.7609592422573379,2.685973951216609
-0.08794494632489014,-0.08595038310490363,-0.2570773885340877,-4.152857967772759,-0.8607278082990173,-0.7611446922574907,2.686069579967066
-0.08794494632489014,-0.08604167060505605,-0.2573523760345452,-4.152980991662964,-0.8612016520505432,-0.7609592422573379,2.686117394342295
-0.0881293463245848,-0.08595038310490363,-0.25716923853424,-4.152643198468777,-0.8611068833002382,-0.7607737922571856,2.686165208717524
-0.08785274632504281,-0.08604167060505605,-0.2573523760345452,-4.152980991662964,-0.8612964208008482,-0.7609592422573379,2.686069579967066
-0.08794494632489014,-0.08604167060505605,-0.2573523760345452,-4.153073085412658,-0.8613911895511532,-0.7606810672571092,2.686260837467982
-0.08794494632489014,-0.0861329581052089,-0.2575355135348508,-4.153226691107456,-0.8611068833002382,-0.7611446922574907,2.686165208717524
-0.08803714632473747,-0.08604167060505605,-0.25744422603469796,-4.1530425036080665,-0.8611068833002382,-0.760866517257262,2.686260837467982
-0.08794494632489014,-0.0861329581052089,-0.2573518135345453,-4.152827385968166,-0.8602539645474914,-0.7617010422579487,2.6856870649652356
-0.08785274632504281,-0.08604167060505605,-0.2572605260343924,-4.1530115734675555,-0.8609173457996273,-0.7611446922574907,2.686165208717524
-0.08794494632489014,-0.0861329581052089,-0.2573518135345453,-4.152827385968166,-0.8612964208008482,-0.7611446922574907,2.686021765591838
-0.08803714632473747,-0.08604167060505605,-0.2572605260343924,-4.152827385968166,-0.8612016520505432,-0.7611446922574907,2.685973951216609
-0.08785274632504281,-0.08604167060505605,-0.2572605260343924,-4.15310366721725,-0.8610121145499323,-0.7609592422573379,2.686069579967066
-0.08785274632504281,-0.08585909560475077,-0.2569861010339348,-4.152765874023064,-0.8609173457996273,-0.7610519672574143,2.6859261368413803
-0.08776054632519503,-0.08604167060505605,-0.2571686760342401,-4.152581686523675,-0.8610121145499323,-0.7610519672574143,2.686069579967066
-0.08776054632519503,-0.0861329581052089,-0.2575355135348508,-4.1530425036080665,-0.8610121145499323,-0.7610519672574143,2.686069579967066
-0.08776054632519503,-0.08604167060505605,-0.2572605260343924,-4.152827385968166,-0.8605382707984064,-0.7611446922574907,2.685973951216609
-0.08794494632489014,-0.08595038310490363,-0.25716923853424,-4.1527352922184715,-0.8609173457996273,-0.7610519672574143,2.686117394342295
-0.0876683463253477,-0.08604167060505605,-0.2571686760342401,-4.152765874023064,-0.8609173457996273,-0.7611446922574907,2.686069579967066
-0.0876683463253477,-0.08604167060505605,-0.2570768260340873,-4.152704362077962,-0.8608225770493223,-0.7610519672574143,2.686069579967066
-0.0876683463253477,-0.0861329581052089,-0.25725996353439295,-4.1529500615224535,-0.8612016520505432,-0.7609592422573379,2.686069579967066
-0.08794494632489014,-0.08604167060505605,-0.2572605260343924,-4.15310366721725,-0.8610121145499323,-0.7610519672574143,2.686069579967066
-0.0876683463253477,-0.08604167060505605,-0.2572605260343924,-4.152919479717861,-0.8612964208008482,-0.7605883422570328,2.686213023092753
-0.08785274632504281,-0.08604167060505605,-0.2572605260343924,-4.152919479717861,-0.8614859583014582,-0.7604028922568804,2.68635646621844
-0.08785274632504281,-0.08622424560536132,-0.25762680103500324,-4.152766222358981,-0.8613911895511532,-0.7607737922571856,2.686260837467982
-0.08785274632504281,-0.08595038310490363,-0.25716923853424,-4.152827385968166,-0.8610121145499323,-0.7609592422573379,2.685973951216609
-0.08785274632504281,-0.08585909560475077,-0.2574453510346978,-4.15316552749827,-0.8611068833002382,-0.7606810672571092,2.686117394342295
-0.08794494632489014,-0.08604167060505605,-0.2572605260343924,-4.152827385968166,-0.8605382707984064,-0.7614228672577195,2.6857348793404645
-0.08803714632473747,-0.08595038310490363,-0.2572610885343928,-4.152888897913269,-0.8608225770493223,-0.7615155922577959,2.6857826937156934
-0.08748394632565304,-0.08604167060505605,-0.2571686760342401,-4.152581686523675,-0.8605382707984064,-0.7612374172575671,2.6859261368413803
-0.08785274632504281,-0.0861329581052089,-0.2573518135345453,-4.152827385968166,-0.8609173457996273,-0.7612374172575671,2.686021765591838
-0.08794494632489014,-0.08595038310490363,-0.2572610885343928,-4.152888897913269,-0.8614859583014582,-0.7604956172569568,2.6864042805936688
-0.0876683463253477,-0.08595038310490363,-0.25735293853454555,-4.1530425036080665,-0.8608225770493223,-0.7610519672574143,2.686021765591838
-0.0876683463253477,-0.08576780810459836,-0.2570785135340875,-4.152980991662964,-0.8611068833002382,-0.7611446922574907,2.686165208717524
-0.0881293463245848,-0.08585909560475077,-0.2572616510343927,-4.152766222358981,-0.8607278082990173,-0.7613301422576431,2.6859261368413803
-0.0876683463253477,-0.0861329581052089,-0.25725996353439295,-4.1526737802733695,-0.8610121145499323,-0.7610519672574143,2.686021765591838
-0.08794494632489014,-0.08604167060505605,-0.2575360760348503,-4.153011921803474,-0.8610121145499323,-0.7609592422573379,2.686021765591838
-0.08803714632473747,-0.0861329581052089,-0.2575355135348508,-4.152950409858372,-0.8604435020481014,-0.7615155922577959,2.6857826937156934
-0.08794494632489014,-0.08604167060505605,-0.2572605260343924,-4.152827385968166,-0.8606330395487123,-0.7611446922574907,2.686069579967066
-0.08776054632519503,-0.0861329581052089,-0.25744366353469805,-4.152888897913269,-0.8610121145499323,-0.7612374172575671,2.686069579967066
-0.08785274632504281,-0.0861329581052089,-0.2577192135351559,-4.152981339998881,-0.8614859583014582,-0.7604956172569568,2.686308651843211
-0.08794494632489014,-0.0861329581052089,-0.25744366353469805,-4.153108099471708,-0.8607278082990173,-0.7611446922574907,2.685973951216609
-0.08803714632473747,-0.08595038310490363,-0.25716923853424,-4.152494025028435,-0.8610121145499323,-0.7609592422573379,2.686260837467982
-0.0876683463253477,-0.0861329581052089,-0.2575355135348508,-4.152617048918641,-0.8610121145499323,-0.7611446922574907,2.686021765591838
-0.08794494632489014,-0.0861329581052089,-0.25744366353469805,-4.152831818222623,-0.8609173457996273,-0.7611446922574907,2.686117394342295
-0.08776054632519503,-0.0861329581052089,-0.2573518135345453,-4.152678212527826,-0.8606330395487123,-0.7614228672577195,2.685973951216609
-0.08776054632519503,-0.08595038310490363,-0.25735293853454555,-4.15280123641803,-0.8609173457996273,-0.7610519672574143,2.686069579967066
-0.08803714632473747,-0.08595038310490363,-0.25735293853454555,-4.15280123641803,-0.8606330395487123,-0.7613301422576431,2.6858783224661513
-0.0876683463253477,-0.08604167060505605,-0.2572605260343924,-4.152678212527826,-0.8613911895511532,-0.7611446922574907,2.686117394342295
-0.08785274632504281,-0.08595038310490363,-0.25716923853424,-4.152678212527826,-0.8612016520505432,-0.7607737922571856,2.686308651843211
-0.0876683463253477,-0.0861329581052089,-0.2575355135348508,-4.15280123641803,-0.8610121145499323,-0.7612374172575671,2.686021765591838
-0.08794494632489014,-0.08604167060505605,-0.2571686760342401,-4.15252460683303,-0.8610121145499323,-0.7609592422573379,2.686069579967066
-0.08785274632504281,-0.08585909560475077,-0.2571698010342399,-4.152831818222623,-0.8610121145499323,-0.7609592422573379,2.686069579967066
-0.08794494632489014,-0.08604167060505605,-0.25744422603469796,-4.15280123641803,-0.8608225770493223,-0.7611446922574907,2.6859261368413803
-0.08794494632489014,-0.08595038310490363,-0.2570773885340877,-4.152616700582724,-0.8610121145499323,-0.7611446922574907,2.686069579967066
-0.08803714632473747,-0.08595038310490363,-0.25716923853424,-4.152586118778132,-0.8605382707984064,-0.7614228672577195,2.6857826937156934
-0.0876683463253477,-0.08604167060505605,-0.2573523760345452,-4.152555536973538,-0.8610121145499323,-0.7609592422573379,2.685973951216609
-0.0876683463253477,-0.08604167060505605,-0.2573523760345452,-4.152923911972318,-0.8610121145499323,-0.7607737922571856,2.686117394342295
-0.0876683463253477,-0.08585909560475077,-0.25707795103408715,-4.152678212527826,-0.8611068833002382,-0.7609592422573379,2.686117394342295
-0.0876683463253477,-0.08595038310490363,-0.25716923853424,-4.152862400027216,-0.8606330395487123,-0.7615155922577959,2.6857826937156934
-0.08776054632519503,-0.08604167060505605,-0.2572605260343924,-4.152586118778132,-0.8608225770493223,-0.7610519672574143,2.685973951216609
-0.0876683463253477,-0.0861329581052089,-0.2573518135345453,-4.152494025028435,-0.8611068833002382,-0.7611446922574907,2.686069579967066
-0.08803714632473747,-0.08604167060505605,-0.2572605260343924,-4.152678212527826,-0.8611068833002382,-0.7612374172575671,2.686021765591838
-0.08785274632504281,-0.0861329581052089,-0.2573518135345453,-4.152494025028435,-0.8612964208008482,-0.7604956172569568,2.6864520949688977
-0.08803714632473747,-0.08622424560536132,-0.2574431010346977,-4.152494025028435,-0.8608225770493223,-0.7609592422573379,2.685973951216609
-0.08803714632473747,-0.0861329581052089,-0.2573518135345453,-4.152586118778132,-0.8608225770493223,-0.7611446922574907,2.685973951216609
-0.0018337060553187709,-0.0350767074765227,-0.17279461786565797,-3.6771112007247355,-0.4400410851573315,-0.6199892698176526,2.6910979913462025
-0.002110306054860764,-0.0350767074765227,-0.17261091786535288,-3.6769881768345307,-0.4403253914082474,-0.6199892698176526,2.6910501769709736
-0.001925906055166102,-0.0350767074765227,-0.17251906786520055,-3.6770187586391234,-0.43985154765672146,-0.620081994817729,2.6909067338452877
-0.0017415060554709957,-0.03489413247621743,-0.17233649286489527,-3.6770187586391234,-0.4404201601585524,-0.6198965448175762,2.6910501769709736
-0.002018106055013433,-0.03489413247621743,-0.17233649286489527,-3.6769266648894288,-0.4402306226579424,-0.6199892698176526,2.6910023625957447
-0.001925906055166102,-0.0350767074765227,-0.17270276786550565,-3.6772338762790224,-0.43985154765672146,-0.6199892698176526,2.6909067338452877
-0.001925906055166102,-0.03489413247621743,-0.17233649286489527,-3.677110852388818,-0.4402306226579424,-0.620081994817729,2.6910979913462025
-0.0018337060553187709,-0.034711557475912154,-0.1723376178648951,-3.6771417825293278,-0.4402306226579424,-0.6198965448175762,2.6910501769709736
-0.0018337060553187709,-0.03462026997575974,-0.1721544803645899,-3.6772644580836156,-0.4403253914082474,-0.6199892698176526,2.6910023625957447
-0.0018337060553187709,-0.03480284497606501,-0.17224520536474286,-3.6770187586391234,-0.4404201601585524,-0.6199892698176526,2.6910023625957447
-0.0017415060554709957,-0.034711557475912154,-0.17215391786459,-3.6770187586391234,-0.4404201601585524,-0.620081994817729,2.6910501769709736
-0.0018337060553187709,-0.034711557475912154,-0.1723376178648951,-3.677049688779633,-0.4402306226579424,-0.6199892698176526,2.6908589194700587
-0.002110306054860764,-0.034711557475912154,-0.17187836786413213,-3.6768342228038167,-0.4402306226579424,-0.620081994817729,2.6909067338452877
-0.0018337060553187709,-0.03480284497606501,-0.171969655364285,-3.677018410303207,-0.4401358539076374,-0.620081994817729,2.6910979913462025
-0.0018337060553187709,-0.03498541997637029,-0.17242778036504813,-3.6769266648894288,-0.43994631640702647,-0.6201747198178049,2.6908589194700587
-0.0018337060553187709,-0.03480284497606501,-0.17252075536520028,-3.6769270132253453,-0.4400410851573315,-0.6198965448175762,2.6909545482205166
-0.0016493060556236647,-0.03480284497606501,-0.1723370553648952,-3.6769881768345307,-0.4402306226579424,-0.6202674448178813,2.6908589194700587
-0.0016493060556236647,-0.03498541997637029,-0.17270333036550556,-3.67720329447443,-0.4400410851573315,-0.620081994817729,2.6910501769709736
-0.001925906055166102,-0.03498541997637029,-0.17279518036565833,-3.676931445479801,-0.4406096976591624,-0.6198965448175762,2.6910979913462025
-0.0017415060554709957,-0.03480284497606501,-0.17224520536474286,-3.6768695851987827,-0.4401358539076374,-0.6199892698176526,2.6910501769709736
-0.0016493060556236647,-0.03480284497606501,-0.17252075536520028,-3.6768699335346993,-0.4401358539076374,-0.620081994817729,2.6909067338452877
-0.0018337060553187709,-0.034528982475607324,-0.17197134286428517,-3.676685397699393,-0.4406096976591624,-0.6198038198174998,2.6911458057214315
-0.0014649060559290025,-0.03480284497606501,-0.17242890536504796,-3.6767163278399027,-0.4402306226579424,-0.620081994817729,2.6909067338452877
-0.0017415060554709957,-0.034711557475912154,-0.1723376178648951,-3.676900515339292,-0.4400410851573315,-0.6199892698176526,2.6908589194700587
-0.0015571060557763336,-0.03480284497606501,-0.1721533553645901,-3.6768080732536803,-0.4403253914082474,-0.6199892698176526,2.6910501769709736
-0.0016493060556236647,-0.034711557475912154,-0.17242946786504743,-3.6768699335346993,-0.4402306226579424,-0.620081994817729,2.6909067338452877
-0.0018337060553187709,-0.03498541997637029,-0.17261148036535323,-3.6768084215895973,-0.4401358539076374,-0.6203601698179577,2.6910501769709736
-0.0014649060559290025,-0.034528982475607324,-0.17215504286459027,-3.6768084215895973,-0.4401358539076374,-0.6199892698176526,2.6910023625957447
-0.0018337060553187709,-0.03495392847021929,-0.17242778036504813,-3.676777491449088,-0.4404201601585524,-0.6198965448175762,2.6911458057214315
-0.0018337060553187709,-0.03458877846960874,-0.17206263036443759,-3.676777491449088,-0.43994631640702647,-0.6202674448178813,2.6910023625957447
-0.0017415060554709957,-0.034680065969761156,-0.17206206786443723,-3.676439698254901,-0.4401358539076374,-0.620081994817729,2.6909067338452877
-0.0018337060553187709,-0.034771353469914015,-0.17252075536520028,-3.6766857460353095,-0.4404201601585524,-0.6198965448175762,2.6910979913462025
-0.0015571060557763336,-0.035045215970371704,-0.17270276786550565,-3.6768084215895973,-0.4402306226579424,-0.6198038198174998,2.6910023625957447
-0.0017415060554709957,-0.034771353469914015,-0.17224520536474286,-3.676685397699393,-0.4400410851573315,-0.620081994817729,2.6908589194700587
-0.0017415060554709957,-0.03458877846960874,-0.17224633036474268,-3.676900515339292,-0.4403253914082474,-0.620081994817729,2.6910501769709736
-0.0014649060559290025,-0.034680065969761156,-0.1719702178642849,-3.6766544675588837,-0.4402306226579424,-0.6198965448175762,2.6910023625957447
-0.0014649060559290025,-0.034771353469914015,-0.17242890536504796,-3.676900515339292,-0.4401358539076374,-0.620081994817729,2.6910023625957447
-0.0017415060554709957,-0.034497490969456326,-0.17215504286459027,-3.676624234090207,-0.4404201601585524,-0.620081994817729,2.6910023625957447
-0.0015571060557763336,-0.034680065969761156,-0.1723376178648951,-3.6769926090889866,-0.4401358539076374,-0.620081994817729,2.6909067338452877
-0.0017415060554709957,-0.03458877846960874,-0.17197078036428481,-3.676439698254901,-0.4402306226579424,-0.620081994817729,2.6909067338452877
-0.0016493060556236647,-0.03486264097006643,-0.17252019286520037,-3.676624234090207,-0.44098877266038333,-0.619525644817271,2.691384877597576
-0.0017415060554709957,-0.03486264097006643,-0.17233649286489527,-3.676501210200003,-0.43994631640702647,-0.6197110948174238,2.6910023625957447
-0.0014649060559290025,-0.034680065969761156,-0.17215391786459,-3.676685397699393,-0.4402306226579424,-0.6198965448175762,2.6909545482205166
-0.0014649060559290025,-0.034771353469914015,-0.17252075536520028,-3.6767778397850046,-0.4401358539076374,-0.620081994817729,2.6910501769709736
-0.0017415060554709957,-0.03458877846960874,-0.17224633036474268,-3.676624234090207,-0.4402306226579424,-0.6198965448175762,2.6910023625957447
-0.0016493060556236647,-0.034497490969456326,-0.17215504286459027,-3.676624234090207,-0.4402306226579424,-0.620081994817729,2.6909545482205166
-0.0016493060556236647,-0.034680065969761156,-0.17206206786443723,-3.6762905248145596,-0.4402306226579424,-0.6199892698176526,2.6909545482205166
-0.0017415060554709957,-0.034680065969761156,-0.17242946786504743,-3.676812853844053,-0.4400410851573315,-0.620081994817729,2.6909067338452877
-0.0016493060556236647,-0.034771353469914015,-0.17242890536504796,-3.6763829669001717,-0.4403253914082474,-0.620081994817729,2.6910023625957447
-0.0016493060556236647,-0.03458877846960874,-0.17206263036443759,-3.6762599430099674,-0.4404201601585524,-0.6197110948174238,2.6910979913462025
-0.0014649060559290025,-0.034771353469914015,-0.17252075536520028,-3.6766286663446635,-0.4403253914082474,-0.6199892698176526,2.6909067338452877
-0.0013727060560816714,-0.03458877846960874,-0.17197078036428481,-3.6764747123139494,-0.4402306226579424,-0.6198965448175762,2.6910979913462025
-0.0013727060560816714,-0.034497490969456326,-0.17215504286459027,-3.676567154399561,-0.4402306226579424,-0.6199892698176526,2.6909067338452877
-0.0016493060556236647,-0.034771353469914015,-0.17252075536520028,-3.676352385095579,-0.4404201601585524,-0.6198038198174998,2.6911936200966604
-0.0014649060559290025,-0.03495392847021929,-0.17242778036504813,-3.676536224259052,-0.4401358539076374,-0.6198965448175762,2.6910979913462025
-0.0014649060559290025,-0.034680065969761156,-0.17215391786459,-3.676536224259052,-0.4400410851573315,-0.620081994817729,2.6909545482205166
-0.0015571060557763336,-0.034771353469914015,-0.17261260536535306,-3.6765980845400703,-0.4403253914082474,-0.6199892698176526,2.6910501769709736
-0.0016493060556236647,-0.03486264097006643,-0.17252019286520037,-3.676290873150477,-0.4402306226579424,-0.6199892698176526,2.6910023625957447
-0.0014649060559290025,-0.034680065969761156,-0.17224576786474233,-3.6765977362041538,-0.4400410851573315,-0.6202674448178813,2.6908589194700587
-0.0014649060559290025,-0.03458877846960874,-0.17224633036474268,-3.6764750606498664,-0.4408940039100783,-0.6193401948171187,2.6913370632223472
-0.0013727060560816714,-0.034771353469914015,-0.1721533553645901,-3.6762905248145596,-0.4401358539076374,-0.6198965448175762,2.6910501769709736
-0.0013727060560816714,-0.03458877846960874,-0.17206263036443759,-3.6762599430099674,-0.4407992351597733,-0.619525644817271,2.6911936200966604
-0.0012805060562338963,-0.03486264097006643,-0.1724283428650476,-3.676413548704764,-0.4401358539076374,-0.620081994817729,2.6910023625957447
-0.0013727060560816714,-0.034771353469914015,-0.17242890536504796,-3.6763829669001717,-0.4404201601585524,-0.6197110948174238,2.6910023625957447
-0.0010961060565392341,-0.034771353469914015,-0.17224520536474286,-3.676536224259052,-0.43994631640702647,-0.6203601698179577,2.6909545482205166
-0.0012805060562338963,-0.034680065969761156,-0.1719702178642849,-3.676136919119763,-0.43985154765672146,-0.6203601698179577,2.6910023625957447
-0.0014649060559290025,-0.03486264097006643,-0.17252019286520037,-3.6764750606498664,-0.43994631640702647,-0.620081994817729,2.6910501769709736
-0.0013727060560816714,-0.03486264097006643,-0.17233649286489527,-3.676536224259052,-0.4403253914082474,-0.620081994817729,2.6910501769709736
-0.0012805060562338963,-0.034680065969761156,-0.1723376178648951,-3.6763829669001717,-0.4403253914082474,-0.6198965448175762,2.6910979913462025
-0.0014649060559290025,-0.034680065969761156,-0.17242946786504743,-3.6764444788452737,-0.4402306226579424,-0.6198965448175762,2.6910023625957447
-0.0012805060562338963,-0.03486264097006643,-0.17233649286489527,-3.676352036759662,-0.4401358539076374,-0.6199892698176526,2.6910979913462025
-0.0013727060560816714,-0.034771353469914015,-0.1723370553648952,-3.676413548704764,-0.43994631640702647,-0.6198965448175762,2.6910979913462025
-0.0010961060565392341,-0.034680065969761156,-0.17215391786459,-3.6762599430099674,-0.4405149289088574,-0.6197110948174238,2.6910979913462025
-0.0013727060560816714,-0.034771353469914015,-0.1721533553645901,-3.676198431064865,-0.4401358539076374,-0.620081994817729,2.6910979913462025
-0.0011208781165742343,-0.034771353469914015,-0.17224520536474286,-3.6762599430099674,-0.4402306226579424,-0.620081994817729,2.6910023625957447
-0.0013974781161166716,-0.03495392847021929,-0.17261148036535323,-3.676290873150477,-0.4403253914082474,-0.6198965448175762,2.6910979913462025
-0.0013974781161166716,-0.034771353469914015,-0.17252075536520028,-3.676352385095579,-0.4400410851573315,-0.620081994817729,2.6910501769709736
-0.0013974781161166716,-0.034771353469914015,-0.17224520536474286,-3.6762599430099674,-0.4404201601585524,-0.6201747198178049,2.6910501769709736
-0.0011208781165742343,-0.034771353469914015,-0.17242890536504796,-3.6764750606498664,-0.43985154765672146,-0.6205456198181101,2.69081110509483
-0.0014896781159640026,-0.034771353469914015,-0.17224520536474286,-3.676352036759662,-0.4402306226579424,-0.6198965448175762,2.6910501769709736
-0.0011208781165742343,-0.034680065969761156,-0.1723376178648951,-3.6764750606498664,-0.4403253914082474,-0.6198965448175762,2.6910023625957447
-0.0014896781159640026,-0.034771353469914015,-0.1723370553648952,-3.676264375264423,-0.4402306226579424,-0.6199892698176526,2.6910023625957447
-0.0013974781161166716,-0.03464857446361015,-0.1723376178648951,-3.675957512210746,-0.4402306226579424,-0.6198965448175762,2.6911936200966604
-0.0011208781165742343,-0.0350137244642207,-0.17270276786550565,-3.676141699710136,-0.43985154765672146,-0.6203601698179577,2.6908589194700587
-0.0013052781162688964,-0.03464857446361015,-0.17206206786443723,-3.676141351374219,-0.4407044664094683,-0.6196183698173474,2.6911458057214315
-0.0013974781161166716,-0.03455728696345774,-0.172338180364895,-3.676019024155848,-0.4401358539076374,-0.6197110948174238,2.6910979913462025
-0.0013974781161166716,-0.034922436964068285,-0.17251963036520046,-3.676172281514728,-0.4407044664094683,-0.6196183698173474,2.6912414344718893
-0.0013052781162688964,-0.034831149463915426,-0.17252019286520037,-3.675957512210746,-0.4400410851573315,-0.620081994817729,2.6910023625957447
-0.0012130781164215653,-0.034922436964068285,-0.17261148036535323,-3.676049605960441,-0.4404201601585524,-0.6199892698176526,2.6910979913462025
-0.0014896781159640026,-0.034831149463915426,-0.17252019286520037,-3.676049605960441,-0.4404201601585524,-0.6202674448178813,2.6910023625957447
-0.0013052781162688964,-0.034831149463915426,-0.1724283428650476,-3.676172281514728,-0.4400410851573315,-0.6201747198178049,2.6909067338452877
-0.0014896781159640026,-0.03464857446361015,-0.17215391786459,-3.6761107695696262,-0.4403253914082474,-0.6198038198174998,2.6910023625957447
-0.0014896781159640026,-0.03446599946330532,-0.17197134286428517,-3.6761107695696262,-0.4401358539076374,-0.6199892698176526,2.6910023625957447
-0.0013052781162688964,-0.03455728696345774,-0.1718789303641325,-3.6757114644303375,-0.4403253914082474,-0.6198965448175762,2.6910023625957447
-0.0013052781162688964,-0.034831149463915426,-0.17252019286520037,-3.675957512210746,-0.4401358539076374,-0.6199892698176526,2.6910023625957447
-0.0014896781159640026,-0.034922436964068285,-0.17261148036535323,-3.676141699710136,-0.43994631640702647,-0.620081994817729,2.6908589194700587
-0.0013974781161166716,-0.034831149463915426,-0.17252019286520037,-3.675957512210746,-0.4407044664094683,-0.6198038198174998,2.6911936200966604
-0.0015818781158113337,-0.03473986196376301,-0.1723370553648952,-3.6760801877650335,-0.4400410851573315,-0.6199892698176526,2.690763290719601
-0.0013052781162688964,-0.03464857446361015,-0.1725213178652002,-3.6762647236003403,-0.4401358539076374,-0.6198038198174998,2.6910023625957447
-0.0013052781162688964,-0.03455728696345774,-0.1721544803645899,-3.675988094015339,-0.4401358539076374,-0.6198965448175762,2.6910979913462025
-0.0013052781162688964,-0.034831149463915426,-0.17233649286489527,-3.6760186758199316,-0.4404201601585524,-0.6197110948174238,2.6911936200966604
-0.0013052781162688964,-0.03473986196376301,-0.17252075536520028,-3.676111117905543,-0.4401358539076374,-0.6203601698179577,2.6910023625957447
-0.0013052781162688964,-0.03464857446361015,-0.17242946786504743,-3.676295305404933,-0.4402306226579424,-0.620081994817729,2.6911458057214315
-0.0013052781162688964,-0.034831149463915426,-0.17252019286520037,-3.675957512210746,-0.4406096976591624,-0.6198038198174998,2.6911458057214315
-0.0015818781158113337,-0.034831149463915426,-0.17252019286520037,-3.675957512210746,-0.4402306226579424,-0.6199892698176526,2.6910501769709736
-0.0014896781159640026,-0.034922436964068285,-0.17242778036504813,-3.6761107695696262,-0.4405149289088574,-0.6199892698176526,2.6910023625957447
-0.0013974781161166716,-0.03473986196376301,-0.17224520536474286,-3.6758344883205423,-0.4401358539076374,-0.620081994817729,2.6910501769709736
-0.0015818781158113337,-0.03464857446361015,-0.1723376178648951,-3.6763258872095252,-0.4402306226579424,-0.6198965448175762,2.6910501769709736
-0.0014896781159640026,-0.03473986196376301,-0.17206150536443776,-3.6759877456794223,-0.43994631640702647,-0.6202674448178813,2.6908589194700587
-0.0011208781165742343,-0.034831149463915426,-0.17252019286520037,-3.676049605960441,-0.4407992351597733,-0.6198965448175762,2.6911936200966604
-0.0013052781162688964,-0.03464857446361015,-0.17242946786504743,-3.676019024155848,-0.4404201601585524,-0.6198965448175762,2.6910501769709736
-0.0016740781156586648,-0.03473986196376301,-0.17252075536520028,-3.676111117905543,-0.4401358539076374,-0.6199892698176526,2.6910979913462025
-0.0011208781165742343,-0.03473986196376301,-0.17242890536504796,-3.676141699710136,-0.43994631640702647,-0.6198965448175762,2.6910979913462025
-0.0013974781161166716,-0.03464857446361015,-0.1725213178652002,-3.6760805361009505,-0.4401358539076374,-0.6199892698176526,2.6910979913462025
-0.0015818781158113337,-0.034922436964068285,-0.17242778036504813,-3.675650300821152,-0.4401358539076374,-0.6199892698176526,2.6910023625957447
-0.0013974781161166716,-0.03446599946330532,-0.17215504286459027,-3.675957512210746,-0.4400410851573315,-0.620081994817729,2.6910501769709736
-0.0013974781161166716,-0.03473986196376301,-0.17252075536520028,-3.676054038214897,-0.4403253914082474,-0.6198965448175762,2.6911936200966604
-0.0013052781162688964,-0.03464857446361015,-0.1723376178648951,-3.67571624502071,-0.4406096976591624,-0.6196183698173474,2.6910979913462025
-0.0012130781164215653,-0.03473986196376301,-0.17224520536474286,-3.675869502379591,-0.4406096976591624,-0.6198965448175762,2.6910501769709736
-0.0009364781168795721,-0.03464857446361015,-0.1723376178648951,-3.6760846200194894,-0.4404201601585524,-0.6198965448175762,2.6910979913462025
-0.0011208781165742343,-0.03473986196376301,-0.17224520536474286,-3.675593221130506,-0.4403253914082474,-0.6199892698176526,2.6909545482205166
-0.0010286781167269032,-0.034831149463915426,-0.1726120428653527,-3.676054038214897,-0.4401358539076374,-0.6198965448175762,2.6910979913462025
-0.0011208781165742343,-0.03473986196376301,-0.17224520536474286,-3.675685314880201,-0.4402306226579424,-0.620081994817729,2.6910501769709736
-0.0014896781159640026,-0.03464857446361015,-0.1725213178652002,-3.6759313626606094,-0.4403253914082474,-0.6199892698176526,2.6911458057214315
-0.0010286781167269032,-0.03473986196376301,-0.1723370553648952,-3.675746826825303,-0.4402306226579424,-0.620081994817729,2.6910501769709736
-0.0013052781162688964,-0.03455728696345774,-0.17206263036443759,-3.6759615961292855,-0.4402306226579424,-0.6202674448178813,2.6909545482205166
-0.0013974781161166716,-0.03473986196376301,-0.17242890536504796,-3.6759004325201,-0.4402306226579424,-0.620081994817729,2.6910023625957447
-0.0015818781158113337,-0.03473986196376301,-0.17261260536535306,-3.6758392689109147,-0.4403253914082474,-0.6198038198174998,2.6910501769709736
-0.0013974781161166716,-0.03473986196376301,-0.1723370553648952,-3.675931014324693,-0.4405149289088574,-0.6197110948174238,2.6910979913462025
-0.0013974781161166716,-0.03464857446361015,-0.17215391786459,-3.6757774086298958,-0.4402306226579424,-0.6202674448178813,2.6908589194700587
-0.0014896781159640026,-0.03464857446361015,-0.17242946786504743,-3.6756856632161177,-0.4402306226579424,-0.6198965448175762,2.6911458057214315
-0.0011208781165742343,-0.034831149463915426,-0.17233649286489527,-3.675685314880201,-0.43975677890641646,-0.6198965448175762,2.6910023625957447
-0.0011208781165742343,-0.03446599946330532,-0.17197134286428517,-3.675869502379591,-0.4406096976591624,-0.6197110948174238,2.6911458057214315
-0.0013974781161166716,-0.03464857446361015,-0.1719702178642849,-3.675378103490607,-0.4400410851573315,-0.6199892698176526,2.6910979913462025
-0.0013974781161166716,-0.03446599946330532,-0.17197134286428517,-3.675685314880201,-0.4400410851573315,-0.6198965448175762,2.6911936200966604
-0.0013974781161166716,-0.034831149463915426,-0.17252019286520037,-3.675992526269795,-0.4405149289088574,-0.6199892698176526,2.6909067338452877
-0.0014896781159640026,-0.03473986196376301,-0.17252075536520028,-3.675961944465202,-0.4403253914082474,-0.6198965448175762,2.6910501769709736
-0.0011208781165742343,-0.03473986196376301,-0.17242890536504796,-3.67571624502071,-0.43994631640702647,-0.6198038198174998,2.6910501769709736
-0.0013974781161166716,-0.03464857446361015,-0.1723376178648951,-3.67571624502071,-0.4407992351597733,-0.6197110948174238,2.6912414344718893
-0.0011208781165742343,-0.034922436964068285,-0.17297888036596343,-3.675870199051424,-0.4401358539076374,-0.6199892698176526,2.6911936200966604
-0.0014896781159640026,-0.03473986196376301,-0.17261260536535306,-3.6759313626606094,-0.4400410851573315,-0.620081994817729,2.6910979913462025
-0.0013974781161166716,-0.03473986196376301,-0.17242890536504796,-3.67571624502071,-0.4400410851573315,-0.620081994817729,2.6910023625957447
-0.0013052781162688964,-0.03473986196376301,-0.17242890536504796,-3.67571624502071,-0.4403253914082474,-0.6199892698176526,2.6910979913462025
-0.0014896781159640026,-0.03464857446361015,-0.1725213178652002,-3.6758392689109147,-0.4402306226579424,-0.6198965448175762,2.6911936200966604
-0.0011208781165742343,-0.03473986196376301,-0.17242890536504796,-3.6758083387704055,-0.4403253914082474,-0.620081994817729,2.6910023625957447
-0.0011208781165742343,-0.03455728696345774,-0.17224633036474268,-3.67571624502071,-0.4401358539076374,-0.6198038198174998,2.6910979913462025
-0.0011208781165742343,-0.03446599946330532,-0.17197134286428517,-3.675593221130506,-0.4403253914082474,-0.6196183698173474,2.6910979913462025
-0.0011208781165742343,-0.03464857446361015,-0.17242946786504743,-3.6756856632161177,-0.4407044664094683,-0.6193401948171187,2.6910501769709736
-0.0013974781161166716,-0.03464857446361015,-0.1723376178648951,-3.675992526269795,-0.4401358539076374,-0.6198965448175762,2.6909545482205166
-0.0013974781161166716,-0.03446599946330532,-0.17215504286459027,-3.6756241512710153,-0.4402306226579424,-0.6199892698176526,2.6910023625957447
-0.0013052781162688964,-0.034922436964068285,-0.17270333036550556,-3.6757777569658123,-0.4401358539076374,-0.6198965448175762,2.6909545482205166
-0.0014896781159640026,-0.03473986196376301,-0.1723370553648952,-3.675746826825303,-0.4403253914082474,-0.6199892698176526,2.6910979913462025
-0.0013052781162688964,-0.03455728696345774,-0.172338180364895,-3.6756856632161177,-0.4404201601585524,-0.6198965448175762,2.6910979913462025
-0.0013974781161166716,-0.03473986196376301,-0.17242890536504796,-3.6760846200194894,-0.4402306226579424,-0.6199892698176526,2.6910979913462025
-0.0013052781162688964,-0.03446599946330532,-0.17215504286459027,-3.6758083387704055,-0.4404201601585524,-0.6199892698176526,2.6910023625957447
-0.0011208781165742343,-0.03452579545730674,-0.17206263036443759,-3.6755011273808114,-0.4401358539076374,-0.6198038198174998,2.6911936200966604
-0.0011208781165742343,-0.034434507957154324,-0.1722468928647426,-3.6756856632161177,-0.4403253914082474,-0.6198038198174998,2.6912414344718893
-0.0011208781165742343,-0.03470837045761201,-0.17242890536504796,-3.6755320575213206,-0.4400410851573315,-0.620081994817729,2.6909545482205166
-0.0009364781168795721,-0.03470837045761201,-0.17261260536535306,-3.6759313626606094,-0.4404201601585524,-0.6199892698176526,2.6910979913462025
-0.0013052781162688964,-0.034617082957459154,-0.1723376178648951,-3.67571624502071,-0.4402306226579424,-0.6198965448175762,2.6910501769709736
-0.0011208781165742343,-0.034617082957459154,-0.1723376178648951,-3.6756241512710153,-0.4400410851573315,-0.6198965448175762,2.6910979913462025
-0.0011208781165742343,-0.03470837045761201,-0.17252075536520028,-3.6757777569658123,-0.4403253914082474,-0.6197110948174238,2.6910979913462025
-0.0013052781162688964,-0.0349822329580697,-0.17279461786565797,-3.6756856632161177,-0.4404201601585524,-0.6197110948174238,2.6911936200966604
-0.0009364781168795721,-0.03479965795776443,-0.17233649286489527,-3.675685314880201,-0.4402306226579424,-0.6197110948174238,2.6910501769709736
-0.0011208781165742343,-0.03452579545730674,-0.17197078036428481,-3.6755317091854036,-0.4402306226579424,-0.6198965448175762,2.6910501769709736
-0.0013974781161166716,-0.03470837045761201,-0.17224520536474286,-3.675593221130506,-0.4404201601585524,-0.6198965448175762,2.6910501769709736
-0.0013052781162688964,-0.034617082957459154,-0.17242946786504743,-3.6758698507155074,-0.4400410851573315,-0.6197110948174238,2.6910979913462025
-0.0012130781164215653,-0.03479965795776443,-0.17279574286565824,-3.675532405857238,-0.4402306226579424,-0.6197110948174238,2.6910501769709736
-0.0010286781167269032,-0.034343220457001465,-0.1720637553644374,-3.6756241512710153,-0.4401358539076374,-0.6198965448175762,2.6910023625957447
-0.0013974781161166716,-0.0349822329580697,-0.17288646786581074,-3.6755980017208785,-0.4401358539076374,-0.6198965448175762,2.6910501769709736
-0.0013052781162688964,-0.034434507957154324,-0.17215504286459027,-3.675567071580369,-0.4404201601585524,-0.6197110948174238,2.6910023625957447
-0.0010286781167269032,-0.03479965795776443,-0.17233649286489527,-3.67535195394047,-0.4403253914082474,-0.6199892698176526,2.6910501769709736
-0.0009364781168795721,-0.034617082957459154,-0.17242946786504743,-3.6755364897757765,-0.4400410851573315,-0.620081994817729,2.69081110509483
-0.0010286781167269032,-0.034617082957459154,-0.17224576786474233,-3.675413465885572,-0.4404201601585524,-0.6199892698176526,2.6910023625957447
-0.0010286781167269032,-0.034434507957154324,-0.17197134286428517,-3.675444047690165,-0.4401358539076374,-0.6201747198178049,2.6909067338452877
-0.0014896781159640026,-0.03470837045761201,-0.17242890536504796,-3.6754749778306746,-0.4402306226579424,-0.6203601698179577,2.6910501769709736
-0.0013052781162688964,-0.03479965795776443,-0.17252019286520037,-3.6754749778306746,-0.4404201601585524,-0.6198965448175762,2.6911458057214315
-0.0013974781161166716,-0.03489094545791729,-0.17261148036535323,-3.6754749778306746,-0.4401358539076374,-0.6199892698176526,2.6910979913462025
-0.0013052781162688964,-0.034434507957154324,-0.1722468928647426,-3.675628583525471,-0.4401358539076374,-0.6199892698176526,2.6910501769709736
-0.0011208781165742343,-0.034617082957459154,-0.1723376178648951,-3.675567071580369,-0.4406096976591624,-0.6197110948174238,2.6911936200966604
-0.0013052781162688964,-0.03489094545791729,-0.17261148036535323,-3.6754749778306746,-0.4403253914082474,-0.6198965448175762,2.6910979913462025
-0.0011208781165742343,-0.03470837045761201,-0.17252075536520028,-3.6755364897757765,-0.4402306226579424,-0.6198038198174998,2.6910501769709736
-0.0012130781164215653,-0.03479965795776443,-0.17270389286550547,-3.675505907971184,-0.4400410851573315,-0.6197110948174238,2.6910979913462025
-0.0011208781165742343,-0.03470837045761201,-0.17252075536520028,-3.6757206772751663,-0.4403253914082474,-0.6197110948174238,2.6910979913462025
-0.0014896781159640026,-0.034617082957459154,-0.17215391786459,-3.67535195394047,-0.43994631640702647,-0.620081994817729,2.6909067338452877
-0.0011208781165742343,-0.03479965795776443,-0.17252019286520037,-3.67538288408098,-0.4403253914082474,-0.6199892698176526,2.6910501769709736
-0.0011208781165742343,-0.03489094545791729,-0.17270333036550556,-3.675628583525471,-0.4400410851573315,-0.6201747198178049,2.6910501769709736
-0.0013974781161166716,-0.034617082957459154,-0.1723376178648951,-3.67538288408098,-0.4402306226579424,-0.6198965448175762,2.6910501769709736
-0.0011208781165742343,-0.03452579545730674,-0.17206263036443759,-3.675444047690165,-0.4404201601585524,-0.6197110948174238,2.6910501769709736
-0.0012130781164215653,-0.03452579545730674,-0.17224633036474268,-3.675567071580369,-0.43994631640702647,-0.620081994817729,2.6909067338452877
-0.0013974781161166716,-0.034434507957154324,-0.17233874286489537,-3.675413814221489,-0.4401358539076374,-0.6199892698176526,2.6910501769709736
-0.0014896781159640026,-0.03452579545730674,-0.17243003036504778,-3.6755980017208785,-0.4404201601585524,-0.6198038198174998,2.6910501769709736
-0.0013974781161166716,-0.034434507957154324,-0.17233874286489537,-3.675505907971184,-0.4403253914082474,-0.6198965448175762,2.6910023625957447
-0.0013974781161166716,-0.03470837045761201,-0.1723370553648952,-3.675413465885572,-0.4404201601585524,-0.6199892698176526,2.6911936200966604
-0.0013052781162688964,-0.03479965795776443,-0.17252019286520037,-3.6754749778306746,-0.4404201601585524,-0.6199892698176526,2.6910501769709736
-0.0011208781165742343,-0.034343220457001465,-0.1720637553644374,-3.6752907903312844,-0.4400410851573315,-0.6199892698176526,2.6910501769709736
-0.0013974781161166716,-0.03479965795776443,-0.17270389286550547,-3.6755980017208785,-0.4401358539076374,-0.6198965448175762,2.6911936200966604
-0.0014896781159640026,-0.034617082957459154,-0.1723376178648951,-3.6752907903312844,-0.4403253914082474,-0.6198965448175762,2.6911458057214315
-0.0013974781161166716,-0.03470837045761201,-0.17261260536535306,-3.6753217204717945,-0.4401358539076374,-0.6198965448175762,2.6909067338452877
-0.0010286781167269032,-0.03470837045761201,-0.17224520536474286,-3.67535195394047,-0.4406096976591624,-0.6197110948174238,2.6912414344718893
-0.0012130781164215653,-0.03470837045761201,-0.17252075536520028,-3.6755364897757765,-0.4400410851573315,-0.6198038198174998,2.6910023625957447
-0.0011208781165742343,-0.03470837045761201,-0.17252075536520028,-3.675260208526692,-0.4401358539076374,-0.620081994817729,2.6908589194700587
-0.0013052781162688964,-0.034343220457001465,-0.1718800553641323,-3.67553614143986,-0.4400410851573315,-0.6202674448178813,2.6909067338452877
-0.0014896781159640026,-0.034434507957154324,-0.17197134286428517,-3.675444047690165,-0.4402306226579424,-0.620081994817729,2.6911458057214315
-0.0011208781165742343,-0.03470837045761201,-0.17261260536535306,-3.6755980017208785,-0.4403253914082474,-0.6199892698176526,2.6910501769709736
-0.0011208781165742343,-0.034617082957459154,-0.17242946786504743,-3.6755364897757765,-0.4404201601585524,-0.6198965448175762,2.6911936200966604
-0.0011208781165742343,-0.034434507957154324,-0.17197134286428517,-3.67535195394047,-0.43994631640702647,-0.6199892698176526,2.6910979913462025
-0.0014896781159640026,-0.03452579545730674,-0.17224633036474268,-3.675659165330064,-0.4404201601585524,-0.6199892698176526,2.6910501769709736
-0.0014896781159640026,-0.03452579545730674,-0.17224633036474268,-3.6752907903312844,-0.43994631640702647,-0.6204528948180341,2.6908589194700587
-0.0014896781159640026,-0.03452579545730674,-0.17224633036474268,-3.6752907903312844,-0.4403253914082474,-0.6198965448175762,2.6910979913462025
-0.0013974781161166716,-0.03470837045761201,-0.17224520536474286,-3.67535195394047,-0.4405149289088574,-0.6197110948174238,2.6911936200966604
-0.0011208781165742343,-0.03425193295684905,-0.17188061786413222,-3.675505559635267,-0.4401358539076374,-0.6198038198174998,2.6910979913462025
-0.0011208781165742343,-0.03470837045761201,-0.17242890536504796,-3.6754749778306746,-0.4400410851573315,-0.620081994817729,2.6910023625957447
-0.0012130781164215653,-0.03470837045761201,-0.17252075536520028,-3.675260208526692,-0.4401358539076374,-0.6198965448175762,2.6910979913462025
-0.0013052781162688964,-0.034434507957154324,-0.1720631928644375,-3.6752292783861824,-0.4403253914082474,-0.6201747198178049,2.6910979913462025
-0.0010286781167269032,-0.034617082957459154,-0.1723376178648951,-3.6752907903312844,-0.4400410851573315,-0.6198038198174998,2.6910023625957447
-0.0013052781162688964,-0.034343220457001465,-0.17215560536458974,-3.675260208526692,-0.43975677890641646,-0.6203601698179577,2.69081110509483
-0.0013052781162688964,-0.034434507957154324,-0.1720631928644375,-3.675505559635267,-0.4402306226579424,-0.6198965448175762,2.6910501769709736
-0.0012130781164215653,-0.03479965795776443,-0.1726120428653527,-3.6755364897757765,-0.4404201601585524,-0.6198038198174998,2.6910979913462025
-0.0013974781161166716,-0.03470837045761201,-0.17242890536504796,-3.675659165330064,-0.4403253914082474,-0.620081994817729,2.6910501769709736
-0.0014896781159640026,-0.03452579545730674,-0.172338180364895,-3.675260208526692,-0.4403253914082474,-0.6198965448175762,2.6910023625957447
-0.0010286781167269032,-0.03470837045761201,-0.17252075536520028,-3.6755364897757765,-0.4404201601585524,-0.6198038198174998,2.6910979913462025
-0.0011208781165742343,-0.03470837045761201,-0.17242890536504796,-3.6754749778306746,-0.4402306226579424,-0.6199892698176526,2.6910979913462025
-0.0011208781165742343,-0.03470837045761201,-0.17224520536474286,-3.6751677664410805,-0.4404201601585524,-0.6198965448175762,2.6910979913462025
-0.0013974781161166716,-0.03479965795776443,-0.1726120428653527,-3.6755364897757765,-0.4401358539076374,-0.6198965448175762,2.6910979913462025
-0.0011208781165742343,-0.03479965795776443,-0.17233649286489527,-3.6751677664410805,-0.4404201601585524,-0.6197110948174238,2.6910501769709736
-0.0013052781162688964,-0.034617082957459154,-0.1723376178648951,-3.6752337106406388,-0.43994631640702647,-0.6198965448175762,2.6910979913462025
-0.0013974781161166716,-0.03479965795776443,-0.1724283428650476,-3.675264292445231,-0.4404201601585524,-0.6198965448175762,2.6910979913462025
-0.0011208781165742343,-0.034434507957154324,-0.1722468928647426,-3.675387316335436,-0.4400410851573315,-0.6199892698176526,2.6909067338452877
-0.0011208781165742343,-0.034617082957459154,-0.17242946786504743,-3.6752031288360456,-0.4402306226579424,-0.620081994817729,2.6910023625957447
-0.0014896781159640026,-0.03470837045761201,-0.17252075536520028,-3.6752031288360456,-0.4400410851573315,-0.6198965448175762,2.6910023625957447
-0.0013052781162688964,-0.034434507957154324,-0.17197134286428517,-3.674926499251045,-0.4404201601585524,-0.6193401948171187,2.6911936200966604
-0.0012130781164215653,-0.034617082957459154,-0.17215391786459,-3.675202780500129,-0.4402306226579424,-0.6198965448175762,2.6909067338452877
-0.0013052781162688964,-0.03470837045761201,-0.17252075536520028,-3.675387316335436,-0.4404201601585524,-0.6198965448175762,2.6910979913462025
-0.0013052781162688964,-0.03470837045761201,-0.17261260536535306,-3.6754488282805378,-0.4405149289088574,-0.6199892698176526,2.6911936200966604
-0.0011208781165742343,-0.03470837045761201,-0.17252075536520028,-3.675111035086351,-0.4403253914082474,-0.6198965448175762,2.6910979913462025
-0.0013974781161166716,-0.03470837045761201,-0.17224520536474286,-3.6748344055013504,-0.4402306226579424,-0.620081994817729,2.6911458057214315
-0.0011208781165742343,-0.03479965795776443,-0.17233649286489527,-3.675202780500129,-0.4401358539076374,-0.6197110948174238,2.6910501769709736
-0.0011208781165742343,-0.03479965795776443,-0.1726120428653527,-3.675111035086351,-0.4400410851573315,-0.6199892698176526,2.6910501769709736
-0.0013052781162688964,-0.03479965795776443,-0.17252019286520037,-3.6748653356418592,-0.43994631640702647,-0.6202674448178813,2.6908589194700587
-0.0011208781165742343,-0.034434507957154324,-0.17215504286459027,-3.6752337106406388,-0.4404201601585524,-0.6197110948174238,2.6911458057214315
-0.0014896781159640026,-0.034617082957459154,-0.1723376178648951,-3.6753258043903334,-0.4402306226579424,-0.6199892698176526,2.6910979913462025
-0.0013052781162688964,-0.03452579545730674,-0.172338180364895,-3.675387316335436,-0.4402306226579424,-0.6198038198174998,2.6910979913462025
-0.0014896781159640026,-0.03489094545791729,-0.17279518036565833,-3.675264640781148,-0.4402306226579424,-0.6199892698176526,2.6910501769709736
-0.0011208781165742343,-0.03452579545730674,-0.17224633036474268,-3.675049523141249,-0.4403253914082474,-0.6199892698176526,2.6909545482205166
-0.0011208781165742343,-0.034617082957459154,-0.1723376178648951,-3.6751416168909437,-0.4402306226579424,-0.6199892698176526,2.6910023625957447
-0.0012130781164215653,-0.03479965795776443,-0.17279574286565824,-3.6753261527262504,-0.4404201601585524,-0.6198965448175762,2.6910979913462025
-0.0011208781165742343,-0.034434507957154324,-0.1720631928644375,-3.674988011196147,-0.4404201601585524,-0.6199892698176526,2.6910979913462025
-0.0012130781164215653,-0.034617082957459154,-0.17242946786504743,-3.675295222585741,-0.43994631640702647,-0.6202674448178813,2.6910023625957447
-0.0013052781162688964,-0.03470837045761201,-0.17261260536535306,-3.6754488282805378,-0.4403253914082474,-0.6198965448175762,2.6910501769709736
0.08544725481307679,0.016886044117088266,-0.08433271172724288,-3.19687434907808,0.008484843400945657,-0.46928973393980755,2.690778898362906
0.08553945481292456,0.016703469116783436,-0.08469898672785325,-3.1971815604676745,0.008863918402166576,-0.4696606339401127,2.6906354552372194
0.08553945481292456,0.016886044117088266,-0.08433271172724288,-3.1967822553283853,0.008484843400945657,-0.4693824589398835,2.6907310839876772
0.08544725481307679,0.016886044117088266,-0.08442456172739565,-3.197027954772877,0.008958687152471584,-0.46993880894034146,2.6907310839876772
0.08553945481292456,0.016703469116783436,-0.08469898672785325,-3.1969973729682843,0.00839007465064065,-0.46928973393980755,2.6910179702390504
0.08553945481292456,0.01679475661693585,-0.08469954922785317,-3.1972430724127765,0.008769149651861124,-0.46919700893973115,2.6908745271133636
0.08553945481292456,0.016886044117088266,-0.08451641172754842,-3.1969973729682843,0.008769149651861124,-0.4694751839399599,2.6908267127381347
0.08581605481246656,0.016886044117088266,-0.08442456172739565,-3.1969358610231824,0.008863918402166576,-0.4693824589398835,2.6908745271133636
0.08563165481277189,0.016886044117088266,-0.08451641172754842,-3.196813185468895,0.00839007465064065,-0.4693824589398835,2.6908745271133636
0.08563165481277189,0.017008823123392122,-0.0843332742272428,-3.197027954772877,0.008958687152471584,-0.4695679089400363,2.6908267127381347
0.08572385481261922,0.016826248123086848,-0.08460769922770084,-3.1971815604676745,0.008769149651861124,-0.4694751839399599,2.690778898362906
0.08553945481292456,0.017008823123392122,-0.08442512422739556,-3.197089466717979,0.009337762153692503,-0.46984608394026506,2.690492012111533
0.08563165481277189,0.016734960622934433,-0.08469898672785325,-3.1971815604676745,0.008674380901556117,-0.46919700893973115,2.6909223414885926
0.08553945481292456,0.016917535623239263,-0.08451641172754842,-3.1969052792185897,0.008958687152471584,-0.4694751839399599,2.6909701558638215
0.08553945481292456,0.016734960622934433,-0.08469898672785325,-3.1968481995279436,0.008958687152471584,-0.4694751839399599,2.6909223414885926
0.08544725481307679,0.01728268562384981,-0.08378386172632724,-3.196602151747535,0.008958687152471584,-0.46928973393980755,2.6908267127381347
0.08553945481292456,0.016917535623239263,-0.08451641172754842,-3.1970323870273334,0.009053455902777036,-0.46984608394026506,2.6906354552372194
0.08553945481292456,0.017100110623544537,-0.08415013672693761,-3.196448894388655,0.009148224653082043,-0.4695679089400363,2.690778898362906
0.08553945481292456,0.016917535623239263,-0.08451641172754842,-3.1970323870273334,0.008769149651861124,-0.4694751839399599,2.6909701558638215
0.08544725481307679,0.016826248123086848,-0.08451584922754807,-3.1968787813325363,0.008958687152471584,-0.4693824589398835,2.6908745271133636
0.08553945481292456,0.017100110623544537,-0.08424198672709038,-3.1967866875828417,0.009337762153692503,-0.4696606339401127,2.6906832696124483
0.08553945481292456,0.017008823123392122,-0.08442512422739556,-3.1968481995279436,0.008958687152471584,-0.46910428393965475,2.6908267127381347
0.08553945481292456,0.017008823123392122,-0.08460882422770066,-3.1968791296684533,0.008769149651861124,-0.46928973393980755,2.6910179702390504
0.08572385481261922,0.016826248123086848,-0.08451584922754807,-3.1966025000834515,0.009053455902777036,-0.46928973393980755,2.690778898362906
0.08553945481292456,0.017008823123392122,-0.08424142422709002,-3.196633081888044,0.008958687152471584,-0.4694751839399599,2.6908745271133636
0.08553945481292456,0.016917535623239263,-0.08451641172754842,-3.1968481995279436,0.009053455902777036,-0.4696606339401127,2.6906354552372194
0.08572385481261922,0.016826248123086848,-0.08451584922754807,-3.196694593833147,0.008769149651861124,-0.46919700893973115,2.6908745271133636
0.08572385481261922,0.016917535623239263,-0.08451641172754842,-3.1968481995279436,0.009053455902777036,-0.46928973393980755,2.6908267127381347
0.08544725481307679,0.016917535623239263,-0.08451641172754842,-3.196479824529164,0.009242993403387051,-0.46928973393980755,2.6908745271133636
0.08563165481277189,0.016917535623239263,-0.08414901172693778,-3.1964179642481447,0.009242993403387051,-0.4695679089400363,2.690778898362906
0.08572385481261922,0.017008823123392122,-0.08451697422754789,-3.196817617723351,0.009148224653082043,-0.46928973393980755,2.6910179702390504
0.08553945481292456,0.017008823123392122,-0.08405772422678492,-3.196602151747535,0.008863918402166576,-0.46919700893973115,2.6909223414885926
0.08572385481261922,0.017100110623544537,-0.08405828672678528,-3.1967557574423315,0.009148224653082043,-0.4693824589398835,2.6907310839876772
0.08553945481292456,0.017008823123392122,-0.0843332742272428,-3.1968787813325363,0.009053455902777036,-0.4693824589398835,2.6908745271133636
0.08572385481261922,0.017008823123392122,-0.08442512422739556,-3.1969402932776383,0.009053455902777036,-0.46928973393980755,2.6908267127381347
0.08535505481322946,0.017008823123392122,-0.08470067422785299,-3.1969406416135553,0.008958687152471584,-0.46919700893973115,2.6909701558638215
0.08563165481277189,0.017008823123392122,-0.08460882422770066,-3.196971223418148,0.009527299654302518,-0.4694751839399599,2.6908267127381347
0.08553945481292456,0.016643673122781574,-0.08451472422754824,-3.1965715699429422,0.00943253090399751,-0.4694751839399599,2.6908745271133636
0.08553945481292456,0.017008823123392122,-0.0843332742272428,-3.1966025000834515,0.009053455902777036,-0.4693824589398835,2.6909701558638215
0.08553945481292456,0.016917535623239263,-0.08442456172739565,-3.196694593833147,0.008863918402166576,-0.468826108939426,2.6910657846142794
0.08553945481292456,0.016826248123086848,-0.0844239992273953,-3.1965409881383495,0.00943253090399751,-0.4694751839399599,2.690778898362906
0.08544725481307679,0.016917535623239263,-0.08442456172739565,-3.196694593833147,0.00943253090399751,-0.46928973393980755,2.6909223414885926
0.08581605481246656,0.016734960622934433,-0.08469898672785325,-3.196664012028554,0.009053455902777036,-0.46919700893973115,2.6909223414885926
0.08544725481307679,0.016917535623239263,-0.08460826172770075,-3.196725523973656,0.009148224653082043,-0.46928973393980755,2.6910179702390504
0.08553945481292456,0.016917535623239263,-0.08451641172754842,-3.196664012028554,0.00943253090399751,-0.4693824589398835,2.6908267127381347
0.08526285481338212,0.017100110623544537,-0.08433383672724315,-3.196756105778249,0.009527299654302518,-0.4696606339401127,2.6908267127381347
0.08563165481277189,0.017008823123392122,-0.08424142422709002,-3.196725175637739,0.00943253090399751,-0.4694751839399599,2.6908267127381347
0.08553945481292456,0.016917535623239263,-0.08442456172739565,-3.1966025000834515,0.009242993403387051,-0.4693824589398835,2.690778898362906
0.08553945481292456,0.016826248123086848,-0.08451584922754807,-3.196694593833147,0.00943253090399751,-0.46928973393980755,2.6908745271133636
0.08553945481292456,0.017008823123392122,-0.08451697422754789,-3.196725523973656,0.009242993403387051,-0.46928973393980755,2.6908267127381347
0.08544725481307679,0.017008823123392122,-0.08442512422739556,-3.196756105778249,0.009527299654302518,-0.46975335894018866,2.6907310839876772
0.08544725481307679,0.017100110623544537,-0.08415013672693761,-3.1962647068892647,0.009527299654302518,-0.46919700893973115,2.6909701558638215
0.08544725481307679,0.016949027129390264,-0.08451641172754842,-3.196330651088823,0.00943253090399751,-0.46919700893973115,2.6908745271133636
0.08553945481292456,0.016949027129390264,-0.08451641172754842,-3.196330651088823,0.00943253090399751,-0.46910428393965475,2.6909701558638215
0.08535505481322946,0.016949027129390264,-0.08451641172754842,-3.1966990260876025,0.009337762153692503,-0.4694751839399599,2.6908745271133636
0.08569908275258423,0.016949027129390264,-0.08451641172754842,-3.196606932337908,0.009053455902777036,-0.4689188339395024,2.6910657846142794
0.08569908275258423,0.016949027129390264,-0.08442456172739565,-3.196177045394026,0.00943253090399751,-0.46919700893973115,2.6908745271133636
0.0856068827527369,0.017040314629543123,-0.08426772250813502,-3.196391814698008,0.009337762153692503,-0.4694751839399599,2.6910657846142794
0.08551468275288956,0.017040314629543123,-0.0843595725082878,-3.1964533266431108,0.009716837154912977,-0.4694751839399599,2.690778898362906
0.0856068827527369,0.016949027129390264,-0.08454271000859342,-3.196606932337908,0.00943253090399751,-0.4693824589398835,2.6910179702390504
0.0856068827527369,0.016949027129390264,-0.08417531000798278,-3.196268790807804,0.009716837154912977,-0.46919700893973115,2.6908267127381347
0.08542248275304179,0.016766452129085434,-0.08463343500874548,-3.196361232893416,0.00962206840460797,-0.46928973393980755,2.6908267127381347
0.08551468275288956,0.016766452129085434,-0.08472528500889825,-3.196330651088823,0.010095912156133896,-0.4694751839399599,2.6907310839876772
0.08533028275319446,0.016949027129390264,-0.08454271000859342,-3.1966990260876025,0.009716837154912977,-0.46910428393965475,2.6907310839876772
0.08542248275304179,0.017222889629848397,-0.08417699750798252,-3.1965454203928054,0.010190680906438904,-0.46975335894018866,2.6906832696124483
0.0856068827527369,0.017040314629543123,-0.08454327250859289,-3.1967605380327044,0.009716837154912977,-0.46928973393980755,2.6909701558638215
0.0856068827527369,0.016949027129390264,-0.08463456000874575,-3.1965763505333147,0.009811605905218429,-0.4694751839399599,2.690778898362906
0.08569908275258423,0.016675164628932575,-0.08472472250889834,-3.196177045394026,0.009906374655523437,-0.4693824589398835,2.6908745271133636
0.08569908275258423,0.017040314629543123,-0.08445142250844057,-3.1965148385882127,0.009811605905218429,-0.46928973393980755,2.6908745271133636
0.08569908275258423,0.016949027129390264,-0.08435901000828788,-3.196576002197398,0.009337762153692503,-0.4689188339395024,2.6911614133647372
0.08551468275288956,0.017040314629543123,-0.08445142250844057,-3.196330651088823,0.009811605905218429,-0.4693824589398835,2.6908267127381347
0.08542248275304179,0.016949027129390264,-0.08445086000844065,-3.1964533266431108,0.009811605905218429,-0.4693824589398835,2.6908745271133636
0.08551468275288956,0.017040314629543123,-0.08408402250782993,-3.1963608845574987,0.010190680906438904,-0.4693824589398835,2.6907310839876772
0.08551468275288956,0.01713160212969554,-0.08445198500844048,-3.1962079755345356,0.009716837154912977,-0.46928973393980755,2.6908745271133636
0.08588348275227889,0.016949027129390264,-0.08454271000859342,-3.1965148385882127,0.010285449656743911,-0.46928973393980755,2.690778898362906
0.0856068827527369,0.016949027129390264,-0.08417531000798278,-3.195992509558719,0.009811605905218429,-0.46928973393980755,2.6908745271133636
0.08569908275258423,0.016949027129390264,-0.08454271000859342,-3.1965148385882127,0.009906374655523437,-0.46928973393980755,2.6908267127381347
0.08551468275288956,0.017040314629543123,-0.08454327250859289,-3.19666844428301,0.009811605905218429,-0.46910428393965475,2.6909223414885926
0.08569908275258423,0.016949027129390264,-0.08454271000859342,-3.196422744838518,0.009906374655523437,-0.46928973393980755,2.6909701558638215
0.08551468275288956,0.016949027129390264,-0.08435901000828788,-3.196391814698008,0.009716837154912977,-0.46928973393980755,2.6908745271133636
0.08551468275288956,0.016949027129390264,-0.08445086000844065,-3.1960849516443313,0.009811605905218429,-0.46910428393965475,2.6910179702390504
0.08588348275227889,0.01713160212969554,-0.08417643500798261,-3.1962076271986186,0.010001143405828444,-0.46928973393980755,2.6907310839876772
0.08551468275288956,0.017040314629543123,-0.0841758725079827,-3.1961461152535167,0.010001143405828444,-0.46928973393980755,2.6908745271133636
0.08579128275243156,0.016949027129390264,-0.08445086000844065,-3.196177045394026,0.010190680906438904,-0.46928973393980755,2.6909701558638215
0.08551468275288956,0.016949027129390264,-0.08463456000874575,-3.19648425678362,0.009242993403387051,-0.4685479339391968,2.691209227739966
0.0856068827527369,0.016949027129390264,-0.08454271000859342,-3.196330651088823,0.009811605905218429,-0.46928973393980755,2.6909701558638215
0.08569908275258423,0.01713160212969554,-0.08436013500828815,-3.1965148385882127,0.010190680906438904,-0.4693824589398835,2.6908745271133636
0.08542248275304179,0.017040314629543123,-0.0843595725082878,-3.1964533266431108,0.010095912156133896,-0.46928973393980755,2.6909701558638215
0.08579128275243156,0.017040314629543123,-0.08463512250874566,-3.196637862478417,0.00962206840460797,-0.4689188339395024,2.6910657846142794
0.08551468275288956,0.017040314629543123,-0.08463512250874566,-3.1963615812293327,0.009906374655523437,-0.46928973393980755,2.6908267127381347
0.08551468275288956,0.017040314629543123,-0.08445142250844057,-3.1962385573391283,0.01047498715735437,-0.4694751839399599,2.6907310839876772
0.08569908275258423,0.01713160212969554,-0.08436013500828815,-3.196606932337908,0.010285449656743911,-0.4693824589398835,2.6909701558638215
0.08551468275288956,0.017222889629848397,-0.08445254750844039,-3.1964536749790273,0.010190680906438904,-0.4693824589398835,2.6909701558638215
0.0856068827527369,0.016949027129390264,-0.08435901000828788,-3.196115533448924,0.010095912156133896,-0.46928973393980755,2.6908267127381347
0.0856068827527369,0.01713160212969554,-0.08426828500813538,-3.196177045394026,0.009811605905218429,-0.46919700893973115,2.6909701558638215
0.0856068827527369,0.01713160212969554,-0.08436013500828815,-3.1965148385882127,0.009906374655523437,-0.46928973393980755,2.6908267127381347
0.08579128275243156,0.017040314629543123,-0.08426772250813502,-3.196576002197398,0.010380218407049363,-0.4694751839399599,2.690778898362906
0.08551468275288956,0.01713160212969554,-0.08454383500859325,-3.196637862478417,0.010285449656743911,-0.4693824589398835,2.6908745271133636
0.08551468275288956,0.01713160212969554,-0.08436013500828815,-3.1962385573391283,0.009527299654302518,-0.4687333839393496,2.6910657846142794
0.08579128275243156,0.01713160212969554,-0.08436013500828815,-3.196330651088823,0.010190680906438904,-0.4693824589398835,2.6908745271133636
0.08551468275288956,0.01685773962923785,-0.08454214750859307,-3.1965454203928054,0.010190680906438904,-0.4693824589398835,2.6909223414885926
0.08569908275258423,0.017040314629543123,-0.08445142250844057,-3.1962385573391283,0.010190680906438904,-0.4693824589398835,2.6907310839876772
0.08597568275212666,0.017040314629543123,-0.08445142250844057,-3.196606932337908,0.010190680906438904,-0.46928973393980755,2.690778898362906
0.08533028275319446,0.017040314629543123,-0.08454327250859289,-3.196427177092974,0.010285449656743911,-0.46928973393980755,2.6908267127381347
0.08542248275304179,0.017040314629543123,-0.08426772250813502,-3.1960584537582775,0.010285449656743911,-0.46928973393980755,2.6908745271133636
0.0856068827527369,0.017040314629543123,-0.08445142250844057,-3.195905196399398,0.010285449656743911,-0.46928973393980755,2.6908267127381347
0.0856068827527369,0.016949027129390264,-0.08472641000889852,-3.1960282202896018,0.010285449656743911,-0.4694751839399599,2.6908745271133636
0.08569908275258423,0.016949027129390264,-0.08454271000859342,-3.196181477648482,0.010285449656743911,-0.4695679089400363,2.6908745271133636
0.08551468275288956,0.01685773962923785,-0.08454214750859307,-3.1959357782039906,0.010285449656743911,-0.46910428393965475,2.6909223414885926
0.08542248275304179,0.017040314629543123,-0.08426772250813502,-3.195966360008583,0.010569755907659822,-0.4694751839399599,2.6909701558638215
0.08551468275288956,0.016766452129085434,-0.08490898500920335,-3.196212407788992,0.01047498715735437,-0.46928973393980755,2.6908745271133636
0.08579128275243156,0.016949027129390264,-0.08445086000844065,-3.1963041532027696,0.010285449656743911,-0.46928973393980755,2.6908267127381347
0.08579128275243156,0.016949027129390264,-0.08463456000874575,-3.196150895843889,0.010285449656743911,-0.4693824589398835,2.6908745271133636
0.08579128275243156,0.017314177130000812,-0.0842694100081352,-3.196150895843889,0.010569755907659822,-0.4694751839399599,2.6907310839876772
0.0856068827527369,0.016980518635541265,-0.08435901000828788,-3.196242641257667,0.010190680906438904,-0.46928973393980755,2.6910179702390504
0.08569908275258423,0.017071806135694124,-0.08445142250844057,-3.196365665147872,0.010569755907659822,-0.4694751839399599,2.6909223414885926
0.08569908275258423,0.017071806135694124,-0.08445142250844057,-3.196089383898787,0.010569755907659822,-0.46901155893957835,2.6910657846142794
0.08579128275243156,0.0172543811359994,-0.08417699750798252,-3.1963041532027696,0.010569755907659822,-0.46919700893973115,2.6909701558638215
0.0856068827527369,0.016797943635236436,-0.08463343500874548,-3.19611996570338,0.010569755907659822,-0.4694751839399599,2.6909223414885926
0.08579128275243156,0.017071806135694124,-0.08463512250874566,-3.1963045015386866,0.010569755907659822,-0.46901155893957835,2.6908745271133636
0.08542248275304179,0.016706656135083577,-0.08481657250905111,-3.196365665147872,0.010285449656743911,-0.4689188339395024,2.6909701558638215
0.08569908275258423,0.01688923113538885,-0.08463399750874584,-3.195905196399398,0.010569755907659822,-0.4693824589398835,2.6908267127381347
0.08569908275258423,0.01716309363584654,-0.08454383500859325,-3.196212407788992,0.010569755907659822,-0.4695679089400363,2.690778898362906
0.08569908275258423,0.017071806135694124,-0.08472697250889799,-3.1963660134837886,0.01066452465796483,-0.4694751839399599,2.6909701558638215
0.08579128275243156,0.016980518635541265,-0.08463456000874575,-3.1963350833432793,0.01047498715735437,-0.4693824589398835,2.6908267127381347
0.08542248275304179,0.0172543811359994,-0.08426884750813529,-3.195905196399398,0.010759293408269838,-0.4694751839399599,2.690778898362906
0.08551468275288956,0.016980518635541265,-0.08454271000859342,-3.196089383898787,0.01047498715735437,-0.46910428393965475,2.6909701558638215
0.08551468275288956,0.017071806135694124,-0.08454327250859289,-3.196150895843889,0.01047498715735437,-0.4693824589398835,2.6909701558638215
0.08588348275227889,0.016797943635236436,-0.08463343500874548,-3.1963041532027696,0.01047498715735437,-0.4694751839399599,2.6908745271133636
0.08569908275258423,0.016980518635541265,-0.08445086000844065,-3.196027871953685,0.010285449656743911,-0.468826108939426,2.691209227739966
0.08579128275243156,0.017071806135694124,-0.0843595725082878,-3.1959357782039906,0.010569755907659822,-0.46928973393980755,2.6910179702390504
0.08569908275258423,0.016797943635236436,-0.08490898500920335,-3.1960282202896018,0.010190680906438904,-0.468826108939426,2.6911135989895083
0.08551468275288956,0.016980518635541265,-0.08472641000889852,-3.1963045015386866,0.010569755907659822,-0.46928973393980755,2.690778898362906
0.08579128275243156,0.017071806135694124,-0.08445142250844057,-3.195905196399398,0.01047498715735437,-0.46928973393980755,2.6909223414885926
0.08569908275258423,0.016980518635541265,-0.08454271000859342,-3.196089383898787,0.010569755907659822,-0.46928973393980755,2.6908267127381347
0.08542248275304179,0.016797943635236436,-0.08472528500889825,-3.1959972901490925,0.010759293408269838,-0.46928973393980755,2.6909701558638215
0.08569908275258423,0.017071806135694124,-0.08426772250813502,-3.1960584537582775,0.010569755907659822,-0.46919700893973115,2.6908745271133636
0.0856068827527369,0.016797943635236436,-0.08472528500889825,-3.196089383898787,0.01047498715735437,-0.46928973393980755,2.690778898362906
0.08569908275258423,0.01716309363584654,-0.08417643500798261,-3.195966360008583,0.01047498715735437,-0.4689188339395024,2.6909701558638215
0.0856068827527369,0.017071806135694124,-0.08426772250813502,-3.195966360008583,0.010948830908880297,-0.4695679089400363,2.690778898362906
0.08551468275288956,0.016980518635541265,-0.08463456000874575,-3.196150895843889,0.01047498715735437,-0.46919700893973115,2.6909701558638215
0.08579128275243156,0.017071806135694124,-0.08445142250844057,-3.1959972901490925,0.010569755907659822,-0.4693824589398835,2.690778898362906
0.08542248275304179,0.016980518635541265,-0.08454271000859342,-3.196089383898787,0.01066452465796483,-0.46919700893973115,2.6909701558638215
0.08569908275258423,0.016980518635541265,-0.08445086000844065,-3.1959357782039906,0.011233137159795764,-0.4695679089400363,2.6906832696124483
0.08579128275243156,0.017071806135694124,-0.0843595725082878,-3.196027871953685,0.01085406215857529,-0.4693824589398835,2.6909701558638215
0.08551468275288956,0.017071806135694124,-0.08463512250874566,-3.1960282202896018,0.01085406215857529,-0.4694751839399599,2.6907310839876772
0.08588348275227889,0.01688923113538885,-0.08472584750889817,-3.1960588020941945,0.010569755907659822,-0.46919700893973115,2.6908267127381347
0.0856068827527369,0.01688923113538885,-0.08454214750859307,-3.196027871953685,0.011138368409490756,-0.4695679089400363,2.690778898362906
0.08569908275258423,0.016980518635541265,-0.08435901000828788,-3.195874266258888,0.011138368409490756,-0.46928973393980755,2.6909701558638215
0.08542248275304179,0.016980518635541265,-0.08454271000859342,-3.196365665147872,0.011517443410711231,-0.46993880894034146,2.690587640861991
0.08551468275288956,0.016980518635541265,-0.08472641000889852,-3.1961203140392973,0.01047498715735437,-0.46928973393980755,2.6910657846142794
0.08569908275258423,0.016980518635541265,-0.08445086000844065,-3.195751590704601,0.010948830908880297,-0.4693824589398835,2.6908267127381347
0.0856068827527369,0.016980518635541265,-0.08454271000859342,-3.196089383898787,0.011233137159795764,-0.4694751839399599,2.690778898362906
0.08569908275258423,0.016980518635541265,-0.08445086000844065,-3.1959357782039906,0.011043599659185749,-0.4693824589398835,2.6908267127381347
0.08588348275227889,0.0172543811359994,-0.08426884750813529,-3.1959972901490925,0.010948830908880297,-0.46919700893973115,2.6910179702390504
0.0856068827527369,0.01716309363584654,-0.08426828500813538,-3.196027871953685,0.010948830908880297,-0.4696606339401127,2.6908745271133636
0.08588348275227889,0.01716309363584654,-0.08436013500828815,-3.1959972901490925,0.011043599659185749,-0.46984608394026506,2.6906832696124483
0.08542248275304179,0.016980518635541265,-0.08454271000859342,-3.1959972901490925,0.011043599659185749,-0.4693824589398835,2.6908745271133636
0.08569908275258423,0.016980518635541265,-0.08435901000828788,-3.195966360008583,0.011233137159795764,-0.46928973393980755,2.6908267127381347
0.08569908275258423,0.016980518635541265,-0.08463456000874575,-3.196150895843889,0.010948830908880297,-0.4694751839399599,2.6908267127381347
0.08569908275258423,0.016980518635541265,-0.08435901000828788,-3.195966360008583,0.011043599659185749,-0.4694751839399599,2.690778898362906
0.08588348275227889,0.017071806135694124,-0.08445142250844057,-3.1959972901490925,0.010759293408269838,-0.468826108939426,2.6911135989895083
0.08533028275319446,0.016980518635541265,-0.08454271000859342,-3.1959972901490925,0.011422674660406223,-0.4695679089400363,2.6906832696124483
0.08569908275258423,0.016797943635236436,-0.08481713500905058,-3.1960588020941945,0.01085406215857529,-0.4695679089400363,2.6908745271133636
0.08579128275243156,0.016980518635541265,-0.08454271000859342,-3.195905196399398,0.010759293408269838,-0.46928973393980755,2.6909701558638215
0.08579128275243156,0.016980518635541265,-0.08463456000874575,-3.196150895843889,0.011233137159795764,-0.4694751839399599,2.6909223414885926
0.08542248275304179,0.016980518635541265,-0.08463456000874575,-3.195690427095415,0.010948830908880297,-0.46919700893973115,2.6910179702390504
0.08569908275258423,0.01716309363584654,-0.08436013500828815,-3.1959402104584465,0.01066452465796483,-0.468826108939426,2.6911135989895083
0.08551468275288956,0.017071806135694124,-0.0843595725082878,-3.195510323514565,0.011233137159795764,-0.4694751839399599,2.690778898362906
0.08569908275258423,0.01716309363584654,-0.08445198500844048,-3.196093816153243,0.01170698091132169,-0.4695679089400363,2.6906832696124483
0.08542248275304179,0.017345668636151813,-0.08436126000828797,-3.195971140598956,0.011043599659185749,-0.46901155893957835,2.6909223414885926
0.0856068827527369,0.01716309363584654,-0.08445198500844048,-3.1959096286538538,0.011138368409490756,-0.4694751839399599,2.6908267127381347
0.08569908275258423,0.01716309363584654,-0.08454383500859325,-3.195971140598956,0.011327905910101216,-0.4693824589398835,2.6909701558638215
0.08579128275243156,0.017071806135694124,-0.08454327250859289,-3.195725441154464,0.011327905910101216,-0.46928973393980755,2.6908745271133636
0.08588348275227889,0.01716309363584654,-0.08436013500828815,-3.1959402104584465,0.011422674660406223,-0.46919700893973115,2.6908745271133636
0.08579128275243156,0.01716309363584654,-0.08426828500813538,-3.19578660476365,0.011327905910101216,-0.4695679089400363,2.6907310839876772
0.08588348275227889,0.016980518635541265,-0.08472641000889852,-3.195879046849261,0.011233137159795764,-0.4693824589398835,2.6908745271133636
0.08551468275288956,0.016797943635236436,-0.08463343500874548,-3.1958786985133445,0.011327905910101216,-0.4694751839399599,2.6908745271133636
0.08542248275304179,0.017071806135694124,-0.08463512250874566,-3.195971140598956,0.011233137159795764,-0.4694751839399599,2.6908745271133636
0.08542248275304179,0.017071806135694124,-0.0843595725082878,-3.19578660476365,0.011612212161016683,-0.46919700893973115,2.6908745271133636
0.08551468275288956,0.017071806135694124,-0.08445142250844057,-3.1959402104584465,0.011612212161016683,-0.46928973393980755,2.6908267127381347
0.08542248275304179,0.0172543811359994,-0.08408514750782975,-3.1958171865682417,0.011327905910101216,-0.46928973393980755,2.6909701558638215
0.08551468275288956,0.017071806135694124,-0.08445142250844057,-3.195848116708752,0.011422674660406223,-0.46919700893973115,2.6909701558638215
0.08542248275304179,0.016980518635541265,-0.08454271000859342,-3.195848116708752,0.011327905910101216,-0.46928973393980755,2.6909223414885926
0.08542248275304179,0.017071806135694124,-0.08445142250844057,-3.195848116708752,0.011422674660406223,-0.46919700893973115,2.690778898362906
0.08588348275227889,0.017071806135694124,-0.0843595725082878,-3.1956024172642596,0.011612212161016683,-0.4694751839399599,2.6908745271133636
0.08551468275288956,0.016980518635541265,-0.08445086000844065,-3.19578660476365,0.010948830908880297,-0.4686406589392732,2.691257042115195
0.08542248275304179,0.01716309363584654,-0.08436013500828815,-3.1957560229590567,0.011517443410711231,-0.46919700893973115,2.6908267127381347
0.0856068827527369,0.016980518635541265,-0.08463456000874575,-3.1959096286538538,0.011612212161016683,-0.46928973393980755,2.6908267127381347
0.08551468275288956,0.01716309363584654,-0.08445198500844048,-3.1960017224035484,0.011612212161016683,-0.4693824589398835,2.6908267127381347
0.08569908275258423,0.01688923113538885,-0.08454214750859307,-3.19578660476365,0.011517443410711231,-0.4694751839399599,2.690778898362906
0.0856068827527369,0.017071806135694124,-0.08445142250844057,-3.1957560229590567,0.011138368409490756,-0.4689188339395024,2.6911135989895083
0.08569908275258423,0.016980518635541265,-0.08445086000844065,-3.1956945110139543,0.011517443410711231,-0.46928973393980755,2.6908267127381347
0.08569908275258423,0.017071806135694124,-0.08445142250844057,-3.195848116708752,0.011327905910101216,-0.46919700893973115,2.6908267127381347
0.0856068827527369,0.01716309363584654,-0.08445198500844048,-3.195725441154464,0.011327905910101216,-0.46910428393965475,2.6908745271133636
0.08569908275258423,0.01716309363584654,-0.08436013500828815,-3.1959402104584465,0.01170698091132169,-0.46919700893973115,2.6908745271133636
0.08523808275334713,0.016797943635236436,-0.08481713500905058,-3.195725441154464,0.01170698091132169,-0.4694751839399599,2.6908745271133636
0.08569908275258423,0.017071806135694124,-0.0843595725082878,-3.195510323514565,0.01170698091132169,-0.46919700893973115,2.6908745271133636
0.08569908275258423,0.017071806135694124,-0.08445142250844057,-3.1957560229590567,0.011612212161016683,-0.46928973393980755,2.6909701558638215
0.08533028275319446,0.017012010141692263,-0.08472641000889852,-3.1957869530995664,0.011612212161016683,-0.46928973393980755,2.6908745271133636
0.0856068827527369,0.017103297641845122,-0.08454327250859289,-3.1960017224035484,0.011517443410711231,-0.46928973393980755,2.6908745271133636
0.08569908275258423,0.017012010141692263,-0.08463456000874575,-3.195633347404769,0.01170698091132169,-0.4693824589398835,2.6908745271133636
0.08542248275304179,0.017012010141692263,-0.08463456000874575,-3.1959096286538538,0.01170698091132169,-0.46919700893973115,2.6908745271133636
0.08551468275288956,0.017012010141692263,-0.08463456000874575,-3.1958175349041587,0.011801749661627142,-0.46928973393980755,2.6907310839876772
0.0856068827527369,0.017103297641845122,-0.0843595725082878,-3.1956024172642596,0.011422674660406223,-0.4689188339395024,2.6910657846142794
0.0856068827527369,0.017012010141692263,-0.08445086000844065,-3.1956945110139543,0.011517443410711231,-0.4693824589398835,2.6908267127381347
0.08569908275258423,0.016920722641539848,-0.08481769750905094,-3.1957869530995664,0.01170698091132169,-0.4694751839399599,2.6908267127381347
0.08569908275258423,0.017012010141692263,-0.08445086000844065,-3.1956945110139543,0.011422674660406223,-0.46928973393980755,2.6910179702390504
0.0856068827527369,0.017103297641845122,-0.08463512250874566,-3.196063234348651,0.011517443410711231,-0.46910428393965475,2.6908267127381347
0.08551468275288956,0.017012010141692263,-0.08472641000889852,-3.195879046849261,0.011801749661627142,-0.46928973393980755,2.6907310839876772
0.08551468275288956,0.017012010141692263,-0.08463456000874575,-3.195633347404769,0.011517443410711231,-0.46919700893973115,2.6909701558638215
0.08533028275319446,0.017194585141997537,-0.08436013500828815,-3.195663929209362,0.011612212161016683,-0.46928973393980755,2.6908745271133636
0.08551468275288956,0.017103297641845122,-0.08426772250813502,-3.1956329990688523,0.011327905910101216,-0.46910428393965475,2.6910657846142794
0.08569908275258423,0.017012010141692263,-0.08445086000844065,-3.1956024172642596,0.01170698091132169,-0.46928973393980755,2.6908745271133636
0.08569908275258423,0.017103297641845122,-0.08454327250859289,-3.1958175349041587,0.011327905910101216,-0.46919700893973115,2.690778898362906
0.08551468275288956,0.017012010141692263,-0.08454271000859342,-3.1954797417099723,0.01170698091132169,-0.4694751839399599,2.6908267127381347
0.08569908275258423,0.017103297641845122,-0.08445142250844057,-3.195848116708752,0.010948830908880297,-0.4689188339395024,2.6911135989895083
0.08551468275288956,0.017194585141997537,-0.08445198500844048,-3.1958175349041587,0.01170698091132169,-0.46928973393980755,2.6908745271133636
0.0856068827527369,0.017194585141997537,-0.08436013500828815,-3.195663929209362,0.011233137159795764,-0.468826108939426,2.6911614133647372
0.08569908275258423,0.017103297641845122,-0.08445142250844057,-3.195663929209362,0.011801749661627142,-0.4694751839399599,2.6908267127381347
0.08569908275258423,0.017103297641845122,-0.08408402250782993,-3.195417881428953,0.011991287162237158,-0.4695679089400363,2.6908745271133636
0.08551468275288956,0.017103297641845122,-0.0843595725082878,-3.1956024172642596,0.01189651841193215,-0.4695679089400363,2.6906832696124483
0.08569908275258423,0.017194585141997537,-0.08445198500844048,-3.195725441154464,0.011612212161016683,-0.46928973393980755,2.6908745271133636
0.08551468275288956,0.017012010141692263,-0.08454271000859342,-3.195663929209362,0.011612212161016683,-0.4695679089400363,2.6908745271133636
0.08551468275288956,0.017194585141997537,-0.08436013500828815,-3.195663929209362,0.01170698091132169,-0.46928973393980755,2.6908745271133636
0.08542248275304179,0.017285872642150396,-0.08426884750813529,-3.195663929209362,0.011138368409490756,-0.468826108939426,2.6911614133647372
0.08551468275288956,0.017012010141692263,-0.08463456000874575,-3.1959096286538538,0.01189651841193215,-0.4695679089400363,2.6906832696124483
0.08551468275288956,0.017103297641845122,-0.08408402250782993,-3.1955099751786475,0.011612212161016683,-0.46919700893973115,2.6908745271133636
0.0856068827527369,0.017103297641845122,-0.08454327250859289,-3.1959096286538538,0.01170698091132169,-0.4694751839399599,2.6909223414885926
0.08579128275243156,0.017012010141692263,-0.08454271000859342,-3.195663929209362,0.011233137159795764,-0.468826108939426,2.6909701558638215
0.08579128275243156,0.017012010141692263,-0.08463456000874575,-3.1955412536550742,0.011801749661627142,-0.4693824589398835,2.6908745271133636
0.0851458827534998,0.017012010141692263,-0.08454271000859342,-3.195663929209362,0.011801749661627142,-0.4693824589398835,2.690778898362906
0.08542248275304179,0.017103297641845122,-0.0843595725082878,-3.1956024172642596,0.011612212161016683,-0.46910428393965475,2.6908745271133636
0.0856068827527369,0.017012010141692263,-0.08454271000859342,-3.195663929209362,0.011801749661627142,-0.46928973393980755,2.6908745271133636
0.08551468275288956,0.017012010141692263,-0.08454271000859342,-3.195663929209362,0.011517443410711231,-0.46919700893973115,2.6908745271133636
0.08579128275243156,0.017468447642455226,-0.08408627250783046,-3.195698943268411,0.011801749661627142,-0.46919700893973115,2.6908745271133636
0.08542248275304179,0.017103297641845122,-0.08454327250859289,-3.195576267714123,0.011612212161016683,-0.4694751839399599,2.6909701558638215
0.08542248275304179,0.017103297641845122,-0.08426772250813502,-3.1953917318788165,0.01170698091132169,-0.46919700893973115,2.6908745271133636
0.08569908275258423,0.016920722641539848,-0.0844502975084403,-3.1952996381291214,0.011233137159795764,-0.4689188339395024,2.6910179702390504
0.08579128275243156,0.017103297641845122,-0.0843595725082878,-3.195361150074224,0.01170698091132169,-0.46919700893973115,2.6908267127381347
0.08551468275288956,0.017103297641845122,-0.08463512250874566,-3.1954535921598355,0.01189651841193215,-0.46975335894018866,2.6907310839876772
0.08542248275304179,0.017103297641845122,-0.08463512250874566,-3.1956377796592257,0.011517443410711231,-0.46901155893957835,2.6911135989895083
0.0856068827527369,0.017103297641845122,-0.08454327250859289,-3.195484173964428,0.011991287162237158,-0.4696606339401127,2.6906832696124483
0.08542248275304179,0.017103297641845122,-0.08445142250844057,-3.195514755769021,0.01170698091132169,-0.46928973393980755,2.6908745271133636
0.08542248275304179,0.017194585141997537,-0.08445198500844048,-3.195760455213513,0.01189651841193215,-0.4693824589398835,2.6908745271133636
0.08551468275288956,0.017012010141692263,-0.08454271000859342,-3.195514755769021,0.011801749661627142,-0.46928973393980755,2.6909701558638215
0.08551468275288956,0.017103297641845122,-0.08454327250859289,-3.195576267714123,0.01189651841193215,-0.4694751839399599,2.6909223414885926
0.0856068827527369,0.017103297641845122,-0.08445142250844057,-3.1954226620193262,0.011801749661627142,-0.46928973393980755,2.6907310839876772
0.08551468275288956,0.017103297641845122,-0.08463512250874566,-3.1954535921598355,0.011612212161016683,-0.4694751839399599,2.6908745271133636
0.08551468275288956,0.017103297641845122,-0.08454327250859289,-3.195484173964428,0.011991287162237158,-0.4694751839399599,2.6907310839876772
0.1730997965819978,0.06938415131526668,0.0019499287875258872,-2.7163983202568907,0.4489518881254965,-0.3255380114978328,2.6819812496376945
0.17335162452150477,0.06965801381572437,0.0023156412881363475,-2.716520995811178,0.4375831781466625,-0.32516711149752764,2.682124692763381
0.17307502452196277,0.06956672631557195,0.0021325037878311614,-2.7165825077562804,0.44904665687580153,-0.32525983649760404,2.6819812496376945
0.17307502452196277,0.06965801381572437,0.0023156412881363475,-2.7164289020614834,0.4455174059413806,-0.3247034864971461,2.6822681358890677
0.172982824522115,0.06956672631557195,0.0022243537879839325,-2.7164289020614834,0.4369197968945261,-0.32525983649760404,2.6820290640129234
0.17335162452150477,0.06941564282141767,0.0020417787876786586,-2.7163368083117883,0.44532786844077016,-0.32535256149768044,2.681885620887237
0.172982824522115,0.06941564282141767,0.0021336287878309856,-2.7165515776157707,0.45039622655320377,-0.32525983649760404,2.682124692763381
0.172982824522115,0.06941564282141767,0.0019499287875258872,-2.71606495931716,0.43587734064116923,-0.32535256149768044,2.6820290640129234
0.172982824522115,0.06941564282141767,0.0020417787876786586,-2.716556009870227,0.4382693665719283,-0.3249816614973753,2.6822203215138387
0.1731672245218101,0.06941564282141767,0.0019499287875258872,-2.716284160875598,0.44715128186969827,-0.32525983649760404,2.682124692763381
0.172982824522115,0.06950693032157008,0.0020412162876783024,-2.716284160875598,0.4446644871886338,-0.32525983649760404,2.682124692763381
0.1729153965823027,0.06959821782172294,0.0023162037881362596,-2.716310310425735,0.43358008346071514,-0.3249816614973753,2.682124692763381
0.17330896864172746,0.06978079282202777,0.00222322878798322,-2.7163456728207005,0.4484780443739706,-0.3247962114972225,2.6820290640129234
0.1729401686423377,0.0694754388154191,0.0020412162876783024,-2.716099973376209,0.4513439140562552,-0.32525983649760404,2.682124692763381
0.1729401686423377,0.06959821782172294,0.0022243537879839325,-2.7158542739317166,0.43729887189574657,-0.3247962114972225,2.6822203215138387
0.1731245686420328,0.06950693032157008,0.0020412162876783024,-2.7163762546252928,0.44006997282772653,-0.3248889364972989,2.6819334352624655
0.17300759658215004,0.06956672631557195,0.0022243537879839325,-2.7161305551808015,0.4489518881254965,-0.3255380114978328,2.681885620887237
0.17307502452196277,0.06938415131526668,0.0019499287875258872,-2.716007879626514,0.4430306112603165,-0.32525983649760404,2.6819812496376945
0.1731672245218101,0.06974930131587678,0.0025906287885938606,-2.716248798480633,0.4336748522110206,-0.32516711149752764,2.682124692763381
0.17307502452196277,0.06965801381572437,0.0022237912879835764,-2.716284160875598,0.44819373812305513,-0.3247962114972225,2.6821725071386098
0.17325942452165743,0.0694754388154191,0.001949366287525531,-2.7164948462610417,0.45068053280411924,-0.32507438649745124,2.6821725071386098
0.1730997965819978,0.06956672631557195,0.0022243537879839325,-2.716371822370837,0.4365407218933052,-0.3248889364972989,2.6820290640129234
0.1730997965819978,0.06929286381511382,0.0018586412873730282,-2.716341240566245,0.4388379790737592,-0.3249816614973753,2.682124692763381
0.1729401686423377,0.06965801381572437,0.0021319412878308052,-2.7162185650119572,0.4472460506200033,-0.3247962114972225,2.6822203215138387
0.1730997965819978,0.06956672631557195,0.0022243537879839325,-2.7164639161205315,0.44123000500451826,-0.3249816614973753,2.6822203215138387
0.1730997965819978,0.06938415131526668,0.0018580787873731161,-2.7162185650119572,0.43272716470796874,-0.3247962114972225,2.6822203215138387
0.1731245686420328,0.06974930131587678,0.0024987787884410894,-2.716494497925125,0.44753035687091874,-0.3247034864971461,2.6820290640129234
0.1731245686420328,0.06929286381511382,0.001766791287220257,-2.7164948462610417,0.4508700703047297,-0.32525983649760404,2.6820290640129234
0.1734011686415748,0.06965801381572437,0.0023156412881363475,-2.7161876348714475,0.4369197968945261,-0.3247962114972225,2.6822203215138387
0.1731245686420328,0.06956672631557195,0.002591753788594129,-2.716125774590428,0.440449047828947,-0.32525983649760404,2.681885620887237
0.1731245686420328,0.06938415131526668,0.0020417787876786586,-2.716095541121753,0.4489518881254965,-0.3247034864971461,2.682124692763381
0.17303236864218502,0.06938415131526668,0.0020417787876786586,-2.716095541121753,0.4457069434419911,-0.3247034864971461,2.6823159502642966
0.1731245686420328,0.06965801381572437,0.0024993412884414456,-2.7160646109812427,0.4341486959625465,-0.3248889364972989,2.6822203215138387
0.17330896864172746,0.06965801381572437,0.0021319412878308052,-2.716310658761652,0.4484780443739706,-0.3247962114972225,2.6823159502642966
0.1731245686420328,0.06965801381572437,0.0023156412881363475,-2.7160034473720582,0.4513439140562552,-0.32525983649760404,2.6820290640129234
0.17303236864218502,0.06956672631557195,0.0021325037878311614,-2.716341240566245,0.4365407218933052,-0.3249816614973753,2.6820768783881523
0.17321676864188013,0.06956672631557195,0.0022243537879839325,-2.7158892879907652,0.4384589040725383,-0.32442531149691733,2.6823159502642966
0.1731245686420328,0.06956672631557195,0.0022243537879839325,-2.7158892879907652,0.44753035687091874,-0.32525983649760404,2.6820768783881523
0.1731245686420328,0.06974930131587678,0.0024069287882887624,-2.7161655692398496,0.4446644871886338,-0.3247034864971461,2.6822203215138387
0.1730997965819978,0.06941564282141767,0.0019499287875258872,-2.7157666124364783,0.43320100845949466,-0.3249816614973753,2.6820290640129234
0.1731245686420328,0.06959821782172294,0.0021325037878311614,-2.7159507999358676,0.44485402468924423,-0.3247962114972225,2.6820290640129234
0.17330896864172746,0.06932435532126481,0.0020423412876781266,-2.7158277760456633,0.45115437655564516,-0.32507438649745124,2.6820290640129234
0.1731245686420328,0.06944713432756867,0.0019499287875258872,-2.7161349874352574,0.4362564156423897,-0.32433258649684094,2.6823159502642966
0.17321676864188013,0.06962970932787395,0.0022243537879839325,-2.7157971942410706,0.43978566657681106,-0.3248889364972989,2.6822203215138387
0.17303236864218502,0.06944713432756867,0.0019499287875258872,-2.715858706186173,0.4484780443739706,-0.32525983649760404,2.6821725071386098
0.17321676864188013,0.06962970932787395,0.0023162037881362596,-2.7157356822959686,0.43433823346315653,-0.3249816614973753,2.682124692763381
0.1731245686420328,0.06962970932787395,0.0024080537882890307,-2.7156741703508662,0.44866758187458106,-0.32507438649745124,2.6819812496376945
0.17303236864218502,0.06962970932787395,0.0021325037878311614,-2.715858706186173,0.4513439140562552,-0.3248889364972989,2.6822203215138387
0.17330896864172746,0.06953842182772109,0.0021330662878310735,-2.7158892879907652,0.43710933439513655,-0.32525983649760404,2.6820290640129234
0.17303236864218502,0.06962970932787395,0.0022243537879839325,-2.7157971942410706,0.4395961290762006,-0.3248889364972989,2.6819812496376945
0.17330896864172746,0.06935584682741582,0.0018586412873730282,-2.7159507999358676,0.44790943187213966,-0.3249816614973753,2.6821725071386098
0.17330896864172746,0.06972099682802636,0.0022237912879835764,-2.7159507999358676,0.44208292375726466,-0.32535256149768044,2.6819812496376945
0.17303236864218502,0.06935584682741582,0.0018586412873730282,-2.716007879626514,0.43320100845949466,-0.32525983649760404,2.6821725071386098
0.1731245686420328,0.06972099682802636,0.0023156412881363475,-2.715520912991986,0.44828850687336014,-0.3254452864977564,2.6820290640129234
0.17330896864172746,0.06962970932787395,0.0020406537876783903,-2.7158281243815807,0.45068053280411924,-0.3248889364972989,2.6822203215138387
0.1731245686420328,0.06962970932787395,0.0021325037878311614,-2.7159157858768195,0.43635118439269516,-0.3249816614973753,2.6821725071386098
0.1731245686420328,0.06953842182772109,0.0023167662881361717,-2.7156741703508662,0.43978566657681106,-0.32516711149752764,2.682124692763381
0.17330896864172746,0.06962970932787395,0.0022243537879839325,-2.7159463676814113,0.44800420062244467,-0.32525983649760404,2.6820768783881523
0.17303236864218502,0.06972099682802636,0.0024993412884414456,-2.7157312500415127,0.44246199875848513,-0.32507438649745124,2.682124692763381
0.17330896864172746,0.06962970932787395,0.0022243537879839325,-2.7159463676814113,0.43348531471041013,-0.3246107614970697,2.6824115790147545
0.1729401686423377,0.06962970932787395,0.0020406537876783903,-2.716069391571616,0.4484780443739706,-0.3248889364972989,2.682124692763381
0.17303236864218502,0.06962970932787395,0.0024080537882890307,-2.7158233437912074,0.4513439140562552,-0.32516711149752764,2.682124692763381
0.1731245686420328,0.06944713432756867,0.0020417787876786586,-2.7159463676814113,0.437393640646052,-0.32525983649760404,2.6819334352624655
0.17303236864218502,0.06972099682802636,0.0021319412878308052,-2.7161614853213107,0.43988043532711607,-0.32525983649760404,2.6819812496376945
0.17303236864218502,0.06944713432756867,0.0019499287875258872,-2.716007879626514,0.44790943187213966,-0.3247962114972225,2.6822203215138387
0.17321676864188013,0.06972099682802636,0.0023156412881363475,-2.716038461431106,0.4423672300081801,-0.32525983649760404,2.681885620887237
0.1731245686420328,0.06962970932787395,0.0022243537879839325,-2.716038461431106,0.4330114709588842,-0.3248889364972989,2.6821725071386098
0.1731245686420328,0.06962970932787395,0.0024999037884413577,-2.7157618318461054,0.44819373812305513,-0.32507438649745124,2.6820290640129234
0.17330896864172746,0.06962970932787395,0.0021325037878311614,-2.7163762546252928,0.45077530155442425,-0.3249816614973753,2.6820768783881523
0.1731245686420328,0.06972099682802636,0.0022237912879835764,-2.716284160875598,0.4368250281442211,-0.32507438649745124,2.6820290640129234
0.17303236864218502,0.06981228432817878,0.0024987787884410894,-2.7158848557363093,0.43988043532711607,-0.32525983649760404,2.6820290640129234
0.17303236864218502,0.06968950532187536,0.0023156412881363475,-2.716038461431106,0.44828850687336014,-0.32525983649760404,2.682124692763381
0.1729401686423377,0.06962970932787395,0.0022243537879839325,-2.7156700864323273,0.44274630500940104,-0.3249816614973753,2.682124692763381
0.1731245686420328,0.06962970932787395,0.0022243537879839325,-2.7158542739317166,0.43395915846193606,-0.32507438649745124,2.6821725071386098
0.1731245686420328,0.06962970932787395,0.0022243537879839325,-2.715762180182022,0.44819373812305513,-0.3247962114972225,2.682124692763381
0.1731245686420328,0.06959821782172294,0.0022243537879839325,-2.7158542739317166,0.44743558812061374,-0.32442531149691733,2.6822681358890677
0.17321676864188013,0.06978079282202777,0.0024069287882887624,-2.715613006741681,0.4366354906436106,-0.3248889364972989,2.6822203215138387
0.1731245686420328,0.06932435532126481,0.001766791287220257,-2.715771044690934,0.4425567675087906,-0.3248889364972989,2.682124692763381
0.1731245686420328,0.06959821782172294,0.0024080537882890307,-2.715524996910525,0.44819373812305513,-0.3247962114972225,2.6820768783881523
0.17319199658184514,0.06978079282202777,0.0023150787881359913,-2.715709532745832,0.4432201487609265,-0.3248889364972989,2.682124692763381
0.17319199658184514,0.06968950532187536,0.0023156412881363475,-2.715555927051035,0.4369197968945261,-0.32442531149691733,2.6824115790147545
0.17321676864188013,0.06959821782172294,0.0022243537879839325,-2.71564802080073,0.4517229890574761,-0.3246107614970697,2.682124692763381
0.1731245686420328,0.06968950532187536,0.0024074912882886745,-2.7154944151059333,0.4485728131242756,-0.32525983649760404,2.6822203215138387
0.17321676864188013,0.06968950532187536,0.0023156412881363475,-2.715555927051035,0.4369197968945261,-0.3246107614970697,2.6822203215138387
0.17303236864218502,0.06968950532187536,0.0023156412881363475,-2.71564802080073,0.44693893719595795,-0.3249816614973753,2.6821725071386098
0.17330896864172746,0.06968950532187536,0.0022237912879835764,-2.715709532745832,0.45027865062976885,-0.3247962114972225,2.6822203215138387
0.1730997965819978,0.06959821782172294,0.0021325037878311614,-2.7155253452464425,0.44215488533444025,-0.3249816614973753,2.6820290640129234
0.1730997965819978,0.0692330678211124,0.0016755037870678422,-2.7156789509412396,0.4412071978313884,-0.3249816614973753,2.682124692763381
0.1729401686423377,0.06941564282141767,0.0019499287875258872,-2.715433251496748,0.4497100381279379,-0.32525983649760404,2.6820290640129234
0.1731245686420328,0.06959821782172294,0.0021325037878311614,-2.7155824249370886,0.4458017121922961,-0.32507438649745124,2.6821725071386098
0.17330896864172746,0.06959821782172294,0.0022243537879839325,-2.715705100491376,0.43358008346071514,-0.32535256149768044,2.6819812496376945
0.17330896864172746,0.06950693032157008,0.0020412162876783024,-2.7157666124364783,0.44800420062244467,-0.3249816614973753,2.6820768783881523
0.1734011686415748,0.06978079282202777,0.0024069287882887624,-2.7157971942410706,0.4503014578028983,-0.3248889364972989,2.682124692763381
0.17319199658184514,0.06968950532187536,0.0022237912879835764,-2.7155824249370886,0.4361616468920847,-0.32507438649745124,2.6819334352624655
0.17328419658169247,0.06959821782172294,0.0024080537882890307,-2.7154899828514765,0.4388379790737592,-0.3248889364972989,2.682124692763381
0.17300759658215004,0.06959821782172294,0.0024080537882890307,-2.7156741703508662,0.4472460506200033,-0.3249816614973753,2.6822203215138387
0.17300759658215004,0.06968950532187536,0.0024993412884414456,-2.715766264100561,0.4415143112554337,-0.3248889364972989,2.6821725071386098
0.17319199658184514,0.06941564282141767,0.0020417787876786586,-2.715613006741681,0.43310623970918966,-0.3248889364972989,2.6820768783881523
0.17328419658169247,0.06987208032218063,0.0027737662888990466,-2.7156126584057643,0.4478146631218342,-0.3247962114972225,2.6820290640129234
0.17282319658245537,0.06959821782172294,0.0020406537876783903,-2.7156439368821905,0.4505857640538138,-0.3249816614973753,2.6820290640129234
0.17328419658169247,0.06950693032157008,0.0023167662881361717,-2.7153057953520867,0.4368250281442211,-0.3249816614973753,2.682124692763381
0.1730997965819978,0.06978079282202777,0.0024069287882887624,-2.715520912991986,0.44284107375970605,-0.3247962114972225,2.6821725071386098
0.1730997965819978,0.06981228432817878,0.0023150787881359913,-2.7155824249370886,0.44866758187458106,-0.3249816614973753,2.682124692763381
0.17300759658215004,0.06944713432756867,0.0018580787873731161,-2.7158281243815807,0.443409686261537,-0.32507438649745124,2.6822203215138387
0.17328419658169247,0.06981228432817878,0.0024069287882887624,-2.715520912991986,0.4349068459649879,-0.32525983649760404,2.682124692763381
0.17328419658169247,0.06935584682741582,0.0018586412873730282,-2.7157666124364783,0.449330963126717,-0.32507438649745124,2.6819334352624655
0.17319199658184514,0.06966120083402494,0.0022243537879839325,-2.715705100491376,0.4485728131242756,-0.32525983649760404,2.682124692763381
0.1730997965819978,0.06966120083402494,0.0020406537876783903,-2.7156439368821905,0.43710933439513655,-0.3249816614973753,2.6821725071386098
0.1730997965819978,0.06966120083402494,0.0022243537879839325,-2.715613006741681,0.4423672300081801,-0.3246107614970697,2.682124692763381
0.1730997965819978,0.06956991333387208,0.0021330662878310735,-2.715520912991986,0.44790943187213966,-0.3247962114972225,2.6821725071386098
0.17328419658169247,0.06947862583371966,0.0022254787879837567,-2.7154899828514765,0.4392170540749797,-0.3249816614973753,2.682124692763381
0.17328419658169247,0.06984377583432977,0.0023150787881359913,-2.7157666124364783,0.43635118439269516,-0.3248889364972989,2.682124692763381
0.17328419658169247,0.06975248833417735,0.0022237912879835764,-2.7154903311873935,0.44800420062244467,-0.32525983649760404,2.6819334352624655
0.17328419658169247,0.06975248833417735,0.0023156412881363475,-2.7157971942410706,0.44456971843832876,-0.3247962114972225,2.682124692763381
0.17346859658138714,0.06975248833417735,0.0022237912879835764,-2.7155824249370886,0.4361616468920847,-0.3249816614973753,2.6822681358890677
0.1730997965819978,0.06966120083402494,0.0022243537879839325,-2.715613006741681,0.4456121746916856,-0.32525983649760404,2.6819812496376945
0.1730997965819978,0.06956991333387208,0.0021330662878310735,-2.715705100491376,0.44838327562366515,-0.32535256149768044,2.6819334352624655
0.17328419658169247,0.06984377583432977,0.0023150787881359913,-2.7157666124364783,0.4396908978265056,-0.3247034864971461,2.6822681358890677
0.17300759658215004,0.06966120083402494,0.001948803787526063,-2.715705448827293,0.43710933439513655,-0.3248889364972989,2.682124692763381
0.17328419658169247,0.06966120083402494,0.0022243537879839325,-2.715520912991986,0.44838327562366515,-0.3247962114972225,2.682124692763381
0.1733763965815398,0.06993506333448263,0.0026819162887467196,-2.7155820766011716,0.4458017121922961,-0.3254452864977564,2.681885620887237
0.17346859658138714,0.06975248833417735,0.0022237912879835764,-2.715433251496748,0.4368250281442211,-0.32507438649745124,2.6821725071386098
0.17328419658169247,0.06984377583432977,0.002131378787830893,-2.715407101946611,0.44523309969046515,-0.3248889364972989,2.6822203215138387
0.17328419658169247,0.06956991333387208,0.001949366287525531,-2.7153455900015087,0.45068053280411924,-0.3249816614973753,2.682124692763381
0.17328419658169247,0.06966120083402494,0.0024080537882890307,-2.715191635970794,0.4366354906436106,-0.3248889364972989,2.682124692763381
0.1733763965815398,0.0693873383335668,0.0019504912875257993,-2.715038378611914,0.4396908978265056,-0.3249816614973753,2.682124692763381
0.1730997965819978,0.06966120083402494,0.0021325037878311614,-2.7154682655557965,0.44828850687336014,-0.3248889364972989,2.6822203215138387
0.17328419658169247,0.06966120083402494,0.001948803787526063,-2.7154991956963057,0.4455174059413806,-0.3249816614973753,2.6819812496376945
0.1733763965815398,0.06975248833417735,0.0022237912879835764,-2.7152840780564063,0.4369197968945261,-0.32525983649760404,2.6819812496376945
0.1733763965815398,0.06984377583432977,0.0025906287885938606,-2.7150995422210995,0.44532786844077016,-0.3247962114972225,2.682124692763381
0.17319199658184514,0.06956991333387208,0.001949366287525531,-2.715161402502119,0.45068053280411924,-0.3249816614973753,2.682124692763381
0.17346859658138714,0.06966120083402494,0.0021325037878311614,-2.7154682655557965,0.4365407218933052,-0.3247034864971461,2.6821725071386098
0.17319199658184514,0.06993506333448263,0.0024063662882888503,-2.7152840780564063,0.4396908978265056,-0.3249816614973753,2.6819812496376945
0.17300759658215004,0.06966120083402494,0.0024080537882890307,-2.7150995422210995,0.44800420062244467,-0.3248889364972989,2.6823159502642966
0.1730997965819978,0.06975248833417735,0.0024074912882886745,-2.7151610541662023,0.44284107375970605,-0.3247962114972225,2.682124692763381
0.17328419658169247,0.06966120083402494,0.0021325037878311614,-2.7151919843067116,0.434433002213462,-0.3249816614973753,2.682124692763381
0.17300759658215004,0.06966120083402494,0.0022243537879839325,-2.715314659860999,0.4489518881254965,-0.3247962114972225,2.6820290640129234
0.17328419658169247,0.06984377583432977,0.0024069287882887624,-2.7154067536106936,0.4513439140562552,-0.3246107614970697,2.682124692763381
0.17328419658169247,0.06966120083402494,0.0022243537879839325,-2.715314659860999,0.43710933439513655,-0.3248889364972989,2.682124692763381
0.17319199658184514,0.06956991333387208,0.0021330662878310735,-2.7151304723616088,0.4422724612578751,-0.3247034864971461,2.6820290640129234
0.17328419658169247,0.06966120083402494,0.0022243537879839325,-2.7152225661113043,0.44762512562122375,-0.3248889364972989,2.682124692763381
0.17319199658184514,0.06966120083402494,0.0021325037878311614,-2.7152840780564063,0.4418933862566542,-0.3248889364972989,2.6821725071386098
0.1730997965819978,0.06966120083402494,0.0022243537879839325,-2.715038378611914,0.43320100845949466,-0.3248889364972989,2.6820768783881523
0.17319199658184514,0.06966120083402494,0.0021325037878311614,-2.7152840780564063,0.4480989693727497,-0.3246107614970697,2.682124692763381
0.17328419658169247,0.06966120083402494,0.0022243537879839325,-2.7152225661113043,0.4485728131242756,-0.32507438649745124,2.6822681358890677
0.1733763965815398,0.06975248833417735,0.0021319412878308052,-2.7153455900015087,0.4377727156472725,-0.32525983649760404,2.682124692763381
0.17328419658169247,0.06956991333387208,0.0020412162876783024,-2.7152840780564063,0.44876235062488606,-0.3248889364972989,2.6822203215138387
0.17319199658184514,0.06966120083402494,0.0021325037878311614,-2.7152840780564063,0.43988043532711607,-0.3249816614973753,2.682124692763381
0.1733763965815398,0.06975248833417735,0.0023156412881363475,-2.715371739551645,0.4376779468969675,-0.3249816614973753,2.6820768783881523
0.17319199658184514,0.06966120083402494,0.0022243537879839325,-2.715038378611914,0.44838327562366515,-0.32442531149691733,2.6824115790147545
0.17328419658169247,0.06966120083402494,0.0022243537879839325,-2.7152225661113043,0.44885711937519107,-0.3247962114972225,2.6823159502642966
0.17328419658169247,0.06947862583371966,0.0019499287875258872,-2.7152840780564063,0.437393640646052,-0.3247034864971461,2.682124692763381
0.17328419658169247,0.06956991333387208,0.0021330662878310735,-2.715314659860999,0.4458017121922961,-0.3246107614970697,2.682124692763381
0.17328419658169247,0.06984377583432977,0.0023150787881359913,-2.7152840780564063,0.4513439140562552,-0.3254452864977564,2.682124692763381
0.17328419658169247,0.06975248833417735,0.0024993412884414456,-2.715007448471405,0.4396908978265056,-0.3249816614973753,2.6821725071386098
0.17328419658169247,0.06966120083402494,0.0020406537876783903,-2.7153455900015087,0.4369197968945261,-0.3249816614973753,2.6820768783881523
0.1730997965819978,0.06975248833417735,0.0024074912882886745,-2.7151610541662023,0.44819373812305513,-0.3249816614973753,2.6822203215138387
0.17319199658184514,0.0693873383335668,0.001766791287220257,-2.7153455900015087,0.44523309969046515,-0.3247034864971461,2.6822681358890677
0.1730997965819978,0.06956991333387208,0.0021330662878310735,-2.7150033645528655,0.43720410314544156,-0.32535256149768044,2.6820290640129234
0.17319199658184514,0.06966120083402494,0.0023162037881362596,-2.7151610541662023,0.4458017121922961,-0.3249816614973753,2.6819812496376945
0.1733763965815398,0.06975248833417735,0.0023156412881363475,-2.7151304723616088,0.4512491453059502,-0.3249816614973753,2.6822203215138387
0.17328419658169247,0.06966120083402494,0.0024080537882890307,-2.715248715661441,0.4369197968945261,-0.3247034864971461,2.6823159502642966
0.17328419658169247,0.06975248833417735,0.0021319412878308052,-2.7154376837512033,0.44063858532955746,-0.32535256149768044,2.681789992136779
0.1730997965819978,0.06947862583371966,0.0019499287875258872,-2.7151919843067116,0.4489518881254965,-0.32535256149768044,2.6821725071386098
0.1730997965819978,0.06947862583371966,0.0018580787873731161,-2.7148851212530345,0.4430306112603165,-0.3246107614970697,2.6822203215138387
0.17328419658169247,0.06975248833417735,0.0023156412881363475,-2.7152796458019504,0.43433823346315653,-0.3247962114972225,2.6821725071386098
0.17328419658169247,0.06975248833417735,0.0022237912879835764,-2.7154682655557965,0.44885711937519107,-0.3249816614973753,2.6819812496376945
0.1733763965815398,0.06975248833417735,0.0021319412878308052,-2.71549476344185,0.44866758187458106,-0.32525983649760404,2.6819812496376945
0.17319199658184514,0.06966120083402494,0.0020406537876783903,-2.71549476344185,0.4369197968945261,-0.3249816614973753,2.6820290640129234
0.1733763965815398,0.06975248833417735,0.0022237912879835764,-2.715433251496748,0.44284107375970605,-0.32525983649760404,2.682124692763381
0.17328419658169247,0.0693873383335668,0.001766791287220257,-2.71549476344185,0.44838327562366515,-0.3248889364972989,2.682124692763381
0.1733763965815398,0.06975248833417735,0.0022237912879835764,-2.7153411577470523,0.44016474157803154,-0.3249816614973753,2.6820290640129234
0.17328419658169247,0.06966120083402494,0.0020406537876783903,-2.71531057594246,0.4375831781466625,-0.32516711149752764,2.6823159502642966
0.17319199658184514,0.06975248833417735,0.0024993412884414456,-2.7153408094111358,0.44876235062488606,-0.32442531149691733,2.6823159502642966
0.17319199658184514,0.06966120083402494,0.0022243537879839325,-2.7152796458019504,0.44942573187702245,-0.32535256149768044,2.6819334352624655
0.17300759658215004,0.06966120083402494,0.0024080537882890307,-2.7149724344123563,0.4377727156472725,-0.32516711149752764,2.6820768783881523
0.17319199658184514,0.06966120083402494,0.0020406537876783903,-2.71549476344185,0.443314917511232,-0.3247962114972225,2.682124692763381
0.17328419658169247,0.06975248833417735,0.0023156412881363475,-2.7151875520522557,0.4480989693727497,-0.3246107614970697,2.6823637646395255
0.17328419658169247,0.06966120083402494,0.0021325037878311614,-2.7152490639973577,0.43950136032589515,-0.3246107614970697,2.6822681358890677
0.17319199658184514,0.06984377583432977,0.0024069287882887624,-2.7151875520522557,0.4370145656448311,-0.32525983649760404,2.6821725071386098
0.1730997965819978,0.06966120083402494,0.0024080537882890307,-2.715248715661441,0.44838327562366515,-0.3246107614970697,2.6820290640129234
0.17328419658169247,0.06984377583432977,0.0025906287885938606,-2.715248715661441,0.44819373812305513,-0.3247962114972225,2.6821725071386098
0.17321676864188013,0.06956991333387208,0.0020412162876783024,-2.7152490639973577,0.4369197968945261,-0.3248889364972989,2.6821725071386098
0.1735181407014571,0.06956991333387208,0.0021330662878310735,-2.715371739551645,0.4451383309401597,-0.32423986149676454,2.6825072077652123
0.1732415407019151,0.06966120083402494,0.0024080537882890307,-2.7149724344123563,0.4485728131242756,-0.32516711149752764,2.6822203215138387
0.17333374070176244,0.06975248833417735,0.0024993412884414456,-2.7151566219117456,0.4399752040774211,-0.3248889364972989,2.682124692763381
0.17333374070176244,0.06975248833417735,0.0023156412881363475,-2.7152796458019504,0.4375831781466625,-0.32525983649760404,2.6819812496376945
0.17342594070160977,0.06962970932787395,0.0021325037878311614,-2.7152490639973577,0.44819373812305513,-0.32442531149691733,2.6821725071386098
0.17333374070176244,0.06981228432817878,0.0025906287885938606,-2.7151566219117456,0.4455174059413806,-0.32525983649760404,2.6820290640129234
0.17342594070160977,0.06953842182772109,0.0021330662878310735,-2.7151875520522557,0.43710933439513655,-0.3247962114972225,2.6822681358890677
0.17333374070176244,0.06972099682802636,0.0024993412884414456,-2.7151566219117456,0.4458964809426011,-0.3247962114972225,2.6822203215138387
0.17333374070176244,0.06953842182772109,0.0020412162876783024,-2.7155253452464425,0.45143868280656063,-0.32525983649760404,2.6820768783881523
0.1732415407019151,0.06972099682802636,0.0022237912879835764,-2.7153411577470523,0.4370145656448311,-0.3248889364972989,2.682124692763381
0.17314934070206778,0.06962970932787395,0.0022243537879839325,-2.7152796458019504,0.44025951032833655,-0.32507438649745124,2.6821725071386098
0.1732415407019151,0.06972099682802636,0.0023156412881363475,-2.7151875520522557,0.4484780443739706,-0.3247962114972225,2.682124692763381
0.17314934070206778,0.06962970932787395,0.0021325037878311614,-2.7152490639973577,0.44293584251001106,-0.3248889364972989,2.6819812496376945
0.17333374070176244,0.06962970932787395,0.0023162037881362596,-2.715310227606543,0.4337696209613256,-0.3248889364972989,2.6820290640129234
0.17333374070176244,0.06953842182772109,0.0020412162876783024,-2.715433251496748,0.44838327562366515,-0.3247034864971461,2.6821725071386098
0.17333374070176244,0.06981228432817878,0.0023150787881359913,-2.7150648764979683,0.4485728131242756,-0.3249816614973753,2.6820290640129234
0.17333374070176244,0.06972099682802636,0.0024074912882886745,-2.7151260401071537,0.4369197968945261,-0.3247962114972225,2.682124692763381
0.17314934070206778,0.06972099682802636,0.0021319412878308052,-2.71531057594246,0.44284107375970605,-0.3248889364972989,2.6819812496376945
0.1732415407019151,0.06962970932787395,0.0022243537879839325,-2.7151875520522557,0.44800420062244467,-0.32433258649684094,2.6824115790147545
0.17333374070176244,0.06962970932787395,0.0021325037878311614,-2.7152490639973577,0.4399752040774211,-0.3247962114972225,2.6822203215138387
0.17342594070160977,0.06962970932787395,0.0023162037881362596,-2.7148847729171175,0.43673025939391563,-0.3246107614970697,2.6822203215138387
0.17333374070176244,0.06962970932787395,0.0020406537876783903,-2.715012229061778,0.4489518881254965,-0.3247034864971461,2.682124692763381
0.17314934070206778,0.06981228432817878,0.00222322878798322,-2.715104322811473,0.4484780443739706,-0.3248889364972989,2.6821725071386098
0.17305714070222,0.06962970932787395,0.0020406537876783903,-2.7147359478126933,0.4369197968945261,-0.3246107614970697,2.6823159502642966
0.17333374070176244,0.06962970932787395,0.0021325037878311614,-2.7150428108663704,0.4458964809426011,-0.3249816614973753,2.682124692763381
0.17314934070206778,0.06962970932787395,0.0022243537879839325,-2.7148892051715734,0.44885711937519107,-0.32535256149768044,2.681885620887237
0.17333374070176244,0.06962970932787395,0.0024080537882890307,-2.714766181281369,0.43950136032589515,-0.3249816614973753,2.682124692763381
0.17342594070160977,0.06953842182772109,0.0021330662878310735,-2.714981298921268,0.43673025939391563,-0.3248889364972989,2.6822203215138387
0.1732415407019151,0.06975248833417735,0.0022237912879835764,-2.714950717116676,0.4485728131242756,-0.3248889364972989,2.6821725071386098
0.17333374070176244,0.06975248833417735,0.0024993412884414456,-2.7148582750310637,0.44599124969290654,-0.32535256149768044,2.6819334352624655
0.17333374070176244,0.06975248833417735,0.0021319412878308052,-2.715012229061778,0.4376779468969675,-0.3248889364972989,2.682124692763381
0.1735181407014571,0.06978397984032836,0.0023156412881363475,-2.715165486420658,0.44599124969290654,-0.3247962114972225,2.6821725071386098
0.17333374070176244,0.06978397984032836,0.0021319412878308052,-2.7151964165611675,0.4517229890574761,-0.32525983649760404,2.6821725071386098
0.17305714070222,0.06951011733987067,0.0020417787876786586,-2.714612923922489,0.44016474157803154,-0.3247962114972225,2.6821725071386098
0.1732415407019151,0.06978397984032836,0.0022237912879835764,-2.714950717116676,0.4399752040774211,-0.32535256149768044,2.6819334352624655
0.17342594070160977,0.06969269234017594,0.0021325037878311614,-2.714950717116676,0.4484780443739706,-0.3249816614973753,2.6820290640129234
0.17314934070206778,0.06978397984032836,0.0021319412878308052,-2.715012229061778,0.44542263719107517,-0.3248889364972989,2.682124692763381
0.1732415407019151,0.06960140484002308,0.0023167662881361717,-2.7146740875316744,0.4341486959625465,-0.32535256149768044,2.6820290640129234
0.1732415407019151,0.06969269234017594,0.0024080537882890307,-2.7146740875316744,0.4484780443739706,-0.3248889364972989,2.6821725071386098
0.17342594070160977,0.06969269234017594,0.0021325037878311614,-2.714950717116676,0.4513439140562552,-0.32507438649745124,2.6820290640129234
0.17333374070176244,0.06969269234017594,0.0020406537876783903,-2.714828041562388,0.4368250281442211,-0.3246107614970697,2.6822203215138387
0.1732415407019151,0.06951011733987067,0.0021336287878309856,-2.715011880725861,0.4396908978265056,-0.3248889364972989,2.6821725071386098
0.17314934070206778,0.06969269234017594,0.0021325037878311614,-2.714950717116676,0.4484780443739706,-0.3248889364972989,2.6821725071386098
0.17333374070176244,0.06978397984032836,0.0023156412881363475,-2.7148892051715734,0.446275555943822,-0.3247962114972225,2.682124692763381
0.1732415407019151,0.06960140484002308,0.001857516287373204,-2.71507374100688,0.4350963834655979,-0.32525983649760404,2.6820290640129234
0.17333374070176244,0.06969269234017594,0.0020406537876783903,-2.715288510310862,0.446370324694127,-0.3247034864971461,2.682124692763381
0.17333374070176244,0.06969269234017594,0.0022243537879839325,-2.7145208301727943,0.4521020640586966,-0.3247962114972225,2.682124692763381
0.1732415407019151,0.06969269234017594,0.0020406537876783903,-2.715012229061778,0.4376779468969675,-0.32525983649760404,2.6820290640129234
0.17333374070176244,0.06969269234017594,0.0021325037878311614,-2.714766529617286,0.440354279078642,-0.32525983649760404,2.681837806512008
0.1732415407019151,0.06969269234017594,0.0022243537879839325,-2.715073392670963,0.44838327562366515,-0.3249816614973753,2.6821725071386098
0.1732415407019151,0.06969269234017594,0.0021325037878311614,-2.7151349046160655,0.44274630500940104,-0.3248889364972989,2.6820290640129234
0.17333374070176244,0.06978397984032836,0.0024074912882886745,-2.7148276932264714,0.4337696209613256,-0.3247034864971461,2.6822203215138387
0.17333374070176244,0.06969269234017594,0.0022243537879839325,-2.7148892051715734,0.44800420062244467,-0.32442531149691733,2.6823637646395255
0.17314934070206778,0.06978397984032836,0.0023156412881363475,-2.7148892051715734,0.44838327562366515,-0.3246107614970697,2.6821725071386098
0.1732415407019151,0.06978397984032836,0.0023156412881363475,-2.715073392670963,0.43729887189574657,-0.3249816614973753,2.6819812496376945
0.17333374070176244,0.06969269234017594,0.0020406537876783903,-2.715012229061778,0.4431253800106215,-0.3247962114972225,2.6820768783881523
0.17305714070222,0.06987526734048077,0.0023150787881359913,-2.7150428108663704,0.44876235062488606,-0.3247962114972225,2.682124692763381
0.17333374070176244,0.06951011733987067,0.0020417787876786586,-2.7148892051715734,0.44006997282772653,-0.3248889364972989,2.6820768783881523
0.17305714070222,0.06978397984032836,0.0022237912879835764,-2.714858623366981,0.43729887189574657,-0.3248889364972989,2.682124692763381
0.17314934070206778,0.06978397984032836,0.0022237912879835764,-2.714950717116676,0.44876235062488606,-0.3248889364972989,2.682124692763381
0.17305714070222,0.06969269234017594,0.0024080537882890307,-2.714766181281369,0.44885711937519107,-0.3247962114972225,2.6822681358890677
0.17314934070206778,0.06969269234017594,0.0022243537879839325,-2.7148892051715734,0.437488409396357,-0.32525983649760404,2.6821725071386098
0.17342594070160977,0.06978397984032836,0.0023156412881363475,-2.7148892051715734,0.4458964809426011,-0.3247962114972225,2.6821725071386098
0.1732415407019151,0.06978397984032836,0.0023156412881363475,-2.714981298921268,0.4516282203071711,-0.3247034864971461,2.6822203215138387
0.17333374070176244,0.06969269234017594,0.0020406537876783903,-2.715012229061778,0.4395961290762006,-0.3249816614973753,2.682124692763381
0.17333374070176244,0.06978397984032836,0.0023156412881363475,-2.7148892051715734,0.43673025939391563,-0.32507438649745124,2.6820290640129234
0.172780540702678,0.06969269234017594,0.001948803787526063,-2.7149816472571855,0.4478146631218342,-0.3247962114972225,2.682124692763381
0.26093673835061304,0.12254957550236328,0.0899339658671308,-2.2362189922774816,0.8687664253990925,-0.17454061591020456,2.6620659684737578
0.26093673835061304,0.1223072045080566,0.08947640336636802,-2.236065734918601,0.8746877022642725,-0.17472606591035736,2.6621137828489867
0.26093673835061304,0.1223072045080566,0.08929270336606292,-2.236004571309416,0.883853923812958,-0.1750969659106625,2.6621137828489867
0.26121333835015503,0.12248977950836187,0.08965897836667329,-2.236157828668296,0.874877239764883,-0.17454061591020456,2.6621615972242156
0.26102893835046037,0.12239849200820946,0.08965954086667365,-2.2360042229734987,0.866090093217418,-0.1749115159105097,2.6619703397233
0.26121333835015503,0.12239849200820946,0.08956769086652087,-2.236157828668296,0.881177591631284,-0.1750042409105861,2.661922525348071
0.26121333835015503,0.12248977950836187,0.08975082836682606,-2.2360963167231938,0.8841382300638739,-0.17472606591035736,2.6620659684737578
0.2613055383500028,0.12248977950836187,0.08947527836636819,-2.236004571309416,0.8693350379009239,-0.17472606591035736,2.6620659684737578
0.2608445383507657,0.1223072045080566,0.08938455336621569,-2.236219340613398,0.8751615460157984,-0.17481879091043376,2.6619703397233
0.26102893835046037,0.12239849200820946,0.08965954086667365,-2.2360963167231938,0.8840434613135685,-0.17463334091028096,2.662018154098529
0.26102893835046037,0.1223072045080566,0.08947640336636802,-2.2359736411689064,0.8754458522667139,-0.1750042409105861,2.661874710972842
0.26102893835046037,0.12258106700851429,0.0897502658668257,-2.236157828668296,0.8663743994683339,-0.1749115159105097,2.6619703397233
0.26102893835046037,0.12258106700851429,0.08984211586697848,-2.2360963167231938,0.877932646947778,-0.1744478909101286,2.6621615972242156
0.26093673835061304,0.12221591700790418,0.0893851158662156,-2.236342016167686,0.8841382300638739,-0.17472606591035736,2.661922525348071
0.26102893835046037,0.12239849200820946,0.08947584086636855,-2.2360351531140084,0.871347988830462,-0.1743551659100522,2.6622094115994446
0.2611211383503077,0.12248977950836187,0.08965897836667329,-2.2358815474192117,0.8661848619677235,-0.1750969659106625,2.661826896597613
0.2611211383503077,0.12221591700790418,0.0892014158659105,-2.2360966650591108,0.8803246728785371,-0.17454061591020456,2.6621615972242156
0.2613055383500028,0.1223072045080566,0.08938455336621569,-2.236219340613398,0.883664386312348,-0.1750042409105861,2.662018154098529
0.2613055383500028,0.12267235450866715,0.08993340336713133,-2.235912129223804,0.868955962899703,-0.1749115159105097,2.661922525348071
0.26102893835046037,0.12221591700790418,0.08947696586636837,-2.2361884104728884,0.8839486925632635,-0.17454061591020456,2.6619703397233
0.26093673835061304,0.12239849200820946,0.08938399086621578,-2.2362808525585005,0.8781221844483884,-0.1749115159105097,2.6619703397233
0.26102893835046037,0.1223072045080566,0.08947640336636802,-2.2359736411689064,0.8722956763335139,-0.1750042409105861,2.661922525348071
0.2611211383503077,0.1223072045080566,0.08956825336652079,-2.2361884104728884,0.8752563147661039,-0.17463334091028096,2.662018154098529
0.26102893835046037,0.12248977950836187,0.08993452836713116,-2.2358811990832943,0.8844225363147894,-0.17481879091043376,2.6621137828489867
0.26093673835061304,0.1223072045080566,0.08938455336621569,-2.2360351531140084,0.8784064906993039,-0.1750042409105861,2.661922525348071
0.2611211383503077,0.12248977950836187,0.08965897836667329,-2.2358815474192117,0.8723904450838189,-0.17454061591020456,2.662018154098529
0.26121333835015503,0.12221591700790418,0.0892014158659105,-2.2360966650591108,0.8753510835164089,-0.17472606591035736,2.6620659684737578
0.26102893835046037,0.1223072045080566,0.08938455336621569,-2.236219340613398,0.8844225363147894,-0.1750969659106625,2.661826896597613
0.26102893835046037,0.1223072045080566,0.08938455336621569,-2.2359430593643137,0.8788803344508298,-0.17556059091104406,2.6616834534719263
0.26102893835046037,0.12248977950836187,0.08956712836652096,-2.236127246863703,0.866563936968944,-0.17463334091028096,2.6620659684737578
0.2611211383503077,0.1223072045080566,0.08929270336606292,-2.236004571309416,0.8782169531986939,-0.17463334091028096,2.6621137828489867
0.2608445383507657,0.12239849200820946,0.08938399086621578,-2.2360966650591108,0.8809880541306735,-0.17472606591035736,2.661826896597613
0.26102893835046037,0.12248977950836187,0.08993452836713116,-2.2357891053335996,0.872011370082598,-0.1749115159105097,2.6619703397233
0.2611211383503077,0.1223072045080566,0.08938455336621569,-2.236127246863703,0.865995324467113,-0.17472606591035736,2.6620659684737578
0.26102893835046037,0.12248977950836187,0.08956712836652096,-2.2358509656146186,0.880703747879758,-0.1741697159098994,2.6621137828489867
0.26093673835061304,0.12248977950836187,0.08956712836652096,-2.236219340613398,0.883664386312348,-0.17454061591020456,2.6619703397233
0.26093673835061304,0.12248977950836187,0.08965897836667329,-2.236342016167686,0.868955962899703,-0.17472606591035736,2.6620659684737578
0.26102893835046037,0.1223072045080566,0.08956825336652079,-2.2360963167231938,0.871916601332293,-0.17463334091028096,2.6619703397233
0.26093673835061304,0.12248977950836187,0.08965897836667329,-2.236065734918601,0.8841382300638739,-0.1749115159105097,2.661874710972842
0.2611211383503077,0.1223072045080566,0.08947640336636802,-2.236065734918601,0.8785012594496093,-0.1750042409105861,2.662018154098529
0.2611211383503077,0.1223072045080566,0.08947640336636802,-2.236030720859553,0.866563936968944,-0.1749115159105097,2.6619703397233
0.26102893835046037,0.12221591700790418,0.0893851158662156,-2.236030720859553,0.8785960281999143,-0.17472606591035736,2.662018154098529
0.2613055383500028,0.12248977950836187,0.08965897836667329,-2.236214908358942,0.886625024744938,-0.1743551659100522,2.6622094115994446
0.2611211383503077,0.12258106700851429,0.08984211586697848,-2.2358771151647554,0.8722956763335139,-0.17472606591035736,2.662018154098529
0.26093673835061304,0.12248977950836187,0.08965897836667329,-2.236030720859553,0.8693350379009239,-0.17472606591035736,2.6621137828489867
0.26093673835061304,0.1223072045080566,0.08938455336621569,-2.2360001390549598,0.8810828228809785,-0.17454061591020456,2.661826896597613
0.26121333835015503,0.12248977950836187,0.08965897836667329,-2.2361228146092476,0.8870988684964639,-0.17463334091028096,2.6619703397233
0.26121333835015503,0.12248977950836187,0.08938342836621586,-2.236307350444554,0.8723904450838189,-0.17472606591035736,2.661922525348071
0.26102893835046037,0.1223072045080566,0.08929270336606292,-2.2361537447497573,0.868861194149398,-0.1744478909101286,2.6621137828489867
0.2611211383503077,0.1223072045080566,0.08938455336621569,-2.2363685140537393,0.881272360381589,-0.17472606591035736,2.661922525348071
0.26093673835061304,0.12221591700790418,0.08929326586606327,-2.236092232804655,0.881367129131894,-0.17528241591081486,2.6619703397233
0.26102893835046037,0.12248977950836187,0.08965897836667329,-2.2357544396104685,0.8692402691506185,-0.17454061591020456,2.661922525348071
0.26093673835061304,0.12221591700790418,0.08929326586606327,-2.2360001390549598,0.871916601332293,-0.17472606591035736,2.6620659684737578
0.2611211383503077,0.12221591700790418,0.0892014158659105,-2.236245838499452,0.883853923812958,-0.1743551659100522,2.6621137828489867
0.2613055383500028,0.12221591700790418,0.0892014158659105,-2.2363379322491466,0.881367129131894,-0.1750042409105861,2.661826896597613
0.2611211383503077,0.12258106700851429,0.0897502658668257,-2.235938627109858,0.8696193441518394,-0.1750969659106625,2.661826896597613
0.2611211383503077,0.12258106700851429,0.0897502658668257,-2.235846533360163,0.8782169531986939,-0.1750042409105861,2.661874710972842
0.26093673835061304,0.12239849200820946,0.08956769086652087,-2.235846533360163,0.8872884059970739,-0.17472606591035736,2.661922525348071
0.26102893835046037,0.1223072045080566,0.08929270336606292,-2.2361537447497573,0.8722956763335139,-0.17454061591020456,2.6620659684737578
0.26121333835015503,0.12248977950836187,0.08975082836682606,-2.2359692089144505,0.8692402691506185,-0.17454061591020456,2.6621137828489867
0.26093673835061304,0.12258106700851429,0.0897502658668257,-2.2361228146092476,0.8841382300638739,-0.17463334091028096,2.6619703397233
0.26093673835061304,0.12221591700790418,0.08929326586606327,-2.236092232804655,0.8809880541306735,-0.1744478909101286,2.6621137828489867
0.26121333835015503,0.12242998351436046,0.08947584086636855,-2.2360001390549598,0.8694298066512289,-0.17454061591020456,2.662018154098529
0.26121333835015503,0.12224740851405519,0.0893851158662156,-2.235846533360163,0.8755406210170193,-0.1749115159105097,2.661922525348071
0.26093673835061304,0.12261255851466529,0.08984211586697848,-2.2359692089144505,0.8870988684964639,-0.17472606591035736,2.6619703397233
0.26121333835015503,0.1223386960142076,0.08938455336621569,-2.2361843265543495,0.8722956763335139,-0.17463334091028096,2.662018154098529
0.26093673835061304,0.12252127101451288,0.08965897836667329,-2.235938627109858,0.865995324467113,-0.17398426590974705,2.662305040349902
0.26102893835046037,0.12224740851405519,0.0893851158662156,-2.235846533360163,0.8810828228809785,-0.1744478909101286,2.6619703397233
0.26102893835046037,0.12270384601481815,0.08965785336667347,-2.236061651000062,0.880893285380368,-0.1744478909101286,2.6621137828489867
0.26102893835046037,0.12261255851466529,0.0897502658668257,-2.2361228146092476,0.8722956763335139,-0.17463334091028096,2.6619703397233
0.26102893835046037,0.12261255851466529,0.08965841586667338,-2.2360001390549598,0.8722956763335139,-0.1749115159105097,2.661874710972842
0.2611211383503077,0.12252127101451288,0.08965897836667329,-2.236214908358942,0.8841382300638739,-0.17454061591020456,2.6619703397233
0.2611211383503077,0.12252127101451288,0.08965897836667329,-2.235846533360163,0.881272360381589,-0.1749115159105097,2.6620659684737578
0.2611211383503077,0.12242998351436046,0.08975139086682597,-2.2359076969693485,0.8695245754015339,-0.17472606591035736,2.661874710972842
0.26121333835015503,0.1223386960142076,0.08956825336652079,-2.2359692089144505,0.8754458522667139,-0.17472606591035736,2.6619703397233
0.26102893835046037,0.12261255851466529,0.08965841586667338,-2.2360001390549598,0.8870988684964639,-0.1743551659100522,2.6621615972242156
0.2611211383503077,0.12242998351436046,0.08956769086652087,-2.235938627109858,0.8753510835164089,-0.17454061591020456,2.661826896597613
0.26102893835046037,0.1223386960142076,0.08938455336621569,-2.235908045305265,0.8722956763335139,-0.17472606591035736,2.6619703397233
0.26121333835015503,0.12252127101451288,0.08965897836667329,-2.235938627109858,0.8781221844483884,-0.1743551659100522,2.6621137828489867
0.2611211383503077,0.1223386960142076,0.08956825336652079,-2.2357850214150607,0.8844225363147894,-0.1749115159105097,2.661874710972842
0.2613055383500028,0.12261255851466529,0.0897502658668257,-2.235938627109858,0.8756353897673244,-0.17454061591020456,2.6620659684737578
0.2611211383503077,0.1223386960142076,0.08929270336606292,-2.236061651000062,0.866469168218639,-0.1743551659100522,2.6620659684737578
0.2608445383507657,0.1223386960142076,0.08929270336606292,-2.236061651000062,0.881177591631284,-0.17454061591020456,2.6619703397233
0.26121333835015503,0.12242998351436046,0.08938399086621578,-2.236061651000062,0.8842329988141789,-0.17481879091043376,2.6619703397233
0.26102893835046037,0.12242998351436046,0.08975139086682597,-2.235723509469959,0.8695245754015339,-0.17472606591035736,2.661874710972842
0.2611211383503077,0.12224740851405519,0.0892014158659105,-2.236061651000062,0.8721061388329034,-0.17481879091043376,2.6620659684737578
0.26093673835061304,0.12224740851405519,0.08929326586606327,-2.2360001390549598,0.8840434613135685,-0.17463334091028096,2.661874710972842
0.26121333835015503,0.1223386960142076,0.08947640336636802,-2.235846533360163,0.8784064906993039,-0.17463334091028096,2.662018154098529
0.26093673835061304,0.12261255851466529,0.08984211586697848,-2.2359692089144505,0.866563936968944,-0.17454061591020456,2.6619703397233
0.26121333835015503,0.12252127101451288,0.08984267836697839,-2.2359076969693485,0.8781221844483884,-0.1743551659100522,2.6620659684737578
0.2611211383503077,0.12252127101451288,0.08947527836636819,-2.2359695572503675,0.8841382300638739,-0.17463334091028096,2.6619703397233
0.26102893835046037,0.1223386960142076,0.08947640336636802,-2.2357894536695166,0.8723904450838189,-0.17472606591035736,2.6619703397233
0.26121333835015503,0.12252127101451288,0.08956712836652096,-2.2358509656146186,0.866469168218639,-0.17472606591035736,2.661874710972842
0.26102893835046037,0.1223386960142076,0.08947640336636802,-2.2358815474192117,0.8814618978821994,-0.17472606591035736,2.662018154098529
0.2613055383500028,0.12242998351436046,0.08947584086636855,-2.2358509656146186,0.8839486925632635,-0.1743551659100522,2.662257225974673
0.2613055383500028,0.12242998351436046,0.08965954086667365,-2.2358200354741093,0.8695245754015339,-0.1744478909101286,2.6621137828489867
0.26102893835046037,0.12252127101451288,0.08975082836682606,-2.2356358479747196,0.8722956763335139,-0.17472606591035736,2.6620659684737578
0.26093673835061304,0.1223386960142076,0.08929270336606292,-2.236004571309416,0.8842329988141789,-0.1744478909101286,2.6621137828489867
0.26102893835046037,0.12242998351436046,0.08929214086606345,-2.236066083254518,0.8814618978821994,-0.1749115159105097,2.662018154098529
0.2611211383503077,0.1223386960142076,0.08947640336636802,-2.2355131724204322,0.8694298066512289,-0.17481879091043376,2.661922525348071
0.26093673835061304,0.12252127101451288,0.08975082836682606,-2.2357279417244142,0.8781221844483884,-0.17463334091028096,2.6619703397233
0.2611211383503077,0.12215612101390233,0.08938567836621551,-2.2358200354741093,0.8870988684964639,-0.17454061591020456,2.6619703397233
0.26121333835015503,0.12270384601481815,0.08984155336697856,-2.236065734918601,0.8724852138341239,-0.17463334091028096,2.661874710972842
0.26093673835061304,0.12242998351436046,0.08929214086606345,-2.2358818957551283,0.8667534744695544,-0.1750969659106625,2.661922525348071
0.2608445383507657,0.12242998351436046,0.08965954086667365,-2.2356358479747196,0.8842329988141789,-0.1742624409099758,2.661826896597613
0.26102893835046037,0.12242998351436046,0.08956769086652087,-2.235697359919822,0.8810828228809785,-0.17454061591020456,2.6620659684737578
0.26100416629042533,0.12252127101451288,0.08947527836636819,-2.235912477559721,0.8693350379009239,-0.17463334091028096,2.662018154098529
0.26100416629042533,0.12261255851466529,0.08965841586667338,-2.235758871864924,0.8754458522667139,-0.17454061591020456,2.661922525348071
0.26100416629042533,0.12242998351436046,0.08965954086667365,-2.235543754225025,0.8815566666325044,-0.17454061591020456,2.6619703397233
0.26109636629027266,0.12242998351436046,0.08947584086636855,-2.2359430593643137,0.8754458522667139,-0.17454061591020456,2.661922525348071
0.260911966290578,0.12224740851405519,0.08947696586636837,-2.2356358479747196,0.8695245754015339,-0.17454061591020456,2.662018154098529
0.26100416629042533,0.12242998351436046,0.08947584086636855,-2.2358509656146186,0.8785960281999143,-0.17472606591035736,2.661731267847155
0.26100416629042533,0.1223386960142076,0.08929270336606292,-2.235912477559721,0.8874779434976844,-0.1750042409105861,2.661731267847155
0.2613729662898151,0.1223386960142076,0.08938455336621569,-2.235758871864924,0.8722009075832085,-0.1742624409099758,2.6621137828489867
0.26100416629042533,0.1223386960142076,0.08929270336606292,-2.2358203838100263,0.8695245754015339,-0.17463334091028096,2.6619703397233
0.26081976629073067,0.1223386960142076,0.08929270336606292,-2.235912477559721,0.881177591631284,-0.17463334091028096,2.6620659684737578
0.2613729662898151,0.12261255851466529,0.0895665658665206,-2.2358203838100263,0.8841382300638739,-0.17454061591020456,2.662018154098529
0.260911966290578,0.12242998351436046,0.08965954086667365,-2.2357279417244142,0.8726747513347344,-0.17472606591035736,2.661779082222384
0.26109636629027266,0.1223386960142076,0.08947640336636802,-2.2355131724204322,0.8725799825844294,-0.17454061591020456,2.661922525348071
0.26100416629042533,0.12261255851466529,0.08965841586667338,-2.2358509656146186,0.8841382300638739,-0.17454061591020456,2.661922525348071
0.26081976629073067,0.1223386960142076,0.08929270336606292,-2.235912477559721,0.8814618978821994,-0.17454061591020456,2.661922525348071
0.26100416629042533,0.1223386960142076,0.08910900336575782,-2.2357592202008405,0.8697141129021444,-0.17472606591035736,2.661826896597613
0.26100416629042533,0.12242998351436046,0.08965954086667365,-2.2356358479747196,0.8756353897673244,-0.17463334091028096,2.661922525348071
0.26100416629042533,0.12242998351436046,0.08956769086652087,-2.2358815474192117,0.884327767564484,-0.17454061591020456,2.662018154098529
0.26081976629073067,0.1223386960142076,0.08966010336667311,-2.2355743360296176,0.8753510835164089,-0.17463334091028096,2.662018154098529
0.26100416629042533,0.12252127101451288,0.08947527836636819,-2.2357282900603317,0.8726747513347344,-0.17454061591020456,2.6619703397233
0.26100416629042533,0.12261255851466529,0.0895665658665206,-2.2357282900603317,0.881272360381589,-0.17454061591020456,2.6621137828489867
0.2613729662898151,0.12242998351436046,0.08956769086652087,-2.2358815474192117,0.8874779434976844,-0.17472606591035736,2.661826896597613
0.26081976629073067,0.12242998351436046,0.08947584086636855,-2.235758871864924,0.8726747513347344,-0.17454061591020456,2.6619703397233
0.26109636629027266,0.12261255851466529,0.0895665658665206,-2.235912477559721,0.8667534744695544,-0.1749115159105097,2.661922525348071
0.26109636629027266,0.1223386960142076,0.08947640336636802,-2.235697359919822,0.8819357416337253,-0.1750969659106625,2.661826896597613
0.26100416629042533,0.12261255851466529,0.0895665658665206,-2.236004571309416,0.8846120738153994,-0.17472606591035736,2.662018154098529
0.260911966290578,0.1223386960142076,0.08947640336636802,-2.2358815474192117,0.8697141129021444,-0.17472606591035736,2.661922525348071
0.26100416629042533,0.1223386960142076,0.08956825336652079,-2.2357279417244142,0.884327767564484,-0.17454061591020456,2.6619703397233
0.26100416629042533,0.12242998351436046,0.08947584086636855,-2.2356667781152293,0.8781221844483884,-0.17398426590974705,2.6621615972242156
0.26128076628996777,0.12270384601481815,0.08965785336667347,-2.2358203838100263,0.866563936968944,-0.17472606591035736,2.6620659684737578
0.26100416629042533,0.12252127101451288,0.08938342836621586,-2.2357898020054336,0.881272360381589,-0.17463334091028096,2.6621137828489867
0.26128076628996777,0.12252127101451288,0.08965897836667329,-2.235697359919822,0.8845173050650944,-0.1749115159105097,2.662018154098529
0.26100416629042533,0.1226440500208163,0.08984211586697848,-2.23545166047533,0.8725799825844294,-0.17481879091043376,2.661922525348071
0.26118856629012,0.12246147502051147,0.08947584086636855,-2.235574684365534,0.8722956763335139,-0.1744478909101286,2.6619703397233
0.26118856629012,0.12246147502051147,0.08929214086606345,-2.2358818957551283,0.8845173050650944,-0.17472606591035736,2.6619703397233
0.26100416629042533,0.12246147502051147,0.08947584086636855,-2.2356667781152293,0.8784064906993039,-0.17454061591020456,2.661922525348071
0.26100416629042533,0.12255276252066388,0.08965897836667329,-2.2355131724204322,0.8696193441518394,-0.17454061591020456,2.6619703397233
0.26118856629012,0.1226440500208163,0.0897502658668257,-2.2357894536695166,0.8785960281999143,-0.17463334091028096,2.661922525348071
0.26100416629042533,0.12273533752096916,0.08984155336697856,-2.2356052661701273,0.8874779434976844,-0.1743551659100522,2.662018154098529
0.26100416629042533,0.12255276252066388,0.08975082836682606,-2.2356358479747196,0.8724852138341239,-0.17472606591035736,2.661922525348071
0.2613729662898151,0.12255276252066388,0.08956712836652096,-2.235758871864924,0.8695245754015339,-0.17454061591020456,2.661922525348071
0.26081976629073067,0.1226440500208163,0.0895665658665206,-2.2357282900603317,0.8841382300638739,-0.1744478909101286,2.6620659684737578
0.26081976629073067,0.12255276252066388,0.08956712836652096,-2.235758871864924,0.8814618978821994,-0.17454061591020456,2.6621137828489867
0.26100416629042533,0.12255276252066388,0.08965897836667329,-2.2357894536695166,0.8699036504027549,-0.1749115159105097,2.661874710972842
0.26081976629073067,0.12246147502051147,0.08965954086667365,-2.2357279417244142,0.8756353897673244,-0.17463334091028096,2.661874710972842
0.260911966290578,0.12255276252066388,0.08947527836636819,-2.2357282900603317,0.8875727122479894,-0.17472606591035736,2.661874710972842
0.26100416629042533,0.1226440500208163,0.08965841586667338,-2.235574684365534,0.8757301585176294,-0.17463334091028096,2.661922525348071
0.26109636629027266,0.12237018752035861,0.08947640336636802,-2.2355131724204322,0.8727695200850394,-0.17454061591020456,2.661874710972842
0.26081976629073067,0.12237018752035861,0.08929270336606292,-2.2358203838100263,0.8784064906993039,-0.17463334091028096,2.662018154098529
0.26100416629042533,0.12246147502051147,0.08975139086682597,-2.2355743360296176,0.8845173050650944,-0.17481879091043376,2.661874710972842
0.260911966290578,0.1222789000202062,0.0892014158659105,-2.2357282900603317,0.8723904450838189,-0.17463334091028096,2.6620659684737578
0.26118856629012,0.12255276252066388,0.08947527836636819,-2.2357282900603317,0.8669430119701649,-0.17472606591035736,2.661779082222384
0.26100416629042533,0.12237018752035861,0.08929270336606292,-2.235912477559721,0.8814618978821994,-0.17463334091028096,2.6620659684737578
0.26100416629042533,0.12255276252066388,0.08965897836667329,-2.235697359919822,0.884327767564484,-0.1743551659100522,2.6621615972242156
0.26118856629012,0.1226440500208163,0.0897502658668257,-2.235697359919822,0.8697141129021444,-0.1743551659100522,2.6619703397233
0.26081976629073067,0.12255276252066388,0.08938342836621586,-2.2357898020054336,0.8755406210170193,-0.1744478909101286,2.6620659684737578
0.260911966290578,0.12237018752035861,0.08947640336636802,-2.2356052661701273,0.8845173050650944,-0.1743551659100522,2.6619703397233
0.26109636629027266,0.12255276252066388,0.08947527836636819,-2.2357282900603317,0.8785960281999143,-0.1749115159105097,2.661922525348071
0.26109636629027266,0.12246147502051147,0.08938399086621578,-2.235912477559721,0.8726747513347344,-0.1744478909101286,2.661922525348071
0.26100416629042533,0.12237018752035861,0.08938455336621569,-2.2358509656146186,0.8785012594496093,-0.17463334091028096,2.662018154098529
0.26109636629027266,0.12209632501990092,0.08920254086591033,-2.2355131724204322,0.884327767564484,-0.17454061591020456,2.6620659684737578
0.26109636629027266,0.1226440500208163,0.0895665658665206,-2.2356361963106366,0.8754458522667139,-0.1743551659100522,2.662018154098529
0.26118856629012,0.12237018752035861,0.08938455336621569,-2.2356667781152293,0.8667534744695544,-0.17454061591020456,2.661922525348071
0.26100416629042533,0.12237018752035861,0.08929270336606292,-2.2358203838100263,0.8785960281999143,-0.17472606591035736,2.661826896597613
0.26118856629012,0.12255276252066388,0.08965897836667329,-2.2356052661701273,0.8845173050650944,-0.17454061591020456,2.6619703397233
0.26100416629042533,0.1226440500208163,0.0897502658668257,-2.2357894536695166,0.8729590575856498,-0.1749115159105097,2.661826896597613
0.26128076628996777,0.1226440500208163,0.0895665658665206,-2.2358203838100263,0.8667534744695544,-0.17454061591020456,2.6620659684737578
0.260911966290578,0.1226440500208163,0.08938286586621551,-2.2359434077002307,0.881367129131894,-0.1744478909101286,2.6621137828489867
0.26100416629042533,0.12255276252066388,0.08947527836636819,-2.2357282900603317,0.8845173050650944,-0.17481879091043376,2.661922525348071
0.260911966290578,0.12255276252066388,0.08956712836652096,-2.2354825906158395,0.8694298066512289,-0.17472606591035736,2.6619703397233
0.26100416629042533,0.12255276252066388,0.08947527836636819,-2.235544102560942,0.8722009075832085,-0.1743551659100522,2.6622094115994446
0.26100416629042533,0.12237018752035861,0.08929270336606292,-2.2358203838100263,0.8845173050650944,-0.17454061591020456,2.662018154098529
0.26118856629012,0.1226440500208163,0.0897502658668257,-2.2357894536695166,0.8784064906993039,-0.1743551659100522,2.6619703397233
0.26100416629042533,0.12255276252066388,0.08965897836667329,-2.2354210786707376,0.8725799825844294,-0.1743551659100522,2.6619703397233
0.26081976629073067,0.12255276252066388,0.08938342836621586,-2.2357898020054336,0.8782169531986939,-0.1743551659100522,2.6620659684737578
0.260911966290578,0.12246147502051147,0.08938399086621578,-2.2358203838100263,0.884327767564484,-0.17454061591020456,2.6621137828489867
0.26109636629027266,0.12237018752035861,0.08956825336652079,-2.235543754225025,0.8752563147661039,-0.17398426590974705,2.662352854725131
0.26118856629012,0.12237018752035861,0.08929270336606292,-2.2357282900603317,0.8667534744695544,-0.17463334091028096,2.662018154098529
0.26109636629027266,0.12255276252066388,0.08975082836682606,-2.23545166047533,0.8814618978821994,-0.17463334091028096,2.661874710972842
0.26100416629042533,0.12237018752035861,0.08938455336621569,-2.235574684365534,0.8845173050650944,-0.1744478909101286,2.6619703397233
0.26100416629042533,0.1226440500208163,0.08965841586667338,-2.2353334171754984,0.8726747513347344,-0.17454061591020456,2.6621137828489867
0.26100416629042533,0.12255276252066388,0.08984267836697839,-2.235333068839582,0.8727695200850394,-0.17472606591035736,2.661874710972842
0.26128076628996777,0.12237018752035861,0.08929270336606292,-2.23576330411938,0.8844225363147894,-0.17398426590974705,2.662305040349902
0.2613729662898151,0.12246147502051147,0.08929214086606345,-2.235456441065703,0.8848963800663153,-0.1749115159105097,2.661779082222384
0.26100416629042533,0.12255276252066388,0.08947527836636819,-2.235487022870296,0.8730538263359553,-0.17481879091043376,2.661826896597613
0.26100416629042533,0.12255276252066388,0.08956712836652096,-2.2353334171754984,0.8692402691506185,-0.1741697159098994,2.6621615972242156
0.26109636629027266,0.12246147502051147,0.08938399086621578,-2.2355791166199905,0.8815566666325044,-0.17454061591020456,2.661874710972842
0.26100416629042533,0.12255276252066388,0.08947527836636819,-2.235671210369685,0.8788803344508298,-0.17454061591020456,2.6619703397233
0.26109636629027266,0.12237018752035861,0.08929270336606292,-2.2355791166199905,0.8696193441518394,-0.1743551659100522,2.6619703397233
0.26081976629073067,0.12255276252066388,0.08975082836682606,-2.235394580784684,0.8726747513347344,-0.17472606591035736,2.662018154098529
0.26128076628996777,0.12237018752035861,0.08929270336606292,-2.235487022870296,0.8845173050650944,-0.1743551659100522,2.6620659684737578
0.26100416629042533,0.12237018752035861,0.08947640336636802,-2.2352719052303964,0.8756353897673244,-0.17454061591020456,2.6619703397233
0.26118856629012,0.12237018752035861,0.08938455336621569,-2.2352413234258037,0.8667534744695544,-0.17454061591020456,2.6620659684737578
0.26100416629042533,0.12255276252066388,0.08947527836636819,-2.2355791166199905,0.8817462041331149,-0.1749115159105097,2.661826896597613
0.26100416629042533,0.12255276252066388,0.08929157836606309,-2.235517953010805,0.8846120738153994,-0.17454061591020456,2.6619703397233
0.26100416629042533,0.12246147502051147,0.08929214086606345,-2.235456441065703,0.8695245754015339,-0.1742624409099758,2.6622094115994446
0.26118856629012,0.12255276252066388,0.08947527836636819,-2.2353949291206012,0.8721061388329034,-0.17398426590974705,2.661922525348071
0.26118856629012,0.1226440500208163,0.0895665658665206,-2.2355791166199905,0.8845173050650944,-0.17463334091028096,2.6621137828489867
0.26081976629073067,0.12246147502051147,0.08929214086606345,-2.235548534815398,0.8784064906993039,-0.17463334091028096,2.6621137828489867
0.26100416629042533,0.12255276252066388,0.08938342836621586,-2.235456441065703,0.8671325494707753,-0.17481879091043376,2.661826896597613
0.26100416629042533,0.1226440500208163,0.0897502658668257,-2.2354560927297866,0.8784064906993039,-0.1744478909101286,2.6621137828489867
0.260911966290578,0.1226440500208163,0.0897502658668257,-2.235363998980091,0.881367129131894,-0.1744478909101286,2.6619703397233
0.26118856629012,0.1226440500208163,0.08947471586636828,-2.235732722314787,0.8727695200850394,-0.17454061591020456,2.6621137828489867
0.26118856629012,0.12255276252066388,0.08965897836667329,-2.2354560927297866,0.866563936968944,-0.17398426590974705,2.6621137828489867
0.26109636629027266,0.12246147502051147,0.08947584086636855,-2.235701792174278,0.8816514353828094,-0.17454061591020456,2.662018154098529
0.26100416629042533,0.12255276252066388,0.08947527836636819,-2.2353949291206012,0.8878570184989053,-0.17454061591020456,2.661826896597613
0.26100416629042533,0.12246147502051147,0.08938399086621578,-2.235487022870296,0.8727695200850394,-0.1750042409105861,2.661874710972842
0.26118856629012,0.1222789000202062,0.08929326586606327,-2.2353334171754984,0.8845173050650944,-0.1743551659100522,2.661922525348071
0.26100416629042533,0.1222789000202062,0.0892014158659105,-2.2355791166199905,0.881177591631284,-0.17398426590974705,2.6622094115994446
0.26100416629042533,0.12255276252066388,0.08984267836697839,-2.235333068839582,0.8699984191530599,-0.17463334091028096,2.6620659684737578
0.26109636629027266,0.12255276252066388,0.08947527836636819,-2.2353949291206012,0.8788803344508298,-0.17472606591035736,2.661779082222384
0.26109636629027266,0.1226440500208163,0.0897502658668257,-2.2355481864794813,0.8876674809982948,-0.17472606591035736,2.661922525348071
0.26118856629012,0.1226440500208163,0.0897502658668257,-2.2354560927297866,0.8727695200850394,-0.17463334091028096,2.661826896597613
0.26100416629042533,0.12237018752035861,0.08920085336591059,-2.235548534815398,0.8695245754015339,-0.1743551659100522,2.6619703397233
0.26100416629042533,0.1226440500208163,0.08965841586667338,-2.2356096984245832,0.8841382300638739,-0.1742624409099758,2.6620659684737578
0.26100416629042533,0.12246147502051147,0.08938399086621578,-2.235487022870296,0.8816514353828094,-0.1744478909101286,2.662018154098529
0.26081976629073067,0.12237018752035861,0.08929270336606292,-2.2353949291206012,0.8699984191530599,-0.17454061591020456,2.661826896597613
0.26109636629027266,0.1222789000202062,0.08929326586606327,-2.2355176046748886,0.8757301585176294,-0.1744478909101286,2.662018154098529
0.26100416629042533,0.1226440500208163,0.0897502658668257,-2.235640280229176,0.8845173050650944,-0.17472606591035736,2.6620659684737578
0.26128076628996777,0.1226440500208163,0.08965841586667338,-2.2353334171754984,0.874877239764883,-0.1736133659094419,2.6624962978508173
0.26118856629012,0.12246147502051147,0.08938399086621578,-2.2355791166199905,0.866563936968944,-0.1741697159098994,2.6621137828489867
0.260911966290578,0.12237018752035861,0.08929270336606292,-2.2355791166199905,0.8818409728834199,-0.1743551659100522,2.661922525348071
0.26100416629042533,0.12246147502051147,0.08938399086621578,-2.235671210369685,0.8848963800663153,-0.1749115159105097,2.661731267847155
0.26128076628996777,0.1226440500208163,0.08965841586667338,-2.2356096984245832,0.8697141129021444,-0.1744478909101286,2.6621137828489867
0.26109636629027266,0.12246147502051147,0.08938399086621578,-2.235671210369685,0.8729590575856498,-0.1743551659100522,2.6621137828489867
0.260911966290578,0.12246147502051147,0.08956769086652087,-2.2351798114807018,0.8845173050650944,-0.17472606591035736,2.662018154098529
0.26100416629042533,0.12237018752035861,0.08947640336636802,-2.2354560927297866,0.8783117219489989,-0.17398426590974705,2.6621137828489867
0.26100416629042533,0.1226440500208163,0.0895665658665206,-2.23576330411938,0.8697141129021444,-0.1743551659100522,2.662018154098529
0.2613729662898151,0.12255276252066388,0.08965897836667329,-2.2355481864794813,0.8785960281999143,-0.17463334091028096,2.6619703397233
0.26118856629012,0.12246147502051147,0.08920029086591068,-2.2357942342598895,0.8876674809982948,-0.1744478909101286,2.661922525348071
0.26100416629042533,0.1222789000202062,0.0892014158659105,-2.2355791166199905,0.8727695200850394,-0.17463334091028096,2.6619703397233
0.26100416629042533,0.12249296652666246,0.08956769086652087,-2.2351798114807018,0.8697141129021444,-0.17463334091028096,2.6619703397233
0.26109636629027266,0.12249296652666246,0.08947584086636855,-2.2353334171754984,0.8840434613135685,-0.17398426590974705,2.6622094115994446
0.26118856629012,0.1224016790265096,0.08929270336606292,-2.2353949291206012,0.8818409728834199,-0.17454061591020456,2.6621137828489867
0.26100416629042533,0.12258425402681487,0.08929157836606309,-2.235702140510195,0.8697141129021444,-0.1744478909101286,2.6622094115994446
0.26118856629012,0.1224016790265096,0.08947640336636802,-2.2354560927297866,0.8758249272679348,-0.1743551659100522,2.6620659684737578
0.260911966290578,0.12258425402681487,0.08965897836667329,-2.235363998980091,0.8876674809982948,-0.17472606591035736,2.661874710972842
0.26100416629042533,0.12249296652666246,0.08920029086591068,-2.2351495780120256,0.8756353897673244,-0.1744478909101286,2.662018154098529
0.260911966290578,0.1224016790265096,0.08920085336591059,-2.235548534815398,0.8726747513347344,-0.17454061591020456,2.6619703397233
0.26100416629042533,0.12267554152696729,0.08947471586636828,-2.235456441065703,0.8785960281999143,-0.1743551659100522,2.6622094115994446
0.26109636629027266,0.12231039152635718,0.0892014158659105,-2.2353949291206012,0.8847068425657049,-0.1744478909101286,2.6620659684737578
0.260911966290578,0.12249296652666246,0.08920029086591068,-2.235517953010805,0.8756353897673244,-0.17454061591020456,2.6619703397233
0.26100416629042533,0.12258425402681487,0.08938342836621586,-2.235456441065703,0.8669430119701649,-0.17463334091028096,2.6620659684737578
0.26118856629012,0.12267554152696729,0.08947471586636828,-2.2356406285650925,0.8816514353828094,-0.1742624409099758,2.6621137828489867
0.34782690806071903,0.174584871163178,0.1768490646599703,-1.7565884912136185,1.3081682066971567,-0.033564081900667495,2.6691503979877362
0.34764250806102437,0.1748587336636357,0.17703107716027522,-1.7565579094090262,1.3070309816934949,-0.032636831899904836,2.6695329129895673
0.3474581080613297,0.17467615866333042,0.17694035216012272,-1.7564043037142292,1.3079786691965463,-0.033656806900743894,2.669198212362965
0.34782690806071903,0.17504130866394096,0.17748920216103836,-1.7563733735737195,1.3084525129480722,-0.03384225690089669,2.6689113261115915
0.34764250806102437,0.1749500211637881,0.1773979146608855,-1.7564654673234141,1.3080734379468517,-0.03374953190082029,2.6691503979877362
0.34755030806117704,0.17449358366302514,0.17675777715981744,-1.7564043037142292,1.3082629754474622,-0.03374953190082029,2.6689591404868205
0.34755030806117704,0.17467615866333042,0.17721590216058059,-1.7562197678789224,1.3079786691965463,-0.033564081900667495,2.6690547692372784
0.34755030806117704,0.17476744616348283,0.17721533966058023,-1.7563733735737195,1.3080734379468517,-0.033564081900667495,2.6691503979877362
0.3479191080605668,0.17476744616348283,0.17739903966088533,-1.7563424434332098,1.3076943629456308,-0.03347135690059154,2.6691503979877362
0.34764250806102437,0.17504130866394096,0.17748920216103836,-1.7563733735737195,1.3081682066971567,-0.03374953190082029,2.6689113261115915
0.34764250806102437,0.17476744616348283,0.17712348966042746,-1.7561586042697375,1.3081682066971567,-0.03374953190082029,2.6689591404868205
0.34764250806102437,0.17476744616348283,0.17703163966027513,-1.7564963974639238,1.3079786691965463,-0.03347135690059154,2.669246026738194
0.34755030806117704,0.17467615866333042,0.17694035216012272,-1.7562201162148394,1.3079786691965463,-0.03374953190082029,2.6689113261115915
0.3477347080608717,0.1748587336636357,0.17721477716058032,-1.7564348855188219,1.3078839004462413,-0.03347135690059154,2.6691025836125073
0.34764250806102437,0.17467615866333042,0.17703220216027504,-1.7565269792685165,1.3079786691965463,-0.033564081900667495,2.6690069548620494
0.34782690806071903,0.174584871163178,0.17694091466012263,-1.7565269792685165,1.3079786691965463,-0.033564081900667495,2.6689591404868205
0.34764250806102437,0.1748587336636357,0.177122927160428,-1.756312209964534,1.3081682066971567,-0.03347135690059154,2.6691025836125073
0.3477347080608717,0.1748587336636357,0.17739847716088586,-1.7562197678789224,1.3079786691965463,-0.033564081900667495,2.6690069548620494
0.3474581080613297,0.174584871163178,0.17694091466012263,-1.7563427917691272,1.3077891316959362,-0.033656806900743894,2.669246026738194
0.3477347080608717,0.17467615866333042,0.17721590216058059,-1.7561276741292273,1.3072205191941049,-0.03319318190036234,2.669293841113423
0.34764250806102437,0.17449358366302514,0.17684962715996977,-1.7564348855188219,1.3078839004462413,-0.033564081900667495,2.6691025836125073
0.34782690806071903,0.17467615866333042,0.17703220216027504,-1.7565269792685165,1.3083577441977672,-0.033564081900667495,2.6689591404868205
0.34764250806102437,0.17504130866394096,0.1773973521608856,-1.7563427917691272,1.3079786691965463,-0.033656806900743894,2.6691025836125073
0.34755030806117704,0.1748587336636357,0.1773066271607331,-1.7561891860743297,1.3080734379468517,-0.033564081900667495,2.6690069548620494
0.34764250806102437,0.174553379657027,0.1770327646602754,-1.7561891860743297,1.3082629754474622,-0.03374953190082029,2.6690547692372784
0.3477347080608717,0.17473595465733183,0.17703163966027513,-1.7564043037142292,1.3078839004462413,-0.03347135690059154,2.6691025836125073
0.34755030806117704,0.17473595465733183,0.17712348966042746,-1.7563427917691272,1.3081682066971567,-0.03374953190082029,2.6691025836125073
0.34764250806102437,0.17473595465733183,0.17703163966027513,-1.7565884912136185,1.3081682066971567,-0.033564081900667495,2.669198212362965
0.34764250806102437,0.17473595465733183,0.17721533966058023,-1.7563733735737195,1.3078839004462413,-0.033656806900743894,2.6690547692372784
0.34782690806071903,0.17482724215748469,0.1773066271607331,-1.7563733735737195,1.3074100566947153,-0.03310045690028594,2.6693894698638805
0.3479191080605668,0.17473595465733183,0.17712348966042746,-1.7562506980194321,1.3077891316959362,-0.033656806900743894,2.6691025836125073
0.34764250806102437,0.174553379657027,0.17675721465981753,-1.7561895344102467,1.3079786691965463,-0.033564081900667495,2.6691503979877362
0.34782690806071903,0.17473595465733183,0.17712348966042746,-1.7563427917691272,1.3080734379468517,-0.03374953190082029,2.6689113261115915
0.34782690806071903,0.17473595465733183,0.17721533966058023,-1.7561891860743297,1.3081682066971567,-0.03393498190097265,2.6690547692372784
0.3477347080608717,0.17473595465733183,0.17721533966058023,-1.7562812798240248,1.3079786691965463,-0.03374953190082029,2.6691025836125073
0.3477347080608717,0.174553379657027,0.17712461466042817,-1.756311861628617,1.3077891316959362,-0.03347135690059154,2.6691503979877362
0.34782690806071903,0.1746446671571794,0.17703220216027504,-1.7563427917691272,1.3075995941953258,-0.03347135690059154,2.6691025836125073
0.34755030806117704,0.17473595465733183,0.17721533966058023,-1.7561891860743297,1.3079786691965463,-0.033564081900667495,2.6691025836125073
0.34755030806117704,0.17473595465733183,0.17721533966058023,-1.756097092324635,1.3079786691965463,-0.033564081900667495,2.6691025836125073
0.34764250806102437,0.1746446671571794,0.17694035216012272,-1.7564043037142292,1.3079786691965463,-0.033656806900743894,2.6690547692372784
0.34764250806102437,0.17482724215748469,0.177122927160428,-1.756312209964534,1.3081682066971567,-0.03374953190082029,2.6691025836125073
0.3477347080608717,0.17473595465733183,0.17703163966027513,-1.7561280224651443,1.3080734379468517,-0.033564081900667495,2.6690547692372784
0.34782690806071903,0.17473595465733183,0.17721533966058023,-1.7561891860743297,1.3080734379468517,-0.03347135690059154,2.6691025836125073
0.34718150806178727,0.17473595465733183,0.17703163966027513,-1.756312209964534,1.3076943629456308,-0.03347135690059154,2.6691503979877362
0.34764250806102437,0.17473595465733183,0.17703163966027513,-1.7564043037142292,1.3080734379468517,-0.03384225690089669,2.6690069548620494
0.3477347080608717,0.17482724215748469,0.1773066271607331,-1.7561891860743297,1.3080734379468517,-0.033656806900743894,2.6691025836125073
0.3477347080608717,0.17482724215748469,0.177122927160428,-1.7564043037142292,1.3079786691965463,-0.033564081900667495,2.6691025836125073
0.34764250806102437,0.17482724215748469,0.1773066271607331,-1.7561891860743297,1.3078839004462413,-0.03319318190036234,2.669198212362965
0.34764250806102437,0.1748587336636357,0.177122927160428,-1.7562201162148394,1.3083577441977672,-0.03393498190097265,2.6686722542354473
0.34755030806117704,0.17476744616348283,0.17721533966058023,-1.7561891860743297,1.3081682066971567,-0.03374953190082029,2.6691503979877362
0.34782690806071903,0.1748587336636357,0.17739847716088586,-1.7561276741292273,1.3080734379468517,-0.033656806900743894,2.6690547692372784
0.34782690806071903,0.17476744616348283,0.17703163966027513,-1.7564043037142292,1.3079786691965463,-0.03319318190036234,2.669246026738194
0.34801130806041414,0.17476744616348283,0.17703163966027513,-1.7564963974639238,1.3079786691965463,-0.03384225690089669,2.668815697361134
0.3477347080608717,0.1749500211637881,0.17730606466073273,-1.7562506980194321,1.3080734379468517,-0.03347135690059154,2.6691503979877362
0.34782690806071903,0.17476744616348283,0.17703163966027513,-1.7564043037142292,1.3075048254450208,-0.03319318190036234,2.669293841113423
0.34764250806102437,0.17467615866333042,0.17712405216042781,-1.756097092324635,1.3079786691965463,-0.033564081900667495,2.6690547692372784
0.34782690806071903,0.17467615866333042,0.17721590216058059,-1.7564960491280068,1.3077891316959362,-0.03347135690059154,2.6694372842391094
0.34782690806071903,0.1748587336636357,0.1773066271607331,-1.7563733735737195,1.3079786691965463,-0.033564081900667495,2.6691503979877362
0.34782690806071903,0.17467615866333042,0.17694035216012272,-1.756312209964534,1.3083577441977672,-0.03384225690089669,2.6689591404868205
0.34782690806071903,0.17467615866333042,0.17703220216027504,-1.7561586042697375,1.3087368191989877,-0.034213156901201844,2.668767882985905
0.34764250806102437,0.1748587336636357,0.1773066271607331,-1.756097092324635,1.3081682066971567,-0.033656806900743894,2.6690547692372784
0.3477347080608717,0.1748587336636357,0.177122927160428,-1.756312209964534,1.3080734379468517,-0.03347135690059154,2.6691025836125073
0.34782690806071903,0.1749500211637881,0.17712236466042763,-1.7565579094090262,1.3080734379468517,-0.03319318190036234,2.6691503979877362
0.34755030806117704,0.17467615866333042,0.17684850215996994,-1.7563737219096365,1.3080734379468517,-0.03337863190051514,2.669198212362965
0.3477347080608717,0.17467615866333042,0.17694035216012272,-1.7564043037142292,1.3081682066971567,-0.033564081900667495,2.6691025836125073
0.3477347080608717,0.17476744616348283,0.17703163966027513,-1.756312209964534,1.3080734379468517,-0.033564081900667495,2.6691503979877362
0.34764250806102437,0.17476744616348283,0.17703163966027513,-1.7564963974639238,1.3077891316959362,-0.03374953190082029,2.6690547692372784
0.34764250806102437,0.17476744616348283,0.17693978966012236,-1.7563737219096365,1.3079786691965463,-0.03337863190051514,2.6691503979877362
0.34764250806102437,0.17476744616348283,0.17703163966027513,-1.7561280224651443,1.3083577441977672,-0.03347135690059154,2.6690547692372784
0.3477347080608717,0.17467615866333042,0.1773077521607329,-1.7561582559338205,1.3082629754474622,-0.03319318190036234,2.6691503979877362
0.3477347080608717,0.1749500211637881,0.17730606466073273,-1.7563427917691272,1.3079786691965463,-0.033564081900667495,2.6690547692372784
0.3477347080608717,0.1748587336636357,0.1769392271601229,-1.7562510463553487,1.3075995941953258,-0.03300773190020999,2.669198212362965
0.3479191080605668,0.17504130866394096,0.17748920216103836,-1.7561891860743297,1.3074100566947153,-0.03291500690013359,2.669341655488652
0.34764250806102437,0.17467615866333042,0.17703220216027504,-1.7560665105200424,1.3080734379468517,-0.033564081900667495,2.6690069548620494
0.34782690806071903,0.1748587336636357,0.17721477716058032,-1.7562506980194321,1.3079786691965463,-0.033564081900667495,2.6690547692372784
0.3477347080608717,0.17476744616348283,0.17693978966012236,-1.7562816281599418,1.3078839004462413,-0.03347135690059154,2.6690547692372784
0.34782690806071903,0.17476744616348283,0.17721533966058023,-1.7561891860743297,1.3080734379468517,-0.033656806900743894,2.6689113261115915
0.3477347080608717,0.1748587336636357,0.1773066271607331,-1.7561891860743297,1.3081682066971567,-0.033656806900743894,2.6691025836125073
0.34782690806071903,0.1748587336636357,0.1773066271607331,-1.7563733735737195,1.3078839004462413,-0.033564081900667495,2.6689591404868205
0.34782690806071903,0.17476744616348283,0.17703163966027513,-1.7564043037142292,1.3081682066971567,-0.033564081900667495,2.6690547692372784
0.34764250806102437,0.17467615866333042,0.17712405216042781,-1.7563733735737195,1.3083577441977672,-0.03374953190082029,2.6690547692372784
0.3477347080608717,0.17476744616348283,0.17703163966027513,-1.7564043037142292,1.3078839004462413,-0.03337863190051514,2.6690547692372784
0.34782690806071903,0.1748587336636357,0.177122927160428,-1.7564963974639238,1.3082629754474622,-0.03347135690059154,2.6691025836125073
0.3477347080608717,0.1748587336636357,0.1773066271607331,-1.756097092324635,1.3078839004462413,-0.033564081900667495,2.6691025836125073
0.3477347080608717,0.17476744616348283,0.17721533966058023,-1.756097092324635,1.3079786691965463,-0.03347135690059154,2.6691503979877362
0.34764250806102437,0.17504130866394096,0.1772136521605805,-1.7563737219096365,1.3077891316959362,-0.03319318190036234,2.669198212362965
0.34764250806102437,0.1749500211637881,0.1773979146608855,-1.75600499857494,1.3082629754474622,-0.033564081900667495,2.6690547692372784
0.34764250806102437,0.1749500211637881,0.17712236466042763,-1.7567070828493672,1.3078839004462413,-0.03347135690059154,2.6691503979877362
0.3477347080608717,0.17476744616348283,0.17712348966042746,-1.7562156839603833,1.3081682066971567,-0.03393498190097265,2.6689591404868205
0.34764250806102437,0.17476744616348283,0.17684793965997003,-1.7565844072950794,1.3080734379468517,-0.033564081900667495,2.6691503979877362
0.34764250806102437,0.17476744616348283,0.17712348966042746,-1.7565840589591628,1.3075048254450208,-0.03300773190020999,2.669293841113423
0.34782690806071903,0.1748587336636357,0.17721477716058032,-1.756399871459773,1.3079786691965463,-0.03374953190082029,2.6690547692372784
0.34782690806071903,0.1749500211637881,0.1772142146605804,-1.7562771959054855,1.3080734379468517,-0.033656806900743894,2.6690547692372784
0.34764250806102437,0.17476744616348283,0.17712348966042746,-1.756399871459773,1.3079786691965463,-0.033656806900743894,2.6691025836125073
0.34755030806117704,0.17476744616348283,0.17693978966012236,-1.7563387078505877,1.3083577441977672,-0.03393498190097265,2.6688635117363626
0.34782690806071903,0.17504130866394096,0.17748920216103836,-1.756430453264366,1.3082629754474622,-0.03384225690089669,2.6690069548620494
0.3477347080608717,0.1748587336636357,0.17703107716027522,-1.7563387078505877,1.3080734379468517,-0.033564081900667495,2.6691025836125073
0.3477347080608717,0.17476744616348283,0.17721533966058023,-1.756430453264366,1.3077891316959362,-0.03347135690059154,2.6691503979877362
0.34782690806071903,0.17504130866394096,0.17730550216073326,-1.7562771959054855,1.3079786691965463,-0.033564081900667495,2.6690547692372784
0.34755030806117704,0.1749815126699391,0.17730606466073273,-1.7564919652094682,1.3079786691965463,-0.03337863190051514,2.6691503979877362
0.3477347080608717,0.17479893766963384,0.17693978966012236,-1.7563387078505877,1.3079786691965463,-0.033564081900667495,2.6690547692372784
0.3477347080608717,0.1749815126699391,0.1773979146608855,-1.7562462657649762,1.3080734379468517,-0.033656806900743894,2.6690547692372784
0.34755030806117704,0.17470765016948142,0.17712405216042781,-1.7562462657649762,1.3080734379468517,-0.033564081900667495,2.6690547692372784
0.3477347080608717,0.17479893766963384,0.177307189660733,-1.756000566320484,1.3080734379468517,-0.03374953190082029,2.6690547692372784
0.34801130806041414,0.17479893766963384,0.17693978966012236,-1.7565228953499774,1.3078839004462413,-0.033564081900667495,2.6689591404868205
0.3479191080605668,0.1748902251697867,0.17721477716058032,-1.7564919652094682,1.3075995941953258,-0.03319318190036234,2.669341655488652
0.3477347080608717,0.1749815126699391,0.1772142146605804,-1.7564613834048752,1.3078839004462413,-0.033564081900667495,2.6691025836125073
0.3474581080613297,0.17479893766963384,0.17693978966012236,-1.7563387078505877,1.3079786691965463,-0.033564081900667495,2.6690547692372784
0.3477347080608717,0.1749815126699391,0.1773979146608855,-1.7563383595146709,1.3080734379468517,-0.033564081900667495,2.6690069548620494
0.3479191080605668,0.17479893766963384,0.17712348966042746,-1.7562156839603833,1.3075995941953258,-0.03328590690043874,2.669198212362965
0.34764250806102437,0.1748902251697867,0.177122927160428,-1.7561851021557908,1.3078839004462413,-0.033656806900743894,2.6690547692372784
0.34764250806102437,0.1749815126699391,0.17712236466042763,-1.7563387078505877,1.3079786691965463,-0.033564081900667495,2.6691025836125073
0.3477347080608717,0.1749815126699391,0.17730606466073273,-1.756399871459773,1.3080734379468517,-0.03337863190051514,2.6690069548620494
0.3477347080608717,0.1748902251697867,0.17703107716027522,-1.756246614100893,1.3084525129480722,-0.03337863190051514,2.6690547692372784
0.34755030806117704,0.1748902251697867,0.177122927160428,-1.7563692896551806,1.3085472816983776,-0.03384225690089669,2.6689113261115915
0.34755030806117704,0.17470765016948142,0.17684850215996994,-1.7563387078505877,1.3079786691965463,-0.033564081900667495,2.6691025836125073
0.34801130806041414,0.1748902251697867,0.1773066271607331,-1.7562462657649762,1.3075995941953258,-0.03310045690028594,2.669246026738194
0.34764250806102437,0.17507280017009197,0.17758105216119113,-1.7563689413192636,1.3080734379468517,-0.03347135690059154,2.669198212362965
0.34764250806102437,0.17479893766963384,0.17703163966027513,-1.7565534771545703,1.3080734379468517,-0.03319318190036234,2.6691025836125073
0.34764250806102437,0.1748902251697867,0.1773066271607331,-1.7560620782655865,1.3079786691965463,-0.033564081900667495,2.6690547692372784
0.34764250806102437,0.1749815126699391,0.17712236466042763,-1.7564308016002828,1.3082629754474622,-0.03384225690089669,2.6689591404868205
0.3477347080608717,0.1748902251697867,0.17703107716027522,-1.7563387078505877,1.3079786691965463,-0.03347135690059154,2.6690547692372784
0.34801130806041414,0.17479893766963384,0.17721533966058023,-1.7561541720152811,1.3080734379468517,-0.03328590690043874,2.6690069548620494
0.3479191080605668,0.17507280017009197,0.17748920216103836,-1.7566146407637553,1.3080734379468517,-0.03347135690059154,2.6691503979877362
0.34764250806102437,0.174616362669329,0.17712461466042817,-1.756000566320484,1.3079786691965463,-0.03337863190051514,2.669246026738194
0.3477347080608717,0.1748902251697867,0.177122927160428,-1.7564613834048752,1.3079786691965463,-0.03347135690059154,2.6690547692372784
0.3477347080608717,0.17479893766963384,0.17739903966088533,-1.7560311481250768,1.3080734379468517,-0.033564081900667495,2.6690547692372784
0.3477347080608717,0.17479893766963384,0.17703163966027513,-1.7563692896551806,1.3079786691965463,-0.033564081900667495,2.6691025836125073
0.34764250806102437,0.1748902251697867,0.1773066271607331,-1.7563383595146709,1.3079786691965463,-0.03347135690059154,2.669198212362965
0.34782690806071903,0.1749815126699391,0.1772142146605804,-1.7561851021557908,1.3075995941953258,-0.03282228190005719,2.669293841113423
0.34764250806102437,0.17479893766963384,0.17703163966027513,-1.7561851021557908,1.3079786691965463,-0.033564081900667495,2.6690547692372784
0.3473659080614824,0.1748902251697867,0.177122927160428,-1.7564613834048752,1.3080734379468517,-0.033656806900743894,2.6690547692372784
0.34764250806102437,0.1748902251697867,0.17721477716058032,-1.756399871459773,1.3080734379468517,-0.03347135690059154,2.6691025836125073
0.34764250806102437,0.1748902251697867,0.1773066271607331,-1.7561541720152811,1.3075995941953258,-0.03300773190020999,2.669341655488652
0.3477347080608717,0.17479893766963384,0.17703163966027513,-1.7562771959054855,1.3082629754474622,-0.033564081900667495,2.6690547692372784
0.34764250806102437,0.17479893766963384,0.17703163966027513,-1.7562771959054855,1.3083577441977672,-0.03374953190082029,2.6690547692372784
0.34782690806071903,0.1748902251697867,0.1769392271601229,-1.756308126045995,1.3079786691965463,-0.03347135690059154,2.6690547692372784
0.3474581080613297,0.1748902251697867,0.177122927160428,-1.7564613834048752,1.3079786691965463,-0.03347135690059154,2.6691503979877362
0.34718150806178727,0.174616362669329,0.1768490646599703,-1.7561851021557908,1.3077891316959362,-0.03374953190082029,2.6691025836125073
0.34755030806117704,0.17479893766963384,0.17703163966027513,-1.7562771959054855,1.3080734379468517,-0.03337863190051514,2.6691025836125073
0.3477347080608717,0.1748902251697867,0.1773066271607331,-1.7563383595146709,1.3076943629456308,-0.03310045690028594,2.6691025836125073
0.34764250806102437,0.1748902251697867,0.17721477716058032,-1.7562156839603833,1.3080734379468517,-0.033564081900667495,2.6691025836125073
0.3474581080613297,0.17470765016948142,0.17694035216012272,-1.7562771959054855,1.3081682066971567,-0.03347135690059154,2.6691503979877362
0.34718150806178727,0.1748902251697867,0.177122927160428,-1.7560930084060962,1.3082629754474622,-0.033564081900667495,2.6690547692372784
0.3477347080608717,0.1749815126699391,0.1772142146605804,-1.7560930084060962,1.3081682066971567,-0.033656806900743894,2.6689113261115915
0.34782690806071903,0.17507280017009197,0.17730550216073326,-1.7564613834048752,1.3083577441977672,-0.033564081900667495,2.6691025836125073
0.34782690806071903,0.1748902251697867,0.177122927160428,-1.7562771959054855,1.3081682066971567,-0.033656806900743894,2.6690547692372784
0.3474581080613297,0.1749815126699391,0.1772142146605804,-1.7563692896551806,1.3079786691965463,-0.03347135690059154,2.6691503979877362
0.34764250806102437,0.17507280017009197,0.1773973521608856,-1.7564919652094682,1.3080734379468517,-0.03319318190036234,2.6691025836125073
0.34764250806102437,0.17479893766963384,0.17712348966042746,-1.7562156839603833,1.3080734379468517,-0.033564081900667495,2.6690547692372784
0.34764250806102437,0.1748902251697867,0.1773066271607331,-1.7563383595146709,1.3077891316959362,-0.03337863190051514,2.6691503979877362
0.34764250806102437,0.1748902251697867,0.177122927160428,-1.7564613834048752,1.3075048254450208,-0.03300773190020999,2.6691503979877362
0.34782690806071903,0.1749815126699391,0.17730606466073273,-1.7562156839603833,1.3082629754474622,-0.03374953190082029,2.6688635117363626
0.34782690806071903,0.1748902251697867,0.177122927160428,-1.7565534771545703,1.3080734379468517,-0.03347135690059154,2.6691025836125073
0.34764250806102437,0.17470765016948142,0.17684850215996994,-1.756246614100893,1.3082629754474622,-0.033564081900667495,2.6689591404868205
0.34782690806071903,0.17479893766963384,0.177307189660733,-1.7561847538198738,1.3080734379468517,-0.033564081900667495,2.6690547692372784
0.34782690806071903,0.1748902251697867,0.177122927160428,-1.7562771959054855,1.3080734379468517,-0.033564081900667495,2.6691025836125073
0.34782690806071903,0.17479893766963384,0.17703163966027513,-1.7562771959054855,1.3083577441977672,-0.03384225690089669,2.6689113261115915
0.3474581080613297,0.1748902251697867,0.177122927160428,-1.7561851021557908,1.3076943629456308,-0.03347135690059154,2.6691503979877362
0.34782690806071903,0.17479893766963384,0.17684793965997003,-1.7564002197956896,1.3081682066971567,-0.03374953190082029,2.6690547692372784
0.3477347080608717,0.17470765016948142,0.17694035216012272,-1.7562771959054855,1.3081682066971567,-0.03374953190082029,2.6690069548620494
0.3477347080608717,0.17479893766963384,0.17721533966058023,-1.7561541720152811,1.3080734379468517,-0.03337863190051514,2.6690547692372784
0.34764250806102437,0.17507280017009197,0.1773973521608856,-1.7562156839603833,1.3079786691965463,-0.03347135690059154,2.6690069548620494
0.34782690806071903,0.17507280017009197,0.17748920216103836,-1.7563383595146709,1.3081682066971567,-0.03347135690059154,2.6690547692372784
0.34782690806071903,0.1748902251697867,0.177122927160428,-1.7565534771545703,1.3080734379468517,-0.03337863190051514,2.6691503979877362
0.34764250806102437,0.1748902251697867,0.17684737715997012,-1.7563696379910974,1.3078839004462413,-0.033564081900667495,2.6689591404868205
0.34755030806117704,0.17479893766963384,0.17721533966058023,-1.7561541720152811,1.3083577441977672,-0.03374953190082029,2.6688635117363626
0.34764250806102437,0.1748902251697867,0.177122927160428,-1.7562771959054855,1.3081682066971567,-0.03347135690059154,2.669198212362965
0.3477347080608717,0.17483042917578484,0.17703163966027513,-1.7561851021557908,1.3079786691965463,-0.03347135690059154,2.6691503979877362
0.34764250806102437,0.1749217166759377,0.17703107716027522,-1.7564308016002828,1.3078839004462413,-0.03337863190051514,2.669246026738194
0.34764250806102437,0.17473914167563243,0.17694035216012272,-1.7564613834048752,1.3082629754474622,-0.03393498190097265,2.6690547692372784
0.3477347080608717,0.17464785417548,0.1768490646599703,-1.7562771959054855,1.3080734379468517,-0.033564081900667495,2.6689591404868205
0.34782690806071903,0.17483042917578484,0.17712348966042746,-1.756031496460994,1.3079786691965463,-0.03319318190036234,2.669246026738194
0.34782690806071903,0.1749217166759377,0.17703107716027522,-1.7565228953499774,1.3082629754474622,-0.03384225690089669,2.6689591404868205
0.34755030806117704,0.1749217166759377,0.177122927160428,-1.7562771959054855,1.3080734379468517,-0.03374953190082029,2.6690547692372784
0.34782690806071903,0.17510429167624297,0.17730550216073326,-1.7561851021557908,1.3080734379468517,-0.033656806900743894,2.6691025836125073
0.3477347080608717,0.17510429167624297,0.17748920216103836,-1.7561541720152811,1.3079786691965463,-0.03347135690059154,2.6691503979877362
0.3474581080613297,0.1749217166759377,0.17721477716058032,-1.756031496460994,1.3079786691965463,-0.03347135690059154,2.6691025836125073
0.34764250806102437,0.1749217166759377,0.1773066271607331,-1.7562462657649762,1.3081682066971567,-0.03374953190082029,2.6691025836125073
0.34764250806102437,0.17510429167624297,0.1772136521605805,-1.7561545203511983,1.3079786691965463,-0.03337863190051514,2.6691503979877362
0.34764250806102437,0.17510429167624297,0.17748920216103836,-1.7562462657649762,1.3080734379468517,-0.033656806900743894,2.6690547692372784
0.3477347080608717,0.17473914167563243,0.17712405216042781,-1.7560620782655865,1.3079786691965463,-0.03328590690043874,2.6691503979877362
0.3477347080608717,0.17501300417609011,0.1773979146608855,-1.7561541720152811,1.3079786691965463,-0.03347135690059154,2.6689591404868205
0.34755030806117704,0.17501300417609011,0.17748976466103827,-1.7560926600701787,1.3082629754474622,-0.03374953190082029,2.6691025836125073
0.3477347080608717,0.1749217166759377,0.1769392271601229,-1.7562160322963003,1.3076943629456308,-0.03347135690059154,2.6690547692372784
0.3477347080608717,0.1749217166759377,0.177122927160428,-1.7564613834048752,1.3080734379468517,-0.03374953190082029,2.6691025836125073
0.34755030806117704,0.17510429167624297,0.1773973521608856,-1.7561235902106886,1.3079786691965463,-0.033656806900743894,2.6690547692372784
0.34782690806071903,0.17510429167624297,0.17730550216073326,-1.7562771959054855,1.3075995941953258,-0.03282228190005719,2.669341655488652
0.34764250806102437,0.1749217166759377,0.177122927160428,-1.7562771959054855,1.3076943629456308,-0.03310045690028594,2.669246026738194
0.34755030806117704,0.17510429167624297,0.17730550216073326,-1.7562771959054855,1.3080734379468517,-0.03374953190082029,2.6690547692372784
0.34755030806117704,0.1749217166759377,0.1773066271607331,-1.7560620782655865,1.3079786691965463,-0.03347135690059154,2.6690547692372784
0.3474581080613297,0.17501300417609011,0.1772142146605804,-1.7562771959054855,1.3079786691965463,-0.03374953190082029,2.6690547692372784
0.34764250806102437,0.17501300417609011,0.1772142146605804,-1.7560930084060962,1.3075995941953258,-0.03319318190036234,2.669341655488652
0.34764250806102437,0.17501300417609011,0.17712236466042763,-1.7563387078505877,1.3079786691965463,-0.033564081900667495,2.6691025836125073
0.34764250806102437,0.17501300417609011,0.1772142146605804,-1.7563692896551806,1.3079786691965463,-0.03374953190082029,2.6690547692372784
0.34764250806102437,0.1749217166759377,0.177122927160428,-1.7562771959054855,1.3081682066971567,-0.03347135690059154,2.6690069548620494
0.34801130806041414,0.17501300417609011,0.1772142146605804,-1.7560930084060962,1.3080734379468517,-0.03374953190082029,2.6690547692372784
0.34755030806117704,0.17483042917578484,0.17712348966042746,-1.756031496460994,1.3081682066971567,-0.03374953190082029,2.6689113261115915
0.34782690806071903,0.1749217166759377,0.17721477716058032,-1.756399871459773,1.3079786691965463,-0.03347135690059154,2.6690069548620494
0.34764250806102437,0.1749217166759377,0.1773066271607331,-1.7561541720152811,1.3077891316959362,-0.033564081900667495,2.6690547692372784
0.34764250806102437,0.17501300417609011,0.1770305146602753,-1.756308126045995,1.3077891316959362,-0.03319318190036234,2.669198212362965
0.34782690806071903,0.17510429167624297,0.17758105216119113,-1.7562768475695685,1.3085472816983776,-0.034120431901125445,2.668767882985905
0.34782690806071903,0.1749217166759377,0.17703107716027522,-1.756246614100893,1.3080734379468517,-0.033564081900667495,2.6689591404868205
0.34764250806102437,0.17501300417609011,0.1772142146605804,-1.7560930084060962,1.3079786691965463,-0.03347135690059154,2.6690547692372784
0.34764250806102437,0.1749217166759377,0.177122927160428,-1.7564613834048752,1.3080734379468517,-0.03374953190082029,2.6691025836125073
0.34764250806102437,0.1749217166759377,0.177122927160428,-1.7561851021557908,1.3079786691965463,-0.03347135690059154,2.6691503979877362
0.3474581080613297,0.1751955791763954,0.17758048966119078,-1.7561541720152811,1.3080734379468517,-0.03347135690059154,2.6690547692372784
0.3477347080608717,0.17501300417609011,0.17730606466073273,-1.7563077777100784,1.3081682066971567,-0.033656806900743894,2.6690547692372784
0.34782690806071903,0.17483042917578484,0.17703163966027513,-1.7560930084060962,1.3078839004462413,-0.03384225690089669,2.6691025836125073
0.3479191080605668,0.17510429167624297,0.1772136521605805,-1.7561545203511983,1.3079786691965463,-0.033564081900667495,2.6691503979877362
0.3479191080605668,0.17483042917578484,0.17712348966042746,-1.7561235902106886,1.3077891316959362,-0.033564081900667495,2.669246026738194
0.3477347080608717,0.17473914167563243,0.17712405216042781,-1.7561541720152811,1.3078839004462413,-0.03347135690059154,2.6690547692372784
0.3477347080608717,0.17473914167563243,0.17703220216027504,-1.7562156839603833,1.3076943629456308,-0.03319318190036234,2.669198212362965
0.3477347080608717,0.17501300417609011,0.17730606466073273,-1.7561235902106886,1.3078839004462413,-0.03319318190036234,2.6691503979877362
0.34764250806102437,0.17510429167624297,0.17730550216073326,-1.7562771959054855,1.3080734379468517,-0.033564081900667495,2.6689113261115915
0.34782690806071903,0.1749217166759377,0.177122927160428,-1.7561851021557908,1.3084525129480722,-0.03393498190097265,2.6686722542354473
0.34782690806071903,0.17473914167563243,0.17721590216058059,-1.756000566320484,1.3078839004462413,-0.03347135690059154,2.669198212362965
0.34801130806041414,0.1749217166759377,0.1773066271607331,-1.7562462657649762,1.3079786691965463,-0.03337863190051514,2.6691025836125073
0.3477347080608717,0.17501300417609011,0.1772142146605804,-1.7562771959054855,1.3084525129480722,-0.03393498190097265,2.668767882985905
0.3477347080608717,0.1749217166759377,0.177122927160428,-1.7561280224651443,1.3080734379468517,-0.033564081900667495,2.6690547692372784
0.34764250806102437,0.17510429167624297,0.17748920216103836,-1.7559129048252453,1.3067466754425794,-0.03245138189975204,2.6697241704904826
0.34764250806102437,0.17483042917578484,0.17703163966027513,-1.7560359287154497,1.3078839004462413,-0.033656806900743894,2.6691025836125073
0.34801130806041414,0.1749217166759377,0.1773066271607331,-1.75600499857494,1.3077891316959362,-0.03347135690059154,2.6690547692372784
0.3477347080608717,0.17483042917578484,0.17703163966027513,-1.75585174121606,1.3078839004462413,-0.03337863190051514,2.6690547692372784
0.34764250806102437,0.17501300417609011,0.17712236466042763,-1.756097440660552,1.3079786691965463,-0.03374953190082029,2.6690547692372784
0.34755030806117704,0.17510429167624297,0.17730550216073326,-1.7561280224651443,1.3079786691965463,-0.033564081900667495,2.6690547692372784
0.3477347080608717,0.17510429167624297,0.17712180216042817,-1.756158952605654,1.3079786691965463,-0.033564081900667495,2.6690547692372784
0.34782690806071903,0.1749217166759377,0.17703107716027522,-1.7560053469108574,1.3082629754474622,-0.033656806900743894,2.6691025836125073
0.34782690806071903,0.17483042917578484,0.17721533966058023,-1.7561891860743297,1.3083577441977672,-0.03374953190082029,2.6689591404868205
0.3477347080608717,0.17483042917578484,0.17703163966027513,-1.7560359287154497,1.3079786691965463,-0.03337863190051514,2.6690547692372784
0.34755030806117704,0.1749217166759377,0.177122927160428,-1.7560359287154497,1.3079786691965463,-0.03374953190082029,2.6690547692372784
0.34782690806071903,0.1749217166759377,0.177122927160428,-1.7561280224651443,1.3079786691965463,-0.033656806900743894,2.6690547692372784
0.34764250806102437,0.17501300417609011,0.17730606466073273,-1.7559744167703477,1.3081682066971567,-0.03374953190082029,2.6690547692372784
0.3477347080608717,0.17501300417609011,0.17730606466073273,-1.7559744167703477,1.3081682066971567,-0.03319318190036234,2.6691503979877362
0.34801130806041414,0.17483042917578484,0.17693978966012236,-1.7563737219096365,1.3080734379468517,-0.03347135690059154,2.6690069548620494
0.34764250806102437,0.1749217166759377,0.1769392271601229,-1.7560668588559594,1.3078839004462413,-0.03337863190051514,2.6690547692372784
0.34782690806071903,0.17483042917578484,0.17712348966042746,-1.7559744167703477,1.3081682066971567,-0.033564081900667495,2.6691025836125073
0.34764250806102437,0.17483042917578484,0.17703163966027513,-1.7561280224651443,1.3077891316959362,-0.033656806900743894,2.6690547692372784
0.34782690806071903,0.17510429167624297,0.17730550216073326,-1.7560359287154497,1.3075995941953258,-0.03319318190036234,2.669246026738194
0.34801130806041414,0.1749217166759377,0.177122927160428,-1.7560359287154497,1.3079786691965463,-0.03347135690059154,2.6691503979877362
0.34755030806117704,0.17483042917578484,0.17684793965997003,-1.7562510463553487,1.3072205191941049,-0.03291500690013359,2.6694372842391094
0.34782690806071903,0.17510429167624297,0.17730550216073326,-1.755943834965755,1.3079786691965463,-0.03347135690059154,2.6690547692372784
0.34764250806102437,0.1749217166759377,0.17721477716058032,-1.7562506980194321,1.3080734379468517,-0.03347135690059154,2.6690547692372784
0.34782690806071903,0.17501300417609011,0.1772142146605804,-1.7561280224651443,1.3080734379468517,-0.03374953190082029,2.6689591404868205
0.34801130806041414,0.17501300417609011,0.1772142146605804,-1.7562201162148394,1.3081682066971567,-0.033656806900743894,2.6691503979877362
0.3477347080608717,0.1749217166759377,0.177122927160428,-1.7561280224651443,1.3077891316959362,-0.03337863190051514,2.669246026738194
0.3474581080613297,0.17483042917578484,0.17693978966012236,-1.7560053469108574,1.3080734379468517,-0.033564081900667495,2.6690547692372784
0.34764250806102437,0.1749217166759377,0.177122927160428,-1.7560359287154497,1.3081682066971567,-0.03319318190036234,2.6691503979877362
0.3477347080608717,0.17510429167624297,0.17748920216103836,-1.7562812798240248,1.3080734379468517,-0.033564081900667495,2.6691025836125073
0.34764250806102437,0.1749217166759377,0.1773066271607331,-1.7558208110755507,1.3085472816983776,-0.03393498190097265,2.6688635117363626
0.43571339394940467,0.22726236634336067,0.26394332455208436,-1.277383697534416,1.7513151236611688,0.10907494054039131,2.672465197521834
0.43589779394909933,0.22735365384351353,0.26412646205239,-1.2771379980899242,1.7516941986623893,0.10870404054008616,2.672321754396147
0.43543679394986223,0.22726236634336067,0.26394332455208436,-1.277475791284111,1.7519785049133048,0.10870404054008616,2.6720826825200032
0.43589779394909933,0.22735365384351353,0.26412646205239,-1.2773221855893135,1.7518837361629997,0.10861131554000976,2.6722739400209186
0.43562119394955734,0.2270797913430554,0.26385259955193185,-1.2773221855893135,1.7518837361629997,0.108333140539781,2.6721304968952317
0.43571339394940467,0.22744494134366594,0.26412589955238963,-1.277475791284111,1.7518837361629997,0.10870404054008616,2.6722739400209186
0.43589779394909933,0.22735365384351353,0.26421831205254276,-1.2773527673939062,1.7517889674126947,0.10879676554016256,2.6721783112704607
0.43562119394955734,0.22717107884320825,0.26385203705193194,-1.2772916037847213,1.7519785049133048,0.10861131554000976,2.6721304968952317
0.43571339394940467,0.22723087483720966,0.26394332455208436,-1.2771995100350266,1.7519785049133048,0.10879676554016256,2.6722739400209186
0.43562119394955734,0.22723087483720966,0.26375962455177926,-1.2775067214246203,1.7515994299120843,0.10907494054039131,2.6722261256456896
0.43571339394940467,0.22732216233736252,0.2640346120522372,-1.277383697534416,1.7515994299120843,0.10888949054023851,2.6722739400209186
0.43571339394940467,0.22713958733705725,0.26385203705193194,-1.2772916037847213,1.7520732736636102,0.10851859053993336,2.6721783112704607
0.43571339394940467,0.22723087483720966,0.26394332455208436,-1.2771074162853315,1.7517889674126947,0.10870404054008616,2.6722739400209186
0.43571339394940467,0.22723087483720966,0.26385147455193203,-1.2776293969789076,1.7520732736636102,0.10851859053993336,2.6720826825200032
0.435805593949252,0.2270482998369044,0.2637607495517791,-1.2771995100350266,1.7519785049133048,0.10851859053993336,2.6722261256456896
0.43562119394955734,0.22732216233736252,0.2640346120522372,-1.2772916037847213,1.7516941986623893,0.10870404054008616,2.6722739400209186
0.43571339394940467,0.22723087483720966,0.26366777455162693,-1.277384045870333,1.7520732736636102,0.10851859053993336,2.6720826825200032
0.435805593949252,0.22732216233736252,0.2638509120519321,-1.2772304401755359,1.7518837361629997,0.10870404054008616,2.6722739400209186
0.43562119394955734,0.22723087483720966,0.2641270245523899,-1.2772606736442111,1.7517889674126947,0.10870404054008616,2.6722739400209186
0.43571339394940467,0.22741344983751494,0.2643095995526952,-1.2770764861448218,1.7518837361629997,0.10907494054039131,2.672321754396147
0.43571339394940467,0.22723087483720966,0.26394332455208436,-1.277383697534416,1.7514098924114738,0.10944584054069646,2.6725608262722917
0.43571339394940467,0.22723087483720966,0.26366777455162693,-1.2776603271194173,1.7515994299120843,0.10870404054008616,2.672321754396147
0.43598999394894666,0.22723087483720966,0.26375962455177926,-1.2774146276749256,1.7520732736636102,0.10851859053993336,2.6721783112704607
0.43562119394955734,0.22741344983751494,0.2642177495525424,-1.2770459043402291,1.7519785049133048,0.10879676554016256,2.672369568771376
0.43571339394940467,0.22723087483720966,0.26394332455208436,-1.2772916037847213,1.7522628111642207,0.1084258655398574,2.6720826825200032
0.43571339394940467,0.22732216233736252,0.26412646205239,-1.2773221855893135,1.7521680424139152,0.1084258655398574,2.6721304968952317
0.43562119394955734,0.22723087483720966,0.26394332455208436,-1.2771995100350266,1.7515994299120843,0.10926039054054411,2.672369568771376
0.43562119394955734,0.2270482998369044,0.2637607495517791,-1.2772916037847213,1.7521680424139152,0.108333140539781,2.6721304968952317
0.43552899394971,0.22741344983751494,0.26412589955238963,-1.277383697534416,1.7516941986623893,0.10870404054008616,2.6722739400209186
0.435805593949252,0.22723087483720966,0.26375962455177926,-1.277322533925231,1.7518837361629997,0.10861131554000976,2.6722739400209186
0.43562119394955734,0.22723087483720966,0.26403517455223713,-1.2771379980899242,1.7518837361629997,0.10851859053993336,2.6721304968952317
0.43571339394940467,0.2270482998369044,0.2637607495517791,-1.2771074162853315,1.7515046611617793,0.10907494054039131,2.6722739400209186
0.43571339394940467,0.22723087483720966,0.26394332455208436,-1.2771074162853315,1.7518837361629997,0.10861131554000976,2.672417383146605
0.43552899394971,0.22741344983751494,0.2643095995526952,-1.2773527673939062,1.7517889674126947,0.10907494054039131,2.672513011897063
0.43589779394909933,0.22713958733705725,0.2639438870520847,-1.2770459043402291,1.7526418861654411,0.10796224053947585,2.6719870537695454
0.43598999394894666,0.22741344983751494,0.26412589955238963,-1.2772916037847213,1.7520732736636102,0.10851859053993336,2.6721304968952317
0.43562119394955734,0.22723087483720966,0.26394332455208436,-1.2771995100350266,1.7519785049133048,0.10861131554000976,2.6722739400209186
0.435805593949252,0.22695701233675197,0.26366946205162667,-1.2771074162853315,1.7519785049133048,0.10870404054008616,2.6722739400209186
0.43571339394940467,0.22723087483720966,0.26394332455208436,-1.2771074162853315,1.7519785049133048,0.10907494054039131,2.672417383146605
0.43562119394955734,0.22723087483720966,0.26394332455208436,-1.2771074162853315,1.7519785049133048,0.1084258655398574,2.6721783112704607
0.43562119394955734,0.2270482998369044,0.263577049551474,-1.277322533925231,1.7521680424139152,0.10861131554000976,2.6722739400209186
0.43598999394894666,0.22723087483720966,0.26394332455208436,-1.2772916037847213,1.7517889674126947,0.10888949054023851,2.672321754396147
0.43598999394894666,0.2270482998369044,0.2637607495517791,-1.2772916037847213,1.7517889674126947,0.10851859053993336,2.672321754396147
0.43562119394955734,0.22741344983751494,0.26412589955238963,-1.2772916037847213,1.7517889674126947,0.10907494054039131,2.6722261256456896
0.43571339394940467,0.22732216233736252,0.2638509120519321,-1.2775988151743154,1.7517889674126947,0.10851859053993336,2.6722739400209186
0.43562119394955734,0.22713958733705725,0.2635764870514745,-1.277384045870333,1.7519785049133048,0.10888949054023851,2.672321754396147
0.43571339394940467,0.22723087483720966,0.26394332455208436,-1.2772916037847213,1.7517889674126947,0.10879676554016256,2.6722739400209186
0.43589779394909933,0.2270482998369044,0.2637607495517791,-1.2772916037847213,1.7519785049133048,0.10870404054008616,2.672321754396147
0.435805593949252,0.22732216233736252,0.2640346120522372,-1.277383697534416,1.7517889674126947,0.10879676554016256,2.6721783112704607
0.43589779394909933,0.22723087483720966,0.26394332455208436,-1.2771074162853315,1.7518837361629997,0.10870404054008616,2.672369568771376
0.435805593949252,0.22723087483720966,0.26394332455208436,-1.2770503365946855,1.7520732736636102,0.10851859053993336,2.6721304968952317
0.43598999394894666,0.22723087483720966,0.26366777455162693,-1.2775111536790762,1.7518837361629997,0.10879676554016256,2.6722739400209186
0.43598999394894666,0.22741344983751494,0.26412589955238963,-1.2770503365946855,1.7517889674126947,0.10879676554016256,2.6722739400209186
0.43562119394955734,0.22741344983751494,0.26412589955238963,-1.2770503365946855,1.7515046611617793,0.10907494054039131,2.672321754396147
0.43571339394940467,0.22726236634336067,0.26403517455223713,-1.277080918399278,1.7524523486648307,0.108333140539781,2.6721783112704607
0.43562119394955734,0.22726236634336067,0.26385147455193203,-1.2771118485397874,1.7516941986623893,0.10879676554016256,2.672321754396147
0.435805593949252,0.22735365384351353,0.2640346120522372,-1.2770503365946855,1.7516941986623893,0.10879676554016256,2.672321754396147
0.43608219394879444,0.22753622884381836,0.2643090370526948,-1.2771730121489726,1.7516941986623893,0.10879676554016256,2.672321754396147
0.435805593949252,0.22717107884320825,0.26385203705193194,-1.2768661490952957,1.7519785049133048,0.10907494054039131,2.672321754396147
0.43608219394879444,0.22726236634336067,0.26394332455208436,-1.2767740553456006,1.7517889674126947,0.10907494054039131,2.672369568771376
0.43562119394955734,0.22698850384290298,0.26366946205162667,-1.2770503365946855,1.7519785049133048,0.1084258655398574,2.6722739400209186
0.435805593949252,0.22735365384351353,0.2640346120522372,-1.2770503365946855,1.7516941986623893,0.10879676554016256,2.672369568771376
0.43571339394940467,0.22726236634336067,0.26394332455208436,-1.2770503365946855,1.7518837361629997,0.10907494054039131,2.672321754396147
0.435805593949252,0.22698850384290298,0.26366946205162667,-1.2770503365946855,1.7519785049133048,0.10870404054008616,2.6722261256456896
0.43571339394940467,0.22717107884320825,0.26385203705193194,-1.2769582428449904,1.7521680424139152,0.10870404054008616,2.6722739400209186
0.435805593949252,0.22735365384351353,0.26412646205239,-1.2769888246495833,1.7518837361629997,0.10861131554000976,2.6722739400209186
0.43562119394955734,0.22744494134366594,0.2642177495525424,-1.2768967308998882,1.7518837361629997,0.10879676554016256,2.6722739400209186
0.43562119394955734,0.22735365384351353,0.2640346120522372,-1.2770503365946855,1.7520732736636102,0.10879676554016256,2.6722739400209186
0.43571339394940467,0.22726236634336067,0.26403517455223713,-1.2768967308998882,1.7520732736636102,0.10907494054039131,2.6722261256456896
0.435805593949252,0.22726236634336067,0.26394332455208436,-1.2771424303443801,1.7521680424139152,0.10879676554016256,2.6721304968952317
0.43589779394909933,0.22753622884381836,0.2644008870528476,-1.2771115002038702,1.7514098924114738,0.10916766554046771,2.6725608262722917
0.43598999394894666,0.22726236634336067,0.26394332455208436,-1.2769582428449904,1.7518837361629997,0.10879676554016256,2.672321754396147
0.43598999394894666,0.22726236634336067,0.26403517455223713,-1.2771730121489726,1.7515994299120843,0.10916766554046771,2.672465197521834
0.43562119394955734,0.22726236634336067,0.26394332455208436,-1.2771424303443801,1.7520732736636102,0.10870404054008616,2.672321754396147
0.43562119394955734,0.22726236634336067,0.26394332455208436,-1.2768661490952957,1.7519785049133048,0.10851859053993336,2.6722739400209186
0.43598999394894666,0.22753622884381836,0.26421718705254205,-1.2770503365946855,1.7516941986623893,0.10944584054069646,2.6726086406475207
0.43598999394894666,0.2270797913430554,0.263577049551474,-1.277541735483669,1.7520732736636102,0.1084258655398574,2.6721783112704607
0.43589779394909933,0.22726236634336067,0.26366777455162693,-1.2771427786802967,1.7515994299120843,0.10907494054039131,2.672321754396147
0.435805593949252,0.22726236634336067,0.26394332455208436,-1.2770503365946855,1.7518837361629997,0.10879676554016256,2.6722739400209186
0.43571339394940467,0.22726236634336067,0.26366777455162693,-1.2772348724299918,1.7516941986623893,0.10870404054008616,2.6722739400209186
0.43598999394894666,0.22726236634336067,0.26403517455223713,-1.277080918399278,1.7520732736636102,0.10879676554016256,2.6722739400209186
0.43552899394971,0.22717107884320825,0.26366833705162684,-1.2772654542345845,1.7522628111642207,0.10861131554000976,2.6722739400209186
0.43598999394894666,0.22726236634336067,0.26394332455208436,-1.2771424303443801,1.7517889674126947,0.10879676554016256,2.6722739400209186
0.43562119394955734,0.22726236634336067,0.26394332455208436,-1.2769582428449904,1.7517889674126947,0.10888949054023851,2.672513011897063
0.43552899394971,0.22726236634336067,0.26403517455223713,-1.2768967308998882,1.7518837361629997,0.10861131554000976,2.672369568771376
0.43571339394940467,0.22744494134366594,0.2640340495522373,-1.2770197547900923,1.7517889674126947,0.10879676554016256,2.672321754396147
0.43571339394940467,0.22744494134366594,0.2643095995526952,-1.2765589377057014,1.7516941986623893,0.10888949054023851,2.6722739400209186
0.43598999394894666,0.22735365384351353,0.2640346120522372,-1.2770503365946855,1.7518837361629997,0.10870404054008616,2.672321754396147
0.43571339394940467,0.22735365384351353,0.2640346120522372,-1.2770503365946855,1.7519785049133048,0.10935311554062006,2.6726564550227496
0.43562119394955734,0.22744494134366594,0.26375849955177944,-1.2772963843750942,1.7520732736636102,0.10879676554016256,2.6722739400209186
0.43589779394909933,0.22744494134366594,0.2642177495525424,-1.2768967308998882,1.7518837361629997,0.10861131554000976,2.672513011897063
0.435805593949252,0.22726236634336067,0.26403517455223713,-1.2771730121489726,1.7519785049133048,0.10879676554016256,2.672369568771376
0.43571339394940467,0.22735365384351353,0.2640346120522372,-1.2767740553456006,1.7518837361629997,0.10879676554016256,2.6722739400209186
0.435805593949252,0.22726236634336067,0.26394332455208436,-1.2769582428449904,1.7518837361629997,0.10888949054023851,2.672321754396147
0.43562119394955734,0.2270797913430554,0.26348519955132166,-1.2773269661796864,1.7518837361629997,0.10879676554016256,2.672321754396147
0.43562119394955734,0.22762751634397121,0.2643084745526949,-1.2771424303443801,1.7517889674126947,0.10888949054023851,2.6722739400209186
0.43562119394955734,0.22735365384351353,0.2639427620520849,-1.2770197547900923,1.7517889674126947,0.10879676554016256,2.672369568771376
0.43552899394971,0.22726236634336067,0.26394332455208436,-1.2769582428449904,1.7518837361629997,0.10879676554016256,2.672465197521834
0.43571339394940467,0.22735365384351353,0.2638509120519321,-1.2771733604848898,1.7519785049133048,0.10888949054023851,2.672417383146605
0.43571339394940467,0.22735365384351353,0.26412646205239,-1.2769888246495833,1.7522628111642207,0.10870404054008616,2.672321754396147
0.43571339394940467,0.22744494134366594,0.26412589955238963,-1.2769582428449904,1.7519785049133048,0.10879676554016256,2.6722261256456896
0.435805593949252,0.22726236634336067,0.26385147455193203,-1.277203942289482,1.7517889674126947,0.10879676554016256,2.6722261256456896
0.43571339394940467,0.22735365384351353,0.26412646205239,-1.2768967308998882,1.7519785049133048,0.10870404054008616,2.672321754396147
0.435805593949252,0.22744494134366594,0.26412589955238963,-1.2769582428449904,1.7518837361629997,0.10870404054008616,2.672321754396147
0.43571339394940467,0.22717107884320825,0.26385203705193194,-1.2769582428449904,1.7520732736636102,0.10861131554000976,2.672321754396147
0.43562119394955734,0.22726236634336067,0.26366777455162693,-1.2771427786802967,1.7520732736636102,0.10888949054023851,2.672321754396147
0.43562119394955734,0.22726236634336067,0.26394332455208436,-1.2769582428449904,1.7516941986623893,0.10879676554016256,2.672321754396147
0.43562119394955734,0.22726236634336067,0.26394332455208436,-1.2769582428449904,1.7518837361629997,0.10888949054023851,2.6722739400209186
0.43571339394940467,0.22744494134366594,0.26394219955208453,-1.2770812667351947,1.7516941986623893,0.10879676554016256,2.672321754396147
0.435805593949252,0.22726236634336067,0.26375962455177926,-1.2772654542345845,1.7524523486648307,0.10824041553970461,2.6721304968952317
0.435805593949252,0.22735365384351353,0.2640346120522372,-1.2769582428449904,1.7520732736636102,0.10861131554000976,2.6721304968952317
0.435805593949252,0.22744494134366594,0.26412589955238963,-1.276681961595906,1.7517889674126947,0.10879676554016256,2.672369568771376
0.43598999394894666,0.22735365384351353,0.2640346120522372,-1.2770503365946855,1.7516941986623893,0.10879676554016256,2.6722261256456896
0.43562119394955734,0.22735365384351353,0.2638509120519321,-1.2771733604848898,1.7520732736636102,0.10861131554000976,2.672369568771376
0.435805593949252,0.22717107884320825,0.26366833705162684,-1.2770812667351947,1.7520732736636102,0.10861131554000976,2.6722739400209186
0.43571339394940467,0.22744494134366594,0.26412589955238963,-1.2769582428449904,1.7518837361629997,0.10870404054008616,2.6722739400209186
0.43598999394894666,0.22744494134366594,0.26412589955238963,-1.2769582428449904,1.7519785049133048,0.10870404054008616,2.6722739400209186
0.43562119394955734,0.22726236634336067,0.26385147455193203,-1.2770197547900923,1.7517889674126947,0.10907494054039131,2.6725608262722917
0.43571339394940467,0.22735365384351353,0.2640346120522372,-1.2769582428449904,1.7515994299120843,0.10879676554016256,2.672369568771376
0.43562119394955734,0.22735365384351353,0.26412646205239,-1.2768967308998882,1.7518837361629997,0.10907494054039131,2.672465197521834
0.435805593949252,0.22735365384351353,0.2640346120522372,-1.2768661490952957,1.7518837361629997,0.10870404054008616,2.672321754396147
0.43598999394894666,0.22735365384351353,0.26412646205239,-1.277080918399278,1.7516941986623893,0.10870404054008616,2.672321754396147
0.43571339394940467,0.22726236634336067,0.26394332455208436,-1.2767740553456006,1.7520732736636102,0.10870404054008616,2.6721783112704607
0.435805593949252,0.22753622884381836,0.26421718705254205,-1.2767740553456006,1.7518837361629997,0.10879676554016256,2.672369568771376
0.435805593949252,0.22735365384351353,0.2640346120522372,-1.2770503365946855,1.7518837361629997,0.10907494054039131,2.672417383146605
0.43571339394940467,0.22726236634336067,0.26403517455223713,-1.2768046371501935,1.7520732736636102,0.10907494054039131,2.672369568771376
0.43562119394955734,0.22726236634336067,0.26394332455208436,-1.2769582428449904,1.7515046611617793,0.10907494054039131,2.6725608262722917
0.43552899394971,0.22726236634336067,0.26394332455208436,-1.276681961595906,1.7517889674126947,0.10870404054008616,2.672465197521834
0.435805593949252,0.22735365384351353,0.2640346120522372,-1.2769582428449904,1.7517889674126947,0.10888949054023851,2.672321754396147
0.43562119394955734,0.22726236634336067,0.26385147455193203,-1.2768355672907026,1.7520732736636102,0.10861131554000976,2.6721783112704607
0.43562119394955734,0.22726236634336067,0.26375962455177926,-1.2771733604848898,1.7519785049133048,0.10879676554016256,2.6722739400209186
0.435805593949252,0.22744494134366594,0.26394219955208453,-1.2770812667351947,1.7519785049133048,0.10879676554016256,2.6722261256456896
0.43562119394955734,0.22735365384351353,0.2640346120522372,-1.2768661490952957,1.7520732736636102,0.10870404054008616,2.672369568771376
0.43589779394909933,0.22726236634336067,0.26403517455223713,-1.2768967308998882,1.7507465111593379,0.10953856554077286,2.6727520837732075
0.435805593949252,0.22726236634336067,0.26394332455208436,-1.2768661490952957,1.7520732736636102,0.1084258655398574,2.6720826825200032
0.43562119394955734,0.22735365384351353,0.26412646205239,-1.2769888246495833,1.7519785049133048,0.10888949054023851,2.672321754396147
0.43562119394955734,0.22726236634336067,0.26375962455177926,-1.2770812667351947,1.7518837361629997,0.10851859053993336,2.672465197521834
0.43598999394894666,0.22729385784951167,0.26375962455177926,-1.2770812667351947,1.7520732736636102,0.10888949054023851,2.672321754396147
0.43589779394909933,0.22729385784951167,0.26403517455223713,-1.2763791824607682,1.7519785049133048,0.10861131554000976,2.6722739400209186
0.435805593949252,0.22729385784951167,0.26394332455208436,-1.2767169756549548,1.7517889674126947,0.10879676554016256,2.672369568771376
0.43571339394940467,0.22738514534966453,0.2635753620514747,-1.27711662913016,1.7516941986623893,0.10888949054023851,2.672321754396147
0.435805593949252,0.22738514534966453,0.263667212051627,-1.277055117185058,1.7517889674126947,0.10888949054023851,2.672417383146605
0.43562119394955734,0.22738514534966453,0.2640346120522372,-1.2766248819052597,1.7516941986623893,0.10916766554046771,2.6725608262722917
0.43598999394894666,0.22747643284981695,0.2642177495525424,-1.2765633699601575,1.7516941986623893,0.10879676554016256,2.672369568771376
0.43571339394940467,0.22729385784951167,0.26394332455208436,-1.2768090694046494,1.7518837361629997,0.10888949054023851,2.6722261256456896
0.43562119394955734,0.2271112828492064,0.26348519955132166,-1.2766252302411767,1.7520732736636102,0.10870404054008616,2.6722739400209186
0.435805593949252,0.22729385784951167,0.26357592455147416,-1.2768709296856682,1.7519785049133048,0.10870404054008616,2.6722261256456896
0.43571339394940467,0.22738514534966453,0.2640346120522372,-1.2764406944058704,1.7520732736636102,0.10870404054008616,2.6722261256456896
0.435805593949252,0.22738514534966453,0.2640346120522372,-1.2766248819052597,1.7517889674126947,0.10879676554016256,2.672465197521834
0.43571339394940467,0.22729385784951167,0.26394332455208436,-1.2767169756549548,1.7520732736636102,0.10870404054008616,2.6721783112704607
0.435805593949252,0.22738514534966453,0.2640346120522372,-1.2768090694046494,1.7517889674126947,0.10888949054023851,2.672321754396147
0.43571339394940467,0.22729385784951167,0.26375962455177926,-1.2769320932948538,1.7517889674126947,0.10879676554016256,2.672321754396147
0.43571339394940467,0.2271112828492064,0.2633933495511689,-1.2769630234353633,1.7518837361629997,0.10879676554016256,2.672321754396147
0.43571339394940467,0.22729385784951167,0.26375962455177926,-1.276747905795464,1.7518837361629997,0.10870404054008616,2.672321754396147
0.43571339394940467,0.22738514534966453,0.2638509120519321,-1.276747905795464,1.7518837361629997,0.10888949054023851,2.672321754396147
0.435805593949252,0.22738514534966453,0.26412646205239,-1.2765633699601575,1.7517889674126947,0.10888949054023851,2.672417383146605
0.435805593949252,0.22729385784951167,0.26394332455208436,-1.2766248819052597,1.7519785049133048,0.10888949054023851,2.6722739400209186
0.43571339394940467,0.22729385784951167,0.26394332455208436,-1.2767169756549548,1.7518837361629997,0.10888949054023851,2.672369568771376
0.435805593949252,0.22729385784951167,0.26385147455193203,-1.2766863938503616,1.7519785049133048,0.10888949054023851,2.672417383146605
0.43598999394894666,0.22738514534966453,0.26412646205239,-1.2766554637098526,1.7517889674126947,0.10907494054039131,2.672465197521834
0.43608219394879444,0.22738514534966453,0.2637590620517798,-1.2769936052399558,1.7520732736636102,0.10851859053993336,2.6722261256456896
0.43571339394940467,0.22747643284981695,0.26412589955238963,-1.276532788155565,1.7518837361629997,0.10888949054023851,2.672417383146605
0.43552899394971,0.22729385784951167,0.26394332455208436,-1.2766248819052597,1.7519785049133048,0.10879676554016256,2.672321754396147
0.43562119394955734,0.22738514534966453,0.2637590620517798,-1.276809417740566,1.7519785049133048,0.10870404054008616,2.672369568771376
0.43562119394955734,0.22729385784951167,0.26394332455208436,-1.2764406944058704,1.7520732736636102,0.10870404054008616,2.6722261256456896
0.43598999394894666,0.22747643284981695,0.26394219955208453,-1.2765637182960747,1.7516941986623893,0.10861131554000976,2.672465197521834
0.435805593949252,0.2271112828492064,0.263577049551474,-1.2766558120457694,1.7518837361629997,0.10907494054039131,2.6722739400209186
0.43571339394940467,0.22738514534966453,0.2638509120519321,-1.276747905795464,1.7515994299120843,0.10907494054039131,2.672465197521834
0.43571339394940467,0.22747643284981695,0.2638503495519322,-1.2769936052399558,1.7516941986623893,0.10935311554062006,2.672513011897063
0.43598999394894666,0.22747643284981695,0.2640340495522373,-1.2768705813497514,1.7520732736636102,0.10888949054023851,2.672417383146605
0.435805593949252,0.22729385784951167,0.26394332455208436,-1.2766248819052597,1.7518837361629997,0.10888949054023851,2.6721783112704607
0.435805593949252,0.22729385784951167,0.26394332455208436,-1.2768090694046494,1.7520732736636102,0.10851859053993336,2.6722739400209186
0.43562119394955734,0.22738514534966453,0.2638509120519321,-1.276747905795464,1.7513151236611688,0.10944584054069646,2.6727042693979786
0.435805593949252,0.22729385784951167,0.26394332455208436,-1.2769011631543445,1.7517889674126947,0.10879676554016256,2.672465197521834
0.43571339394940467,0.22729385784951167,0.26403517455223713,-1.2767475574595473,1.7520732736636102,0.10879676554016256,2.672417383146605
0.435805593949252,0.22747643284981695,0.2643095995526952,-1.2766860455144449,1.7518837361629997,0.10861131554000976,2.6721783112704607
0.43571339394940467,0.22729385784951167,0.26403517455223713,-1.2764712762104629,1.7520732736636102,0.10888949054023851,2.672321754396147
0.435805593949252,0.22738514534966453,0.2640346120522372,-1.276532788155565,1.7524523486648307,0.108333140539781,2.6721783112704607
0.435805593949252,0.22756772034996936,0.26421718705254205,-1.2766248819052597,1.7519785049133048,0.10888949054023851,2.6722739400209186
0.43562119394955734,0.22738514534966453,0.2637590620517798,-1.276809417740566,1.7520732736636102,0.10907494054039131,2.672369568771376
0.435805593949252,0.22738514534966453,0.2638509120519321,-1.2769320932948538,1.7519785049133048,0.10870404054008616,2.672417383146605
0.43571339394940467,0.22729385784951167,0.26394332455208436,-1.2766248819052597,1.7520732736636102,0.10870404054008616,2.672321754396147
0.43598999394894666,0.22765900785012222,0.2643084745526949,-1.2766248819052597,1.7515046611617793,0.10907494054039131,2.672513011897063
0.43598999394894666,0.22765900785012222,0.2641247745523898,-1.276747905795464,1.7520732736636102,0.10879676554016256,2.6722739400209186
0.435805593949252,0.22738514534966453,0.263667212051627,-1.2766867421862789,1.7519785049133048,0.10888949054023851,2.672369568771376
0.43571339394940467,0.22747643284981695,0.2642177495525424,-1.2765633699601575,1.7520732736636102,0.10907494054039131,2.6722739400209186
0.43589779394909933,0.22747643284981695,0.26412589955238963,-1.2766248819052597,1.7519785049133048,0.10888949054023851,2.672321754396147
0.435805593949252,0.22729385784951167,0.26366777455162693,-1.2766252302411767,1.7519785049133048,0.10926039054054411,2.672465197521834
0.43571339394940467,0.22729385784951167,0.26366777455162693,-1.2767173239908713,1.7518837361629997,0.10861131554000976,2.672321754396147
0.43571339394940467,0.22729385784951167,0.26394332455208436,-1.2768090694046494,1.7519785049133048,0.10907494054039131,2.672369568771376
0.435805593949252,0.22738514534966453,0.2640346120522372,-1.2764406944058704,1.7515994299120843,0.10944584054069646,2.6725608262722917
0.43571339394940467,0.22729385784951167,0.26394332455208436,-1.2768090694046494,1.7517889674126947,0.10898221554031491,2.672369568771376
0.43571339394940467,0.22729385784951167,0.26394332455208436,-1.276532788155565,1.7520732736636102,0.10870404054008616,2.6721783112704607
0.435805593949252,0.22738514534966453,0.2640346120522372,-1.276532788155565,1.7515994299120843,0.10926039054054411,2.6725608262722917
0.435805593949252,0.22738514534966453,0.2640346120522372,-1.2768090694046494,1.7520732736636102,0.10879676554016256,2.6722739400209186
0.435805593949252,0.22729385784951167,0.26403517455223713,-1.2765633699601575,1.7519785049133048,0.10870404054008616,2.672321754396147
0.435805593949252,0.22747643284981695,0.26412589955238963,-1.2766248819052597,1.7515994299120843,0.10926039054054411,2.672513011897063
0.43571339394940467,0.22738514534966453,0.2640346120522372,-1.2768090694046494,1.7520732736636102,0.1084258655398574,2.6720826825200032
0.43571339394940467,0.22738514534966453,0.2640346120522372,-1.2763486006561753,1.7522628111642207,0.10879676554016256,2.6722261256456896
0.435805593949252,0.22729385784951167,0.26385147455193203,-1.276594300100667,1.7520732736636102,0.10870404054008616,2.6722261256456896
0.43571339394940467,0.22720257034935926,0.26385203705193194,-1.2764406944058704,1.7519785049133048,0.10851859053993336,2.6722739400209186
0.43571339394940467,0.22738514534966453,0.2638509120519321,-1.2764716245463796,1.7519785049133048,0.10898221554031491,2.672465197521834
0.43571339394940467,0.22747643284981695,0.2642177495525424,-1.2765633699601575,1.7518837361629997,0.10907494054039131,2.672369568771376
0.43571339394940467,0.22747643284981695,0.2642177495525424,-1.2765633699601575,1.7517889674126947,0.10907494054039131,2.672321754396147
0.43571339394940467,0.22701999534905398,0.26348576205132157,-1.2769320932948538,1.7519785049133048,0.10907494054039131,2.672369568771376
0.43589779394909933,0.22738514534966453,0.2640346120522372,-1.2767169756549548,1.7517889674126947,0.10879676554016256,2.672417383146605
0.43562119394955734,0.22738514534966453,0.2640346120522372,-1.276532788155565,1.7518837361629997,0.10898221554031491,2.672321754396147
0.43571339394940467,0.22729385784951167,0.2641270245523899,-1.2768702330138346,1.7517889674126947,0.10888949054023851,2.6722261256456896
0.43552899394971,0.22738514534966453,0.2637590620517798,-1.2767173239908713,1.7516941986623893,0.10907494054039131,2.672513011897063
0.435805593949252,0.22729385784951167,0.26394332455208436,-1.2766248819052597,1.7522628111642207,0.10888949054023851,2.6721304968952317
0.435805593949252,0.22747643284981695,0.26412589955238963,-1.2768090694046494,1.7519785049133048,0.10870404054008616,2.672321754396147
0.43598999394894666,0.22756772034996936,0.26403348705223695,-1.276747905795464,1.7518837361629997,0.10888949054023851,2.672465197521834
0.43562119394955734,0.22729385784951167,0.26375962455177926,-1.276747905795464,1.7517889674126947,0.10888949054023851,2.672417383146605
0.43571339394940467,0.22747643284981695,0.26412589955238963,-1.2766248819052597,1.7519785049133048,0.10888949054023851,2.672369568771376
0.43571339394940467,0.22738514534966453,0.2638509120519321,-1.2765637182960747,1.7519785049133048,0.10870404054008616,2.672465197521834
0.43589779394909933,0.2271112828492064,0.2637607495517791,-1.276532788155565,1.7516941986623893,0.10907494054039131,2.6725608262722917
0.43598999394894666,0.22729385784951167,0.26394332455208436,-1.2766248819052597,1.7518837361629997,0.10870404054008616,2.6722261256456896
0.43571339394940467,0.22738514534966453,0.2640346120522372,-1.2769011631543445,1.7519785049133048,0.10879676554016256,2.672369568771376
0.435805593949252,0.22738514534966453,0.2637590620517798,-1.276441042741787,1.7522628111642207,0.1084258655398574,2.6721304968952317
0.43571339394940467,0.22765900785012222,0.2643084745526949,-1.2764406944058704,1.7518837361629997,0.10870404054008616,2.672321754396147
0.43571339394940467,0.22738514534966453,0.2640346120522372,-1.276532788155565,1.7517889674126947,0.10907494054039131,2.672321754396147
0.43562119394955734,0.22720257034935926,0.26385203705193194,-1.2764406944058704,1.7517889674126947,0.10888949054023851,2.672417383146605
0.43589779394909933,0.22729385784951167,0.26394332455208436,-1.276532788155565,1.7522628111642207,0.10851859053993336,2.6721783112704607
0.435805593949252,0.22747643284981695,0.26394219955208453,-1.276747905795464,1.7516941986623893,0.10879676554016256,2.6722739400209186
0.43562119394955734,0.22701999534905398,0.26348576205132157,-1.2765637182960747,1.7516941986623893,0.10916766554046771,2.672369568771376
0.43571339394940467,0.22738514534966453,0.26412646205239,-1.2766554637098526,1.7519785049133048,0.10888949054023851,2.672321754396147
0.43571339394940467,0.22729385784951167,0.26375962455177926,-1.2765637182960747,1.7519785049133048,0.10898221554031491,2.672369568771376
0.435805593949252,0.22729385784951167,0.26394332455208436,-1.2766248819052597,1.7519785049133048,0.10879676554016256,2.6722261256456896
0.43589779394909933,0.22747643284981695,0.26412589955238963,-1.2767169756549548,1.7519785049133048,0.10907494054039131,2.672321754396147
0.43562119394955734,0.22729385784951167,0.26366777455162693,-1.2767173239908713,1.7516941986623893,0.10907494054039131,2.672321754396147
0.435805593949252,0.22738514534966453,0.2637590620517798,-1.276809417740566,1.7518837361629997,0.10888949054023851,2.672417383146605
0.43571339394940467,0.22729385784951167,0.26375962455177926,-1.276379530796685,1.7518837361629997,0.10879676554016256,2.6722739400209186
0.435805593949252,0.2271112828492064,0.2637607495517791,-1.276532788155565,1.7517889674126947,0.10870404054008616,2.672321754396147
0.435805593949252,0.22747643284981695,0.26412589955238963,-1.2768090694046494,1.7520732736636102,0.10907494054039131,2.672369568771376
0.43571339394940467,0.22747643284981695,0.26412589955238963,-1.276532788155565,1.7518837361629997,0.10879676554016256,2.672321754396147
0.43562119394955734,0.22747643284981695,0.2638503495519322,-1.276809417740566,1.7520732736636102,0.10851859053993336,2.672321754396147
0.43571339394940467,0.22738514534966453,0.2637590620517798,-1.2767173239908713,1.7517889674126947,0.10888949054023851,2.672417383146605
0.43571339394940467,0.22747643284981695,0.26412589955238963,-1.2766248819052597,1.7515046611617793,0.10916766554046771,2.672465197521834
0.435805593949252,0.22756772034996936,0.2643090370526948,-1.2765633699601575,1.7520732736636102,0.10870404054008616,2.672321754396147
0.43562119394955734,0.22738514534966453,0.2637590620517798,-1.2766252302411767,1.7519785049133048,0.10888949054023851,2.672369568771376
0.435805593949252,0.22738514534966453,0.2640346120522372,-1.276532788155565,1.7516941986623893,0.10907494054039131,2.672417383146605
0.435805593949252,0.22729385784951167,0.26366777455162693,-1.2767173239908713,1.7524523486648307,0.1084258655398574,2.6722739400209186
0.43562119394955734,0.22720257034935926,0.26366833705162684,-1.2765637182960747,1.7518837361629997,0.10861131554000976,2.672321754396147
0.43571339394940467,0.22747643284981695,0.2643095995526952,-1.2764097642653605,1.7523575799145257,0.10851859053993336,2.6721304968952317
0.43571339394940467,0.22729385784951167,0.26394332455208436,-1.2764406944058704,1.7518837361629997,0.10879676554016256,2.672417383146605
0.43571339394940467,0.22729385784951167,0.26394332455208436,-1.2766248819052597,1.7520732736636102,0.10879676554016256,2.6725608262722917
0.435805593949252,0.22729385784951167,0.26394332455208436,-1.2764406944058704,1.7527366549157462,0.10814769053962821,2.6720348681447743
0.435805593949252,0.22720257034935926,0.26385203705193194,-1.2766248819052597,1.7517889674126947,0.10916766554046771,2.672321754396147
0.43598999394894666,0.22729385784951167,0.26394332455208436,-1.2766248819052597,1.7520732736636102,0.10870404054008616,2.672321754396147
0.43589779394909933,0.22729385784951167,0.26394332455208436,-1.2764406944058704,1.7517889674126947,0.10879676554016256,2.6722739400209186
0.5222774195398987,0.2812242605622805,0.35234458459541984,-0.8024379786446061,2.1862891209258066,0.2307581129642079,2.6810719813799353
0.5221852195400514,0.2809503980618228,0.3525299720957251,-0.802314606418485,2.185720508423975,0.2313144629646654,2.681263238880851
0.5225540195394407,0.2808591105616704,0.35225498459526716,-0.8022534428092998,2.1861943521755007,0.23094356296436025,2.681263238880851
0.522369619539746,0.28076782306151754,0.352071847094962,-0.8022228610047071,2.1858152771742807,0.23094356296436025,2.681215424505622
0.522369619539746,0.2809503980618228,0.3525299720957251,-0.8020383251694005,2.1862891209258066,0.23094356296436025,2.681215424505622
0.522369619539746,0.2809503980618228,0.35225442209526725,-0.8022228610047071,2.1860048146748907,0.23122173796458945,2.681263238880851
0.5221852195400514,0.28131554806243336,0.3526195720958778,-0.8022228610047071,2.1860048146748907,0.23103628796443665,2.681215424505622
0.5224618195395934,0.2809503980618228,0.3521625720951145,-0.8023764666995041,2.1861943521755007,0.23094356296436025,2.6811197957551642
0.5222774195398987,0.2809503980618228,0.3525299720957251,-0.8021304189190952,2.1858152771742807,0.23103628796443665,2.681215424505622
0.5221852195400514,0.2810416855619757,0.35225385959526734,-0.8022843729498095,2.1860048146748907,0.23094356296436025,2.681215424505622
0.5221852195400514,0.2811329730621281,0.3524369970955725,-0.8023149547544017,2.1859100459245857,0.2313144629646654,2.681358867631309
0.5221852195400514,0.2812242605622805,0.35271198459603004,-0.8023761183635872,2.1861943521755007,0.23094356296436025,2.681215424505622
0.522369619539746,0.2812242605622805,0.35271198459603004,-0.8023761183635872,2.1858152771742807,0.2314071879647418,2.681358867631309
0.5225540195394407,0.2810416855619757,0.3525294095957252,-0.8020077433648077,2.1858152771742807,0.23103628796443665,2.681215424505622
0.5222774195398987,0.2809503980618228,0.3523462720954196,-0.80206925530991,2.1860048146748907,0.2308508379642843,2.681263238880851
0.5224618195395934,0.28076782306151754,0.352071847094962,-0.8022228610047071,2.1866681959270267,0.2305726629640551,2.6810241670047064
0.522369619539746,0.2810416855619757,0.3523457095954201,-0.8022228610047071,2.1860995834251957,0.2308508379642843,2.681263238880851
0.522369619539746,0.2809503980618228,0.3523462720954196,-0.80206925530991,2.1860048146748907,0.2307581129642079,2.6809763526294774
0.5224618195395934,0.2811329730621281,0.35252884709572485,-0.8022534428092998,2.1860995834251957,0.23112901296451305,2.681167610130393
0.5224618195395934,0.2809503980618228,0.35243812209557235,-0.8021569168051488,2.1859100459245857,0.23103628796443665,2.68131105325608
0.522369619539746,0.2809503980618228,0.35225442209526725,-0.8024641281947428,2.1866681959270267,0.2305726629640551,2.6810241670047064
0.522369619539746,0.2809503980618228,0.35225442209526725,-0.8024641281947428,2.1863838896761116,0.23094356296436025,2.681263238880851
0.5221852195400514,0.2809503980618228,0.35225442209526725,-0.802279940695353,2.1858152771742807,0.23094356296436025,2.6811197957551642
0.522093019540204,0.2811329730621281,0.3526206970958776,-0.8023411043045385,2.1860995834251957,0.23094356296436025,2.68131105325608
0.522093019540204,0.2810416855619757,0.35225385959526734,-0.8023414526404553,2.1860048146748907,0.2307581129642079,2.681215424505622
0.5222774195398987,0.2808591105616704,0.35234683459541993,-0.8021569168051488,2.1853414334227548,0.2314071879647418,2.681454496381767
0.5222774195398987,0.2809818895679738,0.35225442209526725,-0.8023720344450481,2.185720508423975,0.2313144629646654,2.6815501251322242
0.5224618195395934,0.2809818895679738,0.35225442209526725,-0.8020957531959637,2.1858152771742807,0.2314071879647418,2.68131105325608
0.5221852195400514,0.2810731770681267,0.3523457095954201,-0.802279940695353,2.1860048146748907,0.23094356296436025,2.681215424505622
0.522093019540204,0.2809818895679738,0.3521625720951145,-0.8023414526404553,2.1860995834251957,0.23103628796443665,2.681167610130393
0.522369619539746,0.2809818895679738,0.35225442209526725,-0.8023720344450481,2.1860048146748907,0.23094356296436025,2.681167610130393
0.5224618195395934,0.2808906020678214,0.35216313459511484,-0.8023720344450481,2.1861943521755007,0.2305726629640551,2.681167610130393
0.5224618195395934,0.2811644645682791,0.35252884709572485,-0.802218428750251,2.185720508423975,0.2314071879647418,2.681454496381767
0.522093019540204,0.2809818895679738,0.3523462720954196,-0.8019421475011665,2.1860048146748907,0.23094356296436025,2.681215424505622
0.5222774195398987,0.2809818895679738,0.35225442209526725,-0.8020036594462686,2.185720508423975,0.2314071879647418,2.681406682006538
0.5221852195400514,0.2809818895679738,0.35225442209526725,-0.802279940695353,2.1859100459245857,0.23094356296436025,2.681167610130393
0.522369619539746,0.2810731770681267,0.3525294095957252,-0.8022490105548439,2.1860048146748907,0.23094356296436025,2.681263238880851
0.5224618195395934,0.2809818895679738,0.35262182209587745,-0.8022180804143342,2.1860048146748907,0.23094356296436025,2.681167610130393
0.5221852195400514,0.2811644645682791,0.35252884709572485,-0.802310522499946,2.1861943521755007,0.2308508379642843,2.6810241670047064
0.5222774195398987,0.2808906020678214,0.35225498459526716,-0.802310522499946,2.1861943521755007,0.23094356296436025,2.681215424505622
0.5222774195398987,0.28134703956858437,0.3528032720961829,-0.8021569168051488,2.1862891209258066,0.23112901296451305,2.681263238880851
0.5222774195398987,0.2810731770681267,0.3525294095957252,-0.8019727293057595,2.1862891209258066,0.23094356296436025,2.681263238880851
0.522369619539746,0.2808906020678214,0.35234683459541993,-0.8021569168051488,2.18562573967367,0.2314999129648182,2.6815023107569953
0.522369619539746,0.2811644645682791,0.35252884709572485,-0.802218428750251,2.1860048146748907,0.2307581129642079,2.6811197957551642
0.5222774195398987,0.2808906020678214,0.35234683459541993,-0.8021569168051488,2.1860048146748907,0.23103628796443665,2.681263238880851
0.522369619539746,0.2811644645682791,0.3526206970958776,-0.8023411043045385,2.1862891209258066,0.2305726629640551,2.6810241670047064
0.5224618195395934,0.2811644645682791,0.35252884709572485,-0.802218428750251,2.1861943521755007,0.2307581129642079,2.6810719813799353
0.522093019540204,0.2811644645682791,0.3524369970955725,-0.802279940695353,2.1860048146748907,0.23094356296436025,2.681215424505622
0.522369619539746,0.2809818895679738,0.35243812209557235,-0.8020648230554541,2.1861943521755007,0.2308508379642843,2.6811197957551642
0.522369619539746,0.28079931456766855,0.352071847094962,-0.8023720344450481,2.1859100459245857,0.23112901296451305,2.68131105325608
0.522369619539746,0.2811644645682791,0.3526206970958776,-0.8018806355560644,2.1859100459245857,0.23094356296436025,2.681263238880851
0.5222774195398987,0.2810731770681267,0.3525294095957252,-0.8021569168051488,2.185720508423975,0.2313144629646654,2.681454496381767
0.522369619539746,0.2809818895679738,0.35225442209526725,-0.8020957531959637,2.1861943521755007,0.23094356296436025,2.681263238880851
0.522093019540204,0.2811644645682791,0.3524369970955725,-0.8021878469456584,2.185720508423975,0.23094356296436025,2.681263238880851
0.5219086195405089,0.2809818895679738,0.3525299720957251,-0.8021874986097415,2.1863838896761116,0.2307581129642079,2.6810241670047064
0.5221604474800163,0.2809818895679738,0.3523462720954196,-0.8020342412508616,2.185720508423975,0.23122173796458945,2.681358867631309
0.5221604474800163,0.2809818895679738,0.35243812209557235,-0.8022490105548439,2.1858152771742807,0.23112901296451305,2.681406682006538
0.522068247480169,0.2810731770681267,0.3523457095954201,-0.8020957531959637,2.1860048146748907,0.23103628796443665,2.68131105325608
0.5225292474794057,0.2809818895679738,0.35243812209557235,-0.8018806355560644,2.1860995834251957,0.2307581129642079,2.681263238880851
0.522344847479711,0.2810731770681267,0.3525294095957252,-0.8021569168051488,2.1859100459245857,0.23103628796443665,2.681263238880851
0.522344847479711,0.2811644645682791,0.3527125470960304,-0.8020954048600464,2.1859100459245857,0.2307581129642079,2.68131105325608
0.5225292474794057,0.2808906020678214,0.35234683459541993,-0.8020648230554541,2.185720508423975,0.2314999129648182,2.681358867631309
0.522344847479711,0.2808906020678214,0.35234683459541993,-0.8020648230554541,2.1863838896761116,0.2307581129642079,2.681215424505622
0.522344847479711,0.2810731770681267,0.35243755959557244,-0.8020342412508616,2.1860048146748907,0.23103628796443665,2.681215424505622
0.5222526474798637,0.28079931456766855,0.352071847094962,-0.802279940695353,2.185530970923365,0.23122173796458945,2.681406682006538
0.522344847479711,0.2810731770681267,0.3525294095957252,-0.8019727293057595,2.1863838896761116,0.2305726629640551,2.6810719813799353
0.5225292474794057,0.28134703956858437,0.3528032720961829,-0.8020077433648077,2.1861943521755007,0.23094356296436025,2.68131105325608
0.5221604474800163,0.2809818895679738,0.3523462720954196,-0.8017929740608256,2.1860995834251957,0.2308508379642843,2.6811197957551642
0.5221604474800163,0.2809818895679738,0.35262182209587745,-0.8018847194746034,2.1860048146748907,0.23094356296436025,2.681263238880851
0.5221604474800163,0.2810731770681267,0.35243755959557244,-0.8017929740608256,2.1860048146748907,0.2307581129642079,2.681167610130393
0.522344847479711,0.2810731770681267,0.3523457095954201,-0.802130767255012,2.1860048146748907,0.23094356296436025,2.681358867631309
0.5222526474798637,0.2810731770681267,0.3523457095954201,-0.8018544860059276,2.1863838896761116,0.2307581129642079,2.6811197957551642
0.5221604474800163,0.2812557520684315,0.35252828459572494,-0.8022228610047071,2.1860048146748907,0.23103628796443665,2.681215424505622
0.5221604474800163,0.2810731770681267,0.35243755959557244,-0.80206925530991,2.185720508423975,0.23103628796443665,2.681358867631309
0.522068247480169,0.2810731770681267,0.352162009595115,-0.8022537911452163,2.1860995834251957,0.23094356296436025,2.6810719813799353
0.5219760474803212,0.2808906020678214,0.35216313459511484,-0.8016702985065378,2.1861943521755007,0.23094356296436025,2.681215424505622
0.522344847479711,0.28079931456766855,0.352071847094962,-0.802130767255012,2.185720508423975,0.23122173796458945,2.681358867631309
0.5222526474798637,0.2812557520684315,0.3528038345961828,-0.8019462314197054,2.1863838896761116,0.2307581129642079,2.6810241670047064
0.5221604474800163,0.2809818895679738,0.3523462720954196,-0.8017929740608256,2.1859100459245857,0.23103628796443665,2.681263238880851
0.5221604474800163,0.2811644645682791,0.3526206970958776,-0.8020077433648077,2.1861943521755007,0.23112901296451305,2.681215424505622
0.522344847479711,0.2808906020678214,0.35207128459496206,-0.8021922792001144,2.1864786584264166,0.2305726629640551,2.6811197957551642
0.5221604474800163,0.2812557520684315,0.35262013459587727,-0.80206925530991,2.1860995834251957,0.2307581129642079,2.6811197957551642
0.5221604474800163,0.2811644645682791,0.3524369970955725,-0.8018544860059276,2.1861943521755007,0.23112901296451305,2.681263238880851
0.5221604474800163,0.2809818895679738,0.3523462720954196,-0.8018850678105207,2.1860048146748907,0.23094356296436025,2.681263238880851
0.522068247480169,0.2809818895679738,0.35225442209526725,-0.8019465797556227,2.18562573967367,0.23103628796443665,2.681406682006538
0.5221604474800163,0.2811644645682791,0.35252884709572485,-0.801700880311131,2.1863838896761116,0.2308508379642843,2.681263238880851
0.5222526474798637,0.2812872435745825,0.35252828459572494,-0.8018544860059276,2.1860995834251957,0.2308508379642843,2.681215424505622
0.5221604474800163,0.2809220935739724,0.35225498459526716,-0.80206925530991,2.1862891209258066,0.23103628796443665,2.681263238880851
0.5219760474803212,0.28137853107473537,0.3527114220960301,-0.801700880311131,2.1861943521755007,0.2313144629646654,2.681454496381767
0.522344847479711,0.2811046685742777,0.3523457095954201,-0.802130767255012,2.1861943521755007,0.23094356296436025,2.6810241670047064
0.5219760474803212,0.2810133810741248,0.35225442209526725,-0.8017623922562329,2.185530970923365,0.23112901296451305,2.681406682006538
0.5225292474794057,0.2809220935739724,0.35234683459541993,-0.8017314621157233,2.1861943521755007,0.2308508379642843,2.681358867631309
0.5219760474803212,0.2810133810741248,0.35207072209496215,-0.8018854161464373,2.1862891209258066,0.23094356296436025,2.681215424505622
0.5221604474800163,0.2811959560744301,0.3524369970955725,-0.8020386735053173,2.1860995834251957,0.23103628796443665,2.68131105325608
0.5222526474798637,0.2812872435745825,0.35243643459557217,-0.8020080917007251,2.1861943521755007,0.23094356296436025,2.681263238880851
0.5221604474800163,0.2811959560744301,0.3524369970955725,-0.8022228610047071,2.1860048146748907,0.23094356296436025,2.681167610130393
0.5221604474800163,0.2811046685742777,0.35243755959557244,-0.80206925530991,2.1858152771742807,0.23112901296451305,2.681263238880851
0.5221604474800163,0.2811046685742777,0.35243755959557244,-0.8021613490596051,2.1860048146748907,0.23103628796443665,2.681215424505622
0.522344847479711,0.2812872435745825,0.35252828459572494,-0.802130767255012,2.1860048146748907,0.23103628796443665,2.68131105325608
0.522068247480169,0.2811959560744301,0.35252884709572485,-0.80206925530991,2.1858152771742807,0.23103628796443665,2.681215424505622
0.522068247480169,0.28137853107473537,0.3526195720958778,-0.8019465797556227,2.1860048146748907,0.23094356296436025,2.681263238880851
0.5219760474803212,0.2811046685742777,0.3525294095957252,-0.8018235558654184,2.1862891209258066,0.23094356296436025,2.6811197957551642
0.522068247480169,0.2811959560744301,0.3526206970958776,-0.8020077433648077,2.1863838896761116,0.2307581129642079,2.6811197957551642
0.5221604474800163,0.2811959560744301,0.3526206970958776,-0.8017314621157233,2.1860048146748907,0.23103628796443665,2.681215424505622
0.522344847479711,0.2811046685742777,0.3523457095954201,-0.8019465797556227,2.1860995834251957,0.2305726629640551,2.6811197957551642
0.522344847479711,0.2811046685742777,0.35225385959526734,-0.80191599795103,2.1860995834251957,0.23094356296436025,2.681263238880851
0.5221604474800163,0.2811959560744301,0.35252884709572485,-0.801700880311131,2.1860995834251957,0.23103628796443665,2.681263238880851
0.522068247480169,0.2811959560744301,0.3524369970955725,-0.8019465797556227,2.185720508423975,0.2315926379648946,2.681597939507453
0.5221604474800163,0.28137853107473537,0.3527114220960301,-0.8017929740608256,2.1863838896761116,0.2304799379639787,2.6811197957551642
0.522068247480169,0.2810133810741248,0.35262182209587745,-0.8017926257249087,2.1860048146748907,0.23112901296451305,2.681263238880851
0.522344847479711,0.2809220935739724,0.35234683459541993,-0.8016393683660287,2.1860048146748907,0.2307581129642079,2.681263238880851
0.5221604474800163,0.2811959560744301,0.3524369970955725,-0.802130767255012,2.1860995834251957,0.23094356296436025,2.681215424505622
0.5221604474800163,0.2811046685742777,0.35243755959557244,-0.801700880311131,2.1861943521755007,0.23094356296436025,2.681263238880851
0.522344847479711,0.2811046685742777,0.3523457095954201,-0.8017623922562329,2.1861943521755007,0.23094356296436025,2.681263238880851
0.5222526474798637,0.2809220935739724,0.35216313459511484,-0.8018544860059276,2.1859100459245857,0.2314071879647418,2.681406682006538
0.5221604474800163,0.2809220935739724,0.35207128459496206,-0.8018239042013353,2.1860048146748907,0.2308508379642843,2.681215424505622
0.5219760474803212,0.2810133810741248,0.3518870220946566,-0.802376815035421,2.1861943521755007,0.2307581129642079,2.681263238880851
0.5219760474803212,0.2811046685742777,0.3525294095957252,-0.8018235558654184,2.1860995834251957,0.23103628796443665,2.681263238880851
0.5219760474803212,0.2809220935739724,0.35216313459511484,-0.802130767255012,2.1861943521755007,0.23094356296436025,2.681215424505622
0.5221604474800163,0.2811046685742777,0.3523457095954201,-0.8019465797556227,2.1864786584264166,0.2307581129642079,2.6809763526294774
0.5222526474798637,0.2811959560744301,0.35234514709541975,-0.80191599795103,2.1860995834251957,0.2306653879641315,2.681358867631309
0.5222526474798637,0.2810133810741248,0.35225442209526725,-0.8016702985065378,2.1861943521755007,0.23094356296436025,2.681167610130393
0.522344847479711,0.2812872435745825,0.35262013459587727,-0.80206925530991,2.1862891209258066,0.2307581129642079,2.6810719813799353
0.522068247480169,0.2811046685742777,0.35243755959557244,-0.8018850678105207,2.1861943521755007,0.23103628796443665,2.681263238880851
0.522344847479711,0.2811959560744301,0.3524369970955725,-0.802130767255012,2.1860995834251957,0.2306653879641315,2.6810241670047064
0.522344847479711,0.2811046685742777,0.35243755959557244,-0.8017929740608256,2.1861943521755007,0.23094356296436025,2.681263238880851
0.5224370474795583,0.2811046685742777,0.3523457095954201,-0.8018544860059276,2.1862891209258066,0.2307581129642079,2.681167610130393
0.5221604474800163,0.2811046685742777,0.35243755959557244,-0.80206925530991,2.1861943521755007,0.23094356296436025,2.68131105325608
0.5222526474798637,0.28083080607381955,0.3521636970951143,-0.8018850678105207,2.1861943521755007,0.2308508379642843,2.681263238880851
0.522344847479711,0.2810133810741248,0.35207072209496215,-0.8017933223967422,2.1860995834251957,0.23094356296436025,2.68131105325608
0.5221604474800163,0.2811959560744301,0.3524369970955725,-0.8019465797556227,2.185720508423975,0.2313144629646654,2.681454496381767
0.522344847479711,0.2809220935739724,0.35216313459511484,-0.8017623922562329,2.1863838896761116,0.23094356296436025,2.6811197957551642
0.522344847479711,0.2810133810741248,0.35243812209557235,-0.8018235558654184,2.1860048146748907,0.23103628796443665,2.681215424505622
0.522344847479711,0.2811959560744301,0.3526206970958776,-0.8018235558654184,2.1861943521755007,0.23094356296436025,2.681263238880851
0.5221604474800163,0.2809220935739724,0.35234683459541993,-0.8020077433648077,2.1861943521755007,0.2307581129642079,2.681215424505622
0.522068247480169,0.2811046685742777,0.35243755959557244,-0.801700880311131,2.185530970923365,0.2314071879647418,2.681406682006538
0.5221604474800163,0.2811046685742777,0.3523457095954201,-0.8017623922562329,2.1861943521755007,0.23094356296436025,2.68131105325608
0.522344847479711,0.2811959560744301,0.3524369970955725,-0.8019465797556227,2.1860995834251957,0.2308508379642843,2.6811197957551642
0.522344847479711,0.2811959560744301,0.3524369970955725,-0.8019465797556227,2.1862891209258066,0.23094356296436025,2.681215424505622
0.522344847479711,0.2811959560744301,0.35252884709572485,-0.8017929740608256,2.1862891209258066,0.23122173796458945,2.681215424505622
0.522344847479711,0.2809220935739724,0.35234683459541993,-0.8018235558654184,2.1861943521755007,0.2307581129642079,2.68131105325608
0.522344847479711,0.2810133810741248,0.3525299720957251,-0.8015778564209264,2.1860048146748907,0.2307581129642079,2.681263238880851
0.5221604474800163,0.2811959560744301,0.3524369970955725,-0.8019465797556227,2.185530970923365,0.2314999129648182,2.681358867631309
0.522344847479711,0.2811959560744301,0.3527125470960304,-0.8015778564209264,2.1860048146748907,0.23103628796443665,2.68131105325608
0.5221604474800163,0.2811046685742777,0.35243755959557244,-0.8018850678105207,2.1861943521755007,0.2307581129642079,2.681263238880851
0.5221604474800163,0.2811046685742777,0.352621259595878,-0.8018541376700108,2.1860048146748907,0.23094356296436025,2.681215424505622
0.5222526474798637,0.2811959560744301,0.3522532970952674,-0.8019775098961319,2.1862891209258066,0.23094356296436025,2.681215424505622
0.5221604474800163,0.2810133810741248,0.3523462720954196,-0.801700880311131,2.1860048146748907,0.23094356296436025,2.681263238880851
0.522344847479711,0.2810133810741248,0.35225442209526725,-0.8017623922562329,2.1862891209258066,0.23094356296436025,2.68131105325608
0.522344847479711,0.2811046685742777,0.3525294095957252,-0.8014901949256876,2.1861943521755007,0.23094356296436025,2.681215424505622
0.522068247480169,0.2811959560744301,0.3524369970955725,-0.801613218815892,2.1862891209258066,0.23094356296436025,2.681358867631309
0.5221604474800163,0.2810133810741248,0.35225442209526725,-0.8017974063152817,2.1861943521755007,0.2313144629646654,2.681263238880851
0.5224370474795583,0.2811959560744301,0.3526206970958776,-0.8013981011759925,2.1861943521755007,0.23094356296436025,2.681215424505622
0.5221604474800163,0.2810133810741248,0.3525299720957251,-0.8014286829805853,2.1860048146748907,0.23103628796443665,2.681215424505622
0.522068247480169,0.2811959560744301,0.35234514709541975,-0.8016747307609943,2.1866681959270267,0.2305726629640551,2.6810241670047064
0.522344847479711,0.2810133810741248,0.35225442209526725,-0.8017053125655866,2.1860995834251957,0.23094356296436025,2.681263238880851
0.5225292474794057,0.2811046685742777,0.3523457095954201,-0.8017974063152817,2.1859100459245857,0.23094356296436025,2.68131105325608
0.5224370474795583,0.2811046685742777,0.35243755959557244,-0.8016438006204846,2.1860048146748907,0.2308508379642843,2.681263238880851
0.5221604474800163,0.2809220935739724,0.3524386845955727,-0.8017970579793644,2.1858152771742807,0.2313144629646654,2.68131105325608
0.522344847479711,0.2812872435745825,0.35252828459572494,-0.8017053125655866,2.1860995834251957,0.2308508379642843,2.681167610130393
0.5221604474800163,0.2810133810741248,0.3521625720951145,-0.8016747307609943,2.1860048146748907,0.23103628796443665,2.681263238880851
0.5222526474798637,0.2812872435745825,0.35243643459557217,-0.8017668245106889,2.1862891209258066,0.2306653879641315,2.681167610130393
0.522344847479711,0.28137853107473537,0.3526195720958778,-0.8017053125655866,2.1860048146748907,0.23103628796443665,2.681167610130393
0.522344847479711,0.2810133810741248,0.3523462720954196,-0.8016438006204846,2.1863838896761116,0.2307581129642079,2.681263238880851
0.522344847479711,0.2811959560744301,0.3527125470960304,-0.8014286829805853,2.1860048146748907,0.23094356296436025,2.681263238880851
0.5222526474798637,0.2810133810741248,0.3521625720951145,-0.801858918260384,2.1860995834251957,0.2307581129642079,2.6810241670047064
0.5225292474794057,0.2811046685742777,0.3525294095957252,-0.8016743824250774,2.1863838896761116,0.2308508379642843,2.681215424505622
0.5222526474798637,0.2811959560744301,0.3526206970958776,-0.8016743824250774,2.1861943521755007,0.23094356296436025,2.681215424505622
0.5221604474800163,0.2812872435745825,0.35243643459557217,-0.8017668245106889,2.1860048146748907,0.23094356296436025,2.681263238880851
0.5225292474794057,0.2810133810741248,0.35225442209526725,-0.801613218815892,2.1863838896761116,0.23094356296436025,2.68131105325608
0.5225292474794057,0.2809220935739724,0.35216313459511484,-0.801613218815892,2.1860048146748907,0.23094356296436025,2.681263238880851
0.5221604474800163,0.2809220935739724,0.35188758459465697,-0.8017056609015034,2.1862891209258066,0.23094356296436025,2.681215424505622
0.5221604474800163,0.2812872435745825,0.35262013459587727,-0.8016438006204846,2.1864786584264166,0.2306653879641315,2.681167610130393
0.5222526474798637,0.2813187350807335,0.35252828459572494,-0.8015211250661969,2.1859100459245857,0.23112901296451305,2.681406682006538
0.522344847479711,0.2812274475805811,0.3526206970958776,-0.8016743824250774,2.1862891209258066,0.2307581129642079,2.681215424505622
0.522344847479711,0.2811361600804287,0.3523457095954201,-0.8017974063152817,2.1860995834251957,0.23103628796443665,2.681263238880851
0.5221604474800163,0.2809535850801234,0.35225498459526716,-0.8016438006204846,2.1861943521755007,0.23103628796443665,2.681167610130393
0.5224370474795583,0.2813187350807335,0.35271198459603004,-0.8016743824250774,2.1860995834251957,0.2308508379642843,2.68131105325608
0.5224370474795583,0.2813187350807335,0.35271198459603004,-0.8014901949256876,2.1860048146748907,0.23112901296451305,2.6811197957551642
0.5221604474800163,0.28104487258027583,0.35225442209526725,-0.8017974063152817,2.1864786584264166,0.2306653879641315,2.6811197957551642
0.5224370474795583,0.2812274475805811,0.3526206970958776,-0.8014901949256876,2.1861943521755007,0.2308508379642843,2.681215424505622
0.522344847479711,0.2811361600804287,0.3525294095957252,-0.8013981011759925,2.1860995834251957,0.23094356296436025,2.681215424505622
0.522344847479711,0.2811361600804287,0.3525294095957252,-0.8013981011759925,2.1860995834251957,0.23094356296436025,2.681263238880851
0.5225292474794057,0.2815013100810388,0.3529864095964881,-0.80152077673028,2.1861943521755007,0.2308508379642843,2.681215424505622
0.5222526474798637,0.2812274475805811,0.3524369970955725,-0.801613218815892,2.18562573967367,0.2313144629646654,2.681454496381767
0.5225292474794057,0.2814100225808864,0.3526195720958778,-0.8017053125655866,2.1869525021779426,0.23029448796382634,2.680785095128562
0.522344847479711,0.2812274475805811,0.3524369970955725,-0.801981593814671,2.1860995834251957,0.23094356296436025,2.68131105325608
0.522344847479711,0.2812274475805811,0.35234514709541975,-0.8016747307609943,2.1860048146748907,0.23094356296436025,2.681215424505622
0.5221604474800163,0.2813187350807335,0.35262013459587727,-0.8016438006204846,2.1860048146748907,0.23094356296436025,2.681263238880851
0.5221604474800163,0.2813187350807335,0.35252828459572494,-0.801613218815892,2.1863838896761116,0.23094356296436025,2.681263238880851
0.522344847479711,0.2812274475805811,0.35252884709572485,-0.801920081869569,2.18543620217306,0.2314999129648182,2.6815023107569953
0.522344847479711,0.28104487258027583,0.3523462720954196,-0.8016438006204846,2.1861943521755007,0.2308508379642843,2.681215424505622
0.522344847479711,0.2812274475805811,0.3526206970958776,-0.8014901949256876,2.1860048146748907,0.23112901296451305,2.681215424505622
0.5222526474798637,0.2815013100810388,0.3527108595960302,-0.8017974063152817,2.1861943521755007,0.23103628796443665,2.68131105325608
0.522344847479711,0.2811361600804287,0.35225385959526734,-0.8016747307609943,2.1860048146748907,0.23094356296436025,2.681215424505622
0.5222526474798637,0.2812274475805811,0.35252884709572485,-0.8016438006204846,2.1865734271767217,0.2305726629640551,2.6810241670047064
0.5221604474800163,0.2811361600804287,0.3523457095954201,-0.8017974063152817,2.1866681959270267,0.2306653879641315,2.6811197957551642
0.522344847479711,0.2813187350807335,0.35243643459557217,-0.8017668245106889,2.1860995834251957,0.2307581129642079,2.681215424505622
0.522344847479711,0.28104487258027583,0.3521625720951145,-0.8016747307609943,2.1863838896761116,0.23094356296436025,2.681263238880851
0.5221604474800163,0.28104487258027583,0.3523462720954196,-0.8016438006204846,2.1860048146748907,0.23094356296436025,2.681215424505622
0.5221604474800163,0.2812274475805811,0.35234514709541975,-0.8019510120100787,2.1860995834251957,0.23094356296436025,2.6811197957551642
0.522068247480169,0.2811361600804287,0.352621259595878,-0.8012444954811956,2.1864786584264166,0.2307581129642079,2.6811197957551642
0.522344847479711,0.2811361600804287,0.35225385959526734,-0.8017668245106889,2.1861943521755007,0.2307581129642079,2.681263238880851
0.522344847479711,0.2811361600804287,0.3523457095954201,-0.801613218815892,2.1862891209258066,0.23103628796443665,2.681263238880851
0.5224370474795583,0.2813187350807335,0.35252828459572494,-0.8017053125655866,2.1861943521755007,0.2308508379642843,2.68131105325608
0.5227136474791008,0.2809535850801234,0.35234683459541993,-0.8015822886753823,2.1861943521755007,0.23103628796443665,2.681263238880851
0.522344847479711,0.2811361600804287,0.3523457095954201,-0.801613218815892,2.1860048146748907,0.2314071879647418,2.681406682006538
0.5224370474795583,0.28104487258027583,0.35207072209496215,-0.8017362427060963,2.1861943521755007,0.2306653879641315,2.681215424505622
0.522344847479711,0.2811361600804287,0.35243755959557244,-0.8015517068707899,2.1860995834251957,0.23094356296436025,2.68131105325608
0.5222526474798637,0.2812274475805811,0.3526206970958776,-0.8014901949256876,2.1866681959270267,0.23038721296390274,2.6810241670047064
0.5224370474795583,0.2812274475805811,0.3524369970955725,-0.801613218815892,2.1861943521755007,0.23094356296436025,2.681215424505622
0.5225292474794057,0.28104487258027583,0.35243812209557235,-0.8016743824250774,2.1859100459245857,0.2308508379642843,2.681215424505622
0.522344847479711,0.2811361600804287,0.3523457095954201,-0.8017053125655866,2.1860995834251957,0.23094356296436025,2.681358867631309
0.522344847479711,0.2812274475805811,0.35252884709572485,-0.8016438006204846,2.1867629646773317,0.2306653879641315,2.6810719813799353
0.5224370474795583,0.2811361600804287,0.35243755959557244,-0.8014596131210948,2.185151895922144,0.23177808796504695,2.6817413826331395
0.522344847479711,0.2813187350807335,0.35271198459603004,-0.8013060074262979,2.1863838896761116,0.2305726629640551,2.6811197957551642
0.522344847479711,0.28104487258027583,0.35225442209526725,-0.8015211250661969,2.1861943521755007,0.23094356296436025,2.681167610130393
0.522068247480169,0.2809535850801234,0.35207128459496206,-0.8016747307609943,2.1860995834251957,0.2307581129642079,2.681215424505622
0.522344847479711,0.2812274475805811,0.3526206970958776,-0.8012139136766032,2.1860995834251957,0.23103628796443665,2.681263238880851
0.522344847479711,0.28104487258027583,0.35225442209526725,-0.801613218815892,2.1861943521755007,0.2306653879641315,2.6811197957551642
0.5222526474798637,0.2809535850801234,0.35207128459496206,-0.8015826370112992,2.1860995834251957,0.23094356296436025,2.681263238880851
0.522068247480169,0.2811361600804287,0.3523457095954201,-0.801613218815892,2.1861943521755007,0.23094356296436025,2.68131105325608
0.5221604474800163,0.2814100225808864,0.3527114220960301,-0.8016438006204846,2.1862891209258066,0.2305726629640551,2.681215424505622
0.5222526474798637,0.2811361600804287,0.35225385959526734,-0.8016747307609943,2.18562573967367,0.23168536296497055,2.681454496381767
0.522344847479711,0.2811361600804287,0.35225385959526734,-0.8015826370112992,2.1865734271767217,0.2307581129642079,2.6810719813799353
0.5224370474795583,0.28104487258027583,0.35225442209526725,-0.801613218815892,2.1861943521755007,0.23103628796443665,2.681167610130393
0.5221604474800163,0.2811361600804287,0.35225385959526734,-0.8016747307609943,2.1861943521755007,0.23094356296436025,2.68131105325608
0.5224370474795583,0.2811361600804287,0.3525294095957252,-0.8016743824250774,2.1860048146748907,0.23112901296451305,2.68131105325608
0.5224370474795583,0.2812274475805811,0.3524369970955725,-0.8017053125655866,2.1861943521755007,0.23094356296436025,2.681215424505622
0.5222526474798637,0.2811361600804287,0.35243755959557244,-0.8018279881198743,2.1858152771742807,0.2313144629646654,2.681454496381767
0.522344847479711,0.2812274475805811,0.3526206970958776,-0.8016743824250774,2.1861943521755007,0.23094356296436025,2.681263238880851
0.5222526474798637,0.2813187350807335,0.35243643459557217,-0.8017668245106889,2.1860995834251957,0.23094356296436025,2.681215424505622
0.5224370474795583,0.2812274475805811,0.35252884709572485,-0.8014596131210948,2.1860995834251957,0.23103628796443665,2.681263238880851
0.522068247480169,0.2812274475805811,0.3524369970955725,-0.801613218815892,2.1861943521755007,0.23103628796443665,2.68131105325608
0.5224370474795583,0.2809535850801234,0.35216313459511484,-0.8014290313165022,2.1860048146748907,0.23112901296451305,2.68131105325608
0.5221604474800163,0.2809535850801234,0.35207128459496206,-0.8015826370112992,2.1860048146748907,0.23094356296436025,2.681215424505622
0.5222526474798637,0.28104487258027583,0.3521625720951145,-0.8016747307609943,2.1860995834251957,0.2307581129642079,2.681263238880851
0.5224370474795583,0.28104487258027583,0.3523462720954196,-0.8017358943701797,2.185720508423975,0.2314999129648182,2.681406682006538
0.5225292474794057,0.2811361600804287,0.3523457095954201,-0.8013369375668076,2.1859100459245857,0.23094356296436025,2.68131105325608
0.5222526474798637,0.28104487258027583,0.35225442209526725,-0.8017974063152817,2.1860995834251957,0.2314999129648182,2.6815023107569953
0.522344847479711,0.2809535850801234,0.35225498459526716,-0.8016438006204846,2.1866681959270267,0.2306653879641315,2.6810241670047064
0.5222526474798637,0.2812274475805811,0.3524369970955725,-0.8017053125655866,2.1860048146748907,0.23112901296451305,2.681167610130393
0.5224370474795583,0.2812274475805811,0.35234514709541975,-0.8016747307609943,2.1863838896761116,0.2307581129642079,2.681263238880851
0.5224370474795583,0.2814100225808864,0.3527114220960301,-0.8012754256217055,2.1861943521755007,0.2308508379642843,2.6811197957551642
0.5224370474795583,0.2813187350807335,0.35234458459541984,-0.8016441489564012,2.1863838896761116,0.23094356296436025,2.6810719813799353
0.5225292474794057,0.2812274475805811,0.3526206970958776,-0.8014901949256876,2.1860048146748907,0.23094356296436025,2.681215424505622
0.5227136474791008,0.2813187350807335,0.35234458459541984,-0.8017362427060963,2.1860048146748907,0.23094356296436025,2.681263238880851
0.522344847479711,0.2811361600804287,0.35225385959526734,-0.8015826370112992,2.1865734271767217,0.2305726629640551,2.6811197957551642
0.5225292474794057,0.2812274475805811,0.3524369970955725,-0.8015211250661969,2.1860995834251957,0.2313144629646654,2.6815023107569953
0.5221604474800163,0.2812274475805811,0.3524369970955725,-0.8013369375668076,2.1861943521755007,0.23103628796443665,2.681263238880851
0.6079937613120235,0.3331335901984912,0.43920631089214907,-0.33002247828315284,2.6219493066157096,0.36061420853444115,2.6748316115314585
0.6079937613120235,0.33304230269833834,0.4391150233919962,-0.3298382907837631,2.6213806941138786,0.36135600853505145,2.675166312158061
0.6079937613120235,0.33295101519818593,0.43911558589199656,-0.3299609663380505,2.6218545378654046,0.36107783353482226,2.6749750546571454
0.6081781613117186,0.3329195236920349,0.43911558589199656,-0.3299609663380505,2.6217597691150996,0.36117055853489866,2.6750228690323743
0.608270361311566,0.3331020986923402,0.43929816089230184,-0.3299609663380505,2.6217597691150996,0.3609851085347463,2.6750706834076032
0.6079937613120235,0.3331020986923402,0.43929816089230184,-0.32977677883866074,2.6217597691150996,0.36117055853489866,2.6749272402819164
0.6081781613117186,0.3331933861924926,0.43938944839245425,-0.3296846850889661,2.6218545378654046,0.3609851085347463,2.6750706834076032
0.6079015613121762,0.3331020986923402,0.43929816089230184,-0.329592591339271,2.6217597691150996,0.36107783353482226,2.6750706834076032
0.6079937613120235,0.3331020986923402,0.43902261089184397,-0.3299613146739674,2.6219493066157096,0.36117055853489866,2.6750706834076032
0.6080859613118709,0.3331933861924926,0.439481298392607,-0.32971526689355846,2.6218545378654046,0.36107783353482226,2.675118497782832
0.608270361311566,0.3331020986923402,0.43929816089230184,-0.32977677883866074,2.6213806941138786,0.3614487335351274,2.675166312158061
0.6079015613121762,0.3331020986923402,0.43893076089169164,-0.3299307328693748,2.6217597691150996,0.36126328353497505,2.6749272402819164
0.6079937613120235,0.33328467369264503,0.43929703589230157,-0.3298998027288651,2.6219493066157096,0.36126328353497505,2.6749272402819164
0.608270361311566,0.33301081119218734,0.439206873392149,-0.32977677883866074,2.6217597691150996,0.36107783353482226,2.6749272402819164
0.6079015613121762,0.3329195236920349,0.4388400358915387,-0.3299613146739674,2.6218545378654046,0.36107783353482226,2.6750228690323743
0.6079937613120235,0.3331933861924926,0.4392975983923015,-0.3299874642241041,2.6219493066157096,0.36107783353482226,2.6750228690323743
0.6079937613120235,0.3331020986923402,0.43929816089230184,-0.32974176477961203,2.6220440753660146,0.3609851085347463,2.6749750546571454
0.6079937613120235,0.3331020986923402,0.43920631089214907,-0.33017165172349383,2.6215702316144887,0.3617269085353566,2.67521412653329
0.6079937613120235,0.3329195236920349,0.4388400358915387,-0.3300183943646138,2.6214754628641836,0.36117055853489866,2.6750706834076032
0.6081781613117186,0.33282823619188207,0.43874874839138583,-0.33011048811430843,2.6220440753660146,0.36061420853444115,2.6749272402819164
0.6079937613120235,0.3331933861924926,0.439481298392607,-0.33004862783328925,2.6219493066157096,0.36117055853489866,2.6749272402819164
0.6079937613120235,0.3331020986923402,0.4393900108924546,-0.32977234658420485,2.6219493066157096,0.36117055853489866,2.6750228690323743
0.608270361311566,0.3329195236920349,0.4388400358915387,-0.3300183943646138,2.6217597691150996,0.36117055853489866,2.6749272402819164
0.6081781613117186,0.3331020986923402,0.43920631089214907,-0.32971118297501967,2.6218545378654046,0.3608923835346699,2.6750228690323743
0.6081781613117186,0.3331020986923402,0.43929816089230184,-0.3299259522790018,2.6219493066157096,0.3609851085347463,2.6749272402819164
0.6081781613117186,0.3331020986923402,0.43920631089214907,-0.3299874642241041,2.6218545378654046,0.36107783353482226,2.6750228690323743
0.6081781613117186,0.33328467369264503,0.4393888858924539,-0.33007955797379873,2.6218545378654046,0.36107783353482226,2.6750228690323743
0.6081781613117186,0.3331020986923402,0.43902261089184397,-0.3300183943646138,2.6220440753660146,0.36107783353482226,2.6750228690323743
0.608270361311566,0.33282823619188207,0.4390242983918437,-0.32974176477961203,2.6217597691150996,0.36107783353482226,2.6749750546571454
0.6079937613120235,0.3331020986923402,0.43920631089214907,-0.3298032767247143,2.6214754628641836,0.36126328353497505,2.6750706834076032
0.608270361311566,0.3331020986923402,0.4393900108924546,-0.32968025283450975,2.6215702316144887,0.36117055853489866,2.6750706834076032
0.6083625613114133,0.3331020986923402,0.4393900108924546,-0.3295881590848151,2.6217597691150996,0.36135600853505145,2.6750706834076032
0.608270361311566,0.3331020986923402,0.43929816089230184,-0.32983385852930713,2.6218545378654046,0.36126328353497505,2.6749272402819164
0.6079937613120235,0.3331933861924926,0.43957314839275935,-0.32961874088940774,2.6225179191175405,0.3607069335345171,2.6747837971562296
0.608270361311566,0.3331933861924926,0.4392975983923015,-0.3298032767247143,2.6220440753660146,0.3609851085347463,2.6749272402819164
0.608270361311566,0.3331020986923402,0.43920631089214907,-0.3298032767247143,2.6217597691150996,0.36117055853489866,2.675118497782832
0.6080859613118709,0.3332248776986436,0.439481298392607,-0.32977234658420485,2.6219493066157096,0.36117055853489866,2.675118497782832
0.6081781613117186,0.33295101519818593,0.43911558589199656,-0.32974176477961203,2.6217597691150996,0.3609851085347463,2.6750228690323743
0.6081781613117186,0.3331335901984912,0.43920631089214907,-0.3298953704744094,2.6221388441163196,0.3608923835346699,2.6749272402819164
0.6079937613120235,0.3331335901984912,0.43893076089169164,-0.3300799063097158,2.6215702316144887,0.3614487335351274,2.6753575696589764
0.608270361311566,0.3332248776986436,0.43938944839245425,-0.32983385852930713,2.6214754628641836,0.3617269085353566,2.6754053840342054
0.6079937613120235,0.3331335901984912,0.43902261089184397,-0.3300183943646138,2.6217597691150996,0.36107783353482226,2.675118497782832
0.6079937613120235,0.33295101519818593,0.4390237358918438,-0.3298953704744094,2.6215702316144887,0.36117055853489866,2.675118497782832
0.608270361311566,0.3334987401991013,0.43957146089275917,-0.3298953704744094,2.6217597691150996,0.36107783353482226,2.6749750546571454
0.6081781613117186,0.33331616519879603,0.4392051858921488,-0.3299263006149187,2.6218545378654046,0.36117055853489866,2.675118497782832
0.6079937613120235,0.3331335901984912,0.43911446089199674,-0.3299568824195115,2.6218545378654046,0.3609851085347463,2.6750706834076032
0.6079937613120235,0.33295101519818593,0.43920743589214933,-0.32968025283450975,2.6221388441163196,0.36126328353497505,2.6750706834076032
0.608270361311566,0.33304230269833834,0.4391150233919962,-0.3295620095346787,2.6217597691150996,0.36135600853505145,2.6750228690323743
0.6079937613120235,0.3331335901984912,0.43911446089199674,-0.32971561522947535,2.6221388441163196,0.3607996585345935,2.6749750546571454
0.6079937613120235,0.3332248776986436,0.4392975983923015,-0.3295620095346787,2.6216650003647937,0.36117055853489866,2.6749750546571454
0.608270361311566,0.33285972769803307,0.4386568983912335,-0.3299307328693748,2.6220440753660146,0.36117055853489866,2.6750706834076032
0.6081781613117186,0.3331335901984912,0.4393900108924546,-0.32943898564447405,2.6221388441163196,0.3607069335345171,2.6747837971562296
0.6079937613120235,0.33295101519818593,0.43893188589169146,-0.32971561522947535,2.6218545378654046,0.36107783353482226,2.6750706834076032
0.608270361311566,0.3332248776986436,0.4392975983923015,-0.32974619703406843,2.6223283816169305,0.36061420853444115,2.6749272402819164
0.6081781613117186,0.33295101519818593,0.43911558589199656,-0.3296846850889661,2.6220440753660146,0.36107783353482226,2.6750228690323743
0.608270361311566,0.3331335901984912,0.43920631089214907,-0.32974619703406843,2.6217597691150996,0.36117055853489866,2.6749272402819164
0.6084547613112606,0.3332248776986436,0.4391138983919964,-0.32977712717457763,2.6219493066157096,0.36135600853505145,2.675118497782832
0.608270361311566,0.3331335901984912,0.43920631089214907,-0.32965410328437333,2.6219493066157096,0.3609851085347463,2.6750228690323743
0.608270361311566,0.3331335901984912,0.43902261089184397,-0.329685033424883,2.6217597691150996,0.36126328353497505,2.675166312158061
0.6079015613121762,0.3334074526989489,0.43948017339260675,-0.32965410328437333,2.6217597691150996,0.36117055853489866,2.675118497782832
0.6079937613120235,0.33331616519879603,0.4392051858921488,-0.329685033424883,2.6221388441163196,0.3607069335345171,2.6749750546571454
0.6083625613114133,0.33304230269833834,0.4391150233919962,-0.32965410328437333,2.6217597691150996,0.36107783353482226,2.675118497782832
0.6079937613120235,0.3331335901984912,0.43920631089214907,-0.3298382907837631,2.6223283816169305,0.36061420853444115,2.6749272402819164
0.608270361311566,0.3331335901984912,0.43929816089230184,-0.32977677883866074,2.6218545378654046,0.36107783353482226,2.6750706834076032
0.6079937613120235,0.3331335901984912,0.43920631089214907,-0.3298382907837631,2.6218545378654046,0.36117055853489866,2.6750706834076032
0.608270361311566,0.3331335901984912,0.43902261089184397,-0.32977712717457763,2.6221388441163196,0.3609851085347463,2.6748794259066875
0.6079015613121762,0.33304230269833834,0.4391150233919962,-0.32965410328437333,2.6217597691150996,0.36107783353482226,2.6750228690323743
0.6080859613118709,0.3331335901984912,0.43948186089260693,-0.329285379949677,2.6219493066157096,0.36117055853489866,2.6750706834076032
0.6080859613118709,0.3331335901984912,0.43920631089214907,-0.3298382907837631,2.6216650003647937,0.3614487335351274,2.6753097552837475
0.6079015613121762,0.3334074526989489,0.43948017339260675,-0.3298382907837631,2.6218545378654046,0.36135600853505145,2.6750228690323743
0.6081781613117186,0.33295101519818593,0.4388400358915387,-0.329685033424883,2.6221388441163196,0.3609851085347463,2.6749750546571454
0.608270361311566,0.3331335901984912,0.43902261089184397,-0.32977712717457763,2.6217597691150996,0.36117055853489866,2.6750228690323743
0.6081781613117186,0.33295101519818593,0.4388400358915387,-0.3295929396751879,2.6219493066157096,0.36117055853489866,2.675118497782832
0.6083625613114133,0.33295101519818593,0.4390237358918438,-0.3298382907837631,2.6220440753660146,0.36107783353482226,2.675118497782832
0.6079937613120235,0.3331335901984912,0.43911446089199674,-0.32971561522947535,2.6217597691150996,0.3609851085347463,2.675166312158061
0.6081781613117186,0.3331335901984912,0.43902261089184397,-0.329685033424883,2.6220440753660146,0.36107783353482226,2.6750706834076032
0.6081781613117186,0.33295101519818593,0.4390237358918438,-0.32974619703406843,2.6221388441163196,0.3608923835346699,2.6749750546571454
0.6083625613114133,0.3332248776986436,0.4392975983923015,-0.3298382907837631,2.6220440753660146,0.36107783353482226,2.6749750546571454
0.6083625613114133,0.33307379420448935,0.4391150233919962,-0.32965410328437333,2.6213806941138786,0.3614487335351274,2.6754531984094343
0.6079937613120235,0.3332563692047946,0.4392975983923015,-0.3294699157849836,2.6220440753660146,0.3609851085347463,2.675166312158061
0.6079937613120235,0.33307379420448935,0.4388394733915388,-0.32974654536998504,2.6218545378654046,0.36107783353482226,2.675118497782832
0.608270361311566,0.33334765670494704,0.4393888858924539,-0.3295620095346787,2.6212859253635736,0.3617269085353566,2.6754531984094343
0.6081781613117186,0.3331650817046422,0.43902261089184397,-0.32977712717457763,2.6218545378654046,0.36107783353482226,2.6750228690323743
0.6079937613120235,0.33298250670433693,0.4390237358918438,-0.32965410328437333,2.6217597691150996,0.36107783353482226,2.6750706834076032
0.6081781613117186,0.3331650817046422,0.43902261089184397,-0.3295008459254932,2.6220440753660146,0.36117055853489866,2.6750706834076032
0.608270361311566,0.3331650817046422,0.43920631089214907,-0.3295620095346787,2.6223283816169305,0.36061420853444115,2.6748794259066875
0.6079937613120235,0.3334389442050999,0.4393883233924544,-0.3298998027288651,2.6218545378654046,0.36117055853489866,2.675166312158061
0.608270361311566,0.3331650817046422,0.43911446089199674,-0.3296235214797807,2.6217597691150996,0.36107783353482226,2.6750228690323743
0.608270361311566,0.3331650817046422,0.43902261089184397,-0.329685033424883,2.6220440753660146,0.36107783353482226,2.6750228690323743
0.6079937613120235,0.33334765670494704,0.43948073589260667,-0.329592591339271,2.6218545378654046,0.3609851085347463,2.675166312158061
0.608270361311566,0.3332563692047946,0.43920574839214915,-0.32980770897917044,2.6220440753660146,0.3609851085347463,2.675166312158061
0.6080859613118709,0.33298250670433693,0.4390237358918438,-0.32922864859494794,2.6220440753660146,0.36107783353482226,2.675118497782832
0.6079937613120235,0.3331650817046422,0.4393900108924546,-0.3290135309550487,2.6218545378654046,0.36107783353482226,2.67521412653329
0.6081781613117186,0.3331650817046422,0.43929816089230184,-0.32953551164862516,2.6221388441163196,0.36107783353482226,2.6749750546571454
0.6079937613120235,0.3331650817046422,0.43920631089214907,-0.3294128360943377,2.6217597691150996,0.36135600853505145,2.675118497782832
0.6079937613120235,0.3331650817046422,0.43920631089214907,-0.3294128360943377,2.6221388441163196,0.3607069335345171,2.6749272402819164
0.608270361311566,0.33334765670494704,0.43929703589230157,-0.32956644178913436,2.6218545378654046,0.36107783353482226,2.6749750546571454
0.6081781613117186,0.3331650817046422,0.43911446089199674,-0.32956644178913436,2.6215702316144887,0.3614487335351274,2.6752619409085185
0.608270361311566,0.3332563692047946,0.4392975983923015,-0.32922864859494794,2.6219493066157096,0.36117055853489866,2.6750706834076032
0.6079937613120235,0.3331650817046422,0.43902261089184397,-0.32944376623484695,2.6216650003647937,0.36126328353497505,2.67521412653329
0.6079937613120235,0.3331650817046422,0.43920631089214907,-0.32950492984403235,2.6220440753660146,0.36117055853489866,2.675166312158061
0.608270361311566,0.3332563692047946,0.4391138983919964,-0.32953585998454205,2.6221388441163196,0.3608923835346699,2.6750706834076032
0.608270361311566,0.3332563692047946,0.43938944839245425,-0.32944341789893006,2.6219493066157096,0.36107783353482226,2.6752619409085185
0.608270361311566,0.33334765670494704,0.43929703589230157,-0.3297506292885241,2.6218545378654046,0.36126328353497505,2.675118497782832
0.6079015613121762,0.3331650817046422,0.43920631089214907,-0.32959702359372745,2.6212859253635736,0.36181963353543256,2.6754053840342054
0.6081781613117186,0.33298250670433693,0.4390237358918438,-0.32950492984403235,2.6218545378654046,0.36126328353497505,2.67521412653329
0.608270361311566,0.3331650817046422,0.43920631089214907,-0.3293207423446426,2.6220440753660146,0.3607996585345935,2.6749272402819164
0.6079015613121762,0.33298250670433693,0.43911558589199656,-0.32944341789893006,2.6218545378654046,0.36135600853505145,2.675118497782832
0.6079015613121762,0.3332563692047946,0.4392975983923015,-0.32950492984403235,2.6221388441163196,0.3609851085347463,2.675166312158061
0.6079937613120235,0.3331650817046422,0.43929816089230184,-0.32944341789893006,2.6217597691150996,0.3614487335351274,2.6750706834076032
0.6079937613120235,0.3331650817046422,0.43929816089230184,-0.3296276053983198,2.6218545378654046,0.36126328353497505,2.6750228690323743
0.608270361311566,0.33307379420448935,0.4391150233919962,-0.32922864859494794,2.6219493066157096,0.36107783353482226,2.6750706834076032
0.6079937613120235,0.3331650817046422,0.43911446089199674,-0.3294743480394397,2.6221388441163196,0.36107783353482226,2.6750706834076032
0.6083625613114133,0.3331650817046422,0.43929816089230184,-0.32953551164862516,2.6221388441163196,0.36117055853489866,2.675166312158061
0.6079937613120235,0.3331650817046422,0.43920631089214907,-0.3294128360943377,2.6218545378654046,0.36117055853489866,2.6750228690323743
0.608270361311566,0.3332563692047946,0.43938944839245425,-0.32944341789893006,2.6220440753660146,0.36107783353482226,2.675118497782832
0.6079937613120235,0.3332563692047946,0.43920574839214915,-0.3291980667903553,2.6220440753660146,0.36117055853489866,2.6750706834076032
0.6081781613117186,0.3334389442050999,0.43948017339260675,-0.3294128360943377,2.6219493066157096,0.36117055853489866,2.6749750546571454
0.608270361311566,0.3332563692047946,0.4391138983919964,-0.32944376623484695,2.6212859253635736,0.36191235853550896,2.6754531984094343
0.6079937613120235,0.3331650817046422,0.43902261089184397,-0.3296279537342367,2.6223283816169305,0.3609851085347463,2.6749272402819164
0.6080859613118709,0.3332563692047946,0.43902204839184406,-0.329597371929644,2.6221388441163196,0.36117055853489866,2.6750706834076032
0.6081781613117186,0.33334765670494704,0.4393888858924539,-0.3291365548452533,2.6220440753660146,0.36107783353482226,2.6752619409085185
0.608270361311566,0.3331650817046422,0.43902261089184397,-0.32953585998454205,2.6219493066157096,0.36107783353482226,2.675166312158061
0.608270361311566,0.3332563692047946,0.43938944839245425,-0.32944341789893006,2.6217597691150996,0.3614487335351274,2.675166312158061
0.6081781613117186,0.33334765670494704,0.43975628589306454,-0.32907469456423366,2.6223283816169305,0.3609851085347463,2.6750706834076032
0.6081781613117186,0.3331650817046422,0.43902261089184397,-0.32953585998454205,2.6220440753660146,0.36117055853489866,2.6749272402819164
0.6080859613118709,0.3331650817046422,0.43929816089230184,-0.3292592303995403,2.6221388441163196,0.3609851085347463,2.6749272402819164
0.6079937613120235,0.3331650817046422,0.4393900108924546,-0.32947399970352287,2.6216650003647937,0.36117055853489866,2.675118497782832
0.608270361311566,0.3335302317052523,0.43957146089275917,-0.3294128360943377,2.6219493066157096,0.36117055853489866,2.6750706834076032
0.608270361311566,0.33307379420448935,0.4390231733918439,-0.3291980667903553,2.6218545378654046,0.36117055853489866,2.675118497782832
0.6079937613120235,0.3331650817046422,0.43920631089214907,-0.32922864859494794,2.6220440753660146,0.36107783353482226,2.6750228690323743
0.6079937613120235,0.3331650817046422,0.43911446089199674,-0.32929016054004995,2.6221388441163196,0.3607996585345935,2.6749750546571454
0.6079937613120235,0.3331650817046422,0.43902261089184397,-0.3296279537342367,2.6216650003647937,0.3615414585352038,2.675118497782832
0.6079937613120235,0.3328912192041841,0.43856504839108074,-0.32956679012505125,2.6217597691150996,0.36135600853505145,2.675166312158061
0.6079015613121762,0.3328912192041841,0.43893244839169093,-0.3293207423446426,2.6217597691150996,0.36135600853505145,2.675166312158061
0.608270361311566,0.3331650817046422,0.43902261089184397,-0.32944376623484695,2.6221388441163196,0.3609851085347463,2.6749750546571454
0.608270361311566,0.33334765670494704,0.4393888858924539,-0.32950492984403235,2.6218545378654046,0.36107783353482226,2.675118497782832
0.6079937613120235,0.3331650817046422,0.43920631089214907,-0.3294128360943377,2.6219493066157096,0.36117055853489866,2.675118497782832
0.6084547613112606,0.3331650817046422,0.43920631089214907,-0.3293207423446426,2.6219493066157096,0.3609851085347463,2.675118497782832
0.608270361311566,0.33334765670494704,0.4392051858921488,-0.32944376623484695,2.6219493066157096,0.36135600853505145,2.675118497782832
0.608270361311566,0.3331650817046422,0.43920631089214907,-0.32950492984403235,2.6217597691150996,0.36117055853489866,2.67521412653329
0.6079937613120235,0.33334765670494704,0.4392051858921488,-0.3297200474839318,2.6218545378654046,0.36126328353497505,2.675118497782832
0.608270361311566,0.33279993170403166,0.4389330108916913,-0.3292592303995403,2.6218545378654046,0.36135600853505145,2.675118497782832
0.6081781613117186,0.33334765670494704,0.4393888858924539,-0.32950492984403235,2.6213806941138786,0.3617269085353566,2.6754531984094343
0.608270361311566,0.33307379420448935,0.4391150233919962,-0.3294128360943377,2.6220440753660146,0.3614487335351274,2.67521412653329
0.6079015613121762,0.3332563692047946,0.4392975983923015,-0.32950492984403235,2.6219493066157096,0.3609851085347463,2.6750706834076032
0.608270361311566,0.3331965732107932,0.43929816089230184,-0.32916713664984565,2.6219493066157096,0.3614487335351274,2.6752619409085185
0.6079937613120235,0.3332878607109456,0.43938944839245425,-0.32916713664984565,2.6221388441163196,0.36117055853489866,2.67521412653329
0.6081781613117186,0.3331965732107932,0.43929816089230184,-0.32944341789893006,2.6218545378654046,0.36117055853489866,2.6750228690323743
0.6081781613117186,0.33337914821109804,0.43929703589230157,-0.3294743480394397,2.6218545378654046,0.36117055853489866,2.675166312158061
0.6079937613120235,0.3331965732107932,0.43929816089230184,-0.32953551164862516,2.6215702316144887,0.36117055853489866,2.6752619409085185
0.6080859613118709,0.33337914821109804,0.4393888858924539,-0.3293207423446426,2.6219493066157096,0.36135600853505145,2.675166312158061
0.608270361311566,0.3329227107103351,0.4390242983918437,-0.32916713664984565,2.6219493066157096,0.36135600853505145,2.675166312158061
0.6079937613120235,0.33337914821109804,0.43929703589230157,-0.32914098709970896,2.6217597691150996,0.3615414585352038,2.6754053840342054
0.6081781613117186,0.33310528571064035,0.438747623391386,-0.32950971043440536,2.6221388441163196,0.36107783353482226,2.675166312158061
0.608270361311566,0.3329227107103351,0.43874874839138583,-0.329386686544201,2.6217597691150996,0.3617269085353566,2.6754053840342054
0.6081781613117186,0.33301399821048794,0.4390237358918438,-0.3291715689043016,2.6223283816169305,0.3607069335345171,2.6748794259066875
0.6084547613112606,0.3332878607109456,0.4391138983919964,-0.3292945927945059,2.6218545378654046,0.36117055853489866,2.675166312158061
0.6079937613120235,0.3331965732107932,0.43920631089214907,-0.32907947515460695,2.6221388441163196,0.3609851085347463,2.6750706834076032
0.6079937613120235,0.3332878607109456,0.43938944839245425,-0.3290179632095046,2.6218545378654046,0.36107783353482226,2.67521412653329
0.608270361311566,0.3332878607109456,0.43920574839214915,-0.32914098709970896,2.6221388441163196,0.36107783353482226,2.6750706834076032
0.6084547613112606,0.3332878607109456,0.4396649983929121,-0.32910970862328237,2.6219493066157096,0.36107783353482226,2.675166312158061
0.6079937613120235,0.33301399821048794,0.4388400358915387,-0.32920249904481125,2.6218545378654046,0.36107783353482226,2.67521412653329
0.6081781613117186,0.3332878607109456,0.439481298392607,-0.32914063876379207,2.6214754628641836,0.3614487335351274,2.6754053840342054
0.608270361311566,0.3332878607109456,0.4391138983919964,-0.3292945927945059,2.6217597691150996,0.36135600853505145,2.675166312158061
0.6084547613112606,0.3331965732107932,0.43920631089214907,-0.32935575640369136,2.6221388441163196,0.36117055853489866,2.67521412653329
0.6079937613120235,0.3331965732107932,0.43893076089169164,-0.32917191724021866,2.6220440753660146,0.36117055853489866,2.67521412653329
0.608270361311566,0.3331965732107932,0.43902261089184397,-0.3291104052951166,2.6217597691150996,0.3615414585352038,2.6753575696589764
0.6083625613114133,0.3332878607109456,0.4392975983923015,-0.3291715689043016,2.6218545378654046,0.36135600853505145,2.6752619409085185
0.6081781613117186,0.33310528571064035,0.4390231733918439,-0.3292330808494036,2.6226126878678455,0.3609851085347463,2.6749750546571454
0.6079937613120235,0.3332878607109456,0.4391138983919964,-0.32920249904481125,2.6219493066157096,0.36117055853489866,2.6750706834076032
0.6083625613114133,0.3332878607109456,0.43920574839214915,-0.3290488933500143,2.6219493066157096,0.36117055853489866,2.67521412653329
0.6079937613120235,0.3331965732107932,0.43920631089214907,-0.3291715689043016,2.6219493066157096,0.36117055853489866,2.6750706834076032
0.608270361311566,0.3334704357112509,0.43920462339214933,-0.3292640109899133,2.6223283816169305,0.3607996585345935,2.6749750546571454
0.608270361311566,0.3332878607109456,0.4391138983919964,-0.3292945927945059,2.6217597691150996,0.36117055853489866,2.6750706834076032
0.6079937613120235,0.3331965732107932,0.43920631089214907,-0.3289873814049123,2.6216650003647937,0.3614487335351274,2.6753097552837475
0.6084547613112606,0.3332878607109456,0.4391138983919964,-0.32920249904481125,2.6218545378654046,0.3609851085347463,2.6750706834076032
0.6079937613120235,0.3332878607109456,0.4392975983923015,-0.3292636626539967,2.6219493066157096,0.36126328353497505,2.675166312158061
0.6086391613109553,0.3332878607109456,0.43938944839245425,-0.3290179632095046,2.6222336128666246,0.3609851085347463,2.6749750546571454
0.6079015613121762,0.3332878607109456,0.4392975983923015,-0.3292636626539967,2.6218545378654046,0.3614487335351274,2.6753097552837475
0.608270361311566,0.3332878607109456,0.43938944839245425,-0.329294244458589,2.6220440753660146,0.36107783353482226,2.6750706834076032
0.6083625613114133,0.33337914821109804,0.4393888858924539,-0.32935575640369136,2.6218545378654046,0.36117055853489866,2.6752619409085185
0.608270361311566,0.33337914821109804,0.4392051858921488,-0.32920249904481125,2.6222336128666246,0.36117055853489866,2.6750706834076032
0.608270361311566,0.33337914821109804,0.43948073589260667,-0.329294244458589,2.6220440753660146,0.36107783353482226,2.6750706834076032
0.6084547613112606,0.3331965732107932,0.43893076089169164,-0.32917191724021866,2.6219493066157096,0.36107783353482226,2.67521412653329
0.608270361311566,0.3335617232114033,0.43957146089275917,-0.3292636626539967,2.6220440753660146,0.36117055853489866,2.675118497782832
0.608270361311566,0.33310528571064035,0.4390231733918439,-0.3292330808494036,2.6221388441163196,0.36135600853505145,2.67521412653329
0.608270361311566,0.33337914821109804,0.4393888858924539,-0.3292636626539967,2.6220440753660146,0.36135600853505145,2.675166312158061
0.6079937613120235,0.3331965732107932,0.43911446089199674,-0.3290488933500143,2.6218545378654046,0.36117055853489866,2.67521412653329
0.608270361311566,0.3334704357112509,0.43920462339214933,-0.3292640109899133,2.6215702316144887,0.3614487335351274,2.6753575696589764
0.608270361311566,0.3331965732107932,0.43911446089199674,-0.3290488933500143,2.6222336128666246,0.36107783353482226,2.6750706834076032
0.6084547613112606,0.3331965732107932,0.43902261089184397,-0.3292945927945059,2.6220440753660146,0.36117055853489866,2.675166312158061
0.6084547613112606,0.33337914821109804,0.4392051858921488,-0.329386686544201,2.6224231503672355,0.36107783353482226,2.6750228690323743
0.608270361311566,0.3331965732107932,0.43893076089169164,-0.32935610473960797,2.6221388441163196,0.36117055853489866,2.675166312158061
0.608270361311566,0.3332878607109456,0.4392975983923015,-0.3291715689043016,2.6219493066157096,0.36117055853489866,2.675166312158061
0.608546961311108,0.33337914821109804,0.4392051858921488,-0.3292945927945059,2.6222336128666246,0.36135600853505145,2.6750228690323743
0.608270361311566,0.3331965732107932,0.43920631089214907,-0.32907947515460695,2.6216650003647937,0.36135600853505145,2.6754531984094343
0.6080859613118709,0.3332878607109456,0.4392975983923015,-0.32907947515460695,2.6218545378654046,0.36117055853489866,2.675166312158061
0.608270361311566,0.3332878607109456,0.4392975983923015,-0.32907947515460695,2.6221388441163196,0.36107783353482226,2.6750706834076032
0.608270361311566,0.33337914821109804,0.4392051858921488,-0.3292945927945059,2.6218545378654046,0.36126328353497505,2.6752619409085185
0.6083625613114133,0.33337914821109804,0.4392051858921488,-0.3291104052951166,2.6217597691150996,0.36135600853505145,2.6753097552837475
0.608270361311566,0.33337914821109804,0.4393888858924539,-0.3291715689043016,2.6218545378654046,0.3614487335351274,2.675118497782832
0.6081781613117186,0.33310528571064035,0.4390231733918439,-0.3292330808494036,2.6221388441163196,0.3609851085347463,2.6749750546571454
0.608270361311566,0.3331965732107932,0.43893076089169164,-0.3295402922389977,2.6220440753660146,0.3614487335351274,2.67521412653329
0.6079937613120235,0.3331965732107932,0.43902261089184397,-0.3292945927945059,2.6221388441163196,0.3609851085347463,2.675118497782832
0.608270361311566,0.33310528571064035,0.439206873392149,-0.32892586945980995,2.6222336128666246,0.36126328353497505,2.67521412653329
0.608270361311566,0.3329227107103351,0.4390242983918437,-0.32911005695919926,2.6220440753660146,0.36126328353497505,2.675118497782832
0.608270361311566,0.3332878607109456,0.4392975983923015,-0.3291715689043016,2.6213806941138786,0.3614487335351274,2.67521412653329
0.6084547613112606,0.33337914821109804,0.4392051858921488,-0.329386686544201,2.6217597691150996,0.36135600853505145,2.675166312158061
0.6081781613117186,0.3332878607109456,0.4392975983923015,-0.32907947515460695,2.6214754628641836,0.3614487335351274,2.6754053840342054
0.6084547613112606,0.3332878607109456,0.43938944839245425,-0.32911005695919926,2.6220440753660146,0.36135600853505145,2.675166312158061
0.6081781613117186,0.3332878607109456,0.43938944839245425,-0.32892586945980995,2.6220440753660146,0.3609851085347463,2.6750228690323743
0.6079937613120235,0.3335617232114033,0.43947961089260684,-0.3292330808494036,2.6210963878629627,0.36200508353558536,2.6755966415351207
0.6083625613114133,0.3332878607109456,0.43920574839214915,-0.3292330808494036,2.6218545378654046,0.36135600853505145,2.6750706834076032
0.608270361311566,0.3335617232114033,0.43957146089275917,-0.32935575640369136,2.6225179191175405,0.3607069335345171,2.6749750546571454
0.608270361311566,0.33301399821048794,0.4390237358918438,-0.32907947515460695,2.6218545378654046,0.36117055853489866,2.675166312158061
0.608270361311566,0.3331965732107932,0.43911446089199674,-0.3290488933500143,2.6221388441163196,0.36117055853489866,2.6750706834076032
0.6084547613112606,0.3331965732107932,0.43902261089184397,-0.32920249904481125,2.6217597691150996,0.36107783353482226,2.675166312158061
0.608270361311566,0.3332878607109456,0.4391138983919964,-0.3292945927945059,2.6221388441163196,0.3609851085347463,2.6752619409085185
0.608270361311566,0.33337914821109804,0.4393888858924539,-0.32907947515460695,2.6219493066157096,0.36117055853489866,2.67521412653329
0.6084299892512257,0.3332878607109456,0.4392975983923015,-0.3291715689043016,2.6221388441163196,0.3608923835346699,2.6750706834076032
0.6079689892519886,0.3331965732107932,0.43920631089214907,-0.3289873814049123,2.6214754628641836,0.36181963353543256,2.6754053840342054
0.6079689892519886,0.3331965732107932,0.43920631089214907,-0.32907947515460695,2.6217597691150996,0.36135600853505145,2.675166312158061
0.608245589251531,0.33310528571064035,0.4391150233919962,-0.3289873814049123,2.6219493066157096,0.36107783353482226,2.6750706834076032
0.6084299892512257,0.3332878607109456,0.439481298392607,-0.32904854501409697,2.6220440753660146,0.36117055853489866,2.6750228690323743
0.6079689892519886,0.3332878607109456,0.43920574839214915,-0.3292330808494036,2.6222336128666246,0.3607996585345935,2.6750706834076032
0.6081533892516837,0.3332878607109456,0.4391138983919964,-0.3292945927945059,2.6219493066157096,0.36126328353497505,2.6750706834076032
0.608245589251531,0.3332878607109456,0.4391138983919964,-0.3291104052951166,2.6219493066157096,0.3616341835352802,2.675166312158061
0.608245589251531,0.3332878607109456,0.4391138983919964,-0.3292945927945059,2.6222336128666246,0.36126328353497505,2.6750706834076032
0.6084299892512257,0.3335617232114033,0.4397551608930647,-0.32904854501409697,2.6223283816169305,0.36107783353482226,2.6750706834076032
0.6079689892519886,0.33310528571064035,0.4391150233919962,-0.32880319390552254,2.6217597691150996,0.36135600853505145,2.675166312158061
0.6079689892519886,0.33310528571064035,0.4390231733918439,-0.3290488933500143,2.6213806941138786,0.36191235853550896,2.6754531984094343
0.6078767892521413,0.3331965732107932,0.43893076089169164,-0.32917191724021866,2.6220440753660146,0.36117055853489866,2.67521412653329
0.6083377892513784,0.3331965732107932,0.43911446089199674,-0.32886470585062455,2.6220440753660146,0.36135600853505145,2.6752619409085185
0.6080611892518359,0.3332878607109456,0.4392975983923015,-0.3288952876552172,2.6217597691150996,0.36117055853489866,2.6753097552837475
0.6083377892513784,0.3331965732107932,0.43911446089199674,-0.32886470585062455,2.6221388441163196,0.36135600853505145,2.6750706834076032
0.6078767892521413,0.33337914821109804,0.4393888858924539,-0.3289873814049123,2.6220440753660146,0.36126328353497505,2.6750228690323743
0.6079689892519886,0.3332878607109456,0.43938944839245425,-0.3290179632095046,2.6220440753660146,0.36135600853505145,2.675166312158061
0.608245589251531,0.3332878607109456,0.4392975983923015,-0.3288382079645713,2.6218545378654046,0.3614487335351274,2.67521412653329
0.6079689892519886,0.3329227107103351,0.43874874839138583,-0.32905332560447026,2.6220440753660146,0.36117055853489866,2.67521412653329
0.6081533892516837,0.3332878607109456,0.43938944839245425,-0.32868460226977386,2.6218545378654046,0.3614487335351274,2.675166312158061
0.6079689892519886,0.3332878607109456,0.4392975983923015,-0.3288382079645713,2.6220440753660146,0.36126328353497505,2.675166312158061
0.6083377892513784,0.3331965732107932,0.43911446089199674,-0.32889971990967326,2.6221388441163196,0.36117055853489866,2.675166312158061
0.608245589251531,0.3332878607109456,0.4392975983923015,-0.3288382079645713,2.6220440753660146,0.36126328353497505,2.6753097552837475
0.608245589251531,0.33301399821048794,0.4388400358915387,-0.3289612318547756,2.6219493066157096,0.36117055853489866,2.67521412653329
0.6083377892513784,0.33331935221709663,0.43902204839184406,-0.3290227437998776,2.6212859253635736,0.3617269085353566,2.6756444559103496
0.6084299892512257,0.3332280647169442,0.43948186089260693,-0.32865367212926466,2.6220440753660146,0.36126328353497505,2.6750706834076032
0.6079689892519886,0.33331935221709663,0.4392975983923015,-0.3288382079645713,2.6219493066157096,0.36126328353497505,2.67521412653329
0.6079689892519886,0.3332280647169442,0.43929816089230184,-0.32877669601946896,2.6217597691150996,0.36126328353497505,2.675166312158061
0.6079689892519886,0.3329542022164861,0.43874874839138583,-0.32905332560447026,2.6220440753660146,0.36126328353497505,2.6752619409085185
0.696377014839431,0.38611325236698246,0.5280309035971551,0.1462184743411906,3.0453615163431156,0.509366519410684,2.6798122085353664
0.6964692148392784,0.38611325236698246,0.5281227535973079,0.1462799862862929,3.0451719788425047,0.509366519410684,2.679955651661053
0.696377014839431,0.3862045398671349,0.5283058910976126,0.14624940448170026,3.0452667475928097,0.5089956194103789,2.6798122085353664
0.696653614838973,0.3862045398671349,0.5279384910970024,0.1460033567012916,3.0454562850934206,0.508810169410226,2.6797643941601375
0.6965614148391257,0.3863273188734383,0.5282134785974599,0.14612638059149594,3.0450772100921997,0.5091810694105312,2.6799078372858243
0.6964692148392784,0.3859621688728282,0.5281238785973077,0.1464030101764972,3.0452667475928097,0.508810169410226,2.6798600229105953
0.6965614148391257,0.3862360313732859,0.5283058910976126,0.14624940448170026,3.0452667475928097,0.5089956194103789,2.679955651661053
0.696377014839431,0.38614474387313347,0.5280309035971551,0.1462184743411906,3.0452667475928097,0.5089028944103025,2.6798600229105953
0.696377014839431,0.3860534563729806,0.5278477660968495,0.14606486864639362,3.0451719788425047,0.5092737944106076,2.680003466036282
0.6962848148395837,0.3859621688728282,0.527756478596697,0.14615696239608827,3.0454562850934206,0.5089028944103025,2.6799078372858243
0.6964692148392784,0.38617623537928447,0.5279390535970023,0.14597277489669852,3.0453615163431156,0.5089028944103025,2.6798600229105953
0.6964692148392784,0.3862675228794369,0.5280303410971547,0.14615696239608827,3.0454562850934206,0.5091810694105312,2.6799078372858243
0.696653614838973,0.3860849478791316,0.5279396160970022,0.14612638059149594,3.0455510538437256,0.5086247194100737,2.6799078372858243
0.696653614838973,0.3863588103795893,0.528397178597765,0.14634149823139492,3.0454562850934206,0.5089956194103789,2.6798122085353664
0.6962848148395837,0.38617623537928447,0.52784720359685,0.1460033567012916,3.0457405913443356,0.5089956194103789,2.680003466036282
0.6965614148391257,0.3863588103795893,0.5281216285973072,0.14615696239608827,3.0453615163431156,0.5089956194103789,2.680003466036282
0.6962848148395837,0.3862675228794369,0.5279384910970024,0.1460033567012916,3.0452667475928097,0.508810169410226,2.680003466036282
0.6964692148392784,0.38617623537928447,0.52784720359685,0.14637173170007067,3.0458353600946415,0.5086247194100737,2.6796687654096796
0.6962848148395837,0.3860849478791316,0.5279396160970022,0.1462184743411906,3.0455510538437256,0.5089028944103025,2.6798600229105953
0.6961926148397359,0.3860849478791316,0.5278477660968495,0.14615696239608827,3.0454562850934206,0.5089028944103025,2.6797643941601375
0.696377014839431,0.3860849478791316,0.528031466097155,0.14618789253659825,3.0456458225940306,0.508810169410226,2.6797643941601375
0.6962848148395837,0.3860849478791316,0.5282151660974601,0.14658719767588696,3.0454562850934206,0.5089028944103025,2.6798122085353664
0.6962848148395837,0.3863588103795893,0.5280297785971548,0.14618754420068136,3.0454562850934206,0.5089028944103025,2.6799078372858243
0.6962848148395837,0.3862675228794369,0.5280303410971547,0.14615696239608827,3.0456458225940306,0.508810169410226,2.6798122085353664
0.6962848148395837,0.3860849478791316,0.5277559160966971,0.1460033567012916,3.0458353600946415,0.508810169410226,2.6798122085353664
0.6964692148392784,0.38617623537928447,0.5280309035971551,0.14612638059149594,3.0455510538437256,0.5089028944103025,2.6798122085353664
0.6962848148395837,0.3859936603789792,0.5278483285968498,0.1463676477815316,3.0454562850934206,0.5089956194103789,2.6798122085353664
0.6962848148395837,0.3860849478791316,0.5278477660968495,0.14649032333581902,3.0453615163431156,0.5089956194103789,2.6798122085353664
0.6964692148392784,0.38617623537928447,0.5280309035971551,0.1463676477815316,3.0453615163431156,0.5089028944103025,2.680003466036282
0.696377014839431,0.3862675228794369,0.5278466410968496,0.14618311194622496,3.0452667475928097,0.5089028944103025,2.6798122085353664
0.6961926148397359,0.3860849478791316,0.5278477660968495,0.14639822958612436,3.0458353600946415,0.5089028944103025,2.6797165797849085
0.696653614838973,0.38617623537928447,0.5279390535970023,0.14639822958612436,3.0455510538437256,0.508810169410226,2.6797643941601375
0.6962848148395837,0.3862675228794369,0.5281221910973075,0.1463676477815316,3.0454562850934206,0.5089028944103025,2.6798600229105953
0.6962848148395837,0.3862675228794369,0.5281221910973075,0.14627555403183695,3.0453615163431156,0.5089028944103025,2.6798600229105953
0.696653614838973,0.3859023728788268,0.5274814910962395,0.14636729944561472,3.0457405913443356,0.5087174444101497,2.6798122085353664
0.6962848148395837,0.3862675228794369,0.5281221910973075,0.1463676477815316,3.0456458225940306,0.5089956194103789,2.6798600229105953
0.6964692148392784,0.3862675228794369,0.5279384910970024,0.146428811390717,3.0451719788425047,0.5095519694108364,2.680051280411511
0.6965614148391257,0.3863588103795893,0.5280297785971548,0.14624462389132725,3.0456458225940306,0.5089956194103789,2.6798122085353664
0.696377014839431,0.3860849478791316,0.5277559160966971,0.146428811390717,3.0454562850934206,0.5089028944103025,2.6798600229105953
0.6962848148395837,0.38617623537928447,0.5279390535970023,0.14630613583642926,3.0454562850934206,0.508810169410226,2.6798122085353664
0.696377014839431,0.3862675228794369,0.5281221910973075,0.1463676477815316,3.0455510538437256,0.5091810694105312,2.6798600229105953
0.6961926148397359,0.3860849478791316,0.528031466097155,0.14661334722602365,3.0456458225940306,0.508810169410226,2.6798122085353664
0.696653614838973,0.3860849478791316,0.5277559160966971,0.14624462389132725,3.0455510538437256,0.5089028944103025,2.680003466036282
0.6964692148392784,0.38617623537928447,0.5280309035971551,0.1463676477815316,3.0448876725915897,0.509366519410684,2.68009909478674
0.696377014839431,0.3862675228794369,0.5279384910970024,0.1461525301416326,3.0456458225940306,0.5089028944103025,2.6798122085353664
0.6964692148392784,0.3860849478791316,0.5278477660968495,0.14630613583642926,3.0461196663455565,0.5084392694099209,2.6796687654096796
0.6962848148395837,0.3860849478791316,0.5277559160966971,0.14661299889010676,3.0456458225940306,0.5089028944103025,2.6797165797849085
0.6965614148391257,0.3862675228794369,0.5279384910970024,0.14652090514041166,3.0453615163431156,0.5089028944103025,2.680003466036282
0.696377014839431,0.3862675228794369,0.5280303410971547,0.14667451083520877,3.0456458225940306,0.508810169410226,2.6797643941601375
0.696653614838973,0.3862675228794369,0.5279384910970024,0.1460604363919375,3.0454562850934206,0.5089956194103789,2.6797643941601375
0.696377014839431,0.3862675228794369,0.5281221910973075,0.14655183528092136,3.0453615163431156,0.5089956194103789,2.680003466036282
0.6964692148392784,0.3860849478791316,0.5279396160970022,0.14655183528092136,3.0453615163431156,0.5089956194103789,2.6799078372858243
0.6962848148395837,0.3860849478791316,0.5276640660965444,0.14645939319530937,3.0455510538437256,0.5089956194103789,2.6799078372858243
0.6962848148395837,0.3860849478791316,0.5278477660968495,0.14649032333581902,3.0451719788425047,0.509366519410684,2.680051280411511
0.696377014839431,0.38617623537928447,0.52784720359685,0.14624462389132725,3.0454562850934206,0.508810169410226,2.6798600229105953
0.696377014839431,0.3860849478791316,0.5278477660968495,0.14630613583642926,3.0450772100921997,0.5095519694108364,2.6801469091619685
0.696653614838973,0.38617623537928447,0.52784720359685,0.146428811390717,3.0459301288449465,0.5082538194097685,2.679525322283993
0.696377014839431,0.3860849478791316,0.5279396160970022,0.1463676477815316,3.0455510538437256,0.508810169410226,2.6798122085353664
0.6961926148397359,0.3860849478791316,0.5277559160966971,0.14661299889010676,3.0453615163431156,0.5089028944103025,2.6799078372858243
0.696653614838973,0.3862675228794369,0.5279384910970024,0.14624462389132725,3.0455510538437256,0.5089028944103025,2.6799078372858243
0.6962848148395837,0.3860849478791316,0.5277559160966971,0.14652090514041166,3.0455510538437256,0.508810169410226,2.6798122085353664
0.696653614838973,0.38663267288004743,0.5283954910977653,0.14667451083520877,3.0456458225940306,0.5092737944106076,2.6798122085353664
0.696653614838973,0.3863273188734383,0.528397178597765,0.14639857792204125,3.0455510538437256,0.5089956194103789,2.6798600229105953
0.696653614838973,0.38614474387313347,0.5277553535966972,0.14636729944561472,3.0455510538437256,0.508810169410226,2.6798122085353664
0.6967458148388208,0.3862360313732859,0.5281221910973075,0.14655183528092136,3.0453615163431156,0.5091810694105312,2.6797643941601375
0.696377014839431,0.3862360313732859,0.5280303410971547,0.14649032333581902,3.0459301288449465,0.5090883444104553,2.6798122085353664
0.696653614838973,0.3860534563729806,0.5279396160970022,0.14673602278031112,3.0451719788425047,0.5092737944106076,2.6798122085353664
0.696653614838973,0.3863273188734383,0.528397178597765,0.1464906716717359,3.0456458225940306,0.5091810694105312,2.6798600229105953
0.6964692148392784,0.38614474387313347,0.52784720359685,0.14633671764102235,3.0457405913443356,0.5089956194103789,2.6799078372858243
0.696377014839431,0.3860534563729806,0.527572216096392,0.1463057875005127,3.0455510538437256,0.508810169410226,2.6798600229105953
0.696653614838973,0.3862360313732859,0.5280303410971547,0.14667451083520877,3.0458353600946415,0.508810169410226,2.6798122085353664
0.696377014839431,0.38614474387313347,0.5280309035971551,0.14664392903061602,3.0456458225940306,0.5089956194103789,2.6797165797849085
0.696653614838973,0.38614474387313347,0.52784720359685,0.146428811390717,3.0455510538437256,0.5089956194103789,2.6798122085353664
0.6962848148395837,0.3860534563729806,0.5276640660965444,0.14645939319530937,3.0451719788425047,0.5092737944106076,2.680003466036282
0.6965614148391257,0.38614474387313347,0.5281227535973079,0.1464291597266339,3.0456458225940306,0.5092737944106076,2.6798122085353664
0.6962848148395837,0.3860849478791316,0.527572216096392,0.1463057875005127,3.0457405913443356,0.5085319944099973,2.6798122085353664
0.6964692148392784,0.38617623537928447,0.5279390535970023,0.14649032333581902,3.0454562850934206,0.508810169410226,2.679955651661053
0.6964692148392784,0.3862675228794369,0.5281221910973075,0.1463676477815316,3.0458353600946415,0.508810169410226,2.6798122085353664
0.6962848148395837,0.38617623537928447,0.5280309035971551,0.1463676477815316,3.0461196663455565,0.508810169410226,2.6797165797849085
0.696377014839431,0.3859936603789792,0.5276646285965447,0.14661299889010676,3.0458353600946415,0.508810169410226,2.6798122085353664
0.6961926148397359,0.38617623537928447,0.5279390535970023,0.14630613583642926,3.0455510538437256,0.5089028944103025,2.6798600229105953
0.6962848148395837,0.3859936603789792,0.5276646285965447,0.146428811390717,3.0458353600946415,0.5089956194103789,2.6798122085353664
0.696653614838973,0.3860849478791316,0.5278477660968495,0.14658241708551367,3.0459301288449465,0.5089956194103789,2.6798600229105953
0.696653614838973,0.3862675228794369,0.5280303410971547,0.14658241708551367,3.0456458225940306,0.5089028944103025,2.679955651661053
0.6962848148395837,0.3863588103795893,0.5281216285973072,0.14658241708551367,3.0456458225940306,0.508810169410226,2.6799078372858243
0.6962848148395837,0.3863588103795893,0.5282134785974599,0.14664392903061602,3.0455510538437256,0.5089956194103789,2.6799078372858243
0.6964692148392784,0.3862675228794369,0.5278466410968496,0.14636729944561472,3.0461196663455565,0.5087174444101497,2.6796687654096796
0.6965614148391257,0.3860849478791316,0.528031466097155,0.1467054409757183,3.0455510538437256,0.5091810694105312,2.6798122085353664
0.6962848148395837,0.38617623537928447,0.52784720359685,0.14652090514041166,3.0456458225940306,0.5089028944103025,2.6798122085353664
0.696377014839431,0.3862675228794369,0.5278466410968496,0.14618311194622496,3.0456458225940306,0.5091810694105312,2.6798122085353664
0.696653614838973,0.3859936603789792,0.527572778596392,0.14664358069469913,3.0454562850934206,0.5089956194103789,2.6798122085353664
0.6962848148395837,0.3859936603789792,0.527572778596392,0.14655148694500447,3.0463092038461674,0.5084392694099209,2.6794775079087643
0.6962848148395837,0.3862675228794369,0.5280303410971547,0.14658241708551367,3.0454562850934206,0.5091810694105312,2.679955651661053
0.696377014839431,0.3862675228794369,0.5281221910973075,0.14655183528092136,3.0453615163431156,0.5091810694105312,2.680051280411511
0.6962848148395837,0.3862675228794369,0.5281221910973075,0.14655183528092136,3.0454562850934206,0.5092737944106076,2.680051280411511
0.6964692148392784,0.3860849478791316,0.5277559160966971,0.14661299889010676,3.0452667475928097,0.5091810694105312,2.680003466036282
0.696653614838973,0.3862675228794369,0.5281221910973075,0.1464597415312267,3.0457405913443356,0.5090883444104553,2.6799078372858243
0.696377014839431,0.38617623537928447,0.5279390535970023,0.14649032333581902,3.0456458225940306,0.5089956194103789,2.680003466036282
0.6962848148395837,0.3863588103795893,0.5280297785971548,0.146428811390717,3.0458353600946415,0.5089956194103789,2.6798122085353664
0.6964692148392784,0.3862675228794369,0.5277547910966973,0.14612160000112295,3.0457405913443356,0.5086247194100737,2.679573136659222
0.6964692148392784,0.3860849478791316,0.5278477660968495,0.14667451083520877,3.0451719788425047,0.5092737944106076,2.6801469091619685
0.6964692148392784,0.38617623537928447,0.5279390535970023,0.14649032333581902,3.0462144350958615,0.5081610944096921,2.6794296935335353
0.6964692148392784,0.3862675228794369,0.5279384910970024,0.14624462389132725,3.0458353600946415,0.5089028944103025,2.680003466036282
0.6964692148392784,0.3862675228794369,0.5281221910973075,0.14655183528092136,3.0458353600946415,0.5089956194103789,2.6797643941601375
0.696653614838973,0.3863588103795893,0.5279379285970021,0.14618311194622496,3.0454562850934206,0.5089028944103025,2.680003466036282
0.696377014839431,0.3862675228794369,0.5278466410968496,0.14618311194622496,3.0459301288449465,0.5087174444101497,2.6797643941601375
0.6964692148392784,0.3863588103795893,0.5279379285970021,0.14645939319530937,3.0455510538437256,0.5090883444104553,2.679955651661053
0.6964692148392784,0.38617623537928447,0.5279390535970023,0.14667451083520877,3.0457405913443356,0.5087174444101497,2.680003466036282
0.696653614838973,0.3862675228794369,0.5280303410971547,0.14630613583642926,3.0456458225940306,0.5089956194103789,2.6798600229105953
0.6964692148392784,0.3862675228794369,0.5279384910970024,0.146428811390717,3.0452667475928097,0.508810169410226,2.6798122085353664
0.6961926148397359,0.3863588103795893,0.5280297785971548,0.14633671764102235,3.0457405913443356,0.508810169410226,2.6798122085353664
0.696377014839431,0.3862675228794369,0.5279384910970024,0.14624462389132725,3.0458353600946415,0.5087174444101497,2.6799078372858243
0.696377014839431,0.3863588103795893,0.5280297785971548,0.146428811390717,3.0454562850934206,0.5089956194103789,2.6798600229105953
0.696377014839431,0.3862675228794369,0.5281221910973075,0.14655183528092136,3.0455510538437256,0.5091810694105312,2.6799078372858243
0.6962848148395837,0.3862675228794369,0.5281221910973075,0.1463676477815316,3.0457405913443356,0.5091810694105312,2.680003466036282
0.6964692148392784,0.3865413853798946,0.5283042035976124,0.14639822958612436,3.0458353600946415,0.5089028944103025,2.6799078372858243
0.696377014839431,0.3863588103795893,0.5281216285973072,0.1462140420867346,3.0457405913443356,0.5092737944106076,2.680003466036282
0.6964692148392784,0.3862675228794369,0.5280303410971547,0.14658241708551367,3.0459301288449465,0.508810169410226,2.6797165797849085
0.6962848148395837,0.3862675228794369,0.5279384910970024,0.14670509263980142,3.0456458225940306,0.5087174444101497,2.6798122085353664
0.6964692148392784,0.38617623537928447,0.5279390535970023,0.14649032333581902,3.0458353600946415,0.5089956194103789,2.6798122085353664
0.6962848148395837,0.3860849478791316,0.5277559160966971,0.146428811390717,3.0462144350958615,0.5084392694099209,2.679620951034451
0.696653614838973,0.3862675228794369,0.5279384910970024,0.14652090514041166,3.0455510538437256,0.5089956194103789,2.6798122085353664
0.696377014839431,0.3863588103795893,0.5281216285973072,0.14630613583642926,3.0456458225940306,0.5090883444104553,2.680003466036282
0.6962848148395837,0.3862675228794369,0.5282140410974603,0.146521253476329,3.0457405913443356,0.508810169410226,2.6798600229105953
0.696377014839431,0.38617623537928447,0.5279390535970023,0.14630613583642926,3.0454562850934206,0.509366519410684,2.680003466036282
0.6964692148392784,0.3862675228794369,0.5281221910973075,0.14664392903061602,3.0458353600946415,0.5091810694105312,2.6798122085353664
0.696377014839431,0.38617623537928447,0.52784720359685,0.14624462389132725,3.0456458225940306,0.5089028944103025,2.6798122085353664
0.696377014839431,0.3862675228794369,0.5276629410965445,0.14633636930510505,3.0457405913443356,0.5087174444101497,2.6797643941601375
0.696377014839431,0.38617623537928447,0.5280309035971551,0.1464597415312267,3.0448876725915897,0.509366519410684,2.6801947235371975
0.6964692148392784,0.3863588103795893,0.5282134785974599,0.14673602278031112,3.0456458225940306,0.5089028944103025,2.6799078372858243
0.696377014839431,0.3859936603789792,0.527756478596697,0.14649032333581902,3.0458353600946415,0.5087174444101497,2.6797165797849085
0.6961926148397359,0.3863588103795893,0.5280297785971548,0.14661299889010676,3.0456458225940306,0.5089956194103789,2.6799078372858243
0.6962848148395837,0.38645009787974216,0.52821291609746,0.14649032333581902,3.0460248975952515,0.5090883444104553,2.6797643941601375
0.6962848148395837,0.38617623537928447,0.5281227535973079,0.1467054409757183,3.0456458225940306,0.5089028944103025,2.6799078372858243
0.6964692148392784,0.38617623537928447,0.5279390535970023,0.14667451083520877,3.0458353600946415,0.5089956194103789,2.6799078372858243
0.6964692148392784,0.3862675228794369,0.5279384910970024,0.14652090514041166,3.0459301288449465,0.508810169410226,2.6799078372858243
0.6964692148392784,0.38617623537928447,0.5279390535970023,0.14667451083520877,3.0453615163431156,0.5092737944106076,2.680051280411511
0.6962848148395837,0.3862675228794369,0.5281221910973075,0.14673602278031112,3.0461196663455565,0.5089956194103789,2.6798122085353664
0.696377014839431,0.3863588103795893,0.5281216285973072,0.14649032333581902,3.0457405913443356,0.5089028944103025,2.6799078372858243
0.696377014839431,0.3860849478791316,0.5279396160970022,0.14655183528092136,3.0454562850934206,0.5089956194103789,2.680003466036282
0.696377014839431,0.3862675228794369,0.5280303410971547,0.14649032333581902,3.0461196663455565,0.5085319944099973,2.6798122085353664
0.6961926148397359,0.3863903018857403,0.5281216285973072,0.14658241708551367,3.0454562850934206,0.5092737944106076,2.680003466036282
0.696653614838973,0.3863903018857403,0.5280297785971548,0.146428811390717,3.0459301288449465,0.508810169410226,2.6798600229105953
0.6964692148392784,0.3862990143855879,0.5280303410971547,0.14639822958612436,3.0459301288449465,0.5089956194103789,2.6799078372858243
0.696377014839431,0.3862990143855879,0.5279384910970024,0.14652090514041166,3.0458353600946415,0.508810169410226,2.6798600229105953
0.6964692148392784,0.3862077268854355,0.52784720359685,0.14652090514041166,3.0459301288449465,0.5086247194100737,2.6797643941601375
0.696377014839431,0.3863903018857403,0.5279379285970021,0.14636729944561472,3.0457405913443356,0.5091810694105312,2.6799078372858243
0.696377014839431,0.3861164393852826,0.5277559160966971,0.14624462389132725,3.0453615163431156,0.509366519410684,2.680003466036282
0.696377014839431,0.38642179339189126,0.5281216285973072,0.14667451083520877,3.0458353600946415,0.508810169410226,2.679955651661053
0.696377014839431,0.38633050589173884,0.5280303410971547,0.14667451083520877,3.0459301288449465,0.5090883444104553,2.6797643941601375
0.6962848148395837,0.38633050589173884,0.5278466410968496,0.14664358069469913,3.0455510538437256,0.5087174444101497,2.679955651661053
0.6962848148395837,0.38633050589173884,0.5280303410971547,0.14649032333581902,3.0456458225940306,0.5087174444101497,2.6798600229105953
0.696377014839431,0.3865130808920441,0.5278455160968498,0.14606008805602064,3.0459301288449465,0.5086247194100737,2.6798122085353664
0.696377014839431,0.3862392183915864,0.52784720359685,0.14652090514041166,3.0456458225940306,0.5091810694105312,2.680051280411511
0.6965614148391257,0.3862392183915864,0.5279390535970023,0.14667451083520877,3.0457405913443356,0.5089956194103789,2.680003466036282
0.696377014839431,0.38642179339189126,0.5281216285973072,0.1462140420867346,3.0456458225940306,0.5089956194103789,2.6798600229105953
0.6964692148392784,0.38633050589173884,0.5283058910976126,0.14667485917112566,3.0456458225940306,0.5089956194103789,2.679955651661053
0.6962848148395837,0.38633050589173884,0.5279384910970024,0.14624462389132725,3.0457405913443356,0.508810169410226,2.680003466036282
0.6964692148392784,0.38614793089143357,0.5278477660968495,0.14649032333581902,3.0459301288449465,0.5091810694105312,2.6798600229105953
0.6962848148395837,0.3862392183915864,0.52784720359685,0.146428811390717,3.0463092038461674,0.5087174444101497,2.6798122085353664
0.6964692148392784,0.38614793089143357,0.5279396160970022,0.14673602278031112,3.0458353600946415,0.5089028944103025,2.6798122085353664
0.6965614148391257,0.38633050589173884,0.5280303410971547,0.14639822958612436,3.0458353600946415,0.5089028944103025,2.6799078372858243
0.6961926148397359,0.38614793089143357,0.5281233160973073,0.14676695292082031,3.0460248975952515,0.5089028944103025,2.6798122085353664
0.6964692148392784,0.3862392183915864,0.52784720359685,0.14661299889010676,3.0458353600946415,0.5089028944103025,2.6798600229105953
0.696377014839431,0.38614793089143357,0.5278477660968495,0.14667451083520877,3.0456458225940306,0.5090883444104553,2.680003466036282
0.696653614838973,0.3862392183915864,0.52784720359685,0.14667007858075268,3.0458353600946415,0.5090883444104553,2.68009909478674
0.6962848148395837,0.38642179339189126,0.5281216285973072,0.14691577802524444,3.0457405913443356,0.5089956194103789,2.680003466036282
0.6964692148392784,0.38633050589173884,0.5280303410971547,0.1467315905258547,3.0459301288449465,0.5089028944103025,2.6799078372858243
0.6964692148392784,0.38633050589173884,0.5279384910970024,0.14657798483105802,3.0461196663455565,0.5089956194103789,2.6799078372858243
0.6962848148395837,0.38633050589173884,0.5279384910970024,0.14676217233044778,3.0458353600946415,0.508810169410226,2.6797643941601375
0.6962848148395837,0.38642179339189126,0.5281216285973072,0.14691577802524444,3.0459301288449465,0.5086247194100737,2.6796687654096796
0.6964692148392784,0.38642179339189126,0.5281216285973072,0.1467315905258547,3.0459301288449465,0.5089956194103789,2.6799078372858243
0.6965614148391257,0.38633050589173884,0.5279384910970024,0.14676217233044778,3.0457405913443356,0.5091810694105312,2.680003466036282
0.6962848148395837,0.38633050589173884,0.5279384910970024,0.1469463598298371,3.0458353600946415,0.5087174444101497,2.680051280411511
0.696377014839431,0.38642179339189126,0.5280297785971548,0.14676217233044778,3.0455510538437256,0.5089028944103025,2.6798122085353664
0.696653614838973,0.38642179339189126,0.5281216285973072,0.1468236842755498,3.0458353600946415,0.5091810694105312,2.679955651661053
0.6964692148392784,0.3862392183915864,0.5279390535970023,0.1470078717749391,3.0460248975952515,0.508810169410226,2.6799078372858243
0.6964692148392784,0.38633050589173884,0.5280303410971547,0.1467315905258547,3.0457405913443356,0.5089956194103789,2.6798600229105953
0.696653614838973,0.3862392183915864,0.5276635035965449,0.14682333593963276,3.0459301288449465,0.5089028944103025,2.680003466036282
0.6962848148395837,0.38633050589173884,0.5280303410971547,0.14645530927677028,3.0463092038461674,0.5084392694099209,2.6797165797849085
0.696377014839431,0.3862392183915864,0.5280309035971551,0.1466089149715677,3.0458353600946415,0.5089028944103025,2.680003466036282
0.696653614838973,0.38633050589173884,0.5279384910970024,0.14667007858075268,3.0458353600946415,0.508810169410226,2.680003466036282
0.6965614148391257,0.38642179339189126,0.5282134785974599,0.1468851962206521,3.0459301288449465,0.5089956194103789,2.6798122085353664
0.6962848148395837,0.3862392183915864,0.5279390535970023,0.1467315905258547,3.0455510538437256,0.5092737944106076,2.6801469091619685
0.6964692148392784,0.38633050589173884,0.5281221910973075,0.146793102470957,3.0458353600946415,0.508810169410226,2.6798600229105953
0.6964692148392784,0.38642179339189126,0.5282134785974599,0.146793102470957,3.0459301288449465,0.5087174444101497,2.6798122085353664
0.6961926148397359,0.38605664339128115,0.527572778596392,0.14670066038534546,3.0458353600946415,0.508810169410226,2.679955651661053
0.696377014839431,0.38633050589173884,0.5281221910973075,0.146793102470957,3.0456458225940306,0.5091810694105312,2.6798600229105953
0.6964692148392784,0.38633050589173884,0.5279384910970024,0.14667007858075268,3.0463092038461674,0.5087174444101497,2.6797643941601375
0.696653614838973,0.38633050589173884,0.5278466410968496,0.1465164728859557,3.0460248975952515,0.508810169410226,2.6798122085353664
0.6961004148398886,0.38633050589173884,0.5278466410968496,0.14660856663565036,3.0456458225940306,0.5091810694105312,2.680003466036282
0.6962848148395837,0.38642179339189126,0.5281216285973072,0.14663949677616003,3.0457405913443356,0.5090883444104553,2.6797643941601375
0.6964692148392784,0.38633050589173884,0.5281221910973075,0.146793102470957,3.0458353600946415,0.508810169410226,2.680051280411511
0.696377014839431,0.38642179339189126,0.5281216285973072,0.14691577802524444,3.0458353600946415,0.5091810694105312,2.6799078372858243
0.6965614148391257,0.3862392183915864,0.52784720359685,0.14667007858075268,3.0461196663455565,0.5084392694099209,2.6797165797849085
0.696377014839431,0.38642179339189126,0.5280297785971548,0.14667007858075268,3.0457405913443356,0.5091810694105312,2.680003466036282
0.6964692148392784,0.38633050589173884,0.5281221910973075,0.1468851962206521,3.0457405913443356,0.5092737944106076,2.680003466036282
0.6968380148386681,0.3862392183915864,0.5279390535970023,0.1467315905258547,3.0460248975952515,0.508810169410226,2.680003466036282
0.696653614838973,0.38642179339189126,0.528397178597765,0.1470082201108564,3.0456458225940306,0.5089956194103789,2.6799078372858243
0.696377014839431,0.3862392183915864,0.5279390535970023,0.14691577802524444,3.0459301288449465,0.5091810694105312,2.6798600229105953
0.696377014839431,0.38642179339189126,0.5280297785971548,0.1469463598298371,3.0458353600946415,0.5089956194103789,2.6799078372858243
0.6961926148397359,0.3862392183915864,0.5276635035965449,0.14682333593963276,3.0459301288449465,0.508810169410226,2.6798600229105953
0.696377014839431,0.3862392183915864,0.52784720359685,0.14676217233044778,3.0462144350958615,0.508810169410226,2.6799078372858243
0.6964692148392784,0.38642179339189126,0.5281216285973072,0.14645530927677028,3.0457405913443356,0.5091810694105312,2.680003466036282
0.6964692148392784,0.38633050589173884,0.5280303410971547,0.1468236842755498,3.0463092038461674,0.508810169410226,2.6798600229105953
0.696377014839431,0.38642179339189126,0.5280297785971548,0.14667007858075268,3.0460248975952515,0.5085319944099973,2.6798600229105953
0.6964692148392784,0.38633050589173884,0.5276629410965445,0.14657763649514116,3.0456458225940306,0.5091810694105312,2.6798600229105953
0.696377014839431,0.38633050589173884,0.5281221910973075,0.1468851962206521,3.0458353600946415,0.5089956194103789,2.6798600229105953
0.6962848148395837,0.38633050589173884,0.5277547910966973,0.14682333593963276,3.0461196663455565,0.5086247194100737,2.6797643941601375
0.6964692148392784,0.3862392183915864,0.52784720359685,0.14685426608014243,3.0459301288449465,0.5089956194103789,2.679955651661053
0.696653614838973,0.38633050589173884,0.5277547910966973,0.1467312421899381,3.0463092038461674,0.508810169410226,2.6798600229105953
0.6962848148395837,0.38642179339189126,0.5282134785974599,0.146793102470957,3.0453615163431156,0.5094592444107604,2.6798600229105953
0.6962848148395837,0.38633050589173884,0.5277547910966973,0.14663914844024345,3.0459301288449465,0.5090883444104553,2.6799078372858243
0.696377014839431,0.3862392183915864,0.5279390535970023,0.1470078717749391,3.0466882788473875,0.5084392694099209,2.679573136659222
0.6962848148395837,0.38633050589173884,0.5280303410971547,0.1467315905258547,3.0461196663455565,0.5085319944099973,2.6796687654096796
0.6961004148398886,0.38642179339189126,0.5282134785974599,0.1468851962206521,3.0463092038461674,0.5085319944099973,2.6797165797849085
0.696653614838973,0.38633050589173884,0.5281221910973075,0.146793102470957,3.0462144350958615,0.5089028944103025,2.6798122085353664
0.696377014839431,0.3862392183915864,0.5280309035971551,0.14670100872126235,3.0459301288449465,0.5089028944103025,2.679955651661053
0.6962848148395837,0.38642179339189126,0.5280297785971548,0.14676217233044778,3.0463092038461674,0.5087174444101497,2.6798600229105953
0.696653614838973,0.38633050589173884,0.5280303410971547,0.1468236842755498,3.0459301288449465,0.5089028944103025,2.6798600229105953
0.696377014839431,0.38614793089143357,0.5278477660968495,0.1467315905258547,3.0458353600946415,0.5089956194103789,2.6799078372858243
0.6967458148388208,0.38633050589173884,0.5279384910970024,0.14676217233044778,3.0461196663455565,0.508810169410226,2.680003466036282
0.6968380148386681,0.38660436839219653,0.5286716035982231,0.14651716955778948,3.0458353600946415,0.5089028944103025,2.680003466036282
0.6961004148398886,0.3865130808920441,0.5281210660973077,0.1469463598298371,3.0457405913443356,0.5091810694105312,2.6799078372858243
0.696377014839431,0.38642179339189126,0.5281216285973072,0.1467315905258547,3.0460248975952515,0.5087174444101497,2.6798122085353664
0.6964692148392784,0.38633050589173884,0.5282140410974603,0.14703880191544905,3.0459301288449465,0.508810169410226,2.6798600229105953
0.696653614838973,0.38633050589173884,0.5279384910970024,0.14685426608014243,3.0460248975952515,0.5087174444101497,2.6799078372858243
0.6962848148395837,0.3862392183915864,0.52784720359685,0.1469463598298371,3.0453615163431156,0.5094592444107604,2.68009909478674
0.6962848148395837,0.38633050589173884,0.5280303410971547,0.1467315905258547,3.0455510538437256,0.5095519694108364,2.68009909478674
0.6964692148392784,0.38633050589173884,0.5277547910966973,0.14663914844024345,3.0460248975952515,0.5089028944103025,2.6798122085353664
0.6964692148392784,0.38633050589173884,0.5279384910970024,0.1469463598298371,3.0459301288449465,0.5091810694105312,2.679955651661053
0.696653614838973,0.38642179339189126,0.5281216285973072,0.1468236842755498,3.0459301288449465,0.5089028944103025,2.6799078372858243
0.696377014839431,0.38633050589173884,0.5280303410971547,0.1468236842755498,3.0463092038461674,0.5087174444101497,2.6798122085353664
0.6964692148392784,0.38642179339189126,0.5282134785974599,0.1468851962206521,3.0460248975952515,0.5090883444104553,2.6798600229105953
0.696653614838973,0.38642179339189126,0.5281216285973072,0.14691577802524444,3.0462144350958615,0.5087174444101497,2.6799078372858243
0.6962848148395837,0.38633050589173884,0.5281221910973075,0.1470693837200414,3.0459301288449465,0.5089956194103789,2.680003466036282
0.6965614148391257,0.38633050589173884,0.5281221910973075,0.1468851962206521,3.0462144350958615,0.5087174444101497,2.6798122085353664
0.696377014839431,0.38642179339189126,0.5280297785971548,0.1469463598298371,3.0460248975952515,0.5089956194103789,2.6798122085353664
0.6961926148397359,0.38633050589173884,0.5279384910970024,0.14667007858075268,3.0458353600946415,0.5091810694105312,2.680003466036282
0.696653614838973,0.38642179339189126,0.527754228596697,0.14657763649514116,3.0459301288449465,0.5091810694105312,2.6798122085353664
0.6962848148395837,0.3862392183915864,0.5279390535970023,0.14691577802524444,3.0458353600946415,0.5091810694105312,2.6798600229105953
0.696653614838973,0.3862392183915864,0.52784720359685,0.14713054732922684,3.0459301288449465,0.5089956194103789,2.6798600229105953
0.6962848148395837,0.38633050589173884,0.5281221910973075,0.1468851962206521,3.0461196663455565,0.5087174444101497,2.6798122085353664
0.6964692148392784,0.38633050589173884,0.5279384910970024,0.14676217233044778,3.0462144350958615,0.5089028944103025,2.6798600229105953
0.6962848148395837,0.3862392183915864,0.52784720359685,0.1469463598298371,3.0459301288449465,0.5089956194103789,2.6798122085353664
0.696377014839431,0.38642179339189126,0.5282134785974599,0.1470693837200414,3.0463092038461674,0.508810169410226,2.6797165797849085
0.6962848148395837,0.38642179339189126,0.5280297785971548,0.14657798483105802,3.0461196663455565,0.5089028944103025,2.6799078372858243
0.696377014839431,0.3862392183915864,0.52784720359685,0.14676217233044778,3.0461196663455565,0.508810169410226,2.6799078372858243
0.6964692148392784,0.38642179339189126,0.5280297785971548,0.14685426608014243,3.0461196663455565,0.5091810694105312,2.6798122085353664
0.6962848148395837,0.38642179339189126,0.5280297785971548,0.14676217233044778,3.0462144350958615,0.5086247194100737,2.6796687654096796
0.7850506448469657,0.4395999656521898,0.615255743328514,0.618102432828322,3.471260520751586,0.6212536496756704,2.676377475498991
0.7850506448469657,0.43950867815203737,0.6151644558283615,0.6182866203277115,3.47116575200128,0.6214390996758228,2.67642528987422
0.784958444847118,0.43969125315234264,0.6153470308286668,0.6185629015767962,3.471450058252196,0.6215318246758992,2.676329661123762
0.7850506448469657,0.4392348156515797,0.6147987433277515,0.6185934833813889,3.470881445750365,0.6218099996761279,2.6764731042494487
0.7848662448472706,0.4390522406512744,0.6147080183275986,0.6182866203277115,3.471355289501891,0.6215318246758992,2.676329661123762
0.784958444847118,0.4392348156515797,0.6147987433277515,0.6183172021323045,3.47097621450067,0.6219027246762043,2.6764731042494487
0.7848662448472706,0.4392348156515797,0.6149824433280566,0.6186244135218986,3.471260520751586,0.6215318246758992,2.676377475498991
0.784958444847118,0.43950867815203737,0.6152563058285143,0.6186244135218986,3.471355289501891,0.6215318246758992,2.676377475498991
0.7852350448466604,0.4395999656521898,0.6153475933286667,0.6186244135218986,3.471355289501891,0.6214390996758228,2.676377475498991
0.784958444847118,0.4393261031517321,0.6148900308279039,0.6181330146329149,3.471260520751586,0.6214390996758228,2.676281846748533
0.7850506448469657,0.43950867815203737,0.6152563058285143,0.6185323197722037,3.47116575200128,0.6218099996761279,2.6764731042494487
0.7854194448463551,0.4391435281514268,0.6147074558275987,0.6184092958819993,3.471450058252196,0.6213463746757468,2.6764731042494487
0.7847740448474233,0.4395401696581884,0.6152563058285143,0.6185323197722037,3.471544827002501,0.6212536496756704,2.676329661123762
0.7848662448472706,0.4393575946578831,0.6148900308279039,0.6185013896316942,3.471544827002501,0.6213463746757468,2.676186217998075
0.7851428448468131,0.4395401696581884,0.6154400058288194,0.6187474374121029,3.471450058252196,0.6215318246758992,2.676377475498991
0.7852350448466604,0.43944888215803596,0.6151650183283619,0.6184402260225088,3.471260520751586,0.6216245496759756,2.676377475498991
0.7850506448469657,0.4392663071577307,0.6147987433277515,0.6181680286919635,3.471355289501891,0.6216245496759756,2.676329661123762
0.7851428448468131,0.4395401696581884,0.6151644558283615,0.6183216343867604,3.471450058252196,0.6218099996761279,2.676329661123762
0.7848662448472706,0.4392663071577307,0.6147987433277515,0.6183522161913533,3.471734364503111,0.6214390996758228,2.676138403622846
0.784958444847118,0.4395401696581884,0.6152563058285143,0.6183831463318626,3.47097621450067,0.6220881746763571,2.6765687329999066
0.7852350448466604,0.4395401696581884,0.6151644558283615,0.6183216343867604,3.471260520751586,0.6219027246762043,2.67642528987422
0.7850506448469657,0.4393575946578831,0.6149818808280563,0.6182295406370655,3.471544827002501,0.6214390996758228,2.676329661123762
0.7850506448469657,0.43944888215803596,0.6150731683282091,0.6184137281364552,3.471355289501891,0.6214390996758228,2.676329661123762
0.7850506448469657,0.4393575946578831,0.6149818808280563,0.6182295406370655,3.471355289501891,0.6215318246758992,2.67642528987422
0.7851428448468131,0.4395401696581884,0.6152563058285143,0.6184752400815575,3.471450058252196,0.6216245496759756,2.676329661123762
0.7851428448468131,0.4393575946578831,0.6149818808280563,0.6184137281364552,3.471355289501891,0.6216245496759756,2.676377475498991
0.7851428448468131,0.4393575946578831,0.6147981808277512,0.618198610496556,3.471639595752806,0.6212536496756704,2.6760905892476172
0.7850506448469657,0.4392663071577307,0.6148905933279039,0.6185058218861499,3.471544827002501,0.6212536496756704,2.676234032373304
0.7848662448472706,0.4393575946578831,0.6148900308279039,0.6183522161913533,3.471450058252196,0.6215318246758992,2.676329661123762
0.7850506448469657,0.4393575946578831,0.6148900308279039,0.6183522161913533,3.471544827002501,0.6212536496756704,2.676329661123762
0.7851428448468131,0.4392663071577307,0.6145231933272937,0.6180755866063516,3.471355289501891,0.6218099996761279,2.676281846748533
0.784958444847118,0.4395401696581884,0.6151644558283615,0.6184137281364552,3.47116575200128,0.6216245496759756,2.676377475498991
0.7851428448468131,0.4393575946578831,0.6149818808280563,0.6182295406370655,3.471829133253417,0.6212536496756704,2.676377475498991
0.7853272448465077,0.4390837321574254,0.6146161683274463,0.6182601224416584,3.471829133253417,0.621160924675594,2.676186217998075
0.7854194448463551,0.43944888215803596,0.6147057683275989,0.6180755866063516,3.471450058252196,0.6212536496756704,2.676234032373304
0.7851428448468131,0.4393575946578831,0.615073730828209,0.6182910525821678,3.471734364503111,0.6213463746757468,2.676329661123762
0.7851428448468131,0.4392663071577307,0.6147987433277515,0.6183522161913533,3.471544827002501,0.6216245496759756,2.676281846748533
0.7850506448469657,0.4393575946578831,0.6147981808277512,0.6184748917456404,3.471355289501891,0.6216245496759756,2.676377475498991
0.7851428448468131,0.4392663071577307,0.6148905933279039,0.6182295406370655,3.47097621450067,0.6219954496762807,2.6766165473751355
0.7850506448469657,0.4391750196575778,0.6145237558272936,0.6182291923011489,3.471450058252196,0.6216245496759756,2.676377475498991
0.7851428448468131,0.4393575946578831,0.6149818808280563,0.6184137281364552,3.471734364503111,0.6213463746757468,2.676138403622846
0.7850506448469657,0.4392663071577307,0.6149824433280566,0.6183831463318626,3.471355289501891,0.6214390996758228,2.676329661123762
0.7848662448472706,0.4395401696581884,0.6150726058282092,0.6183522161913533,3.471450058252196,0.6215318246758992,2.676377475498991
0.7851428448468131,0.4393575946578831,0.6148900308279039,0.6184443099410479,3.47116575200128,0.6216245496759756,2.676329661123762
0.7850506448469657,0.4393575946578831,0.6147063308275988,0.6182291923011489,3.471355289501891,0.6216245496759756,2.676377475498991
0.7851428448468131,0.43944888215803596,0.615348718328667,0.6185982639717619,3.471639595752806,0.6212536496756704,2.676281846748533
0.784958444847118,0.4392663071577307,0.6148905933279039,0.6185979156358448,3.471450058252196,0.6215318246758992,2.676377475498991
0.7852350448466604,0.43944888215803596,0.6151650183283619,0.6184752400815575,3.471355289501891,0.6214390996758228,2.676234032373304
0.7851428448468131,0.4396314571583408,0.615255743328514,0.6185058218861499,3.471355289501891,0.6216245496759756,2.676234032373304
0.7851428448468131,0.4392663071577307,0.6148905933279039,0.6182295406370655,3.471544827002501,0.6214390996758228,2.676329661123762
0.7850506448469657,0.4393575946578831,0.615073730828209,0.6184752400815575,3.471355289501891,0.6216245496759756,2.676377475498991
0.7850506448469657,0.4393575946578831,0.615073730828209,0.6184752400815575,3.471355289501891,0.6214390996758228,2.67642528987422
0.7852350448466604,0.4395401696581884,0.6150726058282092,0.6183522161913533,3.471355289501891,0.6216245496759756,2.676377475498991
0.7851428448468131,0.4393575946578831,0.6147981808277512,0.6182907042462509,3.471734364503111,0.6214390996758228,2.676186217998075
0.7851428448468131,0.4395401696581884,0.6150726058282092,0.6183522161913533,3.471355289501891,0.6214390996758228,2.676329661123762
0.7850506448469657,0.4396314571583408,0.615255743328514,0.6184137281364552,3.471639595752806,0.6218099996761279,2.676329661123762
0.7848662448472706,0.4393575946578831,0.6149818808280563,0.6184137281364552,3.471450058252196,0.6210681996755176,2.676281846748533
0.7850506448469657,0.43944888215803596,0.6147057683275989,0.6182597741057412,3.471450058252196,0.6215318246758992,2.67642528987422
0.7854194448463551,0.43972274465849365,0.6153470308286668,0.6185979156358448,3.471450058252196,0.6213463746757468,2.676377475498991
0.784958444847118,0.4396314571583408,0.615255743328514,0.6185979156358448,3.471355289501891,0.6213463746757468,2.676186217998075
0.7851428448468131,0.4395401696581884,0.6150726058282092,0.6183522161913533,3.471639595752806,0.6214390996758228,2.676329661123762
0.784958444847118,0.43920651116372883,0.6147074558275987,0.6183522161913533,3.471544827002501,0.6218099996761279,2.67642528987422
0.7850506448469657,0.4395716611643394,0.6150726058282092,0.6184443099410479,3.471355289501891,0.6214390996758228,2.676377475498991
0.7850506448469657,0.4392977986638817,0.6147068933275988,0.6182907042462509,3.471355289501891,0.6215318246758992,2.676329661123762
0.784958444847118,0.4395716611643394,0.6151644558283615,0.6184137281364552,3.471355289501891,0.6218099996761279,2.67642528987422
0.7847740448474233,0.4392977986638817,0.6149824433280566,0.6185673338312522,3.471544827002501,0.6216245496759756,2.676281846748533
0.7848662448472706,0.4395716611643394,0.6150726058282092,0.6184443099410479,3.471923902003722,0.6208827496753653,2.6760905892476172
0.784958444847118,0.4392977986638817,0.6148905933279039,0.6185058218861499,3.471450058252196,0.6218099996761279,2.676329661123762
0.7851428448468131,0.4395716611643394,0.6152563058285143,0.618659427580947,3.471544827002501,0.621717274676052,2.676377475498991
0.7850506448469657,0.4393890861640341,0.6148900308279039,0.6184443099410479,3.471450058252196,0.6215318246758992,2.676329661123762
0.7850506448469657,0.4395716611643394,0.6153481558286671,0.6188130332757442,3.471544827002501,0.6216245496759756,2.676377475498991
0.7850506448469657,0.43920651116372883,0.6147074558275987,0.6184443099410479,3.471544827002501,0.6214390996758228,2.676234032373304
0.7848662448472706,0.4393890861640341,0.6148900308279039,0.6184443099410479,3.471260520751586,0.6214390996758228,2.676329661123762
0.7848662448472706,0.43948037366418696,0.6149813183280568,0.6185364036907428,3.471450058252196,0.6215318246758992,2.676329661123762
0.7850506448469657,0.4396629486644918,0.6153475933286667,0.6184752400815575,3.471734364503111,0.621160924675594,2.676186217998075
0.7850506448469657,0.43948037366418696,0.6150731683282091,0.6186900093855396,3.471355289501891,0.6218099996761279,2.676281846748533
0.7850506448469657,0.4392977986638817,0.6149824433280566,0.6184752400815575,3.471639595752806,0.6214390996758228,2.676377475498991
0.7848662448472706,0.43920651116372883,0.614799305827751,0.6186900093855396,3.471355289501891,0.6215318246758992,2.676377475498991
0.7850506448469657,0.4395716611643394,0.6148889058279041,0.6185054735502333,3.471070983250975,0.6219954496762807,2.6765209186246777
0.7850506448469657,0.4392977986638817,0.6148905933279039,0.6184137281364552,3.471734364503111,0.6210681996755176,2.6760905892476172
0.7851428448468131,0.4395716611643394,0.6149807558280564,0.6184748917456404,3.471355289501891,0.6213463746757468,2.676186217998075
0.7848662448472706,0.4395716611643394,0.6150726058282092,0.6185364036907428,3.471450058252196,0.6214390996758228,2.676377475498991
0.7850506448469657,0.4395716611643394,0.6150726058282092,0.6186284974404377,3.471355289501891,0.6215318246758992,2.676281846748533
0.7850506448469657,0.4395716611643394,0.6151644558283615,0.6185058218861499,3.47116575200128,0.6219954496762807,2.6765687329999066
0.7852350448466604,0.43948037366418696,0.6149813183280568,0.6186284974404377,3.471544827002501,0.6212536496756704,2.676329661123762
0.7848662448472706,0.4392977986638817,0.6149824433280566,0.618659427580947,3.471450058252196,0.6214390996758228,2.676329661123762
0.7850506448469657,0.4393890861640341,0.6147981808277512,0.6185669854953353,3.471734364503111,0.6216245496759756,2.676329661123762
0.7850506448469657,0.4393890861640341,0.6149818808280563,0.6185979156358448,3.471544827002501,0.6215318246758992,2.676234032373304
0.7851428448468131,0.4396629486644918,0.6153475933286667,0.6185673338312522,3.471544827002501,0.6216245496759756,2.676377475498991
0.7850506448469657,0.4395716611643394,0.6151644558283615,0.6184137281364552,3.471355289501891,0.6212536496756704,2.676234032373304
0.784958444847118,0.4393890861640341,0.6148900308279039,0.6185364036907428,3.471639595752806,0.6214390996758228,2.676377475498991
0.7850506448469657,0.4395716611643394,0.6150726058282092,0.6187205911901326,3.471260520751586,0.6214390996758228,2.676281846748533
0.784958444847118,0.4395716611643394,0.6150726058282092,0.6187205911901326,3.471070983250975,0.621717274676052,2.6765209186246777
0.784958444847118,0.4395716611643394,0.6150726058282092,0.6185364036907428,3.471639595752806,0.6215318246758992,2.676377475498991
0.7848662448472706,0.4393890861640341,0.6147063308275988,0.6182291923011489,3.471070983250975,0.6218099996761279,2.6765209186246777
0.7851428448468131,0.43920651116372883,0.614799305827751,0.6185058218861499,3.471355289501891,0.6215318246758992,2.67642528987422
0.784958444847118,0.4393890861640341,0.6148900308279039,0.6185364036907428,3.471544827002501,0.6215318246758992,2.67642528987422
0.7852350448466604,0.43948037366418696,0.6150731683282091,0.6185979156358448,3.471450058252196,0.6218099996761279,2.67642528987422
0.7850506448469657,0.4395716611643394,0.6149807558280564,0.6185669854953353,3.471544827002501,0.6216245496759756,2.67642528987422
0.7851428448468131,0.4395716611643394,0.6151644558283615,0.6186900093855396,3.471544827002501,0.6216245496759756,2.676377475498991
0.7850506448469657,0.43920651116372883,0.6144319058271408,0.6185360553548258,3.47097621450067,0.6221808996764331,2.6765687329999066
0.7848662448472706,0.4393890861640341,0.6147981808277512,0.6184748917456404,3.471355289501891,0.6216245496759756,2.6764731042494487
0.7851428448468131,0.4392977986638817,0.6147987433277515,0.6185364036907428,3.471355289501891,0.621717274676052,2.6766165473751355
0.784958444847118,0.4395716611643394,0.6149807558280564,0.6185669854953353,3.471639595752806,0.6214390996758228,2.676329661123762
0.7854194448463551,0.43948037366418696,0.6149813183280568,0.6185364036907428,3.471450058252196,0.6215318246758992,2.676377475498991
0.784958444847118,0.4392977986638817,0.6147987433277515,0.6186855771310837,3.471734364503111,0.6214390996758228,2.676234032373304
0.784958444847118,0.4392977986638817,0.6146150433274464,0.6186546469905743,3.471355289501891,0.6215318246758992,2.676234032373304
0.7848662448472706,0.4392977986638817,0.6147987433277515,0.6188697646304735,3.471355289501891,0.6218099996761279,2.6765209186246777
0.7850506448469657,0.4392977986638817,0.6149824433280566,0.6186244135218986,3.471450058252196,0.6216245496759756,2.676329661123762
0.7850506448469657,0.4395716611643394,0.6149807558280564,0.6186240651859813,3.471355289501891,0.6216245496759756,2.676377475498991
0.7847740448474233,0.4392977986638817,0.6147068933275988,0.6185319714362865,3.471544827002501,0.6218099996761279,2.676377475498991
0.7850506448469657,0.4395716611643394,0.6152563058285143,0.618900694770983,3.471544827002501,0.6212536496756704,2.6760905892476172
0.7850506448469657,0.4396629486644918,0.615255743328514,0.6188391828258806,3.471355289501891,0.6212536496756704,2.676234032373304
0.7848662448472706,0.4395716611643394,0.6151644558283615,0.6186549953264908,3.471639595752806,0.6216245496759756,2.676329661123762
0.7848662448472706,0.4393890861640341,0.6147981808277512,0.6187161589356762,3.471734364503111,0.6213463746757468,2.676186217998075
0.784958444847118,0.4395716611643394,0.6150726058282092,0.6188697646304735,3.471450058252196,0.6213463746757468,2.676377475498991
0.7848662448472706,0.4395716611643394,0.6148889058279041,0.6187467407402691,3.471355289501891,0.6215318246758992,2.676281846748533
0.7851428448468131,0.4392977986638817,0.6148905933279039,0.6185629015767962,3.471450058252196,0.6215318246758992,2.67642528987422
0.7851428448468131,0.4393890861640341,0.6148900308279039,0.6187776708807786,3.471734364503111,0.6214390996758228,2.676377475498991
0.7850506448469657,0.4395716611643394,0.6150726058282092,0.6188697646304735,3.471544827002501,0.6215318246758992,2.676377475498991
0.7847740448474233,0.4395716611643394,0.6149807558280564,0.6188082526853711,3.471639595752806,0.6215318246758992,2.676329661123762
0.7848662448472706,0.43948037366418696,0.6151650183283619,0.6189927885206779,3.471355289501891,0.6218099996761279,2.67642528987422
0.7850506448469657,0.4393890861640341,0.6149818808280563,0.6187470890761857,3.471639595752806,0.6214390996758228,2.676329661123762
0.7850506448469657,0.4396629486644918,0.6153475933286667,0.6188086010212881,3.471734364503111,0.6214390996758228,2.676234032373304
0.7851428448468131,0.4395716611643394,0.6151644558283615,0.6188391828258806,3.471544827002501,0.6210681996755176,2.676138403622846
0.7850506448469657,0.4395716611643394,0.6151644558283615,0.6188391828258806,3.471734364503111,0.6212536496756704,2.676329661123762
0.7851428448468131,0.4392977986638817,0.6147068933275988,0.6186240651859813,3.471355289501891,0.6215318246758992,2.676281846748533
0.784958444847118,0.4392977986638817,0.6148905933279039,0.6189312765755755,3.471639595752806,0.6214390996758228,2.676234032373304
0.7850506448469657,0.4395716611643394,0.6149807558280564,0.6186240651859813,3.471639595752806,0.6214390996758228,2.676281846748533
0.784958444847118,0.4397857276707956,0.6149796308280566,0.6186852287951669,3.47097621450067,0.6219954496762807,2.6765209186246777
0.784958444847118,0.4396031526704903,0.6150726058282092,0.6187776708807786,3.471450058252196,0.6215318246758992,2.676329661123762
0.7848662448472706,0.4396031526704903,0.6147970558277513,0.618593135045472,3.471450058252196,0.6215318246758992,2.676329661123762
0.7851428448468131,0.43969444017064274,0.6151638933283616,0.6187776708807786,3.471544827002501,0.6218099996761279,2.67642528987422
0.784958444847118,0.43942057767018505,0.6148900308279039,0.6185934833813889,3.471355289501891,0.621717274676052,2.676377475498991
0.7850506448469657,0.4396031526704903,0.6148889058279041,0.6187467407402691,3.471544827002501,0.6218099996761279,2.676329661123762
0.7848662448472706,0.43942057767018505,0.6149818808280563,0.6188391828258806,3.471544827002501,0.6215318246758992,2.67642528987422
0.7848662448472706,0.4395118651703379,0.6149813183280568,0.6186855771310837,3.471639595752806,0.6212536496756704,2.676138403622846
0.7852350448466604,0.43942057767018505,0.615073730828209,0.6189927885206779,3.471355289501891,0.6215318246758992,2.676329661123762
0.7848662448472706,0.4396031526704903,0.6150726058282092,0.6188697646304735,3.471450058252196,0.6215318246758992,2.67642528987422
0.7848662448472706,0.43914671516972736,0.6146161683274463,0.6188697646304735,3.472113439504332,0.6210681996755176,2.6758993317467024
0.7850506448469657,0.43969444017064274,0.6153475933286667,0.618900694770983,3.471734364503111,0.6214390996758228,2.676281846748533
0.7852350448466604,0.4397857276707956,0.6152551808285145,0.6188697646304735,3.471639595752806,0.6216245496759756,2.67642528987422
0.7850506448469657,0.4396031526704903,0.6149807558280564,0.6187161589356762,3.471355289501891,0.6218099996761279,2.67642528987422
0.7850506448469657,0.43942057767018505,0.6149818808280563,0.6189312765755755,3.471734364503111,0.6213463746757468,2.676234032373304
0.7850506448469657,0.4395118651703379,0.6149813183280568,0.619053952129863,3.471829133253417,0.6214390996758228,2.67642528987422
0.784958444847118,0.43932929017003264,0.6146150433274464,0.6186546469905743,3.471544827002501,0.6218099996761279,2.676377475498991
0.7850506448469657,0.4396031526704903,0.6149807558280564,0.6187161589356762,3.47097621450067,0.6218099996761279,2.6765687329999066
0.7850506448469657,0.43942057767018505,0.6149818808280563,0.6189312765755755,3.471544827002501,0.6214390996758228,2.676329661123762
0.7850506448469657,0.4396031526704903,0.6152563058285143,0.618900694770983,3.471639595752806,0.6212536496756704,2.676234032373304
0.7850506448469657,0.4396031526704903,0.6150726058282092,0.6186855771310837,3.471544827002501,0.6215318246758992,2.676377475498991
0.7851428448468131,0.43932929017003264,0.6147987433277515,0.6189618583801684,3.471260520751586,0.6219954496762807,2.6765687329999066
0.7850506448469657,0.4396031526704903,0.6150726058282092,0.6187776708807786,3.471734364503111,0.6215318246758992,2.676281846748533
0.7848662448472706,0.4395118651703379,0.6149813183280568,0.6188697646304735,3.471734364503111,0.6213463746757468,2.676138403622846
0.7850506448469657,0.4395118651703379,0.6150731683282091,0.6188391828258806,3.471639595752806,0.6218099996761279,2.676281846748533
0.7850506448469657,0.4396031526704903,0.6151644558283615,0.6189312765755755,3.471639595752806,0.621717274676052,2.676281846748533
0.7851428448468131,0.43942057767018505,0.6148900308279039,0.6187776708807786,3.471450058252196,0.6218099996761279,2.6764731042494487
0.7851428448468131,0.4395118651703379,0.6150731683282091,0.6188391828258806,3.471734364503111,0.6214390996758228,2.676138403622846
0.7848662448472706,0.4392380026698798,0.6145237558272936,0.6185625532408794,3.471734364503111,0.6213463746757468,2.676329661123762
0.7851428448468131,0.43969444017064274,0.6151638933283616,0.6185934833813889,3.471829133253417,0.6212536496756704,2.676234032373304
0.784958444847118,0.4395118651703379,0.6149813183280568,0.6185934833813889,3.471639595752806,0.6218099996761279,2.67642528987422
0.784958444847118,0.43932929017003264,0.6147068933275988,0.6188082526853711,3.471355289501891,0.6219027246762043,2.676377475498991
0.7850506448469657,0.43969444017064274,0.6151638933283616,0.6185934833813889,3.471450058252196,0.6216245496759756,2.6764731042494487
0.7847740448474233,0.43942057767018505,0.6149818808280563,0.6189312765755755,3.471544827002501,0.6216245496759756,2.676377475498991
0.784958444847118,0.43932929017003264,0.6147987433277515,0.6188697646304735,3.472018670754027,0.6215318246758992,2.676234032373304
0.784958444847118,0.4395118651703379,0.6150731683282091,0.6189312765755755,3.471829133253417,0.6215318246758992,2.676377475498991
0.7850506448469657,0.43932929017003264,0.6149824433280566,0.618900694770983,3.471829133253417,0.6214390996758228,2.676186217998075
0.7850506448469657,0.4396031526704903,0.6150726058282092,0.6188697646304735,3.471639595752806,0.6214390996758228,2.676234032373304
0.7850506448469657,0.43932929017003264,0.6146150433274464,0.6187467407402691,3.471355289501891,0.6215318246758992,2.676329661123762
0.7850506448469657,0.4396031526704903,0.6148889058279041,0.6187467407402691,3.471450058252196,0.6216245496759756,2.676377475498991
0.7848662448472706,0.43942057767018505,0.6147981808277512,0.618900346435066,3.471450058252196,0.6215318246758992,2.676234032373304
0.7848662448472706,0.4395118651703379,0.6147976183277517,0.6187467407402691,3.471639595752806,0.6215318246758992,2.6764731042494487
0.784958444847118,0.4396031526704903,0.6150726058282092,0.6187776708807786,3.471450058252196,0.6218099996761279,2.676281846748533
0.7850506448469657,0.4396031526704903,0.6150726058282092,0.6187776708807786,3.47097621450067,0.6218099996761279,2.6766165473751355
0.7851428448468131,0.4395118651703379,0.6150731683282091,0.6189312765755755,3.471450058252196,0.6218099996761279,2.67642528987422
0.7850506448469657,0.4396031526704903,0.6152563058285143,0.6188086010212881,3.471639595752806,0.6215318246758992,2.676329661123762
0.784958444847118,0.43942057767018505,0.6148900308279039,0.6188697646304735,3.471544827002501,0.6215318246758992,2.676377475498991
0.7848662448472706,0.43942057767018505,0.615073730828209,0.6189927885206779,3.471734364503111,0.6216245496759756,2.676234032373304
0.7848662448472706,0.4399683026711009,0.6154377558288198,0.6187776708807786,3.471450058252196,0.6213463746757468,2.676329661123762
0.7850506448469657,0.4396031526704903,0.6152563058285143,0.618900694770983,3.471450058252196,0.6216245496759756,2.676329661123762
0.7850506448469657,0.43932929017003264,0.6147987433277515,0.619053952129863,3.471355289501891,0.6219027246762043,2.676377475498991
0.784958444847118,0.4396031526704903,0.6150726058282092,0.6188697646304735,3.471544827002501,0.6215318246758992,2.676329661123762
0.7851428448468131,0.43969444017064274,0.6149801933280565,0.6187467407402691,3.471639595752806,0.6218099996761279,2.676329661123762
0.7852350448466604,0.43932929017003264,0.6148905933279039,0.6187470890761857,3.471544827002501,0.6216245496759756,2.676377475498991
0.784958444847118,0.43942057767018505,0.6147981808277512,0.6188082526853711,3.471544827002501,0.6214390996758228,2.676234032373304
0.7848662448472706,0.43942057767018505,0.6147063308275988,0.618838834489964,3.47097621450067,0.6219027246762043,2.6765209186246777
0.7848662448472706,0.43932929017003264,0.6147987433277515,0.6188697646304735,3.471639595752806,0.6214390996758228,2.676281846748533
0.7851428448468131,0.4396031526704903,0.6150726058282092,0.6188697646304735,3.471450058252196,0.6215318246758992,2.676329661123762
0.7848662448472706,0.4396031526704903,0.6152563058285143,0.6188086010212881,3.471734364503111,0.6214390996758228,2.676329661123762
0.7850506448469657,0.4395118651703379,0.6147976183277517,0.6187467407402691,3.471450058252196,0.6214390996758228,2.676377475498991
0.7850506448469657,0.4396031526704903,0.6150726058282092,0.6188697646304735,3.471734364503111,0.6215318246758992,2.676281846748533
0.7848662448472706,0.4396031526704903,0.6149807558280564,0.6188082526853711,3.472113439504332,0.621160924675594,2.676186217998075
0.7850506448469657,0.4396031526704903,0.6148889058279041,0.618838834489964,3.471734364503111,0.6213463746757468,2.676281846748533
0.784958444847118,0.4396031526704903,0.6151644558283615,0.6188391828258806,3.471355289501891,0.6214390996758228,2.676329661123762
0.784958444847118,0.4392380026698798,0.614799305827751,0.6189312765755755,3.471734364503111,0.6212536496756704,2.676138403622846
0.7851428448468131,0.4396031526704903,0.6152563058285143,0.6190848822703727,3.471355289501891,0.6214390996758228,2.676377475498991
0.7854194448463551,0.4396031526704903,0.6151644558283615,0.6189312765755755,3.471450058252196,0.6216245496759756,2.67642528987422
0.784958444847118,0.43932929017003264,0.6147068933275988,0.6186240651859813,3.471544827002501,0.6218099996761279,2.676329661123762
0.784958444847118,0.43942057767018505,0.6147981808277512,0.6188082526853711,3.471734364503111,0.6214390996758228,2.676377475498991
0.7850506448469657,0.4397857276707956,0.6152551808285145,0.6188697646304735,3.471639595752806,0.6214390996758228,2.676281846748533
0.7851428448468131,0.43942057767018505,0.615073730828209,0.618900694770983,3.47097621450067,0.6219954496762807,2.6765687329999066
0.7851428448468131,0.43942057767018505,0.6148900308279039,0.6187776708807786,3.471639595752806,0.6215318246758992,2.676329661123762
0.784958444847118,0.4395118651703379,0.6146139183274466,0.6186237168500648,3.47116575200128,0.6218099996761279,2.6765209186246777
0.7850506448469657,0.4396031526704903,0.6151644558283615,0.6184708078271013,3.472018670754027,0.6212536496756704,2.676186217998075
0.7850506448469657,0.43932929017003264,0.6147068933275988,0.6186240651859813,3.471639595752806,0.6219027246762043,2.67642528987422
0.7851428448468131,0.43969444017064274,0.6151638933283616,0.6188697646304735,3.471829133253417,0.6218099996761279,2.676329661123762
0.7852350448466604,0.4396031526704903,0.6148889058279041,0.6187467407402691,3.47097621450067,0.6221808996764331,2.676759990500822
0.784958444847118,0.4392380026698798,0.614799305827751,0.6189312765755755,3.471639595752806,0.6215318246758992,2.676281846748533
0.7850506448469657,0.4396031526704903,0.6151644558283615,0.6188391828258806,3.471355289501891,0.6219954496762807,2.6765209186246777
0.784958444847118,0.4396031526704903,0.6150726058282092,0.6191460458795579,3.47116575200128,0.6218099996761279,2.676329661123762
0.7851428448468131,0.4396031526704903,0.6151644558283615,0.6188391828258806,3.471355289501891,0.6219027246762043,2.67642528987422
0.7851428448468131,0.43942057767018505,0.6147981808277512,0.6189924401847606,3.47116575200128,0.6219954496762807,2.6766643617503645
0.7850506448469657,0.4399683026711009,0.6155296058289721,0.619115464074965,3.47116575200128,0.6218099996761279,2.6764731042494487
0.7850506448469657,0.4396031526704903,0.6147970558277513,0.6186852287951669,3.471260520751586,0.6216245496759756,2.676329661123762
0.7848662448472706,0.43969444017064274,0.6150720433282089,0.6189924401847606,3.471450058252196,0.6219027246762043,2.6765209186246777
0.7847740448474233,0.43942057767018505,0.6147063308275988,0.6187467407402691,3.471544827002501,0.6216245496759756,2.676234032373304
0.7850506448469657,0.4396031526704903,0.6150726058282092,0.6188697646304735,3.471829133253417,0.6214390996758228,2.676329661123762
0.7850506448469657,0.4396031526704903,0.6150726058282092,0.6188697646304735,3.471734364503111,0.6215318246758992,2.676329661123762
0.7854194448463551,0.43969444017064274,0.615255743328514,0.6189312765755755,3.471544827002501,0.6214390996758228,2.676377475498991
0.784958444847118,0.43932929017003264,0.6146150433274464,0.618838834489964,3.471734364503111,0.6215318246758992,2.676329661123762
0.7850506448469657,0.4396031526704903,0.6150726058282092,0.619053952129863,3.471450058252196,0.6215318246758992,2.676329661123762
0.784681844847576,0.43942057767018505,0.6146144808274461,0.6186852287951669,3.471450058252196,0.6214390996758228,2.6764731042494487
0.784958444847118,0.43932929017003264,0.6148905933279039,0.6189312765755755,3.471734364503111,0.6215318246758992,2.67642528987422
0.7848662448472706,0.4396031526704903,0.6150726058282092,0.619053952129863,3.471544827002501,0.6214390996758228,2.6764731042494487
0.7850506448469657,0.4396031526704903,0.6150726058282092,0.6188697646304735,3.471544827002501,0.6218099996761279,2.676281846748533
0.7847740448474233,0.4396031526704903,0.6152563058285143,0.6191769760200674,3.472113439504332,0.6214390996758228,2.676234032373304
0.784958444847118,0.4395118651703379,0.6147976183277517,0.6189309282396587,3.471260520751586,0.6218099996761279,2.6764731042494487
0.784958444847118,0.43942057767018505,0.6146144808274461,0.6189615100442513,3.471639595752806,0.6212536496756704,2.676329661123762
0.784958444847118,0.43942057767018505,0.6146144808274461,0.6188694162945564,3.471450058252196,0.6218099996761279,2.6765687329999066
0.7851428448468131,0.4395118651703379,0.614889468327904,0.6187161589356762,3.471639595752806,0.621717274676052,2.67642528987422
0.7850506448469657,0.4396031526704903,0.6148889058279041,0.6189309282396587,3.472208208254637,0.6210681996755176,2.676186217998075
0.784958444847118,0.4396031526704903,0.6150726058282092,0.619053952129863,3.471355289501891,0.6219954496762807,2.676377475498991
0.7850506448469657,0.43932929017003264,0.6146150433274464,0.6189309282396587,3.47116575200128,0.6218099996761279,2.67642528987422
0.7852350448466604,0.43963464417664133,0.6148889058279041,0.6187467407402691,3.471829133253417,0.6213463746757468,2.676329661123762
0.7852350448466604,0.43972593167679375,0.6151638933283616,0.6187776708807786,3.471639595752806,0.6215318246758992,2.676329661123762
0.7850506448469657,0.43963464417664133,0.6152563058285143,0.618900694770983,3.471450058252196,0.6218099996761279,2.676377475498991
0.784958444847118,0.4395433566764889,0.6150731683282091,0.6189312765755755,3.471923902003722,0.6213463746757468,2.676186217998075
0.7848662448472706,0.4398172191769466,0.6149796308280566,0.6187773225448617,3.471734364503111,0.6215318246758992,2.676329661123762
0.7850506448469657,0.43936078167618364,0.6146150433274464,0.6189309282396587,3.471544827002501,0.6218099996761279,2.676377475498991
0.7848662448472706,0.43963464417664133,0.6152563058285143,0.6189927885206779,3.471544827002501,0.6216245496759756,2.676377475498991
0.784958444847118,0.4395433566764889,0.6150731683282091,0.6189312765755755,3.471450058252196,0.6213463746757468,2.676281846748533
0.7848662448472706,0.43945206917633606,0.6147981808277512,0.6187161589356762,3.471923902003722,0.6213463746757468,2.676234032373304
0.7850506448469657,0.43963464417664133,0.6150726058282092,0.6191460458795579,3.471355289501891,0.6214390996758228,2.676377475498991
0.7850506448469657,0.43936078167618364,0.6147068933275988,0.6188082526853711,3.471355289501891,0.6215318246758992,2.676377475498991
0.784958444847118,0.43963464417664133,0.6151644558283615,0.6189312765755755,3.471639595752806,0.6218099996761279,2.676329661123762
0.784958444847118,0.4395433566764889,0.6149813183280568,0.6188697646304735,3.471544827002501,0.6214390996758228,2.676329661123762
0.7850506448469657,0.4392694941760308,0.6148911558279038,0.6190848822703727,3.471639595752806,0.6216245496759756,2.676329661123762
0.7850506448469657,0.43963464417664133,0.614705205827599,0.6186237168500648,3.471355289501891,0.6219027246762043,2.6765687329999066
0.7851428448468131,0.43963464417664133,0.6149807558280564,0.6189924401847606,3.471544827002501,0.6218099996761279,2.67642528987422
0.7850506448469657,0.4395433566764889,0.6149813183280568,0.6189618583801684,3.471355289501891,0.6215318246758992,2.676329661123762
0.784958444847118,0.43936078167618364,0.6147068933275988,0.6188082526853711,3.471544827002501,0.6216245496759756,2.6764731042494487
0.8719229307373295,0.49111584079993953,0.7006506821228023,1.0866698142641376,3.893084468896933,0.7578721086816216,2.683270647512054
0.8719229307373295,0.49120712830009194,0.7007419696229548,1.0864856267647478,3.892894931396323,0.7581502836818503,2.683557533763427
0.8719229307373295,0.49111584079993953,0.7006506821228023,1.0864856267647478,3.892800162646018,0.7581502836818503,2.683414090637741
0.8719229307373295,0.49129841580024436,0.7010169571234123,1.0866086506549522,3.892610625145407,0.7580575586817739,2.6834619050129693
0.8720151307371768,0.4908419782994814,0.7005605196226493,1.0868849319040366,3.892800162646018,0.7581502836818503,2.683366276262512
0.8720151307371768,0.49129841580024436,0.7010169571234123,1.0867928381543417,3.892421087644797,0.7584284586820791,2.683557533763427
0.8717385307376349,0.49120712830009194,0.7009256696232599,1.0869770256537314,3.893084468896933,0.7576866586814688,2.683222833136825
0.8719229307373295,0.49120712830009194,0.7009256696232599,1.0869770256537314,3.892800162646018,0.7582430086819267,2.6834619050129693
0.8719229307373295,0.49111584079993953,0.7006506821228023,1.0864856267647478,3.892136781393881,0.7586139086822319,2.6836531625138846
0.8719229307373295,0.49093326579963426,0.7008355071231073,1.086915862044546,3.8927053938957124,0.7583357336820031,2.683366276262512
0.8719229307373295,0.49102455329978667,0.7007430946229546,1.0868849319040366,3.892610625145407,0.7582430086819267,2.683414090637741
0.8721073307370242,0.49102455329978667,0.7007430946229546,1.0868849319040366,3.892326318894492,0.7586139086822319,2.6836053481386557
0.8717385307376349,0.49111584079993953,0.7009262321232602,1.086854350099444,3.8927053938957124,0.7582430086819267,2.6834619050129693
0.8719229307373295,0.49120712830009194,0.701109369623565,1.086915862044546,3.8927053938957124,0.7582430086819267,2.6834619050129693
0.8719229307373295,0.49132990730639536,0.7008332571231072,1.0866698142641376,3.892515856395102,0.7585211836821555,2.6834619050129693
0.8719229307373295,0.49114733230609053,0.7008343821231074,1.0866086506549522,3.893084468896933,0.7578721086816216,2.683270647512054
0.8719229307373295,0.49123861980624295,0.7009256696232599,1.0866086506549522,3.8927053938957124,0.7581502836818503,2.683366276262512
0.8720151307371768,0.49123861980624295,0.701109369623565,1.087007955794241,3.892894931396323,0.7581502836818503,2.6835097193881983
0.8719229307373295,0.49123861980624295,0.7009256696232599,1.0867928381543417,3.892610625145407,0.7583357336820031,2.683557533763427
0.8719229307373295,0.49114733230609053,0.7008343821231074,1.0868849319040366,3.892894931396323,0.757964833681698,2.683222833136825
0.8719229307373295,0.4910560448059377,0.7005593946226495,1.0866698142641376,3.892610625145407,0.7581502836818503,2.683318461887283
0.8719229307373295,0.49123861980624295,0.7010175196234126,1.086854350099444,3.892610625145407,0.7584284586820791,2.6834619050129693
0.8716463307377875,0.49096475730578526,0.7008355071231073,1.0867316745451565,3.892989700146628,0.7583357336820031,2.683366276262512
0.8711853307385504,0.4910560448059377,0.7007430946229546,1.0868849319040366,3.892515856395102,0.7587066336823083,2.683414090637741
0.8719229307373295,0.49114733230609053,0.7008343821231074,1.0869770256537314,3.892515856395102,0.7583357336820031,2.6834619050129693
0.8720151307371768,0.49123861980624295,0.7008338196231071,1.0867313262092395,3.8927053938957124,0.7582430086819267,2.6834619050129693
0.8720151307371768,0.49123861980624295,0.7010175196234126,1.086946443849139,3.8927053938957124,0.7581502836818503,2.6834619050129693
0.8719229307373295,0.49123861980624295,0.7009256696232599,1.0869770256537314,3.892326318894492,0.7587993586823847,2.6836531625138846
0.8718307307374822,0.49132990730639536,0.7010169571234123,1.086700744404647,3.892800162646018,0.757964833681698,2.683366276262512
0.8719229307373295,0.49114733230609053,0.7008343821231074,1.0869770256537314,3.892800162646018,0.7583357336820031,2.683366276262512
0.8719229307373295,0.49123861980624295,0.701109369623565,1.0867316745451565,3.8927053938957124,0.7581502836818503,2.6834619050129693
0.8720151307371768,0.49114733230609053,0.7006506821228023,1.0866698142641376,3.892894931396323,0.7581502836818503,2.683414090637741
0.8717385307376349,0.49132990730639536,0.701108807123565,1.086946443849139,3.892800162646018,0.757964833681698,2.683366276262512
0.8716463307377875,0.49123861980624295,0.7012012196237177,1.0871615614890382,3.892610625145407,0.7583357336820031,2.683414090637741
0.8719229307373295,0.49096475730578526,0.7007436571229549,1.0870385375988338,3.8927053938957124,0.7583357336820031,2.683414090637741
0.8719229307373295,0.49096475730578526,0.7005599571226494,1.0869155137086293,3.8927053938957124,0.7582430086819267,2.683366276262512
0.8717385307376349,0.49096475730578526,0.7006518071228022,1.0867928381543417,3.892800162646018,0.7582430086819267,2.6835097193881983
0.8719229307373295,0.49123861980624295,0.7009256696232599,1.0867928381543417,3.892610625145407,0.7586139086822319,2.683557533763427
0.8719229307373295,0.49123861980624295,0.7010175196234126,1.086946443849139,3.8927053938957124,0.7583357336820031,2.6834619050129693
0.8720151307371768,0.49123861980624295,0.7009256696232599,1.0869770256537314,3.8927053938957124,0.7582430086819267,2.683414090637741
0.8721073307370242,0.49123861980624295,0.7010175196234126,1.0870385375988338,3.892610625145407,0.7581502836818503,2.683414090637741
0.8719229307373295,0.49114733230609053,0.7008343821231074,1.0868849319040366,3.893084468896933,0.757964833681698,2.683175018761596
0.8716463307377875,0.49123861980624295,0.7008338196231071,1.087007607458324,3.892800162646018,0.7581502836818503,2.6835097193881983
0.8721073307370242,0.4910560448059377,0.7007430946229546,1.0867928381543417,3.892800162646018,0.7581502836818503,2.6834619050129693
0.8719229307373295,0.49132990730639536,0.701108807123565,1.0870385375988338,3.892515856395102,0.7583357336820031,2.6834619050129693
0.8719229307373295,0.49123861980624295,0.7009256696232599,1.0869770256537314,3.892515856395102,0.7582430086819267,2.6834619050129693
0.8719229307373295,0.49123861980624295,0.701109369623565,1.0871000495439358,3.892989700146628,0.7581502836818503,2.683366276262512
0.8719229307373295,0.49096475730578526,0.7006518071228022,1.0869770256537314,3.892610625145407,0.7585211836821555,2.683366276262512
0.8720151307371768,0.49123861980624295,0.7009256696232599,1.0867928381543417,3.8927053938957124,0.7581502836818503,2.683557533763427
0.8720151307371768,0.49123861980624295,0.7009256696232599,1.0868849319040366,3.8927053938957124,0.7584284586820791,2.683366276262512
0.8717385307376349,0.4910560448059377,0.7008349446231074,1.086946443849139,3.8922315501441864,0.7586139086822319,2.6836053481386557
0.8719229307373295,0.49132990730639536,0.7007414071229544,1.08670039606873,3.8927053938957124,0.7583357336820031,2.6834619050129693
0.8719229307373295,0.49151248230670064,0.7013832321240226,1.087007955794241,3.8927053938957124,0.7582430086819267,2.6835097193881983
0.8719229307373295,0.4910560448059377,0.7009267946232597,1.0871000495439358,3.8927053938957124,0.7583357336820031,2.683366276262512
0.8719229307373295,0.49114733230609053,0.7005588321226496,1.08670039606873,3.8927053938957124,0.7585211836821555,2.6834619050129693
0.8719229307373295,0.49132990730639536,0.7010169571234123,1.0867928381543417,3.8933687751478487,0.7576866586814688,2.683127204386367
0.8719229307373295,0.4908734698056324,0.7002849696221914,1.086792489818425,3.892421087644797,0.7584284586820791,2.6836053481386557
0.8719229307373295,0.49114733230609053,0.7008343821231074,1.0869770256537314,3.892800162646018,0.7582430086819267,2.6834619050129693
0.8719229307373295,0.49123861980624295,0.7009256696232599,1.0869770256537314,3.892800162646018,0.7584284586820791,2.6834619050129693
0.8720151307371768,0.4914211948065482,0.7012919446238702,1.0871000495439358,3.893084468896933,0.7580575586817739,2.683366276262512
0.8719229307373295,0.49114733230609053,0.7010180821234125,1.0871921432936307,3.891947243893271,0.758984808682537,2.6838922343900293
0.8720151307371768,0.49132990730639536,0.7010169571234123,1.0867928381543417,3.892989700146628,0.7578721086816216,2.6835097193881983
0.8719229307373295,0.49123861980624295,0.701109369623565,1.086915862044546,3.8927053938957124,0.7582430086819267,2.683318461887283
0.8719229307373295,0.49123861980624295,0.7010175196234126,1.0870385375988338,3.892894931396323,0.7583357336820031,2.683557533763427
0.8719229307373295,0.49123861980624295,0.7009256696232599,1.0869770256537314,3.892610625145407,0.7585211836821555,2.6835097193881983
0.8719229307373295,0.49114733230609053,0.7010180821234125,1.086915862044546,3.892610625145407,0.7583357336820031,2.6834619050129693
0.8721073307370242,0.4910875363120887,0.7007430946229546,1.0869770256537314,3.8931792376472383,0.7582430086819267,2.683366276262512
0.8719229307373295,0.49136139881254637,0.701108807123565,1.0870385375988338,3.8927053938957124,0.7583357336820031,2.6834619050129693
0.8720151307371768,0.49127011131239395,0.7010175196234126,1.086946443849139,3.8931792376472383,0.757964833681698,2.683414090637741
0.8717385307376349,0.4910875363120887,0.7008349446231074,1.0872227250982234,3.8927053938957124,0.7583357336820031,2.6835097193881983
0.8720151307371768,0.49127011131239395,0.7009256696232599,1.0870691194034263,3.8927053938957124,0.7582430086819267,2.683414090637741
0.8719229307373295,0.49127011131239395,0.701109369623565,1.0873763307930202,3.892421087644797,0.7585211836821555,2.6836531625138846
0.8719229307373295,0.49127011131239395,0.7009256696232599,1.0870691194034263,3.8931792376472383,0.7578721086816216,2.683175018761596
0.8721073307370242,0.49127011131239395,0.701109369623565,1.0873763307930202,3.8927053938957124,0.7583357336820031,2.6835097193881983
0.8719229307373295,0.49117882381224154,0.7011099321235653,1.0871615614890382,3.892800162646018,0.7583357336820031,2.683414090637741
0.8720151307371768,0.4910875363120887,0.7006512446228018,1.087007607458324,3.893084468896933,0.7577793836815452,2.683366276262512
0.8719229307373295,0.49117882381224154,0.7009262321232602,1.0873718985385643,3.893084468896933,0.7585211836821555,2.683414090637741
0.8721073307370242,0.49117882381224154,0.7008343821231074,1.0871261990940724,3.892515856395102,0.7583357336820031,2.683557533763427
0.8719229307373295,0.49127011131239395,0.7008338196231071,1.0872488746483597,3.8927053938957124,0.7583357336820031,2.683414090637741
0.8719229307373295,0.49127011131239395,0.7009256696232599,1.087310386593462,3.892800162646018,0.7582430086819267,2.6835097193881983
0.8720151307371768,0.49136139881254637,0.701108807123565,1.0872798047888697,3.892326318894492,0.7583357336820031,2.683557533763427
0.8719229307373295,0.49127011131239395,0.7009256696232599,1.0874945740928517,3.892894931396323,0.7582430086819267,2.6834619050129693
0.8719229307373295,0.49117882381224154,0.7007425321229547,1.08706468714897,3.8927053938957124,0.7581502836818503,2.683366276262512
0.8719229307373295,0.4910875363120887,0.7008349446231074,1.0871877110391748,3.893084468896933,0.757964833681698,2.683414090637741
0.8720151307371768,0.4910875363120887,0.7007430946229546,1.087310386593462,3.8927053938957124,0.7583357336820031,2.6835097193881983
0.8720151307371768,0.4910875363120887,0.7007430946229546,1.0872182928437673,3.8927053938957124,0.7582430086819267,2.6835097193881983
0.8720151307371768,0.49117882381224154,0.7006506821228023,1.0871873627032578,3.8927053938957124,0.7583357336820031,2.6834619050129693
0.8719229307373295,0.49127011131239395,0.701109369623565,1.0872492229842767,3.893084468896933,0.7583357336820031,2.683557533763427
0.8719229307373295,0.4910875363120887,0.7007430946229546,1.0874945740928517,3.8931792376472383,0.7581502836818503,2.683366276262512
0.8719229307373295,0.49136139881254637,0.701108807123565,1.0871877110391748,3.892800162646018,0.7583357336820031,2.683414090637741
0.8719229307373295,0.4910875363120887,0.7007430946229546,1.087310386593462,3.892610625145407,0.7586139086822319,2.683557533763427
0.8719229307373295,0.49136139881254637,0.7010169571234123,1.087310386593462,3.892610625145407,0.7581502836818503,2.6834619050129693
0.8719229307373295,0.49127011131239395,0.7009256696232599,1.0870341053443775,3.892894931396323,0.7582430086819267,2.6834619050129693
0.8719229307373295,0.4910875363120887,0.7005593946226495,1.0869110814541734,3.892326318894492,0.7584284586820791,2.6835097193881983
0.8719229307373295,0.4910875363120887,0.7007430946229546,1.0870341053443775,3.8931792376472383,0.757964833681698,2.683318461887283
0.8717385307376349,0.49127011131239395,0.7009256696232599,1.0872182928437673,3.892894931396323,0.7581502836818503,2.683366276262512
0.8718307307374822,0.49127011131239395,0.7009256696232599,1.0871261990940724,3.892800162646018,0.7583357336820031,2.683557533763427
0.8722917307367193,0.49117882381224154,0.7008343821231074,1.0871261990940724,3.892800162646018,0.7583357336820031,2.683414090637741
0.8715541307379397,0.4910875363120887,0.7004675446224967,1.0872179445078503,3.8931792376472383,0.7583357336820031,2.6834619050129693
0.8717385307376349,0.49127011131239395,0.7009256696232599,1.0874945740928517,3.892989700146628,0.7583357336820031,2.683414090637741
0.8719229307373295,0.49117882381224154,0.7008343821231074,1.0872182928437673,3.892136781393881,0.7587993586823847,2.6837966056395715
0.8719229307373295,0.4914526863126992,0.7008326946231073,1.0870337570084607,3.892894931396323,0.7584284586820791,2.6834619050129693
0.8720151307371768,0.49117882381224154,0.7007425321229547,1.08706468714897,3.892610625145407,0.7583357336820031,2.6835097193881983
0.8717385307376349,0.49127011131239395,0.7007419696229548,1.087003175203868,3.892989700146628,0.7584284586820791,2.683414090637741
0.8719229307373295,0.49127011131239395,0.7007419696229548,1.087003175203868,3.8927053938957124,0.7583357336820031,2.683414090637741
0.8721073307370242,0.49127011131239395,0.701109369623565,1.0873413167339716,3.8931792376472383,0.7581502836818503,2.683366276262512
0.8719229307373295,0.49117882381224154,0.7006506821228023,1.0872794564529524,3.893084468896933,0.757964833681698,2.683318461887283
0.8719229307373295,0.49117882381224154,0.7008343821231074,1.0874945740928517,3.892610625145407,0.7583357336820031,2.6834619050129693
0.8720151307371768,0.49127011131239395,0.7010175196234126,1.0871877110391748,3.8927053938957124,0.7583357336820031,2.683366276262512
0.8719229307373295,0.4914526863126992,0.7011082446235651,1.0871261990940724,3.8922315501441864,0.7590775336826134,2.6837487912643425
0.8715541307379397,0.49127011131239395,0.7007419696229548,1.0870952689535631,3.892800162646018,0.757964833681698,2.683366276262512
0.8721073307370242,0.49127011131239395,0.7009256696232599,1.0874945740928517,3.892610625145407,0.7582430086819267,2.683414090637741
0.8719229307373295,0.49127011131239395,0.7009256696232599,1.0872182928437673,3.892610625145407,0.7583357336820031,2.683222833136825
0.8720151307371768,0.49127011131239395,0.7010175196234126,1.0871877110391748,3.8927053938957124,0.7585211836821555,2.6836053481386557
0.8719229307373295,0.49127011131239395,0.7010175196234126,1.0871877110391748,3.892800162646018,0.7581502836818503,2.6835097193881983
0.8720151307371768,0.49117882381224154,0.7008343821231074,1.087310386593462,3.892989700146628,0.7582430086819267,2.683366276262512
0.8720151307371768,0.49117882381224154,0.7009262321232602,1.0872798047888697,3.892800162646018,0.7584284586820791,2.6835097193881983
0.8721073307370242,0.49127011131239395,0.7010175196234126,1.0872798047888697,3.8931792376472383,0.757964833681698,2.683414090637741
0.8719229307373295,0.4914526863126992,0.7012000946237179,1.0871877110391748,3.892800162646018,0.7577793836815452,2.683366276262512
0.8719229307373295,0.49127011131239395,0.700650119622802,1.0870337570084607,3.8927053938957124,0.7585211836821555,2.6834619050129693
0.8719229307373295,0.49127011131239395,0.7009256696232599,1.087310386593462,3.892610625145407,0.7583357336820031,2.6835097193881983
0.8720151307371768,0.49136139881254637,0.7012006571237174,1.0874334104836663,3.8931792376472383,0.7582430086819267,2.683366276262512
0.8720151307371768,0.49127011131239395,0.701109369623565,1.0874334104836663,3.892800162646018,0.7581502836818503,2.683414090637741
0.8719229307373295,0.49127011131239395,0.7009256696232599,1.0874024803431568,3.892800162646018,0.7582430086819267,2.683557533763427
0.8719229307373295,0.49117882381224154,0.7009262321232602,1.0874639922882592,3.892894931396323,0.757964833681698,2.683366276262512
0.8719229307373295,0.49136139881254637,0.7010169571234123,1.0872182928437673,3.892515856395102,0.7582430086819267,2.683366276262512
0.8719229307373295,0.49136139881254637,0.7008332571231072,1.0871873627032578,3.89156816889205,0.7594484336829186,2.683987863140487
0.8720151307371768,0.49127011131239395,0.701109369623565,1.0874904901743125,3.892894931396323,0.7577793836815452,2.683222833136825
0.8721073307370242,0.49136139881254637,0.7010169571234123,1.087551653783498,3.892894931396323,0.7584284586820791,2.683414090637741
0.8720151307371768,0.49127011131239395,0.7009256696232599,1.087551653783498,3.8927053938957124,0.7583357336820031,2.683366276262512
0.8720151307371768,0.49136139881254637,0.7010169571234123,1.0873674662841082,3.892989700146628,0.7584284586820791,2.6834619050129693
0.8719229307373295,0.49127011131239395,0.7007419696229548,1.0874286298932936,3.892800162646018,0.7582430086819267,2.683414090637741
0.8715541307379397,0.49127011131239395,0.7007419696229548,1.0871523486442092,3.892421087644797,0.7586139086822319,2.683557533763427
0.8720151307371768,0.4914526863126992,0.70092454462326,1.0873365361435987,3.893084468896933,0.7582430086819267,2.683366276262512
0.8719229307373295,0.49121031531839254,0.7012017821237176,1.0877056078142116,3.8927053938957124,0.7583357336820031,2.683366276262512
0.8720151307371768,0.49148417781885023,0.7011082446235651,1.0874595600338028,3.892610625145407,0.7583357336820031,2.683557533763427
0.8715541307379397,0.49130160281854496,0.7009256696232599,1.0874595600338028,3.892610625145407,0.7585211836821555,2.683557533763427
0.8719229307373295,0.49130160281854496,0.7009256696232599,1.0874595600338028,3.8927053938957124,0.7581502836818503,2.683366276262512
0.8719229307373295,0.4911190278182397,0.7009267946232597,1.0876746776737023,3.892894931396323,0.7581502836818503,2.6834619050129693
0.8717385307376349,0.4913928903186974,0.7007414071229544,1.0872750241984965,3.8927053938957124,0.7584284586820791,2.683557533763427
0.8719229307373295,0.4913928903186974,0.7010169571234123,1.0876437475331926,3.8927053938957124,0.7581502836818503,2.683414090637741
0.8719229307373295,0.4911190278182397,0.7006512446228018,1.0873980480887007,3.892989700146628,0.7581502836818503,2.683366276262512
0.8720151307371768,0.49157546531900265,0.7011995321237176,1.087551653783498,3.8927053938957124,0.7585211836821555,2.6834619050129693
0.8722917307367193,0.4913928903186974,0.701108807123565,1.0874289782292106,3.892610625145407,0.7582430086819267,2.6834619050129693
0.8721073307370242,0.49102774031808727,0.7007436571229549,1.0875210719789052,3.893084468896933,0.757964833681698,2.683318461887283
0.8719229307373295,0.49130160281854496,0.7010175196234126,1.087705259478295,3.8927053938957124,0.7583357336820031,2.6834619050129693
0.8720151307371768,0.49121031531839254,0.7009262321232602,1.087336884479516,3.8927053938957124,0.7583357336820031,2.6835097193881983
0.8720151307371768,0.49148417781885023,0.7012000946237179,1.0875210719789052,3.892989700146628,0.7581502836818503,2.683318461887283
0.8719229307373295,0.4911190278182397,0.7007430946229546,1.0872753725344135,3.8927053938957124,0.7583357336820031,2.683414090637741
0.8719229307373295,0.4913928903186974,0.701108807123565,1.0875210719789052,3.892610625145407,0.7585211836821555,2.6835097193881983
0.8719229307373295,0.49130160281854496,0.7007419696229548,1.0873365361435987,3.892610625145407,0.7583357336820031,2.683557533763427
0.8720151307371768,0.49130160281854496,0.7010175196234126,1.0875210719789052,3.8927053938957124,0.7585211836821555,2.6835097193881983
0.8720151307371768,0.49130160281854496,0.7010175196234126,1.0876131657286003,3.892610625145407,0.7581502836818503,2.683414090637741
0.8721073307370242,0.4913928903186974,0.7012006571237174,1.0875825839240072,3.8927053938957124,0.7582430086819267,2.6834619050129693
0.8717385307376349,0.49130160281854496,0.7009256696232599,1.0877358412828877,3.892800162646018,0.7584284586820791,2.6834619050129693
0.8718307307374822,0.49121031531839254,0.7008343821231074,1.0873674662841082,3.893084468896933,0.7580575586817739,2.683414090637741
0.8718307307374822,0.4911190278182397,0.7010186446234125,1.0879203771181944,3.892800162646018,0.7583357336820031,2.6834619050129693
0.8719229307373295,0.4911190278182397,0.7007430946229546,1.0874595600338028,3.892326318894492,0.7587066336823083,2.6837487912643425
0.8720151307371768,0.49148417781885023,0.7011082446235651,1.087551653783498,3.892989700146628,0.7584284586820791,2.6835097193881983
0.8719229307373295,0.49121031531839254,0.7007425321229547,1.0876743293377853,3.8927053938957124,0.7582430086819267,2.683557533763427
0.8717385307376349,0.4913928903186974,0.7012006571237174,1.0875825839240072,3.893084468896933,0.7583357336820031,2.6835097193881983
0.8720151307371768,0.4913928903186974,0.701108807123565,1.087705259478295,3.892610625145407,0.7580575586817739,2.683414090637741
0.8719229307373295,0.49102774031808727,0.7006518071228022,1.0876437475331926,3.893084468896933,0.7578721086816216,2.683366276262512
0.8719229307373295,0.4911190278182397,0.7005593946226495,1.0875207236429885,3.892326318894492,0.7586139086822319,2.6836531625138846
0.8717385307376349,0.49130160281854496,0.7009256696232599,1.0876437475331926,3.892989700146628,0.7581502836818503,2.683414090637741
0.8720151307371768,0.49121031531839254,0.7010180821234125,1.087766771423397,3.8927053938957124,0.7583357336820031,2.683366276262512
0.8718307307374822,0.49130160281854496,0.7009256696232599,1.0877358412828877,3.892326318894492,0.7585211836821555,2.6837487912643425
0.8718307307374822,0.49148417781885023,0.7011082446235651,1.0874595600338028,3.8927053938957124,0.7583357336820031,2.6834619050129693
0.8719229307373295,0.49121031531839254,0.7009262321232602,1.087705259478295,3.892989700146628,0.7583357336820031,2.683414090637741
0.8719229307373295,0.4913928903186974,0.7010169571234123,1.087551653783498,3.8927053938957124,0.7581502836818503,2.6834619050129693
0.8720151307371768,0.4913928903186974,0.7012006571237174,1.0876746776737023,3.892610625145407,0.7583357336820031,2.6834619050129693
0.8721073307370242,0.49121031531839254,0.7009262321232602,1.087705259478295,3.892894931396323,0.7582430086819267,2.6834619050129693
0.8720151307371768,0.49148417781885023,0.7011082446235651,1.0874595600338028,3.892800162646018,0.7583357336820031,2.6834619050129693
0.8719229307373295,0.49148417781885023,0.7011082446235651,1.0876437475331926,3.892989700146628,0.7581502836818503,2.683414090637741
0.8719229307373295,0.49130160281854496,0.7009256696232599,1.087551653783498,3.8927053938957124,0.7585211836821555,2.6836053481386557
0.8719229307373295,0.49102774031808727,0.7004681071224971,1.0873365361435987,3.8927053938957124,0.7581502836818503,2.6834619050129693
0.8719229307373295,0.49130160281854496,0.700650119622802,1.0874592116978863,3.892894931396323,0.7582430086819267,2.683414090637741
0.8721073307370242,0.49130160281854496,0.7009256696232599,1.0878279350325823,3.892989700146628,0.7581502836818503,2.6835097193881983
0.8719229307373295,0.4913928903186974,0.7010169571234123,1.0877929209735338,3.892800162646018,0.7583357336820031,2.683414090637741
0.8719229307373295,0.49157546531900265,0.7011995321237176,1.087608733474144,3.892800162646018,0.7583357336820031,2.6834619050129693
0.8720151307371768,0.49121031531839254,0.7009262321232602,1.0876702454192464,3.892610625145407,0.7585211836821555,2.6836053481386557
0.8719229307373295,0.49130160281854496,0.7009256696232599,1.0877008272238387,3.8927053938957124,0.7581502836818503,2.6834619050129693
0.8719229307373295,0.49130160281854496,0.7010175196234126,1.0879465266683308,3.892421087644797,0.7587993586823847,2.6836531625138846
0.8719229307373295,0.49130160281854496,0.701109369623565,1.087915944863738,3.892421087644797,0.7587993586823847,2.6837009768891136
0.8719229307373295,0.4911190278182397,0.7007430946229546,1.0877008272238387,3.8927053938957124,0.7582430086819267,2.6835097193881983
0.8719229307373295,0.49102774031808727,0.7007436571229549,1.0880386204180255,3.892800162646018,0.7584284586820791,2.683366276262512
0.8721073307370242,0.49130160281854496,0.7009256696232599,1.087977108472923,3.8927053938957124,0.7580575586817739,2.683414090637741
0.8719229307373295,0.4911190278182397,0.7005593946226495,1.0876698970833294,3.892800162646018,0.7581502836818503,2.6834619050129693
0.8719229307373295,0.49130160281854496,0.7007419696229548,1.0876698970833294,3.8932740063975433,0.7576866586814688,2.683270647512054
0.8719229307373295,0.4913928903186974,0.7010169571234123,1.0878850147232284,3.892800162646018,0.7585211836821555,2.683414090637741
0.8720151307371768,0.4911190278182397,0.7009267946232597,1.0881001323631274,3.8927053938957124,0.7583357336820031,2.6835097193881983
0.8719229307373295,0.4911190278182397,0.7005593946226495,1.0876698970833294,3.8927053938957124,0.7582430086819267,2.683366276262512
0.8719229307373295,0.49148417781885023,0.7012000946237179,1.0878544329186361,3.8927053938957124,0.7581502836818503,2.6834619050129693
0.8719229307373295,0.4913928903186974,0.7009251071232595,1.0880076902775158,3.892894931396323,0.7585211836821555,2.683414090637741
0.8719229307373295,0.49148417781885023,0.7011082446235651,1.0877008272238387,3.892136781393881,0.7586139086822319,2.6837009768891136
0.8720151307371768,0.49130160281854496,0.7009256696232599,1.0877929209735338,3.8927053938957124,0.7581502836818503,2.683557533763427
0.8720151307371768,0.49121031531839254,0.7008343821231074,1.087977108472923,3.892800162646018,0.7584284586820791,2.683414090637741
0.8719229307373295,0.4911190278182397,0.7007430946229546,1.087608733474144,3.893084468896933,0.7581502836818503,2.683414090637741
0.8719229307373295,0.4911190278182397,0.7009267946232597,1.087915944863738,3.892610625145407,0.7585211836821555,2.683557533763427
0.8720151307371768,0.49148417781885023,0.7011082446235651,1.087977108472923,3.8931792376472383,0.7581502836818503,2.683270647512054
0.8719229307373295,0.4911190278182397,0.7005593946226495,1.087854084582719,3.892894931396323,0.7583357336820031,2.683366276262512
0.8719229307373295,0.49130160281854496,0.7009256696232599,1.087977108472923,3.892610625145407,0.7585211836821555,2.6835097193881983
0.8720151307371768,0.49130160281854496,0.7010175196234126,1.0880386204180255,3.8927053938957124,0.7581502836818503,2.683366276262512
0.8719229307373295,0.49130160281854496,0.7007419696229548,1.0879461783324138,3.893084468896933,0.7584284586820791,2.683414090637741
0.8721073307370242,0.49130160281854496,0.701109369623565,1.087915944863738,3.893084468896933,0.7581502836818503,2.683557533763427
0.8719229307373295,0.49130160281854496,0.7009256696232599,1.0877929209735338,3.8927053938957124,0.7584284586820791,2.6835097193881983
0.8719229307373295,0.4911190278182397,0.7007430946229546,1.087977108472923,3.893084468896933,0.7578721086816216,2.683366276262512
0.8719229307373295,0.49130160281854496,0.701109369623565,1.0880080386134328,3.892894931396323,0.7583357336820031,2.6835097193881983
0.8719229307373295,0.49130160281854496,0.7009256696232599,1.0877929209735338,3.892610625145407,0.7583357336820031,2.6834619050129693
0.8721073307370242,0.4913928903186974,0.7010169571234123,1.0877929209735338,3.892894931396323,0.7583357336820031,2.683414090637741
0.8719229307373295,0.49130160281854496,0.7010175196234126,1.0880386204180255,3.8931792376472383,0.7583357336820031,2.683270647512054
0.8720151307371768,0.4911190278182397,0.7003756946223444,1.087546873193125,3.8927053938957124,0.7583357336820031,2.6835097193881983
0.8720151307371768,0.49121031531839254,0.7008343821231074,1.0880692022226182,3.8927053938957124,0.7586139086822319,2.6835097193881983
0.8722917307367193,0.4913928903186974,0.7010169571234123,1.087977108472923,3.8927053938957124,0.7583357336820031,2.6835097193881983
0.8716463307377875,0.49130160281854496,0.7007419696229548,1.0879461783324138,3.892989700146628,0.7581502836818503,2.683414090637741
0.8719229307373295,0.49130160281854496,0.7009256696232599,1.0880692022226182,3.892800162646018,0.7583357336820031,2.683366276262512
0.8720151307371768,0.4913928903186974,0.701108807123565,1.0878544329186361,3.892421087644797,0.7587066336823083,2.6836531625138846
0.8719229307373295,0.4913928903186974,0.7012006571237174,1.087915944863738,3.8933687751478487,0.7578721086816216,2.683366276262512
0.8719229307373295,0.49130160281854496,0.7009256696232599,1.0877929209735338,3.892894931396323,0.757964833681698,2.683222833136825
0.8719229307373295,0.4911190278182397,0.7007430946229546,1.0877929209735338,3.892894931396323,0.7583357336820031,2.6834619050129693
0.8721073307370242,0.49148417781885023,0.7012000946237179,1.0880386204180255,3.8927053938957124,0.7583357336820031,2.6835097193881983
0.8720151307371768,0.49121031531839254,0.7009262321232602,1.0876702454192464,3.892894931396323,0.7582430086819267,2.683366276262512
0.8720151307371768,0.49121031531839254,0.7008343821231074,1.087977108472923,3.892894931396323,0.7581502836818503,2.683414090637741
0.8719229307373295,0.4914243818248484,0.7010169571234123,1.087977108472923,3.892800162646018,0.7582430086819267,2.683414090637741
0.8719229307373295,0.49133309432469596,0.7010175196234126,1.0881307141677206,3.8927053938957124,0.7585211836821555,2.6835097193881983
0.8719229307373295,0.4914243818248484,0.7010169571234123,1.0877929209735338,3.892515856395102,0.7581502836818503,2.683366276262512
0.8721073307370242,0.49133309432469596,0.7009256696232599,1.0880692022226182,3.892989700146628,0.7581502836818503,2.683366276262512
0.8720151307371768,0.49124180682454355,0.7008343821231074,1.0881612959723128,3.892421087644797,0.7588920836824606,2.6837009768891136
0.8720151307371768,0.4914243818248484,0.7010169571234123,1.0881612959723128,3.892800162646018,0.7582430086819267,2.683366276262512
0.8719229307373295,0.49133309432469596,0.7007419696229548,1.0877619908330243,3.892989700146628,0.7582430086819267,2.683414090637741
0.8720151307371768,0.49151566932500124,0.7012919446238702,1.0881922261128225,3.892800162646018,0.757964833681698,2.6834619050129693
0.8720151307371768,0.49133309432469596,0.7007419696229548,1.087854084582719,3.892800162646018,0.7583357336820031,2.683414090637741
0.8719229307373295,0.49151566932500124,0.7012919446238702,1.0881001323631274,3.8927053938957124,0.7582430086819267,2.6834619050129693
0.8715541307379397,0.4909679443240854,0.7005605196226493,1.0880692022226182,3.892989700146628,0.7580575586817739,2.683366276262512
0.8719229307373295,0.49133309432469596,0.7007419696229548,1.0879461783324138,3.892515856395102,0.7587066336823083,2.6837487912643425
0.8721073307370242,0.4914243818248484,0.7009251071232595,1.088156863717857,3.893084468896933,0.7581502836818503,2.683557533763427
0.8720151307371768,0.4911505193243907,0.7008349446231074,1.0883719813577564,3.8927053938957124,0.7583357336820031,2.683557533763427
0.8719229307373295,0.49133309432469596,0.7010175196234126,1.0883719813577564,3.8927053938957124,0.7585211836821555,2.6835097193881983
0.8721073307370242,0.49133309432469596,0.7007419696229548,1.0881874455224496,3.892800162646018,0.7583357336820031,2.683366276262512
0.8719229307373295,0.4914243818248484,0.7010169571234123,1.0879420944138747,3.8927053938957124,0.7585211836821555,2.6835097193881983
0.8720151307371768,0.49133309432469596,0.7010175196234126,1.0883719813577564,3.892894931396323,0.7581502836818503,2.6835097193881983
0.8721073307370242,0.49133309432469596,0.7009256696232599,1.0879420944138747,3.8927053938957124,0.7583357336820031,2.6835097193881983
0.8719229307373295,0.49133309432469596,0.700650119622802,1.0881259335773474,3.892894931396323,0.7581502836818503,2.6835097193881983
0.8720151307371768,0.49151566932500124,0.7012000946237179,1.088095700108672,3.892610625145407,0.7585211836821555,2.683557533763427
0.8718307307374822,0.49160695682515365,0.7011995321237176,1.0881262819132642,3.8931792376472383,0.7582430086819267,2.6836053481386557
0.8721073307370242,0.4910592318242383,0.7004681071224971,1.0879111642733652,3.892800162646018,0.7585211836821555,2.683414090637741
0.872199530736872,0.49151566932500124,0.7012919446238702,1.0884334933028583,3.892894931396323,0.7581502836818503,2.683557533763427
0.8719229307373295,0.49133309432469596,0.7008338196231071,1.0884331449669413,3.8927053938957124,0.7583357336820031,2.6834619050129693
0.8719229307373295,0.4914243818248484,0.7009251071232595,1.0880647699681618,3.893084468896933,0.7583357336820031,2.6834619050129693
0.8720151307371768,0.4914243818248484,0.7008332571231072,1.0880032580230599,3.892610625145407,0.7585211836821555,2.683557533763427
0.954892354746705,0.5349744206238074,0.7618432588141894,1.5070649236333438,3.8190315406779054,0.909399607990302,2.6701450076306177
0.9547079547470099,0.5351569956241127,0.7620258338144946,1.5069728298836491,3.819126309428211,0.9093068829902256,2.670097193255389
0.9547079547470099,0.5350657081239603,0.7619345463143422,1.5070649236333438,3.8193158469288213,0.9093068829902256,2.6700493788801603
0.9545235547473152,0.5350657081239603,0.762026396314495,1.5071264355784462,3.819600153179737,0.9093068829902256,2.6699537501297024
0.9547079547470099,0.5351569956241127,0.7620258338144946,1.5070649236333438,3.819221078178516,0.909399607990302,2.6701450076306177
0.9547079547470099,0.5347005581233497,0.7616612463138844,1.5069422480790564,3.8193158469288213,0.9091214329900728,2.6701450076306177
0.9546157547471625,0.534883133123655,0.761935671314342,1.5070037600241584,3.819221078178516,0.909399607990302,2.6701928220058466
0.954892354746705,0.5351569956241127,0.7620258338144946,1.5071570173830384,3.819126309428211,0.909399607990302,2.6701450076306177
0.9547079547470099,0.5350657081239603,0.7621182463146473,1.5072800412732428,3.8193158469288213,0.9093068829902256,2.6700493788801603
0.9545235547473152,0.5349744206238074,0.7617514088140366,1.5069113179385467,3.8193158469288213,0.9093068829902256,2.6701450076306177
0.9547079547470099,0.5350657081239603,0.762026396314495,1.5072185293281408,3.819789690680347,0.9090287079899968,2.6699537501297024
0.9548001547468572,0.5350657081239603,0.7617508463140371,1.5067577122437497,3.819126309428211,0.9093068829902256,2.6699537501297024
0.9547079547470099,0.534883133123655,0.7616601213138842,1.5070955054379362,3.819126309428211,0.9087505329897676,2.669905935754474
0.9547079547470099,0.5352482831242651,0.7623926713151049,1.5071573657189556,3.819126309428211,0.9093068829902256,2.6700493788801603
0.9545235547473152,0.5350657081239603,0.7618426963141894,1.5069113179385467,3.8194106156791263,0.9093068829902256,2.670097193255389
0.9547079547470099,0.534883133123655,0.7618438213141897,1.5070343418287513,3.8190315406779054,0.9095850579904543,2.6702884507563045
0.9549845547465523,0.5350657081239603,0.762026396314495,1.5072185293281408,3.819221078178516,0.9093068829902256,2.6700493788801603
0.9545235547473152,0.5349744206238074,0.7619614070953871,1.5072756090187873,3.8193158469288213,0.9090287079899968,2.6700493788801603
0.9548001547468572,0.5347918456235021,0.7620543820955392,1.5073680511043988,3.819126309428211,0.9093068829902256,2.6700015645049313
0.9547079547470099,0.5350657081239603,0.7620526945955399,1.507367702768482,3.819600153179737,0.9090287079899968,2.669905935754474
0.9547079547470099,0.534883133123655,0.7620538195955397,1.5077670079077707,3.8193158469288213,0.9093068829902256,2.6700493788801603
0.9547079547470099,0.5350657081239603,0.7620526945955399,1.5072756090187873,3.8193158469288213,0.9093068829902256,2.6700493788801603
0.9546157547471625,0.534883133123655,0.7618701195952347,1.5071835152690922,3.8190315406779054,0.909399607990302,2.6700493788801603
0.9545235547473152,0.5347005581233497,0.7616875445949294,1.5071835152690922,3.81874723442699,0.9093068829902256,2.6701928220058466
0.9548001547468572,0.5350657081239603,0.7620526945955399,1.5071835152690922,3.8189367719276004,0.909399607990302,2.6701450076306177
0.954892354746705,0.5349744206238074,0.7618695570952343,1.507214097073685,3.8190315406779054,0.9093068829902256,2.670097193255389
0.9547079547470099,0.5347918456235021,0.7619625320953869,1.507214445409602,3.8188420031772954,0.9094923329903779,2.6701450076306177
0.9547079547470099,0.534883133123655,0.7618701195952347,1.5071835152690922,3.819789690680347,0.9090287079899968,2.6699537501297024
0.9546157547471625,0.5350657081239603,0.7620526945955399,1.5071835152690922,3.8195053844294313,0.9091214329900728,2.6700493788801603
0.9547079547470099,0.5350657081239603,0.7619608445953872,1.5069378158246003,3.819221078178516,0.909399607990302,2.6701450076306177
0.9547079547470099,0.5347918456235021,0.761686982094929,1.5073982845730745,3.8195053844294313,0.9093068829902256,2.6700493788801603
0.9547079547470099,0.5350657081239603,0.7620526945955399,1.507367702768482,3.8194106156791263,0.9091214329900728,2.6700493788801603
0.9547079547470099,0.534883133123655,0.7618701195952347,1.5072756090187873,3.8195053844294313,0.9089359829899204,2.6699537501297024
0.9549845547465523,0.5350657081239603,0.7618689945952344,1.5070604913788879,3.819600153179737,0.9090287079899968,2.6700015645049313
0.954892354746705,0.5351569956241127,0.7621439820956923,1.5071835152690922,3.819126309428211,0.9093068829902256,2.6699537501297024
0.9547079547470099,0.5350657081239603,0.7618689945952344,1.5070604913788879,3.819694921930042,0.9089359829899204,2.669762492628787
0.9547079547470099,0.5350657081239603,0.7619608445953872,1.50712200332399,3.8188420031772954,0.9094923329903779,2.6700493788801603
0.9545235547473152,0.5350657081239603,0.7619608445953872,1.507214097073685,3.819126309428211,0.9093068829902256,2.6699537501297024
0.9549845547465523,0.534883133123655,0.7618701195952347,1.507367702768482,3.8193158469288213,0.9089359829899204,2.6699537501297024
0.9545235547473152,0.534883133123655,0.7618701195952347,1.5074597965181766,3.8193158469288213,0.9094923329903779,2.6701450076306177
0.9546157547471625,0.534883133123655,0.7620538195955397,1.5074907266586863,3.819221078178516,0.909399607990302,2.6701450076306177
0.9547079547470099,0.5350657081239603,0.7618689945952344,1.5071525851285825,3.819221078178516,0.9093068829902256,2.670097193255389
0.9547079547470099,0.5350657081239603,0.7619608445953872,1.507214097073685,3.8190315406779054,0.9093068829902256,2.6700493788801603
0.9545235547473152,0.534883133123655,0.7616864195949291,1.5072446788782772,3.8193158469288213,0.9093068829902256,2.6699537501297024
0.9547079547470099,0.534883133123655,0.7617782695950819,1.5073061908233796,3.819221078178516,0.9093068829902256,2.6700493788801603
0.9547079547470099,0.534883133123655,0.7617782695950819,1.507214097073685,3.819126309428211,0.9093068829902256,2.6700493788801603
0.954892354746705,0.5349744206238074,0.7618695570952343,1.50712200332399,3.8189367719276004,0.9094923329903779,2.6701928220058466
0.9548001547468572,0.5351569956241127,0.7620521320955396,1.5073061908233796,3.8195053844294313,0.908843257989844,2.669905935754474
0.954892354746705,0.5350657081239603,0.762236394595845,1.507214445409602,3.819126309428211,0.9093068829902256,2.6700493788801603
0.954892354746705,0.5349744206238074,0.7619614070953871,1.5072756090187873,3.8190315406779054,0.9093068829902256,2.6700015645049313
0.9547079547470099,0.5347918456235021,0.7617788320950818,1.507367702768482,3.8195053844294313,0.9091214329900728,2.669858121379245
0.9548001547468572,0.534883133123655,0.761961969595387,1.507429214713584,3.8195053844294313,0.9093068829902256,2.6700015645049313
0.9546157547471625,0.5350657081239603,0.762236394595845,1.5073065391592966,3.8193158469288213,0.9093068829902256,2.6700493788801603
0.954892354746705,0.5349744206238074,0.7618695570952343,1.507214097073685,3.819126309428211,0.9093068829902256,2.6700015645049313
0.954892354746705,0.5351569956241127,0.7621439820956923,1.507367702768482,3.819221078178516,0.909399607990302,2.6699537501297024
0.9546157547471625,0.5352482831242651,0.7622352695958448,1.5071835152690922,3.8189367719276004,0.9095850579904543,2.6701450076306177
0.954892354746705,0.5352482831242651,0.762143419595692,1.507214097073685,3.819126309428211,0.909399607990302,2.670097193255389
0.9547079547470099,0.5347918456235021,0.7620543820955392,1.5075522386037883,3.819600153179737,0.9089359829899204,2.6699537501297024
0.9548001547468572,0.5351569956241127,0.7621439820956923,1.5069993277697025,3.8194106156791263,0.9093068829902256,2.6699537501297024
0.954892354746705,0.5349744206238074,0.7619614070953871,1.5072756090187873,3.819126309428211,0.909399607990302,2.670097193255389
0.9547079547470099,0.5347918456235021,0.7617788320950818,1.5071835152690922,3.819126309428211,0.9093068829902256,2.6700493788801603
0.9549845547465523,0.5350657081239603,0.7620526945955399,1.5070914215193976,3.8193158469288213,0.9093068829902256,2.6700015645049313
0.9547079547470099,0.534883133123655,0.7617782695950819,1.5073982845730745,3.8190315406779054,0.909399607990302,2.6700493788801603
0.9547079547470099,0.5350657081239603,0.7621445445956923,1.5072450272141944,3.8194106156791263,0.9091214329900728,2.6699537501297024
0.954892354746705,0.5350657081239603,0.7621445445956923,1.507429214713584,3.8194106156791263,0.9092141579901492,2.6700015645049313
0.9547079547470099,0.5347918456235021,0.7618706820952341,1.507429214713584,3.819126309428211,0.9093068829902256,2.6699537501297024
0.9546157547471625,0.5347918456235021,0.7619625320953869,1.507582820408381,3.8193158469288213,0.9090287079899968,2.6700493788801603
0.9549845547465523,0.534883133123655,0.7616864195949291,1.5072446788782772,3.819221078178516,0.909399607990302,2.6699537501297024
0.9547079547470099,0.534883133123655,0.7620538195955397,1.507674914158076,3.8194106156791263,0.9090287079899968,2.669905935754474
0.9548001547468572,0.5350657081239603,0.7620526945955399,1.507367702768482,3.8189367719276004,0.9094923329903779,2.6701450076306177
0.9548001547468572,0.534883133123655,0.7618701195952347,1.5072756090187873,3.819126309428211,0.9093068829902256,2.6699537501297024
0.954892354746705,0.5352482831242651,0.7622352695958448,1.507367702768482,3.8189367719276004,0.9096777829905307,2.6703362651315334
0.9546157547471625,0.5347918456235021,0.7613195820943188,1.5070601430429709,3.8193158469288213,0.9090287079899968,2.6699537501297024
0.9548001547468572,0.5347918456235021,0.7617788320950818,1.5075518902678717,3.8189367719276004,0.9094923329903779,2.6701450076306177
0.9550767547463996,0.5350657081239603,0.762236394595845,1.5074907266586863,3.819221078178516,0.9093068829902256,2.6700015645049313
0.954892354746705,0.5350657081239603,0.7620526945955399,1.5072756090187873,3.819221078178516,0.9091214329900728,2.6700493788801603
0.9546157547471625,0.5351569956241127,0.7621439820956923,1.507367702768482,3.8190315406779054,0.9094923329903779,2.6700493788801603
0.9547079547470099,0.5350657081239603,0.7620526945955399,1.5071835152690922,3.8193158469288213,0.909399607990302,2.669905935754474
0.9547079547470099,0.5350657081239603,0.7620526945955399,1.5072756090187873,3.8189367719276004,0.9094923329903779,2.6700493788801603
0.9548001547468572,0.5352482831242651,0.7624189695961499,1.5073065391592966,3.8193158469288213,0.9093068829902256,2.6701450076306177
0.9546157547471625,0.5349744206238074,0.7619614070953871,1.507367702768482,3.8193158469288213,0.9091214329900728,2.6700493788801603
0.9546157547471625,0.5347005581233497,0.7616875445949294,1.5076439840175664,3.819221078178516,0.9091214329900728,2.6699537501297024
0.9547079547470099,0.5347918456235021,0.7618706820952341,1.5075213084632788,3.8195053844294313,0.9091214329900728,2.6700493788801603
0.9547079547470099,0.534883133123655,0.761961969595387,1.5076134022129737,3.8193158469288213,0.9092141579901492,2.6701450076306177
0.9546157547471625,0.5347918456235021,0.7617788320950818,1.5075518902678717,3.819221078178516,0.9092141579901492,2.670097193255389
0.9548001547468572,0.5349744206238074,0.7619614070953871,1.507367702768482,3.8193158469288213,0.9093068829902256,2.6700015645049313
0.9547079547470099,0.5347918456235021,0.7615951320947763,1.507428866377667,3.819221078178516,0.909399607990302,2.6702406363810756
0.9546157547471625,0.5347918456235021,0.761686982094929,1.5073061908233796,3.819221078178516,0.9093068829902256,2.6700015645049313
0.9546157547471625,0.534883133123655,0.7617782695950819,1.5074903783227693,3.8190315406779054,0.9094923329903779,2.6700493788801603
0.9548001547468572,0.5350657081239603,0.7621445445956923,1.5077054959626686,3.8195053844294313,0.9091214329900728,2.6699537501297024
0.9548001547468572,0.5347918456235021,0.7615951320947763,1.5073367726279723,3.8190315406779054,0.9096777829905307,2.6701928220058466
0.9547079547470099,0.5349744206238074,0.7619614070953871,1.507367702768482,3.8190315406779054,0.9093068829902256,2.670097193255389
0.9546157547471625,0.5347005581233497,0.7616875445949294,1.5072756090187873,3.8193158469288213,0.9093068829902256,2.6700493788801603
0.9547079547470099,0.5350657081239603,0.7621445445956923,1.507429214713584,3.8194106156791263,0.9093068829902256,2.6700493788801603
0.954892354746705,0.5350657081239603,0.762236394595845,1.5073986329089917,3.8195053844294313,0.908843257989844,2.669905935754474
0.9548001547468572,0.534883133123655,0.761961969595387,1.507429214713584,3.8193158469288213,0.9090287079899968,2.6700493788801603
0.954892354746705,0.5351569956241127,0.7623276820959974,1.507582820408381,3.819126309428211,0.9093068829902256,2.6700493788801603
0.954892354746705,0.5350657081239603,0.762236394595845,1.507582820408381,3.819126309428211,0.9093068829902256,2.6699537501297024
0.9547079547470099,0.5347918456235021,0.761686982094929,1.5073061908233796,3.8190315406779054,0.9094923329903779,2.6700493788801603
0.954892354746705,0.5349744206238074,0.7619614070953871,1.5074597965181766,3.81874723442699,0.9094923329903779,2.6701928220058466
0.9549845547465523,0.5349744206238074,0.7621451070956922,1.507582820408381,3.8193158469288213,0.9092141579901492,2.670097193255389
0.9547079547470099,0.5350657081239603,0.7619608445953872,1.5073061908233796,3.819126309428211,0.9095850579904543,2.6700015645049313
0.9547079547470099,0.5350657081239603,0.7621445445956923,1.507429214713584,3.8193158469288213,0.9093068829902256,2.6700015645049313
0.954892354746705,0.5347005581233497,0.7615956945947766,1.50712200332399,3.8190315406779054,0.9093068829902256,2.6702884507563045
0.954892354746705,0.5347918456235021,0.7618706820952341,1.5073371209638893,3.819221078178516,0.909399607990302,2.6702406363810756
0.954892354746705,0.5351569956241127,0.7622358320958447,1.5072450272141944,3.819221078178516,0.909399607990302,2.6700493788801603
0.9547079547470099,0.5350657081239603,0.7619608445953872,1.507214097073685,3.819126309428211,0.9095850579904543,2.6701450076306177
0.9547079547470099,0.5347918456235021,0.761686982094929,1.5074903783227693,3.8189367719276004,0.9094923329903779,2.670097193255389
0.954892354746705,0.5351569956241127,0.7621439820956923,1.507367702768482,3.819126309428211,0.9092141579901492,2.6700493788801603
0.9546157547471625,0.5350657081239603,0.7619608445953872,1.5074903783227693,3.8190315406779054,0.9094923329903779,2.6701450076306177
0.954892354746705,0.5350657081239603,0.762236394595845,1.5073986329089917,3.819126309428211,0.9091214329900728,2.670097193255389
0.9546157547471625,0.534883133123655,0.7618701195952347,1.507367702768482,3.819221078178516,0.9090287079899968,2.669905935754474
0.954892354746705,0.5351569956241127,0.7621439820956923,1.507367702768482,3.819221078178516,0.9091214329900728,2.6700493788801603
0.9548001547468572,0.534883133123655,0.7616864195949291,1.5072446788782772,3.819126309428211,0.9095850579904543,2.6703362651315334
0.954892354746705,0.5350657081239603,0.7620526945955399,1.507367702768482,3.819126309428211,0.9093068829902256,2.6701928220058466
0.9547079547470099,0.5351569956241127,0.7620521320955396,1.5073061908233796,3.819126309428211,0.9092141579901492,2.669905935754474
0.954892354746705,0.534883133123655,0.7617782695950819,1.5073982845730745,3.8189367719276004,0.9094923329903779,2.670097193255389
0.9546157547471625,0.5350657081239603,0.762236394595845,1.5074907266586863,3.8190315406779054,0.909399607990302,2.6700015645049313
0.954892354746705,0.5352482831242651,0.7622352695958448,1.5071835152690922,3.819221078178516,0.9093068829902256,2.6699537501297024
0.9548001547468572,0.5347918456235021,0.7615951320947763,1.5070604913788879,3.8193158469288213,0.9093068829902256,2.6700015645049313
0.9548001547468572,0.5350657081239603,0.762236394595845,1.5074907266586863,3.819126309428211,0.9092141579901492,2.6700493788801603
0.954892354746705,0.5351569956241127,0.7622358320958447,1.5073371209638893,3.8195053844294313,0.9093068829902256,2.6700493788801603
0.9545235547473152,0.534883133123655,0.7616864195949291,1.5071525851285825,3.8193158469288213,0.9090287079899968,2.669810307004016
0.9549845547465523,0.5350657081239603,0.7620526945955399,1.507367702768482,3.819221078178516,0.909399607990302,2.6700493788801603
0.9547079547470099,0.5347918456235021,0.7615951320947763,1.5070604913788879,3.819221078178516,0.9093068829902256,2.6700493788801603
0.954892354746705,0.5350657081239603,0.7619608445953872,1.5073061908233796,3.819126309428211,0.9093068829902256,2.6699537501297024
0.9547079547470099,0.5350657081239603,0.7620526945955399,1.5074597965181766,3.8193158469288213,0.9093068829902256,2.6701450076306177
0.9548001547468572,0.5350657081239603,0.7620526945955399,1.5072756090187873,3.8189367719276004,0.9093068829902256,2.670097193255389
0.9546157547471625,0.5350657081239603,0.7623282445959974,1.5075522386037883,3.8193158469288213,0.9090287079899968,2.669858121379245
0.954892354746705,0.5347918456235021,0.7617788320950818,1.507367702768482,3.819221078178516,0.9093068829902256,2.6700493788801603
0.954892354746705,0.534883133123655,0.7617782695950819,1.5073061908233796,3.81874723442699,0.9094923329903779,2.6701928220058466
0.9547079547470099,0.5351569956241127,0.7620521320955396,1.5076395517631105,3.819221078178516,0.9093068829902256,2.670097193255389
0.9546157547471625,0.5347005581233497,0.7616875445949294,1.5073326887094334,3.8189367719276004,0.909399607990302,2.6701450076306177
0.9548001547468572,0.5350657081239603,0.762236394595845,1.5076399000990273,3.819221078178516,0.9093068829902256,2.6699537501297024
0.9550767547463996,0.534883133123655,0.7616864195949291,1.507670133567703,3.819221078178516,0.9094923329903779,2.6700493788801603
0.9548001547468572,0.5347918456235021,0.7619625320953869,1.5076399000990273,3.8190315406779054,0.9093068829902256,2.6701928220058466
0.954892354746705,0.5349744206238074,0.7619614070953871,1.5077931574579075,3.8194106156791263,0.9094923329903779,2.6700493788801603
0.9547079547470099,0.5351569956241127,0.7620521320955396,1.5076395517631105,3.819126309428211,0.9094923329903779,2.670097193255389
0.9547079547470099,0.5352482831242651,0.7622352695958448,1.5073326887094334,3.8189367719276004,0.9093068829902256,2.6699537501297024
0.9548001547468572,0.5350657081239603,0.7620526945955399,1.5076089699585178,3.819221078178516,0.9093068829902256,2.6700015645049313
0.9548001547468572,0.5351569956241127,0.7621439820956923,1.5077010637082127,3.8190315406779054,0.9093068829902256,2.6699537501297024
0.9547079547470099,0.534883133123655,0.7617782695950819,1.5075474580134154,3.819221078178516,0.9093068829902256,2.6699537501297024
0.954892354746705,0.5347005581233497,0.7616875445949294,1.5074247824591283,3.819221078178516,0.9093068829902256,2.670097193255389
0.954892354746705,0.5352482831242651,0.762143419595692,1.5074553642637207,3.819221078178516,0.9094923329903779,2.6700493788801603
0.954892354746705,0.5349744206238074,0.7619614070953871,1.5077010637082127,3.8189367719276004,0.9093068829902256,2.6700015645049313
0.954892354746705,0.5347005581233497,0.7615956945947766,1.5075474580134154,3.8183681594257695,0.9098632329906831,2.6703362651315334
0.9548001547468572,0.5350657081239603,0.7620526945955399,1.5076089699585178,3.819126309428211,0.9093068829902256,2.6700493788801603
0.9547079547470099,0.5352482831242651,0.7622352695958448,1.507516876208823,3.8190315406779054,0.909399607990302,2.6700493788801603
0.9546157547471625,0.5350657081239603,0.7619608445953872,1.5075474580134154,3.819126309428211,0.909399607990302,2.6700015645049313
0.954892354746705,0.5350657081239603,0.7621445445956923,1.5073942006545353,3.819126309428211,0.909399607990302,2.6700015645049313
0.9546157547471625,0.5350657081239603,0.7619608445953872,1.5076395517631105,3.819126309428211,0.9093068829902256,2.6700015645049313
0.9547079547470099,0.5349744206238074,0.7617777070950815,1.5073017585689237,3.819126309428211,0.9093068829902256,2.6701450076306177
0.9547079547470099,0.5350657081239603,0.7620526945955399,1.507516876208823,3.819126309428211,0.909399607990302,2.6700015645049313
0.9546157547471625,0.534883133123655,0.7620538195955397,1.5075478063493326,3.819126309428211,0.909399607990302,2.6701450076306177
0.954892354746705,0.5351569956241127,0.7620521320955396,1.507363270514026,3.8188420031772954,0.9096777829905307,2.6701928220058466
0.954892354746705,0.5350657081239603,0.7620526945955399,1.5077931574579075,3.8189367719276004,0.9093068829902256,2.670097193255389
0.9548001547468572,0.534883133123655,0.7620538195955397,1.5076399000990273,3.819126309428211,0.9093068829902256,2.6699537501297024
0.9547079547470099,0.5350657081239603,0.7620526945955399,1.507516876208823,3.8188420031772954,0.9096777829905307,2.6703362651315334
0.9548001547468572,0.5350657081239603,0.7621445445956923,1.5077625756533148,3.819126309428211,0.9093068829902256,2.6700493788801603
0.954892354746705,0.5351569956241127,0.7621702803767374,1.5078852512076022,3.819221078178516,0.9094923329903779,2.6700493788801603
0.954892354746705,0.5350657081239603,0.762078992876585,1.507516876208823,3.819221078178516,0.9089359829899204,2.669858121379245
0.9549845547465523,0.5351569956241127,0.7623539803770425,1.5077319938487221,3.8193158469288213,0.9094923329903779,2.670097193255389
0.954892354746705,0.5351569956241127,0.7622621303768897,1.5079467631527042,3.819221078178516,0.9091214329900728,2.6701450076306177
0.9546157547471625,0.534883133123655,0.7618045678761269,1.5074553642637207,3.8194106156791263,0.9093068829902256,2.6699537501297024
0.9549845547465523,0.534883133123655,0.7615290178756691,1.507270828428414,3.8193158469288213,0.9091214329900728,2.6699537501297024
0.9547079547470099,0.5351569956241127,0.7618947303762795,1.507424434123211,3.8190315406779054,0.9093068829902256,2.670097193255389
0.9548001547468572,0.5351569956241127,0.7619865803764319,1.5073938523186183,3.819126309428211,0.909399607990302,2.670097193255389
0.954892354746705,0.534883133123655,0.7618964178762797,1.507516876208823,3.8189367719276004,0.9094923329903779,2.6700493788801603
0.9548001547468572,0.5351569956241127,0.7619865803764319,1.507578039818008,3.819126309428211,0.909399607990302,2.670097193255389
0.9547079547470099,0.5350657081239603,0.7621708428767373,1.507578388153925,3.819126309428211,0.9093068829902256,2.6700493788801603
0.9547079547470099,0.5352482831242651,0.7624452678771949,1.5075478063493326,3.819126309428211,0.9093068829902256,2.6700493788801603
0.954892354746705,0.5350657081239603,0.7621708428767373,1.507578388153925,3.819126309428211,0.9091214329900728,2.6700015645049313
0.9550767547463996,0.534883133123655,0.7618964178762797,1.507516876208823,3.819126309428211,0.909399607990302,2.6700493788801603
0.9546157547471625,0.5350657081239603,0.7622626928768901,1.507824087598417,3.8193158469288213,0.9090287079899968,2.669762492628787
0.9549845547465523,0.5350657081239603,0.7621708428767373,1.507578388153925,3.8190315406779054,0.909399607990302,2.6700493788801603
0.9547079547470099,0.5349744206238074,0.7618040053761266,1.507670133567703,3.819126309428211,0.9091214329900728,2.6699537501297024
0.954892354746705,0.5350657081239603,0.7619871428764322,1.5076395517631105,3.819126309428211,0.9094923329903779,2.670097193255389
0.9547079547470099,0.5350657081239603,0.762078992876585,1.507516876208823,3.8194106156791263,0.9090287079899968,2.6699537501297024
0.9547079547470099,0.5351569956241127,0.7621702803767374,1.5074247824591283,3.8193158469288213,0.9093068829902256,2.6701928220058466
0.954892354746705,0.534883133123655,0.7618045678761269,1.507271176764331,3.81874723442699,0.9094923329903779,2.6701928220058466
0.9547079547470099,0.5350657081239603,0.762078992876585,1.507516876208823,3.819126309428211,0.9093068829902256,2.6700493788801603
0.9547079547470099,0.5351569956241127,0.7619865803764319,1.5073938523186183,3.819126309428211,0.9092141579901492,2.6699537501297024
0.954892354746705,0.5350657081239603,0.7622626928768901,1.5077319938487221,3.819600153179737,0.9089359829899204,2.669905935754474
0.9545235547473152,0.5350657081239603,0.7621708428767373,1.5073942006545353,3.8189367719276004,0.909399607990302,2.670097193255389
0.9548001547468572,0.534883133123655,0.7618964178762797,1.5074247824591283,3.819126309428211,0.9093068829902256,2.6699537501297024
0.9548001547468572,0.5350657081239603,0.762078992876585,1.507516876208823,3.819221078178516,0.9093068829902256,2.670097193255389
0.9547079547470099,0.534883133123655,0.7618964178762797,1.5077931574579075,3.8190315406779054,0.9093068829902256,2.6700493788801603
0.9547079547470099,0.5347918456235021,0.7616214303758213,1.5073938523186183,3.8188420031772954,0.909399607990302,2.6701928220058466
0.9546157547471625,0.5349744206238074,0.7620795553765844,1.5074862944042304,3.819126309428211,0.9090287079899968,2.6700493788801603
0.9546157547471625,0.5349744206238074,0.7620795553765844,1.507578388153925,3.8190315406779054,0.909399607990302,2.670097193255389
0.9547079547470099,0.5351569956241127,0.7621702803767374,1.5077931574579075,3.819126309428211,0.9094923329903779,2.6700015645049313
0.954892354746705,0.5350657081239603,0.762078992876585,1.507516876208823,3.8189367719276004,0.9093068829902256,2.6700493788801603
0.954892354746705,0.5347918456235021,0.761529580375669,1.5073323403735164,3.81874723442699,0.9097705079906071,2.6703362651315334
0.9545235547473152,0.5349744206238074,0.7618040053761266,1.507578039818008,3.8190315406779054,0.9094923329903779,2.6701450076306177
0.954892354746705,0.5347918456235021,0.7618051303761268,1.507516876208823,3.8193158469288213,0.9090287079899968,2.6700015645049313
0.9548001547468572,0.5350657081239603,0.7618952928762794,1.5073938523186183,3.8190315406779054,0.9093068829902256,2.6700493788801603
0.954892354746705,0.5350657081239603,0.7618952928762794,1.507578039818008,3.8195053844294313,0.9093068829902256,2.6699537501297024
0.9547079547470099,0.534883133123655,0.7618045678761269,1.5074553642637207,3.8193158469288213,0.9093068829902256,2.6700493788801603
0.9547079547470099,0.5350657081239603,0.7622626928768901,1.507824087598417,3.819126309428211,0.9093068829902256,2.6701450076306177
0.9548001547468572,0.5351569956241127,0.7623539803770425,1.5076399000990273,3.8189367719276004,0.9093068829902256,2.6699537501297024
0.954892354746705,0.5350657081239603,0.762078992876585,1.5077010637082127,3.8195053844294313,0.9089359829899204,2.669810307004016
0.9547079547470099,0.534883133123655,0.7618045678761269,1.5074553642637207,3.819126309428211,0.9093068829902256,2.6700493788801603
0.9548001547468572,0.5349744206238074,0.7621714053767372,1.5076399000990273,3.8194106156791263,0.9094923329903779,2.670097193255389
0.954892354746705,0.5350657081239603,0.762078992876585,1.5077931574579075,3.81855769692638,0.9099559579907595,2.6702406363810756
0.9547079547470099,0.5351569956241127,0.7622621303768897,1.5079467631527042,3.819126309428211,0.9091214329900728,2.6700015645049313
0.9548001547468572,0.5350657081239603,0.7622626928768901,1.5076399000990273,3.819221078178516,0.9091214329900728,2.670097193255389
0.9546157547471625,0.5350657081239603,0.7622626928768901,1.5077319938487221,3.81874723442699,0.9094923329903779,2.6702406363810756
0.954892354746705,0.5350657081239603,0.7621708428767373,1.5076704819036197,3.819126309428211,0.9094923329903779,2.6700015645049313
0.9548001547468572,0.5351569956241127,0.7621702803767374,1.5074247824591283,3.8194106156791263,0.9087505329897676,2.669905935754474
0.9548001547468572,0.5349744206238074,0.7619877053764321,1.507516876208823,3.8188420031772954,0.9094923329903779,2.670097193255389
0.954892354746705,0.5350657081239603,0.762078992876585,1.507516876208823,3.819126309428211,0.9096777829905307,2.6701450076306177
0.9548001547468572,0.5347918456235021,0.7618051303761268,1.5077010637082127,3.8189367719276004,0.9093068829902256,2.6700493788801603
0.9547079547470099,0.5351569956241127,0.7620784303765846,1.5075474580134154,3.8193158469288213,0.9089359829899204,2.6699537501297024
0.9547079547470099,0.5351569956241127,0.7619865803764319,1.5073017585689237,3.8193158469288213,0.9090287079899968,2.6700493788801603
0.9547079547470099,0.534883133123655,0.7617127178759742,1.5073017585689237,3.819221078178516,0.9090287079899968,2.6699537501297024
0.9546157547471625,0.5347918456235021,0.7617132803759741,1.5074553642637207,3.8190315406779054,0.9093068829902256,2.6700493788801603
0.9547079547470099,0.5350657081239603,0.7622626928768901,1.507824087598417,3.819126309428211,0.9093068829902256,2.6699537501297024
0.9547079547470099,0.534883133123655,0.7620801178765848,1.5076399000990273,3.8193158469288213,0.9093068829902256,2.6700493788801603
0.9548001547468572,0.5350657081239603,0.762078992876585,1.5077010637082127,3.819126309428211,0.9095850579904543,2.6701450076306177
0.954892354746705,0.5350657081239603,0.7622626928768901,1.5075478063493326,3.8193158469288213,0.9089359829899204,2.670097193255389
0.9547079547470099,0.5349744206238074,0.7619877053764321,1.507516876208823,3.8190315406779054,0.9093068829902256,2.6700493788801603
0.9547079547470099,0.5347918456235021,0.7618051303761268,1.507516876208823,3.819600153179737,0.9087505329897676,2.669762492628787
0.9545235547473152,0.534883133123655,0.7618964178762797,1.5076089699585178,3.81874723442699,0.9096777829905307,2.6703362651315334
0.9546157547471625,0.5350657081239603,0.7622626928768901,1.5076399000990273,3.819126309428211,0.9094923329903779,2.6702406363810756
0.9547079547470099,0.5349744206238074,0.7621714053767372,1.5075478063493326,3.8190315406779054,0.9093068829902256,2.6699537501297024
0.954892354746705,0.5349744206238074,0.7621714053767372,1.5077319938487221,3.819126309428211,0.9094923329903779,2.6701928220058466
0.954892354746705,0.5351569956241127,0.7621702803767374,1.507516876208823,3.81874723442699,0.9097705079906071,2.6702884507563045
0.9548001547468572,0.5351569956241127,0.7622621303768897,1.5077625756533148,3.8195053844294313,0.9090287079899968,2.6699537501297024
0.9547079547470099,0.5347918456235021,0.7618051303761268,1.507516876208823,3.819126309428211,0.9093068829902256,2.6700493788801603
0.9548001547468572,0.5349744206238074,0.7618040053761266,1.5074859460683132,3.819126309428211,0.9094923329903779,2.6700493788801603
0.9545235547473152,0.5347005581233497,0.7617138428759744,1.5077931574579075,3.819126309428211,0.9094923329903779,2.670097193255389
0.954892354746705,0.5349744206238074,0.7619877053764321,1.5077010637082127,3.8189367719276004,0.9097705079906071,2.6701450076306177
0.9548001547468572,0.5351569956241127,0.7619865803764319,1.5073017585689237,3.8193158469288213,0.9092141579901492,2.6700015645049313
0.954892354746705,0.5350657081239603,0.7621708428767373,1.507578388153925,3.819126309428211,0.9093068829902256,2.6699537501297024
0.9547079547470099,0.5352482831242651,0.7622615678768898,1.5074247824591283,3.819126309428211,0.909399607990302,2.670097193255389
0.9548001547468572,0.5350657081239603,0.7621708428767373,1.507578388153925,3.819126309428211,0.909399607990302,2.670097193255389
0.9547079547470099,0.5350657081239603,0.7619871428764322,1.5077316455128051,3.819126309428211,0.9090287079899968,2.669858121379245
0.9547079547470099,0.534883133123655,0.7620801178765848,1.5076399000990273,3.819126309428211,0.9093068829902256,2.6699537501297024
0.954892354746705,0.5347918456235021,0.7618051303761268,1.507516876208823,3.819221078178516,0.9093068829902256,2.6700493788801603
0.9547079547470099,0.5349744206238074,0.7620795553765844,1.5077625756533148,3.819126309428211,0.9094923329903779,2.670097193255389
0.9547327268070449,0.534883133123655,0.7618964178762797,1.5074247824591283,3.8193158469288213,0.9093068829902256,2.6700015645049313
0.9551015268064347,0.5349744206238074,0.7619877053764321,1.5074247824591283,3.8190315406779054,0.909399607990302,2.6702406363810756
0.9547327268070449,0.5350657081239603,0.7619871428764322,1.5074553642637207,3.8190315406779054,0.9093068829902256,2.6700493788801603
0.9548249268068922,0.5350657081239603,0.7621708428767373,1.5077625756533148,3.819126309428211,0.9093068829902256,2.670097193255389
0.9547327268070449,0.5352482831242651,0.7622615678768898,1.5077931574579075,3.8189367719276004,0.9094923329903779,2.6700015645049313
0.95491712680674,0.534883133123655,0.7620801178765848,1.507916181348112,3.81874723442699,0.9095850579904543,2.670097193255389
0.95491712680674,0.534883133123655,0.7618964178762797,1.507516876208823,3.819126309428211,0.9095850579904543,2.670097193255389
0.9546405268071976,0.5349744206238074,0.7619877053764321,1.5077010637082127,3.81874723442699,0.9098632329906831,2.6702406363810756
0.9546405268071976,0.534883133123655,0.7620801178765848,1.507824087598417,3.8188420031772954,0.9093068829902256,2.6701928220058466
0.9548249268068922,0.534883133123655,0.7618964178762797,1.507516876208823,3.819600153179737,0.9090287079899968,2.669905935754474
1.038450746394649,0.5954192420609734,0.8477318483943277,1.960344871543751,3.2729834611714073,1.009523786385302,2.684258150303242
1.0385429463944968,0.5956018170612787,0.847914423394633,1.960344871543751,3.2725096174198813,1.0098019613855307,2.6843537790537
1.038450746394649,0.5956018170612787,0.8480981233949385,1.9605599891836507,3.272604386170187,1.009894686385607,2.684305964678471
1.0386351463943442,0.5956018170612787,0.8480981233949385,1.9606520829333454,3.2725096174198813,1.0098019613855307,2.6843537790537
1.0386351463943442,0.5956931045614315,0.8480057108947858,1.9601606840443613,3.272225311168966,1.0100801363857594,2.6843537790537
1.0382663463949544,0.5956931045614315,0.8480057108947858,1.9605290590431408,3.272699154920492,1.0097092363854543,2.6841625215527847
1.0385429463944968,0.5954192420609734,0.8479155483946332,1.9607441766830402,3.272130542418661,1.0102655863859122,2.6842103359280136
1.038450746394649,0.5956931045614315,0.8480975608949386,1.960590570988243,3.2727939236707972,1.0098019613855307,2.684258150303242
1.0382663463949544,0.5955105295611263,0.8477312858943282,1.9605596408477335,3.2728886924211023,1.009523786385302,2.6842103359280136
1.038450746394649,0.5954192420609734,0.8479155483946332,1.9605599891836507,3.2725096174198813,1.0098019613855307,2.684258150303242
1.0386351463943442,0.5955105295611263,0.8480068358947861,1.9606520829333454,3.2729834611714073,1.0094310613852255,2.684258150303242
1.0385429463944968,0.5958756795617364,0.8481882858950907,1.9604369652934461,3.272699154920492,1.009616511385378,2.684258150303242
1.038450746394649,0.5956931045614315,0.8479138608946335,1.9603754533483442,3.2728886924211023,1.009523786385302,2.6843537790537
1.0385429463944968,0.5955105295611263,0.8478231358944806,1.9605290590431408,3.2727939236707972,1.009523786385302,2.6842103359280136
1.0386351463943442,0.5956018170612787,0.847914423394633,1.9605290590431408,3.2724148486695763,1.009894686385607,2.6843537790537
1.0386351463943442,0.5956018170612787,0.8480062733947857,1.9604063834888534,3.272699154920492,1.009616511385378,2.684258150303242
1.0383585463948017,0.5956018170612787,0.847914423394633,1.9605290590431408,3.272225311168966,1.0102655863859122,2.684401593428929
1.038450746394649,0.5955105295611263,0.8480068358947861,1.9607441766830402,3.2727939236707972,1.009523786385302,2.684258150303242
1.0385429463944968,0.595327954560821,0.8474568608938702,1.9604060351529364,3.272604386170187,1.0098019613855307,2.684258150303242
1.0385429463944968,0.5954192420609734,0.8477318483943277,1.9605290590431408,3.272604386170187,1.0100801363857594,2.684258150303242
1.038450746394649,0.5955105295611263,0.8478231358944806,1.960344871543751,3.2724148486695763,1.0098019613855307,2.684258150303242
1.038450746394649,0.5954507335671244,0.8476399983941754,1.9605596408477335,3.2724148486695763,1.0101728613858358,2.6843537790537
1.038450746394649,0.5956333085674297,0.8480981233949385,1.9605599891836507,3.2727939236707972,1.0097092363854543,2.684258150303242
1.0386351463943442,0.5955420210672773,0.8478231358944806,1.9606211527928354,3.272699154920492,1.009894686385607,2.684305964678471
1.0382663463949544,0.595390937573123,0.847732410894328,1.9604984772385483,3.2724148486695763,1.0097092363854543,2.6842103359280136
1.038450746394649,0.5955735125734283,0.8478231358944806,1.960344871543751,3.272699154920492,1.009616511385378,2.6844494078041574
1.0385429463944968,0.5957560875737336,0.8478220108944807,1.9603139414032418,3.272604386170187,1.0097092363854543,2.6843537790537
1.038450746394649,0.595847375073886,0.848188848395091,1.9604984772385483,3.272699154920492,1.0098019613855307,2.6843537790537
1.0386351463943442,0.5957560875737336,0.8480057108947858,1.9605290590431408,3.2727939236707972,1.009616511385378,2.6842103359280136
1.0386351463943442,0.5956648000735807,0.8477962751134357,1.9601341861583084,3.2727939236707972,1.0098019613855307,2.684258150303242
1.0386351463943442,0.5955735125734283,0.8478886876135884,1.960441397547902,3.272699154920492,1.0098019613855307,2.6842103359280136
1.0385429463944968,0.5954822250732754,0.8478892501135883,1.960318721993615,3.272699154920492,1.0097092363854543,2.6842103359280136
1.0386351463943442,0.5955735125734283,0.8479805376137411,1.9605029094930044,3.272699154920492,1.0097092363854543,2.684305964678471
1.038450746394649,0.5954822250732754,0.8478892501135883,1.9605950032426993,3.272604386170187,1.009894686385607,2.684258150303242
1.038450746394649,0.5955735125734283,0.8477049876132833,1.960226279908003,3.272699154920492,1.009894686385607,2.684401593428929
1.038450746394649,0.595390937573123,0.8474305626128252,1.9602568617125953,3.2728886924211023,1.009894686385607,2.6842103359280136
1.0386351463943442,0.5954822250732754,0.8477055501132827,1.9603798856027996,3.2732677674223227,1.008967436384844,2.684066892802327
1.0388195463940388,0.5955735125734283,0.8478886876135884,1.9603493037982074,3.272699154920492,1.009523786385302,2.6843537790537
1.038450746394649,0.5956648000735807,0.8477044251132829,1.9602568617125953,3.2727939236707972,1.009616511385378,2.6843537790537
1.0383585463948017,0.5956648000735807,0.847888125113588,1.9603798856027996,3.2727939236707972,1.0098019613855307,2.6843537790537
1.0385429463944968,0.595847375073886,0.8482544001141988,1.9605029094930044,3.272699154920492,1.0097092363854543,2.684401593428929
1.038450746394649,0.5955735125734283,0.8477968376134356,1.960287791853105,3.271656698667135,1.010543761386141,2.6844972221793864
1.038450746394649,0.5957560875737336,0.8479794126137409,1.9604719793524947,3.272604386170187,1.0097092363854543,2.684258150303242
1.038450746394649,0.5956648000735807,0.8480718251138936,1.9605029094930044,3.272699154920492,1.009523786385302,2.6841147071775557
1.0385429463944968,0.5956648000735807,0.8480718251138936,1.9604108157433098,3.272604386170187,1.009894686385607,2.684305964678471
1.038450746394649,0.5959386625740384,0.8481619876140457,1.9601956981034103,3.272604386170187,1.009987411385683,2.684401593428929
1.038450746394649,0.5956648000735807,0.847888125113588,1.960287791853105,3.272604386170187,1.0098019613855307,2.684258150303242
1.0386351463943442,0.5955735125734283,0.8480723876138935,1.9603802339387169,3.2724148486695763,1.0100801363857594,2.684258150303242
1.0386351463943442,0.5956648000735807,0.847888125113588,1.9603798856027996,3.2723200799192713,1.0103583113859882,2.6844494078041574
1.0382663463949544,0.5956648000735807,0.847888125113588,1.9603798856027996,3.272604386170187,1.009894686385607,2.6842103359280136
1.0385429463944968,0.5954822250732754,0.8477055501132827,1.9603798856027996,3.2730782299217127,1.009616511385378,2.6843537790537
1.0385429463944968,0.5956648000735807,0.8480718251138936,1.960318721993615,3.272699154920492,1.0098019613855307,2.684258150303242
1.0385429463944968,0.5956648000735807,0.8482555251141987,1.9608101208825985,3.272699154920492,1.0097092363854543,2.684401593428929
1.038450746394649,0.5955735125734283,0.8480723876138935,1.9604723276884117,3.272699154920492,1.009616511385378,2.6842103359280136
1.0386351463943442,0.5955735125734283,0.8477968376134356,1.9603798856027996,3.272604386170187,1.0098019613855307,2.6843537790537
1.0385429463944968,0.595847375073886,0.8481625501140461,1.960441397547902,3.272130542418661,1.0100801363857594,2.684401593428929
1.038450746394649,0.5955735125734283,0.8478886876135884,1.960441397547902,3.272699154920492,1.0098019613855307,2.684258150303242
1.0387273463941915,0.5955735125734283,0.8477968376134356,1.960287791853105,3.272604386170187,1.0097092363854543,2.6842103359280136
1.038450746394649,0.5955735125734283,0.8477968376134356,1.9603798856027996,3.272604386170187,1.0097092363854543,2.6843537790537
1.0385429463944968,0.5956648000735807,0.8477962751134357,1.9603183736576977,3.2724148486695763,1.0101728613858358,2.684401593428929
1.038450746394649,0.5956648000735807,0.8477962751134357,1.9605025611570874,3.2731729986720177,1.0090601613849204,2.6841625215527847
1.038450746394649,0.5955735125734283,0.8477049876132833,1.9601341861583084,3.272604386170187,1.0094310613852255,2.684305964678471
1.0386351463943442,0.595390937573123,0.8476142626131303,1.9603798856027996,3.2725096174198813,1.0098019613855307,2.6841625215527847
1.038450746394649,0.5956648000735807,0.8481636751140459,1.9607486089374961,3.2729834611714073,1.0098019613855307,2.684305964678471
1.038450746394649,0.595390937573123,0.8477979626134359,1.9606870969923942,3.2727939236707972,1.0098019613855307,2.6843537790537
1.0386351463943442,0.595359446066972,0.8476142626131303,1.9604719793524947,3.2723200799192713,1.009894686385607,2.6844972221793864
1.038450746394649,0.5954507335671244,0.8476137001131304,1.9603183736576977,3.272604386170187,1.0098019613855307,2.6843537790537
1.038450746394649,0.5954507335671244,0.8478892501135883,1.9604108157433098,3.2725096174198813,1.0102655863859122,2.6841147071775557
1.038450746394649,0.5955420210672773,0.8477968376134356,1.9605640731021894,3.2728886924211023,1.009616511385378,2.684258150303242
1.0386351463943442,0.5956333085674297,0.8480718251138936,1.9605029094930044,3.272604386170187,1.0093383363851491,2.6842103359280136
1.0385429463944968,0.5957245960675825,0.8478875626135886,1.9604104674073928,3.2728886924211023,1.0097092363854543,2.6841147071775557
1.0386351463943442,0.5956333085674297,0.847888125113588,1.9605640731021894,3.272699154920492,1.0098019613855307,2.6842103359280136
1.0386351463943442,0.5956333085674297,0.8477044251132829,1.9602568617125953,3.272604386170187,1.009523786385302,2.684258150303242
1.038450746394649,0.5957245960675825,0.8481631126140464,1.9604108157433098,3.272604386170187,1.0097092363854543,2.684258150303242
1.0382663463949544,0.5954507335671244,0.8477055501132827,1.9604719793524947,3.272604386170187,1.0097092363854543,2.684305964678471
1.038450746394649,0.5957245960675825,0.8480712626138937,1.960533491297597,3.272604386170187,1.009616511385378,2.6842103359280136
1.0385429463944968,0.5957245960675825,0.8482549626141987,1.9605644214381064,3.2729834611714073,1.0093383363851491,2.684305964678471
1.0385429463944968,0.5955420210672773,0.8477968376134356,1.9604719793524947,3.272699154920492,1.0098019613855307,2.684401593428929
1.038450746394649,0.5956333085674297,0.8479799751137408,1.9606255850472918,3.272699154920492,1.0098019613855307,2.6842103359280136
1.0385429463944968,0.5954507335671244,0.8477055501132827,1.9603798856027996,3.2728886924211023,1.0098019613855307,2.684305964678471
1.0386351463943442,0.5956333085674297,0.847888125113588,1.9604719793524947,3.272699154920492,1.0100801363857594,2.684258150303242
1.038450746394649,0.5956333085674297,0.8480718251138936,1.9605029094930044,3.272604386170187,1.0098019613855307,2.684258150303242
1.0385429463944968,0.5957245960675825,0.8477957126134358,1.9603489554622904,3.2729834611714073,1.009523786385302,2.6843537790537
1.038450746394649,0.5957245960675825,0.8481631126140464,1.9606870969923942,3.2728886924211023,1.009523786385302,2.684305964678471
1.038450746394649,0.5956333085674297,0.8477962751134357,1.9606867486564772,3.272699154920492,1.0098019613855307,2.684305964678471
1.0382663463949544,0.595359446066972,0.847522412612978,1.9605025611570874,3.2728886924211023,1.0100801363857594,2.684305964678471
1.038450746394649,0.5956333085674297,0.847888125113588,1.9605640731021894,3.272604386170187,1.009894686385607,2.684305964678471
1.0387273463941915,0.5956333085674297,0.8481636751140459,1.9606565151878013,3.272130542418661,1.0100801363857594,2.684305964678471
1.0385429463944968,0.5956333085674297,0.847888125113588,1.960287791853105,3.272699154920492,1.0098019613855307,2.684305964678471
1.0385429463944968,0.5955420210672773,0.8477968376134356,1.9601956981034103,3.2727939236707972,1.0098019613855307,2.6841625215527847
1.0385429463944968,0.5956333085674297,0.8480718251138936,1.9605029094930044,3.2729834611714073,1.009616511385378,2.6843537790537
1.038450746394649,0.5956333085674297,0.8475207251129778,1.9601338378223911,3.272604386170187,1.009894686385607,2.6842103359280136
1.038450746394649,0.5955420210672773,0.8477968376134356,1.9604719793524947,3.272604386170187,1.0098019613855307,2.684401593428929
1.0386351463943442,0.5955420210672773,0.8477049876132833,1.9603183736576977,3.272699154920492,1.0100801363857594,2.6845450365546153
1.0383585463948017,0.5955420210672773,0.8477968376134356,1.9605640731021894,3.2728886924211023,1.009523786385302,2.684401593428929
1.0385429463944968,0.5957245960675825,0.8480712626138937,1.9606255850472918,3.2725096174198813,1.009523786385302,2.684305964678471
1.0385429463944968,0.5957245960675825,0.8479794126137409,1.960287791853105,3.272604386170187,1.009616511385378,2.6841625215527847
1.0385429463944968,0.595359446066972,0.8476142626131303,1.9604719793524947,3.2729834611714073,1.009523786385302,2.6843537790537
1.0382663463949544,0.5956333085674297,0.847888125113588,1.9604719793524947,3.272699154920492,1.009894686385607,2.684401593428929
1.0385429463944968,0.5957245960675825,0.8480712626138937,1.9606255850472918,3.272604386170187,1.0097092363854543,2.6843537790537
1.0382663463949544,0.5957245960675825,0.8479794126137409,1.9603798856027996,3.2725096174198813,1.0097092363854543,2.684305964678471
1.038450746394649,0.595359446066972,0.8476142626131303,1.9604719793524947,3.2729834611714073,1.0098019613855307,2.6842103359280136
1.038450746394649,0.5956333085674297,0.8477962751134357,1.9604104674073928,3.272604386170187,1.0098019613855307,2.6843537790537
1.038450746394649,0.5954507335671244,0.8475218501129776,1.960441049211985,3.272699154920492,1.009616511385378,2.6842103359280136
1.0385429463944968,0.5956333085674297,0.847888125113588,1.9605640731021894,3.2729834611714073,1.0094310613852255,2.6843537790537
1.038450746394649,0.5956333085674297,0.847888125113588,1.9605640731021894,3.2723200799192713,1.0101728613858358,2.684401593428929
1.038450746394649,0.5956333085674297,0.8479799751137408,1.960533491297597,3.2728886924211023,1.009894686385607,2.6842103359280136
1.038450746394649,0.5956333085674297,0.8477044251132829,1.9601647679629006,3.272604386170187,1.009894686385607,2.6841625215527847
1.038450746394649,0.5956333085674297,0.8477044251132829,1.9601647679629006,3.2727939236707972,1.009894686385607,2.6843537790537
1.0386351463943442,0.5956333085674297,0.8477962751134357,1.9604104674073928,3.2724148486695763,1.009894686385607,2.6842103359280136
1.0386351463943442,0.5957245960675825,0.8480712626138937,1.960441397547902,3.2729834611714073,1.009523786385302,2.6842103359280136
1.038450746394649,0.5956333085674297,0.8477044251132829,1.960441049211985,3.2727939236707972,1.0097092363854543,2.684258150303242
1.0386351463943442,0.5956333085674297,0.847888125113588,1.9604719793524947,3.2725096174198813,1.009894686385607,2.684305964678471
1.0385429463944968,0.5955420210672773,0.8477049876132833,1.9603183736576977,3.2730782299217127,1.0093383363851491,2.684305964678471
1.038450746394649,0.5956333085674297,0.8477044251132829,1.960441049211985,3.2725096174198813,1.009894686385607,2.6842103359280136
1.0385429463944968,0.5955420210672773,0.8476131376131305,1.9603489554622904,3.272699154920492,1.0098019613855307,2.6843537790537
1.038450746394649,0.5954507335671244,0.8475218501129776,1.9603489554622904,3.272604386170187,1.009894686385607,2.6843537790537
1.0385429463944968,0.5955420210672773,0.8478886876135884,1.9606255850472918,3.272225311168966,1.0102655863859122,2.684401593428929
1.038450746394649,0.5956333085674297,0.8476125751131306,1.960379537266883,3.272699154920492,1.0100801363857594,2.6843537790537
1.038450746394649,0.5955420210672773,0.8477049876132833,1.9605025611570874,3.272699154920492,1.0098019613855307,2.684258150303242
1.038450746394649,0.5956333085674297,0.847888125113588,1.9605640731021894,3.2724148486695763,1.009894686385607,2.6842103359280136
1.0382663463949544,0.5955420210672773,0.8477968376134356,1.9605640731021894,3.2727939236707972,1.009616511385378,2.6843537790537
1.0382663463949544,0.5955420210672773,0.8478886876135884,1.9606255850472918,3.2727939236707972,1.0098019613855307,2.6843537790537
1.038450746394649,0.5957245960675825,0.8478875626135886,1.9601341861583084,3.272604386170187,1.009894686385607,2.6843537790537
1.0386351463943442,0.5955420210672773,0.8477968376134356,1.9604719793524947,3.2723200799192713,1.0102655863859122,2.684305964678471
1.0385429463944968,0.5952681585668196,0.8474311251128256,1.9605025611570874,3.272604386170187,1.009894686385607,2.684401593428929
1.038450746394649,0.5955420210672773,0.8477968376134356,1.9601956981034103,3.272699154920492,1.009894686385607,2.6843537790537
1.0386351463943442,0.5957245960675825,0.8479794126137409,1.9605640731021894,3.272225311168966,1.0104510363860646,2.684401593428929
1.0386351463943442,0.5957245960675825,0.8480712626138937,1.960533491297597,3.2730782299217127,1.0092456113850727,2.684066892802327
1.0385429463944968,0.5955420210672773,0.8477049876132833,1.9605025611570874,3.2725096174198813,1.0100801363857594,2.684401593428929
1.038450746394649,0.5956333085674297,0.847888125113588,1.9603798856027996,3.272604386170187,1.009616511385378,2.6842103359280136
1.0383585463948017,0.5956333085674297,0.847888125113588,1.9604719793524947,3.272604386170187,1.0100801363857594,2.684305964678471
1.0382663463949544,0.5955420210672773,0.8477968376134356,1.9601956981034103,3.272225311168966,1.009894686385607,2.6842103359280136
1.0386351463943442,0.5955420210672773,0.8477968376134356,1.9603798856027996,3.2725096174198813,1.009894686385607,2.6842103359280136
1.038450746394649,0.5955420210672773,0.8479805376137411,1.9605950032426993,3.2725096174198813,1.0098019613855307,2.684258150303242
1.038450746394649,0.595359446066972,0.847522412612978,1.9603183736576977,3.272130542418661,1.0102655863859122,2.6844494078041574
1.038450746394649,0.595359446066972,0.8476142626131303,1.9605640731021894,3.272604386170187,1.009894686385607,2.6842103359280136
1.038450746394649,0.5955420210672773,0.8477049876132833,1.9604104674073928,3.272604386170187,1.009616511385378,2.6842103359280136
1.038450746394649,0.5956333085674297,0.8477962751134357,1.9605025611570874,3.2727939236707972,1.009523786385302,2.6842103359280136
1.0386351463943442,0.5956333085674297,0.8477962751134357,1.9603183736576977,3.272604386170187,1.0097092363854543,2.684305964678471
1.0383585463948017,0.5957245960675825,0.8478875626135886,1.9604104674073928,3.272699154920492,1.0098019613855307,2.684258150303242
1.038450746394649,0.5955420210672773,0.8476131376131305,1.9607173304610694,3.272604386170187,1.0097092363854543,2.684305964678471
1.0386351463943442,0.5954507335671244,0.8475218501129776,1.9606252367113748,3.2723200799192713,1.0098019613855307,2.6841625215527847
1.0385429463944968,0.5955420210672773,0.8477049876132833,1.9603183736576977,3.2728886924211023,1.0093383363851491,2.684258150303242
1.038450746394649,0.5959071710678874,0.8483456876143513,1.9605029094930044,3.272604386170187,1.0100801363857594,2.6843537790537
1.038450746394649,0.5956333085674297,0.8477962751134357,1.9605025611570874,3.2727939236707972,1.009523786385302,2.6842103359280136
1.0386351463943442,0.5955420210672773,0.8477968376134356,1.9604719793524947,3.2729834611714073,1.009523786385302,2.6843537790537
1.0386351463943442,0.5957245960675825,0.8478875626135886,1.9604104674073928,3.2732677674223227,1.009523786385302,2.684066892802327
1.038450746394649,0.5954507335671244,0.8477055501132827,1.9605640731021894,3.2724148486695763,1.009987411385683,2.684258150303242
1.0386351463943442,0.5956333085674297,0.8480718251138936,1.9606870969923942,3.272699154920492,1.0098019613855307,2.6843537790537
1.0387273463941915,0.5957245960675825,0.8479794126137409,1.9605640731021894,3.2727939236707972,1.0097092363854543,2.684305964678471
1.038450746394649,0.5956333085674297,0.847888125113588,1.9605640731021894,3.272604386170187,1.0098019613855307,2.6843537790537
1.0386351463943442,0.5954507335671244,0.8477055501132827,1.9604719793524947,3.272604386170187,1.0098019613855307,2.6844494078041574
1.0385429463944968,0.5957245960675825,0.8477957126134358,1.9603489554622904,3.2728886924211023,1.009523786385302,2.6842103359280136
1.038450746394649,0.5955420210672773,0.8477049876132833,1.9606517345974286,3.272699154920492,1.009616511385378,2.6842103359280136
1.0387273463941915,0.5957245960675825,0.8478875626135886,1.9606517345974286,3.2727939236707972,1.0098019613855307,2.6843537790537
1.0385429463944968,0.5955420210672773,0.8477968376134356,1.9606211527928354,3.272699154920492,1.009987411385683,2.6842103359280136
1.0385429463944968,0.595359446066972,0.847522412612978,1.9606517345974286,3.272699154920492,1.0098019613855307,2.684401593428929
1.0386351463943442,0.5954507335671244,0.8477055501132827,1.9605290590431408,3.272699154920492,1.0098019613855307,2.6842103359280136
1.0386351463943442,0.5956333085674297,0.8477962751134357,1.9606517345974286,3.2723200799192713,1.0101728613858358,2.684258150303242
1.038450746394649,0.5955420210672773,0.8477968376134356,1.9606211527928354,3.272699154920492,1.0098019613855307,2.6842103359280136
1.0386351463943442,0.5957245960675825,0.8479794126137409,1.9605290590431408,3.2725096174198813,1.0098019613855307,2.684258150303242
1.0386351463943442,0.5957245960675825,0.8479794126137409,1.9608974340419199,3.2727939236707972,1.009894686385607,2.684401593428929
1.0386351463943442,0.5959071710678874,0.8480701376138934,1.9605596408477335,3.272699154920492,1.0098019613855307,2.684258150303242
1.0386351463943442,0.5955420210672773,0.8477968376134356,1.9608974340419199,3.2727939236707972,1.0098019613855307,2.6843537790537
1.0386351463943442,0.5956333085674297,0.8479799751137408,1.960590570988243,3.2728886924211023,1.009616511385378,2.6843537790537
1.0385429463944968,0.5954507335671244,0.8475218501129776,1.960498128902631,3.2725096174198813,1.0100801363857594,2.6843537790537
1.0386351463943442,0.5955420210672773,0.8477049876132833,1.9606517345974286,3.272604386170187,1.0098019613855307,2.6843537790537
1.0387273463941915,0.5954507335671244,0.8474300001128253,1.9604366169575291,3.272604386170187,1.0097092363854543,2.684305964678471
1.0385429463944968,0.5956333085674297,0.8477044251132829,1.960498128902631,3.272604386170187,1.0100801363857594,2.684305964678471
1.0385429463944968,0.5955420210672773,0.8477049876132833,1.9605596408477335,3.2732677674223227,1.0094310613852255,2.6842103359280136
1.038450746394649,0.5954507335671244,0.8475218501129776,1.9604060351529364,3.272699154920492,1.0098019613855307,2.6842103359280136
1.0385429463944968,0.5955420210672773,0.8477968376134356,1.9607132465425305,3.2727939236707972,1.0097092363854543,2.684305964678471
1.0386351463943442,0.5955420210672773,0.8477049876132833,1.9606517345974286,3.272604386170187,1.0098019613855307,2.6842103359280136
1.0386351463943442,0.5956333085674297,0.847888125113588,1.9606211527928354,3.2728886924211023,1.0100801363857594,2.6841625215527847
1.0387273463941915,0.5957245960675825,0.8476120126131307,1.9604671987621218,3.272699154920492,1.0097092363854543,2.684305964678471
1.0385429463944968,0.595815883567735,0.8480707001138933,1.9607132465425305,3.2724148486695763,1.0102655863859122,2.6844494078041574
1.038450746394649,0.5955420210672773,0.8477968376134356,1.9607132465425305,3.272604386170187,1.009616511385378,2.6842103359280136
1.038450746394649,0.5956333085674297,0.8477044251132829,1.9605902226523262,3.2724148486695763,1.009616511385378,2.684305964678471
1.0382663463949544,0.5955420210672773,0.8476131376131305,1.9605902226523262,3.2724148486695763,1.009894686385607,2.6844494078041574
1.0386351463943442,0.5954507335671244,0.8475218501129776,1.960498128902631,3.2727939236707972,1.0097092363854543,2.6842103359280136
1.0385429463944968,0.5954507335671244,0.8476137001131304,1.9605596408477335,3.2727939236707972,1.0097092363854543,2.6843537790537
1.0385429463944968,0.5957245960675825,0.8478875626135886,1.9605596408477335,3.2728886924211023,1.0097092363854543,2.684401593428929
1.038450746394649,0.5956333085674297,0.847888125113588,1.9607132465425305,3.272699154920492,1.0102655863859122,2.6843537790537
1.038450746394649,0.5959071710678874,0.8481619876140457,1.9607132465425305,3.2728886924211023,1.009523786385302,2.6841147071775557
1.0387273463941915,0.5956333085674297,0.847888125113588,1.9605290590431408,3.272035773668356,1.0102655863859122,2.684305964678471
1.0385429463944968,0.5956333085674297,0.8477044251132829,1.960498128902631,3.2731729986720177,1.0093383363851491,2.684066892802327
1.038450746394649,0.5955420210672773,0.8477049876132833,1.9606517345974286,3.2724148486695763,1.009894686385607,2.684258150303242
1.0385429463944968,0.5955420210672773,0.8477049876132833,1.9606517345974286,3.272604386170187,1.009894686385607,2.6843537790537
1.0386351463943442,0.5955420210672773,0.8477968376134356,1.9607132465425305,3.272604386170187,1.0097092363854543,2.6842103359280136
1.0387273463941915,0.5959071710678874,0.8481619876140457,1.9606211527928354,3.272699154920492,1.0097092363854543,2.684305964678471
1.0387273463941915,0.595815883567735,0.8481625501140461,1.9609589459870223,3.272699154920492,1.009523786385302,2.684258150303242
1.038450746394649,0.5955420210672773,0.8477968376134356,1.960989527791615,3.272699154920492,1.0100801363857594,2.6843537790537
1.038450746394649,0.5955420210672773,0.8476131376131305,1.9605902226523262,3.2727939236707972,1.0100801363857594,2.6843537790537
1.0386351463943442,0.5959071710678874,0.8479782876137406,1.9605902226523262,3.2725096174198813,1.0097092363854543,2.684305964678471
1.0382663463949544,0.595359446066972,0.8474305626128252,1.9607744101517155,3.272604386170187,1.0098019613855307,2.6843537790537
1.0387273463941915,0.5957245960675825,0.8479794126137409,1.9607132465425305,3.2727939236707972,1.0100801363857594,2.684258150303242
1.0385429463944968,0.5956333085674297,0.8477962751134357,1.9606517345974286,3.272604386170187,1.0097092363854543,2.684258150303242
1.038450746394649,0.5952681585668196,0.8473392751126728,1.9607744101517155,3.272699154920492,1.0097092363854543,2.6843537790537
1.0385429463944968,0.5954507335671244,0.8476137001131304,1.9606517345974286,3.2729834611714073,1.0098019613855307,2.684401593428929
1.0386351463943442,0.5959071710678874,0.8480701376138934,1.9605596408477335,3.272699154920492,1.0098019613855307,2.6843537790537
1.0385429463944968,0.5959071710678874,0.8480701376138934,1.960928015846513,3.272699154920492,1.009894686385607,2.684401593428929
1.0385429463944968,0.5954507335671244,0.8474300001128253,1.9604366169575291,3.272604386170187,1.009894686385607,2.684258150303242
1.0385429463944968,0.5956333085674297,0.8477962751134357,1.9606517345974286,3.2724148486695763,1.0098019613855307,2.6843537790537
1.038450746394649,0.595815883567735,0.8478870001135882,1.960498128902631,3.272699154920492,1.009616511385378,2.6843537790537
1.038450746394649,0.5955420210672773,0.8477049876132833,1.9605596408477335,3.2723200799192713,1.0098019613855307,2.684305964678471
1.0385429463944968,0.5955420210672773,0.8477968376134356,1.9607132465425305,3.272699154920492,1.009894686385607,2.684258150303242
1.0383585463948017,0.5955420210672773,0.8476131376131305,1.9605902226523262,3.272699154920492,1.009894686385607,2.6843537790537
1.0385429463944968,0.5959984585680402,0.8481614251140462,1.9606517345974286,3.272699154920492,1.009616511385378,2.6843537790537
1.0386351463943442,0.5957245960675825,0.8480712626138937,1.9608668522373276,3.272699154920492,1.0098019613855307,2.6842103359280136
1.0387273463941915,0.5955420210672773,0.8477049876132833,1.9607438283471232,3.2729834611714073,1.009523786385302,2.6842103359280136
1.038450746394649,0.5954507335671244,0.8477055501132827,1.9607132465425305,3.272699154920492,1.0098019613855307,2.6843537790537
1.0385429463944968,0.5957245960675825,0.8477957126134358,1.9605902226523262,3.2725096174198813,1.0098019613855307,2.684305964678471
1.0387273463941915,0.5957245960675825,0.8479794126137409,1.9607132465425305,3.272604386170187,1.0100801363857594,2.684305964678471
1.0386351463943442,0.5956333085674297,0.8477044251132829,1.9605902226523262,3.2730782299217127,1.0093383363851491,2.6842103359280136
1.038450746394649,0.5956333085674297,0.847888125113588,1.9608974340419199,3.2727939236707972,1.0100801363857594,2.684305964678471
1.0385429463944968,0.5955420210672773,0.8477049876132833,1.9606517345974286,3.272604386170187,1.0098019613855307,2.6843537790537
1.0386351463943442,0.5957245960675825,0.8479794126137409,1.9607132465425305,3.2727939236707972,1.0098019613855307,2.684401593428929
1.0385429463944968,0.5954507335671244,0.8476137001131304,1.9606517345974286,3.272225311168966,1.0100801363857594,2.684305964678471
1.0387273463941915,0.5956333085674297,0.8479799751137408,1.9609589459870223,3.2723200799192713,1.0102655863859122,2.684401593428929
1.038450746394649,0.5956333085674297,0.847888125113588,1.9608974340419199,3.2729834611714073,1.009523786385302,2.684066892802327
1.0385429463944968,0.5955420210672773,0.8477049876132833,1.9607438283471232,3.272604386170187,1.0098019613855307,2.6843537790537
1.0385429463944968,0.5957245960675825,0.8481631126140464,1.9608362704327351,3.272699154920492,1.009894686385607,2.684258150303242
1.0386351463943442,0.5957245960675825,0.8478875626135886,1.9606517345974286,3.2727939236707972,1.009523786385302,2.684401593428929
1.0385429463944968,0.5955420210672773,0.8477049876132833,1.960835922096818,3.2727939236707972,1.009523786385302,2.6842103359280136
1.038450746394649,0.5956333085674297,0.8479799751137408,1.9608668522373276,3.2725096174198813,1.0102655863859122,2.6845450365546153
1.038450746394649,0.5959071710678874,0.8480701376138934,1.9606517345974286,3.272604386170187,1.0098019613855307,2.684305964678471
1.038450746394649,0.5957245960675825,0.8477957126134358,1.9606823164020208,3.2725096174198813,1.0097092363854543,2.6843537790537
1.038450746394649,0.5955420210672773,0.8476131376131305,1.9605902226523262,3.272604386170187,1.0100801363857594,2.684305964678471
1.038450746394649,0.5957245960675825,0.8478875626135886,1.960835922096818,3.2724148486695763,1.0100801363857594,2.684305964678471
1.0386351463943442,0.5954507335671244,0.8475218501129776,1.9605902226523262,3.27175146741744,1.0109146613864461,2.6844972221793864
1.0386351463943442,0.5955420210672773,0.8476131376131305,1.9605902226523262,3.2727939236707972,1.0098019613855307,2.6842103359280136
1.038450746394649,0.595359446066972,0.847522412612978,1.9606517345974286,3.272699154920492,1.009894686385607,2.684305964678471
1.0385429463944968,0.5957245960675825,0.8479794126137409,1.9608974340419199,3.2728886924211023,1.0098019613855307,2.6842103359280136
1.0385429463944968,0.5955420210672773,0.8477049876132833,1.9606517345974286,3.2725096174198813,1.0098019613855307,2.6841625215527847
1.0386351463943442,0.5957245960675825,0.8478875626135886,1.9606517345974286,3.2728886924211023,1.009894686385607,2.684688479680302
1.0386351463943442,0.5954507335671244,0.8476137001131304,1.9605596408477335,3.2727939236707972,1.009894686385607,2.684401593428929
1.0382663463949544,0.5956333085674297,0.847888125113588,1.9607132465425305,3.272604386170187,1.009894686385607,2.6843537790537
1.0387273463941915,0.5955420210672773,0.8477049876132833,1.9606517345974286,3.2725096174198813,1.009616511385378,2.6842103359280136
1.0385429463944968,0.5956333085674297,0.8477044251132829,1.9605902226523262,3.272035773668356,1.0103583113859882,2.6843537790537
1.038450746394649,0.5955420210672773,0.8477049876132833,1.9605596408477335,3.2725096174198813,1.0100801363857594,2.684305964678471
1.0385429463944968,0.5959071710678874,0.8481619876140457,1.9608974340419199,3.2728886924211023,1.009894686385607,2.6843537790537
1.0385429463944968,0.5959071710678874,0.8480701376138934,1.9605596408477335,3.272604386170187,1.0100801363857594,2.6842103359280136
1.0386351463943442,0.5959071710678874,0.8480701376138934,1.9607438283471232,3.272604386170187,1.0098019613855307,2.684401593428929
1.0385429463944968,0.5957245960675825,0.8481631126140464,1.9608362704327351,3.2729834611714073,1.0098019613855307,2.684258150303242
1.038450746394649,0.5956333085674297,0.847888125113588,1.9606211527928354,3.2725096174198813,1.0098019613855307,2.6841625215527847
1.0385429463944968,0.5954507335671244,0.8478892501135883,1.9610204579321246,3.2727939236707972,1.009616511385378,2.684258150303242
1.0385429463944968,0.5954507335671244,0.8475218501129776,1.9606823164020208,3.272604386170187,1.0098019613855307,2.6843537790537
1.0386351463943442,0.5959984585680402,0.8482532751141986,1.9605290590431408,3.272604386170187,1.0098019613855307,2.6841625215527847
1.038450746394649,0.595815883567735,0.8478870001135882,1.9605902226523262,3.2725096174198813,1.0097092363854543,2.6843537790537
1.1265285205233222,0.6342590603641906,0.8409383054480654,2.063368300625533,3.2221716839502776,1.1702244991316837,3.0275331577146902
1.1265285205233222,0.6340764853638853,0.8408475804479124,2.0633377188209403,3.222361221450888,1.17031722413176,3.0273897145890034
1.1265285205233222,0.6339851978637329,0.8406644429476077,2.0632762068758383,3.2216978401987517,1.170873574132218,3.027724415215606
1.1266207205231695,0.6341677728640377,0.8411225679483704,2.06336864896145,3.2222664527005827,1.169946324131455,3.0273419002137745
1.1266207205231695,0.634350347864343,0.8410295929482178,2.0632762068758383,3.2221716839502776,1.17031722413176,3.0273897145890034
1.1266207205231695,0.6342590603641906,0.8411220054483705,2.0633992307660427,3.222076915199972,1.1702244991316837,3.0274853433394613
1.1267129205230169,0.6339851978637329,0.8408481429479128,2.0633992307660427,3.221982146449667,1.1702244991316837,3.027628786465148
1.1263441205236275,0.6339851978637329,0.8406644429476077,2.0632762068758383,3.2222664527005827,1.1701317741316077,3.0274853433394613
1.1262519205237802,0.6342590603641906,0.8409383054480654,2.0632762068758383,3.2222664527005827,1.1704099491318365,3.0275331577146902
1.1265285205233222,0.6340764853638853,0.8407557304477601,2.0631841131261437,3.222550758951498,1.1698535991313785,3.0274853433394613
1.1263441205236275,0.6340764853638853,0.8407557304477601,2.0632762068758383,3.2222664527005827,1.1702244991316837,3.0273419002137745
1.1265285205233222,0.6341677728640377,0.8407551679477597,2.063306788680431,3.2222664527005827,1.1702244991316837,3.0273897145890034
1.1265285205233222,0.6341677728640377,0.8408470179479125,2.0632762068758383,3.222455990201193,1.1702244991316837,3.027580972089919
1.1266207205231695,0.634350347864343,0.8412132929485229,2.0633992307660427,3.222361221450888,1.1701317741316077,3.0275331577146902
1.1266207205231695,0.6342590603641906,0.8411220054483705,2.0635834182654325,3.2222664527005827,1.1704099491318365,3.0275331577146902
1.1265285205233222,0.6341677728640377,0.8406633179476074,2.0629689954862442,3.222455990201193,1.169946324131455,3.0273897145890034
1.1265285205233222,0.6340764853638853,0.840572030447455,2.063486543925365,3.221887377699362,1.1705953991319888,3.027724415215606
1.1265285205233222,0.6339851978637329,0.8406644429476077,2.0634253803161795,3.2221716839502776,1.1701317741316077,3.0274375289642323
1.1263441205236275,0.6341677728640377,0.8405714679474546,2.0634250319802625,3.222076915199972,1.1701317741316077,3.0274853433394613
1.1263441205236275,0.6341992643701887,0.8408470179479125,2.0636095678155693,3.2222664527005827,1.1700390491315313,3.0272940858385455
1.1265285205233222,0.6341079768700363,0.840572030447455,2.0635786376750596,3.222455990201193,1.1701317741316077,3.0274375289642323
1.1265285205233222,0.6340166893698839,0.8406644429476077,2.0635174740658746,3.222361221450888,1.1702244991316837,3.0274375289642323
1.1264363205234749,0.6341992643701887,0.8408470179479125,2.063701661565264,3.221982146449667,1.17031722413176,3.0274375289642323
1.1265285205233222,0.6342905518703416,0.8408464554479126,2.0637322433698566,3.222076915199972,1.1702244991316837,3.0274375289642323
1.1264363205234749,0.6341992643701887,0.8409388679480648,2.0634868922612815,3.2221716839502776,1.169946324131455,3.0274375289642323
1.1265285205233222,0.6341079768700363,0.8407557304477601,2.0636095678155693,3.222550758951498,1.169946324131455,3.0273897145890034
1.1263441205236275,0.633925401869731,0.8405731554474548,2.0634253803161795,3.222455990201193,1.1701317741316077,3.0275331577146902
1.1265285205233222,0.6340166893698839,0.8406644429476077,2.0633332865664844,3.2222664527005827,1.1701317741316077,3.0274375289642323
1.1263441205236275,0.6341992643701887,0.8408470179479125,2.0633332865664844,3.2221716839502776,1.1702244991316837,3.027580972089919
1.1262519205237802,0.6340166893698839,0.8408481429479128,2.0639167792051634,3.222361221450888,1.1701317741316077,3.0273897145890034
1.1265285205233222,0.6341992643701887,0.8408470179479125,2.0634253803161795,3.2221716839502776,1.1702244991316837,3.0274375289642323
1.1265285205233222,0.6341079768700363,0.8409394304480652,2.0637325917057736,3.222076915199972,1.1705953991319888,3.027580972089919
1.1262519205237802,0.6341992643701887,0.8408470179479125,2.0634253803161795,3.2228350652024136,1.1698535991313785,3.0271984570880877
1.1263441205236275,0.634381839370494,0.8410295929482178,2.0636095678155693,3.222076915199972,1.1701317741316077,3.027580972089919
1.1264363205234749,0.6342905518703416,0.8409383054480654,2.0634253803161795,3.222361221450888,1.1701317741316077,3.0272940858385455
1.1265285205233222,0.6341079768700363,0.8406638804476073,2.0632717746213824,3.222455990201193,1.1702244991316837,3.0273897145890034
1.1263441205236275,0.634381839370494,0.8408458929479127,2.0635786376750596,3.222361221450888,1.169946324131455,3.0273897145890034
1.1266207205231695,0.634381839370494,0.8411214429483701,2.0633027047618917,3.2222664527005827,1.1701317741316077,3.0274853433394613
1.1265285205233222,0.6341992643701887,0.8410307179482176,2.063548404206384,3.2222664527005827,1.1701317741316077,3.0273897145890034
1.1265285205233222,0.6342905518703416,0.8409383054480654,2.0633332865664844,3.221982146449667,1.1702244991316837,3.0273897145890034
1.1262519205237802,0.6340166893698839,0.8406644429476077,2.0635174740658746,3.2228350652024136,1.1696681491312262,3.0271984570880877
1.1266207205231695,0.6341992643701887,0.8406633179476074,2.063302356425975,3.2217926089490567,1.17031722413176,3.027628786465148
1.1263441205236275,0.6340166893698839,0.84075629294776,2.0634868922612815,3.222361221450888,1.169946324131455,3.0275331577146902
1.1263441205236275,0.6341992643701887,0.8410307179482176,2.063548404206384,3.222455990201193,1.1702244991316837,3.0274853433394613
1.1264363205234749,0.633925401869731,0.8405731554474548,2.0634253803161795,3.2227402964521086,1.1698535991313785,3.0273419002137745
1.1263441205236275,0.6341992643701887,0.8404796179473019,2.0633635200351605,3.2221716839502776,1.1702244991316837,3.027580972089919
1.1265285205233222,0.6342905518703416,0.8408464554479126,2.0632717746213824,3.222455990201193,1.1700390491315313,3.0274853433394613
1.1265285205233222,0.6341992643701887,0.8408470179479125,2.0634253803161795,3.2215083026981413,1.1705953991319888,3.027724415215606
1.1264363205234749,0.6342905518703416,0.8410301554482177,2.0635789860109766,3.2221716839502776,1.1702244991316837,3.0275331577146902
1.1266207205231695,0.6341079768700363,0.841031280448218,2.063609916151486,3.221982146449667,1.17031722413176,3.027580972089919
1.1265285205233222,0.634381839370494,0.840937742948065,2.063363868371077,3.222076915199972,1.1701317741316077,3.0274375289642323
1.1265285205233222,0.634381839370494,0.8411214429483701,2.063671079760671,3.2221716839502776,1.17031722413176,3.0275331577146902
1.1261597205239324,0.6341992643701887,0.8409388679480648,2.0635789860109766,3.222361221450888,1.1700390491315313,3.0273419002137745
1.1265285205233222,0.6341079768700363,0.8408475804479124,2.0634868922612815,3.2221716839502776,1.1701317741316077,3.0274375289642323
1.1265285205233222,0.6342905518703416,0.8410301554482177,2.0634868922612815,3.222076915199972,1.1702244991316837,3.0273897145890034
1.1265285205233222,0.6340166893698839,0.8406644429476077,2.0632411928167897,3.2216978401987517,1.170873574132218,3.027724415215606
1.1264363205234749,0.6341992643701887,0.8406633179476074,2.0632102626762805,3.221982146449667,1.17031722413176,3.0274853433394613
1.1265285205233222,0.6341992643701887,0.8408470179479125,2.0635174740658746,3.222550758951498,1.1697608741313026,3.0272940858385455
1.1266207205231695,0.634381839370494,0.8412132929485229,2.063456310456689,3.222076915199972,1.1701317741316077,3.027580972089919
1.1265285205233222,0.6340166893698839,0.8406644429476077,2.0633332865664844,3.2221716839502776,1.1701317741316077,3.0275331577146902
1.1263441205236275,0.6341079768700363,0.8407557304477601,2.0635174740658746,3.222361221450888,1.169946324131455,3.0273419002137745
1.1264363205234749,0.634381839370494,0.8411214429483701,2.063671079760671,3.2226455277018036,1.1701317741316077,3.0274853433394613
1.1265285205233222,0.6340166893698839,0.8405725929474549,2.063363868371077,3.222455990201193,1.17031722413176,3.0274853433394613
1.1265285205233222,0.6341079768700363,0.8409394304480652,2.063456310456689,3.2216978401987517,1.170502674131913,3.0277722295908345
1.1263441205236275,0.6342905518703416,0.8408464554479126,2.0632717746213824,3.222076915199972,1.169946324131455,3.027628786465148
1.1265285205233222,0.6340166893698839,0.8405725929474549,2.063548055870467,3.2222664527005827,1.1700390491315313,3.027580972089919
1.1265285205233222,0.6341992643701887,0.8409388679480648,2.0633947985115864,3.2221716839502776,1.17031722413176,3.027628786465148
1.1268051205228646,0.6341992643701887,0.8406633179476074,2.0632102626762805,3.222076915199972,1.1701317741316077,3.0274375289642323
1.1262519205237802,0.6342905518703416,0.8407546054477603,2.063302356425975,3.2226455277018036,1.1697608741313026,3.027150642712859
1.1262519205237802,0.6342905518703416,0.8410301554482177,2.0634868922612815,3.2222664527005827,1.1701317741316077,3.0273897145890034
1.1265285205233222,0.6341079768700363,0.8409394304480652,2.0636404979560785,3.2221716839502776,1.1704099491318365,3.0274853433394613
1.1265285205233222,0.6342905518703416,0.8409383054480654,2.0633332865664844,3.2221716839502776,1.1701317741316077,3.027628786465148
1.1266207205231695,0.6341079768700363,0.8406638804476073,2.063363868371077,3.222076915199972,1.17031722413176,3.0274853433394613
1.1265285205233222,0.6341992643701887,0.8406633179476074,2.0632102626762805,3.2221716839502776,1.1702244991316837,3.0274853433394613
1.1266207205231695,0.6342905518703416,0.8410301554482177,2.0634868922612815,3.222361221450888,1.1701317741316077,3.0274853433394613
1.1265285205233222,0.6342905518703416,0.8411220054483705,2.063456310456689,3.222361221450888,1.1701317741316077,3.0274375289642323
1.1265285205233222,0.6342905518703416,0.8409383054480654,2.0636095678155693,3.2221716839502776,1.1702244991316837,3.0274375289642323
1.1264363205234749,0.6341992643701887,0.8405714679474546,2.063517125729957,3.222550758951498,1.1698535991313785,3.0273419002137745
1.1262519205237802,0.6341992643701887,0.8410307179482176,2.063548404206384,3.221982146449667,1.170502674131913,3.027724415215606
1.1261597205239324,0.6341992643701887,0.8406633179476074,2.063302356425975,3.222455990201193,1.1702244991316837,3.0275331577146902
1.1263441205236275,0.6342905518703416,0.8407546054477603,2.063302356425975,3.222076915199972,1.17031722413176,3.0275331577146902
1.1263441205236275,0.6342905518703416,0.8406627554476075,2.0632408444808727,3.222076915199972,1.1704099491318365,3.0275331577146902
1.1264363205234749,0.634381839370494,0.8411214429483701,2.0634868922612815,3.222455990201193,1.1702244991316837,3.0273897145890034
1.1268051205228646,0.634381839370494,0.8410295929482178,2.0633332865664844,3.2221716839502776,1.1702244991316837,3.0274375289642323
1.1264363205234749,0.6341992643701887,0.8406633179476074,2.0632102626762805,3.222076915199972,1.1701317741316077,3.0275331577146902
1.1266207205231695,0.6344731268706468,0.8411208804483706,2.0634253803161795,3.2222664527005827,1.1701317741316077,3.0273897145890034
1.1264363205234749,0.6342905518703416,0.8412138554485232,2.063794103650876,3.221982146449667,1.170502674131913,3.0275331577146902
1.1265285205233222,0.6340166893698839,0.8404807429473026,2.06339445017567,3.222361221450888,1.1702244991316837,3.0274375289642323
1.1265285205233222,0.6341992643701887,0.8410307179482176,2.0636404979560785,3.2222664527005827,1.1702244991316837,3.0273897145890034
1.1266207205231695,0.6342905518703416,0.8409383054480654,2.0632411928167897,3.222455990201193,1.1702244991316837,3.0275331577146902
1.1266207205231695,0.6341992643701887,0.8408470179479125,2.0636095678155693,3.2222664527005827,1.1705953991319888,3.027580972089919
1.1265285205233222,0.6344731268706468,0.8413045804486757,2.0636404979560785,3.222361221450888,1.169946324131455,3.0273897145890034
1.1265285205233222,0.6341992643701887,0.8408470179479125,2.0634253803161795,3.222455990201193,1.1702244991316837,3.0274375289642323
1.1263441205236275,0.6344731268706468,0.8413045804486757,2.0637325917057736,3.222076915199972,1.17031722413176,3.0274853433394613
1.1262519205237802,0.6341992643701887,0.8409388679480648,2.0633947985115864,3.222076915199972,1.17031722413176,3.0273897145890034
1.1264363205234749,0.6340166893698839,0.8403888929471498,2.063332938230568,3.222076915199972,1.17031722413176,3.027628786465148
1.1263441205236275,0.6341992643701887,0.8408470179479125,2.0633332865664844,3.221982146449667,1.17031722413176,3.0275331577146902
1.1265285205233222,0.6342905518703416,0.8409383054480654,2.0635174740658746,3.2222664527005827,1.17031722413176,3.0274375289642323
1.1263441205236275,0.6341992643701887,0.8409388679480648,2.0634868922612815,3.222455990201193,1.1702244991316837,3.0274375289642323
1.1265285205233222,0.6341992643701887,0.8410307179482176,2.063456310456689,3.222076915199972,1.169946324131455,3.0275331577146902
1.1263441205236275,0.6342905518703416,0.8411220054483705,2.063456310456689,3.222455990201193,1.17031722413176,3.0274375289642323
1.1264363205234749,0.6341992643701887,0.8408470179479125,2.0634253803161795,3.221887377699362,1.1705953991319888,3.027580972089919
1.1265285205233222,0.6342905518703416,0.8409383054480654,2.0634253803161795,3.222076915199972,1.1701317741316077,3.0275331577146902
1.1263441205236275,0.634381839370494,0.8410295929482178,2.0633332865664844,3.222361221450888,1.1702244991316837,3.0274853433394613
1.1265285205233222,0.6341992643701887,0.8408470179479125,2.0634253803161795,3.222076915199972,1.17031722413176,3.0274853433394613
1.1265285205233222,0.6341992643701887,0.8409388679480648,2.0634868922612815,3.221982146449667,1.1705953991319888,3.027724415215606
1.1265285205233222,0.6341992643701887,0.8408470179479125,2.0633332865664844,3.2222664527005827,1.17031722413176,3.0273897145890034
1.1265285205233222,0.6341992643701887,0.8409388679480648,2.063671079760671,3.2222664527005827,1.1701317741316077,3.0273897145890034
1.1263441205236275,0.6341079768700363,0.8407557304477601,2.0636095678155693,3.2221716839502776,1.1706881241320652,3.027724415215606
1.1265285205233222,0.6342905518703416,0.8409383054480654,2.0634253803161795,3.2222664527005827,1.17031722413176,3.0274375289642323
1.1265285205233222,0.6341079768700363,0.8409394304480652,2.063456310456689,3.222455990201193,1.1701317741316077,3.0273897145890034
1.1265285205233222,0.6341992643701887,0.8408470179479125,2.0633332865664844,3.2221716839502776,1.17031722413176,3.0273419002137745
1.1263441205236275,0.6341992643701887,0.8405714679474546,2.0632408444808727,3.222361221450888,1.17031722413176,3.0274375289642323
1.1263441205236275,0.6341992643701887,0.8408470179479125,2.0634253803161795,3.222550758951498,1.1701317741316077,3.0274853433394613
1.1263441205236275,0.6340166893698839,0.8406644429476077,2.0634253803161795,3.222455990201193,1.1696681491312262,3.0273419002137745
1.1265285205233222,0.6344731268706468,0.8410290304482179,2.063363868371077,3.222550758951498,1.1701317741316077,3.0273897145890034
1.1265285205233222,0.6341992643701887,0.8408470179479125,2.063701661565264,3.222361221450888,1.1702244991316837,3.0274853433394613
1.1266207205231695,0.6341992643701887,0.8408470179479125,2.0633332865664844,3.2221716839502776,1.17031722413176,3.0273419002137745
1.1265285205233222,0.6342905518703416,0.8411220054483705,2.063548404206384,3.2217926089490567,1.1705953991319888,3.027724415215606
1.1265285205233222,0.6342905518703416,0.8411220054483705,2.0637325917057736,3.222076915199972,1.17031722413176,3.0274853433394613
1.1263441205236275,0.634381839370494,0.840937742948065,2.0632717746213824,3.222076915199972,1.1704099491318365,3.0274853433394613
1.1267129205230169,0.6341992643701887,0.8410307179482176,2.063548404206384,3.2216978401987517,1.170873574132218,3.0277722295908345
1.1265285205233222,0.6341079768700363,0.8408475804479124,2.063671079760671,3.2226455277018036,1.1701317741316077,3.0273419002137745
1.1267129205230169,0.6342905518703416,0.8410301554482177,2.0634868922612815,3.222361221450888,1.1701317741316077,3.0273897145890034
1.1264363205234749,0.6341992643701887,0.8410307179482176,2.0637325917057736,3.222361221450888,1.170502674131913,3.0275331577146902
1.1266207205231695,0.6342905518703416,0.8411220054483705,2.0636404979560785,3.222550758951498,1.1701317741316077,3.0275331577146902
1.1266207205231695,0.6340166893698839,0.8406644429476077,2.0633332865664844,3.222550758951498,1.1698535991313785,3.0273419002137745
1.1265285205233222,0.634381839370494,0.8411214429483701,2.063671079760671,3.2221716839502776,1.1701317741316077,3.0273897145890034
1.1262519205237802,0.6340166893698839,0.8404807429473026,2.063302356425975,3.222361221450888,1.1705953991319888,3.0274853433394613
1.1262519205237802,0.6342905518703416,0.8409383054480654,2.0632411928167897,3.222361221450888,1.1701317741316077,3.0273897145890034
1.1265285205233222,0.6341079768700363,0.8407557304477601,2.063701661565264,3.2221716839502776,1.1702244991316837,3.027580972089919
1.1265285205233222,0.6341992643701887,0.8408470179479125,2.0633332865664844,3.222455990201193,1.169946324131455,3.0274853433394613
1.1267129205230169,0.634381839370494,0.840937742948065,2.063548055870467,3.222361221450888,1.1701317741316077,3.0274853433394613
1.1265285205233222,0.6341079768700363,0.8406638804476073,2.063363868371077,3.2217926089490567,1.17031722413176,3.027724415215606
1.1265285205233222,0.6340166893698839,0.840297042946997,2.0631793325357703,3.222361221450888,1.1702244991316837,3.0274375289642323
1.1261597205239324,0.634381839370494,0.8410295929482178,2.0634253803161795,3.2221716839502776,1.1702244991316837,3.0275331577146902
1.1266207205231695,0.6341992643701887,0.8410307179482176,2.063548404206384,3.2215083026981413,1.170873574132218,3.027724415215606
1.1266207205231695,0.6342905518703416,0.8411220054483705,2.063456310456689,3.2222664527005827,1.1704099491318365,3.0274853433394613
1.1263441205236275,0.6341992643701887,0.8408470179479125,2.0634253803161795,3.222361221450888,1.1700390491315313,3.0274853433394613
1.1266207205231695,0.6341992643701887,0.8405714679474546,2.063609219479652,3.2222664527005827,1.1704099491318365,3.0274375289642323
1.1265285205233222,0.6341992643701887,0.8410307179482176,2.063548404206384,3.222076915199972,1.1701317741316077,3.0275331577146902
1.1263441205236275,0.6341992643701887,0.8410307179482176,2.063456310456689,3.222455990201193,1.169946324131455,3.0272940858385455
1.1265285205233222,0.6341992643701887,0.8406633179476074,2.063302356425975,3.222361221450888,1.1701317741316077,3.0274853433394613
1.1265285205233222,0.6340166893698839,0.84075629294776,2.0634868922612815,3.222361221450888,1.1701317741316077,3.0274853433394613
1.1268051205228646,0.6340166893698839,0.84075629294776,2.0634868922612815,3.2221716839502776,1.1702244991316837,3.0274853433394613
1.1266207205231695,0.6341079768700363,0.8407557304477601,2.0633332865664844,3.222455990201193,1.1697608741313026,3.0274375289642323
1.1266207205231695,0.6341992643701887,0.8410307179482176,2.063548404206384,3.2222664527005827,1.1702244991316837,3.0275331577146902
1.1266207205231695,0.634381839370494,0.8410295929482178,2.0636095678155693,3.222455990201193,1.1702244991316837,3.0275331577146902
1.1265285205233222,0.633925401869731,0.8406650054476071,2.0634868922612815,3.222076915199972,1.17031722413176,3.0274853433394613
1.1265285205233222,0.6341079768700363,0.8409394304480652,2.0637325917057736,3.222455990201193,1.1700390491315313,3.0273419002137745
1.1267129205230169,0.6342905518703416,0.8411220054483705,2.063548404206384,3.222455990201193,1.1702244991316837,3.0275331577146902
1.1266207205231695,0.633925401869731,0.8407568554477599,2.0637325917057736,3.222076915199972,1.17031722413176,3.0274853433394613
1.1265285205233222,0.6341079768700363,0.8408475804479124,2.063671079760671,3.2222664527005827,1.1701317741316077,3.0274375289642323
1.1266207205231695,0.6344731268706468,0.841212730448523,2.0635789860109766,3.222076915199972,1.170502674131913,3.0274375289642323
1.126897320522712,0.6342905518703416,0.8409383054480654,2.0634253803161795,3.2221716839502776,1.170502674131913,3.027676600840377
1.1264363205234749,0.6344731268706468,0.8410290304482179,2.063363868371077,3.2222664527005827,1.170502674131913,3.0273897145890034
1.1265285205233222,0.6340166893698839,0.84075629294776,2.0635789860109766,3.2222664527005827,1.17031722413176,3.0274853433394613
1.1265285205233222,0.6341079768700363,0.8407557304477601,2.063701661565264,3.221887377699362,1.17031722413176,3.0275331577146902
1.1266207205231695,0.633925401869731,0.8405731554474548,2.0634253803161795,3.222076915199972,1.1702244991316837,3.0274853433394613
1.1267129205230169,0.6341992643701887,0.8410307179482176,2.063548404206384,3.2221716839502776,1.1702244991316837,3.0274853433394613
1.1265285205233222,0.6340166893698839,0.8408481429479128,2.063548404206384,3.2221716839502776,1.170502674131913,3.027628786465148
1.1267129205230169,0.633925401869731,0.8407568554477599,2.063548404206384,3.2222664527005827,1.170502674131913,3.0273419002137745
1.1265285205233222,0.6341992643701887,0.8408470179479125,2.0633332865664844,3.2221716839502776,1.1702244991316837,3.0274375289642323
1.1265285205233222,0.6341079768700363,0.8407557304477601,2.0633332865664844,3.221982146449667,1.1701317741316077,3.0274375289642323
1.1265285205233222,0.6341992643701887,0.8406633179476074,2.063302356425975,3.222076915199972,1.170502674131913,3.027628786465148
1.1267129205230169,0.6341992643701887,0.8410307179482176,2.063456310456689,3.222455990201193,1.1701317741316077,3.0275331577146902
1.1267129205230169,0.6340166893698839,0.84075629294776,2.0634868922612815,3.222076915199972,1.1701317741316077,3.027580972089919
1.126897320522712,0.6341992643701887,0.8407551679477597,2.0632717746213824,3.222076915199972,1.1705953991319888,3.027580972089919
1.1263441205236275,0.634381839370494,0.8410295929482178,2.0634253803161795,3.222550758951498,1.1701317741316077,3.0273897145890034
1.1262519205237802,0.6341992643701887,0.8408470179479125,2.0634253803161795,3.222455990201193,1.1702244991316837,3.0275331577146902
1.1265285205233222,0.6340166893698839,0.84075629294776,2.0633947985115864,3.222076915199972,1.1702244991316837,3.0274375289642323
1.1267129205230169,0.6340166893698839,0.8406644429476077,2.0636095678155693,3.222076915199972,1.170502674131913,3.027580972089919
1.1266207205231695,0.6341992643701887,0.8410307179482176,2.0633642167069945,3.222361221450888,1.1702244991316837,3.0274853433394613
1.1266207205231695,0.6340166893698839,0.8408481429479128,2.0633642167069945,3.222455990201193,1.170502674131913,3.027580972089919
1.1268051205228646,0.6345644143707992,0.8413958679488281,2.063548404206384,3.222076915199972,1.17031722413176,3.0275331577146902
1.1266207205231695,0.6340166893698839,0.8405725929474549,2.063548055870467,3.2222664527005827,1.169946324131455,3.0273897145890034
1.1267129205230169,0.6341079768700363,0.8407557304477601,2.0635174740658746,3.2222664527005827,1.1701317741316077,3.0274375289642323
1.1266207205231695,0.6342905518703416,0.8409383054480654,2.0634253803161795,3.222076915199972,1.1702244991316837,3.027628786465148
1.1263441205236275,0.6342905518703416,0.8411220054483705,2.0636404979560785,3.222076915199972,1.1704099491318365,3.027580972089919
1.1266207205231695,0.6341992643701887,0.8411225679483704,2.0634257286520965,3.222455990201193,1.169946324131455,3.0273419002137745
1.1266207205231695,0.6342905518703416,0.8412138554485232,2.063517822401791,3.2222664527005827,1.1702244991316837,3.0275331577146902
1.1267129205230169,0.6341992643701887,0.8409388679480648,2.0633947985115864,3.221982146449667,1.1704099491318365,3.027580972089919
1.1266207205231695,0.6340166893698839,0.8406644429476077,2.0634253803161795,3.222076915199972,1.17031722413176,3.0274375289642323
1.1264363205234749,0.6341992643701887,0.8410307179482176,2.0637325917057736,3.222455990201193,1.169946324131455,3.0274375289642323
1.1265285205233222,0.6341992643701887,0.8408470179479125,2.063149099067095,3.221887377699362,1.17031722413176,3.027724415215606
1.1265285205233222,0.6340166893698839,0.8406644429476077,2.063701661565264,3.2222664527005827,1.1702244991316837,3.027580972089919
1.1265285205233222,0.634381839370494,0.840937742948065,2.063363868371077,3.222361221450888,1.1698535991313785,3.0273419002137745
1.1265285205233222,0.6340166893698839,0.84075629294776,2.0635789860109766,3.222455990201193,1.1698535991313785,3.0274375289642323
1.1266207205231695,0.634381839370494,0.8410295929482178,2.0634253803161795,3.221887377699362,1.1702244991316837,3.027580972089919
1.1266207205231695,0.6342905518703416,0.8409383054480654,2.0632411928167897,3.222076915199972,1.17031722413176,3.0274853433394613
1.1267129205230169,0.6341992643701887,0.8409388679480648,2.0634868922612815,3.222361221450888,1.1701317741316077,3.0275331577146902
1.1267129205230169,0.6341992643701887,0.8408470179479125,2.0633332865664844,3.2217926089490567,1.17031722413176,3.0274375289642323
1.1265285205233222,0.6342905518703416,0.8411220054483705,2.063456310456689,3.222361221450888,1.1698535991313785,3.0273419002137745
1.1267129205230169,0.6341079768700363,0.8408475804479124,2.0633947985115864,3.2221716839502776,1.1702244991316837,3.0275331577146902
1.1267129205230169,0.634381839370494,0.8410295929482178,2.0636095678155693,3.222361221450888,1.17031722413176,3.0274375289642323
1.1267129205230169,0.633925401869731,0.8406650054476071,2.063671079760671,3.221887377699362,1.1704099491318365,3.0277722295908345
1.126897320522712,0.6341992643701887,0.8411225679483704,2.063702009901181,3.222455990201193,1.1701317741316077,3.027580972089919
1.1265285205233222,0.6341992643701887,0.8408470179479125,2.0635174740658746,3.222455990201193,1.169946324131455,3.0272462714633166
1.1267129205230169,0.6341992643701887,0.8407551679477597,2.063548055870467,3.2216030714484463,1.17031722413176,3.0274375289642323
1.1265285205233222,0.634381839370494,0.8410295929482178,2.0634253803161795,3.2221716839502776,1.17031722413176,3.0274853433394613
1.1265285205233222,0.633925401869731,0.8405731554474548,2.063149099067095,3.2226455277018036,1.1695754241311498,3.0270071995871723
1.1267129205230169,0.634381839370494,0.8413051429486756,2.0634257286520965,3.2226455277018036,1.1701317741316077,3.0272940858385455
1.1266207205231695,0.6341992643701887,0.8411225679483704,2.063517822401791,3.222455990201193,1.1702244991316837,3.0275331577146902
1.1267129205230169,0.6341992643701887,0.8410307179482176,2.0637325917057736,3.2222664527005827,1.1702244991316837,3.0275331577146902
1.1267129205230169,0.6341992643701887,0.8410307179482176,2.063548404206384,3.222455990201193,1.1702244991316837,3.0275331577146902
1.1265285205233222,0.6341079768700363,0.8408475804479124,2.0635789860109766,3.2222664527005827,1.1702244991316837,3.027580972089919
1.1268051205228646,0.6341992643701887,0.8409388679480648,2.0634868922612815,3.2216030714484463,1.1705953991319888,3.0278200439660634
1.1265285205233222,0.6340166893698839,0.8408481429479128,2.0636404979560785,3.221982146449667,1.170502674131913,3.027676600840377
1.126897320522712,0.6342905518703416,0.8409383054480654,2.0633332865664844,3.2221716839502776,1.17031722413176,3.0274853433394613
1.1266207205231695,0.6342905518703416,0.8409383054480654,2.0633332865664844,3.222076915199972,1.1701317741316077,3.0274375289642323
1.1267129205230169,0.6342905518703416,0.8409383054480654,2.0634253803161795,3.2221716839502776,1.1702244991316837,3.0274375289642323
1.1267129205230169,0.6341079768700363,0.8407557304477601,2.0633332865664844,3.2222664527005827,1.1702244991316837,3.027580972089919
1.1265285205233222,0.6342905518703416,0.8408464554479126,2.0632717746213824,3.222550758951498,1.1695754241311498,3.0272940858385455
1.1266207205231695,0.634381839370494,0.8410295929482178,2.0632411928167897,3.2227402964521086,1.1695754241311498,3.0271984570880877
1.1268051205228646,0.6342905518703416,0.8411220054483705,2.0637325917057736,3.2222664527005827,1.17031722413176,3.0274853433394613
1.1267129205230169,0.6341992643701887,0.8411225679483704,2.0639782911502653,3.222361221450888,1.17031722413176,3.027580972089919
1.1266207205231695,0.6340166893698839,0.8409399929480655,2.063609916151486,3.222076915199972,1.17031722413176,3.0274853433394613
1.1266207205231695,0.6341992643701887,0.8409388679480648,2.0638552672600605,3.2221716839502776,1.1701317741316077,3.0274853433394613
1.1265285205233222,0.6341079768700363,0.8407557304477601,2.0634253803161795,3.2221716839502776,1.17031722413176,3.027628786465148
1.1267129205230169,0.6341992643701887,0.8408470179479125,2.0634253803161795,3.222076915199972,1.1702244991316837,3.027580972089919
1.1265285205233222,0.6344731268706468,0.8411208804483706,2.0634253803161795,3.222455990201193,1.1701317741316077,3.027580972089919
1.1264363205234749,0.6340166893698839,0.84075629294776,2.0633947985115864,3.2222664527005827,1.1701317741316077,3.0274853433394613
1.1266207205231695,0.6341992643701887,0.8409388679480648,2.0633947985115864,3.2221716839502776,1.170502674131913,3.027580972089919
1.1264363205234749,0.6341992643701887,0.8412144179485227,2.063671428096588,3.222550758951498,1.1701317741316077,3.0272940858385455
1.1266207205231695,0.6341992643701887,0.8406633179476074,2.06339445017567,3.222076915199972,1.1702244991316837,3.027580972089919
1.1265285205233222,0.6342905518703416,0.8410301554482177,2.0633947985115864,3.222076915199972,1.17031722413176,3.027580972089919
1.1267129205230169,0.6341992643701887,0.8410307179482176,2.063548404206384,3.222076915199972,1.170502674131913,3.0274375289642323
1.1266207205231695,0.6341079768700363,0.8404801804473022,2.0631487507311776,3.2222664527005827,1.1702244991316837,3.0275331577146902
1.1266207205231695,0.6342905518703416,0.8409383054480654,2.0633332865664844,3.221982146449667,1.1704099491318365,3.027724415215606
1.1268051205228646,0.6341079768700363,0.8409394304480652,2.063456310456689,3.222550758951498,1.1698535991313785,3.0272940858385455
1.1265285205233222,0.6342905518703416,0.8410301554482177,2.063210611012197,3.222076915199972,1.1701317741316077,3.0275331577146902
1.1268051205228646,0.6341079768700363,0.841031280448218,2.063517822401791,3.222361221450888,1.1702244991316837,3.0274375289642323
1.1265285205233222,0.6341992643701887,0.8408470179479125,2.0633332865664844,3.2221716839502776,1.1701317741316077,3.0274853433394613
1.1265285205233222,0.6340166893698839,0.8406644429476077,2.0636095678155693,3.222550758951498,1.1701317741316077,3.0273897145890034
1.1267129205230169,0.634381839370494,0.8411214429483701,2.0635789860109766,3.222550758951498,1.1702244991316837,3.0275331577146902
1.1265285205233222,0.6341992643701887,0.8410307179482176,2.0633642167069945,3.222076915199972,1.17031722413176,3.0274375289642323
1.1267129205230169,0.6341992643701887,0.8410307179482176,2.063456310456689,3.222076915199972,1.17031722413176,3.0275331577146902
1.1267129205230169,0.6341079768700363,0.8408475804479124,2.0633027047618917,3.2222664527005827,1.1702244991316837,3.0274375289642323
1.1266207205231695,0.6340166893698839,0.8405725929474549,2.063363868371077,3.221129227696921,1.170966299132294,3.0280113014669787
1.1266207205231695,0.6342905518703416,0.8412138554485232,2.063702009901181,3.2221716839502776,1.1702244991316837,3.0274853433394613
1.1266207205231695,0.6341079768700363,0.8408475804479124,2.0633947985115864,3.2221716839502776,1.17031722413176,3.027628786465148
1.1268051205228646,0.6342905518703416,0.8410301554482177,2.0633027047618917,3.222455990201193,1.169946324131455,3.0272462714633166
1.1266207205231695,0.6341992643701887,0.8407551679477597,2.063548055870467,3.222361221450888,1.1702244991316837,3.0273897145890034
1.1265285205233222,0.6341992643701887,0.8407551679477597,2.0634559621207718,3.222076915199972,1.17031722413176,3.0274375289642323
1.1267129205230169,0.6340166893698839,0.8406644429476077,2.0633332865664844,3.2221716839502776,1.1701317741316077,3.0275331577146902
1.1266207205231695,0.6341992643701887,0.8408470179479125,2.0634253803161795,3.2222664527005827,1.1702244991316837,3.0275331577146902
1.1265285205233222,0.6342905518703416,0.8412138554485232,2.063609916151486,3.222455990201193,1.1701317741316077,3.0274375289642323
1.1266207205231695,0.634381839370494,0.8412132929485229,2.0633642167069945,3.221887377699362,1.1705953991319888,3.027724415215606
1.126897320522712,0.6341992643701887,0.8408470179479125,2.0634253803161795,3.2222664527005827,1.17031722413176,3.0275331577146902
1.1266207205231695,0.6341992643701887,0.8413062679486755,2.0637329400416906,3.221982146449667,1.1704099491318365,3.0275331577146902
