potentiometer0,potentiometer1,potentiometer2,potentiometer3,potentiometer4,potentiometer5,potentiometer6,encoder0,encoder1,encoder2,encoder3,encoder4,encoder5,encoder6
-2.0883337376366247,-1.0460703763299608,0.010043185822376567,-5.929918364614381,-5.875726038492124,-5.88418742958561,-5.902256300800316
-2.0883337376366247,-1.0460978105091558,0.010039093695622723,-5.929730052114393,-5.875819575992128,-5.88418742958561,-5.902066550800315
-2.0883260149408196,-1.0460978105091558,0.010043185822376567,-5.930012520864375,-5.875538963492116,-5.88418742958561,-5.901876800800316
-2.088432196190822,-1.0460274967591547,0.010039093695622723,-5.930106677114369,-5.875726038492124,-5.884280317085607,-5.901971675800317
-2.088432196190822,-1.0460626536341553,0.010047277949130415,-5.929824208364387,-5.8767549509921695,-5.885302079585576,-5.903394800800315
-2.0883791055658207,-1.0460274967591547,0.010043185822376567,-5.930012520864375,-5.875913113492132,-5.884373204585604,-5.902066550800315
-2.0882275563866224,-1.0459846171883491,0.010047277949130415,-5.929635895864399,-5.875071275992095,-5.883537217085629,-5.9013075508003165
-2.088447641582432,-1.0460978105091558,0.010035001568868879,-5.930106677114369,-5.875819575992128,-5.884280317085607,-5.902351175800316
-2.0883414603324297,-1.045957183009154,0.010059554329391951,-5.929730052114393,-5.875538963492116,-5.884280317085607,-5.902161425800315
-2.0883337376366247,-1.0460274967591547,0.010039093695622723,-5.930106677114369,-5.875913113492132,-5.88418742958561,-5.902161425800315
-2.0882198336908173,-1.0460900878133508,0.010043185822376567,-5.929541739614405,-5.876006650992136,-5.884280317085607,-5.902256300800316
-2.0882806470116235,-1.0459923398841546,0.010039093695622723,-5.929918364614381,-5.875726038492124,-5.8840016545856155,-5.901876800800316
-2.088439918886627,-1.0460274967591547,0.010043185822376567,-5.930106677114369,-5.875819575992128,-5.884373204585604,-5.902256300800316
-2.088439918886627,-1.0460703763299608,0.010043185822376567,-5.929730052114393,-5.876661413492165,-5.885023417085584,-5.903015300800314
-2.0883414603324297,-1.0461055332049614,0.010047277949130415,-5.929918364614381,-5.875726038492124,-5.884280317085607,-5.901971675800317
-2.0882275563866224,-1.0460274967591547,0.010043185822376567,-5.929730052114393,-5.876006650992136,-5.884466092085601,-5.902256300800316
-2.0883260149408196,-1.0460626536341553,0.010035001568868879,-5.929730052114393,-5.875538963492116,-5.883908767085618,-5.901687050800316
-2.0883260149408196,-1.0460352194549603,0.01004188952855601,-5.930200833364363,-5.87563250099212,-5.884094542085612,-5.902066550800315
-2.0883791055658207,-1.0460703763299608,0.01004059323473545,-5.9302949896143575,-5.875913113492132,-5.88418742958561,-5.902066550800315
-2.0883337376366247,-1.0460000625799597,0.010036501107981606,-5.929730052114393,-5.875351888492108,-5.8840016545856155,-5.901971675800317
-2.0883337376366247,-1.0460274967591547,0.010044685361489298,-5.930012520864375,-5.87563250099212,-5.884280317085607,-5.902256300800316
-2.088394550957431,-1.0460626536341553,0.010048777488243142,-5.929635895864399,-5.875726038492124,-5.88418742958561,-5.902066550800315
-2.0883414603324297,-1.0460352194549603,0.01004059323473545,-5.930012520864375,-5.87610018849214,-5.884373204585604,-5.902161425800315
-2.088447641582432,-1.0461055332049614,0.010048777488243142,-5.929730052114393,-5.875819575992128,-5.884280317085607,-5.902066550800315
-2.088447641582432,-1.0461329673841564,0.010036501107981606,-5.929635895864399,-5.8767549509921695,-5.885394967085573,-5.902825550800316
-2.0882275563866224,-1.045886869259153,0.010028316854473918,-5.930012520864375,-5.875726038492124,-5.88418742958561,-5.902066550800315
-2.0882806470116235,-1.0459923398841546,0.01004059323473545,-5.930012520864375,-5.875726038492124,-5.88418742958561,-5.902161425800315
-2.0883414603324297,-1.0459923398841546,0.010036501107981606,-5.929824208364387,-5.875726038492124,-5.88418742958561,-5.902256300800316
-2.0883414603324297,-1.0459923398841546,0.010044685361489298,-5.929918364614381,-5.875819575992128,-5.884373204585604,-5.902161425800315
-2.088394550957431,-1.0459923398841546,0.010036501107981606,-5.929918364614381,-5.877316175992194,-5.885952292085556,-5.903869175800315
-2.088394550957431,-1.0460626536341553,0.010036501107981606,-5.929730052114393,-5.87563250099212,-5.88418742958561,-5.901876800800316
-2.0883414603324297,-1.0459923398841546,0.010032408981227762,-5.929824208364387,-5.875819575992128,-5.884280317085607,-5.902161425800315
-2.0883414603324297,-1.0459923398841546,0.01004059323473545,-5.929918364614381,-5.875538963492116,-5.884373204585604,-5.902161425800315
-2.088394550957431,-1.0461329673841564,0.01004059323473545,-5.929730052114393,-5.875913113492132,-5.88418742958561,-5.902256300800316
-2.088394550957431,-1.0460626536341553,0.010032408981227762,-5.930106677114369,-5.87563250099212,-5.8840016545856155,-5.901781925800316
-2.088439918886627,-1.0460978105091558,0.01004188952855601,-5.929918364614381,-5.875819575992128,-5.88418742958561,-5.902161425800315
-2.0883337376366247,-1.0460274967591547,0.01004188952855601,-5.929730052114393,-5.875726038492124,-5.884094542085612,-5.901781925800316
-2.0883414603324297,-1.0461329673841564,0.010045981655309857,-5.929730052114393,-5.87563250099212,-5.88418742958561,-5.901876800800316
-2.0883414603324297,-1.0460626536341553,0.010037797401802166,-5.930106677114369,-5.875726038492124,-5.884280317085607,-5.902066550800315
-2.0883414603324297,-1.0459220261341535,0.010050073782063702,-5.930012520864375,-5.875819575992128,-5.884280317085607,-5.902161425800315
-2.088447641582432,-1.0460274967591547,0.01004188952855601,-5.9302949896143575,-5.876006650992136,-5.88418742958561,-5.902066550800315
-2.0882883697074286,-1.0459923398841546,0.01004188952855601,-5.929918364614381,-5.87563250099212,-5.884280317085607,-5.901971675800317
-2.0883414603324297,-1.0459923398841546,0.010045981655309857,-5.929730052114393,-5.875913113492132,-5.884373204585604,-5.902161425800315
-2.0883337376366247,-1.0460626536341553,0.010037797401802166,-5.930012520864375,-5.875819575992128,-5.884094542085612,-5.902066550800315
-2.0883337376366247,-1.0460626536341553,0.01004188952855601,-5.930106677114369,-5.87563250099212,-5.884280317085607,-5.902066550800315
-2.0883414603324297,-1.045957183009154,0.01004188952855601,-5.930012520864375,-5.87563250099212,-5.884094542085612,-5.902161425800315
-2.0882883697074286,-1.0459923398841546,0.010033705275048321,-5.929730052114393,-5.875913113492132,-5.88418742958561,-5.902066550800315
-2.0883414603324297,-1.0460274967591547,0.010037797401802166,-5.930012520864375,-5.87563250099212,-5.884280317085607,-5.901971675800317
-2.088386828261626,-1.0460978105091558,0.010050073782063702,-5.929730052114393,-5.875819575992128,-5.884373204585604,-5.902161425800315
-2.088493009511628,-1.0459923398841546,0.010054165908817546,-5.930200833364363,-5.875726038492124,-5.884094542085612,-5.902066550800315
-2.088386828261626,-1.0459923398841546,0.010037797401802166,-5.929730052114393,-5.87563250099212,-5.88418742958561,-5.902066550800315
-2.088386828261626,-1.0460274967591547,0.01004188952855601,-5.929824208364387,-5.87563250099212,-5.88418742958561,-5.902161425800315
-2.0883414603324297,-1.0459923398841546,0.010037797401802166,-5.929730052114393,-5.875726038492124,-5.884280317085607,-5.902161425800315
-2.088447641582432,-1.0460274967591547,0.01004188952855601,-5.930012520864375,-5.875819575992128,-5.883908767085618,-5.902066550800315
-2.0883414603324297,-1.0460274967591547,0.01004188952855601,-5.929730052114393,-5.875913113492132,-5.884373204585604,-5.902256300800316
-2.088439918886627,-1.0460978105091558,0.01004188952855601,-5.930012520864375,-5.87563250099212,-5.8840016545856155,-5.901971675800317
-2.088386828261626,-1.0460626536341553,0.010031112687407202,-5.930012520864375,-5.87563250099212,-5.884094542085612,-5.902066550800315
-2.0882806470116235,-1.0460626536341553,0.010047481194422583,-5.930200833364363,-5.87563250099212,-5.8840016545856155,-5.902066550800315
-2.088386828261626,-1.0460626536341553,0.010047481194422583,-5.929824208364387,-5.875538963492116,-5.88418742958561,-5.901876800800316
-2.0886069134574354,-1.0460978105091558,0.010035204814161047,-5.929918364614381,-5.87610018849214,-5.88418742958561,-5.902256300800316
-2.088394550957431,-1.0460978105091558,0.010035204814161047,-5.930106677114369,-5.875913113492132,-5.884373204585604,-5.902351175800316
-2.088500732207433,-1.0460626536341553,0.010043389067668738,-5.929918364614381,-5.875538963492116,-5.884280317085607,-5.902066550800315
-2.088386828261626,-1.0460274967591547,0.010043389067668738,-5.930012520864375,-5.875726038492124,-5.884094542085612,-5.901781925800316
-2.088386828261626,-1.0459923398841546,0.010035204814161047,-5.930012520864375,-5.87610018849214,-5.884466092085601,-5.902351175800316
-2.0883337376366247,-1.0460274967591547,0.010035204814161047,-5.929918364614381,-5.875819575992128,-5.88418742958561,-5.902256300800316
-2.0883337376366247,-1.0460780990257659,0.010043389067668738,-5.929730052114393,-5.875913113492132,-5.884466092085601,-5.902066550800315
-2.088394550957431,-1.0460429421507653,0.010035204814161047,-5.930012520864375,-5.875819575992128,-5.88418742958561,-5.902066550800315
-2.0883414603324297,-1.045937471525764,0.01003929694091489,-5.929824208364387,-5.875913113492132,-5.884280317085607,-5.902351175800316
-2.0882352790824275,-1.0460077852757652,0.010043389067668738,-5.9302949896143575,-5.875726038492124,-5.884373204585604,-5.902161425800315
-2.0883337376366247,-1.0460077852757652,0.010035204814161047,-5.929730052114393,-5.875913113492132,-5.88418742958561,-5.901876800800316
-2.0883337376366247,-1.0460077852757652,0.01003929694091489,-5.929730052114393,-5.875913113492132,-5.884280317085607,-5.902066550800315
-2.0883337376366247,-1.0460780990257659,0.010028316854473918,-5.930200833364363,-5.876006650992136,-5.884373204585604,-5.902256300800316
-2.0883337376366247,-1.0460429421507653,0.010032408981227762,-5.930012520864375,-5.875819575992128,-5.884651867085595,-5.902540925800315
-2.0883337376366247,-1.045937471525764,0.01002422472772007,-5.929635895864399,-5.875819575992128,-5.884280317085607,-5.902256300800316
-2.088439918886627,-1.046148412775767,0.010044685361489298,-5.930012520864375,-5.876006650992136,-5.884280317085607,-5.902351175800316
-2.0883414603324297,-1.0460077852757652,0.010032408981227762,-5.929918364614381,-5.875726038492124,-5.884373204585604,-5.901971675800317
-2.088439918886627,-1.0460429421507653,0.010032408981227762,-5.930106677114369,-5.876006650992136,-5.884280317085607,-5.902256300800316
-2.0883337376366247,-1.0460429421507653,0.010036501107981606,-5.929918364614381,-5.875819575992128,-5.884373204585604,-5.902256300800316
-2.088386828261626,-1.0460429421507653,0.010036501107981606,-5.929730052114393,-5.875819575992128,-5.884373204585604,-5.902256300800316
-2.088493009511628,-1.0460000625799597,0.01004059323473545,-5.930012520864375,-5.876006650992136,-5.884466092085601,-5.902540925800315
-2.088439918886627,-1.0460352194549603,0.010036501107981606,-5.930106677114369,-5.875726038492124,-5.88418742958561,-5.902066550800315
-2.088386828261626,-1.0460352194549603,0.010028316854473918,-5.929918364614381,-5.875819575992128,-5.884280317085607,-5.902066550800315
-2.088386828261626,-1.0461406900799615,0.01004059323473545,-5.929824208364387,-5.875913113492132,-5.884466092085601,-5.902161425800315
-2.0882806470116235,-1.0460352194549603,0.010048777488243142,-5.929918364614381,-5.875819575992128,-5.884280317085607,-5.902161425800315
-2.0882806470116235,-1.0460352194549603,0.010032408981227762,-5.930012520864375,-5.876006650992136,-5.884744754585593,-5.902446050800316
-2.088386828261626,-1.0460703763299608,0.010020132600966226,-5.929730052114393,-5.876006650992136,-5.88418742958561,-5.902066550800315
-2.0882806470116235,-1.0460703763299608,0.010032408981227762,-5.929730052114393,-5.875819575992128,-5.884373204585604,-5.902161425800315
-2.0883337376366247,-1.0460000625799597,0.010044685361489298,-5.930012520864375,-5.875071275992095,-5.8832585545856375,-5.901117800800316
-2.0883414603324297,-1.0460000625799597,0.010052869614996986,-5.930106677114369,-5.87563250099212,-5.88418742958561,-5.902066550800315
-2.088439918886627,-1.0460000625799597,0.010044685361489298,-5.930012520864375,-5.875913113492132,-5.884373204585604,-5.902066550800315
-2.0883337376366247,-1.0460352194549603,0.010044685361489298,-5.929824208364387,-5.875351888492108,-5.8836301045856265,-5.901781925800316
-2.088386828261626,-1.0460352194549603,0.010032408981227762,-5.930200833364363,-5.876380800992153,-5.884930529585587,-5.902825550800316
-2.0882806470116235,-1.0460352194549603,0.010036501107981606,-5.930106677114369,-5.875819575992128,-5.884280317085607,-5.902161425800315
-2.088386828261626,-1.0460000625799597,0.010036501107981606,-5.930106677114369,-5.875913113492132,-5.88418742958561,-5.901971675800317
-2.088386828261626,-1.0461406900799615,0.010044685361489298,-5.930012520864375,-5.875819575992128,-5.884373204585604,-5.902161425800315
-2.088386828261626,-1.0460352194549603,0.010036501107981606,-5.929730052114393,-5.875538963492116,-5.884094542085612,-5.902066550800315
-2.0882275563866224,-1.0460000625799597,0.010032408981227762,-5.930012520864375,-5.875913113492132,-5.884280317085607,-5.902066550800315
-2.088386828261626,-1.0460000625799597,0.01003929694091489,-5.929730052114393,-5.87563250099212,-5.884094542085612,-5.901971675800317
-2.088386828261626,-1.0460703763299608,0.010029816393586643,-5.930012520864375,-5.875913113492132,-5.88418742958561,-5.901971675800317
-2.0882275563866224,-1.0460000625799597,0.010038000647094331,-5.929824208364387,-5.875819575992128,-5.884094542085612,-5.902256300800316
-2.088439918886627,-1.0460703763299608,0.010029816393586643,-5.930012520864375,-5.875538963492116,-5.884094542085612,-5.901971675800317
-2.0883337376366247,-1.0460703763299608,0.010029816393586643,-5.929730052114393,-5.875726038492124,-5.884280317085607,-5.902161425800315
-2.088386828261626,-1.0460352194549603,0.010033908520340487,-5.929824208364387,-5.87563250099212,-5.884280317085607,-5.902066550800315
-2.088386828261626,-1.0460703763299608,0.010046184900602023,-5.929730052114393,-5.875819575992128,-5.884373204585604,-5.902161425800315
-2.088386828261626,-1.0460703763299608,0.010033908520340487,-5.929918364614381,-5.87563250099212,-5.88418742958561,-5.902161425800315
-2.0883337376366247,-1.0460703763299608,0.010038000647094331,-5.930106677114369,-5.875819575992128,-5.884280317085607,-5.901971675800317
-2.088439918886627,-1.0460352194549603,0.010046184900602023,-5.930200833364363,-5.876006650992136,-5.8840016545856155,-5.901876800800316
-2.0881744657616212,-1.045929748829959,0.010038000647094331,-5.929918364614381,-5.875538963492116,-5.884280317085607,-5.901971675800317
-2.088386828261626,-1.0460000625799597,0.010042092773848179,-5.930200833364363,-5.875819575992128,-5.884280317085607,-5.901971675800317
-2.0883337376366247,-1.0460352194549603,0.010029816393586643,-5.929824208364387,-5.875819575992128,-5.884280317085607,-5.902161425800315
-2.0883337376366247,-1.0460703763299608,0.010042092773848179,-5.930200833364363,-5.87563250099212,-5.884280317085607,-5.902161425800315
-2.0883337376366247,-1.0459649057049591,0.010046184900602023,-5.930012520864375,-5.875726038492124,-5.88418742958561,-5.902161425800315
-2.0883337376366247,-1.0459649057049591,0.010042092773848179,-5.929824208364387,-5.875913113492132,-5.884280317085607,-5.902351175800316
-2.088386828261626,-1.0460352194549603,0.010029816393586643,-5.930012520864375,-5.875726038492124,-5.883908767085618,-5.902066550800315
-2.0882275563866224,-1.0460352194549603,0.010042092773848179,-5.929918364614381,-5.876006650992136,-5.884373204585604,-5.901781925800316
-2.088386828261626,-1.0460000625799597,0.010038000647094331,-5.930106677114369,-5.875726038492124,-5.884280317085607,-5.902161425800315
-2.0883337376366247,-1.0460000625799597,0.010042092773848179,-5.930012520864375,-5.87610018849214,-5.884373204585604,-5.902540925800315
-2.0882806470116235,-1.0460000625799597,0.010035204814161047,-5.929730052114393,-5.875819575992128,-5.88418742958561,-5.902161425800315
-2.088439918886627,-1.0460703763299608,0.010035204814161047,-5.930200833364363,-5.875726038492124,-5.884094542085612,-5.901971675800317
-2.088439918886627,-1.0461055332049614,0.010027020560653358,-5.930012520864375,-5.875819575992128,-5.8840016545856155,-5.901781925800316
-2.088439918886627,-1.0459649057049591,0.010035204814161047,-5.929824208364387,-5.874790663492083,-5.883351442085635,-5.901212675800316
-2.088386828261626,-1.0460352194549603,0.010027020560653358,-5.930012520864375,-5.875819575992128,-5.884280317085607,-5.902161425800315
-2.0882275563866224,-1.0460352194549603,0.010027020560653358,-5.929730052114393,-5.875726038492124,-5.884466092085601,-5.901971675800317
-2.088493009511628,-1.0461055332049614,0.010031112687407202,-5.930200833364363,-5.875819575992128,-5.884094542085612,-5.902256300800316
-2.088386828261626,-1.0460352194549603,0.01003929694091489,-5.929918364614381,-5.876474338492157,-5.88483764208559,-5.903015300800314
-2.088439918886627,-1.0460352194549603,0.010047481194422583,-5.929635895864399,-5.875538963492116,-5.884558979585599,-5.901971675800317
-2.0885991907616304,-1.0460703763299608,0.01003929694091489,-5.929918364614381,-5.875819575992128,-5.884280317085607,-5.902161425800315
-2.088493009511628,-1.0460703763299608,0.010031112687407202,-5.929918364614381,-5.87563250099212,-5.884280317085607,-5.901876800800316
-2.088439918886627,-1.0460352194549603,0.010043389067668738,-5.929730052114393,-5.875913113492132,-5.884280317085607,-5.902161425800315
-2.0883337376366247,-1.0460703763299608,0.01003929694091489,-5.930012520864375,-5.875538963492116,-5.8840016545856155,-5.901971675800317
-2.0883337376366247,-1.0459649057049591,0.010035204814161047,-5.929730052114393,-5.875819575992128,-5.884466092085601,-5.902256300800316
-2.0883337376366247,-1.0460352194549603,0.010035204814161047,-5.929730052114393,-5.874977738492091,-5.8834443295856325,-5.901402425800317
-2.0883337376366247,-1.0460000625799597,0.010035204814161047,-5.929730052114393,-5.87563250099212,-5.884280317085607,-5.901876800800316
-2.0883337376366247,-1.0460000625799597,0.010043389067668738,-5.929730052114393,-5.875913113492132,-5.884373204585604,-5.902066550800315
-2.088386828261626,-1.0460703763299608,0.01003929694091489,-5.929824208364387,-5.875913113492132,-5.884466092085601,-5.902256300800316
-2.088439918886627,-1.0460352194549603,0.010031112687407202,-5.929918364614381,-5.876006650992136,-5.884373204585604,-5.902161425800315
-2.0883337376366247,-1.0460352194549603,0.010043389067668738,-5.930106677114369,-5.875913113492132,-5.88418742958561,-5.902256300800316
-2.0883337376366247,-1.0459649057049591,0.010035204814161047,-5.929918364614381,-5.876006650992136,-5.884466092085601,-5.902161425800315
-2.0883337376366247,-1.0460000625799597,0.010035204814161047,-5.929824208364387,-5.875819575992128,-5.884280317085607,-5.902351175800316
-2.088386828261626,-1.0460703763299608,0.010027020560653358,-5.929918364614381,-5.876567875992161,-5.88483764208559,-5.902920425800316
-2.088493009511628,-1.0460703763299608,0.010031112687407202,-5.929918364614381,-5.875445425992112,-5.883908767085618,-5.901781925800316
-2.088386828261626,-1.0460000625799597,0.01003929694091489,-5.930012520864375,-5.875913113492132,-5.884280317085607,-5.902066550800315
-2.088386828261626,-1.0461055332049614,0.010047481194422583,-5.930200833364363,-5.875726038492124,-5.88418742958561,-5.901781925800316
-2.088439918886627,-1.0461055332049614,0.01003929694091489,-5.930106677114369,-5.876848488492174,-5.885209192085579,-5.903110175800315
-2.088386828261626,-1.0460352194549603,0.010031112687407202,-5.929918364614381,-5.875726038492124,-5.884094542085612,-5.902161425800315
-2.0882275563866224,-1.0460352194549603,0.010031112687407202,-5.929730052114393,-5.875819575992128,-5.884373204585604,-5.902161425800315
-2.0882806470116235,-1.0460077852757652,0.010031112687407202,-5.929730052114393,-5.87563250099212,-5.884373204585604,-5.902066550800315
-2.0882275563866224,-1.0460858217215714,0.01003929694091489,-5.929918364614381,-5.876193725992144,-5.884373204585604,-5.902161425800315
-2.0885461001366292,-1.0462264492215732,0.010031112687407202,-5.930200833364363,-5.875819575992128,-5.884373204585604,-5.902351175800316
-2.088386828261626,-1.046120978596572,0.010035204814161047,-5.929730052114393,-5.875913113492132,-5.884280317085607,-5.902256300800316
-2.0883337376366247,-1.0460506648465708,0.010031112687407202,-5.929730052114393,-5.876942025992177,-5.885209192085579,-5.903299925800315
-2.0883337376366247,-1.0459803510965697,0.010043389067668738,-5.930200833364363,-5.87610018849214,-5.884651867085595,-5.902256300800316
-2.088386828261626,-1.0459803510965697,0.010031112687407202,-5.930012520864375,-5.87610018849214,-5.884280317085607,-5.902351175800316
-2.0883337376366247,-1.0460858217215714,0.010043389067668738,-5.929730052114393,-5.876006650992136,-5.884373204585604,-5.902256300800316
-2.0882806470116235,-1.0459803510965697,0.010031112687407202,-5.929824208364387,-5.875819575992128,-5.884373204585604,-5.902161425800315
-2.0883337376366247,-1.0460155079715703,0.010035204814161047,-5.930012520864375,-5.875819575992128,-5.884094542085612,-5.902066550800315
-2.088386828261626,-1.0460506648465708,0.010035204814161047,-5.930012520864375,-5.875164813492099,-5.883537217085629,-5.901497300800317
-2.0885461001366292,-1.046156135471572,0.010035204814161047,-5.929730052114393,-5.875819575992128,-5.884466092085601,-5.902161425800315
-2.0882275563866224,-1.0460155079715703,0.010031112687407202,-5.929824208364387,-5.87563250099212,-5.884280317085607,-5.902066550800315
-2.0882806470116235,-1.0460155079715703,0.010035204814161047,-5.929730052114393,-5.875819575992128,-5.88418742958561,-5.902161425800315
-2.0885461001366292,-1.0460858217215714,0.010031112687407202,-5.929824208364387,-5.875913113492132,-5.8840016545856155,-5.902161425800315
-2.088439918886627,-1.046148412775767,0.010043389067668738,-5.930012520864375,-5.875819575992128,-5.884094542085612,-5.902256300800316
-2.088386828261626,-1.0460077852757652,0.010035204814161047,-5.929918364614381,-5.87563250099212,-5.884094542085612,-5.902161425800315
-2.0883337376366247,-1.0459726284007647,0.010031112687407202,-5.930012520864375,-5.876006650992136,-5.884280317085607,-5.902351175800316
-2.0885461001366292,-1.0460429421507653,0.010047481194422583,-5.929918364614381,-5.875726038492124,-5.884466092085601,-5.902351175800316
-2.088439918886627,-1.0460077852757652,0.010035204814161047,-5.929730052114393,-5.875913113492132,-5.884466092085601,-5.902351175800316
-2.088439918886627,-1.0460429421507653,0.010043389067668738,-5.929635895864399,-5.87563250099212,-5.884094542085612,-5.901876800800316
-2.088439918886627,-1.0460077852757652,0.010031112687407202,-5.929635895864399,-5.87563250099212,-5.8840016545856155,-5.901971675800317
-2.0883337376366247,-1.0460780990257659,0.010035204814161047,-5.930012520864375,-5.876006650992136,-5.884373204585604,-5.902161425800315
-2.088439918886627,-1.046148412775767,0.010035204814161047,-5.929824208364387,-5.875726038492124,-5.884466092085601,-5.902256300800316
-2.0882806470116235,-1.0460780990257659,0.010047481194422583,-5.929918364614381,-5.87563250099212,-5.88418742958561,-5.902066550800315
-2.0885461001366292,-1.0461835696507675,0.010031112687407202,-5.930012520864375,-5.875726038492124,-5.884373204585604,-5.902161425800315
-2.088386828261626,-1.0460780990257659,0.010035204814161047,-5.929730052114393,-5.87563250099212,-5.8840016545856155,-5.901971675800317
-2.088447641582432,-1.046148412775767,0.010043389067668738,-5.930106677114369,-5.875726038492124,-5.884094542085612,-5.901876800800316
-2.0883337376366247,-1.0460077852757652,0.01003929694091489,-5.930012520864375,-5.875913113492132,-5.884280317085607,-5.902351175800316
-2.088439918886627,-1.0460429421507653,0.010035204814161047,-5.929918364614381,-5.875726038492124,-5.88418742958561,-5.902161425800315
-2.0883414603324297,-1.0460077852757652,0.010031112687407202,-5.930200833364363,-5.875819575992128,-5.884373204585604,-5.902161425800315
-2.0884553642782375,-1.0459726284007647,0.010031112687407202,-5.929918364614381,-5.87563250099212,-5.884280317085607,-5.902161425800315
-2.0883491830282352,-1.0461132559007664,0.010031112687407202,-5.930012520864375,-5.87563250099212,-5.88418742958561,-5.902256300800316
-2.0883414603324297,-1.0460077852757652,0.010031112687407202,-5.929918364614381,-5.875913113492132,-5.884373204585604,-5.902256300800316
-2.088447641582432,-1.046148412775767,0.010044888606781464,-5.930012520864375,-5.87563250099212,-5.88418742958561,-5.902161425800315
-2.0885461001366292,-1.0460429421507653,0.010032612226519928,-5.930012520864375,-5.875819575992128,-5.884280317085607,-5.902351175800316
-2.088394550957431,-1.0460780990257659,0.010032612226519928,-5.930200833364363,-5.875819575992128,-5.88418742958561,-5.901971675800317
-2.0884022736532364,-1.046148412775767,0.01002442797301224,-5.929730052114393,-5.876006650992136,-5.884466092085601,-5.902066550800315
-2.0885084549032387,-1.0460780990257659,0.010032612226519928,-5.930200833364363,-5.876006650992136,-5.88418742958561,-5.902066550800315
-2.0883491830282352,-1.0460077852757652,0.01004079648002762,-5.930012520864375,-5.876006650992136,-5.884094542085612,-5.902256300800316
-2.088394550957431,-1.0460429421507653,0.010036704353273772,-5.930012520864375,-5.876006650992136,-5.884280317085607,-5.902351175800316
-2.0882806470116235,-1.0460780990257659,0.010032612226519928,-5.929918364614381,-5.875819575992128,-5.884094542085612,-5.902066550800315
-2.0885461001366292,-1.046148412775767,0.010032612226519928,-5.930012520864375,-5.875913113492132,-5.884651867085595,-5.902256300800316
-2.088439918886627,-1.0460429421507653,0.010028520099766083,-5.929730052114393,-5.87563250099212,-5.884094542085612,-5.902161425800315
-2.088439918886627,-1.0460429421507653,0.010028520099766083,-5.930012520864375,-5.875819575992128,-5.884280317085607,-5.902256300800316
-2.0883491830282352,-1.0460429421507653,0.010044888606781464,-5.930200833364363,-5.875726038492124,-5.8840016545856155,-5.902066550800315
-2.0884553642782375,-1.045937471525764,0.01004079648002762,-5.930012520864375,-5.875726038492124,-5.884280317085607,-5.902066550800315
-2.0883414603324297,-1.0460780990257659,0.010028520099766083,-5.929918364614381,-5.875913113492132,-5.884373204585604,-5.902256300800316
-2.0881821884574263,-1.0460077852757652,0.010032612226519928,-5.929824208364387,-5.875445425992112,-5.883722992085624,-5.901781925800316
-2.088386828261626,-1.0460077852757652,0.010028520099766083,-5.929730052114393,-5.875726038492124,-5.88418742958561,-5.901971675800317
-2.088493009511628,-1.0460429421507653,0.01002442797301224,-5.930012520864375,-5.875538963492116,-5.884373204585604,-5.902161425800315
-2.088394550957431,-1.0460077852757652,0.010036704353273772,-5.929635895864399,-5.875726038492124,-5.884094542085612,-5.902161425800315
-2.0883491830282352,-1.0460077852757652,0.01004079648002762,-5.929730052114393,-5.875819575992128,-5.884280317085607,-5.902066550800315
-2.0882352790824275,-1.0460429421507653,0.01002442797301224,-5.929730052114393,-5.875819575992128,-5.884280317085607,-5.902351175800316
-2.0883414603324297,-1.0460429421507653,0.01004079648002762,-5.930012520864375,-5.87563250099212,-5.883908767085618,-5.902066550800315
-2.0882806470116235,-1.0460429421507653,0.010036704353273772,-5.930106677114369,-5.876006650992136,-5.88418742958561,-5.902256300800316
-2.0882275563866224,-1.0460429421507653,0.010036704353273772,-5.929730052114393,-5.876474338492157,-5.885209192085579,-5.903299925800315
-2.088439918886627,-1.045937471525764,0.010028520099766083,-5.929635895864399,-5.875819575992128,-5.8840016545856155,-5.902066550800315
-2.088386828261626,-1.0461835696507675,0.010036704353273772,-5.930012520864375,-5.875538963492116,-5.884094542085612,-5.901876800800316
-2.088386828261626,-1.0460077852757652,0.010036704353273772,-5.929918364614381,-5.875819575992128,-5.884373204585604,-5.902256300800316
-2.0885084549032387,-1.0461835696507675,0.010032612226519928,-5.929635895864399,-5.87563250099212,-5.884651867085595,-5.902066550800315
-2.088447641582432,-1.0460429421507653,0.010032612226519928,-5.930200833364363,-5.875726038492124,-5.884094542085612,-5.902161425800315
-2.0883337376366247,-1.0460429421507653,0.010028520099766083,-5.929635895864399,-5.8752583509921035,-5.883537217085629,-5.901592175800316
-2.0883414603324297,-1.0460077852757652,0.010028520099766083,-5.929635895864399,-5.875913113492132,-5.884373204585604,-5.902161425800315
-2.0883337376366247,-1.046148412775767,0.010036704353273772,-5.930012520864375,-5.875913113492132,-5.884280317085607,-5.902066550800315
-2.088439918886627,-1.0460935444173765,0.01004079648002762,-5.930200833364363,-5.875819575992128,-5.884280317085607,-5.901971675800317
-2.0883414603324297,-1.0459529169173747,0.010032612226519928,-5.930106677114369,-5.875164813492099,-5.883722992085624,-5.901687050800316
-2.0883414603324297,-1.0459880737923752,0.010036704353273772,-5.929824208364387,-5.875819575992128,-5.88418742958561,-5.901876800800316
-2.0883491830282352,-1.046058387542376,0.010036704353273772,-5.929730052114393,-5.875726038492124,-5.884373204585604,-5.902256300800316
-2.088493009511628,-1.046058387542376,0.010032612226519928,-5.929541739614405,-5.875819575992128,-5.88418742958561,-5.902066550800315
-2.0883791055658207,-1.0460935444173765,0.010044888606781464,-5.930200833364363,-5.875819575992128,-5.884466092085601,-5.902446050800316
-2.088493009511628,-1.046058387542376,0.010032612226519928,-5.930200833364363,-5.875726038492124,-5.88418742958561,-5.902161425800315
-2.0883414603324297,-1.0460935444173765,0.010028520099766083,-5.929730052114393,-5.875819575992128,-5.884280317085607,-5.902161425800315
-2.088500732207433,-1.0460935444173765,0.010036704353273772,-5.930012520864375,-5.875726038492124,-5.884373204585604,-5.902161425800315
-2.0884553642782375,-1.0460232306673758,0.010036704353273772,-5.930012520864375,-5.87563250099212,-5.884373204585604,-5.902066550800315
-2.088447641582432,-1.0460935444173765,0.010036704353273772,-5.930012520864375,-5.875538963492116,-5.884094542085612,-5.902066550800315
-2.088394550957431,-1.0460232306673758,0.010028520099766083,-5.929918364614381,-5.875913113492132,-5.884280317085607,-5.902256300800316
-2.0882729243158185,-1.0460935444173765,0.010028520099766083,-5.929541739614405,-5.875819575992128,-5.88418742958561,-5.902066550800315
-2.088439918886627,-1.0460935444173765,0.010044888606781464,-5.930106677114369,-5.875164813492099,-5.8834443295856325,-5.9013075508003165
-2.0883414603324297,-1.046058387542376,0.010032612226519928,-5.930012520864375,-5.875445425992112,-5.883908767085618,-5.901781925800316
-2.088500732207433,-1.046199015042378,0.010032612226519928,-5.930106677114369,-5.875913113492132,-5.884373204585604,-5.902161425800315
-2.088447641582432,-1.046058387542376,0.010020335846258391,-5.929730052114393,-5.876567875992161,-5.885023417085584,-5.903110175800315
-2.0882883697074286,-1.0460232306673758,0.010036704353273772,-5.929730052114393,-5.875819575992128,-5.884373204585604,-5.901971675800317
-2.0883414603324297,-1.0459880737923752,0.010028520099766083,-5.930200833364363,-5.875819575992128,-5.884280317085607,-5.902161425800315
-2.088394550957431,-1.046128701292377,0.010032612226519928,-5.930200833364363,-5.875913113492132,-5.884373204585604,-5.902256300800316
-2.088386828261626,-1.046128701292377,0.010032612226519928,-5.929918364614381,-5.875726038492124,-5.884280317085607,-5.902256300800316
-2.0885538228324343,-1.0460232306673758,0.010032612226519928,-5.929730052114393,-5.875819575992128,-5.884094542085612,-5.902161425800315
-2.0885538228324343,-1.0460232306673758,0.010036704353273772,-5.929730052114393,-5.875726038492124,-5.88418742958561,-5.902066550800315
-2.0884553642782375,-1.046199015042378,0.010032612226519928,-5.929918364614381,-5.87563250099212,-5.884094542085612,-5.902066550800315
-2.0883414603324297,-1.0460232306673758,0.010032612226519928,-5.929824208364387,-5.875445425992112,-5.883908767085618,-5.901781925800316
-2.088447641582432,-1.0460506648465708,0.010028520099766083,-5.930012520864375,-5.875819575992128,-5.884280317085607,-5.902161425800315
-2.088394550957431,-1.0460232306673758,0.010032612226519928,-5.929730052114393,-5.875726038492124,-5.884094542085612,-5.902351175800316
-2.0883337376366247,-1.0460232306673758,0.010028520099766083,-5.929730052114393,-5.875445425992112,-5.8840016545856155,-5.901781925800316
-2.0883414603324297,-1.046058387542376,0.010028520099766083,-5.930012520864375,-5.876567875992161,-5.885116304585582,-5.903205050800315
-2.088189911153232,-1.046128701292377,0.01004079648002762,-5.9302949896143575,-5.876006650992136,-5.884280317085607,-5.902066550800315
-2.08856154552824,-1.046120978596572,0.010028520099766083,-5.929918364614381,-5.876006650992136,-5.884466092085601,-5.902256300800316
-2.0882352790824275,-1.0460858217215714,0.010032612226519928,-5.929730052114393,-5.875913113492132,-5.884280317085607,-5.902446050800316
-2.0881744657616212,-1.0460506648465708,0.010029816393586643,-5.930012520864375,-5.87563250099212,-5.88418742958561,-5.901971675800317
-2.0883337376366247,-1.046058387542376,0.010042092773848179,-5.930012520864375,-5.875913113492132,-5.884094542085612,-5.902066550800315
-2.088386828261626,-1.046058387542376,0.010038000647094331,-5.929918364614381,-5.875445425992112,-5.884094542085612,-5.902161425800315
-2.088386828261626,-1.0461638581673776,0.010025724266832799,-5.930012520864375,-5.875819575992128,-5.88418742958561,-5.902351175800316
-2.0883337376366247,-1.0460155079715703,0.010029816393586643,-5.930012520864375,-5.876193725992144,-5.884558979585599,-5.902540925800315
-2.088439918886627,-1.0460506648465708,0.010033908520340487,-5.930012520864375,-5.87563250099212,-5.884094542085612,-5.901781925800316
-2.088439918886627,-1.046156135471572,0.010021632140078951,-5.929918364614381,-5.875726038492124,-5.884280317085607,-5.902161425800315
-1.8799599207264546,-0.9443430260040228,0.03253214989502275,-5.350255383556545,-5.3064811050999925,-5.323428379104531,-5.3137130878114665
-1.8801954513138748,-0.9442649895582166,0.03252396564151506,-5.3503495398065395,-5.306574642599997,-5.323614154104526,-5.3137130878114665
-1.8802031740096803,-0.944370460183218,0.03252396564151506,-5.350255383556545,-5.306668180100001,-5.323428379104531,-5.313902837811466
-1.880248541938876,-0.9444484966290242,0.032528057768268906,-5.350255383556545,-5.3064811050999925,-5.323614154104526,-5.313807962811467
-1.880073824672262,-0.9443781828790233,0.03253214989502275,-5.350161227306551,-5.306106955099976,-5.323335491604533,-5.313143837811467
-1.8801800059222642,-0.9444133397540236,0.032536242021776594,-5.350443696056534,-5.306761717600005,-5.323614154104526,-5.313902837811466
-1.880126915297263,-0.944370460183218,0.03252396564151506,-5.350161227306551,-5.306294030099984,-5.323428379104531,-5.3137130878114665
-1.8799676434222596,-0.9443078691290224,0.032536242021776594,-5.350255383556545,-5.306761717600005,-5.323614154104526,-5.313618212811466
-1.880073824672262,-0.9442727122540219,0.03252396564151506,-5.350255383556545,-5.306574642599997,-5.323614154104526,-5.313902837811466
-1.8802408192430708,-0.9443430260040228,0.032528057768268906,-5.350161227306551,-5.306668180100001,-5.323707041604523,-5.313997712811466
-1.8801877286180697,-0.9444484966290242,0.03253214989502275,-5.350443696056534,-5.306668180100001,-5.323521266604528,-5.313902837811466
-1.8802408192430708,-0.9444133397540236,0.032528057768268906,-5.350255383556545,-5.306106955099976,-5.322871054104548,-5.313143837811467
-1.8801114699056525,-0.9443430260040228,0.03253214989502275,-5.350255383556545,-5.306387567599988,-5.323521266604528,-5.313997712811466
-1.8800661019764568,-0.9443430260040228,0.032536242021776594,-5.350443696056534,-5.306668180100001,-5.323521266604528,-5.313807962811467
-1.8801800059222642,-0.9443781828790233,0.03252396564151506,-5.350255383556545,-5.306294030099984,-5.323242604104536,-5.313618212811466
-1.880073824672262,-0.9443078691290224,0.03251578138800737,-5.350255383556545,-5.306668180100001,-5.323521266604528,-5.3137130878114665
-1.880126915297263,-0.9443078691290224,0.032536242021776594,-5.350255383556545,-5.307042330100017,-5.323985704104514,-5.313902837811466
-1.880293909868072,-0.9444133397540236,0.03252396564151506,-5.350443696056534,-5.306761717600005,-5.323614154104526,-5.313902837811466
-1.8801877286180697,-0.9443430260040228,0.03253214989502275,-5.350255383556545,-5.306668180100001,-5.323614154104526,-5.313997712811466
-1.8800284567430663,-0.9443430260040228,0.03253214989502275,-5.350161227306551,-5.306387567599988,-5.323428379104531,-5.313523337811467
-1.880073824672262,-0.9443078691290224,0.03252396564151506,-5.350255383556545,-5.306668180100001,-5.323614154104526,-5.313902837811466
-1.880126915297263,-0.9443078691290224,0.03251987351476122,-5.3503495398065395,-5.306574642599997,-5.323428379104531,-5.313902837811466
-1.8800661019764568,-0.9443078691290224,0.032528057768268906,-5.3503495398065395,-5.306668180100001,-5.323521266604528,-5.314187462811466
-1.8801800059222642,-0.9442727122540219,0.03254442627528428,-5.350443696056534,-5.306574642599997,-5.323707041604523,-5.313997712811466
-1.8801877286180697,-0.9444133397540236,0.03254033414853044,-5.350255383556545,-5.306668180100001,-5.323521266604528,-5.3137130878114665
-1.8801423606888736,-0.9443078691290224,0.03252396564151506,-5.350443696056534,-5.3069487926000125,-5.323799929104519,-5.313997712811466
-1.880293909868072,-0.9443430260040228,0.03252396564151506,-5.350255383556545,-5.306387567599988,-5.323242604104536,-5.313618212811466
-1.880073824672262,-0.9444682081124143,0.0325226693476945,-5.350255383556545,-5.306761717600005,-5.323614154104526,-5.313997712811466
-1.880119192601458,-0.9443275806124123,0.032528057768268906,-5.350255383556545,-5.30620049259998,-5.323428379104531,-5.313618212811466
-1.8801722832264591,-0.9442221099874109,0.03253214989502275,-5.350255383556545,-5.306574642599997,-5.323521266604528,-5.313807962811467
-1.8801722832264591,-0.9442221099874109,0.03253214989502275,-5.350255383556545,-5.3064811050999925,-5.323521266604528,-5.313807962811467
-1.880119192601458,-0.9443275806124123,0.03251857722094066,-5.350161227306551,-5.306668180100001,-5.323614154104526,-5.313807962811467
-1.880126915297263,-0.9443978943624132,0.03252676147444834,-5.3503495398065395,-5.306668180100001,-5.323707041604523,-5.313807962811467
-1.8799676434222596,-0.9442572668624114,0.0325226693476945,-5.350161227306551,-5.306668180100001,-5.323707041604523,-5.314282337811466
-1.8800815473680674,-0.9443275806124123,0.032530853601202184,-5.350255383556545,-5.306668180100001,-5.323707041604523,-5.313618212811466
-1.8799676434222596,-0.944292423737412,0.032530853601202184,-5.350067071056557,-5.3064811050999925,-5.323614154104526,-5.3137130878114665
-1.8800661019764568,-0.944292423737412,0.03253494572795604,-5.350443696056534,-5.305826342599963,-5.32314971660454,-5.313048962811467
-1.880119192601458,-0.9443275806124123,0.0325226693476945,-5.350443696056534,-5.306668180100001,-5.323521266604528,-5.3137130878114665
-1.8800815473680674,-0.944292423737412,0.032530853601202184,-5.350255383556545,-5.306574642599997,-5.323707041604523,-5.313997712811466
-1.8801423606888736,-0.9443275806124123,0.0325226693476945,-5.350255383556545,-5.305826342599963,-5.323056829104543,-5.313048962811467
-1.8800815473680674,-0.9443275806124123,0.032530853601202184,-5.3503495398065395,-5.306106955099976,-5.323335491604533,-5.3134284628114665
-1.8800815473680674,-0.9443275806124123,0.03251448509418681,-5.350161227306551,-5.306668180100001,-5.323614154104526,-5.313902837811466
-1.8801800059222642,-0.9443978943624132,0.0325226693476945,-5.350161227306551,-5.3064811050999925,-5.323335491604533,-5.313807962811467
-1.8800207340472608,-0.9443627374874128,0.03253903785470988,-5.3503495398065395,-5.306574642599997,-5.323428379104531,-5.313618212811466
-1.880073824672262,-0.9442572668624114,0.03251448509418681,-5.350255383556545,-5.306574642599997,-5.323707041604523,-5.3137130878114665
-1.880073824672262,-0.9443978943624132,0.032530853601202184,-5.350443696056534,-5.306668180100001,-5.323707041604523,-5.313807962811467
-1.8802861871722665,-0.9443275806124123,0.032530853601202184,-5.3503495398065395,-5.306761717600005,-5.323799929104519,-5.313997712811466
-1.8800361794388714,-0.9443978943624132,0.032530853601202184,-5.350255383556545,-5.3064811050999925,-5.323614154104526,-5.313807962811467
-1.880293909868072,-0.9443627374874128,0.032530853601202184,-5.3503495398065395,-5.306574642599997,-5.323335491604533,-5.3137130878114665
-1.8802253738514603,-0.944292423737412,0.032530853601202184,-5.350537852306528,-5.3064811050999925,-5.323521266604528,-5.313807962811467
-1.8801645605306536,-0.9443627374874128,0.03252676147444834,-5.350255383556545,-5.306387567599988,-5.323614154104526,-5.313902837811466
-1.880119192601458,-0.9443978943624132,0.032530853601202184,-5.350443696056534,-5.306668180100001,-5.323521266604528,-5.3137130878114665
-1.8802861871722665,-0.9443978943624132,0.03252676147444834,-5.350161227306551,-5.305919880099967,-5.323242604104536,-5.3134284628114665
-1.880126915297263,-0.9442572668624114,0.03252676147444834,-5.350255383556545,-5.306574642599997,-5.323614154104526,-5.313618212811466
-1.8801877286180697,-0.944292423737412,0.0325226693476945,-5.350067071056557,-5.306294030099984,-5.32314971660454,-5.3134284628114665
-1.8801877286180697,-0.9443627374874128,0.03253494572795604,-5.350255383556545,-5.307042330100017,-5.324078591604511,-5.314282337811466
-1.8800284567430663,-0.9442572668624114,0.0325226693476945,-5.350161227306551,-5.3064811050999925,-5.323428379104531,-5.313902837811466
-1.880126915297263,-0.9442572668624114,0.0325226693476945,-5.3503495398065395,-5.3064811050999925,-5.323614154104526,-5.3137130878114665
-1.8801800059222642,-0.9443627374874128,0.03251857722094066,-5.350161227306551,-5.305919880099967,-5.322685279104553,-5.312954087811467
-1.880119192601458,-0.9443275806124123,0.03253494572795604,-5.350161227306551,-5.306294030099984,-5.323428379104531,-5.3134284628114665
-1.880126915297263,-0.944292423737412,0.0325226693476945,-5.350443696056534,-5.3064811050999925,-5.323521266604528,-5.313618212811466
-1.8802330965472653,-0.9443978943624132,0.03253903785470988,-5.350255383556545,-5.306668180100001,-5.323799929104519,-5.3137130878114665
-1.880126915297263,-0.9443978943624132,0.03253494572795604,-5.350443696056534,-5.306106955099976,-5.322963941604545,-5.3134284628114665
-1.8801346379930686,-0.9443275806124123,0.0325226693476945,-5.350067071056557,-5.306387567599988,-5.323521266604528,-5.313807962811467
-1.8801800059222642,-0.9443275806124123,0.032530853601202184,-5.350443696056534,-5.306668180100001,-5.323521266604528,-5.3134284628114665
-1.880126915297263,-0.9443627374874128,0.0325226693476945,-5.350161227306551,-5.306761717600005,-5.323428379104531,-5.313807962811467
-1.8801722832264591,-0.9443978943624132,0.032530853601202184,-5.350255383556545,-5.306668180100001,-5.323707041604523,-5.314092587811466
-1.880119192601458,-0.9442572668624114,0.0325226693476945,-5.350161227306551,-5.307322942600029,-5.324171479104509,-5.314472087811466
-1.880126915297263,-0.9443275806124123,0.03253903785470988,-5.350632008556522,-5.306855255100009,-5.323799929104519,-5.313618212811466
-1.8803923684222688,-0.9444330512374137,0.03253903785470988,-5.350443696056534,-5.306668180100001,-5.323799929104519,-5.313902837811466
-1.8799753661180651,-0.944292423737412,0.0325226693476945,-5.350067071056557,-5.306855255100009,-5.323614154104526,-5.313618212811466
-1.8802408192430708,-0.9443275806124123,0.03252676147444834,-5.350537852306528,-5.306855255100009,-5.323335491604533,-5.313618212811466
-1.880126915297263,-0.9443275806124123,0.03253903785470988,-5.3503495398065395,-5.306387567599988,-5.323428379104531,-5.313807962811467
-1.880126915297263,-0.9444330512374137,0.032530853601202184,-5.3503495398065395,-5.306106955099976,-5.323242604104536,-5.313523337811467
-1.8801722832264591,-0.944292423737412,0.03252676147444834,-5.3503495398065395,-5.3064811050999925,-5.323521266604528,-5.313997712811466
-1.8801800059222642,-0.944292423737412,0.03253494572795604,-5.3503495398065395,-5.307510017600038,-5.324728804104492,-5.314661837811466
-1.880126915297263,-0.9443275806124123,0.03253494572795604,-5.350537852306528,-5.306387567599988,-5.323335491604533,-5.313523337811467
-1.8801346379930686,-0.9442221099874109,0.03253494572795604,-5.350255383556545,-5.306855255100009,-5.323614154104526,-5.313807962811467
-1.8800815473680674,-0.9443275806124123,0.032530853601202184,-5.350255383556545,-5.3064811050999925,-5.323428379104531,-5.3137130878114665
-1.8802861871722665,-0.9443978943624132,0.03253903785470988,-5.350067071056557,-5.306761717600005,-5.323521266604528,-5.313618212811466
-1.8800207340472608,-0.9442572668624114,0.0325226693476945,-5.350255383556545,-5.306294030099984,-5.323428379104531,-5.313618212811466
-1.8802253738514603,-0.944292423737412,0.032530853601202184,-5.350443696056534,-5.306855255100009,-5.323614154104526,-5.313807962811467
-1.8802253738514603,-0.9443978943624132,0.03251857722094066,-5.3503495398065395,-5.306855255100009,-5.323707041604523,-5.313902837811466
-1.8802330965472653,-0.9443627374874128,0.032530853601202184,-5.3503495398065395,-5.306761717600005,-5.323799929104519,-5.313997712811466
-1.880126915297263,-0.9443275806124123,0.0325226693476945,-5.350161227306551,-5.306761717600005,-5.323614154104526,-5.313618212811466
-1.8802408192430708,-0.9443627374874128,0.032530853601202184,-5.350067071056557,-5.306668180100001,-5.323614154104526,-5.313902837811466
-1.8802330965472653,-0.9444682081124143,0.032530853601202184,-5.350443696056534,-5.306668180100001,-5.323614154104526,-5.313902837811466
-1.8802330965472653,-0.9443627374874128,0.032530853601202184,-5.3503495398065395,-5.306668180100001,-5.323614154104526,-5.313807962811467
-1.880119192601458,-0.9443275806124123,0.03252676147444834,-5.350443696056534,-5.306761717600005,-5.323614154104526,-5.313902837811466
-1.880126915297263,-0.9442572668624114,0.032530853601202184,-5.3503495398065395,-5.307322942600029,-5.323985704104514,-5.314187462811466
-1.880126915297263,-0.9443275806124123,0.03253494572795604,-5.350537852306528,-5.306668180100001,-5.323614154104526,-5.313807962811467
-1.880293909868072,-0.944292423737412,0.032530853601202184,-5.3503495398065395,-5.306761717600005,-5.323799929104519,-5.313807962811467
-1.880293909868072,-0.9443627374874128,0.03253494572795604,-5.350255383556545,-5.306574642599997,-5.323707041604523,-5.313618212811466
-1.880126915297263,-0.9443627374874128,0.03253903785470988,-5.350255383556545,-5.306761717600005,-5.323614154104526,-5.313807962811467
-1.8800661019764568,-0.9443275806124123,0.032530853601202184,-5.350255383556545,-5.306574642599997,-5.323614154104526,-5.313902837811466
-1.8801722832264591,-0.9444330512374137,0.03253494572795604,-5.350443696056534,-5.3064811050999925,-5.323707041604523,-5.313807962811467
-1.880119192601458,-0.9443275806124123,0.032530853601202184,-5.3503495398065395,-5.3064811050999925,-5.323614154104526,-5.3137130878114665
-1.880073824672262,-0.9442572668624114,0.032530853601202184,-5.350255383556545,-5.306855255100009,-5.323614154104526,-5.313807962811467
-1.8802408192430708,-0.9444330512374137,0.03253494572795604,-5.350255383556545,-5.3069487926000125,-5.323614154104526,-5.313902837811466
-1.880293909868072,-0.944292423737412,0.03252676147444834,-5.3503495398065395,-5.306668180100001,-5.323614154104526,-5.313902837811466
-1.8801877286180697,-0.9443978943624132,0.03253494572795604,-5.350255383556545,-5.306574642599997,-5.323428379104531,-5.313902837811466
-1.8802861871722665,-0.9443275806124123,0.032530853601202184,-5.350161227306551,-5.3064811050999925,-5.323428379104531,-5.3137130878114665
-1.8800661019764568,-0.9443627374874128,0.03251857722094066,-5.350443696056534,-5.306574642599997,-5.323521266604528,-5.313902837811466
-1.8802253738514603,-0.9443275806124123,0.03253494572795604,-5.350443696056534,-5.3064811050999925,-5.323521266604528,-5.313807962811467
-1.880119192601458,-0.9443275806124123,0.03253494572795604,-5.350443696056534,-5.307229405100025,-5.324357254104502,-5.314566962811465
-1.8800815473680674,-0.9442572668624114,0.03251857722094066,-5.350443696056534,-5.306855255100009,-5.323614154104526,-5.313902837811466
-1.8801346379930686,-0.9443627374874128,0.032530853601202184,-5.350255383556545,-5.306574642599997,-5.323428379104531,-5.3137130878114665
-1.880293909868072,-0.9443275806124123,0.032530853601202184,-5.350255383556545,-5.306668180100001,-5.323614154104526,-5.3137130878114665
-1.880126915297263,-0.9443275806124123,0.032530853601202184,-5.350161227306551,-5.3069487926000125,-5.323614154104526,-5.313902837811466
-1.8801722832264591,-0.9443627374874128,0.032530853601202184,-5.350255383556545,-5.306387567599988,-5.323428379104531,-5.3137130878114665
-1.8800130113514557,-0.9443275806124123,0.03251857722094066,-5.350161227306551,-5.306761717600005,-5.323614154104526,-5.313807962811467
-1.8803315551014625,-0.944292423737412,0.0325226693476945,-5.350255383556545,-5.306106955099976,-5.322871054104548,-5.313143837811467
-1.8802784644764614,-0.944292423737412,0.0325226693476945,-5.350255383556545,-5.306574642599997,-5.323614154104526,-5.313807962811467
-1.8801722832264591,-0.9443275806124123,0.0325226693476945,-5.3503495398065395,-5.306294030099984,-5.323242604104536,-5.3134284628114665
-1.8802253738514603,-0.9443275806124123,0.03253903785470988,-5.350537852306528,-5.306668180100001,-5.323521266604528,-5.3137130878114665
-1.880119192601458,-0.944292423737412,0.032528057768268906,-5.3503495398065395,-5.306574642599997,-5.323614154104526,-5.313997712811466
-1.8801722832264591,-0.9442572668624114,0.03253344618884331,-5.350067071056557,-5.30620049259998,-5.323614154104526,-5.313807962811467
-1.8803846457264637,-0.9443978943624132,0.03253344618884331,-5.3503495398065395,-5.3064811050999925,-5.323335491604533,-5.3137130878114665
-1.8800661019764568,-0.944292423737412,0.03253753831559715,-5.350255383556545,-5.3069487926000125,-5.323614154104526,-5.314187462811466
-1.8801722832264591,-0.9443978943624132,0.03252935406208947,-5.3503495398065395,-5.306574642599997,-5.323428379104531,-5.313902837811466
-1.880119192601458,-0.9443275806124123,0.03253344618884331,-5.349972914806563,-5.306668180100001,-5.323614154104526,-5.3137130878114665
-1.8801722832264591,-0.9443275806124123,0.032521169808581774,-5.350067071056557,-5.3064811050999925,-5.323614154104526,-5.3137130878114665
-1.8800661019764568,-0.9443275806124123,0.03253344618884331,-5.350067071056557,-5.306855255100009,-5.323707041604523,-5.313902837811466
-1.8800661019764568,-0.9444682081124143,0.03253753831559715,-5.350161227306551,-5.306668180100001,-5.323707041604523,-5.313902837811466
-1.8800661019764568,-0.9443275806124123,0.03252935406208947,-5.350067071056557,-5.306574642599997,-5.323614154104526,-5.313997712811466
-1.880119192601458,-0.944292423737412,0.032525261935335614,-5.350161227306551,-5.306761717600005,-5.323707041604523,-5.313807962811467
-1.8802784644764614,-0.9443275806124123,0.03252935406208947,-5.350255383556545,-5.306574642599997,-5.323428379104531,-5.3137130878114665
-1.880119192601458,-0.9443275806124123,0.03253753831559715,-5.350255383556545,-5.3064811050999925,-5.323335491604533,-5.3137130878114665
-1.8801722832264591,-0.9443275806124123,0.03253344618884331,-5.350443696056534,-5.3064811050999925,-5.323521266604528,-5.3137130878114665
-1.8802253738514603,-0.944292423737412,0.03253344618884331,-5.3503495398065395,-5.306855255100009,-5.323521266604528,-5.313807962811467
-1.8802784644764614,-0.9443627374874128,0.03251707768182793,-5.350255383556545,-5.306574642599997,-5.323521266604528,-5.313902837811466
-1.8801722832264591,-0.9443275806124123,0.03253344618884331,-5.350067071056557,-5.306668180100001,-5.323707041604523,-5.313902837811466
-1.880119192601458,-0.9443627374874128,0.03253753831559715,-5.3503495398065395,-5.3064811050999925,-5.323614154104526,-5.313807962811467
-1.8801722832264591,-0.944292423737412,0.03253344618884331,-5.350255383556545,-5.306855255100009,-5.323521266604528,-5.313807962811467
-1.880119192601458,-0.9443275806124123,0.03253344618884331,-5.3503495398065395,-5.306574642599997,-5.323707041604523,-5.313997712811466
-1.8800661019764568,-0.9442572668624114,0.03253753831559715,-5.350255383556545,-5.3064811050999925,-5.323614154104526,-5.313902837811466
-1.8801722832264591,-0.9443275806124123,0.03253344618884331,-5.3503495398065395,-5.306668180100001,-5.323428379104531,-5.313807962811467
-1.8801722832264591,-0.9442572668624114,0.03253344618884331,-5.3503495398065395,-5.306668180100001,-5.323614154104526,-5.3137130878114665
-1.8802784644764614,-0.9444330512374137,0.03253753831559715,-5.350255383556545,-5.30620049259998,-5.322871054104548,-5.3134284628114665
-1.8800661019764568,-0.944292423737412,0.03253344618884331,-5.350161227306551,-5.306855255100009,-5.323614154104526,-5.313902837811466
-1.8801722832264591,-0.9443275806124123,0.03252935406208947,-5.350255383556545,-5.306761717600005,-5.323335491604533,-5.313997712811466
-1.8801722832264591,-0.9443275806124123,0.03252935406208947,-5.350443696056534,-5.306855255100009,-5.323521266604528,-5.313618212811466
-1.8801722832264591,-0.944292423737412,0.03252935406208947,-5.350443696056534,-5.306574642599997,-5.323614154104526,-5.313807962811467
-1.8801722832264591,-0.944292423737412,0.03252935406208947,-5.349878758556569,-5.306668180100001,-5.323428379104531,-5.313523337811467
-1.880119192601458,-0.9443978943624132,0.032525261935335614,-5.350255383556545,-5.306761717600005,-5.323614154104526,-5.313902837811466
-1.8800661019764568,-0.9443275806124123,0.032525261935335614,-5.350255383556545,-5.306668180100001,-5.323614154104526,-5.314092587811466
-1.8801722832264591,-0.9443275806124123,0.03253344618884331,-5.350632008556522,-5.306855255100009,-5.323428379104531,-5.313618212811466
-1.880119192601458,-0.9443978943624132,0.03253753831559715,-5.350161227306551,-5.3064811050999925,-5.323428379104531,-5.3137130878114665
-1.8800661019764568,-0.944292423737412,0.03253344618884331,-5.350067071056557,-5.306574642599997,-5.323614154104526,-5.313902837811466
-1.8800130113514557,-0.9442572668624114,0.03253344618884331,-5.350161227306551,-5.3064811050999925,-5.323335491604533,-5.3134284628114665
-1.880119192601458,-0.9443275806124123,0.03253753831559715,-5.350537852306528,-5.307510017600038,-5.324357254104502,-5.314661837811466
-1.880119192601458,-0.9443275806124123,0.03253753831559715,-5.350255383556545,-5.306574642599997,-5.323335491604533,-5.313807962811467
-1.880119192601458,-0.9443627374874128,0.03253344618884331,-5.350255383556545,-5.307135867600021,-5.324171479104509,-5.314566962811465
-1.8800661019764568,-0.9443275806124123,0.032525261935335614,-5.350255383556545,-5.307042330100017,-5.323985704104514,-5.313902837811466
-1.8801722832264591,-0.9443627374874128,0.03253753831559715,-5.350161227306551,-5.306855255100009,-5.323335491604533,-5.313902837811466
-1.8801722832264591,-0.9443627374874128,0.032525261935335614,-5.350255383556545,-5.3064811050999925,-5.323521266604528,-5.313807962811467
-1.8802784644764614,-0.9443275806124123,0.03253753831559715,-5.350255383556545,-5.306574642599997,-5.323521266604528,-5.313807962811467
-1.8800661019764568,-0.944292423737412,0.032541630442351005,-5.350067071056557,-5.30620049259998,-5.323242604104536,-5.313523337811467
-1.8802253738514603,-0.9443275806124123,0.03253344618884331,-5.350443696056534,-5.307603555100042,-5.324543029104497,-5.314566962811465
-1.8802253738514603,-0.9443275806124123,0.03253344618884331,-5.350255383556545,-5.307884167600054,-5.324635916604494,-5.314756712811466
-1.8800661019764568,-0.944292423737412,0.03253344618884331,-5.350443696056534,-5.3064811050999925,-5.323707041604523,-5.313618212811466
-1.8801722832264591,-0.9443275806124123,0.03253344618884331,-5.350632008556522,-5.306761717600005,-5.323614154104526,-5.313902837811466
-1.880119192601458,-0.944292423737412,0.03253344618884331,-5.350443696056534,-5.307042330100017,-5.323985704104514,-5.313902837811466
-1.8801722832264591,-0.944292423737412,0.03252935406208947,-5.350255383556545,-5.306294030099984,-5.322685279104553,-5.313143837811467
-1.8802253738514603,-0.9443275806124123,0.03253344618884331,-5.350255383556545,-5.306574642599997,-5.323428379104531,-5.313807962811467
-1.8800661019764568,-0.9443627374874128,0.032525261935335614,-5.350067071056557,-5.306761717600005,-5.323707041604523,-5.313618212811466
-1.880119192601458,-0.9443627374874128,0.032545722569104846,-5.3503495398065395,-5.306761717600005,-5.323614154104526,-5.313902837811466
-1.8802253738514603,-0.9442572668624114,0.03252935406208947,-5.350255383556545,-5.307510017600038,-5.324264366604506,-5.314661837811466
-1.8800661019764568,-0.9443275806124123,0.03253344618884331,-5.350255383556545,-5.306574642599997,-5.323521266604528,-5.313807962811467
-1.8802784644764614,-0.9444330512374137,0.03252935406208947,-5.350537852306528,-5.306855255100009,-5.323521266604528,-5.313807962811467
-1.8800661019764568,-0.9443275806124123,0.03252935406208947,-5.350067071056557,-5.3069487926000125,-5.323799929104519,-5.313997712811466
-1.8799599207264546,-0.9442572668624114,0.03253344618884331,-5.349878758556569,-5.306761717600005,-5.323614154104526,-5.313902837811466
-1.8800661019764568,-0.9443978943624132,0.03253753831559715,-5.350161227306551,-5.30573280509996,-5.3224995041045595,-5.312669462811467
-1.8800661019764568,-0.944292423737412,0.03253753831559715,-5.350255383556545,-5.306761717600005,-5.323707041604523,-5.313807962811467
-1.8800661019764568,-0.9442572668624114,0.03253344618884331,-5.350161227306551,-5.306668180100001,-5.323335491604533,-5.313807962811467
-1.8802253738514603,-0.9442572668624114,0.03253344618884331,-5.3503495398065395,-5.306855255100009,-5.323799929104519,-5.313902837811466
-1.8800661019764568,-0.9443275806124123,0.03252935406208947,-5.350161227306551,-5.306668180100001,-5.323707041604523,-5.3137130878114665
-1.8800661019764568,-0.944292423737412,0.03252935406208947,-5.350067071056557,-5.306668180100001,-5.323799929104519,-5.313902837811466
-1.8802253738514603,-0.9443627374874128,0.03253753831559715,-5.3503495398065395,-5.306574642599997,-5.323428379104531,-5.313807962811467
-1.880119192601458,-0.944292423737412,0.03253753831559715,-5.350161227306551,-5.306668180100001,-5.323799929104519,-5.313618212811466
-1.880119192601458,-0.9443275806124123,0.032521169808581774,-5.350255383556545,-5.306574642599997,-5.323521266604528,-5.313523337811467
-1.8800661019764568,-0.9443978943624132,0.03253344618884331,-5.3503495398065395,-5.306668180100001,-5.323614154104526,-5.313807962811467
-1.8800661019764568,-0.9442221099874109,0.032525261935335614,-5.350255383556545,-5.306668180100001,-5.323799929104519,-5.313997712811466
-1.8802253738514603,-0.9443275806124123,0.03252935406208947,-5.350255383556545,-5.306574642599997,-5.323428379104531,-5.313997712811466
-1.8801722832264591,-0.9443275806124123,0.032541630442351005,-5.350161227306551,-5.306387567599988,-5.32314971660454,-5.313807962811467
-1.8802253738514603,-0.9443627374874128,0.032521169808581774,-5.3503495398065395,-5.306668180100001,-5.323985704104514,-5.313997712811466
-1.8802253738514603,-0.9444407739332189,0.03253344618884331,-5.3503495398065395,-5.306668180100001,-5.323521266604528,-5.313807962811467
-1.8801722832264591,-0.9443978943624132,0.03253753831559715,-5.3503495398065395,-5.306574642599997,-5.323428379104531,-5.3137130878114665
-1.880119192601458,-0.9443275806124123,0.03252935406208947,-5.350067071056557,-5.306855255100009,-5.323614154104526,-5.313902837811466
-1.8801722832264591,-0.9443978943624132,0.03253753831559715,-5.350255383556545,-5.306574642599997,-5.323614154104526,-5.313997712811466
-1.880119192601458,-0.9443275806124123,0.03253344618884331,-5.350255383556545,-5.306761717600005,-5.323521266604528,-5.313997712811466
-1.8801722832264591,-0.9442572668624114,0.03252935406208947,-5.3503495398065395,-5.306855255100009,-5.323614154104526,-5.3137130878114665
-1.880119192601458,-0.9443627374874128,0.03253753831559715,-5.350443696056534,-5.30573280509996,-5.322685279104553,-5.313048962811467
-1.8802253738514603,-0.9443275806124123,0.03253344618884331,-5.350443696056534,-5.306855255100009,-5.323614154104526,-5.313902837811466
-1.8801722832264591,-0.944292423737412,0.032525261935335614,-5.350255383556545,-5.306668180100001,-5.323428379104531,-5.313807962811467
-1.8801722832264591,-0.9443627374874128,0.03253344618884331,-5.3503495398065395,-5.306855255100009,-5.323799929104519,-5.313807962811467
-1.8802784644764614,-0.944370460183218,0.03253753831559715,-5.350443696056534,-5.306668180100001,-5.323707041604523,-5.313997712811466
-1.880119192601458,-0.9443353033082175,0.03253344618884331,-5.350161227306551,-5.306668180100001,-5.323614154104526,-5.3137130878114665
-1.8803846457264637,-0.944370460183218,0.032541630442351005,-5.350255383556545,-5.306668180100001,-5.323614154104526,-5.313902837811466
-1.8801722832264591,-0.9443001464332171,0.032545722569104846,-5.350161227306551,-5.306668180100001,-5.323242604104536,-5.313618212811466
-1.8802784644764614,-0.9444056170582183,0.03253344618884331,-5.3503495398065395,-5.306855255100009,-5.323707041604523,-5.313902837811466
-1.8801722832264591,-0.9443353033082175,0.03253344618884331,-5.350443696056534,-5.306574642599997,-5.323428379104531,-5.313997712811466
-1.8802784644764614,-0.9443353033082175,0.032541630442351005,-5.350255383556545,-5.306574642599997,-5.323428379104531,-5.313997712811466
-1.8802253738514603,-0.9443353033082175,0.03253753831559715,-5.350537852306528,-5.3064811050999925,-5.323428379104531,-5.313807962811467
-1.880119192601458,-0.9443353033082175,0.032541630442351005,-5.350537852306528,-5.30573280509996,-5.322685279104553,-5.312859212811468
-1.8802253738514603,-0.9443001464332171,0.03252935406208947,-5.350537852306528,-5.306574642599997,-5.323614154104526,-5.313807962811467
-1.8801722832264591,-0.9444056170582183,0.03253753831559715,-5.350443696056534,-5.306668180100001,-5.323707041604523,-5.313618212811466
-1.8800661019764568,-0.9442572668624114,0.03252935406208947,-5.350067071056557,-5.306761717600005,-5.323521266604528,-5.314092587811466
-1.880119192601458,-0.9443353033082175,0.03253344618884331,-5.350255383556545,-5.306668180100001,-5.323428379104531,-5.313807962811467
-1.8801722832264591,-0.944292423737412,0.03253753831559715,-5.350067071056557,-5.3069487926000125,-5.323985704104514,-5.314377212811466
-1.880119192601458,-0.9443353033082175,0.03253344618884331,-5.3503495398065395,-5.306668180100001,-5.323521266604528,-5.313997712811466
-1.8801722832264591,-0.9443001464332171,0.032521169808581774,-5.350443696056534,-5.306668180100001,-5.323614154104526,-5.313902837811466
-1.880119192601458,-0.9441946758082157,0.032541630442351005,-5.350067071056557,-5.306668180100001,-5.323521266604528,-5.314187462811466
-1.8801722832264591,-0.944370460183218,0.03253344618884331,-5.350255383556545,-5.307229405100025,-5.324357254104502,-5.314377212811466
-1.8802253738514603,-0.9443978943624132,0.032541630442351005,-5.3503495398065395,-5.306668180100001,-5.323335491604533,-5.313807962811467
-1.880119192601458,-0.9444407739332189,0.032541630442351005,-5.3503495398065395,-5.307510017600038,-5.324543029104497,-5.314756712811466
-1.8801722832264591,-0.944370460183218,0.03253753831559715,-5.350067071056557,-5.306761717600005,-5.323707041604523,-5.313997712811466
-1.8802784644764614,-0.9443001464332171,0.032525261935335614,-5.350255383556545,-5.306013417599972,-5.322963941604545,-5.3134284628114665
-1.8802784644764614,-0.9443353033082175,0.03253344618884331,-5.350726164806516,-5.306761717600005,-5.323428379104531,-5.313807962811467
-1.8802784644764614,-0.944370460183218,0.03252935406208947,-5.350537852306528,-5.307042330100017,-5.323614154104526,-5.313997712811466
-1.8801722832264591,-0.944370460183218,0.03251707768182793,-5.350443696056534,-5.306668180100001,-5.323428379104531,-5.313618212811466
-1.880119192601458,-0.944370460183218,0.03253344618884331,-5.350255383556545,-5.307135867600021,-5.323985704104514,-5.314187462811466
-1.8802253738514603,-0.9443001464332171,0.03253753831559715,-5.350255383556545,-5.306668180100001,-5.323521266604528,-5.3137130878114665
-1.8802784644764614,-0.9444682081124143,0.03253344618884331,-5.350537852306528,-5.306761717600005,-5.323614154104526,-5.313523337811467
-1.8800661019764568,-0.9443353033082175,0.032525261935335614,-5.350161227306551,-5.307229405100025,-5.324450141604499,-5.314472087811466
-1.8801722832264591,-0.9444056170582183,0.03253344618884331,-5.350255383556545,-5.306668180100001,-5.323707041604523,-5.313997712811466
-1.880119192601458,-0.9443001464332171,0.03252935406208947,-5.350632008556522,-5.306761717600005,-5.323614154104526,-5.313997712811466
-1.880119192601458,-0.9444407739332189,0.03253344618884331,-5.350255383556545,-5.306387567599988,-5.323799929104519,-5.313997712811466
-1.8801722832264591,-0.9443353033082175,0.03253344618884331,-5.350255383556545,-5.306574642599997,-5.323335491604533,-5.3137130878114665
-1.880119192601458,-0.9444056170582183,0.03253344618884331,-5.3503495398065395,-5.306387567599988,-5.323521266604528,-5.3137130878114665
-1.8801722832264591,-0.9443353033082175,0.032525261935335614,-5.350161227306551,-5.306668180100001,-5.323614154104526,-5.313997712811466
-1.880119192601458,-0.9443353033082175,0.03253344618884331,-5.350067071056557,-5.306855255100009,-5.323521266604528,-5.313997712811466
-1.8803315551014625,-0.944370460183218,0.032525261935335614,-5.3503495398065395,-5.3069487926000125,-5.323985704104514,-5.314282337811466
-1.8800661019764568,-0.9443001464332171,0.032525261935335614,-5.350067071056557,-5.306761717600005,-5.323428379104531,-5.313807962811467
-1.8801722832264591,-0.9444056170582183,0.03253344618884331,-5.350161227306551,-5.306668180100001,-5.323614154104526,-5.313807962811467
-1.8800130113514557,-0.9443001464332171,0.03253344618884331,-5.350255383556545,-5.306761717600005,-5.323799929104519,-5.313902837811466
-1.8801722832264591,-0.944370460183218,0.032525261935335614,-5.350255383556545,-5.306761717600005,-5.323799929104519,-5.313902837811466
-1.8800661019764568,-0.9443001464332171,0.03253344618884331,-5.350255383556545,-5.306668180100001,-5.323614154104526,-5.313902837811466
-1.8802784644764614,-0.9443353033082175,0.03253753831559715,-5.350632008556522,-5.306761717600005,-5.323614154104526,-5.313902837811466
-1.8800661019764568,-0.9442649895582166,0.03253344618884331,-5.350255383556545,-5.306855255100009,-5.323892816604516,-5.314282337811466
-1.8802784644764614,-0.9444759308082195,0.03253344618884331,-5.350443696056534,-5.307042330100017,-5.323799929104519,-5.313902837811466
-1.8800661019764568,-0.9443001464332171,0.03253344618884331,-5.350067071056557,-5.306761717600005,-5.323707041604523,-5.313902837811466
-1.880119192601458,-0.944370460183218,0.032525261935335614,-5.350255383556545,-5.306761717600005,-5.323521266604528,-5.313807962811467
-1.8802253738514603,-0.9443353033082175,0.03253753831559715,-5.350255383556545,-5.3064811050999925,-5.323614154104526,-5.3137130878114665
-1.8801722832264591,-0.9443001464332171,0.03253344618884331,-5.350255383556545,-5.306668180100001,-5.323707041604523,-5.313902837811466
-1.8801722832264591,-0.9444056170582183,0.03253344618884331,-5.350067071056557,-5.306668180100001,-5.323614154104526,-5.313807962811467
-1.880119192601458,-0.9443001464332171,0.03253344618884331,-5.3503495398065395,-5.3064811050999925,-5.323614154104526,-5.3137130878114665
-1.8801722832264591,-0.9444407739332189,0.032525261935335614,-5.350161227306551,-5.3064811050999925,-5.323242604104536,-5.313333587811467
-1.8801722832264591,-0.9444056170582183,0.03255390682261254,-5.350255383556545,-5.306668180100001,-5.323614154104526,-5.314092587811466
-1.8800661019764568,-0.9444056170582183,0.03253344618884331,-5.350255383556545,-5.30620049259998,-5.323056829104543,-5.3134284628114665
-1.66875680876105,-0.8406427781149961,0.05552239072522362,-4.766075474880439,-4.721933010534229,-4.748282410223352,-4.7341698353676165
-1.6688253447776618,-0.840615343935801,0.05553466710548516,-4.766169631130433,-4.722120085534238,-4.748282410223352,-4.7338852103676174
-1.6688861580984682,-0.8405604755774104,0.05551829859846978,-4.7657930061304565,-4.722120085534238,-4.748189522723354,-4.734359585367617
-1.6689392487234693,-0.8406307893274115,0.05552239072522362,-4.765887162380451,-4.721839473034225,-4.748282410223352,-4.734074960367616
-1.6687191635276595,-0.8405879097566057,0.05551829859846978,-4.765981318630445,-4.721652398034217,-4.748282410223352,-4.733980085367618
-1.6687722541526606,-0.8405879097566057,0.05551420647171593,-4.766169631130433,-4.721839473034225,-4.748561072723344,-4.7341698353676165
-1.6688176220818565,-0.8406230666316062,0.05552239072522362,-4.766075474880439,-4.721933010534229,-4.748282410223352,-4.734264710367617
-1.668605259581852,-0.8406582235066066,0.05551829859846978,-4.766169631130433,-4.721933010534229,-4.748282410223352,-4.7341698353676165
-1.6687645314568553,-0.840615343935801,0.05552648285197746,-4.765981318630445,-4.722026548034234,-4.748282410223352,-4.7341698353676165
-1.6686129822776572,-0.8407208145608022,0.05552648285197746,-4.765981318630445,-4.721839473034225,-4.748282410223352,-4.7341698353676165
-1.6689392487234693,-0.8406230666316062,0.05551829859846978,-4.766075474880439,-4.723055460534279,-4.749582835223313,-4.735213460367616
-1.66873460891927,-0.8405527528816051,0.05553057497873132,-4.765981318630445,-4.722026548034234,-4.748282410223352,-4.734074960367616
-1.6687645314568553,-0.8406582235066066,0.05552239072522362,-4.765981318630445,-4.721745935534221,-4.748282410223352,-4.733980085367618
-1.668703718136049,-0.8406933803816071,0.05551420647171593,-4.765887162380451,-4.721745935534221,-4.748282410223352,-4.733980085367618
-1.6685898141902413,-0.8406505008108013,0.05552239072522362,-4.765698849880462,-4.722120085534238,-4.748282410223352,-4.7341698353676165
-1.668605259581852,-0.840615343935801,0.05552239072522362,-4.765981318630445,-4.7214653230342085,-4.747910860223364,-4.733600585367617
-1.6688253447776618,-0.8406230666316062,0.05551829859846978,-4.766357943630421,-4.721839473034225,-4.748468185223347,-4.734359585367617
-1.668833067473467,-0.8406505008108013,0.05553057497873132,-4.766169631130433,-4.7212782480342,-4.747260647723383,-4.733221085367617
-1.6689392487234693,-0.8406427781149961,0.05551420647171593,-4.765981318630445,-4.722681310534262,-4.748839735223335,-4.735118585367616
-1.6686207049734625,-0.840713091864997,0.05552239072522362,-4.765981318630445,-4.721745935534221,-4.748189522723354,-4.733980085367618
-1.6688253447776618,-0.8406505008108013,0.05551829859846978,-4.765981318630445,-4.722026548034234,-4.748561072723344,-4.734359585367617
-1.6686506275110478,-0.8405879097566057,0.05552239072522362,-4.766075474880439,-4.721745935534221,-4.748468185223347,-4.7341698353676165
-1.6685898141902413,-0.8406582235066066,0.05551829859846978,-4.766075474880439,-4.722120085534238,-4.748375297723349,-4.734359585367617
-1.6688707127068576,-0.8406230666316062,0.05552648285197746,-4.766075474880439,-4.722120085534238,-4.748468185223347,-4.734359585367617
-1.6687722541526606,-0.8406933803816071,0.05552239072522362,-4.766263787380427,-4.721745935534221,-4.748375297723349,-4.7341698353676165
-1.6688938807942735,-0.8406582235066066,0.05551420647171593,-4.766075474880439,-4.721839473034225,-4.748375297723349,-4.733980085367618
-1.6687722541526606,-0.8406933803816071,0.05552648285197746,-4.766075474880439,-4.721839473034225,-4.748468185223347,-4.734074960367616
-1.6688176220818565,-0.8405879097566057,0.05552648285197746,-4.766075474880439,-4.722120085534238,-4.748375297723349,-4.734074960367616
-1.6687114408318542,-0.8406230666316062,0.05551829859846978,-4.766169631130433,-4.722026548034234,-4.748468185223347,-4.7341698353676165
-1.668703718136049,-0.8405879097566057,0.05552239072522362,-4.765981318630445,-4.722213623034241,-4.748375297723349,-4.734264710367617
-1.6688098993860512,-0.8406582235066066,0.05552648285197746,-4.766263787380427,-4.722120085534238,-4.748468185223347,-4.7341698353676165
-1.6687645314568553,-0.8406230666316062,0.05551959489229034,-4.765887162380451,-4.721839473034225,-4.748468185223347,-4.734074960367616
-1.6687645314568553,-0.8406582235066066,0.05553316756637243,-4.765981318630445,-4.722026548034234,-4.748468185223347,-4.734359585367617
-1.6687191635276595,-0.8405879097566057,0.05553316756637243,-4.766357943630421,-4.722120085534238,-4.748282410223352,-4.734264710367617
-1.668833067473467,-0.8405879097566057,0.05552907543961859,-4.765981318630445,-4.721091173034192,-4.747539310223374,-4.733221085367617
-1.668658350206853,-0.8406230666316062,0.05552907543961859,-4.765981318630445,-4.722120085534238,-4.748282410223352,-4.733980085367618
-1.6688098993860512,-0.840615343935801,0.05553316756637243,-4.766075474880439,-4.722213623034241,-4.748746847723337,-4.734359585367617
-1.668703718136049,-0.8406427781149961,0.055524983312864734,-4.765981318630445,-4.722213623034241,-4.748189522723354,-4.733980085367618
-1.6687645314568553,-0.8405724643649952,0.05552089118611089,-4.765981318630445,-4.723055460534279,-4.749211285223325,-4.735023710367615
-1.6688253447776618,-0.8406076212399958,0.05551679905935705,-4.765981318630445,-4.721933010534229,-4.748375297723349,-4.733980085367618
-1.668779976848466,-0.8405724643649952,0.05552907543961859,-4.766075474880439,-4.721745935534221,-4.748189522723354,-4.733980085367618
-1.6687722541526606,-0.840713091864997,0.05553316756637243,-4.766075474880439,-4.722213623034241,-4.748746847723337,-4.7341698353676165
-1.6687191635276595,-0.8406076212399958,0.05552907543961859,-4.766357943630421,-4.721839473034225,-4.748189522723354,-4.7341698353676165
-1.6687191635276595,-0.8405724643649952,0.05551679905935705,-4.766357943630421,-4.720717023034176,-4.746981985223391,-4.7326518353676175
-1.6687114408318542,-0.8406427781149961,0.055524983312864734,-4.765981318630445,-4.722120085534238,-4.748839735223335,-4.734359585367617
-1.6688098993860512,-0.8406076212399958,0.05552907543961859,-4.766075474880439,-4.721933010534229,-4.748375297723349,-4.7341698353676165
-1.6688707127068576,-0.8406076212399958,0.055524983312864734,-4.765887162380451,-4.722213623034241,-4.748746847723337,-4.734359585367617
-1.6687722541526606,-0.8406427781149961,0.05552907543961859,-4.765887162380451,-4.721839473034225,-4.748189522723354,-4.7341698353676165
-1.6686737955984636,-0.8406076212399958,0.05553316756637243,-4.766075474880439,-4.7214653230342085,-4.747910860223364,-4.733695460367617
-1.668878435402663,-0.8406076212399958,0.05552907543961859,-4.766357943630421,-4.721745935534221,-4.748468185223347,-4.734264710367617
-1.6687114408318542,-0.8404669937399938,0.05552089118611089,-4.765981318630445,-4.721839473034225,-4.748561072723344,-4.7341698353676165
-1.6688176220818565,-0.8406427781149961,0.05553725969312627,-4.765981318630445,-4.722120085534238,-4.748468185223347,-4.734359585367617
-1.6686506275110478,-0.8406427781149961,0.05552089118611089,-4.765981318630445,-4.721839473034225,-4.748282410223352,-4.733980085367618
-1.6687645314568553,-0.8406427781149961,0.05552089118611089,-4.765981318630445,-4.721839473034225,-4.748468185223347,-4.7341698353676165
-1.6687645314568553,-0.8406779349899967,0.055524983312864734,-4.766357943630421,-4.721933010534229,-4.748282410223352,-4.733980085367618
-1.6688176220818565,-0.8406427781149961,0.05552368701904418,-4.765981318630445,-4.721839473034225,-4.748282410223352,-4.7341698353676165
-1.6687191635276595,-0.8406427781149961,0.05551959489229034,-4.765981318630445,-4.722026548034234,-4.748375297723349,-4.734359585367617
-1.6688253447776618,-0.8406076212399958,0.05553187127255187,-4.765981318630445,-4.721839473034225,-4.748561072723344,-4.734359585367617
-1.6687114408318542,-0.8406076212399958,0.05553187127255187,-4.765981318630445,-4.722026548034234,-4.748282410223352,-4.734074960367616
-1.668658350206853,-0.8405801870608004,0.055527779145798026,-4.765981318630445,-4.722026548034234,-4.748468185223347,-4.733980085367618
-1.668703718136049,-0.8406505008108013,0.055535963399305714,-4.765981318630445,-4.722681310534262,-4.749211285223325,-4.734928835367617
-1.6689238033318587,-0.8406779349899967,0.055527779145798026,-4.766075474880439,-4.722120085534238,-4.748375297723349,-4.734264710367617
-1.6687191635276595,-0.8406076212399958,0.055527779145798026,-4.766075474880439,-4.721558860534213,-4.747910860223364,-4.733790335367617
-1.6688861580984682,-0.8405801870608004,0.055527779145798026,-4.765981318630445,-4.721745935534221,-4.748468185223347,-4.734264710367617
-1.6688707127068576,-0.8405801870608004,0.05552368701904418,-4.765981318630445,-4.721933010534229,-4.748375297723349,-4.734264710367617
-1.6688176220818565,-0.8405801870608004,0.055527779145798026,-4.765887162380451,-4.7229619230342745,-4.7494899477233155,-4.735498085367615
-1.6686506275110478,-0.8405801870608004,0.05551141063878265,-4.765887162380451,-4.721933010534229,-4.748468185223347,-4.734359585367617
-1.66875680876105,-0.8404395595607986,0.055527779145798026,-4.765981318630445,-4.721933010534229,-4.748561072723344,-4.734074960367616
-1.6688176220818565,-0.840615343935801,0.055527779145798026,-4.766075474880439,-4.722120085534238,-4.748468185223347,-4.7341698353676165
-1.6687114408318542,-0.8405801870608004,0.05552368701904418,-4.765604693630468,-4.722026548034234,-4.748189522723354,-4.7341698353676165
-1.6687114408318542,-0.8406505008108013,0.05553187127255187,-4.766075474880439,-4.721745935534221,-4.748282410223352,-4.734074960367616
-1.6687722541526606,-0.8405801870608004,0.055527779145798026,-4.765981318630445,-4.722681310534262,-4.74902551022333,-4.734928835367617
-1.668931526027664,-0.8406505008108013,0.05554005552605956,-4.766263787380427,-4.722026548034234,-4.748468185223347,-4.7341698353676165
-1.6687645314568553,-0.8406505008108013,0.05551959489229034,-4.765887162380451,-4.7209976355341885,-4.747353535223381,-4.733221085367617
-1.6688176220818565,-0.840615343935801,0.055527779145798026,-4.765887162380451,-4.723055460534279,-4.749582835223313,-4.735308335367616
-1.6688629900110523,-0.840615343935801,0.055535963399305714,-4.766075474880439,-4.721745935534221,-4.748096635223357,-4.7341698353676165
-1.6688176220818565,-0.8406505008108013,0.055527779145798026,-4.766169631130433,-4.721933010534229,-4.748561072723344,-4.7341698353676165
-1.668658350206853,-0.840615343935801,0.05553187127255187,-4.766169631130433,-4.721745935534221,-4.748468185223347,-4.733980085367618
-1.6688253447776618,-0.840615343935801,0.05554414765281341,-4.766075474880439,-4.721839473034225,-4.748468185223347,-4.734074960367616
-1.6688253447776618,-0.840615343935801,0.055527779145798026,-4.766075474880439,-4.721933010534229,-4.748189522723354,-4.7341698353676165
-1.6688176220818565,-0.8406505008108013,0.055527779145798026,-4.766075474880439,-4.722213623034241,-4.748468185223347,-4.7341698353676165
-1.6688176220818565,-0.8406505008108013,0.055527779145798026,-4.766075474880439,-4.721933010534229,-4.748468185223347,-4.7341698353676165
-1.668703718136049,-0.8406505008108013,0.055527779145798026,-4.765981318630445,-4.722120085534238,-4.748468185223347,-4.734264710367617
-1.6687114408318542,-0.8405450301857998,0.055527779145798026,-4.7657930061304565,-4.724177910534328,-4.750883260223274,-4.736257085367615
-1.6688176220818565,-0.8405801870608004,0.05552368701904418,-4.765981318630445,-4.721933010534229,-4.748189522723354,-4.734264710367617
-1.6687645314568553,-0.8406856576858018,0.055527779145798026,-4.766075474880439,-4.721839473034225,-4.748375297723349,-4.733980085367618
-1.6688253447776618,-0.8406505008108013,0.055535963399305714,-4.766169631130433,-4.722213623034241,-4.748468185223347,-4.7341698353676165
-1.6689238033318587,-0.8406505008108013,0.055527779145798026,-4.765981318630445,-4.721933010534229,-4.748375297723349,-4.7341698353676165
-1.668605259581852,-0.840615343935801,0.055527779145798026,-4.766075474880439,-4.720904098034184,-4.747446422723378,-4.733221085367617
-1.66875680876105,-0.8406505008108013,0.055527779145798026,-4.765887162380451,-4.721839473034225,-4.748468185223347,-4.7341698353676165
-1.668658350206853,-0.8406505008108013,0.055535963399305714,-4.765887162380451,-4.723055460534279,-4.749211285223325,-4.735498085367615
-1.6687114408318542,-0.8407208145608022,0.055535963399305714,-4.766075474880439,-4.721933010534229,-4.748468185223347,-4.734074960367616
-1.6688176220818565,-0.8405801870608004,0.05551959489229034,-4.765981318630445,-4.721371785534204,-4.747725085223369,-4.733600585367617
-1.6688253447776618,-0.8406505008108013,0.055527779145798026,-4.765887162380451,-4.721933010534229,-4.748375297723349,-4.734359585367617
-1.6688253447776618,-0.8406505008108013,0.055527779145798026,-4.765981318630445,-4.721839473034225,-4.748468185223347,-4.7341698353676165
-1.6688176220818565,-0.840615343935801,0.055527779145798026,-4.766075474880439,-4.721745935534221,-4.748096635223357,-4.734074960367616
-1.668605259581852,-0.8406505008108013,0.055527779145798026,-4.7657930061304565,-4.722026548034234,-4.748375297723349,-4.7341698353676165
-1.668703718136049,-0.8405801870608004,0.05553187127255187,-4.765887162380451,-4.721933010534229,-4.748468185223347,-4.7341698353676165
-1.668658350206853,-0.8406505008108013,0.05551959489229034,-4.7657930061304565,-4.721933010534229,-4.748375297723349,-4.7341698353676165
-1.6687645314568553,-0.8406856576858018,0.05553187127255187,-4.766169631130433,-4.721933010534229,-4.748468185223347,-4.734074960367616
-1.6688176220818565,-0.840615343935801,0.05553187127255187,-4.765981318630445,-4.721933010534229,-4.748282410223352,-4.734359585367617
-1.6688253447776618,-0.8406505008108013,0.055535963399305714,-4.765981318630445,-4.722026548034234,-4.748468185223347,-4.734074960367616
-1.6688176220818565,-0.840615343935801,0.05553187127255187,-4.766357943630421,-4.722120085534238,-4.748561072723344,-4.7341698353676165
-1.66875680876105,-0.8405801870608004,0.055527779145798026,-4.765981318630445,-4.722120085534238,-4.748282410223352,-4.734549335367616
-1.6688098993860512,-0.840615343935801,0.055527779145798026,-4.766169631130433,-4.721933010534229,-4.748468185223347,-4.734359585367617
-1.6688176220818565,-0.8406505008108013,0.05552368701904418,-4.765981318630445,-4.722120085534238,-4.748468185223347,-4.734359585367617
-1.6687645314568553,-0.8406856576858018,0.05552368701904418,-4.765887162380451,-4.722213623034241,-4.748282410223352,-4.734074960367616
-1.6687114408318542,-0.8406505008108013,0.05551959489229034,-4.765981318630445,-4.722026548034234,-4.748561072723344,-4.734359585367617
-1.668878435402663,-0.8406856576858018,0.05554005552605956,-4.766357943630421,-4.722120085534238,-4.748468185223347,-4.734264710367617
-1.6688253447776618,-0.8406856576858018,0.055527779145798026,-4.766357943630421,-4.722026548034234,-4.748468185223347,-4.734359585367617
-1.6688253447776618,-0.8406505008108013,0.055527779145798026,-4.765981318630445,-4.722120085534238,-4.748096635223357,-4.734074960367616
-1.6687191635276595,-0.8407208145608022,0.055535963399305714,-4.765981318630445,-4.721933010534229,-4.748282410223352,-4.734264710367617
-1.6688253447776618,-0.8407559714358027,0.055535963399305714,-4.766169631130433,-4.721839473034225,-4.748282410223352,-4.7341698353676165
-1.6687722541526606,-0.8407208145608022,0.05551550276553649,-4.766169631130433,-4.722120085534238,-4.748468185223347,-4.733980085367618
-1.6687114408318542,-0.8405801870608004,0.055527779145798026,-4.7657930061304565,-4.721933010534229,-4.748282410223352,-4.7341698353676165
-1.6688253447776618,-0.8406505008108013,0.055527779145798026,-4.766169631130433,-4.721839473034225,-4.748189522723354,-4.734074960367616
-1.668931526027664,-0.840615343935801,0.05553187127255187,-4.766169631130433,-4.722213623034241,-4.74865396022334,-4.734074960367616
-1.6687191635276595,-0.8406505008108013,0.055527779145798026,-4.766075474880439,-4.721933010534229,-4.748468185223347,-4.7341698353676165
-1.6687722541526606,-0.8407208145608022,0.055535963399305714,-4.766075474880439,-4.722026548034234,-4.748189522723354,-4.734264710367617
-1.6690377072776663,-0.8407559714358027,0.055527779145798026,-4.765981318630445,-4.722587773034258,-4.74902551022333,-4.734644210367616
-1.6688253447776618,-0.840615343935801,0.05552368701904418,-4.765981318630445,-4.721745935534221,-4.748282410223352,-4.733790335367617
-1.668931526027664,-0.840615343935801,0.05552368701904418,-4.766169631130433,-4.721745935534221,-4.748003747723361,-4.7341698353676165
-1.6688253447776618,-0.8406856576858018,0.055527779145798026,-4.766075474880439,-4.723242535534287,-4.749397060223318,-4.7354032103676165
-1.6688253447776618,-0.840615343935801,0.05551959489229034,-4.765981318630445,-4.722120085534238,-4.748468185223347,-4.7341698353676165
-1.6688253447776618,-0.8405801870608004,0.055535963399305714,-4.766169631130433,-4.722587773034258,-4.7493041727233205,-4.734833960367617
-1.6687114408318542,-0.8406505008108013,0.05551959489229034,-4.765981318630445,-4.721839473034225,-4.748468185223347,-4.734264710367617
-1.6688098993860512,-0.8406505008108013,0.05554005552605956,-4.766357943630421,-4.722026548034234,-4.748468185223347,-4.734359585367617
-1.6688098993860512,-0.8406505008108013,0.05552368701904418,-4.766169631130433,-4.7212782480342,-4.747725085223369,-4.733410835367618
-1.6687645314568553,-0.8407208145608022,0.05552368701904418,-4.765981318630445,-4.721091173034192,-4.747725085223369,-4.733790335367617
-1.6687722541526606,-0.8405801870608004,0.055527779145798026,-4.765887162380451,-4.722120085534238,-4.748468185223347,-4.733980085367618
-1.6688253447776618,-0.8405801870608004,0.05552368701904418,-4.766075474880439,-4.722120085534238,-4.748375297723349,-4.734074960367616
-1.6687191635276595,-0.840615343935801,0.05551959489229034,-4.766169631130433,-4.722026548034234,-4.748189522723354,-4.7341698353676165
-1.668878435402663,-0.8406505008108013,0.05551959489229034,-4.766357943630421,-4.721933010534229,-4.74865396022334,-4.7338852103676174
-1.6686129822776572,-0.8405450301857998,0.05553187127255187,-4.766169631130433,-4.721933010534229,-4.748282410223352,-4.734074960367616
-1.668931526027664,-0.840615343935801,0.055527779145798026,-4.765981318630445,-4.722120085534238,-4.748561072723344,-4.734264710367617
-1.6686660729026583,-0.8405801870608004,0.055527779145798026,-4.7657930061304565,-4.721839473034225,-4.748468185223347,-4.734454460367617
-1.6687645314568553,-0.8407208145608022,0.055527779145798026,-4.766169631130433,-4.722120085534238,-4.748561072723344,-4.7341698353676165
-1.6688253447776618,-0.8406856576858018,0.05552368701904418,-4.766075474880439,-4.722026548034234,-4.748189522723354,-4.734074960367616
-1.6687191635276595,-0.840615343935801,0.055527779145798026,-4.765981318630445,-4.721839473034225,-4.748282410223352,-4.734074960367616
-1.6687191635276595,-0.840615343935801,0.055527779145798026,-4.766169631130433,-4.722120085534238,-4.748468185223347,-4.734359585367617
-1.6687191635276595,-0.840615343935801,0.055527779145798026,-4.766169631130433,-4.721933010534229,-4.748468185223347,-4.734359585367617
-1.6688253447776618,-0.840615343935801,0.055535963399305714,-4.765981318630445,-4.7224006980342494,-4.748839735223335,-4.734928835367617
-1.6687191635276595,-0.8406856576858018,0.05553187127255187,-4.765981318630445,-4.721933010534229,-4.748189522723354,-4.734359585367617
-1.6688253447776618,-0.840615343935801,0.05553187127255187,-4.765981318630445,-4.722120085534238,-4.748468185223347,-4.734264710367617
-1.668878435402663,-0.8406856576858018,0.055535963399305714,-4.766169631130433,-4.7214653230342085,-4.747725085223369,-4.733600585367617
-1.6688253447776618,-0.8406856576858018,0.05553187127255187,-4.766075474880439,-4.722120085534238,-4.748561072723344,-4.734074960367616
-1.6687722541526606,-0.8405801870608004,0.055535963399305714,-4.766075474880439,-4.721933010534229,-4.748189522723354,-4.7341698353676165
-1.6686129822776572,-0.8407208145608022,0.055527779145798026,-4.766169631130433,-4.722120085534238,-4.748561072723344,-4.7341698353676165
-1.668878435402663,-0.8407208145608022,0.055527779145798026,-4.766357943630421,-4.722026548034234,-4.748375297723349,-4.7341698353676165
-1.6687722541526606,-0.8406505008108013,0.055527779145798026,-4.766075474880439,-4.722120085534238,-4.748282410223352,-4.734074960367616
-1.668878435402663,-0.8406505008108013,0.05553187127255187,-4.765887162380451,-4.722120085534238,-4.748561072723344,-4.734074960367616
-1.6687191635276595,-0.8405801870608004,0.05552368701904418,-4.766075474880439,-4.722120085534238,-4.748468185223347,-4.734074960367616
-1.6686660729026583,-0.8405801870608004,0.05553187127255187,-4.766169631130433,-4.721745935534221,-4.748189522723354,-4.734074960367616
-1.6688253447776618,-0.8407208145608022,0.05553725969312627,-4.766075474880439,-4.722026548034234,-4.748468185223347,-4.734359585367617
-1.6687722541526606,-0.8405801870608004,0.05553446386019299,-4.766169631130433,-4.722120085534238,-4.748282410223352,-4.7341698353676165
-1.6687191635276595,-0.8407208145608022,0.055530371733439145,-4.765981318630445,-4.721745935534221,-4.748282410223352,-4.7341698353676165
-1.6687191635276595,-0.840615343935801,0.05553855598694683,-4.766169631130433,-4.722120085534238,-4.748282410223352,-4.734264710367617
-1.6687191635276595,-0.840615343935801,0.055530371733439145,-4.765981318630445,-4.722120085534238,-4.748375297723349,-4.7341698353676165
-1.6687191635276595,-0.8405801870608004,0.05551809535317761,-4.765981318630445,-4.722120085534238,-4.748375297723349,-4.734549335367616
-1.668878435402663,-0.8406856576858018,0.05553855598694683,-4.766075474880439,-4.721652398034217,-4.748375297723349,-4.734359585367617
-1.6688253447776618,-0.8405801870608004,0.05553446386019299,-4.766169631130433,-4.7224006980342494,-4.748561072723344,-4.734359585367617
-1.6688253447776618,-0.840615343935801,0.055530371733439145,-4.765887162380451,-4.722026548034234,-4.748561072723344,-4.734264710367617
-1.6687722541526606,-0.840615343935801,0.055522187479931456,-4.7657930061304565,-4.721745935534221,-4.748468185223347,-4.734074960367616
-1.6688253447776618,-0.8407559714358027,0.05553446386019299,-4.766169631130433,-4.721371785534204,-4.747725085223369,-4.733410835367618
-1.6688253447776618,-0.8405801870608004,0.055522187479931456,-4.765981318630445,-4.722026548034234,-4.748468185223347,-4.7341698353676165
-1.6687191635276595,-0.8406505008108013,0.05553855598694683,-4.765981318630445,-4.721933010534229,-4.748282410223352,-4.734074960367616
-1.6688253447776618,-0.840615343935801,0.05553855598694683,-4.765981318630445,-4.722026548034234,-4.748468185223347,-4.734454460367617
-1.6688253447776618,-0.840615343935801,0.05553855598694683,-4.766075474880439,-4.721933010534229,-4.74865396022334,-4.734359585367617
-1.6687191635276595,-0.8406505008108013,0.055530371733439145,-4.765981318630445,-4.722026548034234,-4.748375297723349,-4.734074960367616
-1.6687722541526606,-0.8406856576858018,0.05554264811370068,-4.766075474880439,-4.722120085534238,-4.748839735223335,-4.734359585367617
-1.6686660729026583,-0.8406856576858018,0.05553446386019299,-4.7657930061304565,-4.722026548034234,-4.748468185223347,-4.734074960367616
-1.6688253447776618,-0.840615343935801,0.0555262796066853,-4.7657930061304565,-4.721933010534229,-4.748282410223352,-4.7341698353676165
-1.668878435402663,-0.8405801870608004,0.055530371733439145,-4.766169631130433,-4.721839473034225,-4.748282410223352,-4.734264710367617
-1.6687722541526606,-0.8406856576858018,0.05553446386019299,-4.766075474880439,-4.721839473034225,-4.748375297723349,-4.7341698353676165
-1.6688253447776618,-0.8405450301857998,0.055530371733439145,-4.766075474880439,-4.721933010534229,-4.748282410223352,-4.734264710367617
-1.6686660729026583,-0.8405450301857998,0.055530371733439145,-4.7657930061304565,-4.721933010534229,-4.748468185223347,-4.734359585367617
-1.6687722541526606,-0.8406505008108013,0.05553446386019299,-4.765887162380451,-4.722120085534238,-4.748282410223352,-4.7341698353676165
-1.6686660729026583,-0.840615343935801,0.055530371733439145,-4.765887162380451,-4.722120085534238,-4.74865396022334,-4.734264710367617
-1.6687722541526606,-0.8405801870608004,0.055522187479931456,-4.765887162380451,-4.722120085534238,-4.748468185223347,-4.734454460367617
-1.6687722541526606,-0.8406505008108013,0.05553446386019299,-4.766169631130433,-4.721839473034225,-4.748375297723349,-4.734359585367617
-1.6687191635276595,-0.8405801870608004,0.0555262796066853,-4.7657930061304565,-4.722026548034234,-4.748468185223347,-4.7341698353676165
-1.6688253447776618,-0.8406856576858018,0.055522187479931456,-4.766075474880439,-4.722120085534238,-4.748468185223347,-4.734359585367617
-1.6687191635276595,-0.8406505008108013,0.05553855598694683,-4.765887162380451,-4.722120085534238,-4.748096635223357,-4.734359585367617
-1.6687722541526606,-0.840615343935801,0.0555262796066853,-4.765887162380451,-4.722120085534238,-4.748375297723349,-4.7341698353676165
-1.6688253447776618,-0.8406856576858018,0.055530371733439145,-4.766075474880439,-4.721839473034225,-4.748375297723349,-4.733980085367618
-1.6687191635276595,-0.840615343935801,0.055530371733439145,-4.7657930061304565,-4.722120085534238,-4.748468185223347,-4.734359585367617
-1.6688253447776618,-0.8407559714358027,0.055530371733439145,-4.766357943630421,-4.721745935534221,-4.748282410223352,-4.7341698353676165
-1.6688253447776618,-0.8407208145608022,0.05553855598694683,-4.766169631130433,-4.721558860534213,-4.748003747723361,-4.733410835367618
-1.6687722541526606,-0.840615343935801,0.055530371733439145,-4.7657930061304565,-4.722587773034258,-4.749118397723327,-4.734928835367617
-1.6687722541526606,-0.8406505008108013,0.05553446386019299,-4.766075474880439,-4.722026548034234,-4.748375297723349,-4.7341698353676165
-1.6688253447776618,-0.8407208145608022,0.055530371733439145,-4.766075474880439,-4.721839473034225,-4.748282410223352,-4.7341698353676165
-1.6687722541526606,-0.8406505008108013,0.055530371733439145,-4.766075474880439,-4.721933010534229,-4.748282410223352,-4.7341698353676165
-1.6688253447776618,-0.8406505008108013,0.055530371733439145,-4.765981318630445,-4.721652398034217,-4.748375297723349,-4.7341698353676165
-1.6688253447776618,-0.8406505008108013,0.05553855598694683,-4.766075474880439,-4.721745935534221,-4.748468185223347,-4.734264710367617
-1.6688253447776618,-0.8406505008108013,0.05553855598694683,-4.766169631130433,-4.722026548034234,-4.748375297723349,-4.734264710367617
-1.6687722541526606,-0.8405801870608004,0.05553446386019299,-4.765981318630445,-4.721839473034225,-4.748561072723344,-4.734074960367616
-1.668559891652656,-0.8405450301857998,0.05553855598694683,-4.766075474880439,-4.7224006980342494,-4.748746847723337,-4.734549335367616
-1.6687722541526606,-0.8405801870608004,0.055530371733439145,-4.766169631130433,-4.722120085534238,-4.748468185223347,-4.734359585367617
-1.6688253447776618,-0.8405801870608004,0.05553446386019299,-4.766169631130433,-4.721184710534196,-4.747539310223374,-4.733315960367618
-1.6688253447776618,-0.8405801870608004,0.055522187479931456,-4.7657930061304565,-4.721184710534196,-4.747539310223374,-4.733221085367617
-1.6688253447776618,-0.8405098733107995,0.055530371733439145,-4.766169631130433,-4.721091173034192,-4.747632197723371,-4.733505710367618
-1.668878435402663,-0.840615343935801,0.055530371733439145,-4.766169631130433,-4.721933010534229,-4.748468185223347,-4.734359585367617
-1.6688253447776618,-0.8405801870608004,0.0555262796066853,-4.765981318630445,-4.722026548034234,-4.748282410223352,-4.734359585367617
-1.6688253447776618,-0.8406505008108013,0.055530371733439145,-4.765981318630445,-4.722026548034234,-4.748375297723349,-4.7341698353676165
-1.6688253447776618,-0.8406856576858018,0.05553855598694683,-4.766075474880439,-4.722120085534238,-4.748468185223347,-4.734454460367617
-1.6688253447776618,-0.840615343935801,0.0555262796066853,-4.766075474880439,-4.722120085534238,-4.748282410223352,-4.734074960367616
-1.6687722541526606,-0.8406505008108013,0.05554674024045453,-4.765981318630445,-4.722213623034241,-4.748561072723344,-4.733980085367618
-1.6687191635276595,-0.8405801870608004,0.055530371733439145,-4.766169631130433,-4.721745935534221,-4.748282410223352,-4.7341698353676165
-1.6687191635276595,-0.840615343935801,0.055530371733439145,-4.765981318630445,-4.721652398034217,-4.748096635223357,-4.733221085367617
-1.6687191635276595,-0.8406505008108013,0.055530371733439145,-4.765887162380451,-4.722213623034241,-4.748468185223347,-4.7341698353676165
-1.668931526027664,-0.8405801870608004,0.055522187479931456,-4.766169631130433,-4.7214653230342085,-4.747817972723366,-4.733315960367618
-1.6688253447776618,-0.8406505008108013,0.055530371733439145,-4.766075474880439,-4.722307160534245,-4.748282410223352,-4.7341698353676165
-1.6688253447776618,-0.8405801870608004,0.05553446386019299,-4.766169631130433,-4.721839473034225,-4.748189522723354,-4.7341698353676165
-1.668878435402663,-0.8406505008108013,0.055530371733439145,-4.765981318630445,-4.722120085534238,-4.748468185223347,-4.734454460367617
-1.6686660729026583,-0.840615343935801,0.055530371733439145,-4.765887162380451,-4.722120085534238,-4.748468185223347,-4.734074960367616
-1.668878435402663,-0.840615343935801,0.055530371733439145,-4.766169631130433,-4.721371785534204,-4.747910860223364,-4.733790335367617
-1.6687722541526606,-0.840615343935801,0.055530371733439145,-4.7657930061304565,-4.722120085534238,-4.748561072723344,-4.734359585367617
-1.6688253447776618,-0.8406505008108013,0.0555262796066853,-4.766075474880439,-4.721745935534221,-4.748375297723349,-4.733980085367618
-1.6686129822776572,-0.840615343935801,0.0555262796066853,-4.766075474880439,-4.722026548034234,-4.748375297723349,-4.734264710367617
-1.6688253447776618,-0.8407208145608022,0.055530371733439145,-4.766357943630421,-4.722307160534245,-4.74902551022333,-4.734454460367617
-1.6687722541526606,-0.8406505008108013,0.05553855598694683,-4.765981318630445,-4.721839473034225,-4.748282410223352,-4.734074960367616
-1.6687722541526606,-0.840615343935801,0.055530371733439145,-4.766075474880439,-4.721933010534229,-4.748468185223347,-4.7341698353676165
-1.6688253447776618,-0.840615343935801,0.055530371733439145,-4.765981318630445,-4.721745935534221,-4.748375297723349,-4.7341698353676165
-1.6687191635276595,-0.840615343935801,0.055530371733439145,-4.765981318630445,-4.721933010534229,-4.748561072723344,-4.734074960367616
-1.6688253447776618,-0.8406856576858018,0.0555262796066853,-4.766169631130433,-4.721839473034225,-4.748282410223352,-4.734074960367616
-1.6688253447776618,-0.8406505008108013,0.05553446386019299,-4.7657930061304565,-4.721933010534229,-4.748375297723349,-4.733980085367618
-1.6687722541526606,-0.840615343935801,0.0555262796066853,-4.766357943630421,-4.722120085534238,-4.748468185223347,-4.734264710367617
-1.668878435402663,-0.8406856576858018,0.05553446386019299,-4.766169631130433,-4.721091173034192,-4.747725085223369,-4.733221085367617
-1.6688253447776618,-0.8405450301857998,0.055530371733439145,-4.7657930061304565,-4.7209976355341885,-4.747446422723378,-4.733505710367618
-1.668878435402663,-0.8406505008108013,0.055530371733439145,-4.765887162380451,-4.721839473034225,-4.748468185223347,-4.734264710367617
-1.6687722541526606,-0.8405801870608004,0.055530371733439145,-4.766075474880439,-4.721839473034225,-4.748468185223347,-4.734264710367617
-1.6687191635276595,-0.8407208145608022,0.05553855598694683,-4.765887162380451,-4.722026548034234,-4.748468185223347,-4.734074960367616
-1.6686660729026583,-0.8406856576858018,0.05554674024045453,-4.7657930061304565,-4.722120085534238,-4.748468185223347,-4.734264710367617
-1.6686660729026583,-0.8406505008108013,0.0555262796066853,-4.765887162380451,-4.721839473034225,-4.748282410223352,-4.7341698353676165
-1.6687191635276595,-0.8405801870608004,0.055530371733439145,-4.765887162380451,-4.721933010534229,-4.748189522723354,-4.734264710367617
-1.6687722541526606,-0.840615343935801,0.055522187479931456,-4.7657930061304565,-4.722026548034234,-4.74865396022334,-4.734264710367617
-1.6688253447776618,-0.8406076212399958,0.05553446386019299,-4.765981318630445,-4.721839473034225,-4.748468185223347,-4.734264710367617
-1.6687191635276595,-0.840494427919189,0.055530371733439145,-4.765981318630445,-4.722120085534238,-4.748282410223352,-4.7341698353676165
-1.6688253447776618,-0.8405295847941894,0.055522187479931456,-4.766075474880439,-4.722213623034241,-4.748189522723354,-4.734074960367616
-1.668878435402663,-0.8406702122941914,0.055530371733439145,-4.766169631130433,-4.721933010534229,-4.748561072723344,-4.7341698353676165
-1.6688253447776618,-0.8407053691691917,0.055530371733439145,-4.765981318630445,-4.722213623034241,-4.748561072723344,-4.733980085367618
-1.6688253447776618,-0.8407053691691917,0.055530371733439145,-4.766075474880439,-4.722307160534245,-4.748375297723349,-4.734359585367617
-1.6688253447776618,-0.8406702122941914,0.05553446386019299,-4.765981318630445,-4.722120085534238,-4.748468185223347,-4.734074960367616
-1.6687191635276595,-0.8405998985441905,0.055522187479931456,-4.766075474880439,-4.721933010534229,-4.748282410223352,-4.7341698353676165
-1.6687191635276595,-0.8405998985441905,0.055530371733439145,-4.766075474880439,-4.721652398034217,-4.748468185223347,-4.7338852103676174
-1.6687722541526606,-0.8405998985441905,0.05553446386019299,-4.766075474880439,-4.722307160534245,-4.748746847723337,-4.7341698353676165
-1.6686660729026583,-0.8406350554191908,0.055530371733439145,-4.766169631130433,-4.7214653230342085,-4.747910860223364,-4.733600585367617
-1.6688253447776618,-0.8407053691691917,0.05553855598694683,-4.765981318630445,-4.721839473034225,-4.748468185223347,-4.734074960367616
-1.6687722541526606,-0.840494427919189,0.05553446386019299,-4.765981318630445,-4.722120085534238,-4.748468185223347,-4.734359585367617
-1.6687191635276595,-0.840494427919189,0.055522187479931456,-4.765981318630445,-4.721839473034225,-4.748282410223352,-4.7341698353676165
-1.4574320701540329,-0.7357046890868765,0.07850853942867064,-4.1872224872584916,-4.145160858077821,-4.172063045287709,-4.157361615814763
-1.4574098703122527,-0.7357124117826817,0.07852900006243987,-4.187599112258468,-4.144880245577808,-4.171784382787717,-4.157361615814763
-1.4574706836330593,-0.7357201344784869,0.07852081580893219,-4.18741079975848,-4.144973783077813,-4.171784382787717,-4.157456490814763
-1.4575923102746722,-0.7357201344784869,0.07852490793568603,-4.187504956008474,-4.144786708077804,-4.171691495287719,-4.157171865814763
-1.4575237742580605,-0.7356575434242913,0.07851672368217834,-4.1871283310084975,-4.144880245577808,-4.171598607787724,-4.157456490814763
-1.4574629609372538,-0.7357904482284878,0.07852490793568603,-4.18741079975848,-4.144973783077813,-4.171784382787717,-4.157551365814762
-1.4574629609372538,-0.7357904482284878,0.07851263155542448,-4.18741079975848,-4.1446931705778,-4.171598607787724,-4.157266740814763
-1.457341334295641,-0.7356772549076813,0.07851672368217834,-4.18741079975848,-4.144973783077813,-4.171784382787717,-4.157551365814762
-1.4574552382414487,-0.7357552913534875,0.07852081580893219,-4.18741079975848,-4.144786708077804,-4.171784382787717,-4.157266740814763
-1.457561419491451,-0.7357630140492928,0.07852490793568603,-4.187504956008474,-4.145067320577817,-4.171784382787717,-4.157456490814763
-1.4574629609372538,-0.7356575434242913,0.07851263155542448,-4.187316643508486,-4.143477183077747,-4.170669732787751,-4.156033365814764
-1.4575768648830616,-0.7356849776034866,0.07851263155542448,-4.18741079975848,-4.144786708077804,-4.171505720287726,-4.157171865814763
-1.4574175930080582,-0.7358607619784889,0.07851672368217834,-4.18741079975848,-4.1453479330778285,-4.172620370287692,-4.158120615814762
-1.4575083288664499,-0.7356772549076813,0.07852900006243987,-4.18741079975848,-4.144786708077804,-4.171598607787724,-4.157076990814763
-1.4572805209748347,-0.7356772549076813,0.07850853942867064,-4.1871283310084975,-4.144599633077796,-4.171412832787729,-4.157171865814763
-1.4575536967956455,-0.7356772549076813,0.07851672368217834,-4.187504956008474,-4.1459091580778535,-4.172527482787695,-4.158215490814762
-1.4574552382414487,-0.7356420980326808,0.07850853942867064,-4.1872224872584916,-4.144599633077796,-4.171598607787724,-4.157456490814763
-1.457516051562255,-0.7356849776034866,0.07852081580893219,-4.187599112258468,-4.1453479330778285,-4.172527482787695,-4.1576462408147625
-1.4574098703122527,-0.7357552913534875,0.07851672368217834,-4.187504956008474,-4.144131945577776,-4.171227057787734,-4.156602615814763
-1.4574629609372538,-0.7356772549076813,0.07852081580893219,-4.1871283310084975,-4.144599633077796,-4.171598607787724,-4.157266740814763
-1.4575237742580605,-0.7357827255326825,0.07852490793568603,-4.187316643508486,-4.144973783077813,-4.171784382787717,-4.157456490814763
-1.4573490569914465,-0.7358178824076831,0.07852081580893219,-4.18741079975848,-4.144973783077813,-4.171691495287719,-4.157266740814763
-1.457341334295641,-0.7356146638534855,0.07851263155542448,-4.1871283310084975,-4.143664258077755,-4.1702981827877625,-4.1561282408147635
-1.457386702224837,-0.7357201344784869,0.07852081580893219,-4.187316643508486,-4.144786708077804,-4.171784382787717,-4.157171865814763
-1.457516051562255,-0.7356849776034866,0.07852490793568603,-4.187504956008474,-4.144131945577776,-4.170948395287743,-4.156507740814764
-1.4575237742580605,-0.7357552913534875,0.07852490793568603,-4.187316643508486,-4.144786708077804,-4.171598607787724,-4.157266740814763
-1.4575845875788667,-0.7357475686576822,0.07852490793568603,-4.187504956008474,-4.145160858077821,-4.172155932787707,-4.1576462408147625
-1.4573490569914465,-0.7357904482284878,0.07850853942867064,-4.1872224872584916,-4.144880245577808,-4.171784382787717,-4.157171865814763
-1.4574397928498382,-0.7357201344784869,0.07852081580893219,-4.18741079975848,-4.144973783077813,-4.171970157787712,-4.157456490814763
-1.457394424920642,-0.7357201344784869,0.07852081580893219,-4.187316643508486,-4.144786708077804,-4.171784382787717,-4.157456490814763
-1.4575083288664499,-0.7357201344784869,0.07851672368217834,-4.18741079975848,-4.1446931705778,-4.171970157787712,-4.157456490814763
-1.4573567796872515,-0.7356772549076813,0.07850853942867064,-4.1872224872584916,-4.1446931705778,-4.171784382787717,-4.157361615814763
-1.4576222328122572,-0.7356498207284861,0.07852081580893219,-4.18741079975848,-4.144786708077804,-4.171598607787724,-4.157266740814763
-1.457569142187256,-0.7357552913534875,0.07852081580893219,-4.187504956008474,-4.144786708077804,-4.171412832787729,-4.157076990814763
-1.4574021476164476,-0.7357201344784869,0.07852900006243987,-4.1871283310084975,-4.146096233077862,-4.172806145287687,-4.158689865814762
-1.457561419491451,-0.7357827255326825,0.07852490793568603,-4.187504956008474,-4.1446931705778,-4.171598607787724,-4.157266740814763
-1.4576145101164522,-0.7357904482284878,0.07852490793568603,-4.18741079975848,-4.144786708077804,-4.171691495287719,-4.156982115814763
-1.4575083288664499,-0.7358256051034884,0.0785098357224912,-4.18741079975848,-4.144786708077804,-4.171970157787712,-4.157266740814763
-1.4575536967956455,-0.7358256051034884,0.0785180199759989,-4.187504956008474,-4.1446931705778,-4.171691495287719,-4.157171865814763
-1.4574475155456432,-0.7357201344784869,0.07851113201631177,-4.1871283310084975,-4.144786708077804,-4.171970157787712,-4.157361615814763
-1.4574629609372538,-0.7357201344784869,0.07851522414306561,-4.1872224872584916,-4.144786708077804,-4.171691495287719,-4.157266740814763
-1.4575768648830616,-0.7357201344784869,0.07851113201631177,-4.187316643508486,-4.144973783077813,-4.171691495287719,-4.157171865814763
-1.457569142187256,-0.7356849776034866,0.07852750052332715,-4.18741079975848,-4.143664258077755,-4.170855507787746,-4.156412865814763
-1.457516051562255,-0.7357904482284878,0.078531592650081,-4.187504956008474,-4.143664258077755,-4.1704839577877575,-4.1561282408147635
-1.457569142187256,-0.7357552913534875,0.07851931626981945,-4.187504956008474,-4.144599633077796,-4.171691495287719,-4.157551365814762
-1.4575083288664499,-0.7356849776034866,0.07851931626981945,-4.1872224872584916,-4.1446931705778,-4.171877270287714,-4.157456490814763
-1.4574629609372538,-0.7358256051034884,0.0785234083965733,-4.187599112258468,-4.145535008077837,-4.17271325778769,-4.158120615814762
-1.4574475155456432,-0.7357552913534875,0.07851113201631177,-4.187316643508486,-4.144599633077796,-4.171598607787724,-4.157076990814763
-1.4574552382414487,-0.7357201344784869,0.07851931626981945,-4.187316643508486,-4.1446931705778,-4.171598607787724,-4.157266740814763
-1.4574098703122527,-0.7356498207284861,0.07851522414306561,-4.1871283310084975,-4.145535008077837,-4.1723417077877,-4.157835990814762
-1.4573567796872515,-0.7357201344784869,0.07853977690358868,-4.18741079975848,-4.144880245577808,-4.171877270287714,-4.157456490814763
-1.457561419491451,-0.7356498207284861,0.07851522414306561,-4.187316643508486,-4.144506095577792,-4.171412832787729,-4.157171865814763
-1.4573490569914465,-0.7357552913534875,0.07852750052332715,-4.187316643508486,-4.144880245577808,-4.171598607787724,-4.157266740814763
-1.4573490569914465,-0.7356498207284861,0.07851522414306561,-4.187316643508486,-4.145628545577841,-4.172434595287697,-4.158215490814762
-1.457561419491451,-0.7357552913534875,0.0785234083965733,-4.187504956008474,-4.145441470577833,-4.172527482787695,-4.157741115814763
-1.457569142187256,-0.7356849776034866,0.0785234083965733,-4.187599112258468,-4.145160858077821,-4.171877270287714,-4.157456490814763
-1.4576753234372584,-0.7357201344784869,0.0785234083965733,-4.187504956008474,-4.144786708077804,-4.171598607787724,-4.157266740814763
-1.4575237742580605,-0.7356498207284861,0.07851113201631177,-4.1872224872584916,-4.144786708077804,-4.171691495287719,-4.157551365814762
-1.457569142187256,-0.7358256051034884,0.0785234083965733,-4.18741079975848,-4.144599633077796,-4.171784382787717,-4.157266740814763
-1.457569142187256,-0.7357552913534875,0.078531592650081,-4.187316643508486,-4.144786708077804,-4.171784382787717,-4.157171865814763
-1.457394424920642,-0.7357552913534875,0.0785234083965733,-4.187316643508486,-4.144225483077779,-4.171041282787741,-4.156317990814764
-1.4575006061706444,-0.7357904482284878,0.07851113201631177,-4.187316643508486,-4.1446931705778,-4.171784382787717,-4.157266740814763
-1.4573567796872515,-0.7356849776034866,0.07851522414306561,-4.187504956008474,-4.144786708077804,-4.171691495287719,-4.157266740814763
-1.4575237742580605,-0.7357904482284878,0.07852750052332715,-4.187316643508486,-4.144786708077804,-4.171970157787712,-4.157171865814763
-1.4574784063288644,-0.7356849776034866,0.07851522414306561,-4.187316643508486,-4.147312220577915,-4.1742923452876415,-4.160112990814761
-1.457561419491451,-0.7357201344784869,0.078531592650081,-4.1872224872584916,-4.144599633077796,-4.171691495287719,-4.157171865814763
-1.4574475155456432,-0.7357904482284878,0.0785234083965733,-4.18741079975848,-4.144880245577808,-4.171877270287714,-4.157551365814762
-1.4573336115998359,-0.7356849776034866,0.0785234083965733,-4.187504956008474,-4.143757795577759,-4.170762620287748,-4.156507740814764
-1.4574552382414487,-0.7357552913534875,0.07851522414306561,-4.187316643508486,-4.144786708077804,-4.171784382787717,-4.157266740814763
-1.4576222328122572,-0.7357552913534875,0.07852750052332715,-4.18741079975848,-4.144506095577792,-4.171598607787724,-4.157266740814763
-1.457569142187256,-0.7357201344784869,0.07851931626981945,-4.187316643508486,-4.144786708077804,-4.171784382787717,-4.157266740814763
-1.4576222328122572,-0.7357201344784869,0.07852750052332715,-4.187316643508486,-4.144880245577808,-4.171691495287719,-4.157171865814763
-1.4575083288664499,-0.7357552913534875,0.07852750052332715,-4.18741079975848,-4.145160858077821,-4.172155932787707,-4.157741115814763
-1.4574475155456432,-0.7356849776034866,0.07851931626981945,-4.1871283310084975,-4.145160858077821,-4.172155932787707,-4.1576462408147625
-1.4572882436706398,-0.7356498207284861,0.07851931626981945,-4.18741079975848,-4.143570720577751,-4.1704839577877575,-4.155938490814764
-1.4575536967956455,-0.7357201344784869,0.0785234083965733,-4.18741079975848,-4.144786708077804,-4.171691495287719,-4.157361615814763
-1.4575536967956455,-0.7358256051034884,0.0785234083965733,-4.187316643508486,-4.1446931705778,-4.171784382787717,-4.157171865814763
-1.4574552382414487,-0.7357552913534875,0.0785262042295066,-4.18741079975848,-4.144786708077804,-4.171691495287719,-4.156982115814763
-1.4574098703122527,-0.7357201344784869,0.07852211210275276,-4.1872224872584916,-4.144786708077804,-4.171227057787734,-4.157266740814763
-1.4576299555080627,-0.7358959188534893,0.07851392784924505,-4.18741079975848,-4.146096233077862,-4.173177695287675,-4.158784740814761
-1.4574629609372538,-0.7357904482284878,0.0785262042295066,-4.187504956008474,-4.144973783077813,-4.171691495287719,-4.157456490814763
-1.4574552382414487,-0.7357552913534875,0.07851392784924505,-4.18741079975848,-4.1446931705778,-4.171877270287714,-4.157171865814763
-1.4574475155456432,-0.7356849776034866,0.07852211210275276,-4.187316643508486,-4.144973783077813,-4.171970157787712,-4.157551365814762
-1.4575083288664499,-0.7357904482284878,0.0785262042295066,-4.187504956008474,-4.144786708077804,-4.171877270287714,-4.157361615814763
-1.4576145101164522,-0.7358959188534893,0.0785098357224912,-4.187504956008474,-4.1439448705777675,-4.171227057787734,-4.156887240814763
-1.4575083288664499,-0.7357552913534875,0.07850574359573737,-4.187504956008474,-4.144786708077804,-4.171691495287719,-4.157171865814763
-1.4576145101164522,-0.7357904482284878,0.07852211210275276,-4.187693268508462,-4.144506095577792,-4.171505720287726,-4.157361615814763
-1.4574552382414487,-0.7357201344784869,0.07851392784924505,-4.187316643508486,-4.144786708077804,-4.171877270287714,-4.157266740814763
-1.4574098703122527,-0.7357201344784869,0.07853029635626044,-4.18741079975848,-4.144786708077804,-4.171784382787717,-4.157266740814763
-1.457516051562255,-0.7357552913534875,0.0785262042295066,-4.187504956008474,-4.144131945577776,-4.171227057787734,-4.157076990814763
-1.4574629609372538,-0.7357552913534875,0.07851392784924505,-4.18741079975848,-4.1444125580777875,-4.171784382787717,-4.156697490814763
-1.4573567796872515,-0.7356849776034866,0.0785262042295066,-4.1872224872584916,-4.1446931705778,-4.171691495287719,-4.157266740814763
-1.4574629609372538,-0.7357552913534875,0.07851392784924505,-4.187504956008474,-4.144786708077804,-4.171598607787724,-4.157266740814763
-1.4574629609372538,-0.7356498207284861,0.07851392784924505,-4.187316643508486,-4.144599633077796,-4.171505720287726,-4.157076990814763
-1.4576145101164522,-0.7357201344784869,0.0785262042295066,-4.187599112258468,-4.144786708077804,-4.171784382787717,-4.157361615814763
-1.457561419491451,-0.7357201344784869,0.0785262042295066,-4.1872224872584916,-4.144786708077804,-4.171598607787724,-4.157551365814762
-1.4574552382414487,-0.7357904482284878,0.0785180199759989,-4.187316643508486,-4.144786708077804,-4.171877270287714,-4.157456490814763
-1.457569142187256,-0.7356849776034866,0.07851392784924505,-4.18741079975848,-4.144786708077804,-4.171877270287714,-4.157456490814763
-1.4573490569914465,-0.7357201344784869,0.07852211210275276,-4.1872224872584916,-4.1446931705778,-4.171970157787712,-4.157171865814763
-1.4573490569914465,-0.7357201344784869,0.0785098357224912,-4.187316643508486,-4.147966983077944,-4.17531410778761,-4.16068224081476
-1.457394424920642,-0.7356849776034866,0.0785098357224912,-4.187316643508486,-4.144973783077813,-4.171784382787717,-4.157266740814763
-1.457569142187256,-0.7357552913534875,0.0785180199759989,-4.187504956008474,-4.1446931705778,-4.171598607787724,-4.157266740814763
-1.4575768648830616,-0.7356849776034866,0.07852211210275276,-4.187316643508486,-4.1463768455778744,-4.173270582787673,-4.158784740814761
-1.4576753234372584,-0.7356498207284861,0.0785262042295066,-4.187599112258468,-4.144786708077804,-4.171691495287719,-4.157266740814763
-1.457561419491451,-0.7357904482284878,0.07852211210275276,-4.187599112258468,-4.144880245577808,-4.171877270287714,-4.157361615814763
-1.4576145101164522,-0.7357552913534875,0.0785180199759989,-4.18741079975848,-4.1446931705778,-4.171412832787729,-4.157456490814763
-1.457341334295641,-0.7357552913534875,0.07852211210275276,-4.1872224872584916,-4.145254395577825,-4.172155932787707,-4.157835990814762
-1.457561419491451,-0.7356849776034866,0.0785098357224912,-4.1872224872584916,-4.1446931705778,-4.171598607787724,-4.157361615814763
-1.4574552382414487,-0.7357552913534875,0.07852211210275276,-4.1871283310084975,-4.145160858077821,-4.171691495287719,-4.157171865814763
-1.457561419491451,-0.7357201344784869,0.07852211210275276,-4.18741079975848,-4.144880245577808,-4.171691495287719,-4.157266740814763
-1.4574552382414487,-0.7357552913534875,0.0785098357224912,-4.18741079975848,-4.143757795577759,-4.1704839577877575,-4.1561282408147635
-1.4574552382414487,-0.7357904482284878,0.07853029635626044,-4.187316643508486,-4.144786708077804,-4.171691495287719,-4.157551365814762
-1.4574098703122527,-0.7357201344784869,0.07851392784924505,-4.187504956008474,-4.1446931705778,-4.171877270287714,-4.157551365814762
-1.457561419491451,-0.7356498207284861,0.0785180199759989,-4.18741079975848,-4.1446931705778,-4.171877270287714,-4.157361615814763
-1.4575006061706444,-0.7357201344784869,0.0785180199759989,-4.18741079975848,-4.144973783077813,-4.171598607787724,-4.157456490814763
-1.4576145101164522,-0.7357904482284878,0.0785262042295066,-4.187599112258468,-4.1446931705778,-4.171784382787717,-4.157361615814763
-1.457561419491451,-0.7357201344784869,0.07852211210275276,-4.187504956008474,-4.144786708077804,-4.171970157787712,-4.157266740814763
-1.457561419491451,-0.7357552913534875,0.0785180199759989,-4.187316643508486,-4.144506095577792,-4.171598607787724,-4.156887240814763
-1.4576753234372584,-0.7357552913534875,0.07852211210275276,-4.187599112258468,-4.147779908077935,-4.174571007787632,-4.160112990814761
-1.457569142187256,-0.7357552913534875,0.0785262042295066,-4.187316643508486,-4.143477183077747,-4.1704839577877575,-4.156033365814764
-1.4574098703122527,-0.7356849776034866,0.07850574359573737,-4.1872224872584916,-4.144973783077813,-4.171784382787717,-4.157361615814763
-1.4574629609372538,-0.7357552913534875,0.07851392784924505,-4.1872224872584916,-4.144599633077796,-4.171598607787724,-4.157076990814763
-1.4574629609372538,-0.7357904482284878,0.0785262042295066,-4.18741079975848,-4.144786708077804,-4.171784382787717,-4.157076990814763
-1.457569142187256,-0.7357552913534875,0.07852211210275276,-4.187504956008474,-4.144786708077804,-4.171691495287719,-4.157361615814763
-1.4573490569914465,-0.7356498207284861,0.0785262042295066,-4.187316643508486,-4.144973783077813,-4.171784382787717,-4.157456490814763
-1.4574552382414487,-0.7356849776034866,0.07852211210275276,-4.18741079975848,-4.144506095577792,-4.171877270287714,-4.157171865814763
-1.4573490569914465,-0.7356849776034866,0.07851392784924505,-4.187316643508486,-4.144786708077804,-4.171877270287714,-4.157456490814763
-1.457569142187256,-0.7357552913534875,0.0785180199759989,-4.18741079975848,-4.144599633077796,-4.171691495287719,-4.157266740814763
-1.457516051562255,-0.7357552913534875,0.0785180199759989,-4.187504956008474,-4.144786708077804,-4.171691495287719,-4.157266740814763
-1.4572882436706398,-0.7356849776034866,0.07852211210275276,-4.18741079975848,-4.144880245577808,-4.171784382787717,-4.157266740814763
-1.4575006061706444,-0.7357552913534875,0.07852211210275276,-4.187316643508486,-4.144880245577808,-4.171784382787717,-4.157266740814763
-1.4574552382414487,-0.7356146638534855,0.07852211210275276,-4.1872224872584916,-4.144225483077779,-4.171041282787741,-4.157551365814762
-1.457561419491451,-0.7357904482284878,0.0785180199759989,-4.1872224872584916,-4.144786708077804,-4.171691495287719,-4.157171865814763
-1.4574552382414487,-0.735739845961877,0.07853438848301428,-4.1872224872584916,-4.144880245577808,-4.171784382787717,-4.157456490814763
-1.457569142187256,-0.735739845961877,0.0785098357224912,-4.18741079975848,-4.144599633077796,-4.171691495287719,-4.157266740814763
-1.4573567796872515,-0.7356343753368756,0.0785098357224912,-4.18741079975848,-4.145160858077821,-4.171691495287719,-4.157171865814763
-1.4574629609372538,-0.7356695322118761,0.07852211210275276,-4.187034174758503,-4.145535008077837,-4.172434595287697,-4.158215490814762
-1.457516051562255,-0.735739845961877,0.0785180199759989,-4.187504956008474,-4.144880245577808,-4.171598607787724,-4.157361615814763
-1.4573567796872515,-0.7357046890868765,0.07852211210275276,-4.18741079975848,-4.1446931705778,-4.171970157787712,-4.157266740814763
-1.457561419491451,-0.7357750028368774,0.0785180199759989,-4.187787424758456,-4.1446931705778,-4.171691495287719,-4.157361615814763
-1.4574021476164476,-0.7357046890868765,0.07852211210275276,-4.187316643508486,-4.1444125580777875,-4.171691495287719,-4.157076990814763
-1.4574098703122527,-0.7356695322118761,0.0785262042295066,-4.18741079975848,-4.1446931705778,-4.171598607787724,-4.157076990814763
-1.457516051562255,-0.7357046890868765,0.07852211210275276,-4.187787424758456,-4.1446931705778,-4.171877270287714,-4.157361615814763
-1.4574629609372538,-0.7357046890868765,0.07852211210275276,-4.187504956008474,-4.1446931705778,-4.171877270287714,-4.157266740814763
-1.457569142187256,-0.735739845961877,0.0785180199759989,-4.1872224872584916,-4.144599633077796,-4.171598607787724,-4.157076990814763
-1.4574629609372538,-0.7356695322118761,0.07850574359573737,-4.187316643508486,-4.1446931705778,-4.171784382787717,-4.157171865814763
-1.457569142187256,-0.7357046890868765,0.07852211210275276,-4.1872224872584916,-4.144880245577808,-4.171877270287714,-4.157551365814762
-1.4574629609372538,-0.7357046890868765,0.07853029635626044,-4.187599112258468,-4.1446931705778,-4.171877270287714,-4.157361615814763
-1.4573490569914465,-0.7356695322118761,0.07853029635626044,-4.1872224872584916,-4.144786708077804,-4.171784382787717,-4.157361615814763
-1.4574629609372538,-0.7357046890868765,0.0785098357224912,-4.187599112258468,-4.144599633077796,-4.171505720287726,-4.157171865814763
-1.457569142187256,-0.7356695322118761,0.07851392784924505,-4.18741079975848,-4.144786708077804,-4.171505720287726,-4.157076990814763
-1.4574629609372538,-0.735739845961877,0.0785262042295066,-4.18741079975848,-4.1446931705778,-4.171877270287714,-4.157266740814763
-1.457569142187256,-0.7358101597118779,0.07852211210275276,-4.18741079975848,-4.145067320577817,-4.171691495287719,-4.157835990814762
-1.4574629609372538,-0.735739845961877,0.0785180199759989,-4.18741079975848,-4.144880245577808,-4.171784382787717,-4.157361615814763
-1.4574552382414487,-0.7357750028368774,0.07853029635626044,-4.18741079975848,-4.1444125580777875,-4.171412832787729,-4.156982115814763
-1.4576145101164522,-0.735739845961877,0.07852211210275276,-4.187316643508486,-4.144319020577783,-4.171412832787729,-4.156887240814763
-1.457516051562255,-0.7357046890868765,0.07851392784924505,-4.1872224872584916,-4.145535008077837,-4.1723417077877,-4.158120615814762
-1.457569142187256,-0.7357046890868765,0.07851392784924505,-4.187504956008474,-4.1446931705778,-4.171691495287719,-4.157361615814763
-1.4573567796872515,-0.735739845961877,0.07852211210275276,-4.187316643508486,-4.146096233077862,-4.173456357787666,-4.158689865814762
-1.4574098703122527,-0.7357750028368774,0.07851392784924505,-4.18741079975848,-4.144786708077804,-4.171877270287714,-4.157456490814763
-1.457569142187256,-0.7357750028368774,0.0785180199759989,-4.1872224872584916,-4.144880245577808,-4.171877270287714,-4.157076990814763
-1.457569142187256,-0.735739845961877,0.0785262042295066,-4.18741079975848,-4.144599633077796,-4.171877270287714,-4.157171865814763
-1.4574098703122527,-0.7356695322118761,0.07852211210275276,-4.1872224872584916,-4.144786708077804,-4.171691495287719,-4.157171865814763
-1.4575083288664499,-0.735739845961877,0.07853029635626044,-4.18741079975848,-4.144506095577792,-4.171598607787724,-4.157361615814763
-1.457561419491451,-0.7358101597118779,0.0785262042295066,-4.187504956008474,-4.144880245577808,-4.171784382787717,-4.157266740814763
-1.457569142187256,-0.7357046890868765,0.0785180199759989,-4.187504956008474,-4.145254395577825,-4.1723417077877,-4.157551365814762
-1.4573567796872515,-0.7356695322118761,0.0785098357224912,-4.18741079975848,-4.145067320577817,-4.171970157787712,-4.157456490814763
-1.457516051562255,-0.735599218461875,0.07852211210275276,-4.187316643508486,-4.1446931705778,-4.171691495287719,-4.157361615814763
-1.4574629609372538,-0.7357046890868765,0.07852211210275276,-4.18741079975848,-4.144786708077804,-4.171598607787724,-4.157171865814763
-1.4576222328122572,-0.7356695322118761,0.07852211210275276,-4.187316643508486,-4.144599633077796,-4.171598607787724,-4.157076990814763
-1.4574552382414487,-0.735739845961877,0.07852211210275276,-4.187504956008474,-4.145722083077845,-4.17271325778769,-4.158405240814762
-1.457516051562255,-0.7357750028368774,0.0785180199759989,-4.187599112258468,-4.145535008077837,-4.172248820287702,-4.1579308658147625
-1.457569142187256,-0.7356343753368756,0.0785180199759989,-4.187599112258468,-4.144786708077804,-4.171784382787717,-4.157171865814763
-1.4574629609372538,-0.7358101597118779,0.0785262042295066,-4.187504956008474,-4.144786708077804,-4.171691495287719,-4.157266740814763
-1.457569142187256,-0.735739845961877,0.07853029635626044,-4.187316643508486,-4.144599633077796,-4.171598607787724,-4.157266740814763
-1.4575083288664499,-0.7356695322118761,0.0785180199759989,-4.187504956008474,-4.144038408077772,-4.170855507787746,-4.156412865814763
-1.4575006061706444,-0.735739845961877,0.0785262042295066,-4.187599112258468,-4.1439448705777675,-4.170669732787751,-4.156507740814764
-1.4576676007414533,-0.7357046890868765,0.0785180199759989,-4.187787424758456,-4.1446931705778,-4.171784382787717,-4.157361615814763
-1.4574552382414487,-0.7356343753368756,0.07851392784924505,-4.1872224872584916,-4.1446931705778,-4.171598607787724,-4.157266740814763
-1.4574552382414487,-0.7356695322118761,0.0785098357224912,-4.1872224872584916,-4.144599633077796,-4.171505720287726,-4.157171865814763
-1.457569142187256,-0.7357475686576822,0.0785262042295066,-4.187504956008474,-4.144038408077772,-4.171041282787741,-4.156412865814763
-1.4574552382414487,-0.7357475686576822,0.07851392784924505,-4.18741079975848,-4.1446931705778,-4.171970157787712,-4.157266740814763
-1.4574552382414487,-0.7357046890868765,0.07852211210275276,-4.18741079975848,-4.144786708077804,-4.171691495287719,-4.157171865814763
-1.4576067874206466,-0.7358453165868785,0.07853029635626044,-4.187599112258468,-4.1446931705778,-4.171598607787724,-4.157171865814763
-1.457561419491451,-0.7358101597118779,0.0785262042295066,-4.187504956008474,-4.144973783077813,-4.171784382787717,-4.157361615814763
-1.457561419491451,-0.735739845961877,0.0785180199759989,-4.1872224872584916,-4.144880245577808,-4.171784382787717,-4.157361615814763
-1.457561419491451,-0.7356343753368756,0.07852211210275276,-4.1872224872584916,-4.145067320577817,-4.171784382787717,-4.157456490814763
-1.457569142187256,-0.7357046890868765,0.07852211210275276,-4.187504956008474,-4.145535008077837,-4.172806145287687,-4.158215490814762
-1.4574629609372538,-0.7356695322118761,0.07852211210275276,-4.187316643508486,-4.145067320577817,-4.171877270287714,-4.157551365814762
-1.4575083288664499,-0.7357750028368774,0.07851392784924505,-4.1871283310084975,-4.145815620577849,-4.172806145287687,-4.158310365814762
-1.4573490569914465,-0.7358101597118779,0.07852211210275276,-4.18741079975848,-4.144880245577808,-4.171319945287731,-4.157171865814763
-1.4575536967956455,-0.735739845961877,0.07851392784924505,-4.187504956008474,-4.144038408077772,-4.171134170287736,-4.156697490814763
-1.457561419491451,-0.7357124117826817,0.07852211210275276,-4.187504956008474,-4.144973783077813,-4.171784382787717,-4.157361615814763
-1.457561419491451,-0.7356695322118761,0.07852211210275276,-4.1872224872584916,-4.145815620577849,-4.172620370287692,-4.158215490814762
-1.4574098703122527,-0.7357046890868765,0.0785262042295066,-4.187599112258468,-4.144786708077804,-4.171784382787717,-4.157076990814763
-1.4574021476164476,-0.7357046890868765,0.07852211210275276,-4.18741079975848,-4.144786708077804,-4.171784382787717,-4.157456490814763
-1.457561419491451,-0.7357750028368774,0.07852211210275276,-4.1871283310084975,-4.145628545577841,-4.172620370287692,-4.158025740814762
-1.4575536967956455,-0.7357046890868765,0.0785262042295066,-4.187504956008474,-4.1444125580777875,-4.171598607787724,-4.157076990814763
-1.4573490569914465,-0.7356695322118761,0.07852211210275276,-4.187316643508486,-4.1446931705778,-4.171784382787717,-4.157266740814763
-1.457569142187256,-0.7357475686576822,0.07853029635626044,-4.187316643508486,-4.1446931705778,-4.171784382787717,-4.157171865814763
-1.457561419491451,-0.7357046890868765,0.07852211210275276,-4.187504956008474,-4.145628545577841,-4.17271325778769,-4.157835990814762
-1.4573567796872515,-0.7356695322118761,0.0785098357224912,-4.1872224872584916,-4.146096233077862,-4.173084807787678,-4.158594990814762
-1.457569142187256,-0.7356420980326808,0.0785098357224912,-4.1872224872584916,-4.144973783077813,-4.171877270287714,-4.157456490814763
-1.4573567796872515,-0.7356695322118761,0.07852211210275276,-4.1872224872584916,-4.144973783077813,-4.171970157787712,-4.157456490814763
-1.4574552382414487,-0.7357475686576822,0.0785262042295066,-4.18741079975848,-4.144599633077796,-4.171691495287719,-4.157171865814763
-1.4575006061706444,-0.7356420980326808,0.0785262042295066,-4.187599112258468,-4.144786708077804,-4.171877270287714,-4.157551365814762
-1.4575536967956455,-0.7357475686576822,0.0785262042295066,-4.187316643508486,-4.145067320577817,-4.1723417077877,-4.157551365814762
-1.4574021476164476,-0.735739845961877,0.0785262042295066,-4.18741079975848,-4.144786708077804,-4.171784382787717,-4.157456490814763
-1.4573490569914465,-0.7356695322118761,0.0785262042295066,-4.1872224872584916,-4.144599633077796,-4.171598607787724,-4.157171865814763
-1.4574629609372538,-0.7357046890868765,0.07852211210275276,-4.1871283310084975,-4.144786708077804,-4.171877270287714,-4.157266740814763
-1.4574629609372538,-0.7356695322118761,0.07852211210275276,-4.1872224872584916,-4.144880245577808,-4.171877270287714,-4.157076990814763
-1.4574629609372538,-0.7357475686576822,0.0785262042295066,-4.18741079975848,-4.1446931705778,-4.171970157787712,-4.157076990814763
-1.4573567796872515,-0.7357475686576822,0.0785262042295066,-4.1872224872584916,-4.144599633077796,-4.171691495287719,-4.157076990814763
-1.4574098703122527,-0.7356772549076813,0.0785262042295066,-4.187316643508486,-4.144506095577792,-4.171784382787717,-4.157266740814763
-1.4574629609372538,-0.7356772549076813,0.07852211210275276,-4.18741079975848,-4.144880245577808,-4.171784382787717,-4.157266740814763
-1.457569142187256,-0.7356420980326808,0.0785262042295066,-4.187316643508486,-4.1446931705778,-4.171598607787724,-4.157361615814763
-1.4574021476164476,-0.7356772549076813,0.07851392784924505,-4.1872224872584916,-4.14628330807787,-4.173270582787673,-4.158784740814761
-1.457561419491451,-0.7357124117826817,0.0785098357224912,-4.18741079975848,-4.1453479330778285,-4.172063045287709,-4.157835990814762
-1.457569142187256,-0.7357475686576822,0.0785180199759989,-4.187504956008474,-4.145160858077821,-4.172063045287709,-4.157551365814762
-1.4575083288664499,-0.7356772549076813,0.07852211210275276,-4.187504956008474,-4.144880245577808,-4.171784382787717,-4.157171865814763
-1.4574552382414487,-0.7357475686576822,0.07852211210275276,-4.187316643508486,-4.145628545577841,-4.172806145287687,-4.158215490814762
-1.4575536967956455,-0.7357124117826817,0.0785262042295066,-4.187599112258468,-4.1446931705778,-4.171598607787724,-4.157076990814763
-1.4575083288664499,-0.7357475686576822,0.07852211210275276,-4.187504956008474,-4.1439448705777675,-4.170855507787746,-4.156317990814764
-1.457561419491451,-0.7357124117826817,0.0785180199759989,-4.187504956008474,-4.144786708077804,-4.171970157787712,-4.157361615814763
-1.457516051562255,-0.7357475686576822,0.0785180199759989,-4.187504956008474,-4.1446931705778,-4.171691495287719,-4.157456490814763
-1.457569142187256,-0.7356772549076813,0.0785098357224912,-4.187599112258468,-4.145628545577841,-4.172899032787683,-4.158025740814762
-1.457569142187256,-0.7356772549076813,0.0785180199759989,-4.187504956008474,-4.144786708077804,-4.171877270287714,-4.157266740814763
-1.4574629609372538,-0.7357124117826817,0.07852211210275276,-4.187316643508486,-4.144973783077813,-4.172248820287702,-4.157741115814763
-1.4574629609372538,-0.7357475686576822,0.0785180199759989,-4.187316643508486,-4.144786708077804,-4.171691495287719,-4.157361615814763
-1.4574629609372538,-0.7357475686576822,0.07851392784924505,-4.18741079975848,-4.145067320577817,-4.171784382787717,-4.157266740814763
-1.4574629609372538,-0.7357124117826817,0.0785180199759989,-4.187599112258468,-4.1446931705778,-4.171598607787724,-4.157266740814763
-1.4575083288664499,-0.7357475686576822,0.0785262042295066,-4.18741079975848,-4.1446931705778,-4.171877270287714,-4.157171865814763
-1.4574629609372538,-0.7357475686576822,0.07852211210275276,-4.18741079975848,-4.14628330807787,-4.173270582787673,-4.158689865814762
-1.457569142187256,-0.7357124117826817,0.0785262042295066,-4.187504956008474,-4.143851333077763,-4.170576845287753,-4.156033365814764
-1.4574098703122527,-0.7356772549076813,0.07853029635626044,-4.18741079975848,-4.1446931705778,-4.171691495287719,-4.157171865814763
-1.4574098703122527,-0.7356772549076813,0.0785180199759989,-4.187316643508486,-4.1446931705778,-4.171970157787712,-4.157456490814763
-1.457569142187256,-0.7356772549076813,0.07852211210275276,-4.187599112258468,-4.144786708077804,-4.171691495287719,-4.157171865814763
-1.4576222328122572,-0.7357124117826817,0.07853029635626044,-4.187316643508486,-4.144599633077796,-4.171598607787724,-4.157171865814763
-1.4574098703122527,-0.7356772549076813,0.07852211210275276,-4.1872224872584916,-4.144786708077804,-4.171784382787717,-4.157076990814763
-1.4576753234372584,-0.7357475686576822,0.07852211210275276,-4.187599112258468,-4.1446931705778,-4.171970157787712,-4.157266740814763
-1.457569142187256,-0.7357475686576822,0.0785262042295066,-4.1872224872584916,-4.144786708077804,-4.171784382787717,-4.157171865814763
-1.457569142187256,-0.7357124117826817,0.0785262042295066,-4.187316643508486,-4.144973783077813,-4.171784382787717,-4.157456490814763
-1.4573567796872515,-0.7356772549076813,0.0785262042295066,-4.1872224872584916,-4.1439448705777675,-4.170948395287743,-4.156412865814763
-1.4574629609372538,-0.7356772549076813,0.07852211210275276,-4.187504956008474,-4.1446931705778,-4.171691495287719,-4.157361615814763
-1.4573036890622504,-0.7356772549076813,0.07851392784924505,-4.1872224872584916,-4.144786708077804,-4.171784382787717,-4.157171865814763
-1.4574629609372538,-0.7356772549076813,0.07851392784924505,-4.1871283310084975,-4.1446931705778,-4.171877270287714,-4.157456490814763
-1.457516051562255,-0.7357475686576822,0.0785262042295066,-4.1872224872584916,-4.144786708077804,-4.171784382787717,-4.157456490814763
-1.457569142187256,-0.7357475686576822,0.0785262042295066,-4.187599112258468,-4.144786708077804,-4.171784382787717,-4.157456490814763
-1.4574629609372538,-0.7356420980326808,0.07852211210275276,-4.1872224872584916,-4.144880245577808,-4.171598607787724,-4.157361615814763
-1.457569142187256,-0.7357475686576822,0.07853029635626044,-4.187787424758456,-4.144880245577808,-4.171784382787717,-4.157171865814763
-1.2468129550636409,-0.6301004570622672,0.10145745250074872,-3.5893357512787514,-3.5635653595666943,-3.5959778217975646,-3.5731302219254175
-1.2469345817052537,-0.629994986437266,0.10145745250074872,-3.5895240637787396,-3.563845972066707,-3.595884934297568,-3.573035346925418
-1.2471092989718677,-0.6300378660080717,0.10145745250074872,-3.5895240637787396,-3.5636588970666985,-3.595884934297568,-3.573319971925418
-1.2471170216676732,-0.6300807455788775,0.10145745250074872,-3.5895240637787396,-3.5637524345667027,-3.5959778217975646,-3.572940471925418
-1.2471623895968689,-0.6300730228830722,0.10144387982666664,-3.5895240637787396,-3.5646878095667436,-3.59681380929754,-3.5740789719254167
-1.2470484856510615,-0.629994986437266,0.10146024833368202,-3.5892415950287573,-3.5635653595666943,-3.595699159297573,-3.573225096925418
-1.2469953950260604,-0.6300224206164611,0.10144797195342048,-3.5894299075287455,-3.5636588970666985,-3.595884934297568,-3.5731302219254175
-1.2469345817052537,-0.629854358937264,0.1014451761204872,-3.589147438778763,-3.5636588970666985,-3.5959778217975646,-3.573319971925418
-1.2468737683844475,-0.6299246726872649,0.1014397876999128,-3.588959126278775,-3.562536447066649,-3.5948631717975985,-3.5722763469254186
-1.2469191363136432,-0.6300653001872669,0.10144797195342048,-3.5895240637787396,-3.5635653595666943,-3.5959778217975646,-3.573035346925418
-1.2469345817052537,-0.6300730228830722,0.10146434046043587,-3.5894299075287455,-3.5645942720667394,-3.5969066967975367,-3.5742687219254163
-1.2471623895968689,-0.6300378660080717,0.10144797195342048,-3.5894299075287455,-3.5632847470666817,-3.5956062717975765,-3.5725609719254185
-1.2471701122926744,-0.6300730228830722,0.10144387982666664,-3.589147438778763,-3.56347182206669,-3.5957920467975706,-3.572940471925418
-1.2470484856510615,-0.6300027091330713,0.10144797195342048,-3.5894299075287455,-3.563845972066707,-3.5959778217975646,-3.573319971925418
-1.2471469442052583,-0.6300301433122664,0.10146434046043587,-3.5894299075287455,-3.5632847470666817,-3.5956062717975765,-3.5728455969254185
-1.2469876723302549,-0.6301004570622672,0.10144387982666664,-3.5895240637787396,-3.563378284566686,-3.595699159297573,-3.572655846925418
-1.2471392215094532,-0.6300730228830722,0.10144387982666664,-3.5895240637787396,-3.5645942720667394,-3.5969066967975367,-3.573889221925417
-1.247040762955256,-0.6300378660080717,0.10145615620692817,-3.5893357512787514,-3.5636588970666985,-3.5959778217975646,-3.573035346925418
-1.2469953950260604,-0.6300027091330713,0.10144797195342048,-3.589147438778763,-3.5637524345667027,-3.596070709297562,-3.5728455969254185
-1.2470031177218655,-0.6300027091330713,0.1014397876999128,-3.5895240637787396,-3.5627235220666575,-3.5952347217975875,-3.5722763469254186
-1.2472762935426767,-0.6301081797580725,0.10145615620692817,-3.5894299075287455,-3.564313659566727,-3.596628034297545,-3.573889221925417
-1.2469423044010592,-0.6299323953830702,0.10145615620692817,-3.5895240637787396,-3.5635653595666943,-3.5959778217975646,-3.573035346925418
-1.2469268590094487,-0.6300730228830722,0.10144797195342048,-3.5893357512787514,-3.56347182206669,-3.5959778217975646,-3.573319971925418
-1.2468206777594464,-0.6300378660080717,0.1014397876999128,-3.5892415950287573,-3.5636588970666985,-3.595884934297568,-3.5731302219254175
-1.247086130884452,-0.6300730228830722,0.10145615620692817,-3.5894299075287455,-3.5637524345667027,-3.595884934297568,-3.573319971925418
-1.2469953950260604,-0.6299675522580708,0.10145615620692817,-3.5893357512787514,-3.5635653595666943,-3.596070709297562,-3.572940471925418
-1.2471701122926744,-0.6300378660080717,0.10144387982666664,-3.5893357512787514,-3.5636588970666985,-3.595884934297568,-3.5731302219254175
-1.2471092989718677,-0.6300027091330713,0.10145615620692817,-3.5894299075287455,-3.564874884566752,-3.5972782467975257,-3.574458471925417
-1.2471546669010638,-0.6301081797580725,0.10144387982666664,-3.5895240637787396,-3.56347182206669,-3.595884934297568,-3.573319971925418
-1.2469345817052537,-0.6300378660080717,0.10144797195342048,-3.5895240637787396,-3.563845972066707,-3.5957920467975706,-3.572940471925418
-1.2468737683844475,-0.6300378660080717,0.10145615620692817,-3.5895240637787396,-3.562349372066641,-3.5946773967976045,-3.5718968469254193
-1.2469268590094487,-0.6300730228830722,0.10144797195342048,-3.5894299075287455,-3.5646878095667436,-3.5971853592975283,-3.5743635969254166
-1.247033040259451,-0.6300378660080717,0.10145615620692817,-3.5895240637787396,-3.562536447066649,-3.5948631717975985,-3.571801971925419
-1.2469345817052537,-0.6300378660080717,0.10144797195342048,-3.5893357512787514,-3.5636588970666985,-3.5959778217975646,-3.572940471925418
-1.2469953950260604,-0.6300027091330713,0.10145615620692817,-3.5895240637787396,-3.5635653595666943,-3.5957920467975706,-3.5731302219254175
-1.2471170216676732,-0.6299675522580708,0.10144387982666664,-3.5893357512787514,-3.56347182206669,-3.5957920467975706,-3.572940471925418
-1.2470562083468666,-0.6300730228830722,0.10145615620692817,-3.5892415950287573,-3.5636588970666985,-3.5959778217975646,-3.573035346925418
-1.247040762955256,-0.6299675522580708,0.10144797195342048,-3.5894299075287455,-3.5636588970666985,-3.5959778217975646,-3.573319971925418
-1.2469799496344498,-0.6300027091330713,0.10144926824724104,-3.5894299075287455,-3.5635653595666943,-3.5959778217975646,-3.573319971925418
-1.2469799496344498,-0.6301081797580725,0.10146284092132313,-3.5896182200287337,-3.56347182206669,-3.595699159297573,-3.573035346925418
-1.247040762955256,-0.6300378660080717,0.10145874879456929,-3.5892415950287573,-3.5636588970666985,-3.5957920467975706,-3.572940471925418
-1.2470484856510615,-0.6300027091330713,0.10145874879456929,-3.5897123762787277,-3.5645942720667394,-3.596628034297545,-3.573889221925417
-1.2469500270968643,-0.6299675522580708,0.10146284092132313,-3.5895240637787396,-3.5636588970666985,-3.5959778217975646,-3.572940471925418
-1.2469500270968643,-0.6300730228830722,0.10145465666781545,-3.5895240637787396,-3.5636588970666985,-3.5961635967975596,-3.573319971925418
-1.2471015762760627,-0.6300575774914616,0.10145874879456929,-3.5893357512787514,-3.5635653595666943,-3.595884934297568,-3.573319971925418
-1.2469345817052537,-0.6300575774914616,0.1014505645410616,-3.5892415950287573,-3.562910597066665,-3.595327609297585,-3.5721814719254184
-1.2468814910802526,-0.6300224206164611,0.10145874879456929,-3.5895240637787396,-3.5636588970666985,-3.5961635967975596,-3.573035346925418
-1.2468206777594464,-0.6299521068664602,0.1014505645410616,-3.5892415950287573,-3.563939509566711,-3.5963493717975537,-3.5735097219254177
-1.2471469442052583,-0.630092734366462,0.10144647241430776,-3.5895240637787396,-3.56347182206669,-3.596070709297562,-3.573319971925418
-1.2471015762760627,-0.6299872637414607,0.10145874879456929,-3.5893357512787514,-3.56347182206669,-3.595884934297568,-3.573319971925418
-1.2471546669010638,-0.6300575774914616,0.10145874879456929,-3.5893357512787514,-3.562817059566661,-3.5950489467975935,-3.5722763469254186
-1.2470484856510615,-0.6299872637414607,0.10145874879456929,-3.5895240637787396,-3.5635653595666943,-3.595884934297568,-3.572940471925418
-1.2470938535802572,-0.6300224206164611,0.101466933048077,-3.5893357512787514,-3.5630976720666734,-3.5957920467975706,-3.572655846925418
-1.247040762955256,-0.630092734366462,0.10145874879456929,-3.589900688778716,-3.56347182206669,-3.595699159297573,-3.573035346925418
-1.247033040259451,-0.6299521068664602,0.1014505645410616,-3.5892415950287573,-3.56347182206669,-3.5957920467975706,-3.573035346925418
-1.2469876723302549,-0.630092734366462,0.10145874879456929,-3.5895240637787396,-3.5637524345667027,-3.5959778217975646,-3.573319971925418
-1.2471469442052583,-0.6299872637414607,0.10146284092132313,-3.5894299075287455,-3.5636588970666985,-3.5961635967975596,-3.573319971925418
-1.247040762955256,-0.6300575774914616,0.10145874879456929,-3.5894299075287455,-3.56347182206669,-3.596070709297562,-3.5731302219254175
-1.247040762955256,-0.6299521068664602,0.10145874879456929,-3.5893357512787514,-3.564874884566752,-3.59746402179752,-3.574458471925417
-1.246889213776058,-0.630092734366462,0.10145465666781545,-3.5895240637787396,-3.5632847470666817,-3.595884934297568,-3.573035346925418
-1.2468284004552515,-0.6299521068664602,0.1014505645410616,-3.5893357512787514,-3.5636588970666985,-3.5961635967975596,-3.5731302219254175
-1.247040762955256,-0.6301278912414625,0.101466933048077,-3.5896182200287337,-3.5640330470667143,-3.5963493717975537,-3.5734148469254174
-1.247086130884452,-0.629994986437266,0.10145874879456929,-3.5894299075287455,-3.563378284566686,-3.596070709297562,-3.5731302219254175
-1.247040762955256,-0.6299521068664602,0.10144647241430776,-3.5894299075287455,-3.5630976720666734,-3.5956062717975765,-3.5725609719254185
-1.2469423044010592,-0.6299872637414607,0.10144238028755392,-3.5896182200287337,-3.563845972066707,-3.596256484297556,-3.5734148469254174
-1.2470562083468666,-0.6299598295622655,0.10145874879456929,-3.5893357512787514,-3.5635653595666943,-3.5959778217975646,-3.5734148469254174
-1.2471092989718677,-0.6300301433122664,0.10147102517483084,-3.5895240637787396,-3.562536447066649,-3.5946773967976045,-3.572086596925419
-1.2469953950260604,-0.6301004570622672,0.10145874879456929,-3.589900688778716,-3.563845972066707,-3.596070709297562,-3.5731302219254175
-1.2469345817052537,-0.6299598295622655,0.10145745250074872,-3.5893357512787514,-3.5632847470666817,-3.5957920467975706,-3.572940471925418
-1.2468206777594464,-0.6301004570622672,0.10144647241430776,-3.5897123762787277,-3.5635653595666943,-3.5957920467975706,-3.573319971925418
-1.246866045688642,-0.6300301433122664,0.10144926824724104,-3.5896182200287337,-3.5627235220666575,-3.5950489467975935,-3.5725609719254185
-1.2470938535802572,-0.630092734366462,0.1014505645410616,-3.5896182200287337,-3.5635653595666943,-3.5959778217975646,-3.572940471925418
-1.2471546669010638,-0.6300653001872669,0.10146563675425643,-3.589900688778716,-3.5635653595666943,-3.5957920467975706,-3.573035346925418
-1.2471623895968689,-0.6301356139372678,0.10145336037399488,-3.5895240637787396,-3.5630976720666734,-3.595884934297568,-3.5725609719254185
-1.2471015762760627,-0.6301356139372678,0.10145745250074872,-3.5894299075287455,-3.563845972066707,-3.5963493717975537,-3.5735097219254177
-1.2469799496344498,-0.6300653001872669,0.10145745250074872,-3.5894299075287455,-3.5650619595667603,-3.59746402179752,-3.574743096925416
-1.2469268590094487,-0.6300301433122664,0.10145745250074872,-3.5896182200287337,-3.563378284566686,-3.596070709297562,-3.573319971925418
-1.2469268590094487,-0.6300653001872669,0.10145745250074872,-3.5895240637787396,-3.56347182206669,-3.596070709297562,-3.572940471925418
-1.2471015762760627,-0.629994986437266,0.10144926824724104,-3.5893357512787514,-3.5636588970666985,-3.595884934297568,-3.573319971925418
-1.2471546669010638,-0.6300653001872669,0.10146154462750256,-3.5894299075287455,-3.562817059566661,-3.59514183429759,-3.572371221925419
-1.2471623895968689,-0.6300301433122664,0.10145745250074872,-3.5893357512787514,-3.56347182206669,-3.595699159297573,-3.572940471925418
-1.2469423044010592,-0.6300301433122664,0.1014451761204872,-3.5893357512787514,-3.56347182206669,-3.595884934297568,-3.5734148469254174
-1.2469345817052537,-0.6299598295622655,0.10145745250074872,-3.5895240637787396,-3.5631912095666776,-3.595884934297568,-3.5728455969254185
-1.2471469442052583,-0.6300653001872669,0.10146563675425643,-3.589900688778716,-3.56347182206669,-3.5959778217975646,-3.5731302219254175
-1.247040762955256,-0.6300301433122664,0.10145336037399488,-3.5892415950287573,-3.563845972066707,-3.596070709297562,-3.5734148469254174
-1.2469268590094487,-0.6300301433122664,0.10146154462750256,-3.5893357512787514,-3.56347182206669,-3.595884934297568,-3.573319971925418
-1.2471469442052583,-0.6300301433122664,0.10145745250074872,-3.5893357512787514,-3.563845972066707,-3.5963493717975537,-3.5735097219254177
-1.2469423044010592,-0.6299598295622655,0.10145745250074872,-3.5896182200287337,-3.5636588970666985,-3.5959778217975646,-3.573035346925418
-1.2470562083468666,-0.6299598295622655,0.10145745250074872,-3.5895240637787396,-3.563378284566686,-3.5959778217975646,-3.5728455969254185
-1.2471546669010638,-0.629854358937264,0.10144926824724104,-3.5893357512787514,-3.56347182206669,-3.5961635967975596,-3.573319971925418
-1.2468814910802526,-0.629994986437266,0.10144926824724104,-3.5892415950287573,-3.5635653595666943,-3.5959778217975646,-3.572940471925418
-1.2469876723302549,-0.6300301433122664,0.10144926824724104,-3.5895240637787396,-3.563845972066707,-3.596070709297562,-3.573035346925418
-1.2469268590094487,-0.6300653001872669,0.10145745250074872,-3.5896182200287337,-3.563378284566686,-3.595884934297568,-3.573035346925418
-1.2470484856510615,-0.6299598295622655,0.10144926824724104,-3.5893357512787514,-3.5636588970666985,-3.5961635967975596,-3.573319971925418
-1.2469345817052537,-0.6299598295622655,0.10144926824724104,-3.5894299075287455,-3.5626299845666534,-3.5950489467975935,-3.5724660969254183
-1.2467753098302503,-0.6300301433122664,0.10145745250074872,-3.5893357512787514,-3.563004134566669,-3.5952347217975875,-3.5724660969254183
-1.247040762955256,-0.6300653001872669,0.10146154462750256,-3.5892415950287573,-3.5630976720666734,-3.595327609297585,-3.572655846925418
-1.2471469442052583,-0.6300301433122664,0.10146154462750256,-3.5895240637787396,-3.5655296470667803,-3.5979284592975063,-3.5752174719254155
-1.2469345817052537,-0.629994986437266,0.10145336037399488,-3.5894299075287455,-3.5640330470667143,-3.5963493717975537,-3.5734148469254174
-1.2469345817052537,-0.629994986437266,0.10144926824724104,-3.5893357512787514,-3.5632847470666817,-3.5959778217975646,-3.572940471925418
-1.2468814910802526,-0.6301004570622672,0.10145745250074872,-3.5894299075287455,-3.56347182206669,-3.5957920467975706,-3.572940471925418
-1.2469268590094487,-0.6300301433122664,0.10146563675425643,-3.5893357512787514,-3.563378284566686,-3.595699159297573,-3.572940471925418
-1.2471092989718677,-0.6300301433122664,0.10144926824724104,-3.5893357512787514,-3.56347182206669,-3.595884934297568,-3.573319971925418
-1.2471170216676732,-0.6300301433122664,0.10146154462750256,-3.5894299075287455,-3.56347182206669,-3.5961635967975596,-3.572940471925418
-1.2471092989718677,-0.6300653001872669,0.10145336037399488,-3.5895240637787396,-3.5635653595666943,-3.5959778217975646,-3.573035346925418
-1.2469268590094487,-0.6300301433122664,0.10145745250074872,-3.5893357512787514,-3.56347182206669,-3.595884934297568,-3.573035346925418
-1.2469268590094487,-0.6300653001872669,0.10145336037399488,-3.5895240637787396,-3.5635653595666943,-3.595884934297568,-3.573225096925418
-1.2469268590094487,-0.6300301433122664,0.10145745250074872,-3.5894299075287455,-3.5635653595666943,-3.5959778217975646,-3.5731302219254175
-1.2471469442052583,-0.629994986437266,0.10145336037399488,-3.5895240637787396,-3.5636588970666985,-3.5963493717975537,-3.573319971925418
-1.2471623895968689,-0.6300653001872669,0.10145745250074872,-3.5895240637787396,-3.563378284566686,-3.595699159297573,-3.5728455969254185
-1.2470031177218655,-0.6301004570622672,0.10144926824724104,-3.5894299075287455,-3.56347182206669,-3.595884934297568,-3.573035346925418
-1.2470484856510615,-0.6300301433122664,0.1014451761204872,-3.5893357512787514,-3.56347182206669,-3.5957920467975706,-3.573035346925418
-1.247040762955256,-0.6299598295622655,0.10145336037399488,-3.5894299075287455,-3.562910597066665,-3.595699159297573,-3.572750721925418
-1.2469722269386443,-0.629994986437266,0.10146154462750256,-3.5894299075287455,-3.5627235220666575,-3.5950489467975935,-3.572086596925419
-1.247086130884452,-0.6300301433122664,0.10144108399373336,-3.5893357512787514,-3.56347182206669,-3.595884934297568,-3.573035346925418
-1.247040762955256,-0.6300301433122664,0.10145745250074872,-3.5894299075287455,-3.563378284566686,-3.5959778217975646,-3.5728455969254185
-1.2469953950260604,-0.629994986437266,0.10145745250074872,-3.5895240637787396,-3.56347182206669,-3.5959778217975646,-3.5731302219254175
-1.2470562083468666,-0.6300301433122664,0.10146154462750256,-3.5895240637787396,-3.56347182206669,-3.5957920467975706,-3.573319971925418
-1.2469953950260604,-0.6298895158122646,0.10144926824724104,-3.5893357512787514,-3.562910597066665,-3.5956062717975765,-3.5722763469254186
-1.2469953950260604,-0.6300301433122664,0.10145745250074872,-3.5895240637787396,-3.56347182206669,-3.5959778217975646,-3.573319971925418
-1.2471469442052583,-0.6300301433122664,0.10146154462750256,-3.5896182200287337,-3.56347182206669,-3.595699159297573,-3.572940471925418
-1.2471392215094532,-0.6300301433122664,0.10145745250074872,-3.5896182200287337,-3.563378284566686,-3.5963493717975537,-3.573319971925418
-1.2469268590094487,-0.6300301433122664,0.10145336037399488,-3.5895240637787396,-3.5635653595666943,-3.595884934297568,-3.573319971925418
-1.247040762955256,-0.629994986437266,0.10145745250074872,-3.5896182200287337,-3.56347182206669,-3.595884934297568,-3.572940471925418
-1.2471469442052583,-0.629994986437266,0.10144926824724104,-3.5897123762787277,-3.56347182206669,-3.595699159297573,-3.5731302219254175
-1.2470484856510615,-0.629994986437266,0.10146563675425643,-3.589900688778716,-3.56347182206669,-3.595884934297568,-3.572940471925418
-1.2470938535802572,-0.6301004570622672,0.10146563675425643,-3.5892415950287573,-3.565249034566768,-3.597835571797509,-3.574837971925416
-1.2469953950260604,-0.6299598295622655,0.10146563675425643,-3.5893357512787514,-3.5627235220666575,-3.5952347217975875,-3.572371221925419
-1.2470938535802572,-0.629994986437266,0.10146154462750256,-3.5896182200287337,-3.5647813470667478,-3.597371134297523,-3.574743096925416
-1.247207757526065,-0.6301356139372678,0.10144926824724104,-3.5896182200287337,-3.56347182206669,-3.595884934297568,-3.573225096925418
-1.2469345817052537,-0.6299598295622655,0.10145745250074872,-3.5892415950287573,-3.56347182206669,-3.5959778217975646,-3.573319971925418
-1.2469268590094487,-0.6300301433122664,0.10144926824724104,-3.5892415950287573,-3.5632847470666817,-3.5957920467975706,-3.573319971925418
-1.247040762955256,-0.629994986437266,0.10145745250074872,-3.5893357512787514,-3.5635653595666943,-3.5961635967975596,-3.573319971925418
-1.2470484856510615,-0.6300653001872669,0.10146563675425643,-3.5895240637787396,-3.5630976720666734,-3.5956062717975765,-3.5728455969254185
-1.2470484856510615,-0.6300301433122664,0.10146154462750256,-3.5896182200287337,-3.56347182206669,-3.595884934297568,-3.573319971925418
-1.2471015762760627,-0.6301004570622672,0.10145745250074872,-3.5897123762787277,-3.563378284566686,-3.5959778217975646,-3.573319971925418
-1.2471469442052583,-0.6300653001872669,0.10144926824724104,-3.589147438778763,-3.563378284566686,-3.5957920467975706,-3.573035346925418
-1.2470253175636454,-0.6300301433122664,0.10145745250074872,-3.5893357512787514,-3.562442909566645,-3.5950489467975935,-3.572086596925419
-1.247040762955256,-0.629994986437266,0.10145745250074872,-3.5894299075287455,-3.5650619595667603,-3.597835571797509,-3.5749328469254165
-1.2471546669010638,-0.6301004570622672,0.10146154462750256,-3.5894299075287455,-3.562536447066649,-3.5948631717975985,-3.5719917219254187
-1.2471546669010638,-0.6300301433122664,0.10145745250074872,-3.5893357512787514,-3.564874884566752,-3.59746402179752,-3.574743096925416
-1.2471015762760627,-0.629994986437266,0.10145336037399488,-3.5893357512787514,-3.56347182206669,-3.5957920467975706,-3.573035346925418
-1.2469268590094487,-0.6300301433122664,0.10145745250074872,-3.5895240637787396,-3.563845972066707,-3.595884934297568,-3.573319971925418
-1.2469191363136432,-0.6301004570622672,0.10145745250074872,-3.5894299075287455,-3.562349372066641,-3.5946773967976045,-3.5718968469254193
-1.2469345817052537,-0.6299246726872649,0.10145745250074872,-3.5893357512787514,-3.5636588970666985,-3.5959778217975646,-3.5734148469254174
-1.2469953950260604,-0.6299598295622655,0.10145745250074872,-3.5893357512787514,-3.5642201220667227,-3.5965351467975477,-3.5740789719254167
-1.2470562083468666,-0.6301004570622672,0.10146972888101027,-3.5893357512787514,-3.563004134566669,-3.5954204967975816,-3.572750721925418
-1.2470938535802572,-0.629994986437266,0.10145745250074872,-3.5895240637787396,-3.5632847470666817,-3.5957920467975706,-3.572940471925418
-1.2469345817052537,-0.629994986437266,0.10145745250074872,-3.5892415950287573,-3.562817059566661,-3.5952347217975875,-3.5725609719254185
-1.2470938535802572,-0.6300653001872669,0.10145745250074872,-3.5894299075287455,-3.5631912095666776,-3.5956062717975765,-3.572655846925418
-1.247040762955256,-0.6300653001872669,0.10145745250074872,-3.5895240637787396,-3.5635653595666943,-3.5959778217975646,-3.5734148469254174
-1.2470938535802572,-0.6300653001872669,0.10146563675425643,-3.5893357512787514,-3.56347182206669,-3.5959778217975646,-3.573319971925418
-1.2471469442052583,-0.6301004570622672,0.10145745250074872,-3.5895240637787396,-3.5635653595666943,-3.5959778217975646,-3.573319971925418
-1.2469953950260604,-0.629994986437266,0.10145745250074872,-3.5894299075287455,-3.562910597066665,-3.5954204967975816,-3.572655846925418
-1.2470938535802572,-0.6300653001872669,0.10145745250074872,-3.5894299075287455,-3.5627235220666575,-3.5950489467975935,-3.5721814719254184
-1.2468737683844475,-0.629994986437266,0.10146154462750256,-3.5895240637787396,-3.5635653595666943,-3.5959778217975646,-3.5734148469254174
-1.247033040259451,-0.6300653001872669,0.10145745250074872,-3.5895240637787396,-3.56347182206669,-3.595884934297568,-3.5731302219254175
-1.2471469442052583,-0.6301004570622672,0.10145745250074872,-3.5897123762787277,-3.5632847470666817,-3.5959778217975646,-3.573035346925418
-1.247040762955256,-0.6299872637414607,0.10147382100776411,-3.5894299075287455,-3.5636588970666985,-3.5963493717975537,-3.5731302219254175
-1.2471469442052583,-0.6300498547956563,0.10146563675425643,-3.5896182200287337,-3.56347182206669,-3.595884934297568,-3.573035346925418
-1.2470484856510615,-0.6300498547956563,0.10145745250074872,-3.5892415950287573,-3.5635653595666943,-3.595884934297568,-3.5731302219254175
-1.2471469442052583,-0.6300850116706567,0.10146563675425643,-3.5893357512787514,-3.5626299845666534,-3.5950489467975935,-3.5721814719254184
-1.247033040259451,-0.6300146979206558,0.10146972888101027,-3.5893357512787514,-3.56347182206669,-3.5957920467975706,-3.572940471925418
-1.2469876723302549,-0.6300850116706567,0.10145745250074872,-3.589900688778716,-3.563378284566686,-3.5957920467975706,-3.5728455969254185
-1.247260848151066,-0.6299795410456555,0.10145745250074872,-3.5895240637787396,-3.56347182206669,-3.5957920467975706,-3.573035346925418
-1.2471623895968689,-0.6300498547956563,0.10145745250074872,-3.5895240637787396,-3.5636588970666985,-3.5959778217975646,-3.573319971925418
-1.2469345817052537,-0.6300146979206558,0.10145745250074872,-3.5895240637787396,-3.562536447066649,-3.5952347217975875,-3.5722763469254186
-1.2469345817052537,-0.6300498547956563,0.10145745250074872,-3.5895240637787396,-3.5627235220666575,-3.5948631717975985,-3.572371221925419
-1.2469268590094487,-0.6299795410456555,0.10146154462750256,-3.5894299075287455,-3.563845972066707,-3.596442259297551,-3.573604596925417
-1.2469953950260604,-0.6299443841706549,0.10144926824724104,-3.5892415950287573,-3.563378284566686,-3.5957920467975706,-3.573319971925418
-1.2470562083468666,-0.6301553254206576,0.10146563675425643,-3.5897123762787277,-3.562910597066665,-3.5952347217975875,-3.572655846925418
-1.2469876723302549,-0.6300146979206558,0.10146154462750256,-3.5893357512787514,-3.563939509566711,-3.596070709297562,-3.5736994719254174
-1.2469268590094487,-0.6299795410456555,0.10145745250074872,-3.5895240637787396,-3.5631912095666776,-3.595884934297568,-3.5731302219254175
-1.2469268590094487,-0.6300850116706567,0.10145745250074872,-3.5895240637787396,-3.56347182206669,-3.595327609297585,-3.572655846925418
-1.2470484856510615,-0.6299795410456555,0.10145336037399488,-3.5895240637787396,-3.5636588970666985,-3.5957920467975706,-3.573319971925418
-1.247207757526065,-0.6299443841706549,0.10145745250074872,-3.5894299075287455,-3.563378284566686,-3.5957920467975706,-3.573319971925418
-1.2470484856510615,-0.6300146979206558,0.10145745250074872,-3.5893357512787514,-3.5632847470666817,-3.5956062717975765,-3.572750721925418
-1.2469268590094487,-0.6300498547956563,0.10145745250074872,-3.5893357512787514,-3.5632847470666817,-3.595327609297585,-3.572750721925418
-1.2469191363136432,-0.6299443841706549,0.10145745250074872,-3.5893357512787514,-3.563845972066707,-3.5963493717975537,-3.573319971925418
-1.2469268590094487,-0.6300146979206558,0.10146563675425643,-3.5893357512787514,-3.56347182206669,-3.5959778217975646,-3.573319971925418
-1.2470938535802572,-0.6300146979206558,0.10144926824724104,-3.5894299075287455,-3.5642201220667227,-3.5963493717975537,-3.573889221925417
-1.2472685708468711,-0.6300146979206558,0.10146154462750256,-3.5895240637787396,-3.56347182206669,-3.5957920467975706,-3.572940471925418
-1.2471623895968689,-0.6300850116706567,0.10145745250074872,-3.5896182200287337,-3.5621622970666325,-3.5946773967976045,-3.5718968469254193
-1.247040762955256,-0.6299443841706549,0.10146154462750256,-3.5892415950287573,-3.5626299845666534,-3.5950489467975935,-3.5719917219254187
-1.2469876723302549,-0.6300146979206558,0.10145336037399488,-3.5893357512787514,-3.56347182206669,-3.5956062717975765,-3.573035346925418
-1.247040762955256,-0.6299443841706549,0.10145745250074872,-3.5895240637787396,-3.56347182206669,-3.5957920467975706,-3.573319971925418
-1.247033040259451,-0.6299443841706549,0.10145336037399488,-3.5894299075287455,-3.5635653595666943,-3.596070709297562,-3.573319971925418
-1.2472000348302594,-0.6299443841706549,0.10146154462750256,-3.5894299075287455,-3.5632847470666817,-3.595699159297573,-3.572940471925418
-1.2470484856510615,-0.6300146979206558,0.10146972888101027,-3.589900688778716,-3.5621622970666325,-3.5948631717975985,-3.571801971925419
-1.2471092989718677,-0.6299795410456555,0.10145336037399488,-3.5892415950287573,-3.5635653595666943,-3.5959778217975646,-3.573319971925418
-1.2469953950260604,-0.6300146979206558,0.10146563675425643,-3.5895240637787396,-3.563845972066707,-3.596070709297562,-3.573319971925418
-1.2468206777594464,-0.6300498547956563,0.1014451761204872,-3.5894299075287455,-3.56347182206669,-3.5959778217975646,-3.5734148469254174
-1.2471392215094532,-0.6300146979206558,0.10146154462750256,-3.5896182200287337,-3.5632847470666817,-3.596070709297562,-3.572940471925418
-1.247040762955256,-0.6300146979206558,0.10146154462750256,-3.5896182200287337,-3.563845972066707,-3.5959778217975646,-3.573319971925418
-1.2471015762760627,-0.6300224206164611,0.10145336037399488,-3.5896182200287337,-3.5636588970666985,-3.5959778217975646,-3.572940471925418
-1.2472685708468711,-0.6300146979206558,0.10145745250074872,-3.5896182200287337,-3.5636588970666985,-3.5959778217975646,-3.572940471925418
-1.247033040259451,-0.6300850116706567,0.10146154462750256,-3.5895240637787396,-3.5640330470667143,-3.5963493717975537,-3.573319971925418
-1.2471314988136477,-0.6301201685456572,0.10145745250074872,-3.5895240637787396,-3.5631912095666776,-3.595513384297579,-3.573035346925418
-1.2469268590094487,-0.6299795410456555,0.1014451761204872,-3.5894299075287455,-3.5635653595666943,-3.5957920467975706,-3.5731302219254175
-1.2469953950260604,-0.6300146979206558,0.10145336037399488,-3.5894299075287455,-3.56347182206669,-3.5959778217975646,-3.573035346925418
-1.2471546669010638,-0.6299795410456555,0.10146154462750256,-3.5894299075287455,-3.562817059566661,-3.594956059297596,-3.5721814719254184
-1.2470484856510615,-0.6300146979206558,0.10146413721514369,-3.5897123762787277,-3.5635653595666943,-3.5957920467975706,-3.573035346925418
-1.247040762955256,-0.6300146979206558,0.10146822934189755,-3.5896182200287337,-3.56347182206669,-3.5957920467975706,-3.573319971925418
-1.2471314988136477,-0.6300498547956563,0.10146413721514369,-3.5895240637787396,-3.5646878095667436,-3.5972782467975257,-3.574458471925417
-1.2469268590094487,-0.6300146979206558,0.10146004508838985,-3.5895240637787396,-3.5632847470666817,-3.5959778217975646,-3.5728455969254185
-1.2471469442052583,-0.6299795410456555,0.10146004508838985,-3.5894299075287455,-3.563378284566686,-3.5959778217975646,-3.573035346925418
-1.2470484856510615,-0.6299872637414607,0.10144776870812831,-3.5893357512787514,-3.56347182206669,-3.5957920467975706,-3.573319971925418
-1.2471623895968689,-0.6300224206164611,0.10147641359540523,-3.5895240637787396,-3.5636588970666985,-3.5957920467975706,-3.573319971925418
-1.2469345817052537,-0.6299443841706549,0.10144776870812831,-3.5895240637787396,-3.5632847470666817,-3.596070709297562,-3.5731302219254175
-1.2469876723302549,-0.6299795410456555,0.10146004508838985,-3.5895240637787396,-3.5636588970666985,-3.5959778217975646,-3.5731302219254175
-1.2469345817052537,-0.6300146979206558,0.10144776870812831,-3.5894299075287455,-3.563378284566686,-3.5959778217975646,-3.573319971925418
-1.2471469442052583,-0.6299795410456555,0.10145186083488215,-3.589147438778763,-3.562442909566645,-3.594956059297596,-3.572086596925419
-1.2470938535802572,-0.6300850116706567,0.10146413721514369,-3.5895240637787396,-3.56347182206669,-3.595699159297573,-3.573319971925418
-1.2471469442052583,-0.6299521068664602,0.10146004508838985,-3.5893357512787514,-3.56347182206669,-3.595884934297568,-3.573035346925418
-1.2470484856510615,-0.6300498547956563,0.10146413721514369,-3.5895240637787396,-3.5626299845666534,-3.59514183429759,-3.5722763469254186
-1.2468284004552515,-0.6299795410456555,0.10145186083488215,-3.5893357512787514,-3.56347182206669,-3.595884934297568,-3.573035346925418
-1.2469799496344498,-0.6300850116706567,0.10146004508838985,-3.5896182200287337,-3.56347182206669,-3.595699159297573,-3.572940471925418
-1.2471392215094532,-0.6300850116706567,0.10146822934189755,-3.5895240637787396,-3.56347182206669,-3.5957920467975706,-3.573319971925418
-1.2469345817052537,-0.6299872637414607,0.10146004508838985,-3.5895240637787396,-3.5632847470666817,-3.5957920467975706,-3.572940471925418
-1.247040762955256,-0.6300224206164611,0.10146004508838985,-3.5895240637787396,-3.563378284566686,-3.595699159297573,-3.5728455969254185
-1.2471546669010638,-0.6299872637414607,0.10144776870812831,-3.5895240637787396,-3.5635653595666943,-3.595884934297568,-3.572750721925418
-1.2471546669010638,-0.6301201685456572,0.10145595296163601,-3.5893357512787514,-3.56347182206669,-3.5959778217975646,-3.5731302219254175
-1.2469423044010592,-0.6300146979206558,0.10145595296163601,-3.5895240637787396,-3.56347182206669,-3.5959778217975646,-3.5731302219254175
-1.2471546669010638,-0.6300146979206558,0.10145595296163601,-3.5892415950287573,-3.56347182206669,-3.5959778217975646,-3.572940471925418
-1.2471546669010638,-0.6300850116706567,0.10146004508838985,-3.5894299075287455,-3.563378284566686,-3.5959778217975646,-3.572940471925418
-1.2471015762760627,-0.6300224206164611,0.10146822934189755,-3.5895240637787396,-3.563845972066707,-3.596256484297556,-3.5735097219254177
-1.2469423044010592,-0.6299872637414607,0.10146413721514369,-3.5892415950287573,-3.56347182206669,-3.595699159297573,-3.572940471925418
-1.2469953950260604,-0.6300498547956563,0.10146822934189755,-3.5893357512787514,-3.5635653595666943,-3.5957920467975706,-3.5731302219254175
-1.2469953950260604,-0.6300850116706567,0.10146822934189755,-3.5895240637787396,-3.5632847470666817,-3.5957920467975706,-3.572940471925418
-1.2469423044010592,-0.6300146979206558,0.10145595296163601,-3.5896182200287337,-3.5635653595666943,-3.5957920467975706,-3.5731302219254175
-1.247207757526065,-0.6299795410456555,0.10146822934189755,-3.5895240637787396,-3.5631912095666776,-3.595513384297579,-3.572655846925418
-1.2469953950260604,-0.6299521068664602,0.10146004508838985,-3.5894299075287455,-3.5636588970666985,-3.595699159297573,-3.5731302219254175
-1.2469953950260604,-0.6300498547956563,0.10146413721514369,-3.5893357512787514,-3.5632847470666817,-3.5957920467975706,-3.572940471925418
-1.2471015762760627,-0.6299443841706549,0.10145595296163601,-3.5892415950287573,-3.5632847470666817,-3.595884934297568,-3.573225096925418
-1.2470484856510615,-0.6299443841706549,0.10146413721514369,-3.5896182200287337,-3.5631912095666776,-3.595699159297573,-3.573319971925418
-1.2471546669010638,-0.6299521068664602,0.10146004508838985,-3.5895240637787396,-3.5635653595666943,-3.595884934297568,-3.5731302219254175
-1.2471469442052583,-0.6299872637414607,0.10146413721514369,-3.5893357512787514,-3.5632847470666817,-3.595884934297568,-3.572940471925418
-1.2470938535802572,-0.6299521068664602,0.10146413721514369,-3.5894299075287455,-3.5632847470666817,-3.596070709297562,-3.573319971925418
-1.2469423044010592,-0.6300146979206558,0.10146004508838985,-3.5895240637787396,-3.56347182206669,-3.596256484297556,-3.5731302219254175
-1.2470484856510615,-0.6300498547956563,0.10146413721514369,-3.5896182200287337,-3.5632847470666817,-3.595699159297573,-3.572940471925418
-1.2471015762760627,-0.6299872637414607,0.10146413721514369,-3.5895240637787396,-3.5635653595666943,-3.5959778217975646,-3.573319971925418
-1.2469953950260604,-0.630092734366462,0.10146822934189755,-3.5896182200287337,-3.5632847470666817,-3.595884934297568,-3.573225096925418
-1.2470484856510615,-0.630092734366462,0.10146004508838985,-3.5893357512787514,-3.5632847470666817,-3.595884934297568,-3.573035346925418
-1.2469953950260604,-0.6299169499914596,0.10145186083488215,-3.5894299075287455,-3.5635653595666943,-3.596070709297562,-3.573319971925418
-1.2471015762760627,-0.6300575774914616,0.10146822934189755,-3.5895240637787396,-3.564874884566752,-3.5972782467975257,-3.5745533469254163
-1.2470484856510615,-0.6300224206164611,0.10146004508838985,-3.5893357512787514,-3.56347182206669,-3.5959778217975646,-3.5731302219254175
-1.2469953950260604,-0.6301278912414625,0.10146004508838985,-3.5893357512787514,-3.5630976720666734,-3.5954204967975816,-3.572655846925418
-1.2471546669010638,-0.6300224206164611,0.10146413721514369,-3.5895240637787396,-3.5636588970666985,-3.5959778217975646,-3.573319971925418
-1.2470484856510615,-0.6299872637414607,0.10146004508838985,-3.5896182200287337,-3.5632847470666817,-3.5957920467975706,-3.573319971925418
-1.247260848151066,-0.6299872637414607,0.10146413721514369,-3.5894299075287455,-3.562349372066641,-3.594956059297596,-3.571801971925419
-1.0360731815772721,-0.5252542308960577,0.12457482932767852,-2.9963993113531933,-2.9782406906644168,-3.0075489404167888,-2.9856730780360756
-1.0358154511480717,-0.5251487602710565,0.12457482932767852,-2.996116842603211,-2.9780536156644084,-3.0072702779167964,-2.985483328036076
-1.0360432590396869,-0.5253245446460586,0.124562552947417,-2.9965876238531814,-2.9778665406644,-3.0071773904167998,-2.985483328036076
-1.036050981735492,-0.5252893877710583,0.124562552947417,-2.9965876238531814,-2.978334228164421,-3.0076418279167854,-2.985483328036076
-1.0359293550938793,-0.5252267967168627,0.12455436869390929,-2.9964934676031874,-2.978427765664425,-3.0078276029167803,-2.9855782030360754
-1.0360432590396869,-0.5252267967168627,0.12457073720092468,-2.9963993113531933,-2.97739885316438,-3.0067129529168133,-2.984629453036076
-1.0359901684146857,-0.5252267967168627,0.12456664507417084,-2.996116842603211,-2.9782406906644168,-3.0075489404167888,-2.9856730780360756
-1.0359370777896846,-0.5251839171460568,0.124562552947417,-2.9963993113531933,-2.9782406906644168,-3.0074560529167913,-2.985767953036076
-1.0359293550938793,-0.5252190740210574,0.12457073720092468,-2.9963993113531933,-2.9781471531644126,-3.0075489404167888,-2.985767953036076
-1.0359139097022687,-0.5252893877710583,0.12457073720092468,-2.9963993113531933,-2.9782406906644168,-3.0075489404167888,-2.985767953036076
-1.0359293550938793,-0.5252893877710583,0.12457073720092468,-2.996210998853205,-2.9782406906644168,-3.0074560529167913,-2.9859577030360756
-1.0359370777896846,-0.5251839171460568,0.124562552947417,-2.9964934676031874,-2.978334228164421,-3.007363165416794,-2.985767953036076
-1.0360432590396869,-0.5252190740210574,0.12456664507417084,-2.9963993113531933,-2.9781471531644126,-3.0075489404167888,-2.9859577030360756
-1.036050981735492,-0.5252267967168627,0.12455436869390929,-2.9965876238531814,-2.9781471531644126,-3.0072702779167964,-2.985483328036076
-1.0359370777896846,-0.525261953591863,0.124562552947417,-2.996210998853205,-2.978334228164421,-3.007363165416794,-2.9858628280360753
-1.0359370777896846,-0.5252542308960577,0.12457892145443236,-2.9963993113531933,-2.9782406906644168,-3.0075489404167888,-2.9856730780360756
-1.0359370777896846,-0.5252190740210574,0.124562552947417,-2.9965876238531814,-2.9780536156644084,-3.0074560529167913,-2.985483328036076
-1.0359293550938793,-0.5252190740210574,0.12457482932767852,-2.9963993113531933,-2.977773003164396,-3.0068987279168082,-2.985198703036076
-1.035921632398074,-0.5252542308960577,0.12457203349474524,-2.9965876238531814,-2.9781471531644126,-3.0076418279167854,-2.9856730780360756
-1.0359901684146857,-0.5252971104668636,0.1245733297885658,-2.9963993113531933,-2.9781471531644126,-3.0074560529167913,-2.985767953036076
-1.036104072360493,-0.5252267967168627,0.1245733297885658,-2.9963993113531933,-2.978334228164421,-3.007363165416794,-2.9853884530360757
-1.0360587044312974,-0.5252267967168627,0.12456514553505811,-2.996210998853205,-2.9782406906644168,-3.0075489404167888,-2.985767953036076
-1.0359824457188804,-0.525261953591863,0.12456105340830427,-2.996116842603211,-2.978334228164421,-3.007920490416777,-2.985767953036076
-1.0359824457188804,-0.5251487602710565,0.12456514553505811,-2.996210998853205,-2.9782406906644168,-3.007363165416794,-2.9858628280360753
-1.0360278136480763,-0.5251916398418621,0.1245733297885658,-2.996116842603211,-2.9780536156644084,-3.0074560529167913,-2.985767953036076
-1.0359293550938793,-0.5251916398418621,0.12456923766181195,-2.9967759363531696,-2.978334228164421,-3.0075489404167888,-2.9856730780360756
-1.0359824457188804,-0.5252971104668636,0.12456105340830427,-2.996210998853205,-2.9781471531644126,-3.0076418279167854,-2.985767953036076
-1.0359824457188804,-0.525261953591863,0.1245733297885658,-2.9964934676031874,-2.9782406906644168,-3.0074560529167913,-2.985767953036076
-1.0359293550938793,-0.5251916398418621,0.12457742191531965,-2.9964934676031874,-2.9781471531644126,-3.0075489404167888,-2.9855782030360754
-1.0359824457188804,-0.5252971104668636,0.12456923766181195,-2.9964934676031874,-2.979269603164462,-3.0085707029167574,-2.987001328036074
-1.0360355363438816,-0.525261953591863,0.1245733297885658,-2.9963993113531933,-2.9779600781644042,-3.0074560529167913,-2.9858628280360753
-1.0359370777896846,-0.525261953591863,0.1245733297885658,-2.9963993113531933,-2.9781471531644126,-3.0074560529167913,-2.9855782030360754
-1.0360355363438816,-0.5252267967168627,0.12456105340830427,-2.9963993113531933,-2.9781471531644126,-3.0074560529167913,-2.9858628280360753
-1.0360278136480763,-0.525261953591863,0.12457612562149908,-2.996210998853205,-2.9776794656643917,-3.0067129529168133,-2.9853884530360757
-1.0359293550938793,-0.5252971104668636,0.12458151404207349,-2.9965876238531814,-2.9775859281643884,-3.0068987279168082,-2.9851038280360758
-1.0360355363438816,-0.5252971104668636,0.12456923766181195,-2.996116842603211,-2.97739885316438,-3.0065271779168192,-2.9850089530360764
-1.0360355363438816,-0.5252267967168627,0.12457742191531965,-2.996210998853205,-2.9781471531644126,-3.007363165416794,-2.9858628280360753
-1.0361417175938838,-0.525261953591863,0.12457203349474524,-2.9965876238531814,-2.9786148406644335,-3.0080133779167744,-2.986147453036075
-1.0361417175938838,-0.525261953591863,0.12455975711448371,-2.9965876238531814,-2.9781471531644126,-3.0075489404167888,-2.985483328036076
-1.0360432590396869,-0.5251564829668618,0.12455975711448371,-2.9963993113531933,-2.9785213031644293,-3.0078276029167803,-2.9862423280360755
-1.0359370777896846,-0.525261953591863,0.12457203349474524,-2.9964934676031874,-2.9781471531644126,-3.0072702779167964,-2.9853884530360757
-1.0359901684146857,-0.5251564829668618,0.12455975711448371,-2.996022686353217,-2.9780536156644084,-3.0075489404167888,-2.985483328036076
-1.0360432590396869,-0.5252267967168627,0.12457203349474524,-2.9963993113531933,-2.978895453164445,-3.00847781541676,-2.986432078036075
-1.0361417175938838,-0.5252971104668636,0.12457203349474524,-2.9966817801031755,-2.9780536156644084,-3.0076418279167854,-2.985767953036076
-1.036096349664688,-0.525261953591863,0.12455975711448371,-2.9963993113531933,-2.9771182406643675,-3.0062485154168277,-2.984534578036077
-1.0359448004854896,-0.5252267967168627,0.12456794136799139,-2.9965876238531814,-2.978334228164421,-3.0074560529167913,-2.9856730780360756
-1.0359370777896846,-0.5251564829668618,0.12455566498772985,-2.996210998853205,-2.9782406906644168,-3.0075489404167888,-2.985767953036076
-1.0359901684146857,-0.5252971104668636,0.12457612562149908,-2.9963993113531933,-2.978427765664425,-3.0074560529167913,-2.9858628280360753
-1.0360278136480763,-0.5252267967168627,0.12457203349474524,-2.9964934676031874,-2.9801114406644986,-3.009778240416721,-2.9876654530360742
-1.0361339948980786,-0.5252267967168627,0.12457203349474524,-2.9964934676031874,-2.9780536156644084,-3.0074560529167913,-2.9856730780360756
-1.0359824457188804,-0.5252267967168627,0.12457612562149908,-2.996210998853205,-2.9781471531644126,-3.0075489404167888,-2.985767953036076
-1.0359824457188804,-0.525261953591863,0.12455157286097601,-2.9963993113531933,-2.9781471531644126,-3.0070845029168023,-2.985483328036076
-1.0359293550938793,-0.525261953591863,0.12457203349474524,-2.9963993113531933,-2.9772117781643717,-3.0068987279168082,-2.984629453036076
-1.0361417175938838,-0.5252267967168627,0.12457203349474524,-2.9964934676031874,-2.9781471531644126,-3.0072702779167964,-2.985767953036076
-1.0359370777896846,-0.5252267967168627,0.12456384924123755,-2.9963993113531933,-2.9776794656643917,-3.0071773904167998,-2.9853884530360757
-1.0359370777896846,-0.5252971104668636,0.12457203349474524,-2.9963993113531933,-2.9776794656643917,-3.0068987279168082,-2.985483328036076
-1.0359370777896846,-0.5251916398418621,0.12456794136799139,-2.9963993113531933,-2.9776794656643917,-3.0068987279168082,-2.985198703036076
-1.036096349664688,-0.5252971104668636,0.12456384924123755,-2.9965876238531814,-2.9781471531644126,-3.0076418279167854,-2.9856730780360756
-1.0359293550938793,-0.5251916398418621,0.12457203349474524,-2.996210998853205,-2.9782406906644168,-3.0076418279167854,-2.9859577030360756
-1.0361417175938838,-0.525261953591863,0.12456384924123755,-2.996210998853205,-2.9781471531644126,-3.0075489404167888,-2.9855782030360754
-1.0360355363438816,-0.5252267967168627,0.12456384924123755,-2.9963993113531933,-2.978334228164421,-3.0076418279167854,-2.985483328036076
-1.0360432590396869,-0.525261953591863,0.12457612562149908,-2.996305155103199,-2.9781471531644126,-3.0076418279167854,-2.985767953036076
-1.0359370777896846,-0.5251564829668618,0.12455975711448371,-2.996210998853205,-2.9785213031644293,-3.0076418279167854,-2.9856730780360756
-1.0361494402896891,-0.5253674242168644,0.12457203349474524,-2.9966817801031755,-2.9780536156644084,-3.0075489404167888,-2.9856730780360756
-1.0360432590396869,-0.5251916398418621,0.12457203349474524,-2.9965876238531814,-2.978334228164421,-3.0076418279167854,-2.985767953036076
-1.0359901684146857,-0.5251916398418621,0.12457203349474524,-2.9965876238531814,-2.9780536156644084,-3.0074560529167913,-2.9852935780360763
-1.0360432590396869,-0.525261953591863,0.12456794136799139,-2.996116842603211,-2.978334228164421,-3.0075489404167888,-2.985767953036076
-1.0360355363438816,-0.5252267967168627,0.12457203349474524,-2.9963993113531933,-2.9775859281643884,-3.0068058404168108,-2.9851038280360758
-1.0359293550938793,-0.5252971104668636,0.12456794136799139,-2.9964934676031874,-2.978334228164421,-3.0076418279167854,-2.985483328036076
-1.0360432590396869,-0.5251916398418621,0.12456384924123755,-2.9964934676031874,-2.9781471531644126,-3.0076418279167854,-2.985767953036076
-1.0361494402896891,-0.5252971104668636,0.12458430987500678,-2.9965876238531814,-2.9782406906644168,-3.0076418279167854,-2.985767953036076
-1.0359370777896846,-0.5252267967168627,0.12456384924123755,-2.9963993113531933,-2.9782406906644168,-3.0076418279167854,-2.9855782030360754
-1.0359901684146857,-0.5251916398418621,0.12455975711448371,-2.9963993113531933,-2.978427765664425,-3.0076418279167854,-2.985767953036076
-1.0360432590396869,-0.5253322673418639,0.12457203349474524,-2.996210998853205,-2.9767440906643508,-3.005784077916842,-2.983965328036077
-1.0359370777896846,-0.5251564829668618,0.12455975711448371,-2.9963993113531933,-2.9780536156644084,-3.007363165416794,-2.985483328036076
-1.0359293550938793,-0.525261953591863,0.12455975711448371,-2.9963993113531933,-2.9785213031644293,-3.0076418279167854,-2.985767953036076
-1.0360355363438816,-0.5251916398418621,0.12457203349474524,-2.9963993113531933,-2.978427765664425,-3.007734715416783,-2.9859577030360756
-1.0362556215396914,-0.5251916398418621,0.12457203349474524,-2.9965876238531814,-2.9781471531644126,-3.0074560529167913,-2.9855782030360754
-1.0358839871646834,-0.5252267967168627,0.12457203349474524,-2.996305155103199,-2.9781471531644126,-3.0074560529167913,-2.9858628280360753
-1.036096349664688,-0.5252267967168627,0.12457203349474524,-2.9965876238531814,-2.9781471531644126,-3.0075489404167888,-2.9859577030360756
-1.0360432590396869,-0.5252267967168627,0.12455975711448371,-2.9964934676031874,-2.9781471531644126,-3.0075489404167888,-2.985767953036076
-1.0359370777896846,-0.5251916398418621,0.12456794136799139,-2.996210998853205,-2.9782406906644168,-3.0074560529167913,-2.9856730780360756
-1.0359293550938793,-0.5252971104668636,0.12457612562149908,-2.9964934676031874,-2.977305315664376,-3.0070845029168023,-2.985198703036076
-1.03572471528968,-0.5251564829668618,0.12457203349474524,-2.9963993113531933,-2.9780536156644084,-3.0074560529167913,-2.9856730780360756
-1.0360432590396869,-0.525261953591863,0.12457203349474524,-2.996305155103199,-2.9782406906644168,-3.0075489404167888,-2.985483328036076
-1.0359370777896846,-0.525261953591863,0.12457612562149908,-2.9963993113531933,-2.9782406906644168,-3.0074560529167913,-2.9853884530360757
-1.0360432590396869,-0.5252267967168627,0.12457203349474524,-2.996210998853205,-2.978334228164421,-3.0078276029167803,-2.9858628280360753
-1.0359370777896846,-0.5252267967168627,0.12457203349474524,-2.996305155103199,-2.9782406906644168,-3.0074560529167913,-2.985767953036076
-1.0359370777896846,-0.5252267967168627,0.12457203349474524,-2.9964934676031874,-2.9779600781644042,-3.0074560529167913,-2.9856730780360756
-1.0359901684146857,-0.5252971104668636,0.12455566498772985,-2.9963993113531933,-2.978334228164421,-3.0078276029167803,-2.985767953036076
-1.0361494402896891,-0.5252971104668636,0.12457203349474524,-2.9964934676031874,-2.9794566781644702,-3.0089422529167464,-2.9873808280360743
-1.0359901684146857,-0.5252190740210574,0.12456794136799139,-2.9963993113531933,-2.9782406906644168,-3.0076418279167854,-2.9858628280360753
-1.0359901684146857,-0.5252113513252521,0.12456384924123755,-2.9963993113531933,-2.978334228164421,-3.0074560529167913,-2.985767953036076
-1.0359370777896846,-0.525281665075253,0.12458021774825292,-2.9963993113531933,-2.9780536156644084,-3.0075489404167888,-2.9856730780360756
-1.0361494402896891,-0.525281665075253,0.12458021774825292,-2.9965876238531814,-2.9785213031644293,-3.0076418279167854,-2.9859577030360756
-1.0359370777896846,-0.5251761944502515,0.12457203349474524,-2.9963993113531933,-2.9782406906644168,-3.0074560529167913,-2.9856730780360756
-1.0359370777896846,-0.5252465082002524,0.12457203349474524,-2.9964934676031874,-2.9756216406643015,-3.00485520291687,-2.9829217030360784
-1.0358839871646834,-0.5252113513252521,0.12457203349474524,-2.9965876238531814,-2.9782406906644168,-3.0074560529167913,-2.9856730780360756
-1.0360432590396869,-0.5252113513252521,0.12455975711448371,-2.996210998853205,-2.9782406906644168,-3.0074560529167913,-2.985483328036076
-1.0360432590396869,-0.5252465082002524,0.12455975711448371,-2.9965876238531814,-2.9781471531644126,-3.0074560529167913,-2.9858628280360753
-1.0361494402896891,-0.5252113513252521,0.12455975711448371,-2.996305155103199,-2.9779600781644042,-3.0072702779167964,-2.985483328036076
-1.0361494402896891,-0.5252465082002524,0.12457612562149908,-2.9964934676031874,-2.9782406906644168,-3.0076418279167854,-2.985767953036076
-1.0359370777896846,-0.5251761944502515,0.12456384924123755,-2.9963993113531933,-2.9781471531644126,-3.0076418279167854,-2.9856730780360756
-1.036096349664688,-0.525281665075253,0.12457612562149908,-2.9963993113531933,-2.9782406906644168,-3.0074560529167913,-2.9859577030360756
-1.0360432590396869,-0.5252465082002524,0.12458021774825292,-2.9963993113531933,-2.9782406906644168,-3.0074560529167913,-2.9858628280360753
-1.0359370777896846,-0.5252465082002524,0.12457612562149908,-2.9963993113531933,-2.9785213031644293,-3.007734715416783,-2.9862423280360755
-1.0359901684146857,-0.5252113513252521,0.12455566498772985,-2.9964934676031874,-2.979269603164462,-3.0085707029167574,-2.986716703036075
-1.0358839871646834,-0.5251410375752512,0.12455975711448371,-2.996305155103199,-2.978895453164445,-3.007920490416777,-2.986052578036075
-1.0360432590396869,-0.525281665075253,0.12457612562149908,-2.9963993113531933,-2.97739885316438,-3.0067129529168133,-2.9850089530360764
-1.0360432590396869,-0.525281665075253,0.12456794136799139,-2.9964934676031874,-2.9781471531644126,-3.0075489404167888,-2.9858628280360753
-1.0359370777896846,-0.5252113513252521,0.12457203349474524,-2.9963993113531933,-2.978427765664425,-3.0075489404167888,-2.9858628280360753
-1.0358308965396823,-0.5252113513252521,0.12457203349474524,-2.9963993113531933,-2.976931165664359,-3.0062485154168277,-2.9844397030360765
-1.0359370777896846,-0.5252113513252521,0.12456794136799139,-2.996116842603211,-2.9781471531644126,-3.0076418279167854,-2.9858628280360753
-1.0361494402896891,-0.5252465082002524,0.12457203349474524,-2.9963993113531933,-2.9782406906644168,-3.007363165416794,-2.9856730780360756
-1.036096349664688,-0.5252113513252521,0.12456794136799139,-2.9963993113531933,-2.9780536156644084,-3.0076418279167854,-2.9858628280360753
-1.036096349664688,-0.5252465082002524,0.12456384924123755,-2.9967759363531696,-2.9780536156644084,-3.0076418279167854,-2.985767953036076
-1.0359901684146857,-0.5251761944502515,0.12457612562149908,-2.996210998853205,-2.978427765664425,-3.0076418279167854,-2.9858628280360753
-1.0359901684146857,-0.5252113513252521,0.12455975711448371,-2.9963993113531933,-2.9782406906644168,-3.0075489404167888,-2.9859577030360756
-1.0359370777896846,-0.5252113513252521,0.12455566498772985,-2.996210998853205,-2.9785213031644293,-3.0075489404167888,-2.9856730780360756
-1.0359370777896846,-0.5251761944502515,0.12456794136799139,-2.996210998853205,-2.9781471531644126,-3.0072702779167964,-2.9855782030360754
-1.0359370777896846,-0.5251839171460568,0.12455975711448371,-2.9964934676031874,-2.978427765664425,-3.0075489404167888,-2.9855782030360754
-1.0360432590396869,-0.5252542308960577,0.12456384924123755,-2.9963993113531933,-2.9780536156644084,-3.0075489404167888,-2.9855782030360754
-1.0360432590396869,-0.5252893877710583,0.12457203349474524,-2.9965876238531814,-2.9781471531644126,-3.0075489404167888,-2.9855782030360754
-1.0360432590396869,-0.5252542308960577,0.12457612562149908,-2.996210998853205,-2.977305315664376,-3.0064342904168218,-2.9848192030360767
-1.0359901684146857,-0.5252542308960577,0.12456384924123755,-2.9965876238531814,-2.978427765664425,-3.0076418279167854,-2.9858628280360753
-1.0359901684146857,-0.5252893877710583,0.12457203349474524,-2.996116842603211,-2.9782406906644168,-3.0075489404167888,-2.985767953036076
-1.0359370777896846,-0.5251839171460568,0.12457203349474524,-2.9963993113531933,-2.9785213031644293,-3.0076418279167854,-2.9855782030360754
-1.0359370777896846,-0.5252190740210574,0.12457203349474524,-2.9963993113531933,-2.9781471531644126,-3.0076418279167854,-2.9855782030360754
-1.0360432590396869,-0.5252542308960577,0.12458021774825292,-2.9966817801031755,-2.978427765664425,-3.007734715416783,-2.9859577030360756
-1.0359901684146857,-0.5251487602710565,0.12457203349474524,-2.9963993113531933,-2.9782406906644168,-3.0075489404167888,-2.9858628280360753
-1.0360432590396869,-0.5252190740210574,0.12457203349474524,-2.9963993113531933,-2.978334228164421,-3.007734715416783,-2.985767953036076
-1.0359370777896846,-0.5252190740210574,0.12455975711448371,-2.9963993113531933,-2.9765570156643424,-3.005969852916836,-2.9838704530360776
-1.0360432590396869,-0.5252190740210574,0.12457203349474524,-2.9964934676031874,-2.9787083781644377,-3.0081991529167684,-2.986052578036075
-1.0359370777896846,-0.5252542308960577,0.12456384924123755,-2.9963993113531933,-2.978427765664425,-3.0074560529167913,-2.985767953036076
-1.0360432590396869,-0.5252893877710583,0.12457612562149908,-2.9963993113531933,-2.977773003164396,-3.0067129529168133,-2.9851038280360758
-1.036096349664688,-0.5252893877710583,0.12457612562149908,-2.9963993113531933,-2.9782406906644168,-3.0076418279167854,-2.985767953036076
-1.0359370777896846,-0.5251487602710565,0.12456384924123755,-2.996116842603211,-2.9781471531644126,-3.007363165416794,-2.9853884530360757
-1.036096349664688,-0.5252190740210574,0.12457612562149908,-2.9965876238531814,-2.9780536156644084,-3.0072702779167964,-2.985483328036076
-1.036096349664688,-0.5253597015210592,0.12458021774825292,-2.9964934676031874,-2.9785213031644293,-3.0076418279167854,-2.986052578036075
-1.0360432590396869,-0.5253245446460586,0.12457203349474524,-2.9963993113531933,-2.9785213031644293,-3.0074560529167913,-2.985767953036076
-1.0359370777896846,-0.5252893877710583,0.12457203349474524,-2.9966817801031755,-2.9782406906644168,-3.0076418279167854,-2.9858628280360753
-1.0360432590396869,-0.5252542308960577,0.12458021774825292,-2.9963993113531933,-2.9782406906644168,-3.0076418279167854,-2.9856730780360756
-1.0359901684146857,-0.5251839171460568,0.12457612562149908,-2.996210998853205,-2.978801915664442,-3.0080133779167744,-2.986052578036075
-1.0360432590396869,-0.5252893877710583,0.12456794136799139,-2.9963993113531933,-2.9791760656644577,-3.0087564779167515,-2.9870962030360744
-1.0359901684146857,-0.5251839171460568,0.12457203349474524,-2.9963993113531933,-2.978334228164421,-3.0076418279167854,-2.9859577030360756
-1.0361494402896891,-0.5252893877710583,0.12456794136799139,-2.9963993113531933,-2.979830828164487,-3.0089422529167464,-2.9874757030360737
-1.0359370777896846,-0.5252542308960577,0.12457203349474524,-2.9963993113531933,-2.9779600781644042,-3.0076418279167854,-2.9853884530360757
-1.0360432590396869,-0.5252893877710583,0.12457612562149908,-2.9965876238531814,-2.978334228164421,-3.0075489404167888,-2.985767953036076
-1.0360432590396869,-0.5252893877710583,0.12457203349474524,-2.9965876238531814,-2.9780536156644084,-3.0075489404167888,-2.9858628280360753
-1.0360432590396869,-0.5252190740210574,0.12456794136799139,-2.9963993113531933,-2.9781471531644126,-3.0071773904167998,-2.985767953036076
-1.0359901684146857,-0.5252190740210574,0.12456384924123755,-2.9964934676031874,-2.9775859281643884,-3.0068987279168082,-2.9850089530360764
-1.036096349664688,-0.5253245446460586,0.12457612562149908,-2.9964934676031874,-2.978334228164421,-3.007734715416783,-2.9858628280360753
-1.0359901684146857,-0.5251839171460568,0.12455566498772985,-2.9963993113531933,-2.979363140664466,-3.0089422529167464,-2.987285953036074
-1.036096349664688,-0.5252893877710583,0.12456384924123755,-2.9963993113531933,-2.9781471531644126,-3.0074560529167913,-2.985767953036076
-1.0359370777896846,-0.5252542308960577,0.12455975711448371,-2.9965876238531814,-2.978334228164421,-3.0072702779167964,-2.985767953036076
-1.0359370777896846,-0.5252542308960577,0.12457203349474524,-2.996210998853205,-2.9779600781644042,-3.0075489404167888,-2.9856730780360756
-1.0358839871646834,-0.5251839171460568,0.12457203349474524,-2.996022686353217,-2.9778665406644,-3.0070845029168023,-2.9850089530360764
-1.036096349664688,-0.5252542308960577,0.12457203349474524,-2.9963993113531933,-2.978334228164421,-3.0074560529167913,-2.985767953036076
-1.0358839871646834,-0.5251839171460568,0.12456384924123755,-2.9963993113531933,-2.9782406906644168,-3.0076418279167854,-2.985483328036076
-1.036096349664688,-0.5253245446460586,0.12455566498772985,-2.996116842603211,-2.977773003164396,-3.006991615416805,-2.9850089530360764
-1.0359370777896846,-0.5252542308960577,0.12455975711448371,-2.996210998853205,-2.978334228164421,-3.0075489404167888,-2.9859577030360756
-1.0360432590396869,-0.5252542308960577,0.12457203349474524,-2.9964934676031874,-2.978801915664442,-3.007920490416777,-2.986337203036075
-1.0360432590396869,-0.5252893877710583,0.12457203349474524,-2.9964934676031874,-2.978427765664425,-3.0076418279167854,-2.9856730780360756
-1.036096349664688,-0.5252893877710583,0.12457203349474524,-2.9964934676031874,-2.978334228164421,-3.0075489404167888,-2.9859577030360756
-1.0359370777896846,-0.5251839171460568,0.12456384924123755,-2.996210998853205,-2.9782406906644168,-3.007363165416794,-2.985767953036076
-1.036096349664688,-0.5252893877710583,0.12456794136799139,-2.9964934676031874,-2.977492390664384,-3.0071773904167998,-2.9851038280360758
-1.0360432590396869,-0.5251839171460568,0.12455975711448371,-2.9964934676031874,-2.978334228164421,-3.0075489404167888,-2.9858628280360753
-1.0359901684146857,-0.5252190740210574,0.12456384924123755,-2.9963993113531933,-2.978334228164421,-3.007734715416783,-2.986147453036075
-1.036096349664688,-0.5252542308960577,0.12457612562149908,-2.9963993113531933,-2.9782406906644168,-3.0076418279167854,-2.985767953036076
-1.0359901684146857,-0.5252190740210574,0.12455566498772985,-2.996305155103199,-2.978334228164421,-3.0076418279167854,-2.9858628280360753
-1.0360432590396869,-0.5252542308960577,0.12457203349474524,-2.9963993113531933,-2.97739885316438,-3.0065271779168192,-2.9848192030360767
-1.0359901684146857,-0.5253597015210592,0.12456384924123755,-2.9964934676031874,-2.9781471531644126,-3.0076418279167854,-2.9858628280360753
-1.0359901684146857,-0.5251839171460568,0.12456794136799139,-2.9963993113531933,-2.9781471531644126,-3.0076418279167854,-2.9859577030360756
-1.0359370777896846,-0.5252190740210574,0.12456384924123755,-2.996210998853205,-2.9771182406643675,-3.006341402916825,-2.9847243280360765
-1.0361494402896891,-0.5252542308960577,0.12456794136799139,-2.9964934676031874,-2.9800179031644944,-3.0094995779167295,-2.9879500780360733
-1.0360432590396869,-0.5252542308960577,0.12456384924123755,-2.9964934676031874,-2.978334228164421,-3.0075489404167888,-2.9856730780360756
-1.036096349664688,-0.5252542308960577,0.12458021774825292,-2.9963993113531933,-2.978334228164421,-3.0075489404167888,-2.9855782030360754
-1.0360432590396869,-0.5251487602710565,0.12457203349474524,-2.9963993113531933,-2.9782406906644168,-3.0072702779167964,-2.9858628280360753
-1.0360432590396869,-0.5252190740210574,0.12457203349474524,-2.9963993113531933,-2.9779600781644042,-3.0068987279168082,-2.9855782030360754
-1.0359370777896846,-0.5252542308960577,0.12456794136799139,-2.9963993113531933,-2.9782406906644168,-3.0076418279167854,-2.9858628280360753
-1.0360432590396869,-0.5252190740210574,0.12457203349474524,-2.996210998853205,-2.9779600781644042,-3.0072702779167964,-2.9853884530360757
-1.0359901684146857,-0.5251839171460568,0.12456644182887866,-2.996210998853205,-2.9795502156644744,-3.0089422529167464,-2.987001328036074
-1.036096349664688,-0.5252893877710583,0.12457462608238637,-2.9963993113531933,-2.9782406906644168,-3.0076418279167854,-2.9855782030360754
-1.0359901684146857,-0.5252542308960577,0.12457462608238637,-2.9964934676031874,-2.9781471531644126,-3.0072702779167964,-2.9855782030360754
-1.0359370777896846,-0.5252190740210574,0.12458281033589405,-2.9964934676031874,-2.9796437531644786,-3.008849365416749,-2.987285953036074
-1.0359370777896846,-0.5252542308960577,0.12457462608238637,-2.996305155103199,-2.978334228164421,-3.007363165416794,-2.985767953036076
-1.0360432590396869,-0.5251839171460568,0.12457871820914021,-2.9965876238531814,-2.978427765664425,-3.0076418279167854,-2.9859577030360756
-1.0361494402896891,-0.5252893877710583,0.1245705339556325,-2.9963993113531933,-2.9775859281643884,-3.0066200654168167,-2.9850089530360764
-1.0360432590396869,-0.5251839171460568,0.12457462608238637,-2.9965876238531814,-2.9782406906644168,-3.0076418279167854,-2.985767953036076
-1.0361494402896891,-0.5252542308960577,0.12456234970212482,-2.9964934676031874,-2.9775859281643884,-3.0068058404168108,-2.9850089530360764
-1.0359370777896846,-0.5252542308960577,0.12457871820914021,-2.9967759363531696,-2.9780536156644084,-3.0074560529167913,-2.985767953036076
-1.0359901684146857,-0.5252542308960577,0.12457462608238637,-2.9963993113531933,-2.9782406906644168,-3.0075489404167888,-2.9859577030360756
-1.036096349664688,-0.5252893877710583,0.1245705339556325,-2.9963993113531933,-2.9781471531644126,-3.0075489404167888,-2.9856730780360756
-1.0359370777896846,-0.5251839171460568,0.12457462608238637,-2.9965876238531814,-2.9781471531644126,-3.0074560529167913,-2.9855782030360754
-1.0360432590396869,-0.5252542308960577,0.12457462608238637,-2.9963993113531933,-2.9781471531644126,-3.0074560529167913,-2.985767953036076
-1.036096349664688,-0.5252893877710583,0.12457871820914021,-2.9964934676031874,-2.9782406906644168,-3.0072702779167964,-2.9858628280360753
-1.0359370777896846,-0.5251839171460568,0.12456234970212482,-2.9963993113531933,-2.978334228164421,-3.007734715416783,-2.9856730780360756
-1.0359370777896846,-0.5251839171460568,0.12456644182887866,-2.9965876238531814,-2.9781471531644126,-3.0074560529167913,-2.985767953036076
-1.036096349664688,-0.5251839171460568,0.12457871820914021,-2.9963993113531933,-2.9782406906644168,-3.0075489404167888,-2.9858628280360753
-1.0360432590396869,-0.5251487602710565,0.12456234970212482,-2.996116842603211,-2.978334228164421,-3.007734715416783,-2.986147453036075
-1.0359901684146857,-0.5252190740210574,0.12456644182887866,-2.996210998853205,-2.9770247031643633,-3.0062485154168277,-2.9848192030360767
-1.0362025309146903,-0.5253245446460586,0.12457462608238637,-2.996210998853205,-2.9781471531644126,-3.0074560529167913,-2.9853884530360757
-1.0360432590396869,-0.5252542308960577,0.12456234970212482,-2.9964934676031874,-2.9778665406644,-3.0076418279167854,-2.985767953036076
-1.0359901684146857,-0.5251839171460568,0.12457462608238637,-2.9963993113531933,-2.9782406906644168,-3.0074560529167913,-2.985767953036076
-1.0359901684146857,-0.5252893877710583,0.12455825757537098,-2.996210998853205,-2.9771182406643675,-3.0064342904168218,-2.984629453036076
-1.0359370777896846,-0.5251839171460568,0.1245500733218633,-2.996210998853205,-2.978334228164421,-3.0074560529167913,-2.9855782030360754
-1.036096349664688,-0.5252542308960577,0.12456234970212482,-2.9963993113531933,-2.9782406906644168,-3.007734715416783,-2.9859577030360756
-1.0359901684146857,-0.5252190740210574,0.12456234970212482,-2.9963993113531933,-2.9781471531644126,-3.0072702779167964,-2.985767953036076
-1.036096349664688,-0.5252542308960577,0.12457871820914021,-2.9964934676031874,-2.978334228164421,-3.0076418279167854,-2.985767953036076
-1.0360432590396869,-0.5252190740210574,0.12457462608238637,-2.9963993113531933,-2.9772117781643717,-3.0065271779168192,-2.9848192030360767
-1.0360432590396869,-0.5252893877710583,0.12458281033589405,-2.9963993113531933,-2.9782406906644168,-3.0074560529167913,-2.9858628280360753
-1.036096349664688,-0.5252893877710583,0.12456644182887866,-2.996305155103199,-2.9785213031644293,-3.007734715416783,-2.9859577030360756
-1.0359370777896846,-0.5252542308960577,0.1245705339556325,-2.9964934676031874,-2.9781471531644126,-3.0075489404167888,-2.985767953036076
-1.0362025309146903,-0.5252893877710583,0.12457462608238637,-2.9964934676031874,-2.9782406906644168,-3.0072702779167964,-2.9855782030360754
-1.036096349664688,-0.5252190740210574,0.12457871820914021,-2.9964934676031874,-2.9782406906644168,-3.007734715416783,-2.986052578036075
-1.036096349664688,-0.5252190740210574,0.12457462608238637,-2.9964934676031874,-2.9785213031644293,-3.007920490416777,-2.986052578036075
-1.0360432590396869,-0.5252190740210574,0.12456644182887866,-2.9963993113531933,-2.977492390664384,-3.0070845029168023,-2.9852935780360763
-1.0361494402896891,-0.5251487602710565,0.12457462608238637,-2.9963993113531933,-2.9782406906644168,-3.0074560529167913,-2.985767953036076
-1.0360432590396869,-0.5251839171460568,0.12457462608238637,-2.9964934676031874,-2.9772117781643717,-3.0064342904168218,-2.984629453036076
-1.0360432590396869,-0.5252542308960577,0.12457462608238637,-2.9963993113531933,-2.979269603164462,-3.0085707029167574,-2.9869064530360747
-1.0361494402896891,-0.5252542308960577,0.12457871820914021,-2.9963993113531933,-2.977773003164396,-3.0071773904167998,-2.9853884530360757
-1.0361494402896891,-0.5252190740210574,0.12457871820914021,-2.9965876238531814,-2.978334228164421,-3.0078276029167803,-2.985767953036076
-1.0359901684146857,-0.5253245446460586,0.12457462608238637,-2.9965876238531814,-2.978334228164421,-3.0074560529167913,-2.9855782030360754
-1.0360432590396869,-0.5252542308960577,0.12457462608238637,-2.9964934676031874,-2.9775859281643884,-3.0068058404168108,-2.985198703036076
-1.0360432590396869,-0.5252542308960577,0.12456234970212482,-2.9963993113531933,-2.9775859281643884,-3.0067129529168133,-2.9850089530360764
-1.0359901684146857,-0.525113603396056,0.12456644182887866,-2.9963993113531933,-2.9782406906644168,-3.0075489404167888,-2.985767953036076
-1.0360432590396869,-0.5252190740210574,0.12456234970212482,-2.996305155103199,-2.9782406906644168,-3.0076418279167854,-2.9856730780360756
-1.036096349664688,-0.5252190740210574,0.1245705339556325,-2.9964934676031874,-2.977305315664376,-3.0068058404168108,-2.9848192030360767
-1.0360432590396869,-0.5251487602710565,0.12455825757537098,-2.996116842603211,-2.978427765664425,-3.007734715416783,-2.9858628280360753
-1.0360432590396869,-0.5252893877710583,0.12457462608238637,-2.9963993113531933,-2.9781471531644126,-3.0076418279167854,-2.985767953036076
-1.0359901684146857,-0.5251839171460568,0.12457462608238637,-2.996210998853205,-2.97739885316438,-3.0067129529168133,-2.9847243280360765
-1.0360432590396869,-0.5252893877710583,0.12457462608238637,-2.9963993113531933,-2.9781471531644126,-3.0075489404167888,-2.985767953036076
-1.0359370777896846,-0.5251487602710565,0.12456644182887866,-2.9965876238531814,-2.9780536156644084,-3.0074560529167913,-2.9856730780360756
-1.0359901684146857,-0.5251839171460568,0.12456234970212482,-2.9964934676031874,-2.9780536156644084,-3.0074560529167913,-2.9855782030360754
-1.0361494402896891,-0.5253597015210592,0.12456644182887866,-2.9963993113531933,-2.9785213031644293,-3.0074560529167913,-2.986052578036075
-1.036096349664688,-0.5253245446460586,0.12458281033589405,-2.9963993113531933,-2.979737290664483,-3.0093138029167346,-2.9874757030360737
-1.0360432590396869,-0.5252190740210574,0.12457462608238637,-2.996116842603211,-2.9782406906644168,-3.0074560529167913,-2.9858628280360753
-1.0361494402896891,-0.5252893877710583,0.12457462608238637,-2.9964934676031874,-2.9790825281644535,-3.008292040416766,-2.9865269530360745
-1.0361494402896891,-0.5253245446460586,0.12457462608238637,-2.9965876238531814,-2.9780536156644084,-3.0072702779167964,-2.985483328036076
-1.0359901684146857,-0.5252190740210574,0.12457462608238637,-2.9964934676031874,-2.9781471531644126,-3.0074560529167913,-2.985767953036076
-1.0360432590396869,-0.5252190740210574,0.12456644182887866,-2.9963993113531933,-2.9779600781644042,-3.0074560529167913,-2.9856730780360756
-1.0360432590396869,-0.5253245446460586,0.12457462608238637,-2.9965876238531814,-2.978427765664425,-3.007734715416783,-2.9858628280360753
-1.0361494402896891,-0.5252893877710583,0.12456644182887866,-2.9963993113531933,-2.9778665406644,-3.0070845029168023,-2.985198703036076
-1.0359901684146857,-0.5252190740210574,0.12456234970212482,-2.996022686353217,-2.9781471531644126,-3.0075489404167888,-2.9858628280360753
-1.036096349664688,-0.5252190740210574,0.1245705339556325,-2.9963993113531933,-2.978334228164421,-3.0074560529167913,-2.985767953036076
-1.0359370777896846,-0.5252190740210574,0.12457462608238637,-2.9964934676031874,-2.9781471531644126,-3.0074560529167913,-2.9853884530360757
-1.0361494402896891,-0.5252190740210574,0.12457462608238637,-2.9965876238531814,-2.9781471531644126,-3.0072702779167964,-2.9856730780360756
-1.036096349664688,-0.5251839171460568,0.12457462608238637,-2.9963993113531933,-2.9781471531644126,-3.0076418279167854,-2.985767953036076
-1.036096349664688,-0.5252190740210574,0.12457462608238637,-2.9966817801031755,-2.9781471531644126,-3.0075489404167888,-2.985767953036076
-1.036096349664688,-0.5251839171460568,0.12457462608238637,-2.9964934676031874,-2.978334228164421,-3.007363165416794,-2.985767953036076
-0.8248411153199182,-0.4203326154003145,0.14763232379241337,-2.39875505892793,-2.3911794132075563,-2.42379530837238,-2.3952977334832344
-0.8249096513365299,-0.42043808602531596,0.14762823166565953,-2.39875505892793,-2.391085875707552,-2.4238881958723777,-2.3951079834832347
-0.8250766459073386,-0.4203952064545101,0.14763232379241337,-2.39875505892793,-2.3907117257075354,-2.4233308708723937,-2.3950131084832345
-0.8249173740323352,-0.420219422079508,0.14763232379241337,-2.398566746427942,-2.390898800707544,-2.4237024208723827,-2.3952977334832344
-0.8250766459073386,-0.42043808602531596,0.14763232379241337,-2.398566746427942,-2.3903375757075196,-2.423052208372402,-2.394538733483235
-0.8250235552823375,-0.4203677722753151,0.14763232379241337,-2.39875505892793,-2.390898800707544,-2.4236095333723853,-2.3951079834832347
-0.8249781873531417,-0.4203600495795098,0.14763232379241337,-2.398849215177924,-2.3908052632075396,-2.4238881958723777,-2.3953926084832338
-0.8251828271573409,-0.4204226406337054,0.14763232379241337,-2.3989433714279182,-2.390898800707544,-2.4235166458723887,-2.395202858483234
-0.8249096513365299,-0.42032489270450923,0.14764869229942876,-2.3982842776779596,-2.390056963207507,-2.4229593208724056,-2.394348983483235
-0.8249627419615311,-0.4203600495795098,0.1476364159191672,-2.398849215177924,-2.3907117257075354,-2.4235166458723887,-2.3951079834832347
-0.8250689232115334,-0.4203677722753151,0.1476364159191672,-2.398849215177924,-2.3931437007076424,-2.42611749587231,-2.3977644834832317
-0.8250843686031439,-0.4204029291503154,0.14763232379241337,-2.398849215177924,-2.3907117257075354,-2.42379530837238,-2.395487483483234
-0.8249328194239458,-0.4202974585253142,0.1476364159191672,-2.39875505892793,-2.3913664882075647,-2.4240739708723718,-2.3953926084832338
-0.8250920912989492,-0.42043808602531596,0.1476364159191672,-2.398849215177924,-2.3908052632075396,-2.4236095333723853,-2.395202858483234
-0.8250312779781428,-0.4203677722753151,0.14763232379241337,-2.39875505892793,-2.390898800707544,-2.4235166458723887,-2.3952977334832344
-0.8249627419615311,-0.4203326154003145,0.14763232379241337,-2.398566746427942,-2.391085875707552,-2.4237024208723827,-2.3952977334832344
-0.8249627419615311,-0.4203677722753151,0.14762823166565953,-2.39875505892793,-2.390898800707544,-2.4235166458723887,-2.3952977334832344
-0.8249627419615311,-0.4203677722753151,0.1476446001726749,-2.39875505892793,-2.3907117257075354,-2.42379530837238,-2.3952977334832344
-0.8250766459073386,-0.4203677722753151,0.1476364159191672,-2.398566746427942,-2.3902440382075154,-2.423052208372402,-2.3947284834832345
-0.8249781873531417,-0.4203677722753151,0.14762823166565953,-2.39875505892793,-2.3908052632075396,-2.42379530837238,-2.395202858483234
-0.8251905498531462,-0.4204732429003165,0.14763232379241337,-2.39875505892793,-2.391085875707552,-2.4236095333723853,-2.3955823584832343
-0.8249781873531417,-0.42050839977531684,0.14762413953890569,-2.398660902677936,-2.391085875707552,-2.4244455208723608,-2.3959618584832336
-0.8250689232115334,-0.4204029291503154,0.14764050804592105,-2.39875505892793,-2.3908052632075396,-2.4235166458723887,-2.395202858483234
-0.8249096513365299,-0.4203326154003145,0.14763232379241337,-2.398566746427942,-2.3908052632075396,-2.4236095333723853,-2.3953926084832338
-0.8251673817657303,-0.42043808602531596,0.14763232379241337,-2.39875505892793,-2.391460025707569,-2.424259745872366,-2.3958669834832333
-0.8249627419615311,-0.4203326154003145,0.1476364159191672,-2.398660902677936,-2.390992338207548,-2.4237024208723827,-2.395202858483234
-0.8249704646573364,-0.4203326154003145,0.1476364159191672,-2.39875505892793,-2.3911794132075563,-2.4238881958723777,-2.3953926084832338
-0.8250235552823375,-0.42043808602531596,0.14763511962534664,-2.39875505892793,-2.3907117257075354,-2.4237024208723827,-2.395487483483234
-0.8249173740323352,-0.42043808602531596,0.1476310274985928,-2.398566746427942,-2.390898800707544,-2.4236095333723853,-2.395202858483234
-0.8250312779781428,-0.4203326154003145,0.14763511962534664,-2.39875505892793,-2.3908052632075396,-2.4236095333723853,-2.3952977334832344
-0.8250235552823375,-0.4203677722753151,0.14763511962534664,-2.398472590177948,-2.391085875707552,-2.42379530837238,-2.3955823584832343
-0.8249173740323352,-0.4202974585253142,0.14764330387885433,-2.398566746427942,-2.390898800707544,-2.42379530837238,-2.3952977334832344
-0.8249704646573364,-0.4203326154003145,0.1476310274985928,-2.398660902677936,-2.390898800707544,-2.42379530837238,-2.3953926084832338
-0.8250689232115334,-0.4203677722753151,0.14763511962534664,-2.39875505892793,-2.390056963207507,-2.422866433372408,-2.394538733483235
-0.8250235552823375,-0.4203523268837045,0.14763921175210049,-2.39875505892793,-2.3918341757075847,-2.425002845872344,-2.396436233483233
-0.8250235552823375,-0.4204226406337054,0.14763921175210049,-2.398849215177924,-2.3908052632075396,-2.4237024208723827,-2.3953926084832338
-0.8249704646573364,-0.4203523268837045,0.14763921175210049,-2.39875505892793,-2.3908052632075396,-2.4238881958723777,-2.395487483483234
-0.8249250967281405,-0.4203523268837045,0.1476310274985928,-2.398566746427942,-2.391460025707569,-2.4239810833723743,-2.395772108483234
-0.8250235552823375,-0.4204226406337054,0.14762693537183896,-2.398849215177924,-2.3908052632075396,-2.4236095333723853,-2.395202858483234
-0.8250235552823375,-0.4203523268837045,0.14763921175210049,-2.398849215177924,-2.390992338207548,-2.42379530837238,-2.3952977334832344
-0.8250158325865322,-0.4203523268837045,0.1476310274985928,-2.398660902677936,-2.3908052632075396,-2.4237024208723827,-2.3952977334832344
-0.8248488380157235,-0.4203874837587048,0.14762693537183896,-2.39875505892793,-2.391085875707552,-2.42379530837238,-2.395202858483234
-0.8250235552823375,-0.4203523268837045,0.14763921175210049,-2.398566746427942,-2.390524650707527,-2.4235166458723887,-2.394823358483235
-0.8250766459073386,-0.4204226406337054,0.14763921175210049,-2.398849215177924,-2.3907117257075354,-2.423423758372391,-2.3952977334832344
-0.8249704646573364,-0.4203874837587048,0.14763511962534664,-2.398849215177924,-2.3908052632075396,-2.4236095333723853,-2.3951079834832347
-0.8249704646573364,-0.4203874837587048,0.1476310274985928,-2.39875505892793,-2.3907117257075354,-2.4236095333723853,-2.3953926084832338
-0.8249627419615311,-0.42031717000870394,0.1476310274985928,-2.39875505892793,-2.391085875707552,-2.4239810833723743,-2.3953926084832338
-0.8251220138365345,-0.4203523268837045,0.14763921175210049,-2.398566746427942,-2.3901505007075112,-2.422866433372408,-2.3944438584832346
-0.8249019286407246,-0.42031717000870394,0.14763511962534664,-2.39875505892793,-2.3901505007075112,-2.423052208372402,-2.3944438584832346
-0.8249627419615311,-0.4203523268837045,0.14763511962534664,-2.39875505892793,-2.389963425707503,-2.422680658372414,-2.3940643584832353
-0.8250766459073386,-0.4204226406337054,0.1476310274985928,-2.398660902677936,-2.39239540070761,-2.4252815083723354,-2.3968157334832325
-0.8250766459073386,-0.4204226406337054,0.14763921175210049,-2.39875505892793,-2.3907117257075354,-2.4238881958723777,-2.395202858483234
-0.8249781873531417,-0.4203600495795098,0.14762693537183896,-2.398566746427942,-2.390992338207548,-2.423423758372391,-2.3955823584832343
-0.8250766459073386,-0.4202820131337036,0.14763921175210049,-2.39875505892793,-2.3908052632075396,-2.4236095333723853,-2.395202858483234
-0.8249627419615311,-0.42031717000870394,0.14762693537183896,-2.3989433714279182,-2.3898698882074987,-2.4229593208724056,-2.394538733483235
-0.8248488380157235,-0.42031717000870394,0.14762693537183896,-2.398849215177924,-2.391085875707552,-2.4237024208723827,-2.395202858483234
-0.8250689232115334,-0.42031717000870394,0.1476310274985928,-2.39875505892793,-2.3907117257075354,-2.42379530837238,-2.395202858483234
-0.8250689232115334,-0.42032489270450923,0.14763511962534664,-2.398660902677936,-2.3907117257075354,-2.4236095333723853,-2.3952977334832344
-0.8251828271573409,-0.4202820131337036,0.14763921175210049,-2.398660902677936,-2.3907117257075354,-2.42379530837238,-2.3952977334832344
-0.8250312779781428,-0.4204226406337054,0.1476310274985928,-2.39875505892793,-2.390992338207548,-2.42379530837238,-2.3953926084832338
-0.8250843686031439,-0.4203874837587048,0.14763511962534664,-2.398849215177924,-2.3907117257075354,-2.4236095333723853,-2.3953926084832338
-0.8250235552823375,-0.4203523268837045,0.14763921175210049,-2.39875505892793,-2.3908052632075396,-2.4238881958723777,-2.3952977334832344
-0.8249173740323352,-0.4203600495795098,0.14763511962534664,-2.398660902677936,-2.3908052632075396,-2.42379530837238,-2.395202858483234
-0.8248642834073341,-0.4203600495795098,0.1476310274985928,-2.398660902677936,-2.390898800707544,-2.42379530837238,-2.3953926084832338
-0.8249704646573364,-0.4203952064545101,0.14763511962534664,-2.39875505892793,-2.390898800707544,-2.4238881958723777,-2.3953926084832338
-0.8250689232115334,-0.42043036332951067,0.14763511962534664,-2.398566746427942,-2.3907117257075354,-2.4237024208723827,-2.3953926084832338
-0.8249173740323352,-0.42032489270450923,0.1476310274985928,-2.398566746427942,-2.3911794132075563,-2.4239810833723743,-2.395487483483234
-0.8250312779781428,-0.4203600495795098,0.14763511962534664,-2.398472590177948,-2.391085875707552,-2.42379530837238,-2.3952977334832344
-0.8251905498531462,-0.42032489270450923,0.14763511962534664,-2.398660902677936,-2.390898800707544,-2.42379530837238,-2.3952977334832344
-0.8250235552823375,-0.4202897358295089,0.1476473960056082,-2.398849215177924,-2.3907117257075354,-2.4235166458723887,-2.3951079834832347
-0.8249704646573364,-0.4203952064545101,0.14763921175210049,-2.398566746427942,-2.390898800707544,-2.4238881958723777,-2.3952977334832344
-0.8249704646573364,-0.4202897358295089,0.14763511962534664,-2.398566746427942,-2.390898800707544,-2.42379530837238,-2.3952977334832344
-0.8249096513365299,-0.4203600495795098,0.14762693537183896,-2.398849215177924,-2.3908052632075396,-2.4236095333723853,-2.3955823584832343
-0.8250689232115334,-0.42043036332951067,0.1476310274985928,-2.398566746427942,-2.3911794132075563,-2.4238881958723777,-2.395487483483234
-0.8251828271573409,-0.4203952064545101,0.14763511962534664,-2.398849215177924,-2.3912729507075605,-2.424259745872366,-2.3955823584832343
-0.8249781873531417,-0.4204655202045112,0.14764998859324932,-2.39875505892793,-2.3907117257075354,-2.4237024208723827,-2.3953926084832338
-0.8251374592281451,-0.42032489270450923,0.14763771221298777,-2.398566746427942,-2.3901505007075112,-2.4231450958723997,-2.394538733483235
-0.8251297365323398,-0.4203600495795098,0.14764589646649545,-2.398566746427942,-2.390898800707544,-2.4236095333723853,-2.395202858483234
-0.8249173740323352,-0.42043036332951067,0.14763771221298777,-2.398472590177948,-2.390898800707544,-2.4236095333723853,-2.3953926084832338
-0.8249704646573364,-0.42025457895450835,0.14763771221298777,-2.398566746427942,-2.3907117257075354,-2.4237024208723827,-2.3952977334832344
-0.8248565607115288,-0.42032489270450923,0.14763362008623393,-2.398472590177948,-2.391085875707552,-2.42379530837238,-2.3952977334832344
-0.8250235552823375,-0.42050067707951155,0.14763771221298777,-2.39875505892793,-2.3911794132075563,-2.4241668583723692,-2.3953926084832338
-0.8250312779781428,-0.4203952064545101,0.14764998859324932,-2.39875505892793,-2.3912729507075605,-2.4238881958723777,-2.3959618584832336
-0.8250843686031439,-0.4202897358295089,0.14762543583272625,-2.398849215177924,-2.3907117257075354,-2.4236095333723853,-2.3953926084832338
-0.8249704646573364,-0.4202897358295089,0.1476418043397416,-2.398849215177924,-2.3907117257075354,-2.4235166458723887,-2.3951079834832347
-0.8249173740323352,-0.4203952064545101,0.14763771221298777,-2.39875505892793,-2.391085875707552,-2.4237024208723827,-2.3952977334832344
-0.8251828271573409,-0.4203952064545101,0.14763771221298777,-2.39875505892793,-2.3908052632075396,-2.42379530837238,-2.395202858483234
-0.8249704646573364,-0.4203600495795098,0.14763771221298777,-2.39875505892793,-2.3906181882075312,-2.4237024208723827,-2.3952977334832344
-0.8249096513365299,-0.42032489270450923,0.14763362008623393,-2.39875505892793,-2.3903375757075196,-2.423237983372397,-2.394633608483235
-0.8250689232115334,-0.42043036332951067,0.1476418043397416,-2.39875505892793,-2.3908052632075396,-2.42379530837238,-2.395487483483234
-0.8250158325865322,-0.42043036332951067,0.1476418043397416,-2.3989433714279182,-2.390898800707544,-2.4236095333723853,-2.3953926084832338
-0.8250158325865322,-0.42043036332951067,0.1476418043397416,-2.398849215177924,-2.390898800707544,-2.42379530837238,-2.3950131084832345
-0.8250766459073386,-0.42043036332951067,0.1476418043397416,-2.39875505892793,-2.390992338207548,-2.423423758372391,-2.395202858483234
-0.8248642834073341,-0.42043036332951067,0.14763362008623393,-2.39875505892793,-2.391085875707552,-2.42379530837238,-2.3953926084832338
-0.8249704646573364,-0.42043036332951067,0.14763771221298777,-2.39875505892793,-2.3908052632075396,-2.4237024208723827,-2.3952977334832344
-0.8249173740323352,-0.42032489270450923,0.1476418043397416,-2.398566746427942,-2.3906181882075312,-2.423423758372391,-2.3950131084832345
-0.8249096513365299,-0.42043036332951067,0.1476418043397416,-2.398566746427942,-2.390898800707544,-2.4235166458723887,-2.395202858483234
-0.8250158325865322,-0.4203952064545101,0.14764998859324932,-2.398660902677936,-2.391085875707552,-2.42379530837238,-2.3953926084832338
-0.8249627419615311,-0.42043036332951067,0.1476418043397416,-2.39875505892793,-2.3907117257075354,-2.423423758372391,-2.395202858483234
-0.8250689232115334,-0.42032489270450923,0.14763362008623393,-2.398660902677936,-2.390992338207548,-2.42379530837238,-2.3953926084832338
-0.8250766459073386,-0.42032489270450923,0.14763362008623393,-2.3989433714279182,-2.3907117257075354,-2.42379530837238,-2.395202858483234
-0.8250235552823375,-0.42043036332951067,0.1476418043397416,-2.398849215177924,-2.391085875707552,-2.4238881958723777,-2.3955823584832343
-0.8249704646573364,-0.4203952064545101,0.14763771221298777,-2.39875505892793,-2.3896828132074903,-2.4227735458724107,-2.394538733483235
-0.8249627419615311,-0.4202897358295089,0.1476418043397416,-2.398849215177924,-2.390898800707544,-2.42379530837238,-2.3953926084832338
-0.8250158325865322,-0.4203600495795098,0.1476295279594801,-2.39875505892793,-2.390898800707544,-2.42379530837238,-2.3953926084832338
-0.8250689232115334,-0.4203952064545101,0.1476418043397416,-2.398849215177924,-2.3906181882075312,-2.42379530837238,-2.3953926084832338
-0.8250689232115334,-0.4203952064545101,0.14764589646649545,-2.398472590177948,-2.389963425707503,-2.4227735458724107,-2.394538733483235
-0.8250158325865322,-0.4202897358295089,0.14763771221298777,-2.39875505892793,-2.390898800707544,-2.4237024208723827,-2.3955823584832343
-0.8251297365323398,-0.4203600495795098,0.14764998859324932,-2.39875505892793,-2.390992338207548,-2.423423758372391,-2.395202858483234
-0.8249173740323352,-0.42025457895450835,0.1476295279594801,-2.398660902677936,-2.3908052632075396,-2.423423758372391,-2.395202858483234
-0.8251828271573409,-0.4203600495795098,0.1476295279594801,-2.398566746427942,-2.3906181882075312,-2.4236095333723853,-2.395202858483234
-0.8249627419615311,-0.42043036332951067,0.14763771221298777,-2.39875505892793,-2.390992338207548,-2.42379530837238,-2.3953926084832338
-0.8250689232115334,-0.42032489270450923,0.14763771221298777,-2.398566746427942,-2.390431113207523,-2.4227735458724107,-2.3947284834832345
-0.8249096513365299,-0.420219422079508,0.14762543583272625,-2.39875505892793,-2.3907117257075354,-2.42379530837238,-2.3955823584832343
-0.8249096513365299,-0.4202897358295089,0.14762543583272625,-2.398566746427942,-2.390898800707544,-2.42379530837238,-2.395202858483234
-0.8250235552823375,-0.4202897358295089,0.14764589646649545,-2.398849215177924,-2.3908052632075396,-2.42379530837238,-2.395202858483234
-0.8249627419615311,-0.4203600495795098,0.14763771221298777,-2.39875505892793,-2.391085875707552,-2.4240739708723718,-2.3955823584832343
-0.8250158325865322,-0.42043036332951067,0.14763362008623393,-2.39875505892793,-2.391085875707552,-2.42379530837238,-2.395202858483234
-0.8251220138365345,-0.42032489270450923,0.1476295279594801,-2.398849215177924,-2.390056963207507,-2.4229593208724056,-2.394823358483235
-0.8250766459073386,-0.42043036332951067,0.1476295279594801,-2.398660902677936,-2.3908052632075396,-2.4236095333723853,-2.3952977334832344
-0.8250158325865322,-0.42032489270450923,0.14764998859324932,-2.39875505892793,-2.3917406382075805,-2.4249099583723464,-2.396056733483234
-0.8250158325865322,-0.42043036332951067,0.14763771221298777,-2.398849215177924,-2.3911794132075563,-2.4239810833723743,-2.395772108483234
-0.8251297365323398,-0.4203600495795098,0.14763362008623393,-2.39875505892793,-2.3908052632075396,-2.42379530837238,-2.395202858483234
-0.8250390006739481,-0.4203600495795098,0.14765408072000316,-2.39875505892793,-2.390431113207523,-2.423423758372391,-2.3950131084832345
-0.8250766459073386,-0.42032489270450923,0.14763771221298777,-2.398660902677936,-2.3908052632075396,-2.4236095333723853,-2.395487483483234
-0.8249627419615311,-0.42032489270450923,0.14763362008623393,-2.39875505892793,-2.390898800707544,-2.4236095333723853,-2.3952977334832344
-0.8249472965699205,-0.42025457895450835,0.14763362008623393,-2.3989433714279182,-2.3907117257075354,-2.4236095333723853,-2.3955823584832343
-0.8249096513365299,-0.4203600495795098,0.1476418043397416,-2.398660902677936,-2.3906181882075312,-2.423423758372391,-2.3950131084832345
-0.8249704646573364,-0.42043036332951067,0.14763771221298777,-2.398849215177924,-2.393050163207638,-2.4262103833723065,-2.3976696084832323
-0.8250766459073386,-0.4203952064545101,0.1476418043397416,-2.398660902677936,-2.390992338207548,-2.4235166458723887,-2.3952977334832344
-0.8249250967281405,-0.42032489270450923,0.14764998859324932,-2.398566746427942,-2.3908052632075396,-2.42379530837238,-2.3955823584832343
-0.8249627419615311,-0.42032489270450923,0.1476418043397416,-2.398472590177948,-2.3907117257075354,-2.4236095333723853,-2.3953926084832338
-0.8249627419615311,-0.4203600495795098,0.1476418043397416,-2.39875505892793,-2.390992338207548,-2.4238881958723777,-2.395487483483234
-0.8251142911407292,-0.4203600495795098,0.14763362008623393,-2.398849215177924,-2.3906181882075312,-2.423423758372391,-2.3953926084832338
-0.8250158325865322,-0.4205358339545121,0.14764998859324932,-2.39875505892793,-2.391085875707552,-2.4239810833723743,-2.3952977334832344
-0.8250766459073386,-0.42032489270450923,0.14763362008623393,-2.39875505892793,-2.3906181882075312,-2.4237024208723827,-2.3951079834832347
-0.8250235552823375,-0.42032489270450923,0.1476418043397416,-2.398660902677936,-2.390898800707544,-2.4236095333723853,-2.3955823584832343
-0.8251905498531462,-0.42031717000870394,0.14763362008623393,-2.39875505892793,-2.391460025707569,-2.42379530837238,-2.3958669834832333
-0.8250235552823375,-0.4203446041878992,0.14763362008623393,-2.398849215177924,-2.3908052632075396,-2.4235166458723887,-2.3953926084832338
-0.8249627419615311,-0.42030944731289865,0.14763771221298777,-2.39875505892793,-2.390898800707544,-2.4236095333723853,-2.3951079834832347
-0.8249550192657258,-0.4203446041878992,0.1476418043397416,-2.3989433714279182,-2.3907117257075354,-2.4237024208723827,-2.395202858483234
-0.8250689232115334,-0.42037976106289954,0.1476418043397416,-2.398660902677936,-2.3908052632075396,-2.42379530837238,-2.3952977334832344
-0.8250766459073386,-0.42037976106289954,0.1476295279594801,-2.39875505892793,-2.390524650707527,-2.423423758372391,-2.3950131084832345
-0.8250843686031439,-0.42037976106289954,0.14764589646649545,-2.398849215177924,-2.3918341757075847,-2.4243526333723633,-2.3961516084832333
-0.8250766459073386,-0.4204149179379001,0.14764998859324932,-2.3989433714279182,-2.3908052632075396,-2.42379530837238,-2.3950131084832345
-0.8248642834073341,-0.42043036332951067,0.14763771221298777,-2.39875505892793,-2.3908052632075396,-2.4237024208723827,-2.395202858483234
-0.8250766459073386,-0.42032489270450923,0.14763771221298777,-2.39875505892793,-2.3912729507075605,-2.4238881958723777,-2.3952977334832344
-0.8250235552823375,-0.42031717000870394,0.14763771221298777,-2.398849215177924,-2.3912729507075605,-2.4240739708723718,-2.395202858483234
-0.8251905498531462,-0.42037976106289954,0.14763771221298777,-2.39875505892793,-2.390431113207523,-2.423423758372391,-2.3951079834832347
-0.8250766459073386,-0.42037976106289954,0.14762823166565953,-2.398566746427942,-2.3907117257075354,-2.42379530837238,-2.3952977334832344
-0.8250689232115334,-0.42030944731289865,0.1476364159191672,-2.39875505892793,-2.3911794132075563,-2.4237024208723827,-2.3952977334832344
-0.8250534778199228,-0.42030944731289865,0.14764050804592105,-2.39875505892793,-2.390524650707527,-2.4236095333723853,-2.395202858483234
-0.8248565607115288,-0.4204149179379001,0.14764869229942876,-2.398849215177924,-2.3907117257075354,-2.4235166458723887,-2.3950131084832345
-0.8250843686031439,-0.4203446041878992,0.1476364159191672,-2.398472590177948,-2.3908052632075396,-2.4236095333723853,-2.3952977334832344
-0.8250843686031439,-0.4203446041878992,0.1476446001726749,-2.398660902677936,-2.390898800707544,-2.42379530837238,-2.3955823584832343
-0.8249704646573364,-0.4202742904378983,0.14763232379241337,-2.398849215177924,-2.3907117257075354,-2.4236095333723853,-2.395202858483234
-0.8249019286407246,-0.42023913356289777,0.14763232379241337,-2.39875505892793,-2.390524650707527,-2.4236095333723853,-2.395202858483234
-0.8247957473907224,-0.42037976106289954,0.14764050804592105,-2.398472590177948,-2.390898800707544,-2.4237024208723827,-2.395202858483234
-0.8249550192657258,-0.42030944731289865,0.14763232379241337,-2.3983784339279537,-2.390898800707544,-2.42379530837238,-2.395202858483234
-0.8251374592281451,-0.4203446041878992,0.1476364159191672,-2.39875505892793,-2.3907117257075354,-2.4237024208723827,-2.395202858483234
-0.8251374592281451,-0.4204149179379001,0.14763232379241337,-2.398849215177924,-2.3908052632075396,-2.4236095333723853,-2.3951079834832347
-0.8251905498531462,-0.42030944731289865,0.14763232379241337,-2.398660902677936,-2.3908052632075396,-2.4236095333723853,-2.3951079834832347
-0.8250158325865322,-0.4202742904378983,0.14762413953890569,-2.398566746427942,-2.390898800707544,-2.4236095333723853,-2.3952977334832344
-0.8250081098907269,-0.42023913356289777,0.1476364159191672,-2.39875505892793,-2.390898800707544,-2.42379530837238,-2.395202858483234
-0.8250534778199228,-0.4202742904378983,0.1476364159191672,-2.398849215177924,-2.390524650707527,-2.4231450958723997,-2.394823358483235
-0.8249627419615311,-0.4203446041878992,0.1476364159191672,-2.39875505892793,-2.391085875707552,-2.4239810833723743,-2.3956772334832337
-0.8250766459073386,-0.4203446041878992,0.14763232379241337,-2.398472590177948,-2.389963425707503,-2.4227735458724107,-2.394538733483235
-0.8250843686031439,-0.42030944731289865,0.14764869229942876,-2.398566746427942,-2.391085875707552,-2.42379530837238,-2.3955823584832343
-0.8249704646573364,-0.42030944731289865,0.14763232379241337,-2.398566746427942,-2.3908052632075396,-2.4237024208723827,-2.395202858483234
-0.8251828271573409,-0.42037976106289954,0.1476446001726749,-2.398849215177924,-2.390898800707544,-2.4236095333723853,-2.3952977334832344
-0.8250612005157281,-0.4203446041878992,0.14764050804592105,-2.3989433714279182,-2.390898800707544,-2.42379530837238,-2.3955823584832343
-0.8250081098907269,-0.42037976106289954,0.1476364159191672,-2.39875505892793,-2.3908052632075396,-2.4238881958723777,-2.3952977334832344
-0.8251751044615356,-0.420485231687901,0.1476446001726749,-2.3991316839279064,-2.3908052632075396,-2.4236095333723853,-2.3952977334832344
-0.8251220138365345,-0.42037976106289954,0.14764050804592105,-2.398849215177924,-2.3903375757075196,-2.4231450958723997,-2.3947284834832345
-0.8249173740323352,-0.4203446041878992,0.1476364159191672,-2.39875505892793,-2.390992338207548,-2.4236095333723853,-2.3952977334832344
-0.8250766459073386,-0.42020397668789744,0.14763232379241337,-2.39875505892793,-2.391927713207589,-2.4249099583723464,-2.396625983483233
-0.8250158325865322,-0.42030944731289865,0.14764869229942876,-2.398849215177924,-2.390431113207523,-2.423423758372391,-2.394918233483234
-0.8249704646573364,-0.4203446041878992,0.14762823166565953,-2.398660902677936,-2.3913664882075647,-2.4239810833723743,-2.3958669834832333
-0.8251905498531462,-0.4204149179379001,0.14764050804592105,-2.398849215177924,-2.390898800707544,-2.4235166458723887,-2.395202858483234
-0.8251220138365345,-0.4204149179379001,0.14764050804592105,-2.39875505892793,-2.391085875707552,-2.4236095333723853,-2.3952977334832344
-0.8249550192657258,-0.4204149179379001,0.1476364159191672,-2.39875505892793,-2.3908052632075396,-2.42379530837238,-2.395487483483234
-0.8249472965699205,-0.42023913356289777,0.14762823166565953,-2.39875505892793,-2.3908052632075396,-2.4235166458723887,-2.3952977334832344
-0.8250235552823375,-0.42037976106289954,0.1476364159191672,-2.39875505892793,-2.390898800707544,-2.4237024208723827,-2.395202858483234
-0.8251905498531462,-0.4204149179379001,0.14764050804592105,-2.3989433714279182,-2.3908052632075396,-2.4237024208723827,-2.3953926084832338
-0.8250390006739481,-0.42030944731289865,0.1476364159191672,-2.39875505892793,-2.390898800707544,-2.42379530837238,-2.3952977334832344
-0.8250689232115334,-0.4203446041878992,0.1476364159191672,-2.398566746427942,-2.390898800707544,-2.4237024208723827,-2.395202858483234
-0.8250612005157281,-0.42030944731289865,0.1476446001726749,-2.39875505892793,-2.3908052632075396,-2.4235166458723887,-2.395202858483234
-0.8250534778199228,-0.42037976106289954,0.1476364159191672,-2.398849215177924,-2.3908052632075396,-2.42379530837238,-2.395202858483234
-0.8250689232115334,-0.4204149179379001,0.14764869229942876,-2.3989433714279182,-2.390992338207548,-2.42379530837238,-2.395487483483234
-0.8250235552823375,-0.4203446041878992,0.1476364159191672,-2.39875505892793,-2.3908052632075396,-2.42379530837238,-2.395202858483234
-0.8249704646573364,-0.4202742904378983,0.14763232379241337,-2.398849215177924,-2.390992338207548,-2.4239810833723743,-2.3952977334832344
-0.8250766459073386,-0.42031717000870394,0.1476364159191672,-2.398660902677936,-2.3903375757075196,-2.423052208372402,-2.394823358483235
-0.8249704646573364,-0.42031717000870394,0.14762823166565953,-2.398660902677936,-2.3906181882075312,-2.4236095333723853,-2.395202858483234
-0.8249627419615311,-0.4203446041878992,0.14764050804592105,-2.398566746427942,-2.3908052632075396,-2.42379530837238,-2.3953926084832338
-0.8249550192657258,-0.4204149179379001,0.14763232379241337,-2.398472590177948,-2.3908052632075396,-2.4237024208723827,-2.3953926084832338
-0.8249550192657258,-0.4204149179379001,0.14763232379241337,-2.398660902677936,-2.3908052632075396,-2.42379530837238,-2.3952977334832344
-0.8249627419615311,-0.4202820131337036,0.1476364159191672,-2.39875505892793,-2.3903375757075196,-2.4229593208724056,-2.3950131084832345
-0.8251751044615356,-0.42031717000870394,0.14763232379241337,-2.39875505892793,-2.3888409757074536,-2.4214731208724505,-2.3932104834832364
-0.8250689232115334,-0.4203446041878992,0.1476446001726749,-2.39875505892793,-2.390992338207548,-2.4236095333723853,-2.395487483483234
-0.8250766459073386,-0.42030944731289865,0.14762413953890569,-2.39875505892793,-2.391085875707552,-2.4237024208723827,-2.3953926084832338
-0.8249173740323352,-0.4203446041878992,0.1476446001726749,-2.398566746427942,-2.3908052632075396,-2.4235166458723887,-2.3952977334832344
-0.8251220138365345,-0.4203523268837045,0.1476446001726749,-2.398849215177924,-2.3907117257075354,-2.4236095333723853,-2.395202858483234
-0.8251220138365345,-0.42031717000870394,0.14764050804592105,-2.398660902677936,-2.3912729507075605,-2.4239810833723743,-2.3959618584832336
-0.8250235552823375,-0.4202820131337036,0.14762413953890569,-2.398660902677936,-2.3907117257075354,-2.4235166458723887,-2.395202858483234
-0.8250158325865322,-0.4204149179379001,0.1476364159191672,-2.398849215177924,-2.3921147882075973,-2.4249099583723464,-2.396720858483233
-0.8250081098907269,-0.4204149179379001,0.1476364159191672,-2.398566746427942,-2.390898800707544,-2.42379530837238,-2.3951079834832347
-0.8250235552823375,-0.4202742904378983,0.14762823166565953,-2.398849215177924,-2.3896828132074903,-2.422866433372408,-2.3940643584832353
-0.8252359177823421,-0.42024685625870306,0.14763232379241337,-2.39875505892793,-2.3908052632075396,-2.42379530837238,-2.3955823584832343
-0.8250843686031439,-0.4203523268837045,0.1476364159191672,-2.398660902677936,-2.391085875707552,-2.4237024208723827,-2.3951079834832347
-0.8251751044615356,-0.4204149179379001,0.14762823166565953,-2.39875505892793,-2.3912729507075605,-2.4239810833723743,-2.3955823584832343
-0.8251751044615356,-0.4203446041878992,0.1476364159191672,-2.398849215177924,-2.390524650707527,-2.423423758372391,-2.394823358483235
-0.8250158325865322,-0.4202742904378983,0.14764050804592105,-2.398472590177948,-2.3906181882075312,-2.4236095333723853,-2.3951079834832347
-0.8250158325865322,-0.4203446041878992,0.14763232379241337,-2.39875505892793,-2.390056963207507,-2.423052208372402,-2.3944438584832346
-0.8251828271573409,-0.4203446041878992,0.1476364159191672,-2.39875505892793,-2.390898800707544,-2.42379530837238,-2.3953926084832338
-0.8251297365323398,-0.42045779750870593,0.14764869229942876,-2.39875505892793,-2.391085875707552,-2.4237024208723827,-2.3953926084832338
-0.8251905498531462,-0.4204226406337054,0.1476364159191672,-2.398660902677936,-2.390898800707544,-2.4236095333723853,-2.3953926084832338
-0.8249704646573364,-0.4203874837587048,0.14763232379241337,-2.398660902677936,-2.3908052632075396,-2.4237024208723827,-2.3953926084832338
-0.8251220138365345,-0.42037976106289954,0.1476364159191672,-2.398660902677936,-2.390992338207548,-2.4236095333723853,-2.3953926084832338
-0.8248034700865277,-0.42045007481290064,0.14764869229942876,-2.398566746427942,-2.390992338207548,-2.4238881958723777,-2.3953926084832338
-0.8249019286407246,-0.4202742904378983,0.14762823166565953,-2.398566746427942,-2.3907117257075354,-2.4235166458723887,-2.395202858483234
-0.8252812857115379,-0.4204226406337054,0.14763232379241337,-2.398660902677936,-2.3908052632075396,-2.42379530837238,-2.3953926084832338
-0.8249627419615311,-0.4203874837587048,0.14763232379241337,-2.3990375276779123,-2.3906181882075312,-2.42379530837238,-2.395202858483234
-0.8250766459073386,-0.42030944731289865,0.14764869229942876,-2.398660902677936,-2.3901505007075112,-2.422866433372408,-2.3944438584832346
-0.8250312779781428,-0.42037976106289954,0.14764050804592105,-2.3989433714279182,-2.390992338207548,-2.4237024208723827,-2.3955823584832343
-0.8250766459073386,-0.4203523268837045,0.14764050804592105,-2.3989433714279182,-2.3917406382075805,-2.4247241833723523,-2.396436233483233
-0.8250158325865322,-0.4203523268837045,0.1476364159191672,-2.398660902677936,-2.3907117257075354,-2.42379530837238,-2.3955823584832343
-0.8249550192657258,-0.4203874837587048,0.14764050804592105,-2.3989433714279182,-2.390898800707544,-2.4236095333723853,-2.395202858483234
-0.8251142911407292,-0.4204149179379001,0.1476446001726749,-2.398566746427942,-2.390992338207548,-2.4239810833723743,-2.3955823584832343
-0.8249627419615311,-0.4202742904378983,0.1476364159191672,-2.398566746427942,-2.389589275707486,-2.422494883372419,-2.3940643584832353
-0.8251828271573409,-0.4204149179379001,0.14762413953890569,-2.39875505892793,-2.390431113207523,-2.423237983372397,-2.394918233483234
-0.8249781873531417,-0.42031717000870394,0.1476364159191672,-2.398566746427942,-2.390898800707544,-2.42379530837238,-2.3955823584832343
-0.8250766459073386,-0.4203523268837045,0.14763232379241337,-2.398566746427942,-2.390898800707544,-2.4237024208723827,-2.395202858483234
-0.8250235552823375,-0.4203874837587048,0.14764869229942876,-2.398849215177924,-2.3911794132075563,-2.42379530837238,-2.3955823584832343
-0.8249627419615311,-0.42031717000870394,0.1476364159191672,-2.398660902677936,-2.3901505007075112,-2.422866433372408,-2.3944438584832346
-0.8251673817657303,-0.42030944731289865,0.14764050804592105,-2.398660902677936,-2.391085875707552,-2.4238881958723777,-2.3952977334832344
-0.8251751044615356,-0.4203874837587048,0.14763232379241337,-2.398849215177924,-2.3903375757075196,-2.423237983372397,-2.394918233483234
-0.8249627419615311,-0.4202820131337036,0.14764869229942876,-2.398566746427942,-2.3898698882074987,-2.422680658372414,-2.3944438584832346
-0.8250689232115334,-0.4203874837587048,0.14763232379241337,-2.398472590177948,-2.390898800707544,-2.4236095333723853,-2.3955823584832343
-0.8250689232115334,-0.42031717000870394,0.14764050804592105,-2.398566746427942,-2.3908052632075396,-2.4236095333723853,-2.395202858483234
-0.8251751044615356,-0.42031717000870394,0.1476364159191672,-2.3989433714279182,-2.3901505007075112,-2.4224019958724226,-2.394254108483235
-0.8250766459073386,-0.4202820131337036,0.14762823166565953,-2.398566746427942,-2.390898800707544,-2.42379530837238,-2.3953926084832338
-0.8250766459073386,-0.42031717000870394,0.14764050804592105,-2.39875505892793,-2.3907117257075354,-2.4237024208723827,-2.395202858483234
-0.8248642834073341,-0.4203523268837045,0.14764050804592105,-2.398472590177948,-2.3907117257075354,-2.4237024208723827,-2.395202858483234
-0.8250235552823375,-0.4202820131337036,0.14763232379241337,-2.398472590177948,-2.390898800707544,-2.423423758372391,-2.3950131084832345
-0.8249627419615311,-0.4203523268837045,0.1476364159191672,-2.398566746427942,-2.3908052632075396,-2.423423758372391,-2.3951079834832347
-0.8250158325865322,-0.42031717000870394,0.1476364159191672,-2.3983784339279537,-2.389121588207466,-2.422123333372431,-2.3937797334832354
-0.8249627419615311,-0.42031717000870394,0.14762823166565953,-2.398472590177948,-2.3908052632075396,-2.4236095333723853,-2.3952977334832344
-0.8250158325865322,-0.4203874837587048,0.14762823166565953,-2.398849215177924,-2.3906181882075312,-2.42379530837238,-2.3952977334832344
-0.8251828271573409,-0.4203523268837045,0.14764050804592105,-2.398849215177924,-2.3908052632075396,-2.4237024208723827,-2.3953926084832338
-0.8249627419615311,-0.4203523268837045,0.1476364159191672,-2.398849215177924,-2.3906181882075312,-2.4233308708723937,-2.3952977334832344
-0.6129777477670839,-0.31532766922622013,0.17064610115667647,-1.799415994002773,-1.798225273250437,-1.8286372730463039,-1.7995308560393988
-0.6130385610878903,-0.3152221986012187,0.17064610115667647,-1.799415994002773,-1.7988800357504657,-1.8292874855462844,-1.800194981039399
-0.6129931931586945,-0.3152925123512196,0.17064200902992263,-1.7996043065027612,-1.7988800357504657,-1.8291945980462874,-1.8001001060393986
-0.6132132783545043,-0.315257355476219,0.17064610115667647,-1.7996984627527552,-1.7991606482504783,-1.8292874855462844,-1.8002898560393983
-0.6131601877295032,-0.31532766922622013,0.17064610115667647,-1.7996984627527552,-1.798038198250429,-1.8280799480463208,-1.7990564810393992
-0.6131601877295032,-0.31524963278041374,0.17062973264966108,-1.7996043065027612,-1.799067110750474,-1.8292874855462844,-1.8000052310393984
-0.6131148198003074,-0.31531222383460955,0.17063791690316876,-1.7996043065027612,-1.799067110750474,-1.829566148046276,-1.8002898560393983
-0.6131524650336979,-0.31535510340541517,0.17064200902992263,-1.7996043065027612,-1.79897357325047,-1.8293803730462814,-1.800194981039399
-0.6129931931586945,-0.31531994653041484,0.17063382477641492,-1.7996043065027612,-1.7988800357504657,-1.8291945980462874,-1.800194981039399
-0.6130462837836956,-0.3152847896554143,0.17064200902992263,-1.7993218377527789,-1.79897357325047,-1.82910171054629,-1.800194981039399
-0.6130993744086968,-0.3152221986012187,0.17064610115667647,-1.7996043065027612,-1.799721873250503,-1.8297519230462704,-1.8007642310393979
-0.6131070971045021,-0.3152925123512196,0.1706501932834303,-1.7996043065027612,-1.799067110750474,-1.8290088230462929,-1.800194981039399
-0.6132663689795055,-0.31532766922622013,0.17063791690316876,-1.7997926190027493,-1.79897357325047,-1.8290088230462929,-1.8000052310393984
-0.6131070971045021,-0.3152144759054134,0.17064610115667647,-1.7996043065027612,-1.79897357325047,-1.8291945980462874,-1.800194981039399
-0.6131148198003074,-0.31531994653041484,0.17064610115667647,-1.799415994002773,-1.79897357325047,-1.8289159355462958,-1.800194981039399
-0.6130540064795009,-0.3151518848512178,0.17062973264966108,-1.799415994002773,-1.799067110750474,-1.82910171054629,-1.8002898560393983
-0.6130993744086968,-0.3152925123512196,0.17064200902992263,-1.799415994002773,-1.7993477232504862,-1.8292874855462844,-1.8003847310393986
-0.6131524650336979,-0.3152925123512196,0.17065428541018415,-1.7996984627527552,-1.799067110750474,-1.8290088230462929,-1.8001001060393986
-0.6130916517128915,-0.3152221986012187,0.17063791690316876,-1.799415994002773,-1.79897357325047,-1.82910171054629,-1.8000052310393984
-0.6131070971045021,-0.31532766922622013,0.17064610115667647,-1.799415994002773,-1.799067110750474,-1.8292874855462844,-1.800194981039399
-0.6132818143711161,-0.31532766922622013,0.17064610115667647,-1.7996043065027612,-1.79897357325047,-1.82910171054629,-1.8000052310393984
-0.6131756331211138,-0.31543313985122134,0.17064200902992263,-1.7993218377527789,-1.79897357325047,-1.82910171054629,-1.799910356039399
-0.6132663689795055,-0.31518704172621814,0.17065428541018415,-1.7996984627527552,-1.7988800357504657,-1.8292874855462844,-1.800194981039399
-0.6131524650336979,-0.3152221986012187,0.17064610115667647,-1.7997926190027493,-1.79897357325047,-1.8290088230462929,-1.8003847310393986
-0.6129854704628892,-0.31532766922622013,0.17063791690316876,-1.799415994002773,-1.7992541857504825,-1.8293803730462814,-1.800194981039399
-0.6130916517128915,-0.315257355476219,0.17063791690316876,-1.799510150252767,-1.8001895607505234,-1.8304021355462505,-1.801428356039397
-0.6131524650336979,-0.3152925123512196,0.17064610115667647,-1.799415994002773,-1.7987864982504616,-1.8292874855462844,-1.7998154810393987
-0.6131070971045021,-0.3152925123512196,0.17063791690316876,-1.7996043065027612,-1.79897357325047,-1.8290088230462929,-1.8001001060393986
-0.6131601877295032,-0.315257355476219,0.17064610115667647,-1.7997926190027493,-1.7988800357504657,-1.8292874855462844,-1.8002898560393983
-0.6132210010503096,-0.3152925123512196,0.17064610115667647,-1.7997926190027493,-1.7988800357504657,-1.82910171054629,-1.799910356039399
-0.6130540064795009,-0.3152925123512196,0.17065428541018415,-1.799415994002773,-1.79897357325047,-1.8291945980462874,-1.800194981039399
-0.6130540064795009,-0.31518704172621814,0.17063382477641492,-1.799415994002773,-1.8001895607505234,-1.8303092480462535,-1.8016181060393968
-0.6130385610878903,-0.31532766922622013,0.1706501932834303,-1.799510150252767,-1.799067110750474,-1.8292874855462844,-1.8003847310393986
-0.6130916517128915,-0.31536282610122046,0.17064610115667647,-1.799415994002773,-1.7993477232504862,-1.82910171054629,-1.8001001060393986
-0.6131524650336979,-0.31536282610122046,0.1706501932834303,-1.7996043065027612,-1.7991606482504783,-1.8293803730462814,-1.8002898560393983
-0.6131524650336979,-0.3151518848512178,0.17063791690316876,-1.799510150252767,-1.7988800357504657,-1.8290088230462929,-1.800194981039399
-0.6132586462837002,-0.31532766922622013,0.17064610115667647,-1.799510150252767,-1.799067110750474,-1.8291945980462874,-1.800194981039399
-0.6131524650336979,-0.315397982976221,0.17064610115667647,-1.7991335252527907,-1.7988800357504657,-1.8292874855462844,-1.8001001060393986
-0.6131524650336979,-0.315257355476219,0.17065428541018415,-1.7996984627527552,-1.79897357325047,-1.8291945980462874,-1.800194981039399
-0.6132132783545043,-0.3152925123512196,0.17063791690316876,-1.7996043065027612,-1.7992541857504825,-1.8292874855462844,-1.8000052310393984
-0.6130993744086968,-0.315257355476219,0.17064200902992263,-1.7993218377527789,-1.7985058857504495,-1.8286372730463039,-1.7995308560393988
-0.6130916517128915,-0.31532766922622013,0.17064200902992263,-1.7996043065027612,-1.7988800357504657,-1.8289159355462958,-1.800194981039399
-0.6130993744086968,-0.31532766922622013,0.17064200902992263,-1.7996984627527552,-1.79897357325047,-1.8290088230462929,-1.8000052310393984
-0.6131601877295032,-0.3152925123512196,0.17063791690316876,-1.7996043065027612,-1.7988800357504657,-1.8289159355462958,-1.8000052310393984
-0.6131601877295032,-0.3152925123512196,0.17064610115667647,-1.7997926190027493,-1.7988800357504657,-1.8290088230462929,-1.800194981039399
-0.6131679104253085,-0.3152925123512196,0.17064200902992263,-1.7996043065027612,-1.7987864982504616,-1.8289159355462958,-1.8001001060393986
-0.6132132783545043,-0.315257355476219,0.1706501932834303,-1.799510150252767,-1.797289898250396,-1.8274297355463407,-1.7982974810394001
-0.6129931931586945,-0.315257355476219,0.17064610115667647,-1.7993218377527789,-1.798225273250437,-1.8280799480463208,-1.7993411060393991
-0.6131524650336979,-0.3152221986012187,0.17063791690316876,-1.799415994002773,-1.7988800357504657,-1.82910171054629,-1.8000052310393984
-0.6130916517128915,-0.31536282610122046,0.17063382477641492,-1.7996984627527552,-1.79897357325047,-1.8290088230462929,-1.8001001060393986
-0.6131524650336979,-0.31532766922622013,0.1706448048628559,-1.7996043065027612,-1.7991606482504783,-1.8293803730462814,-1.8002898560393983
-0.6131601877295032,-0.3152221986012187,0.17064071273610207,-1.799415994002773,-1.79897357325047,-1.8291945980462874,-1.800194981039399
-0.6131148198003074,-0.31536282610122046,0.1706448048628559,-1.799510150252767,-1.799067110750474,-1.82910171054629,-1.799910356039399
-0.6131679104253085,-0.3152221986012187,0.1706366206093482,-1.7996043065027612,-1.79897357325047,-1.82910171054629,-1.8001001060393986
-0.6131070971045021,-0.3152925123512196,0.1706448048628559,-1.7997926190027493,-1.79897357325047,-1.8293803730462814,-1.8000052310393984
-0.6130540064795009,-0.31536282610122046,0.17064889698960975,-1.7996043065027612,-1.79897357325047,-1.8291945980462874,-1.800194981039399
-0.6131070971045021,-0.315257355476219,0.1706366206093482,-1.7996043065027612,-1.799067110750474,-1.8291945980462874,-1.800194981039399
-0.6130540064795009,-0.3152925123512196,0.1706448048628559,-1.7996043065027612,-1.7991606482504783,-1.8292874855462844,-1.8002898560393983
-0.613205555658699,-0.315257355476219,0.17064071273610207,-1.7993218377527789,-1.79897357325047,-1.82910171054629,-1.800194981039399
-0.6131524650336979,-0.3152221986012187,0.17063252848259436,-1.7992276815027848,-1.79897357325047,-1.8291945980462874,-1.8000052310393984
-0.6130993744086968,-0.3152221986012187,0.1706366206093482,-1.799415994002773,-1.79897357325047,-1.8291945980462874,-1.800194981039399
-0.6131524650336979,-0.315257355476219,0.1706366206093482,-1.7996043065027612,-1.7987864982504616,-1.8289159355462958,-1.8000052310393984
-0.6131524650336979,-0.315257355476219,0.1706448048628559,-1.799510150252767,-1.7985058857504495,-1.8287301605463013,-1.7997206060393993
-0.6132132783545043,-0.3152925123512196,0.17064071273610207,-1.799415994002773,-1.7995347982504946,-1.8298448105462675,-1.8007642310393979
-0.6132663689795055,-0.31518704172621814,0.1706366206093482,-1.7996043065027612,-1.79897357325047,-1.8290088230462929,-1.8000052310393984
-0.6131601877295032,-0.315257355476219,0.17064071273610207,-1.799510150252767,-1.79897357325047,-1.82910171054629,-1.8000052310393984
-0.6131601877295032,-0.3152925123512196,0.1706448048628559,-1.7996984627527552,-1.7991606482504783,-1.8291945980462874,-1.8000052310393984
-0.6132586462837002,-0.3152925123512196,0.1706448048628559,-1.7996043065027612,-1.7984123482504453,-1.8284514980463098,-1.7995308560393988
-0.6131524650336979,-0.3152221986012187,0.1706366206093482,-1.7996043065027612,-1.7985058857504495,-1.8290088230462929,-1.799910356039399
-0.6131524650336979,-0.3152925123512196,0.1706366206093482,-1.799415994002773,-1.7988800357504657,-1.82910171054629,-1.800194981039399
-0.6130009158544998,-0.31518704172621814,0.1706366206093482,-1.7996043065027612,-1.7988800357504657,-1.8291945980462874,-1.8001001060393986
-0.6131601877295032,-0.3152925123512196,0.1706448048628559,-1.799415994002773,-1.799067110750474,-1.82910171054629,-1.8000052310393984
-0.6131601877295032,-0.3152925123512196,0.17062843635584052,-1.799415994002773,-1.799067110750474,-1.8291945980462874,-1.800194981039399
-0.6131070971045021,-0.31524963278041374,0.17064071273610207,-1.799415994002773,-1.79897357325047,-1.8291945980462874,-1.8000052310393984
-0.6131524650336979,-0.3152067532096081,0.17063252848259436,-1.799415994002773,-1.800002485750515,-1.8299376980462645,-1.8010488560393978
-0.6131524650336979,-0.3152067532096081,0.1706366206093482,-1.7996043065027612,-1.7988800357504657,-1.8290088230462929,-1.8001001060393986
-0.6130993744086968,-0.315277066959609,0.1706366206093482,-1.7996043065027612,-1.79897357325047,-1.8291945980462874,-1.8001001060393986
-0.6131601877295032,-0.31524191008460845,0.1706366206093482,-1.7996043065027612,-1.799721873250503,-1.8298448105462675,-1.8009539810393975
-0.6130540064795009,-0.315277066959609,0.17062843635584052,-1.7992276815027848,-1.7981317357504327,-1.8284514980463098,-1.7993411060393991
-0.6130540064795009,-0.315277066959609,0.1706448048628559,-1.799510150252767,-1.798225273250437,-1.8284514980463098,-1.7994359810393994
-0.6131601877295032,-0.315277066959609,0.17064071273610207,-1.799510150252767,-1.799067110750474,-1.8290088230462929,-1.8001001060393986
-0.6130540064795009,-0.3152067532096081,0.1706366206093482,-1.799415994002773,-1.79897357325047,-1.8289159355462958,-1.8000052310393984
-0.6132663689795055,-0.31531222383460955,0.17064071273610207,-1.7993218377527789,-1.79897357325047,-1.8291945980462874,-1.8000052310393984
-0.6131524650336979,-0.31524191008460845,0.1706448048628559,-1.799510150252767,-1.7991606482504783,-1.8291945980462874,-1.800194981039399
-0.6132586462837002,-0.31531222383460955,0.1706448048628559,-1.7996984627527552,-1.7991606482504783,-1.829659035546273,-1.8002898560393983
-0.613205555658699,-0.31524191008460845,0.17065708124311743,-1.7996043065027612,-1.79897357325047,-1.82910171054629,-1.800194981039399
-0.6132586462837002,-0.315277066959609,0.1706448048628559,-1.7992276815027848,-1.79897357325047,-1.8290088230462929,-1.8002898560393983
-0.6132132783545043,-0.31524191008460845,0.1706366206093482,-1.7993218377527789,-1.7984123482504453,-1.8284514980463098,-1.7995308560393988
-0.6130540064795009,-0.3152067532096081,0.1706448048628559,-1.799415994002773,-1.7992541857504825,-1.8291945980462874,-1.800194981039399
-0.6131070971045021,-0.3152847896554143,0.1706448048628559,-1.799415994002773,-1.7988800357504657,-1.8291945980462874,-1.8001001060393986
-0.6131601877295032,-0.3152144759054134,0.17063252848259436,-1.799415994002773,-1.7988800357504657,-1.8293803730462814,-1.8000052310393984
-0.6130993744086968,-0.315277066959609,0.17064071273610207,-1.7996043065027612,-1.799067110750474,-1.8292874855462844,-1.800194981039399
-0.6130462837836956,-0.31524191008460845,0.1706448048628559,-1.7996043065027612,-1.79897357325047,-1.8290088230462929,-1.8000052310393984
-0.6131524650336979,-0.3152847896554143,0.17063252848259436,-1.7992276815027848,-1.7988800357504657,-1.82910171054629,-1.8000052310393984
-0.6132663689795055,-0.3152144759054134,0.17064071273610207,-1.7996043065027612,-1.79897357325047,-1.8291945980462874,-1.8001001060393986
-0.6131601877295032,-0.31524963278041374,0.1706366206093482,-1.7993218377527789,-1.7991606482504783,-1.8291945980462874,-1.8001001060393986
-0.6131601877295032,-0.31524963278041374,0.1706366206093482,-1.799415994002773,-1.7993477232504862,-1.8292874855462844,-1.8005744810393982
-0.6131601877295032,-0.3152847896554143,0.1706448048628559,-1.7992276815027848,-1.79897357325047,-1.8289159355462958,-1.800194981039399
-0.6130993744086968,-0.31531994653041484,0.1706448048628559,-1.7993218377527789,-1.798038198250429,-1.8282657230463153,-1.7990564810393992
-0.6130462837836956,-0.31517931903041285,0.17064071273610207,-1.799415994002773,-1.79897357325047,-1.8290088230462929,-1.8001001060393986
-0.6131070971045021,-0.3152144759054134,0.17063252848259436,-1.7993218377527789,-1.7988800357504657,-1.8291945980462874,-1.800194981039399
-0.6132132783545043,-0.3152144759054134,0.1706448048628559,-1.7996043065027612,-1.799067110750474,-1.8290088230462929,-1.8001001060393986
-0.6132132783545043,-0.31524963278041374,0.1706448048628559,-1.799415994002773,-1.7987864982504616,-1.8291945980462874,-1.799910356039399
-0.6131070971045021,-0.3152144759054134,0.1706529891163636,-1.7996043065027612,-1.79897357325047,-1.8290088230462929,-1.8000052310393984
-0.613205555658699,-0.3152847896554143,0.1706366206093482,-1.7996043065027612,-1.798225273250437,-1.8280799480463208,-1.7992462310393997
-0.613205555658699,-0.3152144759054134,0.17064889698960975,-1.7992276815027848,-1.79897357325047,-1.8291945980462874,-1.800194981039399
-0.6133117369087013,-0.3152847896554143,0.1706448048628559,-1.799415994002773,-1.7991606482504783,-1.82910171054629,-1.8000052310393984
-0.6130540064795009,-0.31531994653041484,0.17064071273610207,-1.7996043065027612,-1.798225273250437,-1.8281728355463183,-1.7994359810393994
-0.6131070971045021,-0.31524963278041374,0.1706448048628559,-1.799415994002773,-1.7986929607504574,-1.8292874855462844,-1.800194981039399
-0.6131601877295032,-0.31524963278041374,0.1706448048628559,-1.7993218377527789,-1.7988800357504657,-1.8287301605463013,-1.799910356039399
-0.613205555658699,-0.31524963278041374,0.17064071273610207,-1.799510150252767,-1.798318810750441,-1.8286372730463039,-1.7992462310393997
-0.613205555658699,-0.31524963278041374,0.1706366206093482,-1.7992276815027848,-1.7988800357504657,-1.8289159355462958,-1.8001001060393986
-0.6130993744086968,-0.3152144759054134,0.17064071273610207,-1.7996043065027612,-1.79897357325047,-1.8292874855462844,-1.800194981039399
-0.6130009158544998,-0.3152144759054134,0.1706448048628559,-1.799510150252767,-1.7991606482504783,-1.8291945980462874,-1.800194981039399
-0.6131601877295032,-0.3152144759054134,0.1706448048628559,-1.799415994002773,-1.7985994232504536,-1.8289159355462958,-1.7998154810393987
-0.6129478252294986,-0.3151441621554125,0.17063252848259436,-1.7993218377527789,-1.7988800357504657,-1.8290088230462929,-1.800194981039399
-0.6134787314795105,-0.31524963278041374,0.17064071273610207,-1.799510150252767,-1.8000960232505192,-1.8302163605462565,-1.8011437310393972
-0.6130540064795009,-0.31524963278041374,0.17064889698960975,-1.7996043065027612,-1.7991606482504783,-1.8292874855462844,-1.800194981039399
-0.6132663689795055,-0.31531994653041484,0.17064071273610207,-1.7996043065027612,-1.8004701732505355,-1.830587910546245,-1.8015232310393974
-0.6131070971045021,-0.3152847896554143,0.1706448048628559,-1.7997926190027493,-1.7987864982504616,-1.82910171054629,-1.799910356039399
-0.6131601877295032,-0.3152847896554143,0.1706448048628559,-1.7996043065027612,-1.7977575857504164,-1.8279870605463238,-1.7990564810393992
-0.6130462837836956,-0.3152847896554143,0.17064071273610207,-1.799415994002773,-1.799067110750474,-1.8292874855462844,-1.800194981039399
-0.6130993744086968,-0.31524963278041374,0.17064889698960975,-1.7992276815027848,-1.79897357325047,-1.8291945980462874,-1.8000052310393984
-0.6131070971045021,-0.31524963278041374,0.1706448048628559,-1.7996043065027612,-1.798225273250437,-1.8281728355463183,-1.7989616060393998
-0.6130540064795009,-0.31524963278041374,0.1706448048628559,-1.7996043065027612,-1.8003766357505318,-1.830680798046242,-1.8016181060393968
-0.6131601877295032,-0.3152144759054134,0.17065708124311743,-1.799415994002773,-1.799067110750474,-1.8291945980462874,-1.800194981039399
-0.6131601877295032,-0.3152144759054134,0.17064071273610207,-1.7992276815027848,-1.7987864982504616,-1.8291945980462874,-1.8000052310393984
-0.6131601877295032,-0.31535510340541517,0.1706366206093482,-1.799415994002773,-1.79897357325047,-1.8290088230462929,-1.8000052310393984
-0.6130993744086968,-0.31524963278041374,0.1706366206093482,-1.799510150252767,-1.7991606482504783,-1.8290088230462929,-1.8003847310393986
-0.6132586462837002,-0.3152847896554143,0.1706366206093482,-1.799415994002773,-1.79897357325047,-1.8290088230462929,-1.8000052310393984
-0.6130993744086968,-0.3152847896554143,0.1706529891163636,-1.7992276815027848,-1.7987864982504616,-1.8291945980462874,-1.800194981039399
-0.6131601877295032,-0.3152144759054134,0.17064071273610207,-1.799510150252767,-1.7988800357504657,-1.8288230480462984,-1.8000052310393984
-0.6131601877295032,-0.31524963278041374,0.17064071273610207,-1.7996043065027612,-1.79897357325047,-1.8291945980462874,-1.8001001060393986
-0.6131601877295032,-0.31524963278041374,0.1706366206093482,-1.7996043065027612,-1.7991606482504783,-1.8291945980462874,-1.800194981039399
-0.6131070971045021,-0.31524963278041374,0.17064071273610207,-1.7996984627527552,-1.7995347982504946,-1.8293803730462814,-1.8005744810393982
-0.6130540064795009,-0.31524963278041374,0.1706448048628559,-1.799510150252767,-1.7987864982504616,-1.8291945980462874,-1.8000052310393984
-0.6131524650336979,-0.31524963278041374,0.1706366206093482,-1.7993218377527789,-1.799067110750474,-1.8290088230462929,-1.800194981039399
-0.6130993744086968,-0.31524963278041374,0.1706448048628559,-1.7996043065027612,-1.799067110750474,-1.8290088230462929,-1.8001001060393986
-0.6131070971045021,-0.3152144759054134,0.1706366206093482,-1.7993218377527789,-1.7991606482504783,-1.8290088230462929,-1.8000052310393984
-0.6131601877295032,-0.31524963278041374,0.17064071273610207,-1.7996043065027612,-1.7991606482504783,-1.829473260546279,-1.8002898560393983
-0.6133194596045066,-0.31524963278041374,0.17063252848259436,-1.7996043065027612,-1.799067110750474,-1.82910171054629,-1.8003847310393986
-0.6129478252294986,-0.31524963278041374,0.17063921319698933,-1.799415994002773,-1.7984123482504453,-1.8283586105463123,-1.7992462310393997
-0.6133194596045066,-0.3152847896554143,0.1706433053237432,-1.7996043065027612,-1.799067110750474,-1.8292874855462844,-1.800194981039399
-0.6130462837836956,-0.31524963278041374,0.1706433053237432,-1.7993218377527789,-1.7987864982504616,-1.82910171054629,-1.8001001060393986
-0.6131524650336979,-0.31524963278041374,0.17064739745049703,-1.7996043065027612,-1.79897357325047,-1.8292874855462844,-1.8002898560393983
-0.6130462837836956,-0.3152144759054134,0.17063921319698933,-1.7993218377527789,-1.7993477232504862,-1.8289159355462958,-1.8001001060393986
-0.6131601877295032,-0.3152144759054134,0.17064739745049703,-1.7996043065027612,-1.79897357325047,-1.8290088230462929,-1.800194981039399
-0.6131601877295032,-0.3152847896554143,0.1706433053237432,-1.799415994002773,-1.7985058857504495,-1.8285443855463068,-1.799625731039399
-0.6131601877295032,-0.31524963278041374,0.1706433053237432,-1.7992276815027848,-1.7977575857504164,-1.8279870605463238,-1.7990564810393992
-0.6131070971045021,-0.31524963278041374,0.17063921319698933,-1.7993218377527789,-1.7995347982504946,-1.829566148046276,-1.8003847310393986
-0.6131070971045021,-0.3152847896554143,0.17063921319698933,-1.799415994002773,-1.79897357325047,-1.8291945980462874,-1.8001001060393986
-0.6132586462837002,-0.3153902602804157,0.1706433053237432,-1.7996984627527552,-1.7986929607504574,-1.8291945980462874,-1.8000052310393984
-0.613205555658699,-0.31524963278041374,0.1706433053237432,-1.799415994002773,-1.79897357325047,-1.8290088230462929,-1.800194981039399
-0.6131070971045021,-0.3152847896554143,0.17063921319698933,-1.7996043065027612,-1.7988800357504657,-1.8291945980462874,-1.800194981039399
-0.6130009158544998,-0.3152144759054134,0.17063921319698933,-1.7992276815027848,-1.7988800357504657,-1.8290088230462929,-1.800194981039399
-0.6131070971045021,-0.31524963278041374,0.17063921319698933,-1.7996043065027612,-1.8002830982505276,-1.8304021355462505,-1.8011437310393972
-0.6131601877295032,-0.3152847896554143,0.17065558170400472,-1.799510150252767,-1.79897357325047,-1.8292874855462844,-1.800194981039399
-0.6132132783545043,-0.3152847896554143,0.1706433053237432,-1.7996043065027612,-1.7988800357504657,-1.8290088230462929,-1.800194981039399
-0.6132663689795055,-0.31524963278041374,0.17065558170400472,-1.799510150252767,-1.799067110750474,-1.8291945980462874,-1.8001001060393986
-0.6130540064795009,-0.3152847896554143,0.1706433053237432,-1.7996043065027612,-1.799721873250503,-1.829659035546273,-1.8010488560393978
-0.6132586462837002,-0.3152847896554143,0.17065148957725088,-1.7996043065027612,-1.7991606482504783,-1.8293803730462814,-1.800194981039399
-0.6131524650336979,-0.3152847896554143,0.1706433053237432,-1.7993218377527789,-1.7991606482504783,-1.8289159355462958,-1.8001001060393986
-0.6131601877295032,-0.31524963278041374,0.1706433053237432,-1.799415994002773,-1.7988800357504657,-1.8292874855462844,-1.800194981039399
-0.6131070971045021,-0.3152144759054134,0.17064739745049703,-1.7993218377527789,-1.7981317357504327,-1.8282657230463153,-1.7994359810393994
-0.6132132783545043,-0.31524963278041374,0.1706433053237432,-1.7993218377527789,-1.7991606482504783,-1.8291945980462874,-1.800194981039399
-0.6131601877295032,-0.3152847896554143,0.17064739745049703,-1.7996043065027612,-1.8018732357505973,-1.8324456605461887,-1.803230981039396
-0.6132132783545043,-0.31535510340541517,0.17064739745049703,-1.799415994002773,-1.79897357325047,-1.8293803730462814,-1.800194981039399
-0.6131070971045021,-0.3152144759054134,0.17064739745049703,-1.7993218377527789,-1.7978511232504206,-1.8278941730463267,-1.7990564810393992
-0.6131601877295032,-0.3152144759054134,0.1706433053237432,-1.7992276815027848,-1.79897357325047,-1.82910171054629,-1.8001001060393986
-0.6130540064795009,-0.31535510340541517,0.17064739745049703,-1.7996984627527552,-1.7974769732504043,-1.8275226230463377,-1.7985821060393996
-0.6131070971045021,-0.31524963278041374,0.1706433053237432,-1.799415994002773,-1.7985058857504495,-1.8287301605463013,-1.7994359810393994
-0.6131601877295032,-0.3152144759054134,0.1706433053237432,-1.799415994002773,-1.799067110750474,-1.8290088230462929,-1.8001001060393986
-0.6131070971045021,-0.3152847896554143,0.1706433053237432,-1.7996043065027612,-1.79897357325047,-1.8291945980462874,-1.8000052310393984
-0.6131070971045021,-0.3152144759054134,0.17063102894348164,-1.7993218377527789,-1.7992541857504825,-1.8293803730462814,-1.800194981039399
-0.6131601877295032,-0.31524963278041374,0.17065148957725088,-1.7996043065027612,-1.8001895607505234,-1.8302163605462565,-1.801428356039397
-0.6132132783545043,-0.3152847896554143,0.17063921319698933,-1.7996984627527552,-1.79897357325047,-1.8291945980462874,-1.799910356039399
-0.6132586462837002,-0.3152847896554143,0.17064739745049703,-1.799415994002773,-1.799067110750474,-1.8290088230462929,-1.799910356039399
-0.613205555658699,-0.31524963278041374,0.17063921319698933,-1.799510150252767,-1.7985058857504495,-1.8284514980463098,-1.799625731039399
-0.6131601877295032,-0.3152144759054134,0.17064739745049703,-1.7996043065027612,-1.79897357325047,-1.8290088230462929,-1.8001001060393986
-0.6132132783545043,-0.31524963278041374,0.1706433053237432,-1.799415994002773,-1.7985058857504495,-1.8286372730463039,-1.799625731039399
-0.6131601877295032,-0.3152144759054134,0.17064739745049703,-1.7992276815027848,-1.7992541857504825,-1.8293803730462814,-1.799910356039399
-0.6131601877295032,-0.31531994653041484,0.17063921319698933,-1.7996043065027612,-1.8002830982505276,-1.8304021355462505,-1.801428356039397
-0.6131601877295032,-0.31531994653041484,0.17064739745049703,-1.7996043065027612,-1.79897357325047,-1.8291945980462874,-1.7998154810393987
-0.6132586462837002,-0.3152847896554143,0.17064739745049703,-1.7996043065027612,-1.7988800357504657,-1.8290088230462929,-1.8002898560393983
-0.6130993744086968,-0.3152847896554143,0.17063921319698933,-1.799510150252767,-1.7988800357504657,-1.8291945980462874,-1.8001001060393986
-0.6132663689795055,-0.31531994653041484,0.17063921319698933,-1.7993218377527789,-1.79897357325047,-1.8290088230462929,-1.7998154810393987
-0.6130540064795009,-0.3152847896554143,0.17063102894348164,-1.7993218377527789,-1.798038198250429,-1.8280799480463208,-1.7990564810393992
-0.6132663689795055,-0.31531994653041484,0.17065148957725088,-1.7996043065027612,-1.7991606482504783,-1.8293803730462814,-1.800194981039399
-0.6131601877295032,-0.3152144759054134,0.17064739745049703,-1.7992276815027848,-1.79897357325047,-1.8291945980462874,-1.8001001060393986
-0.6130540064795009,-0.3152144759054134,0.17064739745049703,-1.7993218377527789,-1.7986929607504574,-1.8290088230462929,-1.7998154810393987
-0.6131070971045021,-0.3152847896554143,0.17064739745049703,-1.799510150252767,-1.7991606482504783,-1.8288230480462984,-1.800194981039399
-0.6131524650336979,-0.31524963278041374,0.1706433053237432,-1.7996984627527552,-1.7991606482504783,-1.8289159355462958,-1.8001001060393986
-0.6132586462837002,-0.31531994653041484,0.17064739745049703,-1.799415994002773,-1.7994412607504904,-1.829473260546279,-1.8002898560393983
-0.6130540064795009,-0.31524963278041374,0.17063921319698933,-1.799415994002773,-1.7985994232504536,-1.8290088230462929,-1.7997206060393993
-0.6131601877295032,-0.3152144759054134,0.17064739745049703,-1.7997926190027493,-1.79897357325047,-1.82910171054629,-1.8000052310393984
-0.6132663689795055,-0.3152847896554143,0.17065558170400472,-1.799510150252767,-1.799067110750474,-1.829473260546279,-1.8002898560393983
-0.6132132783545043,-0.3152144759054134,0.17065148957725088,-1.799510150252767,-1.79897357325047,-1.82910171054629,-1.800194981039399
-0.6131601877295032,-0.31517931903041285,0.17064739745049703,-1.799510150252767,-1.79897357325047,-1.8292874855462844,-1.8002898560393983
-0.6131070971045021,-0.31531994653041484,0.1706433053237432,-1.799415994002773,-1.79897357325047,-1.8291945980462874,-1.8000052310393984
-0.6131601877295032,-0.3151441621554125,0.1706433053237432,-1.7992276815027848,-1.7988800357504657,-1.8290088230462929,-1.8001001060393986
-0.6132132783545043,-0.31531994653041484,0.17065148957725088,-1.7996984627527552,-1.7981317357504327,-1.8282657230463153,-1.7993411060393991
-0.6130540064795009,-0.3152847896554143,0.17063921319698933,-1.799415994002773,-1.79897357325047,-1.8293803730462814,-1.800194981039399
-0.6131601877295032,-0.3152144759054134,0.17065558170400472,-1.7996043065027612,-1.79897357325047,-1.8293803730462814,-1.800194981039399
-0.6130540064795009,-0.31531994653041484,0.17065148957725088,-1.7996984627527552,-1.7991606482504783,-1.8292874855462844,-1.800194981039399
-0.6131601877295032,-0.31524963278041374,0.17064739745049703,-1.799415994002773,-1.799067110750474,-1.8291945980462874,-1.8001001060393986
-0.6131601877295032,-0.3152847896554143,0.17064739745049703,-1.7996043065027612,-1.79897357325047,-1.8291945980462874,-1.8001001060393986
-0.6131070971045021,-0.3152144759054134,0.17065148957725088,-1.799510150252767,-1.7984123482504453,-1.8283586105463123,-1.7994359810393994
-0.6131601877295032,-0.3152144759054134,0.17063921319698933,-1.799415994002773,-1.79897357325047,-1.8292874855462844,-1.8001001060393986
-0.6131601877295032,-0.3152144759054134,0.1706433053237432,-1.799415994002773,-1.7991606482504783,-1.82910171054629,-1.800194981039399
-0.6131601877295032,-0.3151441621554125,0.17064739745049703,-1.7993218377527789,-1.798318810750441,-1.8282657230463153,-1.7993411060393991
-0.6131070971045021,-0.31535510340541517,0.17064739745049703,-1.7993218377527789,-1.7988800357504657,-1.82910171054629,-1.8001001060393986
-0.6130540064795009,-0.31524963278041374,0.17063102894348164,-1.799415994002773,-1.7991606482504783,-1.82910171054629,-1.8002898560393983
-0.6132663689795055,-0.31531994653041484,0.17065148957725088,-1.799415994002773,-1.79897357325047,-1.8290088230462929,-1.8001001060393986
-0.6132132783545043,-0.3152144759054134,0.17064739745049703,-1.799415994002773,-1.7993477232504862,-1.829566148046276,-1.8002898560393983
-0.6131070971045021,-0.31517931903041285,0.17065148957725088,-1.7993218377527789,-1.79897357325047,-1.8291945980462874,-1.8002898560393983
-0.6130540064795009,-0.3152144759054134,0.17063921319698933,-1.7993218377527789,-1.7991606482504783,-1.8290088230462929,-1.8001001060393986
-0.6131601877295032,-0.31531994653041484,0.17065148957725088,-1.7996984627527552,-1.7991606482504783,-1.8290088230462929,-1.8001001060393986
-0.6133725502295078,-0.31531994653041484,0.1706433053237432,-1.7997926190027493,-1.7988800357504657,-1.8289159355462958,-1.8000052310393984
-0.6132663689795055,-0.31524963278041374,0.17063512107023548,-1.7996043065027612,-1.7977575857504164,-1.8280799480463208,-1.7987718560394002
-0.6130540064795009,-0.3152144759054134,0.17063921319698933,-1.7996043065027612,-1.79897357325047,-1.8291945980462874,-1.800194981039399
-0.6131601877295032,-0.3152847896554143,0.17063921319698933,-1.7996043065027612,-1.8003766357505318,-1.830680798046242,-1.8015232310393974
-0.6133725502295078,-0.3152847896554143,0.1706433053237432,-1.7993218377527789,-1.799067110750474,-1.82910171054629,-1.800194981039399
-0.6131070971045021,-0.31524963278041374,0.17064739745049703,-1.7993218377527789,-1.799067110750474,-1.8291945980462874,-1.8000052310393984
-0.6131070971045021,-0.31524963278041374,0.17065558170400472,-1.799415994002773,-1.7987864982504616,-1.8290088230462929,-1.800194981039399
-0.6131070971045021,-0.31524963278041374,0.17064739745049703,-1.799510150252767,-1.798038198250429,-1.8282657230463153,-1.7990564810393992
-0.6132132783545043,-0.31524963278041374,0.17065148957725088,-1.7992276815027848,-1.7996283357504987,-1.8297519230462704,-1.800479606039398
-0.6131601877295032,-0.3152144759054134,0.17064739745049703,-1.7996043065027612,-1.7993477232504862,-1.829659035546273,-1.8003847310393986
-0.6131601877295032,-0.3152847896554143,0.1706433053237432,-1.799415994002773,-1.799067110750474,-1.8291945980462874,-1.800194981039399
-0.6131070971045021,-0.31535510340541517,0.17064739745049703,-1.7996043065027612,-1.7987864982504616,-1.8287301605463013,-1.8001001060393986
-0.6131601877295032,-0.3152847896554143,0.17064739745049703,-1.7992276815027848,-1.798225273250437,-1.8284514980463098,-1.7992462310393997
-0.6131601877295032,-0.3152067532096081,0.17064739745049703,-1.799510150252767,-1.7987864982504616,-1.8292874855462844,-1.799910356039399
-0.6130540064795009,-0.31523418738880316,0.17063921319698933,-1.7992276815027848,-1.7987864982504616,-1.8288230480462984,-1.800194981039399
-0.6130462837836956,-0.31530450113880426,0.1706433053237432,-1.799510150252767,-1.7987864982504616,-1.8290088230462929,-1.8002898560393983
-0.6131070971045021,-0.31512871676380194,0.1706433053237432,-1.7992276815027848,-1.79897357325047,-1.82910171054629,-1.8000052310393984
-0.6132132783545043,-0.31523418738880316,0.17065558170400472,-1.7996984627527552,-1.7988800357504657,-1.8291945980462874,-1.8000052310393984
-0.6133725502295078,-0.31530450113880426,0.17065558170400472,-1.799510150252767,-1.79897357325047,-1.8293803730462814,-1.800194981039399
-0.6131601877295032,-0.31523418738880316,0.17064739745049703,-1.7996984627527552,-1.7978511232504206,-1.8278941730463267,-1.7990564810393992
-0.6131601877295032,-0.3152693442638037,0.1706433053237432,-1.7996043065027612,-1.7992541857504825,-1.8292874855462844,-1.8005744810393982
-0.6132132783545043,-0.31523418738880316,0.17063512107023548,-1.7993218377527789,-1.7986929607504574,-1.8289159355462958,-1.799910356039399
-0.613205555658699,-0.3151990305138028,0.17063512107023548,-1.7992276815027848,-1.79897357325047,-1.82910171054629,-1.7998154810393987
-0.6130993744086968,-0.31523418738880316,0.17063921319698933,-1.799415994002773,-1.7988800357504657,-1.8289159355462958,-1.8001001060393986
-0.6132132783545043,-0.3152693442638037,0.17064739745049703,-1.799415994002773,-1.7987864982504616,-1.8291945980462874,-1.8000052310393984
-0.6131601877295032,-0.31523418738880316,0.17064739745049703,-1.799510150252767,-1.7981317357504327,-1.8281728355463183,-1.7991513560393995
-0.6132132783545043,-0.31523418738880316,0.17064739745049703,-1.7996984627527552,-1.79897357325047,-1.8293803730462814,-1.8003847310393986
-0.6131601877295032,-0.31516387363880227,0.1706433053237432,-1.7996043065027612,-1.7988800357504657,-1.82910171054629,-1.8000052310393984
-0.6131070971045021,-0.3151990305138028,0.1706433053237432,-1.7996043065027612,-1.7988800357504657,-1.8289159355462958,-1.800194981039399
-0.6132132783545043,-0.3152693442638037,0.17065148957725088,-1.7996043065027612,-1.7991606482504783,-1.8291945980462874,-1.8001001060393986
-0.6131601877295032,-0.3151990305138028,0.17063921319698933,-1.799415994002773,-1.7988800357504657,-1.8291945980462874,-1.8000052310393984
-0.6133725502295078,-0.31523418738880316,0.1706433053237432,-1.7992276815027848,-1.7988800357504657,-1.8290088230462929,-1.8001001060393986
-0.6131070971045021,-0.3153396580138046,0.1706433053237432,-1.7997926190027493,-1.8002830982505276,-1.8303092480462535,-1.801428356039397
-0.40246578217233037,-0.21089803132747087,0.1938222672972728,-1.2032240705229265,-1.205498812238821,-1.2250160956114906,-1.2015425871500662
-0.40230651029732695,-0.21096062238166646,0.19382356359109337,-1.2035065392729087,-1.2049375872387964,-1.2246445456115016,-1.2010682121500666
-0.4023518782265228,-0.21086287445247054,0.1938222672972728,-1.2034123830229146,-1.2055923497388252,-1.2252018706114847,-1.2012579621500667
-0.40246578217233037,-0.2109409108982767,0.19381408304376513,-1.2033182267729206,-1.205685887238829,-1.2251089831114876,-1.2014477121500664
-0.4024735048681356,-0.21090575402327616,0.19381408304376513,-1.2033182267729206,-1.2054052747388169,-1.2249232081114931,-1.2014477121500664
-0.40242041424313446,-0.21082771757747,0.19381817517051897,-1.2032240705229265,-1.2045634372387797,-1.223901445611524,-1.2001194621500675
-0.4024735048681356,-0.21092546550666613,0.1938222672972728,-1.2036006955229028,-1.2049375872387964,-1.224272995611513,-1.200878462150067
-0.40268586736814016,-0.21096834507747175,0.19381817517051897,-1.2036006955229028,-1.2057794247388331,-1.2250160956114906,-1.2014477121500664
-0.4024126915473292,-0.21089803132747087,0.1938222672972728,-1.2033182267729206,-1.204469899738776,-1.2240872206115185,-1.2004989621500672
-0.4024126915473292,-0.21089803132747087,0.1938099909170113,-1.2034123830229146,-1.205498812238821,-1.2249232081114931,-1.2015425871500662
-0.4024580594765251,-0.2109409108982767,0.1938386358042882,-1.2033182267729206,-1.205498812238821,-1.2250160956114906,-1.2012579621500667
-0.40246578217233037,-0.21089803132747087,0.19381408304376513,-1.2035065392729087,-1.205498812238821,-1.2249232081114931,-1.2013528371500666
-0.4024735048681356,-0.21092546550666613,0.19381817517051897,-1.2033182267729206,-1.2060600372388457,-1.2253876456114792,-1.2020169621500658
-0.4023142329931322,-0.21092546550666613,0.1938304515507805,-1.2036006955229028,-1.2069954122388866,-1.2268738456114343,-1.2033452121500647
-0.4023750463139386,-0.21089803132747087,0.19381817517051897,-1.2033182267729206,-1.2054052747388169,-1.2245516581115046,-1.2011630871500665
-0.4025796861181379,-0.21097606777327704,0.1938304515507805,-1.2035065392729087,-1.2053117372388127,-1.2249232081114931,-1.2012579621500667
-0.4024126915473292,-0.21090575402327616,0.19382635942402665,-1.2034123830229146,-1.205498812238821,-1.2250160956114906,-1.2012579621500667
-0.4024126915473292,-0.21097606777327704,0.19381408304376513,-1.2034123830229146,-1.2055923497388252,-1.2246445456115016,-1.2010682121500666
-0.4024580594765251,-0.2109409108982767,0.19381817517051897,-1.2035065392729087,-1.205498812238821,-1.2252018706114847,-1.2013528371500666
-0.40246578217233037,-0.21097606777327704,0.1938304515507805,-1.2035065392729087,-1.205685887238829,-1.2250160956114906,-1.2015425871500662
-0.4024735048681356,-0.2109409108982767,0.1938222672972728,-1.2035065392729087,-1.205498812238821,-1.2249232081114931,-1.2014477121500664
-0.4024812275639409,-0.21097606777327704,0.19382635942402665,-1.2032240705229265,-1.2053117372388127,-1.224737433111499,-1.2014477121500664
-0.4024735048681356,-0.21104638152327793,0.19382635942402665,-1.2036006955229028,-1.2052181997388085,-1.224830320611496,-1.2014477121500664
-0.40242041424313446,-0.21093318820247142,0.1938222672972728,-1.2034123830229146,-1.2053117372388127,-1.2250160956114906,-1.2013528371500666
-0.4023142329931322,-0.21085515175666525,0.1938099909170113,-1.2034123830229146,-1.205498812238821,-1.2250160956114906,-1.2014477121500664
-0.4024735048681356,-0.21092546550666613,0.1938222672972728,-1.2035065392729087,-1.205498812238821,-1.2252018706114847,-1.2012579621500667
-0.40242041424313446,-0.2108199948816647,0.1938222672972728,-1.2034123830229146,-1.2050311247388006,-1.2249232081114931,-1.2009733371500668
-0.40242041424313446,-0.21092546550666613,0.19381817517051897,-1.2034123830229146,-1.2055923497388252,-1.2250160956114906,-1.2012579621500667
-0.40246578217233037,-0.21096062238166646,0.1938222672972728,-1.2035065392729087,-1.205498812238821,-1.2249232081114931,-1.2013528371500666
-0.4025188727973315,-0.21092546550666613,0.1938222672972728,-1.2035065392729087,-1.205685887238829,-1.2250160956114906,-1.2014477121500664
-0.40246578217233037,-0.21089030863166558,0.1938222672972728,-1.2033182267729206,-1.204750512238788,-1.22436588311151,-1.200593837150067
-0.4024735048681356,-0.21089030863166558,0.19381817517051897,-1.2035065392729087,-1.2052181997388085,-1.224830320611496,-1.2012579621500667
-0.40242041424313446,-0.21089030863166558,0.19382635942402665,-1.2034123830229146,-1.205498812238821,-1.224830320611496,-1.2013528371500666
-0.4026250540473338,-0.21092546550666613,0.1938222672972728,-1.2035065392729087,-1.2053117372388127,-1.224830320611496,-1.2012579621500667
-0.4025111501015262,-0.21089030863166558,0.1938222672972728,-1.2036006955229028,-1.205498812238821,-1.2250160956114906,-1.201637462150066
-0.40256424072652736,-0.21089030863166558,0.19383304413842162,-1.2035065392729087,-1.2048440497387922,-1.22436588311151,-1.200593837150067
-0.40246578217233037,-0.21089030863166558,0.19383304413842162,-1.2035065392729087,-1.2063406497388578,-1.2258520831114652,-1.2023015871500657
-0.40246578217233037,-0.21089030863166558,0.1938207677581601,-1.2036006955229028,-1.205498812238821,-1.224830320611496,-1.2011630871500665
-0.4024126915473292,-0.2108199948816647,0.19382485988491394,-1.2034123830229146,-1.206434187238862,-1.2259449706114622,-1.2021118371500656
-0.40242041424313446,-0.21085515175666525,0.1938207677581601,-1.2034123830229146,-1.2046569747387839,-1.2241801081115156,-1.200593837150067
-0.40252659549313674,-0.21096062238166646,0.19382485988491394,-1.2034123830229146,-1.2054052747388169,-1.2245516581115046,-1.2013528371500666
-0.40257196342233265,-0.21089030863166558,0.19382485988491394,-1.2036006955229028,-1.2049375872387964,-1.2246445456115016,-1.2009733371500668
-0.40229878760152166,-0.2108199948816647,0.19381667563140625,-1.2033182267729206,-1.205498812238821,-1.2250160956114906,-1.2013528371500666
-0.40246578217233037,-0.21092546550666613,0.19382485988491394,-1.2033182267729206,-1.2053117372388127,-1.2246445456115016,-1.2011630871500665
-0.40257196342233265,-0.21092546550666613,0.19382895201166778,-1.2034123830229146,-1.205498812238821,-1.2249232081114931,-1.2012579621500667
-0.40246578217233037,-0.21089030863166558,0.1938207677581601,-1.2032240705229265,-1.205685887238829,-1.2252018706114847,-1.2015425871500662
-0.4025188727973315,-0.21089030863166558,0.19382485988491394,-1.2033182267729206,-1.2053117372388127,-1.224830320611496,-1.2014477121500664
-0.4024735048681356,-0.21089803132747087,0.19381667563140625,-1.2034123830229146,-1.2054052747388169,-1.2252018706114847,-1.2013528371500666
-0.40242041424313446,-0.21092546550666613,0.1938207677581601,-1.2034123830229146,-1.2050311247388006,-1.224737433111499,-1.2010682121500666
-0.4024735048681356,-0.21085515175666525,0.1938125835046524,-1.2034123830229146,-1.2050311247388006,-1.224830320611496,-1.200878462150067
-0.4024735048681356,-0.21092546550666613,0.19382895201166778,-1.2035065392729087,-1.2039086747387513,-1.222879683111555,-1.1994553371500682
-0.40252659549313674,-0.21096834507747175,0.19382895201166778,-1.2036006955229028,-1.205498812238821,-1.224830320611496,-1.2011630871500665
-0.40246578217233037,-0.21089803132747087,0.19382485988491394,-1.2034123830229146,-1.205498812238821,-1.2252947581114821,-1.2013528371500666
-0.4024126915473292,-0.21093318820247142,0.19383304413842162,-1.2033182267729206,-1.205685887238829,-1.2250160956114906,-1.2012579621500667
-0.40246578217233037,-0.21089803132747087,0.19382485988491394,-1.2034123830229146,-1.2053117372388127,-1.2249232081114931,-1.2011630871500665
-0.4024735048681356,-0.21086287445247054,0.19382485988491394,-1.2032240705229265,-1.2054052747388169,-1.224830320611496,-1.2012579621500667
-0.40252659549313674,-0.21086287445247054,0.19382485988491394,-1.2034123830229146,-1.2069018747388824,-1.2263165206114512,-1.2025862121500652
-0.4024735048681356,-0.21093318820247142,0.19381667563140625,-1.2032240705229265,-1.205498812238821,-1.2249232081114931,-1.2012579621500667
-0.4024735048681356,-0.21089803132747087,0.19382895201166778,-1.2035065392729087,-1.205498812238821,-1.224830320611496,-1.2014477121500664
-0.40252659549313674,-0.21093318820247142,0.19382895201166778,-1.2036006955229028,-1.2054052747388169,-1.2249232081114931,-1.2009733371500668
-0.40268586736814016,-0.21103865882747264,0.1938207677581601,-1.2036006955229028,-1.2053117372388127,-1.2249232081114931,-1.2011630871500665
-0.40246578217233037,-0.21086287445247054,0.1938207677581601,-1.2033182267729206,-1.2055923497388252,-1.224830320611496,-1.2013528371500666
-0.40230651029732695,-0.21096834507747175,0.1938207677581601,-1.2033182267729206,-1.205685887238829,-1.2252018706114847,-1.2015425871500662
-0.4023673236181333,-0.21079256070246943,0.19381667563140625,-1.2034123830229146,-1.2053117372388127,-1.224830320611496,-1.2012579621500667
-0.40242041424313446,-0.21093318820247142,0.19382485988491394,-1.2035065392729087,-1.205498812238821,-1.2250160956114906,-1.2013528371500666
-0.4024735048681356,-0.21096834507747175,0.19381667563140625,-1.2032240705229265,-1.2054052747388169,-1.2249232081114931,-1.2011630871500665
-0.4024735048681356,-0.21093318820247142,0.19381667563140625,-1.2034123830229146,-1.2054052747388169,-1.2249232081114931,-1.2013528371500666
-0.4024735048681356,-0.21079256070246943,0.19382485988491394,-1.2034123830229146,-1.2053117372388127,-1.2249232081114931,-1.2012579621500667
-0.4024735048681356,-0.21096834507747175,0.1938207677581601,-1.2033182267729206,-1.2053117372388127,-1.2249232081114931,-1.2014477121500664
-0.4024126915473292,-0.21096834507747175,0.19382485988491394,-1.2033182267729206,-1.205498812238821,-1.2250160956114906,-1.2012579621500667
-0.40252659549313674,-0.21096834507747175,0.19381667563140625,-1.2033182267729206,-1.2051246622388043,-1.22436588311151,-1.2010682121500666
-0.40242041424313446,-0.21093318820247142,0.1938207677581601,-1.2035065392729087,-1.2054052747388169,-1.224830320611496,-1.2012579621500667
-0.4024735048681356,-0.21096834507747175,0.1938207677581601,-1.2032240705229265,-1.205685887238829,-1.2251089831114876,-1.2014477121500664
-0.40252659549313674,-0.21096834507747175,0.19381667563140625,-1.2035065392729087,-1.205498812238821,-1.2249232081114931,-1.2011630871500665
-0.4024735048681356,-0.21086287445247054,0.19382485988491394,-1.2034123830229146,-1.205498812238821,-1.2249232081114931,-1.2014477121500664
-0.40252659549313674,-0.21089803132747087,0.19382485988491394,-1.2034123830229146,-1.2054052747388169,-1.2250160956114906,-1.2013528371500666
-0.4025796861181379,-0.21096834507747175,0.19383304413842162,-1.2036006955229028,-1.2051246622388043,-1.2241801081115156,-1.2009733371500668
-0.40252659549313674,-0.21103865882747264,0.19382895201166778,-1.2035065392729087,-1.2055923497388252,-1.2249232081114931,-1.2012579621500667
-0.4025796861181379,-0.2110035019524723,0.1938207677581601,-1.2034123830229146,-1.2053117372388127,-1.224830320611496,-1.2010682121500666
-0.40252659549313674,-0.21093318820247142,0.1938276557178472,-1.2036006955229028,-1.205498812238821,-1.2250160956114906,-1.2013528371500666
-0.40242041424313446,-0.21089803132747087,0.19382356359109337,-1.2034123830229146,-1.2051246622388043,-1.22436588311151,-1.2009733371500668
-0.4024735048681356,-0.21096834507747175,0.19382356359109337,-1.2034123830229146,-1.2054052747388169,-1.2249232081114931,-1.2013528371500666
-0.40242041424313446,-0.21089803132747087,0.1938153793375857,-1.2032240705229265,-1.2058729622388373,-1.2250160956114906,-1.2014477121500664
-0.40252659549313674,-0.21096834507747175,0.1938276557178472,-1.2034123830229146,-1.205498812238821,-1.2246445456115016,-1.2011630871500665
-0.4025796861181379,-0.21103865882747264,0.19382356359109337,-1.203789008022891,-1.2054052747388169,-1.224830320611496,-1.2012579621500667
-0.40242041424313446,-0.21082771757747,0.19382356359109337,-1.2034123830229146,-1.2058729622388373,-1.2252947581114821,-1.201637462150066
-0.4025796861181379,-0.21082771757747,0.19382356359109337,-1.2032240705229265,-1.205498812238821,-1.2249232081114931,-1.2015425871500662
-0.4024735048681356,-0.21086287445247054,0.19381947146433953,-1.2033182267729206,-1.205498812238821,-1.2249232081114931,-1.2012579621500667
-0.4024735048681356,-0.21082771757747,0.19381947146433953,-1.2034123830229146,-1.2054052747388169,-1.2246445456115016,-1.2013528371500666
-0.4024735048681356,-0.21089803132747087,0.19382356359109337,-1.2036006955229028,-1.205498812238821,-1.2250160956114906,-1.2012579621500667
-0.4025796861181379,-0.21086287445247054,0.1938153793375857,-1.2034123830229146,-1.2058729622388373,-1.2252947581114821,-1.201637462150066
-0.4025796861181379,-0.21096834507747175,0.1938276557178472,-1.2033182267729206,-1.205498812238821,-1.2249232081114931,-1.2013528371500666
-0.40252659549313674,-0.21093318820247142,0.1938153793375857,-1.2034123830229146,-1.2050311247388006,-1.2244587706115075,-1.200688712150067
-0.4024735048681356,-0.21089803132747087,0.19382356359109337,-1.2033182267729206,-1.2043763622387718,-1.22371567061153,-1.1999297121500678
-0.4025796861181379,-0.21089803132747087,0.1938153793375857,-1.2034123830229146,-1.2054052747388169,-1.2249232081114931,-1.2014477121500664
-0.40252659549313674,-0.21089803132747087,0.1938276557178472,-1.2034123830229146,-1.2052181997388085,-1.2250160956114906,-1.2010682121500666
-0.4024735048681356,-0.21096834507747175,0.19383583997135492,-1.2032240705229265,-1.2054052747388169,-1.2250160956114906,-1.2014477121500664
-0.4024735048681356,-0.21093318820247142,0.19381947146433953,-1.2034123830229146,-1.2052181997388085,-1.2250160956114906,-1.2011630871500665
-0.40242041424313446,-0.21089803132747087,0.19381947146433953,-1.2029416017729442,-1.2055923497388252,-1.224830320611496,-1.2015425871500662
-0.4024735048681356,-0.21093318820247142,0.19382356359109337,-1.2033182267729206,-1.205498812238821,-1.2249232081114931,-1.2014477121500664
-0.4024735048681356,-0.21089803132747087,0.19382356359109337,-1.2034123830229146,-1.205685887238829,-1.2251089831114876,-1.2015425871500662
-0.40252659549313674,-0.21089803132747087,0.19382356359109337,-1.2035065392729087,-1.205685887238829,-1.224830320611496,-1.2014477121500664
-0.40242041424313446,-0.21086287445247054,0.19381947146433953,-1.2035065392729087,-1.204750512238788,-1.2244587706115075,-1.200688712150067
-0.40226114236813104,-0.21089803132747087,0.1938276557178472,-1.2035065392729087,-1.205498812238821,-1.224830320611496,-1.2014477121500664
-0.4024735048681356,-0.21093318820247142,0.19382356359109337,-1.2034123830229146,-1.2050311247388006,-1.224272995611513,-1.2007835871500672
-0.4024735048681356,-0.21096834507747175,0.19382356359109337,-1.2033182267729206,-1.2054052747388169,-1.2250160956114906,-1.2014477121500664
-0.4023142329931322,-0.21089803132747087,0.19382356359109337,-1.2032240705229265,-1.205498812238821,-1.2250160956114906,-1.2012579621500667
-0.40252659549313674,-0.21089803132747087,0.1938276557178472,-1.2035065392729087,-1.204750512238788,-1.223901445611524,-1.2004040871500674
-0.40252659549313674,-0.21089803132747087,0.19382356359109337,-1.2033182267729206,-1.2054052747388169,-1.224830320611496,-1.2012579621500667
-0.40252659549313674,-0.21096834507747175,0.1938276557178472,-1.2034123830229146,-1.205498812238821,-1.2249232081114931,-1.2013528371500666
-0.4024735048681356,-0.21086287445247054,0.19382356359109337,-1.2035065392729087,-1.2051246622388043,-1.2245516581115046,-1.2013528371500666
-0.4023673236181333,-0.21089803132747087,0.1938153793375857,-1.2034123830229146,-1.2054052747388169,-1.2250160956114906,-1.2012579621500667
-0.4024735048681356,-0.21096834507747175,0.1938153793375857,-1.2034123830229146,-1.2069018747388824,-1.2264094081114483,-1.2028708371500652
-0.4025796861181379,-0.21089803132747087,0.1938276557178472,-1.2034123830229146,-1.2052181997388085,-1.2246445456115016,-1.2012579621500667
-0.4024735048681356,-0.2110035019524723,0.19382356359109337,-1.2035065392729087,-1.204469899738776,-1.2240872206115185,-1.2004989621500672
-0.40252659549313674,-0.21086287445247054,0.1938153793375857,-1.2034123830229146,-1.205498812238821,-1.2246445456115016,-1.2012579621500667
-0.4025796861181379,-0.21093318820247142,0.1938153793375857,-1.2034123830229146,-1.2053117372388127,-1.2251089831114876,-1.2013528371500666
-0.4024735048681356,-0.21086287445247054,0.1938276557178472,-1.2033182267729206,-1.2055923497388252,-1.2250160956114906,-1.2013528371500666
-0.40252659549313674,-0.21086287445247054,0.19382356359109337,-1.2033182267729206,-1.205498812238821,-1.2249232081114931,-1.2012579621500667
-0.4024735048681356,-0.21089803132747087,0.1938276557178472,-1.2034123830229146,-1.2057794247388331,-1.2250160956114906,-1.201637462150066
-0.40268586736814016,-0.21096834507747175,0.19382356359109337,-1.2036006955229028,-1.2053117372388127,-1.224830320611496,-1.2013528371500666
-0.40242041424313446,-0.21093318820247142,0.19381947146433953,-1.2031299142729324,-1.205498812238821,-1.2250160956114906,-1.2012579621500667
-0.4024735048681356,-0.21093318820247142,0.19381947146433953,-1.2033182267729206,-1.2055923497388252,-1.224737433111499,-1.2013528371500666
-0.4025796861181379,-0.21089803132747087,0.19382356359109337,-1.2035065392729087,-1.2061535747388499,-1.2255734206114737,-1.2021118371500656
-0.4024735048681356,-0.21089803132747087,0.1938153793375857,-1.2036006955229028,-1.2054052747388169,-1.2249232081114931,-1.2011630871500665
-0.40252659549313674,-0.21089803132747087,0.1938153793375857,-1.2034123830229146,-1.2053117372388127,-1.224737433111499,-1.2013528371500666
-0.40252659549313674,-0.21089803132747087,0.19381947146433953,-1.2036006955229028,-1.2055923497388252,-1.2249232081114931,-1.2011630871500665
-0.4023673236181333,-0.21089803132747087,0.19381128721083185,-1.2034123830229146,-1.205498812238821,-1.2249232081114931,-1.2013528371500666
-0.4024735048681356,-0.21089803132747087,0.19381947146433953,-1.2035065392729087,-1.205498812238821,-1.2249232081114931,-1.2013528371500666
-0.4025796861181379,-0.21093318820247142,0.1938276557178472,-1.2035065392729087,-1.2054052747388169,-1.2250160956114906,-1.2013528371500666
-0.4024735048681356,-0.21089803132747087,0.19381947146433953,-1.203694851772897,-1.2053117372388127,-1.2244587706115075,-1.2010682121500666
-0.4024735048681356,-0.21089803132747087,0.1938153793375857,-1.2033182267729206,-1.2057794247388331,-1.2250160956114906,-1.2012579621500667
-0.40242041424313446,-0.21089803132747087,0.19382356359109337,-1.2035065392729087,-1.2053117372388127,-1.2249232081114931,-1.2013528371500666
-0.4023673236181333,-0.21089030863166558,0.1938276557178472,-1.2032240705229265,-1.2054052747388169,-1.2246445456115016,-1.2010682121500666
-0.4025796861181379,-0.21088258593586032,0.19381947146433953,-1.2032240705229265,-1.205685887238829,-1.224830320611496,-1.2009733371500668
-0.40242041424313446,-0.2109528996858612,0.19383174784460105,-1.2034123830229146,-1.205498812238821,-1.224830320611496,-1.2011630871500665
-0.4024735048681356,-0.21091774281086087,0.19383174784460105,-1.2034123830229146,-1.2053117372388127,-1.224830320611496,-1.2011630871500665
-0.4023142329931322,-0.21091774281086087,0.1938153793375857,-1.2036006955229028,-1.2057794247388331,-1.2252018706114847,-1.201637462150066
-0.4025796861181379,-0.21084742906086,0.1938153793375857,-1.2036006955229028,-1.2053117372388127,-1.224830320611496,-1.2012579621500667
-0.4025796861181379,-0.21084742906086,0.1938153793375857,-1.2032240705229265,-1.2055923497388252,-1.224830320611496,-1.201637462150066
-0.40242041424313446,-0.21091774281086087,0.19382356359109337,-1.2034123830229146,-1.2046569747387839,-1.224272995611513,-1.200878462150067
-0.40242041424313446,-0.21088258593586032,0.19381947146433953,-1.2034123830229146,-1.2052181997388085,-1.2245516581115046,-1.2013528371500666
-0.4025796861181379,-0.21098805656086175,0.19382356359109337,-1.2034123830229146,-1.2051246622388043,-1.2249232081114931,-1.2010682121500666
-0.4023673236181333,-0.21084742906086,0.19381947146433953,-1.2033182267729206,-1.2057794247388331,-1.2249232081114931,-1.2014477121500664
-0.4025796861181379,-0.21088258593586032,0.19382356359109337,-1.2034123830229146,-1.205498812238821,-1.2252947581114821,-1.201637462150066
-0.4024735048681356,-0.21088258593586032,0.19382356359109337,-1.2035065392729087,-1.205498812238821,-1.224830320611496,-1.2012579621500667
-0.4024735048681356,-0.21091774281086087,0.19382356359109337,-1.2032240705229265,-1.2053117372388127,-1.2252018706114847,-1.2011630871500665
-0.4024735048681356,-0.21081227218585943,0.19382356359109337,-1.2034123830229146,-1.205498812238821,-1.2249232081114931,-1.2012579621500667
-0.40242041424313446,-0.21081227218585943,0.19382356359109337,-1.2033182267729206,-1.205498812238821,-1.2249232081114931,-1.2012579621500667
-0.4024735048681356,-0.21091774281086087,0.19381947146433953,-1.2036006955229028,-1.2070889497388908,-1.2261307456114567,-1.203155462150065
-0.40252659549313674,-0.21102321343586208,0.19383174784460105,-1.203694851772897,-1.2048440497387922,-1.2241801081115156,-1.200688712150067
-0.4024735048681356,-0.21088258593586032,0.1938153793375857,-1.2034123830229146,-1.205498812238821,-1.224830320611496,-1.2014477121500664
-0.40252659549313674,-0.21088258593586032,0.19382356359109337,-1.2035065392729087,-1.205498812238821,-1.2250160956114906,-1.2011630871500665
-0.4025796861181379,-0.2109528996858612,0.19381947146433953,-1.2033182267729206,-1.2053117372388127,-1.2249232081114931,-1.2014477121500664
-0.40252659549313674,-0.21091774281086087,0.19381947146433953,-1.2036006955229028,-1.2055923497388252,-1.2250160956114906,-1.2013528371500666
-0.4024735048681356,-0.21088258593586032,0.19381947146433953,-1.2033182267729206,-1.2054052747388169,-1.2250160956114906,-1.2012579621500667
-0.40242041424313446,-0.21091774281086087,0.19382356359109337,-1.2034123830229146,-1.205685887238829,-1.2251089831114876,-1.2014477121500664
-0.40242041424313446,-0.21088258593586032,0.19382356359109337,-1.2034123830229146,-1.2054052747388169,-1.2246445456115016,-1.2011630871500665
-0.40242041424313446,-0.21081227218585943,0.1938276557178472,-1.2032240705229265,-1.205685887238829,-1.2245516581115046,-1.2013528371500666
-0.4023673236181333,-0.21088258593586032,0.19381947146433953,-1.2034123830229146,-1.2054052747388169,-1.224830320611496,-1.2014477121500664
-0.40242041424313446,-0.21088258593586032,0.19383174784460105,-1.2034123830229146,-1.207182487238895,-1.2263165206114512,-1.2030605871500648
-0.4025796861181379,-0.2109528996858612,0.19383174784460105,-1.2035065392729087,-1.2055923497388252,-1.2249232081114931,-1.2013528371500666
-0.4024735048681356,-0.21084742906086,0.19381947146433953,-1.2039773205228792,-1.2068083372388787,-1.2260378581114597,-1.2025862121500652
-0.4024735048681356,-0.21089030863166558,0.1938276557178472,-1.2033182267729206,-1.204750512238788,-1.2240872206115185,-1.200688712150067
-0.40252659549313674,-0.2110660930066679,0.1938276557178472,-1.2034123830229146,-1.2052181997388085,-1.2245516581115046,-1.2010682121500666
-0.4024735048681356,-0.21089030863166558,0.19382356359109337,-1.2033182267729206,-1.2054052747388169,-1.2246445456115016,-1.2014477121500664
-0.4023142329931322,-0.2108199948816647,0.19381947146433953,-1.2033182267729206,-1.2051246622388043,-1.2245516581115046,-1.200878462150067
-0.4024735048681356,-0.21092546550666613,0.1938153793375857,-1.2034123830229146,-1.2054052747388169,-1.224830320611496,-1.2012579621500667
-0.4023142329931322,-0.21078483800666414,0.1938153793375857,-1.2035065392729087,-1.2066212622388703,-1.2257591956114682,-1.202206712150066
-0.40252659549313674,-0.21085515175666525,0.19381947146433953,-1.2034123830229146,-1.2050311247388006,-1.2244587706115075,-1.2009733371500668
-0.4023673236181333,-0.21092546550666613,0.19382356359109337,-1.2032240705229265,-1.205498812238821,-1.2249232081114931,-1.201637462150066
-0.4023673236181333,-0.21089030863166558,0.19382356359109337,-1.2035065392729087,-1.2053117372388127,-1.2251089831114876,-1.2013528371500666
-0.4023673236181333,-0.21092546550666613,0.19382356359109337,-1.2032240705229265,-1.205498812238821,-1.2249232081114931,-1.2013528371500666
-0.40252659549313674,-0.21092546550666613,0.1938276557178472,-1.2036006955229028,-1.2055923497388252,-1.2250160956114906,-1.2013528371500666
-0.40226114236813104,-0.2108199948816647,0.1938153793375857,-1.2033182267729206,-1.2051246622388043,-1.2245516581115046,-1.200878462150067
-0.4024735048681356,-0.21089030863166558,0.19381947146433953,-1.2034123830229146,-1.2055923497388252,-1.2250160956114906,-1.2014477121500664
-0.4025796861181379,-0.21089030863166558,0.19381128721083185,-1.2032240705229265,-1.205498812238821,-1.2251089831114876,-1.2015425871500662
-0.4024735048681356,-0.21092546550666613,0.19381947146433953,-1.2036006955229028,-1.205498812238821,-1.2251089831114876,-1.2015425871500662
-0.4024735048681356,-0.21089030863166558,0.19382356359109337,-1.2030357580229383,-1.2054052747388169,-1.224830320611496,-1.2012579621500667
-0.40252659549313674,-0.2108199948816647,0.19381947146433953,-1.2032240705229265,-1.2054052747388169,-1.224830320611496,-1.2014477121500664
-0.40252659549313674,-0.21092546550666613,0.19382356359109337,-1.2039773205228792,-1.205498812238821,-1.224830320611496,-1.2013528371500666
-0.402632776743139,-0.21092546550666613,0.19382356359109337,-1.2034123830229146,-1.2053117372388127,-1.2244587706115075,-1.2011630871500665
-0.4025796861181379,-0.21092546550666613,0.19382356359109337,-1.2035065392729087,-1.2055923497388252,-1.224830320611496,-1.2013528371500666
-0.40252659549313674,-0.21096062238166646,0.19382356359109337,-1.2033182267729206,-1.2054052747388169,-1.2250160956114906,-1.2014477121500664
-0.40252659549313674,-0.2108199948816647,0.19383174784460105,-1.2034123830229146,-1.205498812238821,-1.2250160956114906,-1.2013528371500666
-0.4025796861181379,-0.21096062238166646,0.1938153793375857,-1.2036006955229028,-1.206247112238854,-1.2259449706114622,-1.2020169621500658
-0.40252659549313674,-0.21089030863166558,0.19381947146433953,-1.2034123830229146,-1.2053117372388127,-1.2246445456115016,-1.2013528371500666
-0.4024735048681356,-0.21092546550666613,0.1938153793375857,-1.2033182267729206,-1.2053117372388127,-1.2251089831114876,-1.2012579621500667
-0.40252659549313674,-0.21092546550666613,0.19382356359109337,-1.2036006955229028,-1.205498812238821,-1.2249232081114931,-1.2012579621500667
-0.4024735048681356,-0.21092546550666613,0.19382356359109337,-1.2035065392729087,-1.205498812238821,-1.2249232081114931,-1.2012579621500667
-0.40252659549313674,-0.2108199948816647,0.1938276557178472,-1.2032240705229265,-1.2055923497388252,-1.2249232081114931,-1.2015425871500662
-0.4024735048681356,-0.21092546550666613,0.1938276557178472,-1.2034123830229146,-1.205685887238829,-1.224830320611496,-1.2013528371500666
-0.4023673236181333,-0.2108199948816647,0.19381128721083185,-1.2031299142729324,-1.2054052747388169,-1.2246445456115016,-1.2011630871500665
-0.4025796861181379,-0.21089030863166558,0.19381947146433953,-1.2035065392729087,-1.2055923497388252,-1.224830320611496,-1.2014477121500664
-0.4025796861181379,-0.21096062238166646,0.1938276557178472,-1.2035065392729087,-1.204750512238788,-1.22371567061153,-1.2004040871500674
-0.40242041424313446,-0.21096062238166646,0.19382356359109337,-1.2036006955229028,-1.2054052747388169,-1.2249232081114931,-1.2012579621500667
-0.40252659549313674,-0.21096062238166646,0.1938153793375857,-1.2034123830229146,-1.2053117372388127,-1.224830320611496,-1.2012579621500667
-0.4025796861181379,-0.21089030863166558,0.1938276557178472,-1.2034123830229146,-1.2052181997388085,-1.2249232081114931,-1.2013528371500666
-0.40242041424313446,-0.21092546550666613,0.1938276557178472,-1.2033182267729206,-1.2057794247388331,-1.2251089831114876,-1.201637462150066
-0.402632776743139,-0.21089030863166558,0.1938276557178472,-1.2035065392729087,-1.205498812238821,-1.2250160956114906,-1.2014477121500664
-0.4023142329931322,-0.21089030863166558,0.1938153793375857,-1.2035065392729087,-1.205498812238821,-1.224737433111499,-1.2014477121500664
-0.40252659549313674,-0.21085515175666525,0.19381947146433953,-1.2034123830229146,-1.2054052747388169,-1.224830320611496,-1.2014477121500664
-0.4024735048681356,-0.21092546550666613,0.19382356359109337,-1.2033182267729206,-1.205498812238821,-1.224830320611496,-1.2013528371500666
-0.4025796861181379,-0.21092546550666613,0.1938276557178472,-1.2034123830229146,-1.2043763622387718,-1.2235298956115355,-1.2002143371500673
-0.40242041424313446,-0.21089030863166558,0.19381947146433953,-1.2034123830229146,-1.205498812238821,-1.224830320611496,-1.2013528371500666
-0.4025796861181379,-0.21089030863166558,0.1938153793375857,-1.2034123830229146,-1.2054052747388169,-1.2250160956114906,-1.201637462150066
-0.402632776743139,-0.21089030863166558,0.19383174784460105,-1.2034123830229146,-1.2053117372388127,-1.224830320611496,-1.2014477121500664
-0.4024735048681356,-0.21096062238166646,0.19382356359109337,-1.2034123830229146,-1.205498812238821,-1.224830320611496,-1.2013528371500666
-0.4023142329931322,-0.21089030863166558,0.1938153793375857,-1.203694851772897,-1.205685887238829,-1.2252018706114847,-1.2012579621500667
-0.4024735048681356,-0.21089030863166558,0.19383174784460105,-1.2034123830229146,-1.205498812238821,-1.224830320611496,-1.2012579621500667
-0.40242041424313446,-0.21089030863166558,0.1938153793375857,-1.2034123830229146,-1.205498812238821,-1.2249232081114931,-1.2012579621500667
-0.40242041424313446,-0.21089030863166558,0.1938153793375857,-1.2034123830229146,-1.2054052747388169,-1.224737433111499,-1.2012579621500667
-0.4024735048681356,-0.21092546550666613,0.19382356359109337,-1.2033182267729206,-1.2049375872387964,-1.2241801081115156,-1.200878462150067
-0.4024735048681356,-0.21092546550666613,0.19381947146433953,-1.2033182267729206,-1.2053117372388127,-1.224830320611496,-1.2012579621500667
-0.4024735048681356,-0.21089030863166558,0.19381947146433953,-1.2035065392729087,-1.2054052747388169,-1.2250160956114906,-1.2014477121500664
-0.40252659549313674,-0.21092546550666613,0.1938276557178472,-1.2035065392729087,-1.2066212622388703,-1.2255734206114737,-1.2023964621500656
-0.40268586736814016,-0.2108199948816647,0.19381947146433953,-1.2034123830229146,-1.2052181997388085,-1.224830320611496,-1.2010682121500666
-0.4024735048681356,-0.21092546550666613,0.19382356359109337,-1.2036006955229028,-1.2058729622388373,-1.2252018706114847,-1.2020169621500658
-0.4024735048681356,-0.21096062238166646,0.19382356359109337,-1.2035065392729087,-1.205498812238821,-1.2246445456115016,-1.2014477121500664
-0.4025796861181379,-0.2110660930066679,0.1938276557178472,-1.2036006955229028,-1.2049375872387964,-1.224272995611513,-1.200878462150067
-0.40252659549313674,-0.21096062238166646,0.19382356359109337,-1.2033182267729206,-1.2053117372388127,-1.2249232081114931,-1.2014477121500664
-0.4024735048681356,-0.21089030863166558,0.1938276557178472,-1.2034123830229146,-1.205498812238821,-1.2249232081114931,-1.2013528371500666
-0.4025796861181379,-0.21089030863166558,0.1938153793375857,-1.2034123830229146,-1.205498812238821,-1.2250160956114906,-1.2010682121500666
-0.40252659549313674,-0.21103093613166735,0.19382356359109337,-1.2036006955229028,-1.2053117372388127,-1.224830320611496,-1.2011630871500665
-0.4024735048681356,-0.21092546550666613,0.19382356359109337,-1.2034123830229146,-1.205498812238821,-1.2250160956114906,-1.2015425871500662
-0.4023673236181333,-0.21092546550666613,0.19382356359109337,-1.2033182267729206,-1.2045634372387797,-1.223901445611524,-1.2004989621500672
-0.40242041424313446,-0.21085515175666525,0.19381947146433953,-1.2033182267729206,-1.205498812238821,-1.2251089831114876,-1.2015425871500662
-0.4024735048681356,-0.21089030863166558,0.1938276557178472,-1.2034123830229146,-1.2046569747387839,-1.223808558111527,-1.2003092121500676
-0.40252659549313674,-0.21092546550666613,0.1938276557178472,-1.2033182267729206,-1.2046569747387839,-1.2239943331115215,-1.200878462150067
-0.40242041424313446,-0.21089030863166558,0.19382356359109337,-1.2034123830229146,-1.2068083372388787,-1.2258520831114652,-1.2026810871500655
-0.40252659549313674,-0.21096062238166646,0.1938276557178472,-1.2034123830229146,-1.2066212622388703,-1.2260378581114597,-1.2025862121500652
-0.40242041424313446,-0.21085515175666525,0.19382356359109337,-1.2034123830229146,-1.2055923497388252,-1.224830320611496,-1.2012579621500667
-0.4025796861181379,-0.21099577925666702,0.19383583997135492,-1.2034123830229146,-1.206434187238862,-1.2256663081114707,-1.2023964621500656
-0.4025796861181379,-0.21089030863166558,0.1938153793375857,-1.2034123830229146,-1.2053117372388127,-1.224830320611496,-1.2012579621500667
-0.40252659549313674,-0.21099577925666702,0.1938276557178472,-1.2034123830229146,-1.205498812238821,-1.224830320611496,-1.2013528371500666
-0.4025796861181379,-0.21092546550666613,0.19383174784460105,-1.2034123830229146,-1.2052181997388085,-1.2246445456115016,-1.2011630871500665
-0.40242041424313446,-0.21092546550666613,0.1938276557178472,-1.2034123830229146,-1.2077437122389196,-1.2271525081114258,-1.2033452121500647
-0.4025796861181379,-0.21092546550666613,0.19383304413842162,-1.2033182267729206,-1.205498812238821,-1.2249232081114931,-1.2011630871500665
-0.4024735048681356,-0.21089030863166558,0.19381797192522682,-1.2035065392729087,-1.2054052747388169,-1.224737433111499,-1.2014477121500664
-0.40252659549313674,-0.21092546550666613,0.19381797192522682,-1.2034123830229146,-1.2058729622388373,-1.2251089831114876,-1.201637462150066
-0.4024735048681356,-0.21089030863166558,0.19383434043224218,-1.2033182267729206,-1.2055923497388252,-1.2246445456115016,-1.2013528371500666
-0.40252659549313674,-0.21089030863166558,0.19383024830548834,-1.2034123830229146,-1.205498812238821,-1.224830320611496,-1.201637462150066
-0.40252659549313674,-0.21096062238166646,0.1938261561787345,-1.2034123830229146,-1.205498812238821,-1.224737433111499,-1.2011630871500665
-0.40252659549313674,-0.21096062238166646,0.19382206405198066,-1.2033182267729206,-1.2055923497388252,-1.2251089831114876,-1.2013528371500666
-0.4024735048681356,-0.2108199948816647,0.1938261561787345,-1.2033182267729206,-1.2054052747388169,-1.2246445456115016,-1.2012579621500667
-0.4024735048681356,-0.21092546550666613,0.19381797192522682,-1.2033182267729206,-1.2052181997388085,-1.224272995611513,-1.2009733371500668
-0.40242041424313446,-0.21089030863166558,0.19382206405198066,-1.2029416017729442,-1.206247112238854,-1.2256663081114707,-1.2021118371500656
-0.4024735048681356,-0.21089030863166558,0.19381797192522682,-1.2032240705229265,-1.205685887238829,-1.2252018706114847,-1.2015425871500662
-0.40242041424313446,-0.21092546550666613,0.19383024830548834,-1.2033182267729206,-1.204469899738776,-1.2239943331115215,-1.2004040871500674
-0.4025796861181379,-0.21089030863166558,0.19382206405198066,-1.2034123830229146,-1.2052181997388085,-1.2244587706115075,-1.2010682121500666
-0.19076071824886381,-0.10580144094447869,0.21671866927949499,-0.6013427868479284,-0.6042604387268309,-0.6178548135677904,-0.6058705847062307
-0.1906921822322521,-0.1057585613736731,0.21671457715274112,-0.6015310993479166,-0.6047281262268513,-0.6179477010677878,-0.6060603347062308
-0.19091226742806194,-0.10590691156948012,0.21671048502598728,-0.6013427868479284,-0.6046345887268472,-0.6178548135677904,-0.6064398347062305
-0.19081380887386495,-0.10584432051528453,0.21671866927949499,-0.6014369430979225,-0.604541051226843,-0.6178548135677904,-0.6061552097062306
-0.19091999012386723,-0.10587947739028508,0.2167023007724796,-0.6014369430979225,-0.6042604387268309,-0.6179477010677878,-0.6058705847062307
-0.19091999012386723,-0.10583659781947924,0.21669820864572575,-0.6010603180979461,-0.6056635012268927,-0.6189694635677565,-0.6071988347062296
-0.19091999012386723,-0.10580144094447869,0.21670639289923344,-0.6011544743479402,-0.6043539762268351,-0.6178548135677904,-0.6061552097062306
-0.19092771281967252,-0.1057585613736731,0.21671048502598728,-0.6010603180979461,-0.604541051226843,-0.6177619260677933,-0.6062500847062304
-0.19076071824886381,-0.10583659781947924,0.21671048502598728,-0.6010603180979461,-0.6043539762268351,-0.6178548135677904,-0.6063449597062303
-0.19076071824886381,-0.10583659781947924,0.21670639289923344,-0.6013427868479284,-0.604541051226843,-0.6176690385677959,-0.6062500847062304
-0.19076071824886381,-0.10577400676528365,0.21671457715274112,-0.6011544743479402,-0.6039798262268183,-0.6175761510677988,-0.6055859597062312
-0.19069990492805738,-0.1057311271944778,0.21670509660541287,-0.6010603180979461,-0.6044475137268392,-0.6178548135677904,-0.6058705847062307
-0.1908668994988661,-0.10576628406947836,0.2167091887321667,-0.6010603180979461,-0.6044475137268392,-0.6178548135677904,-0.6061552097062306
-0.19091999012386723,-0.10572340449867254,0.2167091887321667,-0.6010603180979461,-0.6055699637268885,-0.6185979135677679,-0.6071988347062296
-0.19091999012386723,-0.10579371824867342,0.2166969123519052,-0.6012486305979343,-0.6043539762268351,-0.6178548135677904,-0.6061552097062306
-0.19092771281967252,-0.10587947739028508,0.21671328085892055,-0.6011544743479402,-0.604541051226843,-0.6178548135677904,-0.6060603347062308
-0.19091999012386723,-0.10580916364028398,0.21672146511242826,-0.6014369430979225,-0.6046345887268472,-0.6182263635677794,-0.6064398347062305
-0.1910261713738695,-0.10580144094447869,0.21672146511242826,-0.6014369430979225,-0.6043539762268351,-0.6179477010677878,-0.6062500847062304
-0.19070762762386267,-0.10580144094447869,0.21671328085892055,-0.6012486305979343,-0.6043539762268351,-0.6179477010677878,-0.6061552097062306
-0.19091226742806194,-0.10586403199867453,0.21671328085892055,-0.6014369430979225,-0.6043539762268351,-0.6177619260677933,-0.6062500847062304
-0.19081380887386495,-0.1057585613736731,0.2167091887321667,-0.6013427868479284,-0.6036056762268021,-0.6166472760678272,-0.6051115847062316
-0.19091999012386723,-0.10579371824867342,0.2167091887321667,-0.6011544743479402,-0.604541051226843,-0.6176690385677959,-0.6061552097062306
-0.19091999012386723,-0.1057585613736731,0.21670509660541287,-0.6011544743479402,-0.6043539762268351,-0.6177619260677933,-0.605965459706231
-0.1907684409446691,-0.10576628406947836,0.2167091887321667,-0.6012486305979343,-0.604541051226843,-0.6181334760677819,-0.605965459706231
-0.19081380887386495,-0.10583659781947924,0.21670509660541287,-0.6012486305979343,-0.604541051226843,-0.6180405885677849,-0.6060603347062308
-0.19097308074886837,-0.10579371824867342,0.21672146511242826,-0.6010603180979461,-0.6038862887268146,-0.6176690385677959,-0.605965459706231
-0.19091999012386723,-0.10579371824867342,0.2167091887321667,-0.6012486305979343,-0.6047281262268513,-0.6178548135677904,-0.6060603347062308
-0.19069990492805738,-0.10579371824867342,0.2167091887321667,-0.6011544743479402,-0.6044475137268392,-0.6177619260677933,-0.6060603347062308
-0.19080608617805966,-0.1057585613736731,0.2167091887321667,-0.600966161847952,-0.6051022762268681,-0.6188765760677595,-0.6070090847062299
-0.19076071824886381,-0.10580144094447869,0.21670509660541287,-0.6011544743479402,-0.604541051226843,-0.6179477010677878,-0.6062500847062304
-0.19092771281967252,-0.10587175469447979,0.21672276140624883,-0.6014369430979225,-0.6036992137268062,-0.6170188260678158,-0.6053013347062313
-0.19092771281967252,-0.10587175469447979,0.2167240577000694,-0.6011544743479402,-0.6042604387268309,-0.6180405885677849,-0.6062500847062304
-0.19092771281967252,-0.10582887512367398,0.216707689193054,-0.600966161847952,-0.6042604387268309,-0.6177619260677933,-0.6062500847062304
-0.19091999012386723,-0.10579371824867342,0.21671587344656168,-0.6012486305979343,-0.6047281262268513,-0.6177619260677933,-0.6062500847062304
-0.19091999012386723,-0.10572340449867254,0.216707689193054,-0.6012486305979343,-0.6051022762268681,-0.6182263635677794,-0.6066295847062302
-0.19091226742806194,-0.10590691156948012,0.21671996557331555,-0.6011544743479402,-0.6044475137268392,-0.6178548135677904,-0.605965459706231
-0.1908591768030608,-0.10580144094447869,0.21670359706630016,-0.6010603180979461,-0.6049152012268597,-0.6181334760677819,-0.6062500847062304
-0.19080608617805966,-0.10587175469447979,0.216707689193054,-0.6014369430979225,-0.6038862887268146,-0.6172046010678103,-0.6053013347062313
-0.19091999012386723,-0.1057311271944778,0.21671178131980784,-0.6012486305979343,-0.6043539762268351,-0.6177619260677933,-0.6060603347062308
-0.19092771281967252,-0.10583659781947924,0.216707689193054,-0.6010603180979461,-0.6047281262268513,-0.6177619260677933,-0.6061552097062306
-0.19092771281967252,-0.10583659781947924,0.21670359706630016,-0.6011544743479402,-0.6050087387268639,-0.6184121385677734,-0.6066295847062302
-0.19076071824886381,-0.10587175469447979,0.21671178131980784,-0.6011544743479402,-0.6043539762268351,-0.6179477010677878,-0.6060603347062308
-0.19070762762386267,-0.10569597031947747,0.216707689193054,-0.6012486305979343,-0.6051022762268681,-0.6185050260677709,-0.6066295847062302
-0.19091999012386723,-0.10576628406947836,0.216707689193054,-0.6011544743479402,-0.6043539762268351,-0.6178548135677904,-0.6061552097062306
-0.19075299555305852,-0.10590691156948012,0.216707689193054,-0.6012486305979343,-0.6042604387268309,-0.6177619260677933,-0.6060603347062308
-0.19091999012386723,-0.10576628406947836,0.216707689193054,-0.6014369430979225,-0.6041669012268267,-0.6175761510677988,-0.6058705847062307
-0.19092771281967252,-0.10580144094447869,0.21671996557331555,-0.6014369430979225,-0.6046345887268472,-0.6180405885677849,-0.6060603347062308
-0.19092771281967252,-0.10590691156948012,0.21671587344656168,-0.6012486305979343,-0.6044475137268392,-0.6177619260677933,-0.6061552097062306
-0.19081380887386495,-0.10587175469447979,0.21671587344656168,-0.6011544743479402,-0.6046345887268472,-0.6177619260677933,-0.6060603347062308
-0.19091999012386723,-0.10590691156948012,0.21671587344656168,-0.6012486305979343,-0.6046345887268472,-0.6180405885677849,-0.605965459706231
-0.19076071824886381,-0.10587175469447979,0.2167240577000694,-0.6011544743479402,-0.604541051226843,-0.6179477010677878,-0.6060603347062308
-0.19101844867806422,-0.10583659781947924,0.2167240577000694,-0.6012486305979343,-0.6041669012268267,-0.6175761510677988,-0.6054910847062314
-0.19091226742806194,-0.10583659781947924,0.21671587344656168,-0.6013427868479284,-0.6043539762268351,-0.6175761510677988,-0.6060603347062308
-0.19091226742806194,-0.10587175469447979,0.2167240577000694,-0.6012486305979343,-0.6036992137268062,-0.6172046010678103,-0.6053013347062313
-0.1908591768030608,-0.10576628406947836,0.216707689193054,-0.6011544743479402,-0.6044475137268392,-0.6177619260677933,-0.6060603347062308
-0.19075299555305852,-0.10576628406947836,0.216707689193054,-0.6010603180979461,-0.604541051226843,-0.6178548135677904,-0.6060603347062308
-0.1908591768030608,-0.10580144094447869,0.21671587344656168,-0.6011544743479402,-0.6042604387268309,-0.6174832635678018,-0.6057757097062308
-0.1908591768030608,-0.10583659781947924,0.21671178131980784,-0.6011544743479402,-0.604541051226843,-0.6177619260677933,-0.6062500847062304
-0.1908668994988661,-0.10576628406947836,0.216707689193054,-0.6013427868479284,-0.604541051226843,-0.6177619260677933,-0.6061552097062306
-0.19091999012386723,-0.10576628406947836,0.21671048502598728,-0.6013427868479284,-0.6046345887268472,-0.6178548135677904,-0.6060603347062308
-0.19080608617805966,-0.10583659781947924,0.21670639289923344,-0.6011544743479402,-0.6047281262268513,-0.6178548135677904,-0.6062500847062304
-0.19075299555305852,-0.10580144094447869,0.2167023007724796,-0.6012486305979343,-0.6042604387268309,-0.6177619260677933,-0.6058705847062307
-0.19091226742806194,-0.10583659781947924,0.21672685353300267,-0.6010603180979461,-0.6036992137268062,-0.6172046010678103,-0.6051115847062316
-0.19091226742806194,-0.10576628406947836,0.2167023007724796,-0.600872005597958,-0.6049152012268597,-0.6178548135677904,-0.6062500847062304
-0.19091226742806194,-0.10583659781947924,0.21671457715274112,-0.6010603180979461,-0.6050087387268639,-0.6182263635677794,-0.6066295847062302
-0.19091999012386723,-0.10580144094447869,0.21671048502598728,-0.600966161847952,-0.6043539762268351,-0.6177619260677933,-0.605965459706231
-0.19076071824886381,-0.10583659781947924,0.21670639289923344,-0.6014369430979225,-0.6044475137268392,-0.6176690385677959,-0.605965459706231
-0.19091999012386723,-0.10583659781947924,0.21671457715274112,-0.6014369430979225,-0.6043539762268351,-0.6176690385677959,-0.6062500847062304
-0.19075299555305852,-0.10580144094447869,0.2167023007724796,-0.600966161847952,-0.6044475137268392,-0.6176690385677959,-0.6060603347062308
-0.1908591768030608,-0.10580144094447869,0.21671048502598728,-0.6012486305979343,-0.604541051226843,-0.6178548135677904,-0.605965459706231
-0.19069990492805738,-0.10580144094447869,0.21671048502598728,-0.6011544743479402,-0.6047281262268513,-0.6177619260677933,-0.6060603347062308
-0.19091226742806194,-0.10580144094447869,0.21672276140624883,-0.6011544743479402,-0.605289351226876,-0.6188765760677595,-0.6068193347062298
-0.19091226742806194,-0.1057311271944778,0.21671048502598728,-0.6011544743479402,-0.6044475137268392,-0.6177619260677933,-0.605965459706231
-0.19091226742806194,-0.10587175469447979,0.21669820864572575,-0.6012486305979343,-0.6043539762268351,-0.6177619260677933,-0.605965459706231
-0.19076071824886381,-0.10580144094447869,0.21671048502598728,-0.6010603180979461,-0.6043539762268351,-0.6178548135677904,-0.6060603347062308
-0.19091999012386723,-0.10576628406947836,0.21671048502598728,-0.6012486305979343,-0.6043539762268351,-0.6178548135677904,-0.6061552097062306
-0.19091226742806194,-0.10576628406947836,0.21671457715274112,-0.6012486305979343,-0.604541051226843,-0.6178548135677904,-0.6060603347062308
-0.19091226742806194,-0.10590691156948012,0.21671866927949499,-0.6013427868479284,-0.6044475137268392,-0.6178548135677904,-0.6060603347062308
-0.19091226742806194,-0.10583659781947924,0.2167023007724796,-0.6012486305979343,-0.6047281262268513,-0.6176690385677959,-0.6061552097062306
-0.19080608617805966,-0.10580144094447869,0.21670639289923344,-0.6011544743479402,-0.6041669012268267,-0.6178548135677904,-0.605965459706231
-0.19080608617805966,-0.10590691156948012,0.21671457715274112,-0.6014369430979225,-0.6043539762268351,-0.6177619260677933,-0.6060603347062308
-0.19091226742806194,-0.10583659781947924,0.21672276140624883,-0.6010603180979461,-0.6039798262268183,-0.6172974885678073,-0.605680834706231
-0.19091999012386723,-0.10576628406947836,0.21670639289923344,-0.6012486305979343,-0.604541051226843,-0.6179477010677878,-0.6062500847062304
-0.19091999012386723,-0.10576628406947836,0.21671048502598728,-0.6011544743479402,-0.6037927512268104,-0.6170188260678158,-0.6053013347062313
-0.19070762762386267,-0.10583659781947924,0.2167023007724796,-0.6012486305979343,-0.604541051226843,-0.6179477010677878,-0.6062500847062304
-0.19091226742806194,-0.10580144094447869,0.21670639289923344,-0.6011544743479402,-0.6043539762268351,-0.6172974885678073,-0.6058705847062307
-0.19091226742806194,-0.10569597031947747,0.21671048502598728,-0.6013427868479284,-0.6035121387267979,-0.6167401635678242,-0.6051115847062316
-0.19091226742806194,-0.10583659781947924,0.21671048502598728,-0.6014369430979225,-0.6046345887268472,-0.6180405885677849,-0.6064398347062305
-0.19080608617805966,-0.10583659781947924,0.21670639289923344,-0.6012486305979343,-0.6049152012268597,-0.6178548135677904,-0.6065347097062304
-0.19069990492805738,-0.10583659781947924,0.21670639289923344,-0.6012486305979343,-0.6049152012268597,-0.6183192510677764,-0.6066295847062302
-0.19091226742806194,-0.10580144094447869,0.21671457715274112,-0.6012486305979343,-0.6046345887268472,-0.6179477010677878,-0.6061552097062306
-0.19081380887386495,-0.10583659781947924,0.21671048502598728,-0.6014369430979225,-0.6047281262268513,-0.6176690385677959,-0.6061552097062306
-0.19081380887386495,-0.10576628406947836,0.21671048502598728,-0.6011544743479402,-0.6046345887268472,-0.6179477010677878,-0.6062500847062304
-0.19075299555305852,-0.10580144094447869,0.21671457715274112,-0.6012486305979343,-0.60332506372679,-0.6166472760678272,-0.6051115847062316
-0.19080608617805966,-0.10576628406947836,0.21671048502598728,-0.6014369430979225,-0.6041669012268267,-0.6173903760678043,-0.605680834706231
-0.19075299555305852,-0.10587175469447979,0.2167023007724796,-0.6014369430979225,-0.6046345887268472,-0.6180405885677849,-0.6066295847062302
-0.19091226742806194,-0.1057311271944778,0.21671457715274112,-0.6010603180979461,-0.6044475137268392,-0.6178548135677904,-0.6060603347062308
-0.19091226742806194,-0.10583659781947924,0.21671048502598728,-0.6012486305979343,-0.6044475137268392,-0.6176690385677959,-0.6060603347062308
-0.19075299555305852,-0.10583659781947924,0.21671048502598728,-0.6014369430979225,-0.604541051226843,-0.6178548135677904,-0.605965459706231
-0.19091999012386723,-0.10580144094447869,0.21671457715274112,-0.6011544743479402,-0.6044475137268392,-0.6177619260677933,-0.6062500847062304
-0.19091999012386723,-0.10587175469447979,0.21670639289923344,-0.6011544743479402,-0.6035121387267979,-0.6171117135678128,-0.6052064597062314
-0.1908591768030608,-0.10583659781947924,0.21671048502598728,-0.6011544743479402,-0.6044475137268392,-0.6177619260677933,-0.6060603347062308
-0.19091226742806194,-0.10590691156948012,0.21670639289923344,-0.6011544743479402,-0.6046345887268472,-0.6178548135677904,-0.6061552097062306
-0.19091226742806194,-0.10583659781947924,0.21671048502598728,-0.6011544743479402,-0.6046345887268472,-0.6177619260677933,-0.605965459706231
-0.19091226742806194,-0.10582115242786869,0.21670639289923344,-0.6010603180979461,-0.6044475137268392,-0.6175761510677988,-0.6062500847062304
-0.19091226742806194,-0.1057508386778678,0.21671048502598728,-0.6013427868479284,-0.6032315262267858,-0.6164615010678327,-0.6045423347062322
-0.19080608617805966,-0.1057508386778678,0.21671048502598728,-0.6012486305979343,-0.6043539762268351,-0.6179477010677878,-0.6064398347062305
-0.19091999012386723,-0.1057508386778678,0.21671457715274112,-0.6012486305979343,-0.6050087387268639,-0.6183192510677764,-0.6066295847062302
-0.19091999012386723,-0.10578599555286813,0.21671457715274112,-0.6013427868479284,-0.604541051226843,-0.6177619260677933,-0.6058705847062307
-0.19091999012386723,-0.10582115242786869,0.21671048502598728,-0.6014369430979225,-0.6042604387268309,-0.6177619260677933,-0.6062500847062304
-0.19096535805306308,-0.1057508386778678,0.2167023007724796,-0.6013427868479284,-0.6039798262268183,-0.6173903760678043,-0.6054910847062314
-0.19091226742806194,-0.10585630930286924,0.21671457715274112,-0.6016252555979107,-0.6048216637268555,-0.6182263635677794,-0.6062500847062304
-0.19091226742806194,-0.1057508386778678,0.21671048502598728,-0.6012486305979343,-0.6043539762268351,-0.6177619260677933,-0.6060603347062308
-0.19091226742806194,-0.10571568180286725,0.21671457715274112,-0.6011544743479402,-0.6043539762268351,-0.6175761510677988,-0.6060603347062308
-0.19091226742806194,-0.10578599555286813,0.21671048502598728,-0.6010603180979461,-0.6059441137269048,-0.6192481260677485,-0.6073885847062297
-0.19081380887386495,-0.10582115242786869,0.21671457715274112,-0.6011544743479402,-0.6041669012268267,-0.6173903760678043,-0.605680834706231
-0.19081380887386495,-0.1057508386778678,0.21670639289923344,-0.6011544743479402,-0.6062247262269174,-0.6194339010677425,-0.6075783347062294
-0.19081380887386495,-0.10571568180286725,0.21671048502598728,-0.6011544743479402,-0.604541051226843,-0.6177619260677933,-0.6060603347062308
-0.19075299555305852,-0.10585630930286924,0.21671048502598728,-0.6012486305979343,-0.6043539762268351,-0.6176690385677959,-0.6058705847062307
-0.19091226742806194,-0.1057508386778678,0.21671457715274112,-0.6011544743479402,-0.604541051226843,-0.6178548135677904,-0.605965459706231
-0.19091226742806194,-0.1057508386778678,0.21671048502598728,-0.6012486305979343,-0.6044475137268392,-0.6179477010677878,-0.6062500847062304
-0.19091226742806194,-0.10582115242786869,0.21672276140624883,-0.6011544743479402,-0.6054764262268844,-0.618690801067765,-0.6068193347062298
-0.19091999012386723,-0.10589918887367486,0.21670639289923344,-0.6014369430979225,-0.6043539762268351,-0.6177619260677933,-0.6062500847062304
-0.19081380887386495,-0.10572340449867254,0.21671457715274112,-0.6012486305979343,-0.6047281262268513,-0.6179477010677878,-0.6062500847062304
-0.19091999012386723,-0.10589918887367486,0.21671048502598728,-0.6014369430979225,-0.604541051226843,-0.6175761510677988,-0.605965459706231
-0.19081380887386495,-0.10586403199867453,0.21672276140624883,-0.6012486305979343,-0.604541051226843,-0.6179477010677878,-0.6058705847062307
-0.19081380887386495,-0.10579371824867342,0.21671457715274112,-0.6012486305979343,-0.6035121387267979,-0.6167401635678242,-0.6051115847062316
-0.19080608617805966,-0.1057585613736731,0.21671048502598728,-0.6014369430979225,-0.6058505762269006,-0.6192481260677485,-0.6073885847062297
-0.19091226742806194,-0.1057585613736731,0.21671048502598728,-0.6012486305979343,-0.6039798262268183,-0.6172046010678103,-0.6055859597062312
-0.19101844867806422,-0.10582887512367398,0.21671048502598728,-0.6010603180979461,-0.6046345887268472,-0.6178548135677904,-0.6062500847062304
-0.19096535805306308,-0.10582887512367398,0.21672276140624883,-0.6016252555979107,-0.6048216637268555,-0.6184121385677734,-0.6070090847062299
-0.19091999012386723,-0.10582887512367398,0.21670639289923344,-0.6010603180979461,-0.6036992137268062,-0.6170188260678158,-0.6052064597062314
-0.19081380887386495,-0.10572340449867254,0.21671048502598728,-0.6011544743479402,-0.6047281262268513,-0.6182263635677794,-0.6064398347062305
-0.19091999012386723,-0.1057585613736731,0.21671866927949499,-0.6014369430979225,-0.6042604387268309,-0.6174832635678018,-0.6058705847062307
-0.19091226742806194,-0.10586403199867453,0.21671866927949499,-0.6012486305979343,-0.6057570387268965,-0.6194339010677425,-0.6070090847062299
-0.19091226742806194,-0.10582887512367398,0.21671048502598728,-0.6012486305979343,-0.6041669012268267,-0.6174832635678018,-0.6057757097062308
-0.19091226742806194,-0.1057585613736731,0.21670639289923344,-0.6010603180979461,-0.6040733637268225,-0.6173903760678043,-0.605680834706231
-0.19091226742806194,-0.10582887512367398,0.21671048502598728,-0.6010603180979461,-0.6046345887268472,-0.6179477010677878,-0.6062500847062304
-0.19076071824886381,-0.10586403199867453,0.21672276140624883,-0.6014369430979225,-0.6046345887268472,-0.6176690385677959,-0.6058705847062307
-0.19091999012386723,-0.10579371824867342,0.21671866927949499,-0.6013427868479284,-0.6043539762268351,-0.6179477010677878,-0.6060603347062308
-0.19070762762386267,-0.10582887512367398,0.21669820864572575,-0.6011544743479402,-0.6054764262268844,-0.619062351067754,-0.6072937097062294
-0.19091999012386723,-0.10582887512367398,0.21671457715274112,-0.6014369430979225,-0.6044475137268392,-0.6177619260677933,-0.6062500847062304
-0.19091226742806194,-0.1057585613736731,0.21670639289923344,-0.6010603180979461,-0.6046345887268472,-0.6181334760677819,-0.6062500847062304
-0.19075299555305852,-0.1057585613736731,0.21671048502598728,-0.6012486305979343,-0.6043539762268351,-0.6177619260677933,-0.6061552097062306
-0.19091226742806194,-0.10582887512367398,0.21670639289923344,-0.6012486305979343,-0.6036992137268062,-0.6168330510678213,-0.6053013347062313
-0.19091226742806194,-0.10568824762367221,0.21670639289923344,-0.6013427868479284,-0.6043539762268351,-0.6176690385677959,-0.605965459706231
-0.19091226742806194,-0.10579371824867342,0.2167023007724796,-0.6012486305979343,-0.6047281262268513,-0.6178548135677904,-0.6060603347062308
-0.19091999012386723,-0.10593434574867541,0.21671457715274112,-0.6011544743479402,-0.604541051226843,-0.6177619260677933,-0.6061552097062306
-0.19081380887386495,-0.10572340449867254,0.21671048502598728,-0.6012486305979343,-0.6041669012268267,-0.6172046010678103,-0.605965459706231
-0.19091999012386723,-0.1057585613736731,0.21671048502598728,-0.6012486305979343,-0.604541051226843,-0.6179477010677878,-0.6062500847062304
-0.19065453699886153,-0.1057585613736731,0.21671048502598728,-0.6014369430979225,-0.604541051226843,-0.6175761510677988,-0.6061552097062306
-0.19091226742806194,-0.10579371824867342,0.21670639289923344,-0.600966161847952,-0.6047281262268513,-0.6183192510677764,-0.6064398347062305
-0.1908591768030608,-0.10579371824867342,0.21672685353300267,-0.6014369430979225,-0.604541051226843,-0.6179477010677878,-0.6062500847062304
-0.19075299555305852,-0.1057585613736731,0.21671457715274112,-0.600966161847952,-0.604541051226843,-0.6176690385677959,-0.6060603347062308
-0.19091226742806194,-0.10582887512367398,0.21672276140624883,-0.6010603180979461,-0.6044475137268392,-0.6178548135677904,-0.6061552097062306
-0.19076071824886381,-0.1057585613736731,0.21670639289923344,-0.6012486305979343,-0.6038862887268146,-0.6171117135678128,-0.6054910847062314
-0.19081380887386495,-0.10582887512367398,0.21670639289923344,-0.6011544743479402,-0.6037927512268104,-0.6170188260678158,-0.6053013347062313
-0.19091999012386723,-0.10582887512367398,0.21670639289923344,-0.6012486305979343,-0.6044475137268392,-0.6178548135677904,-0.6060603347062308
-0.1908668994988661,-0.10579371824867342,0.21671048502598728,-0.6011544743479402,-0.6041669012268267,-0.6173903760678043,-0.6061552097062306
-0.19091226742806194,-0.10579371824867342,0.21671048502598728,-0.6014369430979225,-0.6043539762268351,-0.6176690385677959,-0.6062500847062304
-0.19091226742806194,-0.10586403199867453,0.2167023007724796,-0.6013427868479284,-0.6036992137268062,-0.6170188260678158,-0.6053013347062313
-0.19080608617805966,-0.10579371824867342,0.21672276140624883,-0.6011544743479402,-0.6046345887268472,-0.6177619260677933,-0.6060603347062308
-0.19091226742806194,-0.10579371824867342,0.21671457715274112,-0.6010603180979461,-0.6044475137268392,-0.6179477010677878,-0.6062500847062304
-0.19070762762386267,-0.10586403199867453,0.21672276140624883,-0.6010603180979461,-0.6046345887268472,-0.6177619260677933,-0.6060603347062308
-0.19091999012386723,-0.1057585613736731,0.21671048502598728,-0.6011544743479402,-0.6043539762268351,-0.6179477010677878,-0.6057757097062308
-0.19081380887386495,-0.10579371824867342,0.21671457715274112,-0.6014369430979225,-0.604541051226843,-0.6179477010677878,-0.6061552097062306
-0.19091999012386723,-0.10589918887367486,0.21671866927949499,-0.6014369430979225,-0.6044475137268392,-0.6179477010677878,-0.605965459706231
-0.19091226742806194,-0.1057585613736731,0.21670639289923344,-0.6011544743479402,-0.6043539762268351,-0.6178548135677904,-0.6061552097062306
-0.19091226742806194,-0.10579371824867342,0.21671866927949499,-0.6016252555979107,-0.6043539762268351,-0.6179477010677878,-0.605965459706231
-0.19069990492805738,-0.1057585613736731,0.21671048502598728,-0.6012486305979343,-0.6044475137268392,-0.6177619260677933,-0.6058705847062307
-0.19091999012386723,-0.10593434574867541,0.21671457715274112,-0.6013427868479284,-0.6042604387268309,-0.6178548135677904,-0.605965459706231
-0.19076071824886381,-0.10579371824867342,0.21671048502598728,-0.6010603180979461,-0.6044475137268392,-0.6176690385677959,-0.6060603347062308
-0.19070762762386267,-0.1057585613736731,0.21671048502598728,-0.6012486305979343,-0.6047281262268513,-0.6175761510677988,-0.6061552097062306
-0.19081380887386495,-0.10579371824867342,0.21671048502598728,-0.6011544743479402,-0.6039798262268183,-0.6171117135678128,-0.6054910847062314
-0.19091999012386723,-0.1057585613736731,0.21671457715274112,-0.6014369430979225,-0.6059441137269048,-0.6193410135677455,-0.6075783347062294
-0.19091226742806194,-0.10572340449867254,0.21671457715274112,-0.6010603180979461,-0.6049152012268597,-0.6182263635677794,-0.6064398347062305
-0.1908591768030608,-0.10586403199867453,0.21671048502598728,-0.6010603180979461,-0.6042604387268309,-0.6175761510677988,-0.6054910847062314
-0.19075299555305852,-0.10582887512367398,0.21671457715274112,-0.6011544743479402,-0.6043539762268351,-0.6178548135677904,-0.6062500847062304
-0.19091226742806194,-0.1057585613736731,0.21671457715274112,-0.6015310993479166,-0.604541051226843,-0.6178548135677904,-0.6061552097062306
-0.19076071824886381,-0.10579371824867342,0.21671048502598728,-0.6010603180979461,-0.6046345887268472,-0.6178548135677904,-0.6062500847062304
-0.19091999012386723,-0.10582887512367398,0.21671866927949499,-0.6012486305979343,-0.604541051226843,-0.6177619260677933,-0.6058705847062307
-0.19097308074886837,-0.10589918887367486,0.21672276140624883,-0.6012486305979343,-0.6044475137268392,-0.6176690385677959,-0.6060603347062308
-0.19091999012386723,-0.10582887512367398,0.21670639289923344,-0.6012486305979343,-0.605289351226876,-0.6183192510677764,-0.6070090847062299
-0.19101844867806422,-0.10593434574867541,0.21671048502598728,-0.6014369430979225,-0.60332506372679,-0.6166472760678272,-0.6049218347062315
-0.19069990492805738,-0.1057585613736731,0.21670639289923344,-0.6012486305979343,-0.604541051226843,-0.6177619260677933,-0.6063449597062303
-0.19075299555305852,-0.10582887512367398,0.21671048502598728,-0.6012486305979343,-0.604541051226843,-0.6178548135677904,-0.6062500847062304
-0.19091226742806194,-0.10572340449867254,0.21671866927949499,-0.6012486305979343,-0.604541051226843,-0.6179477010677878,-0.6061552097062306
-0.1908668994988661,-0.10582887512367398,0.21671048502598728,-0.6011544743479402,-0.604541051226843,-0.6179477010677878,-0.605965459706231
-0.19091999012386723,-0.10582887512367398,0.21669820864572575,-0.6010603180979461,-0.604541051226843,-0.6176690385677959,-0.6060603347062308
-0.19091999012386723,-0.10579371824867342,0.21670639289923344,-0.6012486305979343,-0.6044475137268392,-0.6175761510677988,-0.6060603347062308
-0.19081380887386495,-0.10582887512367398,0.21671048502598728,-0.6011544743479402,-0.6044475137268392,-0.6177619260677933,-0.6063449597062303
-0.19091999012386723,-0.1057585613736731,0.21671048502598728,-0.6013427868479284,-0.604541051226843,-0.6176690385677959,-0.6062500847062304
-0.19075299555305852,-0.1057585613736731,0.21671457715274112,-0.6010603180979461,-0.6040733637268225,-0.6174832635678018,-0.6054910847062314
-0.1908591768030608,-0.1057585613736731,0.21669820864572575,-0.6012486305979343,-0.6043539762268351,-0.6177619260677933,-0.6060603347062308
-0.19080608617805966,-0.10572340449867254,0.21670639289923344,-0.6014369430979225,-0.6043539762268351,-0.6175761510677988,-0.605965459706231
-0.19091999012386723,-0.1057585613736731,0.21671457715274112,-0.6013427868479284,-0.604541051226843,-0.6176690385677959,-0.6061552097062306
-0.19081380887386495,-0.10579371824867342,0.2167023007724796,-0.6012486305979343,-0.6039798262268183,-0.6172046010678103,-0.6058705847062307
-0.19091999012386723,-0.10572340449867254,0.21671457715274112,-0.6011544743479402,-0.6042604387268309,-0.6176690385677959,-0.6062500847062304
-0.19091999012386723,-0.1057585613736731,0.21671048502598728,-0.6014369430979225,-0.6043539762268351,-0.6177619260677933,-0.6062500847062304
-0.19080608617805966,-0.10579371824867342,0.21671048502598728,-0.600966161847952,-0.6044475137268392,-0.6180405885677849,-0.6058705847062307
-0.19091226742806194,-0.10579371824867342,0.21671048502598728,-0.6010603180979461,-0.604541051226843,-0.6177619260677933,-0.6061552097062306
-0.19091226742806194,-0.10586403199867453,0.21672276140624883,-0.6014369430979225,-0.604541051226843,-0.6177619260677933,-0.6061552097062306
-0.19096535805306308,-0.10586403199867453,0.21671866927949499,-0.6014369430979225,-0.6044475137268392,-0.6177619260677933,-0.6060603347062308
-0.19081380887386495,-0.1057585613736731,0.21669820864572575,-0.600966161847952,-0.6047281262268513,-0.6178548135677904,-0.6063449597062303
-0.19091999012386723,-0.10572340449867254,0.21671457715274112,-0.6015310993479166,-0.6047281262268513,-0.6179477010677878,-0.6062500847062304
-0.19070762762386267,-0.10586403199867453,0.21672276140624883,-0.6013427868479284,-0.6056635012268927,-0.6193410135677455,-0.6073885847062297
-0.19076071824886381,-0.10579371824867342,0.21671048502598728,-0.6012486305979343,-0.6043539762268351,-0.6177619260677933,-0.605965459706231
-0.19080608617805966,-0.1057585613736731,0.21669820864572575,-0.6014369430979225,-0.6048216637268555,-0.6179477010677878,-0.6066295847062302
-0.1908591768030608,-0.1057585613736731,0.21671048502598728,-0.6011544743479402,-0.6044475137268392,-0.6178548135677904,-0.6064398347062305
-0.19080608617805966,-0.10565309074867166,0.21671457715274112,-0.6011544743479402,-0.6046345887268472,-0.6177619260677933,-0.6063449597062303
-0.19091999012386723,-0.10586403199867453,0.21671866927949499,-0.6014369430979225,-0.6047281262268513,-0.6179477010677878,-0.6066295847062302
-0.19070762762386267,-0.1057585613736731,0.21670639289923344,-0.6012486305979343,-0.6044475137268392,-0.6179477010677878,-0.6063449597062303
-0.19091999012386723,-0.10589918887367486,0.21671457715274112,-0.6014369430979225,-0.6047281262268513,-0.6177619260677933,-0.6064398347062305
-0.1908668994988661,-0.1057585613736731,0.21672276140624883,-0.6014369430979225,-0.6043539762268351,-0.6177619260677933,-0.6060603347062308
-0.19076071824886381,-0.10582887512367398,0.2167023007724796,-0.6010603180979461,-0.604541051226843,-0.6179477010677878,-0.6061552097062306
-0.1908668994988661,-0.1057585613736731,0.21671457715274112,-0.6014369430979225,-0.604541051226843,-0.6177619260677933,-0.605965459706231
-0.19096535805306308,-0.10586403199867453,0.2167309456597565,-0.6013427868479284,-0.6046345887268472,-0.6179477010677878,-0.6064398347062305
-0.19080608617805966,-0.10579371824867342,0.21671048502598728,-0.6011544743479402,-0.6041669012268267,-0.6174832635678018,-0.605965459706231
-0.19091999012386723,-0.10582887512367398,0.21671866927949499,-0.6014369430979225,-0.604541051226843,-0.6175761510677988,-0.6060603347062308
-0.19091999012386723,-0.10579371824867342,0.21670639289923344,-0.6012486305979343,-0.6044475137268392,-0.6178548135677904,-0.6061552097062306
-0.19091999012386723,-0.10582887512367398,0.21671457715274112,-0.6012486305979343,-0.6044475137268392,-0.6177619260677933,-0.605965459706231
-0.19091999012386723,-0.10582887512367398,0.21671457715274112,-0.6011544743479402,-0.6043539762268351,-0.6178548135677904,-0.6060603347062308
-0.19081380887386495,-0.10582887512367398,0.21671048502598728,-0.6014369430979225,-0.6048216637268555,-0.6179477010677878,-0.6063449597062303
-0.19091999012386723,-0.10582887512367398,0.21671048502598728,-0.6012486305979343,-0.604541051226843,-0.6179477010677878,-0.6061552097062306
-0.19091226742806194,-0.10582887512367398,0.21671716974038224,-0.6011544743479402,-0.6048216637268555,-0.6179477010677878,-0.6062500847062304
-0.19091999012386723,-0.10582887512367398,0.21670489336012072,-0.6012486305979343,-0.6043539762268351,-0.6178548135677904,-0.6060603347062308
-0.19081380887386495,-0.10579371824867342,0.21670898548687456,-0.6012486305979343,-0.6039798262268183,-0.6173903760678043,-0.605680834706231
-0.19091999012386723,-0.10572340449867254,0.2167130776136284,-0.6010603180979461,-0.604541051226843,-0.6177619260677933,-0.6060603347062308
-0.19091999012386723,-0.1057585613736731,0.2167212618671361,-0.600872005597958,-0.6046345887268472,-0.6178548135677904,-0.6062500847062304
-0.19076071824886381,-0.1057585613736731,0.21671716974038224,-0.6012486305979343,-0.6044475137268392,-0.6177619260677933,-0.605965459706231
-0.19097308074886837,-0.10582887512367398,0.21671716974038224,-0.6014369430979225,-0.6057570387268965,-0.6187836885677624,-0.6075783347062294
-0.19076071824886381,-0.10589918887367486,0.21671716974038224,-0.6010603180979461,-0.6053828887268802,-0.6185979135677679,-0.6069142097062301
-0.19091999012386723,-0.10582887512367398,0.21671716974038224,-0.6011544743479402,-0.6059441137269048,-0.6194339010677425,-0.607768084706229
-0.19091999012386723,-0.1057585613736731,0.2167212618671361,-0.6011544743479402,-0.6044475137268392,-0.6175761510677988,-0.605965459706231
-0.19091999012386723,-0.10582887512367398,0.21672535399388995,-0.6013427868479284,-0.604541051226843,-0.6177619260677933,-0.6058705847062307
-0.19076071824886381,-0.10579371824867342,0.21671716974038224,-0.6010603180979461,-0.604541051226843,-0.6177619260677933,-0.6060603347062308
-0.19091999012386723,-0.10586403199867453,0.2167130776136284,-0.6012486305979343,-0.6047281262268513,-0.6179477010677878,-0.605965459706231
-0.19081380887386495,-0.1057585613736731,0.21669670910661304,-0.6011544743479402,-0.6047281262268513,-0.6181334760677819,-0.6066295847062302
-0.19070762762386267,-0.10579371824867342,0.21670489336012072,-0.6011544743479402,-0.604541051226843,-0.6179477010677878,-0.6062500847062304
-0.19091226742806194,-0.10586403199867453,0.2167130776136284,-0.6011544743479402,-0.6044475137268392,-0.6176690385677959,-0.6062500847062304
-0.19091999012386723,-0.10572340449867254,0.21671716974038224,-0.6012486305979343,-0.6044475137268392,-0.6178548135677904,-0.6062500847062304
-0.19076071824886381,-0.1057585613736731,0.21672535399388995,-0.6012486305979343,-0.6046345887268472,-0.6178548135677904,-0.6061552097062306
-0.19097308074886837,-0.10582887512367398,0.21672535399388995,-0.6012486305979343,-0.604541051226843,-0.6177619260677933,-0.605965459706231
-0.19091999012386723,-0.10579371824867342,0.21671716974038224,-0.6014369430979225,-0.6044475137268392,-0.6178548135677904,-0.6060603347062308
-0.19091999012386723,-0.10582887512367398,0.21671716974038224,-0.6012486305979343,-0.604541051226843,-0.6179477010677878,-0.6061552097062306
-0.1908668994988661,-0.10586403199867453,0.21671716974038224,-0.6010603180979461,-0.6044475137268392,-0.6174832635678018,-0.6061552097062306
-0.19091999012386723,-0.10582887512367398,0.2167130776136284,-0.6012486305979343,-0.604541051226843,-0.6178548135677904,-0.6060603347062308
-0.19091999012386723,-0.10589918887367486,0.2167130776136284,-0.6014369430979225,-0.6054764262268844,-0.6188765760677595,-0.6074834597062295
-0.19081380887386495,-0.10582887512367398,0.21671716974038224,-0.6011544743479402,-0.604541051226843,-0.6179477010677878,-0.6060603347062308
-0.19091999012386723,-0.1057585613736731,0.21671716974038224,-0.6011544743479402,-0.6049152012268597,-0.6185050260677709,-0.6065347097062304
0.02042503510293971,-0.0006481445745770413,0.24000021448923045,-0.009644564031277836,0.002431384121878487,-0.0017042032423496569,0.00025400984659681763
0.02037966717374385,-0.0006052650037714296,0.24000021448923045,-0.009644564031277836,0.0025249216218826685,-0.0014255407423581236,0.00025400984659681763
0.020334299244547993,-0.0006558672703823225,0.23999203023572277,-0.00945625153128965,0.0025249216218826685,-0.0015184282423551534,0.0004437598465964731
0.02021267260293515,-0.0006207103953819919,0.2399961223624766,-0.00945625153128965,0.0029926091219031324,-0.0007753282423780274,0.0009181348465960559
0.020204949907129868,-0.0006284330911872733,0.2399961223624766,-0.009644564031277836,0.004115059121952423,0.00015354675759404616,0.002056634846594877
0.020311131157132147,-0.0006207103953819919,0.24000021448923045,-0.00945625153128965,0.001496009121837559,-0.002447303242327227,-0.0006947401534023479
0.020250317836325728,-0.0007536151995784772,0.24000021448923045,-0.009362095281295557,0.0025249216218826685,-0.0015184282423551534,0.0004437598465964731
0.020311131157132147,-0.0005701081287708769,0.2400109913303793,-0.009550407781283743,0.0022443091218701237,-0.0015184282423551534,0.0004437598465964731
0.02037194447793857,-0.0005426739495758275,0.24000280707687158,-0.009550407781283743,0.0020572341218622046,-0.0018899782423441604,0.00034888484659664537
0.02021267260293515,-0.0006635899661876039,0.2400109913303793,-0.009738720281271929,0.00261845912188685,-0.00123976574236362,0.0004437598465964731
0.02032657654874271,-0.0006207103953819919,0.24000689920362545,-0.009738720281271929,0.0027119966218910317,-0.001332653242361094,0.0005386348465963008
0.02032657654874271,-0.0005503966453811087,0.2400109913303793,-0.009362095281295557,0.0028055341218952133,-0.00123976574236362,0.0008232598465962281
0.02047812572794085,-0.0006481445745770413,0.23998643856985621,-0.00945625153128965,0.0029926091219031324,-0.0014255407423581236,0.0006335098465965727
0.02021267260293515,-0.0005701081287708769,0.2400109913303793,-0.009362095281295557,0.0025249216218826685,-0.0017042032423496569,0.0004437598465964731
0.020204949907129868,-0.0006481445745770413,0.24000689920362545,-0.009550407781283743,0.00261845912188685,-0.0014255407423581236,0.0005386348465963008
0.020303408461326868,-0.0006481445745770413,0.2400109913303793,-0.009362095281295557,0.0027119966218910317,-0.0015184282423551534,0.0004437598465964731
0.020311131157132147,-0.0006910241453828752,0.24001508345713313,-0.00945625153128965,0.002431384121878487,-0.0017042032423496569,0.00034888484659664537
0.02026576322793629,-0.0006910241453828752,0.23999871495011774,-0.00945625153128965,0.0017766216218496598,-0.0021686407423356937,-0.0004101151534028647
0.02031885385293743,-0.0005855535203814393,0.24000689920362545,-0.009362095281295557,0.0018701591218538414,-0.0022615282423327234,-0.00022036515340276514
0.02032657654874271,-0.0005503966453811087,0.24000689920362545,-0.00945625153128965,0.0015895466218417407,-0.002354415742330197,-0.0005049901534026924
0.02031885385293743,-0.0005855535203814393,0.2400109913303793,-0.009267939031301464,0.0027119966218910317,-0.0010539907423695607,0.0008232598465962281
0.020311131157132147,-0.0005778308245761581,0.24000280707687158,-0.009362095281295557,0.0028990716218989508,-0.0008682157423750571,0.0006335098465965727
0.020151859282128728,-0.0006558672703823225,0.2400109913303793,-0.009550407781283743,0.0028990716218989508,-0.00123976574236362,0.0008232598465962281
0.020250317836325728,-0.0005855535203814393,0.2399946228233639,-0.009550407781283743,0.001308934121829196,-0.0026330782423217305,-0.0005998651534025202
0.02031885385293743,-0.0005503966453811087,0.2400109913303793,-0.009550407781283743,0.0027119966218910317,-0.0008682157423750571,0.0007283848465964004
0.02021267260293515,-0.0005503966453811087,0.24000280707687158,-0.009550407781283743,0.00018648412177990495,-0.0032832907423018267,-0.0016434901534015133
0.02042503510293971,-0.0005855535203814393,0.23999053069661005,-0.009550407781283743,0.002150771621866386,-0.0016113157423526272,0.00025400984659681763
0.02022039529874043,-0.0006207103953819919,0.23999871495011774,-0.009550407781283743,0.0022443091218701237,-0.0018899782423441604,-3.0615153403109664e-05
0.02031885385293743,-0.0005855535203814393,0.23999871495011774,-0.00945625153128965,0.002431384121878487,-0.0017042032423496569,0.00025400984659681763
0.02021267260293515,-0.0006207103953819919,0.24000689920362545,-0.009173782781307371,0.0023378466218743053,-0.0016113157423526272,0.0001591348465969899
0.02031885385293743,-0.0006207103953819919,0.24000689920362545,-0.009644564031277836,0.0023378466218743053,-0.0016113157423526272,6.425984659671807e-05
0.02026576322793629,-0.0005855535203814393,0.23999871495011774,-0.00945625153128965,0.002431384121878487,-0.0017042032423496569,0.00025400984659681763
0.020204949907129868,-0.0005855535203814393,0.24000689920362545,-0.009550407781283743,0.0022443091218701237,-0.0017970907423466866,0.0001591348465969899
0.020204949907129868,-0.0005855535203814393,0.24001508345713313,-0.009362095281295557,0.002431384121878487,-0.0015184282423551534,0.0004437598465964731
0.020204949907129868,-0.0006207103953819919,0.24000280707687158,-0.009362095281295557,0.002431384121878487,-0.0017970907423466866,0.0004437598465964731
0.02032657654874271,-0.0006207103953819919,0.24001378716331256,-0.009644564031277836,0.002431384121878487,-0.0015184282423551534,0.0005386348465963008
0.02011421404873793,-0.0006558672703823225,0.24000151078305101,-0.009550407781283743,0.0020572341218622046,-0.0017042032423496569,0.00025400984659681763
0.02015958197793401,-0.0006910241453828752,0.24000151078305101,-0.009644564031277836,0.002431384121878487,-0.0014255407423581236,0.0005386348465963008
0.02021267260293515,-0.0005503966453811087,0.24000151078305101,-0.009644564031277836,0.0025249216218826685,-0.001332653242361094,0.00025400984659681763
0.02037194447793857,-0.0005503966453811087,0.24000151078305101,-0.009550407781283743,0.002431384121878487,-0.0016113157423526272,0.00034888484659664537
0.020204949907129868,-0.0005503966453811087,0.24000151078305101,-0.009550407781283743,0.001496009121837559,-0.002354415742330197,-0.0005998651534025202
0.02042503510293971,-0.0005855535203814393,0.24000151078305101,-0.009550407781283743,0.0025249216218826685,-0.0015184282423551534,0.0005386348465963008
0.02021267260293515,-0.0005855535203814393,0.24000151078305101,-0.009362095281295557,0.0023378466218743053,-0.001332653242361094,0.00034888484659664537
0.02031885385293743,-0.0006207103953819919,0.24000969503655872,-0.009644564031277836,0.0033667591219198587,-0.0007753282423780274,0.0010130098465958837
0.02031885385293743,-0.0006207103953819919,0.24001378716331256,-0.009550407781283743,0.00261845912188685,-0.001332653242361094,0.00025400984659681763
0.02037194447793857,-0.0005503966453811087,0.24000151078305101,-0.009362095281295557,0.0025249216218826685,-0.0017042032423496569,0.0006335098465965727
0.02021267260293515,-0.0005503966453811087,0.24000969503655872,-0.009550407781283743,0.00261845912188685,-0.0017042032423496569,0.00034888484659664537
0.02037194447793857,-0.0005503966453811087,0.24000151078305101,-0.009550407781283743,0.0025249216218826685,-0.0016113157423526272,0.00034888484659664537
0.020204949907129868,-0.000515239770380556,0.24001378716331256,-0.009644564031277836,0.0023378466218743053,-0.0016113157423526272,0.00025400984659681763
0.02022039529874043,-0.0006207103953819919,0.24000151078305101,-0.009738720281271929,0.002431384121878487,-0.0015184282423551534,0.0005386348465963008
0.02022039529874043,-0.0006558672703823225,0.24000969503655872,-0.009550407781283743,0.0025249216218826685,-0.0014255407423581236,0.0004437598465964731
0.02022039529874043,-0.0005855535203814393,0.2400178792900664,-0.009738720281271929,0.0023378466218743053,-0.0014255407423581236,0.0004437598465964731
0.02022039529874043,-0.0004800828953802254,0.24000151078305101,-0.00945625153128965,0.00261845912188685,-0.001332653242361094,0.0004437598465964731
0.02031885385293743,-0.00047236019957494426,0.24000151078305101,-0.009362095281295557,0.0025249216218826685,-0.0014255407423581236,0.00025400984659681763
0.020258040532131007,-0.0006404218787717602,0.24000560290980488,-0.009832876531266022,0.002431384121878487,-0.0014255407423581236,0.0004437598465964731
0.020204949907129868,-0.0006404218787717602,0.24000969503655872,-0.009644564031277836,0.0027119966218910317,-0.0016113157423526272,0.0004437598465964731
0.020204949907129868,-0.0005701081287708769,0.2400178792900664,-0.009362095281295557,0.0018701591218538414,-0.0017042032423496569,-0.00022036515340276514
0.020311131157132147,-0.0006755787537723128,0.24000560290980488,-0.009362095281295557,0.0027119966218910317,-0.0009611032423720869,0.0008232598465962281
0.020258040532131007,-0.0006052650037714296,0.24000560290980488,-0.009644564031277836,0.0023378466218743053,-0.0014255407423581236,0.0005386348465963008
0.02022039529874043,-0.0006052650037714296,0.23999741865629717,-0.009550407781283743,0.002431384121878487,-0.0016113157423526272,0.00025400984659681763
0.02032657654874271,-0.0004997943787699937,0.23999741865629717,-0.009362095281295557,0.002431384121878487,-0.00123976574236362,0.0005386348465963008
0.02022039529874043,-0.0005701081287708769,0.2400178792900664,-0.009173782781307371,0.003273221621915677,-0.0004966657423860501,0.0012027598465959833
0.02031885385293743,-0.0005349512537705463,0.24000969503655872,-0.009550407781283743,0.0023378466218743053,-0.0017042032423496569,0.0001591348465969899
0.02021267260293515,-0.0005701081287708769,0.24000151078305101,-0.009738720281271929,0.0038344466219403226,-0.0005895532423835239,0.0015822598465957383
0.020311131157132147,-0.0006052650037714296,0.24000151078305101,-0.009550407781283743,0.002431384121878487,-0.0014255407423581236,0.0004437598465964731
0.020204949907129868,-0.0005701081287708769,0.24000151078305101,-0.009362095281295557,0.0033667591219198587,-0.0010539907423695607,0.0010130098465958837
0.02021267260293515,-0.0005701081287708769,0.24000151078305101,-0.009362095281295557,0.0023378466218743053,-0.0015184282423551534,0.0004437598465964731
0.02022039529874043,-0.0006052650037714296,0.23999332652954333,-0.009644564031277836,0.0023378466218743053,-0.0017042032423496569,0.0001591348465969899
0.02027348592374157,-0.0005778308245761581,0.24000969503655872,-0.00945625153128965,0.0023378466218743053,-0.0014255407423581236,0.0004437598465964731
0.02022039529874043,-0.0006481445745770413,0.24001378716331256,-0.009362095281295557,0.002431384121878487,-0.0014255407423581236,0.0004437598465964731
0.02026576322793629,-0.0006481445745770413,0.24000151078305101,-0.009362095281295557,0.0025249216218826685,-0.0016113157423526272,0.0005386348465963008
0.02042503510293971,-0.0005075170745752749,0.24000560290980488,-0.009550407781283743,0.00261845912188685,-0.0015184282423551534,0.0005386348465963008
0.020364221782133287,-0.0006129876995767107,0.24000151078305101,-0.009550407781283743,0.0034602966219235962,-0.0004966657423860501,0.0013925098465956388
0.020151859282128728,-0.0006129876995767107,0.24000560290980488,-0.009362095281295557,0.0023378466218743053,-0.0014255407423581236,0.0006335098465965727
0.02021267260293515,-0.0005778308245761581,0.24000560290980488,-0.009550407781283743,0.002431384121878487,-0.0014255407423581236,0.0005386348465963008
0.02026576322793629,-0.0006481445745770413,0.23999741865629717,-0.009550407781283743,0.002431384121878487,-0.0014255407423581236,0.00025400984659681763
0.02032657654874271,-0.0005075170745752749,0.24000151078305101,-0.009362095281295557,0.002431384121878487,-0.001332653242361094,0.0004437598465964731
0.02011421404873793,-0.0007184583245781466,0.24000969503655872,-0.009362095281295557,0.0025249216218826685,-0.0015184282423551534,0.0004437598465964731
0.02022039529874043,-0.0006481445745770413,0.24001378716331256,-0.009550407781283743,0.002431384121878487,-0.0015184282423551534,6.425984659671807e-05
0.020311131157132147,-0.0006129876995767107,0.24000969503655872,-0.009362095281295557,-0.00018766587823637734,-0.004490828242265434,-0.0024024901534010234
0.020258040532131007,-0.0006481445745770413,0.24000151078305101,-0.009550407781283743,0.0029926091219031324,-0.0010539907423695607,0.0010130098465958837
0.020364221782133287,-0.0005075170745752749,0.24000560290980488,-0.009362095281295557,0.001496009121837559,-0.002447303242327227,-0.0005998651534025202
0.020204949907129868,-0.0005778308245761581,0.24000969503655872,-0.009644564031277836,0.0012153966218250143,-0.0029117407423132637,-0.0008844901534024475
0.02021267260293515,-0.0006129876995767107,0.24000151078305101,-0.009362095281295557,0.0023378466218743053,-0.0016113157423526272,0.0001591348465969899
0.02032657654874271,-0.0005426739495758275,0.24000151078305101,-0.009550407781283743,0.0025249216218826685,-0.0014255407423581236,0.0005386348465963008
0.02027348592374157,-0.0005778308245761581,0.24000560290980488,-0.009550407781283743,0.002431384121878487,-0.0014255407423581236,0.0004437598465964731
0.02022039529874043,-0.0005426739495758275,0.24000151078305101,-0.009738720281271929,0.0023378466218743053,-0.0014255407423581236,0.00025400984659681763
0.02031885385293743,-0.000683301449577594,0.24000151078305101,-0.009550407781283743,0.002431384121878487,-0.0014255407423581236,0.00025400984659681763
0.02015958197793401,-0.0006481445745770413,0.24000969503655872,-0.009644564031277836,0.0012153966218250143,-0.00272596574231876,-0.0008844901534024475
0.020258040532131007,-0.0005778308245761581,0.24000969503655872,-0.009362095281295557,0.002431384121878487,-0.0014255407423581236,0.0004437598465964731
0.020311131157132147,-0.0005426739495758275,0.2399892344027895,-0.00945625153128965,0.002431384121878487,-0.0014255407423581236,0.00025400984659681763
0.02031885385293743,-0.0005778308245761581,0.24000151078305101,-0.009738720281271929,0.002431384121878487,-0.0014255407423581236,0.00034888484659664537
0.02021267260293515,-0.0006129876995767107,0.24000151078305101,-0.009362095281295557,0.0022443091218701237,-0.0014255407423581236,0.0004437598465964731
0.02022039529874043,-0.0006129876995767107,0.24000969503655872,-0.009644564031277836,0.0023378466218743053,-0.0016113157423526272,6.425984659671807e-05
0.02022039529874043,-0.0005778308245761581,0.23999741865629717,-0.009362095281295557,0.0022443091218701237,-0.0016113157423526272,0.00034888484659664537
0.02015958197793401,-0.0006481445745770413,0.24000151078305101,-0.009644564031277836,0.002431384121878487,-0.0017042032423496569,0.0004437598465964731
0.020364221782133287,-0.0005075170745752749,0.23999741865629717,-0.009362095281295557,0.0027119966218910317,-0.0016113157423526272,0.00025400984659681763
0.020151859282128728,-0.0006129876995767107,0.24000151078305101,-0.009267939031301464,0.0012153966218250143,-0.00272596574231876,-0.0008844901534024475
0.020364221782133287,-0.0006129876995767107,0.24000560290980488,-0.009550407781283743,0.002431384121878487,-0.0014255407423581236,0.00034888484659664537
0.02021267260293515,-0.0004372033245743916,0.23999741865629717,-0.009738720281271929,0.0023378466218743053,-0.0014255407423581236,0.0004437598465964731
0.02022039529874043,-0.0006129876995767107,0.24000560290980488,-0.009644564031277836,0.0022443091218701237,-0.0018899782423441604,-3.0615153403109664e-05
0.02027348592374157,-0.0006481445745770413,0.24000560290980488,-0.009550407781283743,0.0028055341218952133,-0.0009611032423720869,0.0009181348465960559
0.02027348592374157,-0.0005075170745752749,0.23999741865629717,-0.009362095281295557,0.0027119966218910317,-0.0014255407423581236,0.0004437598465964731
0.02037966717374385,-0.0005075170745752749,0.24000560290980488,-0.00945625153128965,0.0027119966218910317,-0.0014255407423581236,0.0005386348465963008
0.02027348592374157,-0.0005075170745752749,0.24000151078305101,-0.009362095281295557,0.002150771621866386,-0.0018899782423441604,6.425984659671807e-05
0.02032657654874271,-0.0005075170745752749,0.24000151078305101,-0.009550407781283743,0.0025249216218826685,-0.0014255407423581236,0.0005386348465963008
0.02022039529874043,-0.0005778308245761581,0.24000969503655872,-0.00945625153128965,0.002431384121878487,-0.0016113157423526272,0.00025400984659681763
0.02032657654874271,-0.0006129876995767107,0.24000560290980488,-0.009550407781283743,0.002431384121878487,-0.00123976574236362,0.0007283848465964004
0.02032657654874271,-0.0005778308245761581,0.24001378716331256,-0.009738720281271929,0.000841246621808732,-0.003097515742307323,-0.000979365153402275
0.02037966717374385,-0.0006481445745770413,0.24000151078305101,-0.009550407781283743,0.0023378466218743053,-0.0016113157423526272,0.0004437598465964731
0.02027348592374157,-0.0005778308245761581,0.24000151078305101,-0.009362095281295557,0.00261845912188685,-0.001332653242361094,0.0004437598465964731
0.02011421404873793,-0.0006481445745770413,0.24000560290980488,-0.009738720281271929,0.002431384121878487,-0.0014255407423581236,0.00025400984659681763
0.02031885385293743,-0.0006129876995767107,0.24000969503655872,-0.009550407781283743,0.002431384121878487,-0.0016113157423526272,0.0001591348465969899
0.020151859282128728,-0.0006129876995767107,0.24000151078305101,-0.009362095281295557,0.001308934121829196,-0.00281885324231579,-0.0007896151534021756
0.020151859282128728,-0.0005778308245761581,0.23999741865629717,-0.009738720281271929,0.0027119966218910317,-0.0016113157423526272,0.0005386348465963008
0.02021267260293515,-0.0005778308245761581,0.24001378716331256,-0.009362095281295557,0.00261845912188685,-0.0014255407423581236,0.00034888484659664537
0.02021267260293515,-0.0005426739495758275,0.23999741865629717,-0.00945625153128965,0.0027119966218910317,-0.00123976574236362,0.0006335098465965727
0.02037966717374385,-0.0005426739495758275,0.23999332652954333,-0.009550407781283743,0.0012153966218250143,-0.0026330782423217305,-0.0008844901534024475
0.02022039529874043,-0.0006129876995767107,0.24000969503655872,-0.009644564031277836,0.0029926091219031324,-0.0007753282423780274,0.0011078848465961555
0.02022039529874043,-0.0007184583245781466,0.24000151078305101,-0.009550407781283743,0.002431384121878487,-0.0015184282423551534,0.0004437598465964731
0.02016730467373929,-0.0005075170745752749,0.24000560290980488,-0.009362095281295557,0.0023378466218743053,-0.001332653242361094,0.0004437598465964731
0.02027348592374157,-0.0006129876995767107,0.24000560290980488,-0.00945625153128965,0.00261845912188685,-0.0016113157423526272,0.0006335098465965727
0.02027348592374157,-0.0006129876995767107,0.23999741865629717,-0.009550407781283743,0.0025249216218826685,-0.0017970907423466866,0.00025400984659681763
0.02022039529874043,-0.0005778308245761581,0.24002197141682025,-0.009550407781283743,0.0018701591218538414,-0.0017970907423466866,-0.0001254901534029374
0.02037966717374385,-0.0005426739495758275,0.24000560290980488,-0.009550407781283743,0.0017766216218496598,-0.0021686407423356937,-0.0005049901534026924
0.02022039529874043,-0.0006129876995767107,0.23999741865629717,-0.009550407781283743,0.0025249216218826685,-0.001332653242361094,0.00025400984659681763
0.02043275779874499,-0.0006129876995767107,0.24000560290980488,-0.009644564031277836,0.00261845912188685,-0.0017970907423466866,0.0005386348465963008
0.02032657654874271,-0.0005778308245761581,0.24000560290980488,-0.009362095281295557,0.0023378466218743053,-0.0015184282423551534,0.00034888484659664537
0.02022039529874043,-0.0005778308245761581,0.23999741865629717,-0.009550407781283743,0.0009347841218129136,-0.003097515742307323,-0.0011691151534019306
0.02032657654874271,-0.0006481445745770413,0.24000560290980488,-0.009550407781283743,0.00261845912188685,-0.0014255407423581236,0.0006335098465965727
0.02022039529874043,-0.0005426739495758275,0.24000560290980488,-0.009550407781283743,0.002431384121878487,-0.0016113157423526272,0.0006335098465965727
0.02032657654874271,-0.0006481445745770413,0.24000151078305101,-0.009832876531266022,0.0034602966219235962,-0.00021800324239451682,0.001677134846595566
0.02011421404873793,-0.0005778308245761581,0.24000560290980488,-0.009927032781260559,0.0028055341218952133,-0.0014255407423581236,0.0005386348465963008
0.02032657654874271,-0.0005778308245761581,0.24000151078305101,-0.009550407781283743,0.0033667591219198587,-0.0006824407423805536,0.0013925098465956388
0.02032657654874271,-0.0006481445745770413,0.24000151078305101,-0.009550407781283743,0.002431384121878487,-0.0017042032423496569,0.00034888484659664537
0.02022039529874043,-0.000683301449577594,0.24000969503655872,-0.009644564031277836,0.0025249216218826685,-0.0016113157423526272,0.0006335098465965727
0.02022039529874043,-0.0005426739495758275,0.24000560290980488,-0.009550407781283743,0.00261845912188685,-0.001332653242361094,0.0008232598465962281
0.020204949907129868,-0.0005426739495758275,0.24000969503655872,-0.009644564031277836,0.0025249216218826685,-0.0015184282423551534,0.0004437598465964731
0.020311131157132147,-0.0006129876995767107,0.24000969503655872,-0.009362095281295557,0.0023378466218743053,-0.001332653242361094,6.425984659671807e-05
0.02031885385293743,-0.0005426739495758275,0.24000560290980488,-0.009362095281295557,0.002431384121878487,-0.00123976574236362,0.00025400984659681763
0.02031885385293743,-0.0005426739495758275,0.24000969503655872,-0.00945625153128965,0.0009347841218129136,-0.0030046282423102934,-0.0013588651534020301
0.02032657654874271,-0.0006129876995767107,0.24000151078305101,-0.009362095281295557,0.0027119966218910317,-0.0017042032423496569,0.0005386348465963008
0.02022039529874043,-0.0006129876995767107,0.24000151078305101,-0.009362095281295557,0.0023378466218743053,-0.0015184282423551534,0.0004437598465964731
0.02022039529874043,-0.0005778308245761581,0.24000969503655872,-0.009550407781283743,0.0038344466219403226,-0.0001251157423974871,0.0017720098465953938
0.02016730467373929,-0.0005778308245761581,0.2400178792900664,-0.009550407781283743,0.0036473716219319594,-0.00031089074239199063,0.001677134846595566
0.02032657654874271,-0.0006129876995767107,0.24000969503655872,-0.009362095281295557,0.002431384121878487,-0.0016113157423526272,0.00025400984659681763
0.02037966717374385,-0.0005075170745752749,0.24000151078305101,-0.009644564031277836,0.002431384121878487,-0.0017042032423496569,0.00034888484659664537
0.02027348592374157,-0.0005778308245761581,0.24000151078305101,-0.009550407781283743,0.003553834121927778,-0.0004966657423860501,0.0012027598465959833
0.02027348592374157,-0.0005075170745752749,0.24000969503655872,-0.009362095281295557,0.0031796841219114956,-0.0006824407423805536,0.001297634846595811
0.02022039529874043,-0.0005778308245761581,0.24000560290980488,-0.009644564031277836,0.0022443091218701237,-0.0016113157423526272,0.0004437598465964731
0.02027348592374157,-0.0006129876995767107,0.24000560290980488,-0.00945625153128965,0.0023378466218743053,-0.001332653242361094,0.00034888484659664537
0.02032657654874271,-0.0005349512537705463,0.24000151078305101,-0.009550407781283743,0.0034602966219235962,-0.00031089074239199063,0.0014873848465954665
0.02022039529874043,-0.0006326991829664788,0.24000151078305101,-0.00945625153128965,0.0028055341218952133,-0.0011468782423665904,0.0010130098465958837
0.02037966717374385,-0.0006326991829664788,0.24000969503655872,-0.00945625153128965,0.0011218591218208327,-0.003097515742307323,-0.0010742401534021028
0.02032657654874271,-0.0005975423079661482,0.24000151078305101,-0.009644564031277836,0.0027119966218910317,-0.0014255407423581236,0.0004437598465964731
0.02016730467373929,-0.0006326991829664788,0.24000560290980488,-0.00945625153128965,0.00261845912188685,-0.0015184282423551534,0.00034888484659664537
0.02032657654874271,-0.0005623854329655955,0.24000560290980488,-0.009550407781283743,0.002431384121878487,-0.001332653242361094,0.0005386348465963008
0.02027348592374157,-0.0004569148079643817,0.24000560290980488,-0.009362095281295557,0.002431384121878487,-0.0016113157423526272,0.0001591348465969899
0.02032657654874271,-0.000527228557965265,0.24000151078305101,-0.009362095281295557,0.0023378466218743053,-0.0017042032423496569,0.00034888484659664537
0.02022039529874043,-0.0006326991829664788,0.24000969503655872,-0.009550407781283743,0.0028990716218989508,-0.0009611032423720869,0.0010130098465958837
0.02032657654874271,-0.0004920716829647123,0.24000969503655872,-0.00945625153128965,0.002431384121878487,-0.0016113157423526272,0.00025400984659681763
0.02016730467373929,-0.0006326991829664788,0.24000969503655872,-0.009550407781283743,0.0022443091218701237,-0.0016113157423526272,0.00025400984659681763
0.02016730467373929,-0.0006678560579670314,0.24000969503655872,-0.009550407781283743,0.0020572341218622046,-0.0014255407423581236,0.0001591348465969899
0.02048584842374613,-0.0005975423079661482,0.24000151078305101,-0.009267939031301464,-0.0008424283782652044,-0.004955265742251471,-0.0030666151534002616
0.02037966717374385,-0.0005623854329655955,0.24001378716331256,-0.00945625153128965,0.0025249216218826685,-0.0016113157423526272,0.00034888484659664537
0.02037966717374385,-0.0006678560579670314,0.24000560290980488,-0.009550407781283743,0.0033667591219198587,-0.0006824407423805536,0.001297634846595811
0.02022039529874043,-0.0005623854329655955,0.24000560290980488,-0.009550407781283743,0.003086146621907314,-0.0007753282423780274,0.0010130098465958837
0.02027348592374157,-0.0004920716829647123,0.23999591911718443,-0.009267939031301464,0.002431384121878487,-0.0014255407423581236,0.00025400984659681763
0.02016730467373929,-0.0006326991829664788,0.24001228762419985,-0.00945625153128965,0.0025249216218826685,-0.0016113157423526272,0.0005386348465963008
0.02027348592374157,-0.0006326991829664788,0.24001228762419985,-0.009738720281271929,0.0022443091218701237,-0.0014255407423581236,0.00034888484659664537
0.02037966717374385,-0.0005623854329655955,0.24001228762419985,-0.009738720281271929,0.0023378466218743053,-0.001332653242361094,0.00034888484659664537
0.02027348592374157,-0.0005623854329655955,0.2400041033706921,-0.009550407781283743,0.002150771621866386,-0.0016113157423526272,0.00034888484659664537
0.02037966717374385,-0.000527228557965265,0.240008195497446,-0.009267939031301464,0.0025249216218826685,-0.001332653242361094,0.0001591348465969899
0.02032657654874271,-0.0004920716829647123,0.240008195497446,-0.00945625153128965,0.0023378466218743053,-0.0014255407423581236,0.00034888484659664537
0.02027348592374157,-0.0006326991829664788,0.240008195497446,-0.00945625153128965,0.002431384121878487,-0.0016113157423526272,0.0004437598465964731
0.02022039529874043,-0.0004920716829647123,0.2400041033706921,-0.009362095281295557,0.0020572341218622046,-0.0016113157423526272,0.0001591348465969899
0.02022039529874043,-0.0006326991829664788,0.24001228762419985,-0.009362095281295557,0.00261845912188685,-0.0015184282423551534,0.00025400984659681763
0.02022039529874043,-0.0005975423079661482,0.24000001124393827,-0.009267939031301464,0.0023378466218743053,-0.0017042032423496569,0.0004437598465964731
0.02022039529874043,-0.0006326991829664788,0.2400163797509537,-0.009362095281295557,0.003553834121927778,-0.0006824407423805536,0.001677134846595566
0.02022039529874043,-0.0005975423079661482,0.24001228762419985,-0.00945625153128965,0.002431384121878487,-0.0014255407423581236,0.0004437598465964731
0.02022039529874043,-0.0006326991829664788,0.24001228762419985,-0.009550407781283743,0.002431384121878487,-0.0015184282423551534,0.0005386348465963008
0.02032657654874271,-0.0005623854329655955,0.2400041033706921,-0.009267939031301464,0.00261845912188685,-0.00123976574236362,0.0005386348465963008
0.02022039529874043,-0.0005623854329655955,0.24000001124393827,-0.009362095281295557,0.0027119966218910317,-0.0015184282423551534,0.0004437598465964731
0.02022039529874043,-0.000527228557965265,0.240008195497446,-0.009362095281295557,0.0022443091218701237,-0.00198286574234119,6.425984659671807e-05
0.02043275779874499,-0.000527228557965265,0.2400041033706921,-0.009267939031301464,0.0027119966218910317,-0.001332653242361094,0.0004437598465964731
0.02022039529874043,-0.0004920716829647123,0.2400041033706921,-0.009362095281295557,0.0022443091218701237,-0.0011468782423665904,0.0006335098465965727
0.02037966717374385,-0.0005623854329655955,0.240008195497446,-0.009550407781283743,0.0028055341218952133,-0.0010539907423695607,0.0011078848465961555
0.02022039529874043,-0.000527228557965265,0.240008195497446,-0.009362095281295557,0.00261845912188685,-0.0016113157423526272,0.0001591348465969899
0.02027348592374157,-0.0004997943787699937,0.240008195497446,-0.009644564031277836,0.0025249216218826685,-0.0014255407423581236,0.0004437598465964731
0.02022039529874043,-0.0005701081287708769,0.2400041033706921,-0.009550407781283743,0.0022443091218701237,-0.0016113157423526272,0.0004437598465964731
0.02022039529874043,-0.0005349512537705463,0.240008195497446,-0.009362095281295557,0.0023378466218743053,-0.0016113157423526272,0.00025400984659681763
0.02027348592374157,-0.0006052650037714296,0.2400041033706921,-0.00945625153128965,0.0023378466218743053,-0.0015184282423551534,0.0005386348465963008
0.02032657654874271,-0.0005349512537705463,0.240008195497446,-0.009644564031277836,0.00261845912188685,-0.0014255407423581236,0.0005386348465963008
0.02016730467373929,-0.0006755787537723128,0.240008195497446,-0.009644564031277836,0.0025249216218826685,-0.0015184282423551534,0.00025400984659681763
0.02011421404873793,-0.0006052650037714296,0.24001228762419985,-0.009550407781283743,0.0023378466218743053,-0.0016113157423526272,0.00034888484659664537
0.02022039529874043,-0.0004997943787699937,0.240008195497446,-0.00945625153128965,0.00261845912188685,-0.0014255407423581236,0.0005386348465963008
0.02032657654874271,-0.0005701081287708769,0.2399918269904306,-0.00945625153128965,0.002431384121878487,-0.0017042032423496569,0.0005386348465963008
0.02043275779874499,-0.0006052650037714296,0.24001228762419985,-0.009550407781283743,0.002431384121878487,-0.0014255407423581236,0.00034888484659664537
0.02037966717374385,-0.0006052650037714296,0.2400041033706921,-0.009550407781283743,0.002431384121878487,-0.0016113157423526272,0.0004437598465964731
0.02032657654874271,-0.0004997943787699937,0.240008195497446,-0.009362095281295557,0.002431384121878487,-0.0015184282423551534,0.0004437598465964731
0.02037966717374385,-0.0004646375037696631,0.24001228762419985,-0.009550407781283743,0.00261845912188685,-0.0017970907423466866,0.00034888484659664537
0.02016730467373929,-0.0005701081287708769,0.24001228762419985,-0.009550407781283743,0.0025249216218826685,-0.0014255407423581236,0.0005386348465963008
0.02022039529874043,-0.0006052650037714296,0.2400163797509537,-0.009927032781260559,0.0022443091218701237,-0.0017042032423496569,-3.0615153403109664e-05
0.02022039529874043,-0.0006404218787717602,0.240008195497446,-0.009267939031301464,0.0022443091218701237,-0.0015184282423551534,0.00025400984659681763
0.02027348592374157,-0.0006052650037714296,0.24001228762419985,-0.00945625153128965,0.0025249216218826685,-0.0016113157423526272,0.00025400984659681763
0.02016730467373929,-0.0005701081287708769,0.24001228762419985,-0.009550407781283743,0.002431384121878487,-0.0014255407423581236,0.00025400984659681763
0.02022039529874043,-0.0005701081287708769,0.2400041033706921,-0.00945625153128965,0.002431384121878487,-0.0015184282423551534,0.00034888484659664537
0.02016730467373929,-0.0006404218787717602,0.24002047187770753,-0.009550407781283743,0.0017766216218496598,-0.0021686407423356937,-0.0001254901534029374
0.02032657654874271,-0.0005701081287708769,0.2400041033706921,-0.00945625153128965,0.002431384121878487,-0.0015184282423551534,0.0006335098465965727
0.02022039529874043,-0.0006052650037714296,0.2400041033706921,-0.009550407781283743,0.003273221621915677,-0.0007753282423780274,0.0013925098465956388
0.02022039529874043,-0.0006052650037714296,0.2400041033706921,-0.009550407781283743,0.002150771621866386,-0.0016113157423526272,0.00025400984659681763
0.02022039529874043,-0.0006755787537723128,0.24000001124393827,-0.009644564031277836,0.002431384121878487,-0.0014255407423581236,0.00025400984659681763
0.02016730467373929,-0.0006052650037714296,0.240008195497446,-0.009644564031277836,0.0025249216218826685,-0.00123976574236362,0.0004437598465964731
0.02027348592374157,-0.0006404218787717602,0.2400041033706921,-0.009362095281295557,0.0023378466218743053,-0.0016113157423526272,0.0005386348465963008
0.02032657654874271,-0.0005701081287708769,0.240008195497446,-0.009550407781283743,0.002431384121878487,-0.0016113157423526272,0.00034888484659664537
0.02032657654874271,-0.0004997943787699937,0.24000001124393827,-0.009550407781283743,0.0025249216218826685,-0.0015184282423551534,0.00025400984659681763
0.02016730467373929,-0.0004646375037696631,0.2400041033706921,-0.009362095281295557,0.00261845912188685,-0.0014255407423581236,0.0005386348465963008
0.02022039529874043,-0.0005349512537705463,0.24002047187770753,-0.00945625153128965,0.0025249216218826685,-0.0015184282423551534,0.0005386348465963008
0.02043275779874499,-0.0006755787537723128,0.24002047187770753,-0.009362095281295557,0.0027119966218910317,-0.0015184282423551534,0.0005386348465963008
0.02032657654874271,-0.0006755787537723128,0.2400041033706921,-0.009550407781283743,0.0022443091218701237,-0.0017042032423496569,0.0005386348465963008
0.02022039529874043,-0.0004997943787699937,0.240008195497446,-0.009550407781283743,0.0033667591219198587,-0.001332653242361094,0.0005386348465963008
0.02027348592374157,-0.0004997943787699937,0.24000001124393827,-0.009362095281295557,0.0028055341218952133,-0.0016113157423526272,0.0004437598465964731
0.02022039529874043,-0.0006404218787717602,0.240008195497446,-0.009550407781283743,0.0025249216218826685,-0.0015184282423551534,0.00025400984659681763
0.02027348592374157,-0.0005349512537705463,0.240008195497446,-0.009362095281295557,0.0020572341218622046,-0.002075753242338664,-0.0001254901534029374
0.02027348592374157,-0.0006052650037714296,0.2400041033706921,-0.009362095281295557,0.002431384121878487,-0.0014255407423581236,0.0005386348465963008
0.02032657654874271,-0.0005349512537705463,0.240008195497446,-0.009362095281295557,0.002431384121878487,-0.0016113157423526272,0.0004437598465964731
0.02032657654874271,-0.0005701081287708769,0.24001228762419985,-0.009550407781283743,0.002431384121878487,-0.0014255407423581236,0.0005386348465963008
0.02032657654874271,-0.0004997943787699937,0.240008195497446,-0.009362095281295557,0.00261845912188685,-0.0016113157423526272,0.0005386348465963008
0.02022039529874043,-0.0006052650037714296,0.24000001124393827,-0.009550407781283743,0.003273221621915677,-0.0006824407423805536,0.0010130098465958837
0.02032657654874271,-0.0004997943787699937,0.24000001124393827,-0.00945625153128965,0.00261845912188685,-0.0016113157423526272,0.0005386348465963008
0.02027348592374157,-0.0006052650037714296,0.24001228762419985,-0.009267939031301464,0.002431384121878487,-0.0014255407423581236,0.0004437598465964731
0.02032657654874271,-0.0005349512537705463,0.2400041033706921,-0.009550407781283743,0.0027119966218910317,-0.00198286574234119,6.425984659671807e-05
0.02022039529874043,-0.0006052650037714296,0.24001228762419985,-0.009550407781283743,0.003086146621907314,-0.0005895532423835239,0.0013925098465956388
0.02027348592374157,-0.0006052650037714296,0.2400041033706921,-0.009362095281295557,0.0023378466218743053,-0.0016113157423526272,6.425984659671807e-05
0.02006112342373679,-0.0006404218787717602,0.2400041033706921,-0.009362095281295557,0.002431384121878487,-0.0017970907423466866,0.0005386348465963008
0.02037966717374385,-0.0006404218787717602,0.24001228762419985,-0.009550407781283743,0.002431384121878487,-0.0014255407423581236,0.00025400984659681763
0.02022039529874043,-0.0005701081287708769,0.2400041033706921,-0.009644564031277836,0.0023378466218743053,-0.0015184282423551534,0.0004437598465964731
0.02032657654874271,-0.0005701081287708769,0.2400041033706921,-0.009550407781283743,0.002431384121878487,-0.0015184282423551534,0.0006335098465965727
0.02022039529874043,-0.0005701081287708769,0.2400041033706921,-0.009550407781283743,0.00261845912188685,-0.0015184282423551534,0.0004437598465964731
0.02022039529874043,-0.0006052650037714296,0.2400163797509537,-0.00945625153128965,0.0033667591219198587,-0.0004966657423860501,0.0013925098465956388
0.02027348592374157,-0.0006404218787717602,0.2400041033706921,-0.009644564031277836,0.001963696621858023,-0.0017970907423466866,6.425984659671807e-05
0.02037966717374385,-0.0006404218787717602,0.2400041033706921,-0.009267939031301464,0.0025249216218826685,-0.0015184282423551534,0.00025400984659681763
0.02032657654874271,-0.0006052650037714296,0.2400041033706921,-0.009362095281295557,0.0022443091218701237,-0.001332653242361094,0.00025400984659681763
0.02032657654874271,-0.0006404218787717602,0.240008195497446,-0.009550407781283743,0.002431384121878487,-0.0015184282423551534,0.0004437598465964731
0.02016730467373929,-0.0005349512537705463,0.2400041033706921,-0.009550407781283743,0.0023378466218743053,-0.0016113157423526272,0.00025400984659681763
0.02043275779874499,-0.0004997943787699937,0.2400163797509537,-0.009267939031301464,0.003086146621907314,-0.0005895532423835239,0.0012027598465959833
0.02032657654874271,-0.0006052650037714296,0.2400041033706921,-0.009550407781283743,0.0034602966219235962,-0.0001251157423974871,0.0015822598465957383
0.02011421404873793,-0.0006052650037714296,0.240008195497446,-0.00945625153128965,0.0031796841219114956,-0.0008682157423750571,0.0010130098465958837
0.02027348592374157,-0.0005701081287708769,0.2400041033706921,-0.009362095281295557,0.0025249216218826685,-0.0014255407423581236,0.0004437598465964731
0.02027348592374157,-0.0006052650037714296,0.24001228762419985,-0.00945625153128965,0.0022443091218701237,-0.0017970907423466866,0.0001591348465969899
0.2330809123175292,0.10547247992822015,0.2629752566830119,0.5879197180029749,0.6172856286889735,0.6053538116923598,0.6074844201814202
0.23318709356753148,0.10554279367822103,0.26296707242950423,0.5878255617529808,0.615789028688908,0.6036818366924106,0.6059664201814217
0.2330886350133345,0.1055702278574161,0.2629834409365196,0.5879197180029749,0.6173791661889777,0.6051680366923653,0.6072946701814206
0.23296700837172163,0.10542960035741433,0.2629834409365196,0.5877314055029867,0.6182210036890149,0.6063755741923289,0.6083382951814196
0.2329061950509152,0.10535156391160816,0.2629793488097657,0.588013874252969,0.6173791661889777,0.6051680366923653,0.6075792951814201
0.2329061950509152,0.1054373230532196,0.2629752566830119,0.5876372492529927,0.6171920911889693,0.6050751491923683,0.6072946701814206
0.23295928567591634,0.10547247992822015,0.2629793488097657,0.5879197180029749,0.6174727036889819,0.6052609241923628,0.6074844201814202
0.23306546692591862,0.10540988887402433,0.26296707242950423,0.5878255617529808,0.6180339286890065,0.6058182491923458,0.6080536701814196
0.23312628024672505,0.10547247992822015,0.2629752566830119,0.588013874252969,0.615789028688908,0.6035889491924131,0.6059664201814217
0.2330731896217239,0.10538672078660849,0.2629752566830119,0.588013874252969,0.6159761036889163,0.6037747241924076,0.6060612951814215
0.23297473106752692,0.10542187766160904,0.2629793488097657,0.5878255617529808,0.6173791661889777,0.6052609241923628,0.6074844201814202
0.23297473106752692,0.10546475723241489,0.26296707242950423,0.5882021867529572,0.6172856286889735,0.6052609241923628,0.6074844201814202
0.23295928567591634,0.10557795055322136,0.26298214464269903,0.5876372492529927,0.6172856286889735,0.6050751491923683,0.6071049201814205
0.23296700837172163,0.10544504574902488,0.2629739603891913,0.588013874252969,0.6182210036890149,0.6064684616923259,0.6081485451814195
0.23296700837172163,0.10540216617821904,0.2629739603891913,0.5879197180029749,0.6159761036889163,0.6039604991924021,0.6060612951814215
0.23296700837172163,0.10550763680322048,0.2629780525159452,0.5878255617529808,0.6172856286889735,0.6054466991923568,0.6073895451814204
0.23306546692591862,0.1055702278574161,0.2629739603891913,0.5881080305029631,0.6170050161889614,0.6051680366923653,0.6076741701814199
0.2330731896217239,0.10549991410741522,0.26296168400892983,0.5876372492529927,0.6172856286889735,0.6051680366923653,0.6076741701814199
0.2330731896217239,0.10535928660741345,0.2629739603891913,0.5878255617529808,0.6172856286889735,0.6052609241923628,0.6075792951814201
0.23302009899672277,0.10546475723241489,0.2629862367694529,0.588013874252969,0.6171920911889693,0.6053538116923598,0.6074844201814202
0.23302782169252806,0.10553507098241577,0.26298214464269903,0.5881080305029631,0.6173791661889777,0.6051680366923653,0.6074844201814202
0.23296700837172163,0.10553507098241577,0.2629698682624375,0.5878255617529808,0.6170985536889656,0.6049822616923712,0.6073895451814204
0.23295156298011108,0.10542960035741433,0.2629780525159452,0.5876372492529927,0.6172856286889735,0.6050751491923683,0.6071997951814203
0.23306546692591862,0.10539444348241378,0.2629780525159452,0.5878255617529808,0.6172856286889735,0.6052609241923628,0.6072946701814206
0.2330731896217239,0.10542960035741433,0.26298214464269903,0.5878255617529808,0.6175662411889861,0.6052609241923628,0.6072946701814206
0.2331793708717262,0.10549991410741522,0.2629739603891913,0.5876372492529927,0.6174727036889819,0.6053538116923598,0.6074844201814202
0.23319481626333677,0.10542960035741433,0.2629739603891913,0.5881080305029631,0.6174727036889819,0.6052609241923628,0.6075792951814201
0.23313400294253034,0.1055702278574161,0.2629739603891913,0.5879197180029749,0.6176597786889902,0.6055395866923543,0.6075792951814201
0.23312628024672505,0.10553507098241577,0.2629698682624375,0.5877314055029867,0.6172856286889735,0.6051680366923653,0.6076741701814199
0.2330731896217239,0.10549991410741522,0.2629739603891913,0.5879197180029749,0.6175662411889861,0.6050751491923683,0.6076741701814199
0.23296700837172163,0.10528897285741257,0.2629780525159452,0.5881080305029631,0.6186886911890354,0.6067471241923175,0.6090972951814186
0.23306546692591862,0.10542960035741433,0.2629780525159452,0.5876372492529927,0.6172856286889735,0.6049822616923712,0.6076741701814199
0.23302009899672277,0.10546475723241489,0.2629862367694529,0.5878255617529808,0.6172856286889735,0.6052609241923628,0.6075792951814201
0.23296700837172163,0.10542960035741433,0.2629780525159452,0.5879197180029749,0.6170985536889656,0.6049822616923712,0.6071997951814203
0.23312628024672505,0.10549991410741522,0.2629739603891913,0.5878255617529808,0.6172856286889735,0.6053538116923598,0.6074844201814202
0.2330731896217239,0.10546475723241489,0.2629739603891913,0.5879197180029749,0.6173791661889777,0.6054466991923568,0.6074844201814202
0.23302782169252806,0.10553507098241577,0.2629657761356836,0.5878255617529808,0.6164437911889368,0.6041462741923962,0.606820295181421
0.23297473106752692,0.1053241297324129,0.2629903288962067,0.5878255617529808,0.6171920911889693,0.6051680366923653,0.6075792951814201
0.23302009899672277,0.10542960035741433,0.26298214464269903,0.5876372492529927,0.6171920911889693,0.6049822616923712,0.6074844201814202
0.2329139177467205,0.10542960035741433,0.2629903288962067,0.588013874252969,0.6171920911889693,0.6052609241923628,0.6073895451814204
0.23295928567591634,0.10553507098241577,0.2629780525159452,0.5879197180029749,0.6174727036889819,0.6051680366923653,0.6074844201814202
0.23296700837172163,0.10539444348241378,0.2629780525159452,0.588013874252969,0.6172856286889735,0.6051680366923653,0.6073895451814204
0.23296700837172163,0.10539444348241378,0.2629780525159452,0.5879197180029749,0.6172856286889735,0.6049822616923712,0.6075792951814201
0.23312628024672505,0.10549991410741522,0.2629698682624375,0.5881080305029631,0.6171920911889693,0.6052609241923628,0.6076741701814199
0.2330809123175292,0.10549991410741522,0.2629739603891913,0.588013874252969,0.6171920911889693,0.6052609241923628,0.6071997951814203
0.23296700837172163,0.10533185242821816,0.2629739603891913,0.5878255617529808,0.6172856286889735,0.6046107116923822,0.6070100451814207
0.23296700837172163,0.10550763680322048,0.26298214464269903,0.5877314055029867,0.6174727036889819,0.6051680366923653,0.6076741701814199
0.23311855755091976,0.10555051637402632,0.2629780525159452,0.5881080305029631,0.6171920911889693,0.6049822616923712,0.6072946701814206
0.2330731896217239,0.10548020262402544,0.2629739603891913,0.5878255617529808,0.6173791661889777,0.6051680366923653,0.6075792951814201
0.23312628024672505,0.10544504574902488,0.2629698682624375,0.588013874252969,0.6179403911890023,0.6053538116923598,0.60786392018142
0.23296700837172163,0.10540988887402433,0.26298214464269903,0.5879197180029749,0.6173791661889777,0.6052609241923628,0.6073895451814204
0.23302009899672277,0.10555051637402632,0.2629698682624375,0.5879197180029749,0.6174727036889819,0.6053538116923598,0.6075792951814201
0.2330809123175292,0.10544504574902488,0.2629739603891913,0.5881080305029631,0.6173791661889777,0.6051680366923653,0.6075792951814201
0.23297473106752692,0.10548020262402544,0.2629739603891913,0.5877314055029867,0.6169114786889572,0.6047964866923767,0.6071997951814203
0.23296700837172163,0.105374731999024,0.26298214464269903,0.5876372492529927,0.6174727036889819,0.6049822616923712,0.6071049201814205
0.2331716481759209,0.10550763680322048,0.26298214464269903,0.5878255617529808,0.6172856286889735,0.6052609241923628,0.6072946701814206
0.23306546692591862,0.1054373230532196,0.2629739603891913,0.588013874252969,0.6170985536889656,0.6051680366923653,0.6075792951814201
0.2330731896217239,0.10540216617821904,0.2629780525159452,0.5879197180029749,0.6174727036889819,0.6051680366923653,0.6073895451814204
0.2330731896217239,0.10550763680322048,0.2629780525159452,0.5878255617529808,0.6172856286889735,0.6053538116923598,0.6074844201814202
0.23312628024672505,0.1054373230532196,0.26298214464269903,0.5878255617529808,0.6171920911889693,0.6051680366923653,0.6074844201814202
0.2330731896217239,0.1054373230532196,0.2629780525159452,0.5878255617529808,0.6174727036889819,0.6050751491923683,0.6074844201814202
0.23302782169252806,0.10547247992822015,0.26298214464269903,0.588013874252969,0.6170050161889614,0.6048893741923738,0.6071049201814205
0.23318709356753148,0.1054373230532196,0.2629739603891913,0.5881080305029631,0.6174727036889819,0.6052609241923628,0.6075792951814201
0.23301237630091748,0.10547247992822015,0.2629739603891913,0.588013874252969,0.6174727036889819,0.6051680366923653,0.6074844201814202
0.23311855755091976,0.10550763680322048,0.2629739603891913,0.588013874252969,0.6171920911889693,0.6050751491923683,0.6075792951814201
0.2330731896217239,0.10557795055322136,0.2629657761356836,0.588013874252969,0.6179403911890023,0.6058182491923458,0.6080536701814196
0.23296700837172163,0.10540216617821904,0.2629780525159452,0.588013874252969,0.6171920911889693,0.6049822616923712,0.6074844201814202
0.23312628024672505,0.10547247992822015,0.2629780525159452,0.5878255617529808,0.6179403911890023,0.6059111366923429,0.6081485451814195
0.23302782169252806,0.10547247992822015,0.2629739603891913,0.588013874252969,0.6173791661889777,0.6054466991923568,0.6074844201814202
0.23302782169252806,0.10554279367822103,0.26298214464269903,0.588013874252969,0.6170985536889656,0.6047964866923767,0.6072946701814206
0.23313400294253034,0.10554279367822103,0.2629739603891913,0.5878255617529808,0.6172856286889735,0.6053538116923598,0.6076741701814199
0.2330809123175292,0.10550763680322048,0.2629780525159452,0.5877314055029867,0.614853653688867,0.6028458491924356,0.6053971701814223
0.23297473106752692,0.1054373230532196,0.2629903288962067,0.5877314055029867,0.6172856286889735,0.6051680366923653,0.6073895451814204
0.2330809123175292,0.10540216617821904,0.2629739603891913,0.588013874252969,0.6172856286889735,0.6051680366923653,0.6074844201814202
0.2330731896217239,0.10554279367822103,0.2629739603891913,0.588013874252969,0.6174727036889819,0.6052609241923628,0.6075792951814201
0.2330731896217239,0.10547247992822015,0.2629780525159452,0.5878255617529808,0.6170985536889656,0.6051680366923653,0.6076741701814199
0.2330731896217239,0.10554279367822103,0.2629657761356836,0.5882021867529572,0.6174727036889819,0.6053538116923598,0.6074844201814202
0.2330809123175292,0.10550763680322048,0.2629780525159452,0.588013874252969,0.6176597786889902,0.6052609241923628,0.6075792951814201
0.23297473106752692,0.1054373230532196,0.2629780525159452,0.5878255617529808,0.6171920911889693,0.6052609241923628,0.6075792951814201
0.23302782169252806,0.10550763680322048,0.2629739603891913,0.588013874252969,0.6174727036889819,0.6055395866923543,0.60786392018142
0.2330809123175292,0.10547247992822015,0.2629698682624375,0.5878255617529808,0.6173791661889777,0.6051680366923653,0.6076741701814199
0.23292164044252578,0.1054373230532196,0.2629739603891913,0.5876372492529927,0.6171920911889693,0.6054466991923568,0.6074844201814202
0.23296700837172163,0.10550763680322048,0.2629862367694529,0.5881080305029631,0.6171920911889693,0.6051680366923653,0.6074844201814202
0.23312628024672505,0.10557795055322136,0.2629739603891913,0.5878255617529808,0.6176597786889902,0.6056324741923513,0.6077690451814202
0.23312628024672505,0.10550763680322048,0.2629780525159452,0.588013874252969,0.6182210036890149,0.6061897991923344,0.6082434201814197
0.23302782169252806,0.1054373230532196,0.2629780525159452,0.588013874252969,0.6174727036889819,0.6056324741923513,0.6074844201814202
0.23313400294253034,0.1054373230532196,0.26298214464269903,0.5879197180029749,0.6170985536889656,0.6051680366923653,0.6074844201814202
0.23318709356753148,0.1054373230532196,0.2629739603891913,0.588013874252969,0.6174727036889819,0.6049822616923712,0.6072946701814206
0.23302782169252806,0.10540216617821904,0.26298214464269903,0.5878255617529808,0.6174727036889819,0.6059111366923429,0.6077690451814202
0.23297473106752692,0.10547247992822015,0.26298214464269903,0.5877314055029867,0.6183145411890191,0.6061897991923344,0.6083382951814196
0.2331793708717262,0.10554279367822103,0.26298214464269903,0.588013874252969,0.6177533161889944,0.6052609241923628,0.6076741701814199
0.2331793708717262,0.10550763680322048,0.2629739603891913,0.5881080305029631,0.6175662411889861,0.6051680366923653,0.6075792951814201
0.23296700837172163,0.10547247992822015,0.2629780525159452,0.5881080305029631,0.6171920911889693,0.6053538116923598,0.6073895451814204
0.23286082712171935,0.10554279367822103,0.2629806451035863,0.5878255617529808,0.6173791661889777,0.6051680366923653,0.6074844201814202
0.2330809123175292,0.10547247992822015,0.2629806451035863,0.588013874252969,0.6173791661889777,0.6049822616923712,0.6074844201814202
0.23302782169252806,0.10550763680322048,0.26297246085007864,0.5878255617529808,0.6173791661889777,0.6052609241923628,0.6074844201814202
0.23302782169252806,0.10547247992822015,0.2629806451035863,0.588013874252969,0.6171920911889693,0.6054466991923568,0.6074844201814202
0.2330809123175292,0.10554279367822103,0.2629765529768324,0.5878255617529808,0.618501616189027,0.6064684616923259,0.6086229201814191
0.23302782169252806,0.10554279367822103,0.2629806451035863,0.5881080305029631,0.6175662411889861,0.6053538116923598,0.6074844201814202
0.2330731896217239,0.10550763680322048,0.2629765529768324,0.5881080305029631,0.6172856286889735,0.6051680366923653,0.6076741701814199
0.2330731896217239,0.10554279367822103,0.26296836872332474,0.5878255617529808,0.6170985536889656,0.6049822616923712,0.6074844201814202
0.2330731896217239,0.10550763680322048,0.2629765529768324,0.588013874252969,0.6173791661889777,0.6054466991923568,0.6074844201814202
0.23318709356753148,0.10547247992822015,0.26298473723034016,0.5878255617529808,0.6172856286889735,0.6053538116923598,0.6075792951814201
0.23297473106752692,0.1054373230532196,0.2629806451035863,0.5876372492529927,0.6176597786889902,0.6052609241923628,0.6075792951814201
0.23292164044252578,0.10557795055322136,0.2629765529768324,0.5878255617529808,0.6172856286889735,0.6052609241923628,0.6074844201814202
0.23297473106752692,0.1054373230532196,0.2629765529768324,0.5881080305029631,0.6178468536889982,0.6057253616923484,0.6076741701814199
0.23297473106752692,0.10540216617821904,0.2629765529768324,0.5878255617529808,0.6173791661889777,0.6049822616923712,0.6075792951814201
0.23312628024672505,0.1054373230532196,0.2629806451035863,0.588013874252969,0.6181274661890107,0.6061897991923344,0.6081485451814195
0.2330731896217239,0.10550763680322048,0.26296836872332474,0.5881080305029631,0.6175662411889861,0.6053538116923598,0.6074844201814202
0.23296700837172163,0.10547247992822015,0.26296836872332474,0.5877314055029867,0.6183145411890191,0.6060969116923374,0.6083382951814196
0.23302782169252806,0.10550763680322048,0.262988829357094,0.5879197180029749,0.6174727036889819,0.6054466991923568,0.6076741701814199
0.23297473106752692,0.10550763680322048,0.2629765529768324,0.5878255617529808,0.6172856286889735,0.6050751491923683,0.6072946701814206
0.23302782169252806,0.10554279367822103,0.26298473723034016,0.588013874252969,0.6171920911889693,0.6051680366923653,0.6075792951814201
0.23297473106752692,0.10540216617821904,0.26298473723034016,0.5876372492529927,0.6170985536889656,0.6053538116923598,0.6073895451814204
0.2330809123175292,0.10540216617821904,0.262988829357094,0.5879197180029749,0.6162567161889284,0.6040533866923992,0.6060612951814215
0.23286854981752464,0.1054373230532196,0.2629806451035863,0.5878255617529808,0.6174727036889819,0.6053538116923598,0.6075792951814201
0.2330731896217239,0.10554279367822103,0.262988829357094,0.5878255617529808,0.6172856286889735,0.6050751491923683,0.6075792951814201
0.23302009899672277,0.10550763680322048,0.2629765529768324,0.5882021867529572,0.6172856286889735,0.6052609241923628,0.6074844201814202
0.2331793708717262,0.10547247992822015,0.2629765529768324,0.5881080305029631,0.6172856286889735,0.6052609241923628,0.6075792951814201
0.23302782169252806,0.10554279367822103,0.2629765529768324,0.5876372492529927,0.6170985536889656,0.6049822616923712,0.6071997951814203
0.2330809123175292,0.10536700930321871,0.26298473723034016,0.588013874252969,0.6172856286889735,0.6053538116923598,0.6074844201814202
0.2330809123175292,0.10557795055322136,0.26296836872332474,0.588013874252969,0.6175662411889861,0.6056324741923513,0.6074844201814202
0.23302782169252806,0.10536700930321871,0.26297246085007864,0.588013874252969,0.6172856286889735,0.6051680366923653,0.6076741701814199
0.23297473106752692,0.10547247992822015,0.2629765529768324,0.5879197180029749,0.6175662411889861,0.6052609241923628,0.6074844201814202
0.2330731896217239,0.1054373230532196,0.2629806451035863,0.588013874252969,0.6170985536889656,0.6053538116923598,0.6075792951814201
0.2330731896217239,0.1054373230532196,0.2629806451035863,0.588013874252969,0.6174727036889819,0.6053538116923598,0.6076741701814199
0.2329139177467205,0.10550763680322048,0.26297246085007864,0.5878255617529808,0.6174727036889819,0.6056324741923513,0.6077690451814202
0.2330809123175292,0.10550763680322048,0.2629806451035863,0.5878255617529808,0.6172856286889735,0.6052609241923628,0.6072946701814206
0.2330809123175292,0.10554279367822103,0.2629806451035863,0.5879197180029749,0.6182210036890149,0.6059111366923429,0.6085280451814192
0.2330809123175292,0.10550763680322048,0.26297246085007864,0.5881080305029631,0.6173791661889777,0.6053538116923598,0.6075792951814201
0.23297473106752692,0.10547247992822015,0.26298473723034016,0.5881080305029631,0.6178468536889982,0.6056324741923513,0.60786392018142
0.2330731896217239,0.10554279367822103,0.2629765529768324,0.588013874252969,0.6176597786889902,0.6056324741923513,0.60786392018142
0.2330731896217239,0.10564826430322247,0.26296836872332474,0.5881080305029631,0.6171920911889693,0.6051680366923653,0.6075792951814201
0.2329139177467205,0.1054373230532196,0.2629765529768324,0.5878255617529808,0.6174727036889819,0.6053538116923598,0.6077690451814202
0.2330731896217239,0.10547247992822015,0.2629765529768324,0.5878255617529808,0.6174727036889819,0.6052609241923628,0.6073895451814204
0.2330809123175292,0.10554279367822103,0.2629806451035863,0.5881080305029631,0.6170985536889656,0.6053538116923598,0.6075792951814201
0.2330809123175292,0.10554279367822103,0.26297246085007864,0.588013874252969,0.6173791661889777,0.6050751491923683,0.6074844201814202
0.23292164044252578,0.1054373230532196,0.26298473723034016,0.5876372492529927,0.6176597786889902,0.6053538116923598,0.6076741701814199
0.23318709356753148,0.10554279367822103,0.2629765529768324,0.588013874252969,0.6175662411889861,0.6050751491923683,0.6075792951814201
0.23312628024672505,0.10552308219483106,0.2629806451035863,0.588013874252969,0.6172856286889735,0.6053538116923598,0.6074844201814202
0.23302009899672277,0.10545276844483017,0.2629806451035863,0.588013874252969,0.6175662411889861,0.6052609241923628,0.6073895451814204
0.23312628024672505,0.10555823906983161,0.2629765529768324,0.5879197180029749,0.6169114786889572,0.6049822616923712,0.6071049201814205
0.2331793708717262,0.10555823906983161,0.2629765529768324,0.5878255617529808,0.618501616189027,0.6064684616923259,0.6088126701814192
0.23302009899672277,0.10545276844483017,0.2629806451035863,0.5876372492529927,0.6164437911889368,0.6045178241923852,0.6065356701814211
0.23297473106752692,0.10545276844483017,0.2629806451035863,0.5878255617529808,0.6173791661889777,0.6051680366923653,0.6075792951814201
0.23292164044252578,0.10545276844483017,0.2629806451035863,0.5878255617529808,0.6173791661889777,0.6051680366923653,0.6075792951814201
0.23313400294253034,0.10538245469482929,0.26299292148384784,0.5878255617529808,0.6176597786889902,0.6053538116923598,0.6074844201814202
0.23292164044252578,0.10545276844483017,0.26299292148384784,0.5876372492529927,0.6173791661889777,0.6053538116923598,0.6074844201814202
0.2330731896217239,0.10552308219483106,0.26297246085007864,0.588013874252969,0.6173791661889777,0.6052609241923628,0.6074844201814202
0.2329139177467205,0.10555823906983161,0.2629765529768324,0.588013874252969,0.6187822286890395,0.6066542366923204,0.6090972951814186
0.2330731896217239,0.10555823906983161,0.26298473723034016,0.5881080305029631,0.6170985536889656,0.6051680366923653,0.6073895451814204
0.2330731896217239,0.10555823906983161,0.2629765529768324,0.5879197180029749,0.6173791661889777,0.6054466991923568,0.6075792951814201
0.23302782169252806,0.10545276844483017,0.26298473723034016,0.5878255617529808,0.6174727036889819,0.6054466991923568,0.6074844201814202
0.2330809123175292,0.10555823906983161,0.2629806451035863,0.5878255617529808,0.6172856286889735,0.6050751491923683,0.6075792951814201
0.23297473106752692,0.10545276844483017,0.26298473723034016,0.5878255617529808,0.6172856286889735,0.6049822616923712,0.6074844201814202
0.2330731896217239,0.10552308219483106,0.2629765529768324,0.5878255617529808,0.6172856286889735,0.6052609241923628,0.6075792951814201
0.23296700837172163,0.10552308219483106,0.2629765529768324,0.5876372492529927,0.6172856286889735,0.6051680366923653,0.6074844201814202
0.23296700837172163,0.10541761156982962,0.26296836872332474,0.5877314055029867,0.6174727036889819,0.6051680366923653,0.6075792951814201
0.2330731896217239,0.10545276844483017,0.2629765529768324,0.5879197180029749,0.6172856286889735,0.6053538116923598,0.6074844201814202
0.23297473106752692,0.10538245469482929,0.26297246085007864,0.5877314055029867,0.6170985536889656,0.6049822616923712,0.6071049201814205
0.23297473106752692,0.10545276844483017,0.26298473723034016,0.5877314055029867,0.6172856286889735,0.6051680366923653,0.6072946701814206
0.2330809123175292,0.10548792531983073,0.2629765529768324,0.588013874252969,0.6170985536889656,0.6051680366923653,0.6076741701814199
0.23297473106752692,0.10552308219483106,0.2629806451035863,0.5877314055029867,0.6170050161889614,0.6050751491923683,0.6074844201814202
0.23297473106752692,0.10551535949902577,0.26298473723034016,0.5878255617529808,0.6175662411889861,0.6053538116923598,0.6075792951814201
0.23313400294253034,0.10548020262402544,0.2629806451035863,0.588013874252969,0.6172856286889735,0.6055395866923543,0.6074844201814202
0.2331793708717262,0.10545276844483017,0.2629765529768324,0.5881080305029631,0.6172856286889735,0.6054466991923568,0.6076741701814199
0.23296700837172163,0.10541761156982962,0.26299292148384784,0.5878255617529808,0.6159761036889163,0.6036818366924106,0.6061561701814213
0.2331793708717262,0.10548020262402544,0.2629806451035863,0.5878255617529808,0.6175662411889861,0.6053538116923598,0.6076741701814199
0.23296700837172163,0.10548020262402544,0.2629765529768324,0.5878255617529808,0.6176597786889902,0.6056324741923513,0.6074844201814202
0.23313400294253034,0.10555051637402632,0.2629806451035863,0.5882021867529572,0.6173791661889777,0.6051680366923653,0.6075792951814201
0.23297473106752692,0.10544504574902488,0.26298473723034016,0.5876372492529927,0.6172856286889735,0.6052609241923628,0.6075792951814201
0.23302782169252806,0.10544504574902488,0.2629765529768324,0.5876372492529927,0.6172856286889735,0.6052609241923628,0.6072946701814206
0.2330731896217239,0.10544504574902488,0.26298473723034016,0.5874489367530045,0.6174727036889819,0.6050751491923683,0.6073895451814204
0.23296700837172163,0.10558567324902665,0.2629806451035863,0.588013874252969,0.6172856286889735,0.6054466991923568,0.6075792951814201
0.2331793708717262,0.10555051637402632,0.2629765529768324,0.5881080305029631,0.6171920911889693,0.6052609241923628,0.6073895451814204
0.23296700837172163,0.10558567324902665,0.2629806451035863,0.5878255617529808,0.6172856286889735,0.6052609241923628,0.6076741701814199
0.23297473106752692,0.10540988887402433,0.2629806451035863,0.5878255617529808,0.6168179411889531,0.6050751491923683,0.6071049201814205
0.23297473106752692,0.10555051637402632,0.2629765529768324,0.5878255617529808,0.6173791661889777,0.6053538116923598,0.6074844201814202
0.2330809123175292,0.10548020262402544,0.2629765529768324,0.5879197180029749,0.6176597786889902,0.6052609241923628,0.6075792951814201
0.2330809123175292,0.10551535949902577,0.26298473723034016,0.5877314055029867,0.6171920911889693,0.6047964866923767,0.6073895451814204
0.2330731896217239,0.10544504574902488,0.26298473723034016,0.588013874252969,0.6172856286889735,0.6052609241923628,0.6072946701814206
0.23296700837172163,0.10555051637402632,0.26296427659657096,0.5878255617529808,0.6172856286889735,0.6051680366923653,0.6075792951814201
0.23302009899672277,0.10551535949902577,0.2629765529768324,0.5879197180029749,0.6171920911889693,0.6053538116923598,0.6077690451814202
0.23312628024672505,0.10540988887402433,0.2629765529768324,0.588013874252969,0.6172856286889735,0.6051680366923653,0.6076741701814199
0.2330809123175292,0.10544504574902488,0.26298473723034016,0.5877314055029867,0.6180339286890065,0.6060969116923374,0.6081485451814195
0.23302782169252806,0.10558567324902665,0.2629806451035863,0.5876372492529927,0.6172856286889735,0.6050751491923683,0.6074844201814202
0.2330809123175292,0.10555051637402632,0.26296836872332474,0.5879197180029749,0.6174727036889819,0.6053538116923598,0.6077690451814202
0.2330809123175292,0.10544504574902488,0.26298473723034016,0.5877314055029867,0.6177533161889944,0.6060040241923399,0.6079587951814198
0.23296700837172163,0.10544504574902488,0.2629806451035863,0.5879197180029749,0.6174727036889819,0.6054466991923568,0.6076741701814199
0.2331793708717262,0.10544504574902488,0.26297246085007864,0.5881080305029631,0.6171920911889693,0.6050751491923683,0.6073895451814204
0.23296700837172163,0.10548020262402544,0.2629806451035863,0.5879197180029749,0.6178468536889982,0.6056324741923513,0.6080536701814196
0.23302009899672277,0.10544504574902488,0.26297246085007864,0.5876372492529927,0.615789028688908,0.6034031741924186,0.6059664201814217
0.23302009899672277,0.10548020262402544,0.2629806451035863,0.5878255617529808,0.6173791661889777,0.6053538116923598,0.6075792951814201
0.23302782169252806,0.10551535949902577,0.26298473723034016,0.5877314055029867,0.6172856286889735,0.6050751491923683,0.6073895451814204
0.23313400294253034,0.10544504574902488,0.2629765529768324,0.588013874252969,0.6175662411889861,0.6054466991923568,0.6077690451814202
0.23313400294253034,0.10551535949902577,0.26296836872332474,0.5878255617529808,0.6173791661889777,0.6051680366923653,0.6075792951814201
0.2330731896217239,0.10555051637402632,0.2629806451035863,0.5881080305029631,0.6174727036889819,0.6052609241923628,0.6076741701814199
0.23302009899672277,0.10555051637402632,0.26297246085007864,0.5876372492529927,0.6171920911889693,0.6051680366923653,0.6075792951814201
0.23296700837172163,0.10551535949902577,0.2629806451035863,0.5878255617529808,0.6171920911889693,0.6053538116923598,0.6075792951814201
0.2330731896217239,0.10548020262402544,0.2629806451035863,0.5881080305029631,0.6172856286889735,0.6056324741923513,0.6075792951814201
0.2330809123175292,0.10558567324902665,0.26297246085007864,0.588013874252969,0.6170985536889656,0.6046107116923822,0.6072946701814206
0.23297473106752692,0.10555051637402632,0.2629765529768324,0.5876372492529927,0.6175662411889861,0.6051680366923653,0.6074844201814202
0.2330731896217239,0.10551535949902577,0.26298473723034016,0.5877314055029867,0.6182210036890149,0.6062826866923319,0.6083382951814196
0.23296700837172163,0.10544504574902488,0.26297246085007864,0.5877314055029867,0.6172856286889735,0.6053538116923598,0.6074844201814202
0.23312628024672505,0.10551535949902577,0.2629765529768324,0.5878255617529808,0.6170050161889614,0.6050751491923683,0.6072946701814206
0.2330809123175292,0.10544504574902488,0.2629806451035863,0.5877314055029867,0.6173791661889777,0.6051680366923653,0.6073895451814204
0.23296700837172163,0.10548020262402544,0.2629765529768324,0.5879197180029749,0.6172856286889735,0.6054466991923568,0.6073895451814204
0.23296700837172163,0.10544504574902488,0.262988829357094,0.5878255617529808,0.6174727036889819,0.6052609241923628,0.6075792951814201
0.23312628024672505,0.10555051637402632,0.2629765529768324,0.5879197180029749,0.6174727036889819,0.6054466991923568,0.6074844201814202
0.23296700837172163,0.10540988887402433,0.2629806451035863,0.5877314055029867,0.6176597786889902,0.6052609241923628,0.6075792951814201
0.23297473106752692,0.105374731999024,0.26298473723034016,0.588013874252969,0.6173791661889777,0.6050751491923683,0.6073895451814204
0.23302782169252806,0.10548020262402544,0.26298473723034016,0.5879197180029749,0.6182210036890149,0.6062826866923319,0.6086229201814191
0.2330809123175292,0.10544504574902488,0.26298473723034016,0.5878255617529808,0.6172856286889735,0.6051680366923653,0.6073895451814204
0.23302009899672277,0.10548020262402544,0.26298473723034016,0.5876372492529927,0.6171920911889693,0.6052609241923628,0.6072946701814206
0.2330731896217239,0.10551535949902577,0.26298473723034016,0.5877314055029867,0.6176597786889902,0.6053538116923598,0.6076741701814199
0.23296700837172163,0.10551535949902577,0.26296427659657096,0.5878255617529808,0.6174727036889819,0.6051680366923653,0.6077690451814202
0.23296700837172163,0.10544504574902488,0.2629806451035863,0.5881080305029631,0.6171920911889693,0.6050751491923683,0.6075792951814201
0.23302782169252806,0.10540988887402433,0.26298473723034016,0.5878255617529808,0.6171920911889693,0.6052609241923628,0.6075792951814201
0.2330809123175292,0.10555051637402632,0.26298473723034016,0.5879197180029749,0.6173791661889777,0.6051680366923653,0.6075792951814201
0.2330731896217239,0.10555051637402632,0.26297246085007864,0.5881080305029631,0.6172856286889735,0.6054466991923568,0.6075792951814201
0.2329139177467205,0.10551535949902577,0.26298473723034016,0.5877314055029867,0.6174727036889819,0.6054466991923568,0.6073895451814204
0.23302009899672277,0.10540988887402433,0.26299292148384784,0.5877314055029867,0.6173791661889777,0.6052609241923628,0.6075792951814201
0.2330731896217239,0.10551535949902577,0.26298473723034016,0.5878255617529808,0.6172856286889735,0.6051680366923653,0.6075792951814201
0.23296700837172163,0.10544504574902488,0.2629765529768324,0.5878255617529808,0.6170985536889656,0.6049822616923712,0.6072946701814206
0.23312628024672505,0.10544504574902488,0.2629806451035863,0.5882021867529572,0.6180339286890065,0.6063755741923289,0.6082434201814197
0.23296700837172163,0.10551535949902577,0.26298473723034016,0.5879197180029749,0.6173791661889777,0.6053538116923598,0.6076741701814199
0.23296700837172163,0.10544504574902488,0.262988829357094,0.588013874252969,0.6173791661889777,0.6051680366923653,0.6073895451814204
0.23296700837172163,0.10540988887402433,0.2629765529768324,0.5876372492529927,0.6174727036889819,0.6050751491923683,0.6075792951814201
0.23302009899672277,0.10551535949902577,0.2629806451035863,0.5878255617529808,0.6170050161889614,0.6051680366923653,0.6073895451814204
0.23312628024672505,0.10551535949902577,0.2629765529768324,0.5878255617529808,0.6172856286889735,0.6051680366923653,0.6074844201814202
0.23296700837172163,0.10540988887402433,0.2629765529768324,0.588013874252969,0.6173791661889777,0.6051680366923653,0.6073895451814204
0.23302009899672277,0.10551535949902577,0.2629806451035863,0.5878255617529808,0.6172856286889735,0.6053538116923598,0.6074844201814202
0.2330731896217239,0.10551535949902577,0.262988829357094,0.5878255617529808,0.6176597786889902,0.6054466991923568,0.6076741701814199
0.2330731896217239,0.10548020262402544,0.2629806451035863,0.588013874252969,0.6177533161889944,0.6054466991923568,0.6076741701814199
0.2330731896217239,0.10544504574902488,0.26298473723034016,0.5878255617529808,0.6173791661889777,0.6055395866923543,0.6076741701814199
0.2330731896217239,0.10544504574902488,0.26298473723034016,0.5881080305029631,0.6174727036889819,0.6051680366923653,0.6073895451814204
0.2330731896217239,0.10544504574902488,0.2629806451035863,0.5879197180029749,0.6171920911889693,0.6050751491923683,0.6072946701814206
0.23296700837172163,0.10548020262402544,0.2629765529768324,0.5878255617529808,0.6172856286889735,0.6052609241923628,0.6076741701814199
0.23296700837172163,0.10551535949902577,0.26297246085007864,0.5878255617529808,0.6173791661889777,0.6051680366923653,0.6076741701814199
0.23312628024672505,0.10551535949902577,0.26296298030275034,0.5878255617529808,0.6173791661889777,0.6053538116923598,0.6074844201814202
0.2331793708717262,0.10558567324902665,0.2629752566830119,0.588013874252969,0.6177533161889944,0.6060040241923399,0.6079587951814198
0.23296700837172163,0.10544504574902488,0.2629793488097657,0.5878255617529808,0.6172856286889735,0.6053538116923598,0.6074844201814202
0.23297473106752692,0.10555051637402632,0.26298753306327344,0.588013874252969,0.6172856286889735,0.6051680366923653,0.6073895451814204
0.2330731896217239,0.10548020262402544,0.2629752566830119,0.5876372492529927,0.6176597786889902,0.6051680366923653,0.6074844201814202
0.23302009899672277,0.10551535949902577,0.2629793488097657,0.588013874252969,0.6189693036890475,0.6065613491923234,0.608907545181419
0.2330731896217239,0.10555051637402632,0.2629834409365196,0.588013874252969,0.6161631786889242,0.6042391616923937,0.6065356701814211
0.23296700837172163,0.10551535949902577,0.2629793488097657,0.5878255617529808,0.6169114786889572,0.6051680366923653,0.6071997951814203
0.2330731896217239,0.10544504574902488,0.2629957173167811,0.5877314055029867,0.6176597786889902,0.6051680366923653,0.6073895451814204
0.2330731896217239,0.10551535949902577,0.2629793488097657,0.588013874252969,0.6171920911889693,0.6048893741923738,0.6075792951814201
0.2331793708717262,0.10548020262402544,0.2629752566830119,0.5878255617529808,0.6172856286889735,0.6055395866923543,0.6076741701814199
0.44343362930656066,0.2099130784737881,0.2859141562939528,1.1842457829283206,1.2222002390376052,1.221525181235787,1.2171193897342447
0.4433428934481687,0.20999883761539956,0.2859182484207066,1.1838691579283442,1.221358401537568,1.2205963062358154,1.2164552647342455
0.44349444262736704,0.20987792159878754,0.2859141562939528,1.1837750016783501,1.2209842515375517,1.2205963062358154,1.2160757647342457
0.44332744805655816,0.20998339222378898,0.2859059720404451,1.1839633141783383,1.221358401537568,1.220967856235804,1.2163603897342457
0.44342590661075537,0.2099053557779828,0.2859141562939528,1.1834925329283679,1.2212648640375638,1.2207820812358094,1.2163603897342457
0.4433120026649476,0.2099130784737881,0.2859141562939528,1.183586689178362,1.2208907140375476,1.2207820812358094,1.2162655147342458
0.44352436516495236,0.21001854909878953,0.2859059720404451,1.1839633141783383,1.2211713265375597,1.2207820812358094,1.2164552647342455
0.44342590661075537,0.20998339222378898,0.2859072683342656,1.1838691579283442,1.2210777890375555,1.2205963062358154,1.2164552647342455
0.44337281598575423,0.21002627179459482,0.28590038037457854,1.1837750016783501,1.2211713265375597,1.221060743735801,1.2164552647342455
0.44331972536075287,0.20994823534878843,0.2859167488815939,1.1838691579283442,1.221358401537568,1.221060743735801,1.2164552647342455
0.44337281598575423,0.20994051265298314,0.2859167488815939,1.1838691579283442,1.2211713265375597,1.2207820812358094,1.2160757647342457
0.44343362930656066,0.20994823534878843,0.28591265675484,1.1838691579283442,1.220329489037523,1.2196674312358433,1.2154116397342465
0.4433120026649476,0.20987792159878754,0.28590447250133233,1.1837750016783501,1.2207036390375392,1.2205963062358154,1.215886014734246
0.4432058214149453,0.20998339222378898,0.28592084100834775,1.1837750016783501,1.221358401537568,1.2205963062358154,1.2163603897342457
0.4434181839149501,0.20995595804459372,0.2859249331351016,1.1838691579283442,1.2214519390375722,1.2213394062357925,1.2166450147342451
0.44331972536075287,0.20995595804459372,0.28591265675484,1.1838691579283442,1.2208907140375476,1.2205963062358154,1.2162655147342458
0.4433120026649476,0.20988564429459283,0.2859085646280862,1.1839633141783383,1.2209842515375517,1.2205963062358154,1.2160757647342457
0.44353208786075765,0.21002627179459482,0.28591265675484,1.1839633141783383,1.2212648640375638,1.2211536312357985,1.2164552647342455
0.44342590661075537,0.20994823534878843,0.28590447250133233,1.183586689178362,1.2211713265375597,1.2205963062358154,1.2163603897342457
0.44342590661075537,0.20987792159878754,0.28592084100834775,1.1839633141783383,1.2212648640375638,1.2207820812358094,1.2160757647342457
0.44353208786075765,0.20988564429459283,0.28591265675484,1.1837750016783501,1.2209842515375517,1.220874968735807,1.2162655147342458
0.44353208786075765,0.20995595804459372,0.2859167488815939,1.1839633141783383,1.2208907140375476,1.2204105312358209,1.216170639734246
0.4433120026649476,0.20995595804459372,0.2859167488815939,1.1837750016783501,1.2207036390375392,1.2204105312358209,1.216170639734246
0.44341046121914485,0.21005370597378986,0.2859085646280862,1.183680845428356,1.2210777890375555,1.220874968735807,1.2162655147342458
0.44331972536075287,0.20994823534878843,0.2859167488815939,1.183586689178362,1.2214519390375722,1.220874968735807,1.2162655147342458
0.4433805386815595,0.2098427647237872,0.2859167488815939,1.1837750016783501,1.2210777890375555,1.2207820812358094,1.2160757647342457
0.4434413520023659,0.20994823534878843,0.2859085646280862,1.1837750016783501,1.2210777890375555,1.2207820812358094,1.2163603897342457
0.44349444262736704,0.20994823534878843,0.2859085646280862,1.1839633141783383,1.2210777890375555,1.2205963062358154,1.2163603897342457
0.4434789972357565,0.21001854909878953,0.28590038037457854,1.1840574704283324,1.2210777890375555,1.220967856235804,1.216170639734246
0.44337281598575423,0.20987792159878754,0.2859085646280862,1.1837750016783501,1.2212648640375638,1.2207820812358094,1.2162655147342458
0.44342590661075537,0.20994823534878843,0.28589628824782465,1.1838691579283442,1.2210777890375555,1.220874968735807,1.2162655147342458
0.4434712745399512,0.20994823534878843,0.2859167488815939,1.1838691579283442,1.2215454765375764,1.221060743735801,1.2166450147342451
0.44353208786075765,0.20994823534878843,0.28591265675484,1.1838691579283442,1.221358401537568,1.220503418735818,1.2165501397342453
0.44326663473575173,0.2099130784737881,0.2859167488815939,1.1838691579283442,1.2210777890375555,1.220874968735807,1.2162655147342458
0.44353208786075765,0.20994823534878843,0.2859085646280862,1.1837750016783501,1.2219196265375927,1.2216180687357845,1.2170245147342449
0.44342590661075537,0.2099130784737881,0.28590447250133233,1.1840574704283324,1.2212648640375638,1.2205963062358154,1.2162655147342458
0.44332744805655816,0.20987792159878754,0.2859167488815939,1.183586689178362,1.2212648640375638,1.220967856235804,1.2162655147342458
0.44332744805655816,0.2099130784737881,0.2859085646280862,1.1838691579283442,1.2212648640375638,1.220967856235804,1.2164552647342455
0.4434867199315618,0.21001854909878953,0.28590038037457854,1.1839633141783383,1.2211713265375597,1.2207820812358094,1.216170639734246
0.4433805386815595,0.20987792159878754,0.2859154525877733,1.1838691579283442,1.2212648640375638,1.2205963062358154,1.2160757647342457
0.4434867199315618,0.21005370597378986,0.2859031762075118,1.1839633141783383,1.222106701537601,1.2218038437357785,1.2173091397342448
0.4434789972357565,0.20994823534878843,0.2858990840807579,1.183680845428356,1.2210777890375555,1.2207820812358094,1.2163603897342457
0.44331972536075287,0.20998339222378898,0.2859154525877733,1.1839633141783383,1.221358401537568,1.220874968735807,1.2162655147342458
0.44331972536075287,0.2099130784737881,0.2859113604610195,1.1837750016783501,1.2212648640375638,1.2205963062358154,1.2164552647342455
0.44342590661075537,0.2099130784737881,0.2859195447145272,1.183680845428356,1.2214519390375722,1.2211536312357985,1.2166450147342451
0.44332744805655816,0.20994823534878843,0.2859154525877733,1.1837750016783501,1.221358401537568,1.2207820812358094,1.2162655147342458
0.44342590661075537,0.21001854909878953,0.2859031762075118,1.1839633141783383,1.221358401537568,1.220874968735807,1.2163603897342457
0.44331972536075287,0.20987792159878754,0.2859195447145272,1.1834925329283679,1.2209842515375517,1.2204105312358209,1.215980889734246
0.44336509328994894,0.20998339222378898,0.2859154525877733,1.1839633141783383,1.2212648640375638,1.2205963062358154,1.2164552647342455
0.44326663473575173,0.20998339222378898,0.2859154525877733,1.183586689178362,1.2209842515375517,1.2205963062358154,1.216170639734246
0.4434789972357565,0.20994823534878843,0.2859154525877733,1.1839633141783383,1.2212648640375638,1.2205963062358154,1.216170639734246
0.44342590661075537,0.20994823534878843,0.2859031762075118,1.1840574704283324,1.2209842515375517,1.221060743735801,1.2162655147342458
0.4434789972357565,0.20987792159878754,0.2859113604610195,1.1840574704283324,1.2214519390375722,1.220967856235804,1.2165501397342453
0.44343362930656066,0.20998339222378898,0.2859154525877733,1.183586689178362,1.2210777890375555,1.2205963062358154,1.2162655147342458
0.44342590661075537,0.2099130784737881,0.2859031762075118,1.1837750016783501,1.2210777890375555,1.2207820812358094,1.2162655147342458
0.4433120026649476,0.20998339222378898,0.2859072683342656,1.1839633141783383,1.2207036390375392,1.2203176437358234,1.215886014734246
0.44331972536075287,0.20987792159878754,0.2859072683342656,1.1837750016783501,1.221358401537568,1.2206891937358124,1.2162655147342458
0.44331972536075287,0.20994823534878843,0.2859154525877733,1.183586689178362,1.2210777890375555,1.220967856235804,1.2163603897342457
0.44342590661075537,0.20994823534878843,0.2859195447145272,1.1837750016783501,1.221358401537568,1.220874968735807,1.216170639734246
0.4434789972357565,0.20998339222378898,0.2859031762075118,1.1840574704283324,1.2218260890375885,1.2213394062357925,1.2170245147342449
0.44332744805655816,0.20994823534878843,0.2859154525877733,1.1839633141783383,1.2210777890375555,1.2207820812358094,1.2162655147342458
0.4433805386815595,0.21001854909878953,0.2859154525877733,1.1840574704283324,1.2210777890375555,1.220874968735807,1.2164552647342455
0.44343362930656066,0.20998339222378898,0.2859072683342656,1.1839633141783383,1.2208907140375476,1.2207820812358094,1.2160757647342457
0.44332744805655816,0.21002627179459482,0.2859113604610195,1.1838691579283442,1.221358401537568,1.2205963062358154,1.2162655147342458
0.4433805386815595,0.20999111491959427,0.2859113604610195,1.1837750016783501,1.2208907140375476,1.2205963062358154,1.2163603897342457
0.44332744805655816,0.2100339944904001,0.28589499195400414,1.1839633141783383,1.2220131640375969,1.2217109562357815,1.217214264734245
0.44343362930656066,0.2100339944904001,0.2859072683342656,1.183586689178362,1.222106701537601,1.2217109562357815,1.2174040147342446
0.44331972536075287,0.2100339944904001,0.2858990840807579,1.1838691579283442,1.2211713265375597,1.220874968735807,1.2162655147342458
0.4434789972357565,0.209963680740399,0.2859072683342656,1.1838691579283442,1.2218260890375885,1.2216180687357845,1.2168347647342452
0.44342590661075537,0.20992852386539868,0.2859072683342656,1.1841516266783265,1.221358401537568,1.220874968735807,1.2164552647342455
0.44332744805655816,0.20999883761539956,0.2859113604610195,1.1839633141783383,1.2209842515375517,1.220503418735818,1.215886014734246
0.44353208786075765,0.21006915136540044,0.28589499195400414,1.1838691579283442,1.2212648640375638,1.220967856235804,1.2163603897342457
0.4434181839149501,0.2100339944904001,0.2859154525877733,1.1839633141783383,1.2205165640375308,1.2204105312358209,1.2156962647342464
0.44337281598575423,0.209963680740399,0.2859154525877733,1.1838691579283442,1.2210777890375555,1.2205963062358154,1.2164552647342455
0.4434789972357565,0.20999883761539956,0.2859072683342656,1.1839633141783383,1.2210777890375555,1.2205963062358154,1.2162655147342458
0.44342590661075537,0.2100339944904001,0.2859154525877733,1.1839633141783383,1.2210777890375555,1.2207820812358094,1.2162655147342458
0.44331972536075287,0.2098582101153978,0.2859195447145272,1.1838691579283442,1.2211713265375597,1.2205963062358154,1.2164552647342455
0.44343362930656066,0.209963680740399,0.2859113604610195,1.1839633141783383,1.2210777890375555,1.2205963062358154,1.2162655147342458
0.4433805386815595,0.209963680740399,0.2859154525877733,1.183586689178362,1.2212648640375638,1.2206891937358124,1.2160757647342457
0.4434867199315618,0.209963680740399,0.2859154525877733,1.1838691579283442,1.2210777890375555,1.220874968735807,1.2163603897342457
0.4434867199315618,0.20992080116959339,0.2859154525877733,1.1839633141783383,1.2220131640375969,1.2217109562357815,1.2170245147342449
0.443274357431557,0.20988564429459283,0.2859195447145272,1.1837750016783501,1.2208907140375476,1.2206891937358124,1.2162655147342458
0.44343362930656066,0.20999883761539956,0.2859154525877733,1.1838691579283442,1.221358401537568,1.2212052647902936,1.2165501397342453
0.4434789972357565,0.20992852386539868,0.2859195447145272,1.183586689178362,1.2214519390375722,1.220833714790305,1.2163603897342457
0.44342590661075537,0.20992852386539868,0.2859154525877733,1.1837750016783501,1.2209842515375517,1.2204621647903164,1.2163603897342457
0.44331972536075287,0.209963680740399,0.2859154525877733,1.1838691579283442,1.2212648640375638,1.2204621647903164,1.2163603897342457
0.44332744805655816,0.20992852386539868,0.2859072683342656,1.1839633141783383,1.2212648640375638,1.220833714790305,1.2167398897342454
0.44343362930656066,0.209963680740399,0.2859154525877733,1.1837750016783501,1.221358401537568,1.220740827290308,1.216170639734246
0.44332744805655816,0.209963680740399,0.2859195447145272,1.1838691579283442,1.2212648640375638,1.220833714790305,1.2163603897342457
0.44332744805655816,0.209963680740399,0.2859113604610195,1.1838691579283442,1.2210777890375555,1.220926602290302,1.2164552647342455
0.44326663473575173,0.20999111491959427,0.2859031762075118,1.1838691579283442,1.2210777890375555,1.2206479397903105,1.2162655147342458
0.44331972536075287,0.20995595804459372,0.2859195447145272,1.1839633141783383,1.2210777890375555,1.2206479397903105,1.2164552647342455
0.44331972536075287,0.20981533054459195,0.2859072683342656,1.1839633141783383,1.2212648640375638,1.220740827290308,1.2160757647342457
0.44342590661075537,0.20999111491959427,0.2859031762075118,1.1839633141783383,1.2214519390375722,1.2211123772902965,1.2167398897342454
0.4434789972357565,0.20988564429459283,0.2859195447145272,1.1838691579283442,1.2212648640375638,1.2211123772902965,1.2163603897342457
0.44332744805655816,0.20995595804459372,0.2859113604610195,1.1839633141783383,1.2210777890375555,1.2204621647903164,1.2163603897342457
0.44343362930656066,0.20995595804459372,0.2859031762075118,1.1837750016783501,1.221358401537568,1.220833714790305,1.2163603897342457
0.4434867199315618,0.20995595804459372,0.2859154525877733,1.183586689178362,1.2210777890375555,1.2206479397903105,1.215980889734246
0.4434867199315618,0.20999111491959427,0.28589499195400414,1.1841516266783265,1.2217325515375843,1.2212052647902936,1.2171193897342447
0.44337281598575423,0.21002627179459482,0.2859072683342656,1.1838691579283442,1.2207036390375392,1.220740827290308,1.2160757647342457
0.44331972536075287,0.20992080116959339,0.2859113604610195,1.1838691579283442,1.2211713265375597,1.220740827290308,1.216170639734246
0.44331972536075287,0.20999111491959427,0.2859154525877733,1.1837750016783501,1.2210777890375555,1.220833714790305,1.216170639734246
0.44331972536075287,0.2098504874195925,0.2859031762075118,1.1837750016783501,1.2212648640375638,1.220833714790305,1.2163603897342457
0.4434867199315618,0.20999111491959427,0.2859031762075118,1.1841516266783265,1.2210777890375555,1.2206479397903105,1.2162655147342458
0.4434867199315618,0.20999111491959427,0.2859072683342656,1.1839633141783383,1.2225743890376215,1.2225985772902517,1.2177835147342444
0.44343362930656066,0.20995595804459372,0.2859154525877733,1.1838691579283442,1.2208907140375476,1.219904839790333,1.2156962647342464
0.44343362930656066,0.20981533054459195,0.2859072683342656,1.1839633141783383,1.2210777890375555,1.2205550522903135,1.2164552647342455
0.44342590661075537,0.20999111491959427,0.2859154525877733,1.1841516266783265,1.2214519390375722,1.2211123772902965,1.2166450147342451
0.44353208786075765,0.20995595804459372,0.2859072683342656,1.1838691579283442,1.2211713265375597,1.2204621647903164,1.2165501397342453
0.44342590661075537,0.20992080116959339,0.2859154525877733,1.1837750016783501,1.2211713265375597,1.2204621647903164,1.2160757647342457
0.44342590661075537,0.20999111491959427,0.2859195447145272,1.1838691579283442,1.2211713265375597,1.220926602290302,1.2163603897342457
0.4434789972357565,0.20992080116959339,0.2859072683342656,1.1838691579283442,1.2216390140375801,1.221298152290291,1.2170245147342449
0.44332744805655816,0.20992080116959339,0.2859154525877733,1.1838691579283442,1.2211713265375597,1.2206479397903105,1.216170639734246
0.44353981055656294,0.20988564429459283,0.2859113604610195,1.1840574704283324,1.2218260890375885,1.2212052647902936,1.2168347647342452
0.4433805386815595,0.20992080116959339,0.2859072683342656,1.1841516266783265,1.2211713265375597,1.220833714790305,1.2162655147342458
0.4434867199315618,0.21002627179459482,0.2859154525877733,1.1839633141783383,1.221358401537568,1.2206479397903105,1.2164552647342455
0.44331972536075287,0.21002627179459482,0.2859154525877733,1.1837750016783501,1.2209842515375517,1.220926602290302,1.2162655147342458
0.44331972536075287,0.20999111491959427,0.2859154525877733,1.1837750016783501,1.2212648640375638,1.220740827290308,1.2167398897342454
0.44342590661075537,0.20995595804459372,0.2859154525877733,1.183586689178362,1.2210777890375555,1.2206479397903105,1.2164552647342455
0.44342590661075537,0.20988564429459283,0.2859154525877733,1.1838691579283442,1.221358401537568,1.2206479397903105,1.2160757647342457
0.44332744805655816,0.20995595804459372,0.285923636841281,1.1838691579283442,1.2210777890375555,1.2206479397903105,1.2160757647342457
0.44332744805655816,0.20988564429459283,0.2859072683342656,1.1839633141783383,1.2210777890375555,1.220369277290319,1.2160757647342457
0.44332744805655816,0.20995595804459372,0.2859113604610195,1.1839633141783383,1.221358401537568,1.2206479397903105,1.2163603897342457
0.4434867199315618,0.20995595804459372,0.285923636841281,1.1839633141783383,1.221358401537568,1.2210194897902995,1.2164552647342455
0.4435851784857588,0.20999111491959427,0.2859072683342656,1.1837750016783501,1.2202359515375187,1.219811952290336,1.2156013897342461
0.44326663473575173,0.20992080116959339,0.2859072683342656,1.1838691579283442,1.2209842515375517,1.2206479397903105,1.2162655147342458
0.44353208786075765,0.20995595804459372,0.2859154525877733,1.1839633141783383,1.2212648640375638,1.220833714790305,1.2162655147342458
0.44326663473575173,0.20981533054459195,0.2859072683342656,1.1839633141783383,1.2212648640375638,1.220833714790305,1.2165501397342453
0.4434867199315618,0.20992080116959339,0.28589089982725024,1.1837750016783501,1.2211713265375597,1.220740827290308,1.216170639734246
0.4433805386815595,0.20995595804459372,0.2859195447145272,1.1838691579283442,1.2210777890375555,1.2205550522903135,1.216170639734246
0.44332744805655816,0.20981533054459195,0.2859154525877733,1.183586689178362,1.2212648640375638,1.2210194897902995,1.2163603897342457
0.4434867199315618,0.20999111491959427,0.2859072683342656,1.1838691579283442,1.2193941140374815,1.2189759647903613,1.2147475147342472
0.44331972536075287,0.2098504874195925,0.2859195447145272,1.1838691579283442,1.2209842515375517,1.220833714790305,1.2162655147342458
0.44342590661075537,0.20999111491959427,0.2859195447145272,1.1838691579283442,1.2208907140375476,1.2204621647903164,1.215886014734246
0.44353208786075765,0.21006142866959515,0.2859031762075118,1.1838691579283442,1.222293776537609,1.221762589790277,1.2176886397342446
0.44331972536075287,0.20995595804459372,0.2859113604610195,1.1837750016783501,1.221358401537568,1.220833714790305,1.2162655147342458
0.44343362930656066,0.20999111491959427,0.2859195447145272,1.1838691579283442,1.2215454765375764,1.220926602290302,1.2166450147342451
0.44332744805655816,0.20995595804459372,0.2859195447145272,1.1838691579283442,1.2210777890375555,1.220833714790305,1.2163603897342457
0.4433805386815595,0.21006142866959515,0.2859072683342656,1.1839633141783383,1.2210777890375555,1.220926602290302,1.2163603897342457
0.44343362930656066,0.20995595804459372,0.2858990840807579,1.1841516266783265,1.2222002390376052,1.2219483647902711,1.2174988897342445
0.44331972536075287,0.21002627179459482,0.2859113604610195,1.1837750016783501,1.2211713265375597,1.220833714790305,1.2163603897342457
0.44337281598575423,0.20995595804459372,0.2859072683342656,1.1840574704283324,1.2214519390375722,1.2210194897902995,1.2164552647342455
0.44342590661075537,0.20999111491959427,0.2859031762075118,1.183586689178362,1.2212648640375638,1.2204621647903164,1.2163603897342457
0.44353208786075765,0.20999111491959427,0.2859031762075118,1.1839633141783383,1.2210777890375555,1.2204621647903164,1.2163603897342457
0.44332744805655816,0.20999111491959427,0.2859154525877733,1.1837750016783501,1.2211713265375597,1.2206479397903105,1.2160757647342457
0.44332744805655816,0.20999111491959427,0.2859072683342656,1.1838691579283442,1.2212648640375638,1.220740827290308,1.2164552647342455
0.4433805386815595,0.20981533054459195,0.2859195447145272,1.1840574704283324,1.2210777890375555,1.220740827290308,1.2162655147342458
0.44332744805655816,0.20999111491959427,0.2859154525877733,1.1837750016783501,1.2211713265375597,1.2205550522903135,1.2162655147342458
0.44331972536075287,0.20995595804459372,0.2859195447145272,1.1839633141783383,1.2208907140375476,1.2204621647903164,1.2160757647342457
0.44337281598575423,0.21002627179459482,0.2859154525877733,1.1840574704283324,1.2210777890375555,1.220926602290302,1.2164552647342455
0.44353208786075765,0.21002627179459482,0.2859072683342656,1.1838691579283442,1.2214519390375722,1.2210194897902995,1.2164552647342455
0.44331972536075287,0.21002627179459482,0.2859113604610195,1.1840574704283324,1.2208907140375476,1.220740827290308,1.215886014734246
0.443274357431557,0.20988564429459283,0.2859154525877733,1.183586689178362,1.2212648640375638,1.220740827290308,1.2166450147342451
0.44332744805655816,0.20992080116959339,0.2859154525877733,1.1840574704283324,1.220329489037523,1.219904839790333,1.2155065147342463
0.44332744805655816,0.20992080116959339,0.2859195447145272,1.1837750016783501,1.2212648640375638,1.220740827290308,1.216170639734246
0.44353981055656294,0.21013174241959603,0.2859072683342656,1.1837750016783501,1.2211713265375597,1.220740827290308,1.2160757647342457
0.4433805386815595,0.20999111491959427,0.2859154525877733,1.1837750016783501,1.2214519390375722,1.220740827290308,1.2164552647342455
0.44326663473575173,0.20995595804459372,0.2859195447145272,1.1837750016783501,1.2210777890375555,1.220833714790305,1.2162655147342458
0.4434789972357565,0.20992080116959339,0.2859031762075118,1.183680845428356,1.2218260890375885,1.2212052647902936,1.2170245147342449
0.44353208786075765,0.20999111491959427,0.2859154525877733,1.1838691579283442,1.2211713265375597,1.2206479397903105,1.2163603897342457
0.44342590661075537,0.20999111491959427,0.2859154525877733,1.1837750016783501,1.2214519390375722,1.220926602290302,1.2164552647342455
0.44332744805655816,0.20992080116959339,0.2859154525877733,1.183586689178362,1.2210777890375555,1.220369277290319,1.2160757647342457
0.4433805386815595,0.20988564429459283,0.2859154525877733,1.1839633141783383,1.221358401537568,1.2206479397903105,1.2163603897342457
0.4433805386815595,0.20992080116959339,0.2859195447145272,1.1837750016783501,1.2211713265375597,1.220740827290308,1.2160757647342457
0.4434789972357565,0.20995595804459372,0.2859031762075118,1.1840574704283324,1.221358401537568,1.2206479397903105,1.2162655147342458
0.44331972536075287,0.20995595804459372,0.2859154525877733,1.183680845428356,1.2210777890375555,1.220833714790305,1.2163603897342457
0.44331972536075287,0.20999111491959427,0.2859154525877733,1.1839633141783383,1.221358401537568,1.220740827290308,1.2162655147342458
0.44353208786075765,0.20999111491959427,0.2859072683342656,1.1838691579283442,1.2212648640375638,1.2206479397903105,1.2165501397342453
0.44332744805655816,0.20999111491959427,0.2859113604610195,1.1837750016783501,1.2210777890375555,1.220740827290308,1.2163603897342457
0.44343362930656066,0.2098504874195925,0.2859072683342656,1.1838691579283442,1.2218260890375885,1.2212052647902936,1.2168347647342452
0.443274357431557,0.2098504874195925,0.285923636841281,1.1839633141783383,1.2211713265375597,1.220740827290308,1.2163603897342457
0.44332744805655816,0.20999111491959427,0.2859031762075118,1.1837750016783501,1.2214519390375722,1.220740827290308,1.2168347647342452
0.44331972536075287,0.20988564429459283,0.2859195447145272,1.1837750016783501,1.2210777890375555,1.220833714790305,1.2163603897342457
0.44337281598575423,0.20995595804459372,0.2859113604610195,1.183680845428356,1.2209842515375517,1.2205550522903135,1.2160757647342457
0.44331972536075287,0.20999111491959427,0.285923636841281,1.183680845428356,1.2210777890375555,1.220740827290308,1.2160757647342457
0.44337281598575423,0.21002627179459482,0.2859072683342656,1.1838691579283442,1.2211713265375597,1.220833714790305,1.2162655147342458
0.44342590661075537,0.21002627179459482,0.2859195447145272,1.1839633141783383,1.2212648640375638,1.220833714790305,1.2166450147342451
0.44342590661075537,0.20995595804459372,0.2859072683342656,1.1838691579283442,1.2208907140375476,1.220740827290308,1.2163603897342457
0.44332744805655816,0.20999111491959427,0.2859195447145272,1.1838691579283442,1.2212648640375638,1.220926602290302,1.216170639734246
0.44353981055656294,0.20995595804459372,0.2859113604610195,1.1837750016783501,1.222106701537601,1.221762589790277,1.2174988897342445
0.4432212668065559,0.20995595804459372,0.2859113604610195,1.1838691579283442,1.2212648640375638,1.220833714790305,1.2165501397342453
0.44353208786075765,0.20999111491959427,0.2859031762075118,1.1837750016783501,1.2227614640376299,1.220740827290308,1.2163603897342457
0.44337281598575423,0.2098504874195925,0.2859154525877733,1.1838691579283442,1.2212648640375638,1.220740827290308,1.2164552647342455
0.44326663473575173,0.20999111491959427,0.2859031762075118,1.1838691579283442,1.2211713265375597,1.220740827290308,1.2163603897342457
0.44342590661075537,0.20999111491959427,0.2859031762075118,1.1839633141783383,1.2208907140375476,1.2204621647903164,1.2156962647342464
0.44331972536075287,0.20988564429459283,0.2859113604610195,1.183586689178362,1.2211713265375597,1.2206479397903105,1.2166450147342451
0.4434789972357565,0.20999111491959427,0.2859154525877733,1.1841516266783265,1.2214519390375722,1.220926602290302,1.2166450147342451
0.44331972536075287,0.2098582101153978,0.2859154525877733,1.1837750016783501,1.2220131640375969,1.221391039790288,1.217214264734245
0.44342590661075537,0.2099010896862034,0.2859154525877733,1.1841516266783265,1.2209842515375517,1.220833714790305,1.2163603897342457
0.44353208786075765,0.20993624656120397,0.2859154525877733,1.183586689178362,1.2205165640375308,1.2201835022903245,1.2153167647342467
0.44342590661075537,0.21000656031120485,0.2859072683342656,1.1837750016783501,1.221358401537568,1.2210194897902995,1.2162655147342458
0.44337281598575423,0.2100417171862054,0.2859031762075118,1.183586689178362,1.2214519390375722,1.2212052647902936,1.2164552647342455
0.44337281598575423,0.20993624656120397,0.2859154525877733,1.1839633141783383,1.2211713265375597,1.2204621647903164,1.216170639734246
0.44353208786075765,0.21000656031120485,0.2859154525877733,1.1840574704283324,1.2212648640375638,1.220833714790305,1.2165501397342453
0.44331972536075287,0.20993624656120397,0.2859154525877733,1.1837750016783501,1.2210777890375555,1.220833714790305,1.2162655147342458
0.44342590661075537,0.2100417171862054,0.2859154525877733,1.1837750016783501,1.2210777890375555,1.220833714790305,1.2165501397342453
0.4434789972357565,0.20993624656120397,0.2859031762075118,1.1837750016783501,1.2211713265375597,1.220740827290308,1.2163603897342457
0.44331972536075287,0.21000656031120485,0.2859031762075118,1.1839633141783383,1.2212648640375638,1.220833714790305,1.2163603897342457
0.44342590661075537,0.20986593281120308,0.2859154525877733,1.1839633141783383,1.2210777890375555,1.220740827290308,1.2163603897342457
0.4432135441107506,0.21000656031120485,0.2859154525877733,1.1838691579283442,1.2210777890375555,1.2204621647903164,1.2162655147342458
0.44353208786075765,0.2099714034362043,0.2859072683342656,1.1837750016783501,1.2211713265375597,1.2206479397903105,1.2162655147342458
0.44331972536075287,0.2099010896862034,0.2859154525877733,1.183586689178362,1.2218260890375885,1.2212052647902936,1.2171193897342447
0.44337281598575423,0.2099010896862034,0.2859031762075118,1.1839633141783383,1.2202359515375187,1.2195332897903444,1.2153167647342467
0.44331972536075287,0.2099714034362043,0.2859113604610195,1.1840574704283324,1.2212648640375638,1.220926602290302,1.2163603897342457
0.44337281598575423,0.21000656031120485,0.2858990840807579,1.1841516266783265,1.2211713265375597,1.220740827290308,1.216170639734246
0.44337281598575423,0.2099714034362043,0.2858990840807579,1.1838691579283442,1.2210777890375555,1.2206479397903105,1.2162655147342458
0.44353208786075765,0.20986593281120308,0.285923636841281,1.1839633141783383,1.2212648640375638,1.220833714790305,1.2163603897342457
0.44353208786075765,0.21000656031120485,0.2859031762075118,1.1841516266783265,1.2218260890375885,1.2215768147902826,1.2170245147342449
0.4434789972357565,0.2099714034362043,0.2859195447145272,1.1837750016783501,1.2199553390375062,1.2194404022903473,1.214937264734247
0.44331972536075287,0.2099714034362043,0.2859154525877733,1.1838691579283442,1.2212648640375638,1.2206479397903105,1.2164552647342455
0.44331972536075287,0.20993624656120397,0.2859072683342656,1.1837750016783501,1.2217325515375843,1.2212052647902936,1.2168347647342452
0.44331972536075287,0.20986593281120308,0.2859154525877733,1.1837750016783501,1.2222002390376052,1.221855477290274,1.2173091397342448
0.44342590661075537,0.2099010896862034,0.2859031762075118,1.1839633141783383,1.2210777890375555,1.2204621647903164,1.2162655147342458
0.44342590661075537,0.20993624656120397,0.2859031762075118,1.1838691579283442,1.2211713265375597,1.220740827290308,1.2162655147342458
0.44331972536075287,0.2099010896862034,0.2859154525877733,1.183586689178362,1.2210777890375555,1.220833714790305,1.2164552647342455
0.44331972536075287,0.2099714034362043,0.2859154525877733,1.1838691579283442,1.2209842515375517,1.2206479397903105,1.2160757647342457
0.4434789972357565,0.20986593281120308,0.2859031762075118,1.1840574704283324,1.2211713265375597,1.220740827290308,1.2160757647342457
0.44331972536075287,0.21000656031120485,0.2859031762075118,1.1839633141783383,1.2212648640375638,1.220833714790305,1.2162655147342458
0.44353208786075765,0.21000656031120485,0.2858990840807579,1.1837750016783501,1.2202359515375187,1.2200906147903274,1.2151270147342466
0.4434789972357565,0.20999883761539956,0.2859154525877733,1.1838691579283442,1.2208907140375476,1.220833714790305,1.2163603897342457
0.44342590661075537,0.2100339944904001,0.2859072683342656,1.183680845428356,1.2212648640375638,1.2204621647903164,1.2164552647342455
0.4435851784857588,0.21006915136540044,0.2859154525877733,1.1838691579283442,1.2216390140375801,1.2211123772902965,1.2166450147342451
0.44331972536075287,0.209963680740399,0.2859154525877733,1.1838691579283442,1.2210777890375555,1.220740827290308,1.2164552647342455
0.44331972536075287,0.209963680740399,0.2859154525877733,1.183586689178362,1.2210777890375555,1.220926602290302,1.2160757647342457
0.44342590661075537,0.20999883761539956,0.2859195447145272,1.1838691579283442,1.2219196265375927,1.221762589790277,1.2171193897342447
0.44337281598575423,0.20989336699039812,0.2859113604610195,1.1839633141783383,1.2211713265375597,1.2206479397903105,1.2160757647342457
0.44342590661075537,0.2100339944904001,0.2859154525877733,1.1839633141783383,1.2210777890375555,1.2206479397903105,1.2162655147342458
0.44343362930656066,0.20999883761539956,0.2859154525877733,1.1840574704283324,1.2211713265375597,1.2206479397903105,1.2162655147342458
0.44343362930656066,0.20999883761539956,0.2859113604610195,1.1838691579283442,1.2207036390375392,1.2204621647903164,1.2160757647342457
0.44331972536075287,0.20989336699039812,0.2859195447145272,1.1837750016783501,1.2208907140375476,1.220833714790305,1.215980889734246
0.44342590661075537,0.2100339944904001,0.2859072683342656,1.1839633141783383,1.2210777890375555,1.220740827290308,1.2163603897342457
0.4432135441107506,0.2098582101153978,0.2859154525877733,1.1834925329283679,1.2212648640375638,1.2204621647903164,1.2163603897342457
0.44342590661075537,0.20992852386539868,0.285923636841281,1.1837750016783501,1.2207036390375392,1.2205550522903135,1.2160757647342457
0.44342590661075537,0.209963680740399,0.2859154525877733,1.1837750016783501,1.2209842515375517,1.2206479397903105,1.2162655147342458
0.44343362930656066,0.20989336699039812,0.2859154525877733,1.1839633141783383,1.222106701537601,1.221391039790288,1.217214264734245
0.4434789972357565,0.2098582101153978,0.2859072683342656,1.1837750016783501,1.2212648640375638,1.220833714790305,1.2165501397342453
0.4434789972357565,0.20992852386539868,0.2859113604610195,1.1838691579283442,1.2207036390375392,1.2201835022903245,1.2156962647342464
0.44342590661075537,0.2100339944904001,0.2859031762075118,1.1837750016783501,1.2211713265375597,1.220833714790305,1.2164552647342455
0.44331972536075287,0.20999883761539956,0.2859113604610195,1.1837750016783501,1.2216390140375801,1.2210194897902995,1.2168347647342452
0.44342590661075537,0.209963680740399,0.2859154525877733,1.1838691579283442,1.2209842515375517,1.220926602290302,1.2160757647342457
0.44342590661075537,0.20992852386539868,0.2859031762075118,1.1838691579283442,1.221358401537568,1.221298152290291,1.2164552647342455
0.44331972536075287,0.209963680740399,0.2859113604610195,1.1839633141783383,1.2214519390375722,1.2210194897902995,1.2164552647342455
0.44353208786075765,0.20999883761539956,0.2859072683342656,1.183680845428356,1.2212648640375638,1.220833714790305,1.2162655147342458
0.44331972536075287,0.20992852386539868,0.285923636841281,1.1839633141783383,1.2212648640375638,1.220833714790305,1.2162655147342458
0.44331972536075287,0.20999883761539956,0.2859195447145272,1.183586689178362,1.2211713265375597,1.220740827290308,1.2160757647342457
0.44337281598575423,0.20992852386539868,0.2859072683342656,1.1839633141783383,1.221358401537568,1.2210194897902995,1.2167398897342454
0.44342590661075537,0.20992852386539868,0.2859154525877733,1.1837750016783501,1.2214519390375722,1.2206479397903105,1.2163603897342457
0.44326663473575173,0.2100339944904001,0.2859072683342656,1.1837750016783501,1.2212648640375638,1.2204621647903164,1.2163603897342457
0.44342590661075537,0.209963680740399,0.2859154525877733,1.1840574704283324,1.2207971765375434,1.2200906147903274,1.2160757647342457
0.44342590661075537,0.209963680740399,0.2859072683342656,1.1839633141783383,1.2210777890375555,1.220926602290302,1.2165501397342453
0.6557188403917777,0.3146950946102952,0.3088622563848622,1.7842439416034366,1.8231986039950776,1.8311427922249162,1.8126409086235797
0.6557188403917777,0.31465993773529466,0.3088704406383699,1.7845264103534189,1.8234792164950897,1.8310499047249187,1.8128306586235794
0.655726563087583,0.3146950946102952,0.3088499800046006,1.7842439416034366,1.8235727539950939,1.8315143422249047,1.8129255336235792
0.6557033950001672,0.3146247808602942,0.3088745327651237,1.7842439416034366,1.8234792164950897,1.8312356797249132,1.8127357836235796
0.6557033950001672,0.3146170581644889,0.3088581642581083,1.784620566603413,1.8234792164950897,1.8312356797249132,1.8127357836235796
0.6556348589835554,0.31465993773529466,0.3088581642581083,1.7842439416034366,1.8234792164950897,1.8311427922249162,1.8129255336235792
0.6557941308585589,0.31473025148529565,0.3088540721313545,1.7848088791034011,1.8232921414950818,1.8311427922249162,1.8130204086235795
0.655650304375166,0.3145896239852938,0.30886634851161604,1.7844322541034248,1.823385678995086,1.8311427922249162,1.8128306586235794
0.6558172989459747,0.3147731310561014,0.3088704406383699,1.7844322541034248,1.8234792164950897,1.8311427922249162,1.81254603362358
0.6556657497667766,0.3147028173061005,0.3088540721313545,1.7842439416034366,1.8240404414951148,1.8318858922248933,1.813305033623579
0.6557111176959725,0.31459734668109907,0.3088622563848622,1.7844322541034248,1.8231050664950734,1.8307712422249272,1.81254603362358
0.6556580270709713,0.3147028173061005,0.3088622563848622,1.7841497853534425,1.823666291495098,1.8310499047249187,1.8127357836235796
0.6558172989459747,0.3145896239852938,0.3088581642581083,1.784620566603413,1.8238533664951064,1.8314214547249077,1.8131152836235793
0.655650304375166,0.3146950946102952,0.30886634851161604,1.7844322541034248,1.8234792164950897,1.8309570172249217,1.8127357836235796
0.6556956723043619,0.3146950946102952,0.3088527758375339,1.7844322541034248,1.823385678995086,1.8312356797249132,1.8130204086235795
0.6559080348043664,0.3146950946102952,0.3088527758375339,1.7844322541034248,1.823385678995086,1.8310499047249187,1.8127357836235796
0.6558549441793653,0.31465993773529466,0.3088568679642878,1.7843380978534307,1.8234792164950897,1.8312356797249132,1.8127357836235796
0.6556956723043619,0.31466766043109995,0.3088650522177955,1.7844322541034248,1.8234792164950897,1.8314214547249077,1.8127357836235796
0.6557642083209736,0.3147028173061005,0.3088568679642878,1.7844322541034248,1.8235727539950939,1.8311427922249162,1.8127357836235796
0.6558172989459747,0.31465993773529466,0.3088527758375339,1.7844322541034248,1.823666291495098,1.8311427922249162,1.8130204086235795
0.6558172989459747,0.3147654083602961,0.3088486837107801,1.7845264103534189,1.8235727539950939,1.8313285672249102,1.8127357836235796
0.6557564856251683,0.3146950946102952,0.3088568679642878,1.784620566603413,1.8235727539950939,1.8315143422249047,1.8128306586235794
0.6556956723043619,0.31465993773529466,0.3088691443445493,1.7842439416034366,1.8245081289951353,1.8321645547248853,1.8138742836235784
0.6555817683585543,0.3146950946102952,0.3088568679642878,1.7843380978534307,1.8234792164950897,1.8311427922249162,1.8128306586235794
0.655748762929363,0.31473025148529565,0.3088568679642878,1.784620566603413,1.8234792164950897,1.8311427922249162,1.8130204086235795
0.6557111176959725,0.31466766043109995,0.3088650522177955,1.7845264103534189,1.8234792164950897,1.8311427922249162,1.8127357836235796
0.6557111176959725,0.3146247808602942,0.30886096009104164,1.784620566603413,1.8234792164950897,1.8312356797249132,1.8127357836235796
0.6557719310167789,0.3146950946102952,0.3088650522177955,1.7844322541034248,1.8246016664951394,1.8324432172248768,1.8140640336235785
0.6558095762501694,0.31465993773529466,0.30886096009104164,1.7843380978534307,1.823385678995086,1.8311427922249162,1.8126409086235797
0.6555441231251637,0.31473025148529565,0.30886096009104164,1.7844322541034248,1.8232921414950818,1.8311427922249162,1.8127357836235796
0.655650304375166,0.3145896239852938,0.3088568679642878,1.7843380978534307,1.823385678995086,1.8311427922249162,1.8127357836235796
0.655748762929363,0.31480056523529654,0.30886096009104164,1.7844322541034248,1.8232921414950818,1.8311427922249162,1.8127357836235796
0.6555972137501649,0.31455446711029333,0.3088691443445493,1.784620566603413,1.823385678995086,1.8311427922249162,1.8126409086235797
0.6557111176959725,0.31465993773529466,0.3088650522177955,1.7844322541034248,1.8221696914950325,1.8298423672249555,1.8115972836235807
0.65582502164178,0.3145896239852938,0.3088691443445493,1.7844322541034248,1.8235727539950939,1.8311427922249162,1.8127357836235796
0.6557111176959725,0.3145896239852938,0.3088568679642878,1.784620566603413,1.8234792164950897,1.8314214547249077,1.8130204086235795
0.6557111176959725,0.3147654083602961,0.3088568679642878,1.7845264103534189,1.8234792164950897,1.8310499047249187,1.8131152836235793
0.655650304375166,0.31465993773529466,0.3088650522177955,1.7843380978534307,1.8256305789951845,1.833186317224854,1.8151076586235775
0.6557033950001672,0.3147028173061005,0.30887323647130316,1.7842439416034366,1.8234792164950897,1.8310499047249187,1.8127357836235796
0.6556956723043619,0.31460506937690436,0.3088650522177955,1.7842439416034366,1.8235727539950939,1.8311427922249162,1.8130204086235795
0.6557564856251683,0.31467538312690524,0.3088650522177955,1.7844322541034248,1.823666291495098,1.8311427922249162,1.8127357836235796
0.6559157575001717,0.31467538312690524,0.30886096009104164,1.7844322541034248,1.8234792164950897,1.8311427922249162,1.8127357836235796
0.6557033950001672,0.3147105400019058,0.3088527758375339,1.7845264103534189,1.8223567664950404,1.830213917224944,1.8117870336235804
0.6555972137501649,0.31467538312690524,0.3088650522177955,1.7843380978534307,1.8234792164950897,1.8312356797249132,1.8129255336235792
0.6557111176959725,0.3145699125019039,0.3088527758375339,1.7842439416034366,1.8234792164950897,1.8313285672249102,1.8127357836235796
0.6558095762501694,0.31460506937690436,0.3088568679642878,1.7844322541034248,1.8235727539950939,1.8313285672249102,1.8127357836235796
0.6556956723043619,0.3145699125019039,0.3088691443445493,1.7842439416034366,1.8234792164950897,1.8314214547249077,1.8131152836235793
0.6556956723043619,0.3147105400019058,0.30886096009104164,1.7844322541034248,1.8235727539950939,1.8311427922249162,1.8129255336235792
0.6555894910543596,0.31460506937690436,0.3088527758375339,1.7844322541034248,1.8230115289950692,1.8306783547249301,1.8121665336235802
0.6557033950001672,0.31467538312690524,0.3088650522177955,1.784620566603413,1.8234792164950897,1.8311427922249162,1.8127357836235796
0.6558095762501694,0.31467538312690524,0.30886096009104164,1.7844322541034248,1.8232921414950818,1.8311427922249162,1.8131152836235793
0.6558626668751706,0.31467538312690524,0.30886096009104164,1.7844322541034248,1.8234792164950897,1.8312356797249132,1.8128306586235794
0.6558172989459747,0.31474569687690623,0.30886096009104164,1.7844322541034248,1.8231050664950734,1.8310499047249187,1.81254603362358
0.6556580270709713,0.31460506937690436,0.30887323647130316,1.7843380978534307,1.823666291495098,1.8312356797249132,1.8128306586235794
0.6557033950001672,0.31460506937690436,0.308877328598057,1.7842439416034366,1.8234792164950897,1.8311427922249162,1.8129255336235792
0.6555894910543596,0.3145699125019039,0.3088650522177955,1.7843380978534307,1.8235727539950939,1.8313285672249102,1.8131152836235793
0.6555972137501649,0.3147105400019058,0.3088650522177955,1.7844322541034248,1.8235727539950939,1.8311427922249162,1.8128306586235794
0.6557033950001672,0.3146402262519048,0.3088691443445493,1.7842439416034366,1.8235727539950939,1.8311427922249162,1.8127357836235796
0.655650304375166,0.3145699125019039,0.3088650522177955,1.7842439416034366,1.8238533664951064,1.8314214547249077,1.8133999086235788
0.6557564856251683,0.3147105400019058,0.30886096009104164,1.7842439416034366,1.8240404414951148,1.8318858922248933,1.813494783623579
0.6557111176959725,0.31467538312690524,0.30886096009104164,1.7842439416034366,1.8234792164950897,1.8311427922249162,1.8128306586235794
0.6557111176959725,0.31460506937690436,0.3088691443445493,1.7844322541034248,1.8234792164950897,1.8314214547249077,1.8129255336235792
0.6556580270709713,0.31460506937690436,0.30887323647130316,1.7844322541034248,1.8232921414950818,1.8308641297249246,1.81254603362358
0.6557111176959725,0.3146325035560995,0.30887323647130316,1.7845264103534189,1.8234792164950897,1.8312356797249132,1.8126409086235797
0.6557642083209736,0.31473797418110094,0.3088568679642878,1.7844322541034248,1.8234792164950897,1.8312356797249132,1.8129255336235792
0.6558095762501694,0.31466766043109995,0.3088568679642878,1.7844322541034248,1.8235727539950939,1.8313285672249102,1.8129255336235792
0.6558626668751706,0.31473797418110094,0.3088568679642878,1.784620566603413,1.8237598289951023,1.8311427922249162,1.8129255336235792
0.6555972137501649,0.3146325035560995,0.3088650522177955,1.7842439416034366,1.823666291495098,1.8313285672249102,1.8131152836235793
0.6557033950001672,0.31473797418110094,0.3088568679642878,1.7845264103534189,1.823385678995086,1.8315143422249047,1.8126409086235797
0.6557111176959725,0.31459734668109907,0.30886096009104164,1.7845264103534189,1.8234792164950897,1.8315143422249047,1.8127357836235796
0.6557111176959725,0.31459734668109907,0.30887323647130316,1.7844322541034248,1.8231986039950776,1.8310499047249187,1.81254603362358
0.6556049364459702,0.3147028173061005,0.3088568679642878,1.7844322541034248,1.8232921414950818,1.8312356797249132,1.8129255336235792
0.6556049364459702,0.31466766043109995,0.3088568679642878,1.7845264103534189,1.8240404414951148,1.8320716672248878,1.8137794086235786
0.6556580270709713,0.3147028173061005,0.30886096009104164,1.7843380978534307,1.8234792164950897,1.8312356797249132,1.8130204086235795
0.6557033950001672,0.31459734668109907,0.3088691443445493,1.7845264103534189,1.8240404414951148,1.8315143422249047,1.8132101586235791
0.6557033950001672,0.31466766043109995,0.30886096009104164,1.7843380978534307,1.8235727539950939,1.8312356797249132,1.8126409086235797
0.6558626668751706,0.31466766043109995,0.30886096009104164,1.7844322541034248,1.8234792164950897,1.8310499047249187,1.8127357836235796
0.6556580270709713,0.31466766043109995,0.3088650522177955,1.784620566603413,1.8225438414950488,1.830121029724947,1.8118819086235802
0.6557111176959725,0.3146325035560995,0.30887323647130316,1.7841497853534425,1.8234792164950897,1.8312356797249132,1.8127357836235796
0.6558703895709759,0.31459734668109907,0.3088527758375339,1.7844322541034248,1.8230115289950692,1.8307712422249272,1.81254603362358
0.6557642083209736,0.3147028173061005,0.3088527758375339,1.7845264103534189,1.823666291495098,1.8309570172249217,1.8129255336235792
0.6558172989459747,0.31466766043109995,0.30886096009104164,1.7845264103534189,1.8234792164950897,1.8312356797249132,1.8127357836235796
0.6557033950001672,0.31459734668109907,0.30886096009104164,1.784620566603413,1.823666291495098,1.8313285672249102,1.8128306586235794
0.6558626668751706,0.3147028173061005,0.3088568679642878,1.7843380978534307,1.823666291495098,1.8312356797249132,1.8130204086235795
0.6557033950001672,0.3146325035560995,0.3088691443445493,1.7843380978534307,1.8232921414950818,1.8311427922249162,1.8126409086235797
0.6558626668751706,0.3147731310561014,0.30886096009104164,1.7844322541034248,1.8234792164950897,1.8311427922249162,1.8127357836235796
0.6556049364459702,0.31466766043109995,0.3088691443445493,1.7844322541034248,1.823385678995086,1.8311427922249162,1.8129255336235792
0.6556580270709713,0.3147028173061005,0.30886096009104164,1.784620566603413,1.8234792164950897,1.8310499047249187,1.8127357836235796
0.6558172989459747,0.31459734668109907,0.3088527758375339,1.7844322541034248,1.8235727539950939,1.8315143422249047,1.8127357836235796
0.6557033950001672,0.31473797418110094,0.3088650522177955,1.7845264103534189,1.8232921414950818,1.8309570172249217,1.8127357836235796
0.6557033950001672,0.3146325035560995,0.308877328598057,1.7842439416034366,1.823666291495098,1.8315143422249047,1.8131152836235793
0.6559157575001717,0.3145621898060986,0.3088650522177955,1.7845264103534189,1.8221696914950325,1.829656592224961,1.8114075336235806
0.6557033950001672,0.31466766043109995,0.30886096009104164,1.7844322541034248,1.8235727539950939,1.8313285672249102,1.8126409086235797
0.655650304375166,0.3146325035560995,0.3088650522177955,1.7844322541034248,1.823385678995086,1.8309570172249217,1.81254603362358
0.6557642083209736,0.31473797418110094,0.30886096009104164,1.7843380978534307,1.8234792164950897,1.8311427922249162,1.8127357836235796
0.6557642083209736,0.31459734668109907,0.3088568679642878,1.7844322541034248,1.8235727539950939,1.8312356797249132,1.8127357836235796
0.6557111176959725,0.3147731310561014,0.3088527758375339,1.7844322541034248,1.8234792164950897,1.8313285672249102,1.8129255336235792
0.6557111176959725,0.31473797418110094,0.3088691443445493,1.7843380978534307,1.8234792164950897,1.8310499047249187,1.8127357836235796
0.6556580270709713,0.3145621898060986,0.3088691443445493,1.7842439416034366,1.8220761539950283,1.829563704724964,1.811217783623581
0.6557564856251683,0.3147731310561014,0.30886096009104164,1.784620566603413,1.823666291495098,1.8314214547249077,1.8129255336235792
0.6557033950001672,0.31459734668109907,0.30886096009104164,1.7844322541034248,1.8237598289951023,1.8313285672249102,1.8127357836235796
0.6558095762501694,0.3146325035560995,0.3088486837107801,1.7845264103534189,1.8234792164950897,1.8313285672249102,1.8127357836235796
0.6555972137501649,0.31473797418110094,0.30886096009104164,1.7843380978534307,1.8241339789951185,1.8317001172248992,1.8136845336235787
0.6558172989459747,0.31466766043109995,0.30888142072481084,1.7843380978534307,1.8235727539950939,1.8313285672249102,1.8128306586235794
0.655923480195977,0.3147731310561014,0.3088568679642878,1.7845264103534189,1.8235727539950939,1.8311427922249162,1.8127357836235796
0.6557111176959725,0.31459734668109907,0.30887323647130316,1.7844322541034248,1.823666291495098,1.8313285672249102,1.8129255336235792
0.6557111176959725,0.3146325035560995,0.30887323647130316,1.7843380978534307,1.8231050664950734,1.8306783547249301,1.8123562836235798
0.655650304375166,0.31466766043109995,0.3088691443445493,1.7843380978534307,1.8237598289951023,1.8312356797249132,1.8129255336235792
0.6557033950001672,0.31459734668109907,0.3088691443445493,1.784714722853407,1.8232921414950818,1.8312356797249132,1.8126409086235797
0.6557033950001672,0.3147028173061005,0.3088650522177955,1.784620566603413,1.823666291495098,1.8313285672249102,1.8129255336235792
0.6555972137501649,0.31473797418110094,0.3088691443445493,1.7844322541034248,1.8234792164950897,1.8312356797249132,1.8127357836235796
0.6557642083209736,0.31473797418110094,0.30887323647130316,1.7844322541034248,1.8237598289951023,1.8315143422249047,1.8130204086235795
0.6557642083209736,0.3145621898060986,0.30887323647130316,1.7844322541034248,1.823666291495098,1.8316072297249018,1.813305033623579
0.6556580270709713,0.3147028173061005,0.3088568679642878,1.7844322541034248,1.8235727539950939,1.8313285672249102,1.8129255336235792
0.6556580270709713,0.3147028173061005,0.3088568679642878,1.7845264103534189,1.8234792164950897,1.8310499047249187,1.8128306586235794
0.6556049364459702,0.31466766043109995,0.3088650522177955,1.7841497853534425,1.8234792164950897,1.8312356797249132,1.8126409086235797
0.6557033950001672,0.31466766043109995,0.30886096009104164,1.7845264103534189,1.8235727539950939,1.8313285672249102,1.8130204086235795
0.6557033950001672,0.31466766043109995,0.30887323647130316,1.7844322541034248,1.8234792164950897,1.8313285672249102,1.8128306586235794
0.6557033950001672,0.31466766043109995,0.3088650522177955,1.7845264103534189,1.8234792164950897,1.8312356797249132,1.8128306586235794
0.6558172989459747,0.31466766043109995,0.30886096009104164,1.7845264103534189,1.8238533664951064,1.8318858922248933,1.8132101586235791
0.655923480195977,0.31473797418110094,0.3088650522177955,1.7845264103534189,1.823666291495098,1.8312356797249132,1.8128306586235794
0.6558703895709759,0.3145621898060986,0.3088568679642878,1.7845264103534189,1.823385678995086,1.8310499047249187,1.8127357836235796
0.6558172989459747,0.3147028173061005,0.30886096009104164,1.784620566603413,1.823385678995086,1.8311427922249162,1.8126409086235797
0.6557564856251683,0.3146325035560995,0.30887323647130316,1.7844322541034248,1.823666291495098,1.8315143422249047,1.8130204086235795
0.6558095762501694,0.3146325035560995,0.3088650522177955,1.7844322541034248,1.8240404414951148,1.8320716672248878,1.8137794086235786
0.6557033950001672,0.31466766043109995,0.3088568679642878,1.7844322541034248,1.8234792164950897,1.8312356797249132,1.8129255336235792
0.6557033950001672,0.3147731310561014,0.3088527758375339,1.7844322541034248,1.824321053995127,1.8321645547248853,1.8138742836235784
0.6555972137501649,0.31466766043109995,0.3088568679642878,1.7844322541034248,1.8237598289951023,1.8317001172248992,1.813305033623579
0.6557033950001672,0.31473797418110094,0.3088691443445493,1.7842439416034366,1.8237598289951023,1.8315143422249047,1.813305033623579
0.6557111176959725,0.3147028173061005,0.3088568679642878,1.7842439416034366,1.8232921414950818,1.8311427922249162,1.8128306586235794
0.6557111176959725,0.3147731310561014,0.30886096009104164,1.784714722853407,1.8232921414950818,1.8312356797249132,1.8127357836235796
0.6556580270709713,0.31459734668109907,0.3088691443445493,1.7844322541034248,1.8232921414950818,1.8314214547249077,1.8128306586235794
0.6558095762501694,0.3147028173061005,0.3088691443445493,1.784620566603413,1.823385678995086,1.8307712422249272,1.8126409086235797
0.6557564856251683,0.3147028173061005,0.30886096009104164,1.784620566603413,1.8228244539950613,1.8303996922249386,1.8121665336235802
0.655650304375166,0.3147534195727115,0.3088568679642878,1.784620566603413,1.8246016664951394,1.8323503297248793,1.8138742836235784
0.6557564856251683,0.31461279207270965,0.30886096009104164,1.7842439416034366,1.823385678995086,1.8311427922249162,1.8129255336235792
0.6559157575001717,0.31461279207270965,0.3088650522177955,1.7843380978534307,1.8234792164950897,1.8311427922249162,1.8131152836235793
0.6556580270709713,0.31461279207270965,0.30886096009104164,1.7845264103534189,1.823385678995086,1.8311427922249162,1.8129255336235792
0.6557111176959725,0.31468310582271053,0.30887323647130316,1.784714722853407,1.823385678995086,1.8312356797249132,1.8127357836235796
0.6557111176959725,0.31468310582271053,0.3088691443445493,1.7842439416034366,1.8232921414950818,1.8313285672249102,1.8127357836235796
0.6557033950001672,0.3147182626977111,0.3088568679642878,1.7842439416034366,1.8235727539950939,1.8314214547249077,1.8131152836235793
0.6557033950001672,0.3147182626977111,0.3088691443445493,1.784620566603413,1.8234792164950897,1.8311427922249162,1.8127357836235796
0.6557033950001672,0.31468310582271053,0.30886096009104164,1.7845264103534189,1.8232921414950818,1.8314214547249077,1.8127357836235796
0.6557033950001672,0.31478857644771197,0.30886096009104164,1.7843380978534307,1.8231050664950734,1.8306783547249301,1.8126409086235797
0.655650304375166,0.31461279207270965,0.3088691443445493,1.784620566603413,1.8234792164950897,1.8313285672249102,1.8127357836235796
0.6555972137501649,0.3147105400019058,0.3088527758375339,1.784620566603413,1.8240404414951148,1.8319787797248908,1.8133999086235788
0.6557642083209736,0.3147808537519067,0.3088527758375339,1.7844322541034248,1.8235727539950939,1.8313285672249102,1.8129255336235792
0.6557111176959725,0.31467538312690524,0.3088691443445493,1.7844322541034248,1.8232921414950818,1.8311427922249162,1.8127357836235796
0.6558626668751706,0.3147105400019058,0.3088527758375339,1.784620566603413,1.8234792164950897,1.8310499047249187,1.8126409086235797
0.6557033950001672,0.3147105400019058,0.30886096009104164,1.7844322541034248,1.823666291495098,1.8310499047249187,1.81254603362358
0.6558095762501694,0.3147105400019058,0.30886096009104164,1.784620566603413,1.8232921414950818,1.8311427922249162,1.8131152836235793
0.6558095762501694,0.3147105400019058,0.3088650522177955,1.7845264103534189,1.8227309164950571,1.8304925797249356,1.8123562836235798
0.6557033950001672,0.31460506937690436,0.3088691443445493,1.7844322541034248,1.8234792164950897,1.8311427922249162,1.8127357836235796
0.6557033950001672,0.3146402262519048,0.3088650522177955,1.7845264103534189,1.8219826164950241,1.829656592224961,1.8114075336235806
0.6557111176959725,0.3147105400019058,0.3088568679642878,1.7844322541034248,1.8242275164951227,1.8319787797248908,1.813494783623579
0.655923480195977,0.31467538312690524,0.3088568679642878,1.784620566603413,1.8235727539950939,1.8310499047249187,1.8128306586235794
0.6557564856251683,0.31474569687690623,0.30887323647130316,1.7844322541034248,1.8235727539950939,1.8313285672249102,1.8128306586235794
0.6557564856251683,0.31460506937690436,0.3088691443445493,1.7844322541034248,1.823666291495098,1.8313285672249102,1.8129255336235792
0.6557564856251683,0.31460506937690436,0.3088691443445493,1.7843380978534307,1.8237598289951023,1.8311427922249162,1.8126409086235797
0.6557564856251683,0.31467538312690524,0.3088691443445493,1.7845264103534189,1.824414591495131,1.8319787797248908,1.8136845336235787
0.6557033950001672,0.3147105400019058,0.30886096009104164,1.7845264103534189,1.8232921414950818,1.8312356797249132,1.8127357836235796
0.6557033950001672,0.3146402262519048,0.3088691443445493,1.7842439416034366,1.8234792164950897,1.8313285672249102,1.8127357836235796
0.6557033950001672,0.3147105400019058,0.3088568679642878,1.784714722853407,1.823666291495098,1.8317001172248992,1.8129255336235792
0.6557033950001672,0.3146402262519048,0.30886096009104164,1.7845264103534189,1.8234792164950897,1.8310499047249187,1.81254603362358
0.655650304375166,0.31474569687690623,0.3088691443445493,1.7844322541034248,1.823666291495098,1.8311427922249162,1.8129255336235792
0.655650304375166,0.31467538312690524,0.3088568679642878,1.7844322541034248,1.8231986039950776,1.8313285672249102,1.8129255336235792
0.6557033950001672,0.3146402262519048,0.3088650522177955,1.7844322541034248,1.8235727539950939,1.8311427922249162,1.8128306586235794
0.6557033950001672,0.31467538312690524,0.30886096009104164,1.7845264103534189,1.8234792164950897,1.8314214547249077,1.8129255336235792
0.6558626668751706,0.3147105400019058,0.3088568679642878,1.7844322541034248,1.823385678995086,1.8313285672249102,1.8126409086235797
0.6557033950001672,0.31467538312690524,0.3088527758375339,1.7843380978534307,1.8235727539950939,1.8312356797249132,1.8131152836235793
0.6557111176959725,0.3146402262519048,0.30887323647130316,1.7842439416034366,1.822917991495065,1.8304925797249356,1.8121665336235802
0.6557111176959725,0.3147105400019058,0.3088650522177955,1.784620566603413,1.8234792164950897,1.8311427922249162,1.8126409086235797
0.655650304375166,0.3146402262519048,0.3088691443445493,1.7843380978534307,1.8234792164950897,1.8313285672249102,1.8129255336235792
0.655650304375166,0.31467538312690524,0.30886096009104164,1.7845264103534189,1.8260047289952008,1.8337436422248374,1.815392283623577
0.655650304375166,0.3147105400019058,0.30887323647130316,1.7843380978534307,1.8234792164950897,1.8314214547249077,1.8130204086235795
0.6557033950001672,0.3146402262519048,0.3088568679642878,1.784620566603413,1.823385678995086,1.8311427922249162,1.81254603362358
0.6557033950001672,0.31467538312690524,0.3088691443445493,1.7845264103534189,1.823385678995086,1.8313285672249102,1.8127357836235796
0.6557111176959725,0.31474569687690623,0.30887323647130316,1.7845264103534189,1.8237598289951023,1.8314214547249077,1.8127357836235796
0.6557111176959725,0.31460506937690436,0.3088799211856981,1.7842439416034366,1.8237598289951023,1.8313285672249102,1.8130204086235795
0.6557642083209736,0.31467538312690524,0.30887173693219044,1.7844322541034248,1.8242275164951227,1.8319787797248908,1.8136845336235787
0.6558095762501694,0.3146402262519048,0.3088594605519289,1.7844322541034248,1.822917991495065,1.8305854672249326,1.81254603362358
0.6557033950001672,0.31460506937690436,0.30887173693219044,1.7843380978534307,1.8235727539950939,1.8313285672249102,1.8128306586235794
0.6558626668751706,0.31467538312690524,0.30886355267868276,1.7845264103534189,1.8234792164950897,1.8312356797249132,1.8127357836235796
0.6558095762501694,0.31467538312690524,0.3088594605519289,1.7848088791034011,1.8242275164951227,1.8320716672248878,1.8133999086235788
0.6557033950001672,0.31474569687690623,0.30887173693219044,1.7844322541034248,1.8234792164950897,1.8311427922249162,1.81254603362358
0.6557564856251683,0.31467538312690524,0.3088676448054366,1.7848088791034011,1.8245081289951353,1.8320716672248878,1.8136845336235787
0.6558703895709759,0.3146402262519048,0.3088758290589443,1.7845264103534189,1.8231986039950776,1.8311427922249162,1.8127357836235796
0.6557033950001672,0.31474569687690623,0.30886355267868276,1.7845264103534189,1.823666291495098,1.8314214547249077,1.8130204086235795
0.6557564856251683,0.3147105400019058,0.30886355267868276,1.7844322541034248,1.8234792164950897,1.8314214547249077,1.8130204086235795
0.6557564856251683,0.31467538312690524,0.3088758290589443,1.7845264103534189,1.824321053995127,1.8322574422248823,1.8136845336235787
0.6557564856251683,0.31467538312690524,0.3088676448054366,1.7845264103534189,1.8227309164950571,1.8304925797249356,1.81226140862358
0.655650304375166,0.31460506937690436,0.3088758290589443,1.7844322541034248,1.823666291495098,1.8311427922249162,1.8129255336235792
0.6557564856251683,0.31460506937690436,0.3088676448054366,1.7842439416034366,1.823385678995086,1.8312356797249132,1.8129255336235792
0.6558626668751706,0.3146402262519048,0.30886355267868276,1.7844322541034248,1.8235727539950939,1.8314214547249077,1.8129255336235792
0.6558095762501694,0.3145699125019039,0.3088758290589443,1.7844322541034248,1.8234792164950897,1.8314214547249077,1.8128306586235794
0.655650304375166,0.31467538312690524,0.3088758290589443,1.7843380978534307,1.823385678995086,1.8311427922249162,1.8127357836235796
0.6557564856251683,0.31474569687690623,0.3088594605519289,1.7845264103534189,1.8220761539950283,1.829749479724958,1.8111229086235812
0.6557564856251683,0.3147105400019058,0.3088676448054366,1.7845264103534189,1.8220761539950283,1.829749479724958,1.8115024086235805
0.6558095762501694,0.31474569687690623,0.3088758290589443,1.7844322541034248,1.8235727539950939,1.8315143422249047,1.8129255336235792
0.6557033950001672,0.3147808537519067,0.3088594605519289,1.7845264103534189,1.8234792164950897,1.8311427922249162,1.8127357836235796
0.6557564856251683,0.3147105400019058,0.3088676448054366,1.784620566603413,1.8237598289951023,1.8314214547249077,1.8127357836235796
0.655650304375166,0.31467538312690524,0.30886355267868276,1.7844322541034248,1.8237598289951023,1.8311427922249162,1.8127357836235796
0.655650304375166,0.31467538312690524,0.3088799211856981,1.7842439416034366,1.8231986039950776,1.8312356797249132,1.8127357836235796
0.6558095762501694,0.31474569687690623,0.3088594605519289,1.7842439416034366,1.823666291495098,1.8312356797249132,1.8130204086235795
0.6557033950001672,0.3147105400019058,0.3088676448054366,1.784620566603413,1.8234792164950897,1.8313285672249102,1.8129255336235792
0.6557564856251683,0.3147105400019058,0.30886355267868276,1.7842439416034366,1.823666291495098,1.8315143422249047,1.8129255336235792
0.6557033950001672,0.3147105400019058,0.3088594605519289,1.784620566603413,1.823666291495098,1.8313285672249102,1.8127357836235796
0.6558626668751706,0.31474569687690623,0.30886355267868276,1.7844322541034248,1.8225438414950488,1.8303996922249386,1.8117870336235804
0.6557033950001672,0.31460506937690436,0.3088676448054366,1.7844322541034248,1.823666291495098,1.8311427922249162,1.8127357836235796
0.6557564856251683,0.31460506937690436,0.3088758290589443,1.7844322541034248,1.8246016664951394,1.8322574422248823,1.8138742836235784
0.6557564856251683,0.31467538312690524,0.30886355267868276,1.784620566603413,1.823666291495098,1.8314214547249077,1.8127357836235796
0.6558095762501694,0.3146402262519048,0.30886355267868276,1.7848088791034011,1.8241339789951185,1.8318858922248933,1.813305033623579
0.655650304375166,0.3145699125019039,0.30887173693219044,1.7843380978534307,1.8235727539950939,1.8311427922249162,1.8126409086235797
0.655650304375166,0.31460506937690436,0.3088758290589443,1.7844322541034248,1.823385678995086,1.8312356797249132,1.8127357836235796
0.655650304375166,0.3147105400019058,0.30886355267868276,1.7845264103534189,1.823385678995086,1.8313285672249102,1.8129255336235792
0.6558095762501694,0.3146402262519048,0.30886355267868276,1.7842439416034366,1.823385678995086,1.8310499047249187,1.8127357836235796
0.6557564856251683,0.31467538312690524,0.3088594605519289,1.7844322541034248,1.8232921414950818,1.8313285672249102,1.8127357836235796
0.6557033950001672,0.31467538312690524,0.3088676448054366,1.7845264103534189,1.8235727539950939,1.8310499047249187,1.8130204086235795
0.655650304375166,0.3145347556269035,0.3088758290589443,1.7845264103534189,1.8234792164950897,1.8310499047249187,1.8128306586235794
0.6555441231251637,0.31467538312690524,0.30887173693219044,1.7844322541034248,1.824321053995127,1.8321645547248853,1.8136845336235787
0.655650304375166,0.3146402262519048,0.30887173693219044,1.7845264103534189,1.8225438414950488,1.8303068047249411,1.81197678362358
0.655650304375166,0.3147105400019058,0.3088676448054366,1.7843380978534307,1.823666291495098,1.8315143422249047,1.8128306586235794
0.6558095762501694,0.31460506937690436,0.3088758290589443,1.7843380978534307,1.8241339789951185,1.8317930047248963,1.813494783623579
0.655650304375166,0.31467538312690524,0.3088676448054366,1.7844322541034248,1.823666291495098,1.8314214547249077,1.813305033623579
0.6557033950001672,0.31460506937690436,0.30887173693219044,1.7841497853534425,1.823385678995086,1.8312356797249132,1.8127357836235796
0.6557033950001672,0.31467538312690524,0.3088594605519289,1.784620566603413,1.8241339789951185,1.8318858922248933,1.8136845336235787
0.6557033950001672,0.31467538312690524,0.30887173693219044,1.7844322541034248,1.8235727539950939,1.8314214547249077,1.8127357836235796
0.6557564856251683,0.31460506937690436,0.308855368425175,1.7845264103534189,1.8241339789951185,1.8317001172248992,1.813589658623579
0.6555972137501649,0.31460506937690436,0.308855368425175,1.7844322541034248,1.823666291495098,1.8312356797249132,1.8128306586235794
0.655650304375166,0.31467538312690524,0.30886355267868276,1.7845264103534189,1.8232921414950818,1.8309570172249217,1.8126409086235797
0.6557033950001672,0.31474569687690623,0.3088594605519289,1.7845264103534189,1.8232921414950818,1.8311427922249162,1.8129255336235792
0.6558095762501694,0.31460506937690436,0.3088676448054366,1.7844322541034248,1.8238533664951064,1.8313285672249102,1.8127357836235796
0.6555972137501649,0.3147105400019058,0.3088676448054366,1.7845264103534189,1.8235727539950939,1.8311427922249162,1.8127357836235796
0.6557564856251683,0.3147182626977111,0.3088594605519289,1.7844322541034248,1.8225438414950488,1.8300281422249496,1.8118819086235802
0.6557564856251683,0.31472598539351637,0.3088676448054366,1.7845264103534189,1.8235727539950939,1.8313285672249102,1.8128306586235794
0.655650304375166,0.31472598539351637,0.3088676448054366,1.7842439416034366,1.8240404414951148,1.8317930047248963,1.813305033623579
0.6557033950001672,0.31472598539351637,0.30886355267868276,1.7845264103534189,1.8234792164950897,1.8311427922249162,1.8129255336235792
0.6557033950001672,0.3146556716435154,0.30886355267868276,1.7845264103534189,1.823385678995086,1.8314214547249077,1.8127357836235796
0.6558626668751706,0.3146908285185158,0.308855368425175,1.784620566603413,1.8235727539950939,1.8312356797249132,1.8129255336235792
0.6557033950001672,0.3146908285185158,0.3088758290589443,1.7843380978534307,1.823385678995086,1.8312356797249132,1.8130204086235795
0.655650304375166,0.31462051476851494,0.30887173693219044,1.7844322541034248,1.8234792164950897,1.8312356797249132,1.8129255336235792
0.6557033950001672,0.3147611422685168,0.308855368425175,1.7844322541034248,1.8235727539950939,1.8313285672249102,1.8130204086235795
0.655650304375166,0.3146908285185158,0.3088799211856981,1.7845264103534189,1.8238533664951064,1.8310499047249187,1.8127357836235796
0.6557033950001672,0.3147611422685168,0.308855368425175,1.7844322541034248,1.8235727539950939,1.8311427922249162,1.8130204086235795
0.6558095762501694,0.3146556716435154,0.3088758290589443,1.7844322541034248,1.8234792164950897,1.8312356797249132,1.8127357836235796
0.6558095762501694,0.3146908285185158,0.30886355267868276,1.7844322541034248,1.8234792164950897,1.8307712422249272,1.8127357836235796
0.6558095762501694,0.31462051476851494,0.3088758290589443,1.7843380978534307,1.8245081289951353,1.8320716672248878,1.8136845336235787
0.6557033950001672,0.3146908285185158,0.30887173693219044,1.7841497853534425,1.823666291495098,1.8314214547249077,1.8129255336235792
0.6557033950001672,0.3146556716435154,0.3088758290589443,1.7842439416034366,1.8240404414951148,1.8314214547249077,1.813305033623579
0.6558095762501694,0.3146556716435154,0.3088758290589443,1.784620566603413,1.824321053995127,1.8320716672248878,1.8137794086235786
0.8660773435853428,0.42018451433859083,0.3320342039754801,2.3788352088333835,2.415977998561203,2.430160848605372,2.411214769621913
0.8661458796019545,0.42029770765939756,0.3320382961022339,2.3789293650833776,2.415884461061199,2.4303466236053666,2.411404519621913
0.866206692922761,0.4203251418385927,0.3320260197219724,2.3787410525833894,2.415884461061199,2.430067961105375,2.411404519621913
0.8661912475311504,0.42024710539278654,0.3320382961022339,2.3790235213333717,2.4161650735612112,2.430067961105375,2.411404519621913
0.8661758021395398,0.4203448533219826,0.3320342039754801,2.3788352088333835,2.4165392235612275,2.430625286105358,2.4119737696219126
0.8661680794437345,0.42035257601778786,0.3320382961022339,2.3789293650833776,2.416071536061207,2.430067961105375,2.411404519621913
0.8660618981937322,0.420282262267787,0.3320382961022339,2.3789293650833776,2.4170069110612484,2.431182611105341,2.412637894621912
0.8661835248353451,0.4203174191427874,0.3320382961022339,2.3789293650833776,2.415884461061199,2.4303466236053666,2.411404519621913
0.8662520608519568,0.420282262267787,0.3320382961022339,2.3788352088333835,2.415790923561195,2.4304395111053636,2.411594269621913
0.8661989702269557,0.42028998496359227,0.3320382961022339,2.3789293650833776,2.4142007860611248,2.4283030986054284,2.409507019621915
0.8661835248353451,0.4202196712135913,0.3320382961022339,2.3790235213333717,2.417100448561252,2.4310897236053437,2.412543019621912
0.866130434210344,0.420282262267787,0.3320301118487262,2.3789293650833776,2.415977998561203,2.4304395111053636,2.411214769621913
0.8661835248353451,0.4203174191427874,0.3320382961022339,2.3787410525833894,2.416352148561219,2.4305323986053606,2.4118788946219127
0.8660696208895375,0.420282262267787,0.3320382961022339,2.3789293650833776,2.415790923561195,2.430067961105375,2.4113096446219133
0.8660165302645364,0.4203174191427874,0.3320382961022339,2.3788352088333835,2.416352148561219,2.4304395111053636,2.411404519621913
0.8661227115145387,0.42024710539278654,0.3320464803557416,2.3785527400834012,2.416258611061215,2.4303466236053666,2.411404519621913
0.8661835248353451,0.42035257601778786,0.3320301118487262,2.3789293650833776,2.416071536061207,2.430253736105369,2.411404519621913
0.8662819833895421,0.420282262267787,0.3320301118487262,2.3788352088333835,2.416352148561219,2.4303466236053666,2.411499394621913
0.8662366154603462,0.42024710539278654,0.3320342039754801,2.3790235213333717,2.4156973860611908,2.4299750736053776,2.411214769621913
0.8660927889769534,0.420282262267787,0.3320423882289878,2.3789293650833776,2.4164456860612233,2.431182611105341,2.4122583946219125
0.8661381569061493,0.4203251418385927,0.3320382961022339,2.3789293650833776,2.4151361610611657,2.4293248611053975,2.410455769621914
0.866130434210344,0.4202196712135913,0.3320382961022339,2.3790235213333717,2.415884461061199,2.430067961105375,2.411594269621913
0.8660618981937322,0.42029770765939756,0.3320382961022339,2.3787410525833894,2.4161650735612112,2.430625286105358,2.411404519621913
0.8661680794437345,0.420332864534398,0.3320260197219724,2.3787410525833894,2.416258611061215,2.430067961105375,2.411594269621913
0.8660165302645364,0.42029770765939756,0.3320423882289878,2.3787410525833894,2.415790923561195,2.4303466236053666,2.4113096446219133
0.8660773435853428,0.420332864534398,0.3320464803557416,2.3790235213333717,2.416071536061207,2.430625286105358,2.411404519621913
0.8662443381561515,0.42029770765939756,0.3320301118487262,2.3788352088333835,2.4156973860611908,2.430067961105375,2.4113096446219133
0.8659866077269511,0.42028998496359227,0.3320464803557416,2.3787410525833894,2.416258611061215,2.4304395111053636,2.411404519621913
0.8662366154603462,0.42036029871359315,0.3320301118487262,2.3787410525833894,2.416071536061207,2.4304395111053636,2.411404519621913
0.8661835248353451,0.4202625507843971,0.3320260197219724,2.3789293650833776,2.415884461061199,2.4298821861053805,2.4110250196219134
0.8662366154603462,0.42029770765939756,0.3320423882289878,2.3788352088333835,2.415977998561203,2.4303466236053666,2.411499394621913
0.8660696208895375,0.42029770765939756,0.3320382961022339,2.3787410525833894,2.4165392235612275,2.4307181736053556,2.4119737696219126
0.8660773435853428,0.42028998496359227,0.3320423882289878,2.3790235213333717,2.416071536061207,2.430253736105369,2.411404519621913
0.8660773435853428,0.4203251418385927,0.3320382961022339,2.3787410525833894,2.415884461061199,2.430067961105375,2.411404519621913
0.8662366154603462,0.42028998496359227,0.3320423882289878,2.3787410525833894,2.416071536061207,2.4304395111053636,2.411404519621913
0.866031975656147,0.42029770765939756,0.3320382961022339,2.3787410525833894,2.415790923561195,2.430067961105375,2.4110250196219134
0.8661912475311504,0.42036802140939844,0.3320423882289878,2.37921183383336,2.4151361610611657,2.4293248611053975,2.410360894621914
0.8660773435853428,0.4202625507843971,0.3320382961022339,2.3787410525833894,2.4161650735612112,2.430625286105358,2.411784019621913
0.8660242529603417,0.4203251418385927,0.3320382961022339,2.3789293650833776,2.415884461061199,2.430160848605372,2.4113096446219133
0.8660696208895375,0.42028998496359227,0.33204927618867486,2.3790235213333717,2.416258611061215,2.4305323986053606,2.411594269621913
0.8660773435853428,0.42028998496359227,0.3320247234281518,2.3789293650833776,2.4170069110612484,2.430996836105347,2.4122583946219125
0.866130434210344,0.4203251418385927,0.3320329076816595,2.3789293650833776,2.416071536061207,2.4303466236053666,2.4113096446219133
0.8662897060853474,0.420332864534398,0.3320369998084134,2.3789293650833776,2.415977998561203,2.4304395111053636,2.411499394621913
0.8661835248353451,0.4202548280885918,0.3320369998084134,2.379117677583366,2.416071536061207,2.4304395111053636,2.411214769621913
0.8661912475311504,0.4203251418385927,0.3320369998084134,2.3787410525833894,2.416071536061207,2.4303466236053666,2.411404519621913
0.8661912475311504,0.4203251418385927,0.3320410919351672,2.3787410525833894,2.416071536061207,2.430160848605372,2.4111198946219132
0.8660773435853428,0.4202196712135913,0.3320410919351672,2.3787410525833894,2.415884461061199,2.430625286105358,2.411594269621913
0.8661227115145387,0.4202548280885918,0.3320369998084134,2.3789293650833776,2.415884461061199,2.430160848605372,2.411594269621913
0.8661758021395398,0.42028998496359227,0.3320369998084134,2.3787410525833894,2.416071536061207,2.4303466236053666,2.411404519621913
0.8660242529603417,0.42028998496359227,0.3320369998084134,2.3787410525833894,2.416071536061207,2.430253736105369,2.4113096446219133
0.866130434210344,0.4203251418385927,0.3320369998084134,2.3787410525833894,2.4156973860611908,2.430067961105375,2.4110250196219134
0.8662897060853474,0.4203251418385927,0.3320369998084134,2.3789293650833776,2.416071536061207,2.4305323986053606,2.411404519621913
0.8661381569061493,0.4202548280885918,0.3320410919351672,2.3787410525833894,2.415884461061199,2.430160848605372,2.4111198946219132
0.8660850662811481,0.42028998496359227,0.3320410919351672,2.3787410525833894,2.4155103110611824,2.429696411105386,2.4109301446219136
0.8661835248353451,0.42018451433859083,0.3320410919351672,2.3789293650833776,2.416071536061207,2.4305323986053606,2.4113096446219133
0.8661758021395398,0.4202548280885918,0.3320410919351672,2.3785527400834012,2.416258611061215,2.4303466236053666,2.411404519621913
0.8661227115145387,0.42036029871359315,0.3320369998084134,2.3790235213333717,2.416352148561219,2.4307181736053556,2.4118788946219127
0.8661835248353451,0.42036029871359315,0.3320451840619211,2.3787410525833894,2.416071536061207,2.430253736105369,2.4113096446219133
0.8660242529603417,0.42028998496359227,0.3320410919351672,2.3786468963333953,2.4161650735612112,2.430625286105358,2.411499394621913
0.8660242529603417,0.42028998496359227,0.3320451840619211,2.3790235213333717,2.4156038485611866,2.4298821861053805,2.4113096446219133
0.8661912475311504,0.4202548280885918,0.3320451840619211,2.3789293650833776,2.415790923561195,2.430253736105369,2.411214769621913
0.8661912475311504,0.42028998496359227,0.3320369998084134,2.3789293650833776,2.416726298561236,2.430811061105352,2.4120686446219124
0.8661381569061493,0.42028998496359227,0.3320369998084134,2.3787410525833894,2.4161650735612112,2.430067961105375,2.411404519621913
0.8661912475311504,0.42028998496359227,0.3320410919351672,2.3790235213333717,2.416071536061207,2.4304395111053636,2.411404519621913
0.8661912475311504,0.42030543035520285,0.3320369998084134,2.3789293650833776,2.415790923561195,2.430067961105375,2.411404519621913
0.8661912475311504,0.42030543035520285,0.3320369998084134,2.3788352088333835,2.4161650735612112,2.430067961105375,2.411404519621913
0.8660242529603417,0.42023511660520185,0.3320451840619211,2.3787410525833894,2.415977998561203,2.4304395111053636,2.411404519621913
0.866130434210344,0.42030543035520285,0.3320329076816595,2.3786468963333953,2.4161650735612112,2.4303466236053666,2.411404519621913
0.866130434210344,0.42030543035520285,0.3320451840619211,2.3787410525833894,2.4161650735612112,2.4305323986053606,2.411594269621913
0.8660850662811481,0.42023511660520185,0.3320410919351672,2.3789293650833776,2.415884461061199,2.4303466236053666,2.411499394621913
0.8661381569061493,0.4202702734802024,0.3320369998084134,2.3790235213333717,2.4165392235612275,2.430811061105352,2.4122583946219125
0.8660850662811481,0.42023511660520185,0.3320410919351672,2.3787410525833894,2.416352148561219,2.4303466236053666,2.411594269621913
0.8662443381561515,0.42030543035520285,0.3320369998084134,2.379117677583366,2.4155103110611824,2.4298821861053805,2.4113096446219133
0.8661912475311504,0.4203405872302033,0.3320369998084134,2.3789293650833776,2.4149490860611578,2.429046198605406,2.4100762696219142
0.866130434210344,0.4202702734802024,0.3320369998084134,2.3787410525833894,2.416071536061207,2.4303466236053666,2.411404519621913
0.8661835248353451,0.42030543035520285,0.3320410919351672,2.3790235213333717,2.415884461061199,2.4299750736053776,2.411214769621913
0.8661835248353451,0.4203405872302033,0.3320410919351672,2.3787410525833894,2.415790923561195,2.430253736105369,2.4116891446219126
0.8661381569061493,0.42030543035520285,0.3320369998084134,2.379117677583366,2.415884461061199,2.430067961105375,2.411404519621913
0.8659788850311458,0.42030543035520285,0.3320369998084134,2.3789293650833776,2.415884461061199,2.4299750736053776,2.4113096446219133
0.8660850662811481,0.4203405872302033,0.3320369998084134,2.3788352088333835,2.416071536061207,2.4304395111053636,2.4113096446219133
0.8659788850311458,0.42023511660520185,0.3320451840619211,2.3789293650833776,2.4156973860611908,2.429603523605389,2.4113096446219133
0.8661912475311504,0.4203405872302033,0.3320451840619211,2.3789293650833776,2.416071536061207,2.430253736105369,2.4113096446219133
0.8659711623353405,0.4202702734802024,0.3320451840619211,2.3785527400834012,2.416258611061215,2.430625286105358,2.4116891446219126
0.8660773435853428,0.42030543035520285,0.3320410919351672,2.3786468963333953,2.415790923561195,2.4305323986053606,2.411594269621913
0.866130434210344,0.42030543035520285,0.3320329076816595,2.3788352088333835,2.416071536061207,2.4304395111053636,2.4113096446219133
0.866031975656147,0.4203405872302033,0.3320369998084134,2.3790235213333717,2.4161650735612112,2.430067961105375,2.4113096446219133
0.8661381569061493,0.42030543035520285,0.3320369998084134,2.3788352088333835,2.4161650735612112,2.4303466236053666,2.411404519621913
0.8662443381561515,0.4202625507843971,0.3320410919351672,2.3789293650833776,2.416071536061207,2.4305323986053606,2.411499394621913
0.8659788850311458,0.4202625507843971,0.3320451840619211,2.3785527400834012,2.4161650735612112,2.4303466236053666,2.411594269621913
0.8661381569061493,0.420332864534398,0.3320369998084134,2.3789293650833776,2.415977998561203,2.4304395111053636,2.411404519621913
0.8661835248353451,0.420332864534398,0.3320369998084134,2.379117677583366,2.4156973860611908,2.4303466236053666,2.4113096446219133
0.866130434210344,0.420332864534398,0.33202881555490565,2.3788352088333835,2.4169133735612442,2.4313683861053357,2.4123532696219123
0.8659711623353405,0.4202625507843971,0.3320451840619211,2.3789293650833776,2.415884461061199,2.430160848605372,2.411214769621913
0.8660850662811481,0.4202625507843971,0.3320247234281518,2.3789293650833776,2.415884461061199,2.4303466236053666,2.411404519621913
0.8661912475311504,0.42036802140939844,0.3320369998084134,2.379117677583366,2.415884461061199,2.4299750736053776,2.4111198946219132
0.8661912475311504,0.42029770765939756,0.3320451840619211,2.3788352088333835,2.416258611061215,2.430253736105369,2.411499394621913
0.8662443381561515,0.420332864534398,0.3320369998084134,2.3790235213333717,2.4156038485611866,2.4299750736053776,2.4110250196219134
0.8661381569061493,0.4202625507843971,0.3320410919351672,2.3789293650833776,2.416258611061215,2.4303466236053666,2.4113096446219133
0.8661912475311504,0.420332864534398,0.3320410919351672,2.3789293650833776,2.4165392235612275,2.4309039486053496,2.4121635196219122
0.8659711623353405,0.42029770765939756,0.3320451840619211,2.3787410525833894,2.416258611061215,2.430253736105369,2.411594269621913
0.8662366154603462,0.420332864534398,0.3320410919351672,2.3788352088333835,2.415790923561195,2.430067961105375,2.4113096446219133
0.8661835248353451,0.42036802140939844,0.3320247234281518,2.3790235213333717,2.416071536061207,2.4304395111053636,2.411214769621913
0.8661835248353451,0.4202625507843971,0.3320410919351672,2.3789293650833776,2.415884461061199,2.4304395111053636,2.411404519621913
0.8662443381561515,0.420332864534398,0.3320410919351672,2.379117677583366,2.4173810610612643,2.4317399361053242,2.412827644621912
0.866031975656147,0.42029770765939756,0.3320410919351672,2.379117677583366,2.415884461061199,2.430067961105375,2.411404519621913
0.8661912475311504,0.42029770765939756,0.3320369998084134,2.3788352088333835,2.416258611061215,2.430253736105369,2.411404519621913
0.8660850662811481,0.420332864534398,0.3320329076816595,2.3790235213333717,2.41840997356131,2.432483036105302,2.413871269621911
0.8660850662811481,0.42036802140939844,0.3320329076816595,2.37921183383336,2.416258611061215,2.4304395111053636,2.4111198946219132
0.8660773435853428,0.42022739390939656,0.3320369998084134,2.3787410525833894,2.415977998561203,2.4304395111053636,2.411594269621913
0.866130434210344,0.420332864534398,0.3320410919351672,2.3790235213333717,2.4145749360611415,2.428953311105409,2.410266019621914
0.8660242529603417,0.420332864534398,0.3320451840619211,2.3789293650833776,2.4166327610612317,2.430811061105352,2.4122583946219125
0.8660850662811481,0.420332864534398,0.3320451840619211,2.3790235213333717,2.416071536061207,2.430253736105369,2.411214769621913
0.8662974287811527,0.42036802140939844,0.3320369998084134,2.3789293650833776,2.415977998561203,2.4303466236053666,2.411404519621913
0.8661381569061493,0.420332864534398,0.3320410919351672,2.3787410525833894,2.416071536061207,2.4303466236053666,2.4113096446219133
0.8659788850311458,0.420332864534398,0.3320451840619211,2.3789293650833776,2.416071536061207,2.4304395111053636,2.411404519621913
0.8661835248353451,0.4204031782843989,0.3320247234281518,2.3790235213333717,2.4156038485611866,2.430253736105369,2.4110250196219134
0.8662366154603462,0.4204031782843989,0.3320369998084134,2.37921183383336,2.4155103110611824,2.4299750736053776,2.4110250196219134
0.866130434210344,0.42036802140939844,0.3320369998084134,2.3786468963333953,2.416071536061207,2.4303466236053666,2.411404519621913
0.866130434210344,0.42022739390939656,0.3320451840619211,2.3787410525833894,2.415884461061199,2.4303466236053666,2.4116891446219126
0.8661912475311504,0.42029770765939756,0.3320410919351672,2.3787410525833894,2.4161650735612112,2.4304395111053636,2.411594269621913
0.8661912475311504,0.4204031782843989,0.3320451840619211,2.3787410525833894,2.4165392235612275,2.4303466236053666,2.411404519621913
0.8662443381561515,0.42022739390939656,0.3320369998084134,2.3788352088333835,2.416071536061207,2.430253736105369,2.4113096446219133
0.8660850662811481,0.42029770765939756,0.3320410919351672,2.3789293650833776,2.414387861061133,2.4286746486054174,2.409696769621915
0.8660850662811481,0.42022739390939656,0.3320369998084134,2.3789293650833776,2.415977998561203,2.4304395111053636,2.411404519621913
0.866130434210344,0.4202625507843971,0.3320369998084134,2.3787410525833894,2.4166327610612317,2.4310897236053437,2.4121635196219122
0.8660773435853428,0.42029770765939756,0.3320451840619211,2.3790235213333717,2.416258611061215,2.430253736105369,2.411594269621913
0.866130434210344,0.42022739390939656,0.3320369998084134,2.3789293650833776,2.415884461061199,2.4303466236053666,2.411404519621913
0.8661912475311504,0.42029770765939756,0.3320247234281518,2.3789293650833776,2.416071536061207,2.430160848605372,2.411404519621913
0.8660850662811481,0.42030543035520285,0.3320369998084134,2.3790235213333717,2.415884461061199,2.4303466236053666,2.4116891446219126
0.8662443381561515,0.420383466801009,0.3320410919351672,2.3790235213333717,2.415884461061199,2.430253736105369,2.4113096446219133
0.8660850662811481,0.42031315305100814,0.3320410919351672,2.3789293650833776,2.4174745985612685,2.4319257111053187,2.412827644621912
0.8660850662811481,0.42024283930100714,0.3320410919351672,2.379117677583366,2.416258611061215,2.430067961105375,2.411214769621913
0.8660773435853428,0.42024283930100714,0.33204927618867486,2.3787410525833894,2.415884461061199,2.430253736105369,2.411214769621913
0.8659711623353405,0.42031315305100814,0.3320451840619211,2.3788352088333835,2.415884461061199,2.430253736105369,2.411499394621913
0.866130434210344,0.4202779961760077,0.3320410919351672,2.3790235213333717,2.416071536061207,2.430253736105369,2.4116891446219126
0.8660850662811481,0.4203483099260086,0.3320451840619211,2.3790235213333717,2.415884461061199,2.430253736105369,2.411499394621913
0.8661912475311504,0.4203483099260086,0.3320369998084134,2.3790235213333717,2.415884461061199,2.430160848605372,2.411594269621913
0.866031975656147,0.4202779961760077,0.3320410919351672,2.3789293650833776,2.4156973860611908,2.430067961105375,2.4111198946219132
0.8661912475311504,0.42024283930100714,0.3320410919351672,2.3788352088333835,2.415884461061199,2.4304395111053636,2.411404519621913
0.8660850662811481,0.42031315305100814,0.3320410919351672,2.3788352088333835,2.416258611061215,2.430067961105375,2.411404519621913
0.8661835248353451,0.4202779961760077,0.3320451840619211,2.379117677583366,2.415977998561203,2.430253736105369,2.411404519621913
0.8660773435853428,0.42031315305100814,0.33204927618867486,2.3787410525833894,2.415977998561203,2.430253736105369,2.411404519621913
0.8662366154603462,0.42031315305100814,0.3320451840619211,2.3788352088333835,2.4161650735612112,2.430067961105375,2.411214769621913
0.8662366154603462,0.42031315305100814,0.3320410919351672,2.3789293650833776,2.4161650735612112,2.4303466236053666,2.411404519621913
0.8661912475311504,0.42030543035520285,0.3320369998084134,2.3788352088333835,2.416352148561219,2.430253736105369,2.411594269621913
0.8661912475311504,0.4203405872302033,0.3320410919351672,2.3789293650833776,2.415884461061199,2.430253736105369,2.4110250196219134
0.8661381569061493,0.42030543035520285,0.3320369998084134,2.3789293650833776,2.4169133735612442,2.431182611105341,2.4121635196219122
0.8661381569061493,0.42030543035520285,0.33204927618867486,2.3790235213333717,2.416258611061215,2.4305323986053606,2.411404519621913
0.8661835248353451,0.4203405872302033,0.3320410919351672,2.3790235213333717,2.4170069110612484,2.430996836105347,2.4123532696219123
0.8659711623353405,0.42030543035520285,0.3320369998084134,2.3789293650833776,2.416071536061207,2.4303466236053666,2.4113096446219133
0.8660773435853428,0.4202702734802024,0.3320369998084134,2.3787410525833894,2.416352148561219,2.4305323986053606,2.411404519621913
0.8659711623353405,0.4202702734802024,0.3320451840619211,2.3789293650833776,2.416071536061207,2.4304395111053636,2.4113096446219133
0.8661912475311504,0.42030543035520285,0.3320410919351672,2.3787410525833894,2.415977998561203,2.4303466236053666,2.411499394621913
0.8661912475311504,0.4203405872302033,0.3320410919351672,2.3790235213333717,2.416258611061215,2.4303466236053666,2.411404519621913
0.8660850662811481,0.4202702734802024,0.33204927618867486,2.3788352088333835,2.416071536061207,2.430067961105375,2.411404519621913
0.8661912475311504,0.4203405872302033,0.3320451840619211,2.379117677583366,2.415884461061199,2.4305323986053606,2.411404519621913
0.8662366154603462,0.4203405872302033,0.3320369998084134,2.379117677583366,2.4156973860611908,2.430067961105375,2.4113096446219133
0.8660773435853428,0.4203405872302033,0.3320410919351672,2.3787410525833894,2.415977998561203,2.4303466236053666,2.411404519621913
0.8660773435853428,0.4202702734802024,0.3320369998084134,2.3789293650833776,2.416352148561219,2.4304395111053636,2.411214769621913
0.866130434210344,0.42030543035520285,0.3320369998084134,2.379117677583366,2.4164456860612233,2.430625286105358,2.4120686446219124
0.8661835248353451,0.42030543035520285,0.3320369998084134,2.3789293650833776,2.416352148561219,2.4304395111053636,2.411499394621913
0.8661381569061493,0.4203405872302033,0.3320410919351672,2.3788352088333835,2.4161650735612112,2.430160848605372,2.411499394621913
0.8660850662811481,0.42030543035520285,0.3320451840619211,2.3787410525833894,2.416352148561219,2.4304395111053636,2.4119737696219126
0.8661835248353451,0.42037574410520373,0.3320329076816595,2.3790235213333717,2.415884461061199,2.430067961105375,2.411404519621913
0.8661835248353451,0.42030543035520285,0.3320410919351672,2.3789293650833776,2.415884461061199,2.430067961105375,2.411404519621913
0.866130434210344,0.42030543035520285,0.3320369998084134,2.3790235213333717,2.416071536061207,2.4303466236053666,2.411784019621913
0.8660773435853428,0.42023511660520185,0.33205336831542875,2.3789293650833776,2.416071536061207,2.4303466236053666,2.411499394621913
0.8661835248353451,0.42037574410520373,0.3320410919351672,2.3787410525833894,2.4161650735612112,2.430253736105369,2.411499394621913
0.8661835248353451,0.4202702734802024,0.3320451840619211,2.3788352088333835,2.4155103110611824,2.4298821861053805,2.4109301446219136
0.866130434210344,0.4203405872302033,0.3320451840619211,2.3790235213333717,2.416258611061215,2.4304395111053636,2.411404519621913
0.8660773435853428,0.4203405872302033,0.3320369998084134,2.3787410525833894,2.416726298561236,2.4309039486053496,2.4121635196219122
0.8662366154603462,0.42030543035520285,0.3320410919351672,2.3789293650833776,2.415884461061199,2.430253736105369,2.411404519621913
0.8660773435853428,0.4203405872302033,0.33202881555490565,2.379117677583366,2.4142007860611248,2.430067961105375,2.411404519621913
0.8662366154603462,0.42037574410520373,0.3320410919351672,2.3789293650833776,2.4156973860611908,2.4303466236053666,2.411499394621913
0.866130434210344,0.4203405872302033,0.3320410919351672,2.37921183383336,2.415884461061199,2.429696411105386,2.4113096446219133
0.8662366154603462,0.42030543035520285,0.332020631301398,2.379117677583366,2.415884461061199,2.430253736105369,2.4113096446219133
0.8660773435853428,0.42023511660520185,0.3320451840619211,2.3789293650833776,2.4156973860611908,2.430253736105369,2.4111198946219132
0.8661835248353451,0.42030543035520285,0.3320410919351672,2.3790235213333717,2.416071536061207,2.4305323986053606,2.4116891446219126
0.8661835248353451,0.42037574410520373,0.3320410919351672,2.3790235213333717,2.416071536061207,2.4304395111053636,2.411594269621913
0.866130434210344,0.42030543035520285,0.3320410919351672,2.3790235213333717,2.4161650735612112,2.430160848605372,2.411404519621913
0.8660773435853428,0.42023511660520185,0.3320369998084134,2.3789293650833776,2.4161650735612112,2.430067961105375,2.411499394621913
0.866130434210344,0.4203405872302033,0.3320410919351672,2.3788352088333835,2.415790923561195,2.430253736105369,2.411594269621913
0.866130434210344,0.4203405872302033,0.33204927618867486,2.379117677583366,2.416071536061207,2.4303466236053666,2.411214769621913
0.8661835248353451,0.42030543035520285,0.3320451840619211,2.3786468963333953,2.415790923561195,2.4299750736053776,2.4109301446219136
0.8661835248353451,0.42037574410520373,0.3320410919351672,2.3789293650833776,2.415977998561203,2.4303466236053666,2.411499394621913
0.8661835248353451,0.42037574410520373,0.3320369998084134,2.3790235213333717,2.415884461061199,2.430067961105375,2.411594269621913
0.866130434210344,0.42030543035520285,0.3320451840619211,2.3789293650833776,2.4173810610612643,2.431647048605327,2.412732769621912
0.8660773435853428,0.4202702734802024,0.3320451840619211,2.3788352088333835,2.415790923561195,2.4304395111053636,2.4113096446219133
0.866130434210344,0.4203405872302033,0.3320410919351672,2.3789293650833776,2.416071536061207,2.430067961105375,2.4116891446219126
0.8662897060853474,0.4203405872302033,0.3320369998084134,2.3789293650833776,2.415884461061199,2.430253736105369,2.4113096446219133
0.8661835248353451,0.4202779961760077,0.3320451840619211,2.3790235213333717,2.4170069110612484,2.431182611105341,2.412448144621912
0.8660773435853428,0.4203911894968143,0.3320410919351672,2.3790235213333717,2.415884461061199,2.430253736105369,2.411404519621913
0.8662366154603462,0.42035603262181387,0.3320410919351672,2.3787410525833894,2.416071536061207,2.430253736105369,2.411404519621913
0.8660773435853428,0.420215405121812,0.33204927618867486,2.3789293650833776,2.415977998561203,2.430160848605372,2.4116891446219126
0.8660773435853428,0.4203208757468134,0.3320410919351672,2.3788352088333835,2.4161650735612112,2.4303466236053666,2.411594269621913
0.866130434210344,0.42025056199681243,0.3320451840619211,2.3790235213333717,2.4161650735612112,2.4303466236053666,2.4116891446219126
0.8662366154603462,0.42025056199681243,0.3320369998084134,2.3787410525833894,2.4161650735612112,2.4304395111053636,2.411404519621913
0.8660773435853428,0.4203208757468134,0.3320369998084134,2.3788352088333835,2.415884461061199,2.4303466236053666,2.411404519621913
0.866130434210344,0.42035603262181387,0.3320451840619211,2.3789293650833776,2.416352148561219,2.4303466236053666,2.4116891446219126
0.8661835248353451,0.4203911894968143,0.3320369998084134,2.379117677583366,2.4161650735612112,2.430253736105369,2.411499394621913
0.866130434210344,0.420285718871813,0.3320451840619211,2.3789293650833776,2.416071536061207,2.4303466236053666,2.411594269621913
0.8660773435853428,0.42035603262181387,0.3320410919351672,2.3790235213333717,2.416071536061207,2.4304395111053636,2.411404519621913
0.8660773435853428,0.4203208757468134,0.3320369998084134,2.3790235213333717,2.416071536061207,2.4304395111053636,2.411594269621913
0.8661835248353451,0.42035603262181387,0.3320451840619211,2.3789293650833776,2.415884461061199,2.4298821861053805,2.411404519621913
0.8660242529603417,0.4203208757468134,0.3320451840619211,2.3790235213333717,2.415884461061199,2.430253736105369,2.411214769621913
0.8662366154603462,0.4203911894968143,0.3320369998084134,2.379117677583366,2.415977998561203,2.430253736105369,2.411594269621913
0.8661835248353451,0.4203208757468134,0.3320410919351672,2.3789293650833776,2.4148555485611536,2.429510636105392,2.410455769621914
0.8661835248353451,0.4203208757468134,0.3320410919351672,2.3787410525833894,2.416258611061215,2.4304395111053636,2.411499394621913
0.8659711623353405,0.42035603262181387,0.3320410919351672,2.3790235213333717,2.415884461061199,2.430067961105375,2.4113096446219133
0.8661835248353451,0.42035603262181387,0.3320369998084134,2.3790235213333717,2.4145749360611415,2.428953311105409,2.4099813946219144
0.866130434210344,0.4203208757468134,0.3320451840619211,2.3789293650833776,2.415884461061199,2.430253736105369,2.411404519621913
0.8660773435853428,0.420285718871813,0.3320410919351672,2.3789293650833776,2.415977998561203,2.430067961105375,2.4111198946219132
0.8660773435853428,0.4203911894968143,0.3320382961022339,2.3790235213333717,2.415884461061199,2.4305323986053606,2.411404519621913
0.8661835248353451,0.420285718871813,0.3320355002693006,2.3789293650833776,2.4161650735612112,2.4303466236053666,2.411499394621913
0.8662366154603462,0.4203208757468134,0.3320355002693006,2.3787410525833894,2.415977998561203,2.4303466236053666,2.411594269621913
0.8660773435853428,0.4203208757468134,0.3320436845228083,2.3789293650833776,2.4173810610612643,2.4314612736053327,2.412827644621912
0.8661835248353451,0.420285718871813,0.3320436845228083,2.379117677583366,2.416071536061207,2.4304395111053636,2.411404519621913
0.8660773435853428,0.420383466801009,0.3320395923960545,2.3789293650833776,2.415790923561195,2.430253736105369,2.411404519621913
0.866130434210344,0.4202779961760077,0.3320600530298237,2.3787410525833894,2.415884461061199,2.430253736105369,2.411404519621913
0.866130434210344,0.42031315305100814,0.3320436845228083,2.3788352088333835,2.4148555485611536,2.4293248611053975,2.410550644621914
0.8662366154603462,0.4203483099260086,0.3320436845228083,2.3790235213333717,2.4165392235612275,2.4307181736053556,2.4119737696219126
0.8661835248353451,0.42031315305100814,0.3320395923960545,2.3790235213333717,2.4147620110611494,2.4288604236054114,2.4100762696219142
0.8660773435853428,0.42031315305100814,0.3320436845228083,2.3789293650833776,2.4165392235612275,2.4305323986053606,2.4120686446219124
0.866130434210344,0.4202779961760077,0.3320477766495622,2.3790235213333717,2.415884461061199,2.4303466236053666,2.411594269621913
0.8661835248353451,0.420383466801009,0.3320477766495622,2.3789293650833776,2.4171939860612563,2.4313683861053357,2.412732769621912
0.8661835248353451,0.4203483099260086,0.3320477766495622,2.3789293650833776,2.4156973860611908,2.430253736105369,2.411214769621913
0.8661835248353451,0.420383466801009,0.3320355002693006,2.3790235213333717,2.416071536061207,2.4307181736053556,2.4116891446219126
0.8661835248353451,0.4202779961760077,0.332051868776316,2.3790235213333717,2.416071536061207,2.430253736105369,2.411404519621913
0.8662366154603462,0.420383466801009,0.3320477766495622,2.3789293650833776,2.415790923561195,2.4305323986053606,2.411784019621913
0.8660773435853428,0.42031315305100814,0.3320477766495622,2.3789293650833776,2.415977998561203,2.4298821861053805,2.4113096446219133
0.8660242529603417,0.42031315305100814,0.3320436845228083,2.3787410525833894,2.415884461061199,2.430067961105375,2.4113096446219133
0.8660773435853428,0.4203483099260086,0.3320395923960545,2.3789293650833776,2.416071536061207,2.4303466236053666,2.411594269621913
0.8660773435853428,0.4202779961760077,0.3320395923960545,2.3786468963333953,2.4161650735612112,2.430253736105369,2.411214769621913
0.8660773435853428,0.420383466801009,0.3320477766495622,2.3790235213333717,2.416071536061207,2.4303466236053666,2.411404519621913
0.8661835248353451,0.4202779961760077,0.3320477766495622,2.379117677583366,2.416071536061207,2.430160848605372,2.411499394621913
0.8662366154603462,0.4203483099260086,0.3320436845228083,2.3790235213333717,2.4165392235612275,2.430625286105358,2.4120686446219124
0.8660773435853428,0.4202779961760077,0.3320477766495622,2.3787410525833894,2.4165392235612275,2.4309039486053496,2.4118788946219127
0.8660773435853428,0.42031315305100814,0.3320477766495622,2.3790235213333717,2.416071536061207,2.4304395111053636,2.4116891446219126
0.8661835248353451,0.42031315305100814,0.3320477766495622,2.3789293650833776,2.415977998561203,2.4304395111053636,2.411404519621913
0.866130434210344,0.4202779961760077,0.3320436845228083,2.3790235213333717,2.415977998561203,2.430625286105358,2.4113096446219133
0.8662366154603462,0.4203483099260086,0.3320436845228083,2.3789293650833776,2.415884461061199,2.430253736105369,2.411404519621913
0.8662366154603462,0.420383466801009,0.3320395923960545,2.379117677583366,2.416258611061215,2.4305323986053606,2.4118788946219127
0.8660773435853428,0.42031315305100814,0.3320395923960545,2.3790235213333717,2.416071536061207,2.430067961105375,2.4116891446219126
0.866130434210344,0.420383466801009,0.3320395923960545,2.3788352088333835,2.415790923561195,2.430067961105375,2.4113096446219133
0.8660773435853428,0.4202779961760077,0.332051868776316,2.3787410525833894,2.416071536061207,2.4303466236053666,2.411499394621913
0.8660773435853428,0.42041862367600946,0.3320395923960545,2.3788352088333835,2.416071536061207,2.4304395111053636,2.411404519621913
0.8660773435853428,0.420383466801009,0.3320395923960545,2.3789293650833776,2.4155103110611824,2.4299750736053776,2.4111198946219132
0.8661835248353451,0.42041862367600946,0.3320395923960545,2.379117677583366,2.415977998561203,2.430067961105375,2.4111198946219132
0.8661835248353451,0.4202779961760077,0.3320436845228083,2.3789293650833776,2.4155103110611824,2.4297892986053835,2.4110250196219134
0.8660773435853428,0.4202779961760077,0.3320477766495622,2.3787410525833894,2.4161650735612112,2.430253736105369,2.411594269621913
1.0767920357623053,0.525131135550269,0.35537931718358,2.9746363214542697,3.0053777135181656,3.0193844635406215,3.004135397065751
1.076807481153916,0.5251662924252696,0.35539159356384153,2.974730477704264,3.00547125101817,3.01910580104063,3.0037558970657514
1.0765951186539113,0.5250608218002681,0.35537931718358,2.9746363214542697,3.005658326018178,3.019198688540627,3.0038507720657517
1.0767389451373042,0.525131135550269,0.35538340931033385,2.9744480089542815,3.005564788518174,3.019198688540627,3.003945647065751
1.0767312224414989,0.5250882559794634,0.35538340931033385,2.974918790204252,3.0051906385181577,3.0193844635406215,3.0036610220657516
1.0767234997456936,0.5250882559794634,0.35537931718358,2.9745421652042756,3.0050035635181493,3.0188271385406384,3.0035661470657518
1.076882771620697,0.5251585697294643,0.35538340931033385,2.9745421652042756,3.005658326018178,3.019291576040624,3.0036610220657516
1.0767843130665,0.5251234128544637,0.35537931718358,2.9744480089542815,3.0059389385181907,3.0195702385406156,3.0044200220657507
1.0767466678331095,0.5251234128544637,0.35537113293007233,2.9744480089542815,3.00547125101817,3.019198688540627,3.0038507720657517
1.076860571778917,0.5250530991044629,0.35538340931033385,2.9745421652042756,3.005658326018178,3.0194773510406185,3.003945647065751
1.0767466678331095,0.5250882559794634,0.35538750143708775,2.9745421652042756,3.00547125101817,3.01910580104063,3.0038507720657517
1.0768451263873065,0.5251234128544637,0.35537931718358,2.9746363214542697,3.0051906385181577,3.01910580104063,3.0037558970657514
1.0767389451373042,0.5251937266044648,0.35538340931033385,2.974824633954258,3.0051906385181577,3.019198688540627,3.0037558970657514
1.0767843130665,0.5251937266044648,0.35537522505682617,2.974824633954258,3.0049100260181456,3.0188271385406384,3.003376397065752
1.0767843130665,0.5250959786752687,0.35537931718358,2.9744480089542815,3.0051906385181577,3.0193844635406215,3.0036610220657516
1.0766781318164977,0.5250959786752687,0.35537931718358,2.9746363214542697,3.0059389385181907,3.0201275635405986,3.0043251470657513
1.0766781318164977,0.5251388582460743,0.35537522505682617,2.9744480089542815,3.0051906385181577,3.019291576040624,3.0037558970657514
1.0768982170123076,0.5251740151210749,0.35537931718358,2.974730477704264,3.0053777135181656,3.0193844635406215,3.0037558970657514
1.0767389451373042,0.5252091719960754,0.35536294867656465,2.974730477704264,3.005564788518174,3.019291576040624,3.003945647065751
1.0767389451373042,0.525103701371074,0.35537931718358,2.9746363214542697,3.0058454010181865,3.0199417885406046,3.0044200220657507
1.0767466678331095,0.5251662924252696,0.35537931718358,2.9745421652042756,3.0053777135181656,3.019291576040624,3.0038507720657517
1.076632763887302,0.5251662924252696,0.35538340931033385,2.9744480089542815,3.0038811135181,3.017805376040669,3.0025225220657523
1.076685854512303,0.5250959786752687,0.35538340931033385,2.9744480089542815,3.0053777135181656,3.019198688540627,3.0038507720657517
1.0767389451373042,0.5252091719960754,0.3553670408033185,2.9746363214542697,3.0053777135181656,3.01975601354061,3.0043251470657513
1.0767843130665,0.5251740151210749,0.35537931718358,2.974730477704264,3.0050971010181535,3.01910580104063,3.0035661470657518
1.0767920357623053,0.5252091719960754,0.35537522505682617,2.9746363214542697,3.005658326018178,3.019198688540627,3.0038507720657517
1.0767012999039136,0.525131135550269,0.35537931718358,2.9744480089542815,3.0058454010181865,3.0194773510406185,3.004514897065751
1.0766482092789125,0.5250959786752687,0.35538750143708775,2.9746363214542697,3.0050035635181493,3.019198688540627,3.0038507720657517
1.0767466678331095,0.525131135550269,0.35537931718358,2.9745421652042756,3.005564788518174,3.019291576040624,3.004135397065751
1.0765796732623008,0.5250959786752687,0.35537522505682617,2.9745421652042756,3.0053777135181656,3.0194773510406185,3.003945647065751
1.076685854512303,0.5252014493002701,0.35538340931033385,2.9744480089542815,3.00547125101817,3.01910580104063,3.004135397065751
1.0766781318164977,0.5252014493002701,0.35538750143708775,2.9744480089542815,3.0050971010181535,3.019291576040624,3.003945647065751
1.076632763887302,0.525131135550269,0.35539159356384153,2.9745421652042756,3.0053777135181656,3.019291576040624,3.0040405220657513
1.0768528490831117,0.525131135550269,0.35539159356384153,2.9745421652042756,3.0050971010181535,3.0189200260406355,3.0036610220657516
1.0767543905289148,0.525131135550269,0.35538340931033385,2.9744480089542815,3.00547125101817,3.019291576040624,3.003945647065751
1.0766404865831072,0.5252014493002701,0.35538340931033385,2.9742596964542933,3.0051906385181577,3.019198688540627,3.0037558970657514
1.076685854512303,0.5250959786752687,0.35538750143708775,2.9746363214542697,3.0051906385181577,3.019198688540627,3.0037558970657514
1.076685854512303,0.5252014493002701,0.35538340931033385,2.9746363214542697,3.00547125101817,3.0194773510406185,3.0038507720657517
1.0767389451373042,0.5250959786752687,0.35539159356384153,2.9744480089542815,3.0048164885181414,3.018548476040647,3.003281522065752
1.0767843130665,0.525131135550269,0.35538750143708775,2.9743538527042874,3.0052841760181614,3.019291576040624,3.0038507720657517
1.076685854512303,0.5250608218002681,0.35537931718358,2.974918790204252,3.004535876018129,3.0179911510406634,3.0029020220657525
1.076685854512303,0.5252014493002701,0.35537522505682617,2.9746363214542697,3.0053777135181656,3.0193844635406215,3.0040405220657513
1.076632763887302,0.5251662924252696,0.35538340931033385,2.9746363214542697,3.00547125101817,3.0190129135406325,3.0040405220657513
1.0766404865831072,0.5251662924252696,0.35537931718358,2.9746363214542697,3.0053777135181656,3.019291576040624,3.0037558970657514
1.0767466678331095,0.525131135550269,0.35538340931033385,2.974730477704264,3.0044423385181247,3.0184555885406494,3.0029020220657525
1.0766935772081083,0.5250959786752687,0.35538340931033385,2.9746363214542697,3.00547125101817,3.019198688540627,3.0038507720657517
1.0767312224414989,0.525131135550269,0.35538340931033385,2.9746363214542697,3.00547125101817,3.0194773510406185,3.0037558970657514
1.0766250411914966,0.525103701371074,0.35537522505682617,2.9746363214542697,3.0051906385181577,3.0194773510406185,3.003945647065751
1.0767389451373042,0.5251817378168802,0.35538340931033385,2.9745421652042756,3.0051906385181577,3.0194773510406185,3.003945647065751
1.076632763887302,0.5251465809418796,0.35538340931033385,2.9744480089542815,3.0050035635181493,3.019198688540627,3.003945647065751
1.0768451263873065,0.5251114240668793,0.35539159356384153,2.9743538527042874,3.006313088518207,3.020220451040596,3.0048943970657502
1.0767389451373042,0.5251114240668793,0.35537931718358,2.9744480089542815,3.0052841760181614,3.019198688540627,3.004135397065751
1.0766935772081083,0.5251740151210749,0.35538340931033385,2.9745421652042756,3.0051906385181577,3.0194773510406185,3.0040405220657513
1.0767466678331095,0.5252443288710757,0.35537522505682617,2.9745421652042756,3.0052841760181614,3.019291576040624,3.0038507720657517
1.0766404865831072,0.5251388582460743,0.35537931718358,2.9746363214542697,3.0051906385181577,3.019291576040624,3.003945647065751
1.0767312224414989,0.525103701371074,0.35537522505682617,2.9746363214542697,3.0053777135181656,3.019198688540627,3.0038507720657517
1.0767312224414989,0.5251740151210749,0.35538340931033385,2.9746363214542697,3.0053777135181656,3.019663126040613,3.0038507720657517
1.0768451263873065,0.5251817378168802,0.35537931718358,2.9746363214542697,3.0042552635181163,3.0179911510406634,3.0025225220657523
1.0768451263873065,0.5252168946918807,0.35537931718358,2.9744480089542815,3.005658326018178,3.019663126040613,3.0040405220657513
1.0765796732623008,0.5252091719960754,0.35538750143708775,2.9745421652042756,3.005658326018178,3.01975601354061,3.0043251470657513
1.0767466678331095,0.5251388582460743,0.35538340931033385,2.9745421652042756,3.0051906385181577,3.0193844635406215,3.0038507720657517
1.0768528490831117,0.5251740151210749,0.35537522505682617,2.9746363214542697,3.004629413518133,3.0186413635406435,3.003186647065752
1.0768528490831117,0.5251740151210749,0.35538340931033385,2.9746363214542697,3.00547125101817,3.019291576040624,3.0040405220657513
1.0768528490831117,0.525103701371074,0.35539418615148266,2.9746363214542697,3.005564788518174,3.019198688540627,3.0038507720657517
1.0766935772081083,0.5252091719960754,0.35539418615148266,2.9745421652042756,3.005564788518174,3.01975601354061,3.004135397065751
1.0767389451373042,0.5252091719960754,0.35539418615148266,2.9744480089542815,3.0053777135181656,3.019198688540627,3.003945647065751
1.076685854512303,0.5251740151210749,0.3553900940247289,2.9745421652042756,3.005658326018178,3.019291576040624,3.0044200220657507
1.076632763887302,0.5251388582460743,0.355386001897975,2.9745421652042756,3.0053777135181656,3.0193844635406215,3.0038507720657517
1.076632763887302,0.5252091719960754,0.35539418615148266,2.9745421652042756,3.00547125101817,3.019198688540627,3.004135397065751
1.0766935772081083,0.5252091719960754,0.35539418615148266,2.9745421652042756,3.005658326018178,3.0193844635406215,3.0040405220657513
1.0767997584581106,0.5252091719960754,0.35539827827823656,2.9745421652042756,3.00547125101817,3.019291576040624,3.0037558970657514
1.0767466678331095,0.5252091719960754,0.355386001897975,2.9746363214542697,3.0050035635181493,3.018734251040641,3.003376397065752
1.0766935772081083,0.5251388582460743,0.35539418615148266,2.9743538527042874,3.0057518635181824,3.0193844635406215,3.003945647065751
1.0768451263873065,0.5252091719960754,0.3553778176444673,2.9745421652042756,3.0053777135181656,3.019198688540627,3.003945647065751
1.0767389451373042,0.5251740151210749,0.35538190977122114,2.9746363214542697,3.005658326018178,3.019291576040624,3.003945647065751
1.0767389451373042,0.525103701371074,0.35539418615148266,2.9745421652042756,3.0051906385181577,3.0193844635406215,3.0040405220657513
1.0766935772081083,0.5252091719960754,0.3553778176444673,2.9745421652042756,3.0052841760181614,3.019198688540627,3.0037558970657514
1.0766404865831072,0.525103701371074,0.355386001897975,2.9745421652042756,3.006406626018211,3.020220451040596,3.0048943970657502
1.0767466678331095,0.5252091719960754,0.355386001897975,2.974730477704264,3.0051906385181577,3.0193844635406215,3.003945647065751
1.0767466678331095,0.5251388582460743,0.35539418615148266,2.9746363214542697,3.005658326018178,3.0193844635406215,3.003945647065751
1.0766404865831072,0.5251740151210749,0.35538190977122114,2.9746363214542697,3.0053777135181656,3.019198688540627,3.0040405220657513
1.0767466678331095,0.5252091719960754,0.3553900940247289,2.9746363214542697,3.005658326018178,3.019198688540627,3.0037558970657514
1.0767466678331095,0.525103701371074,0.35538190977122114,2.9744480089542815,3.0040681885181084,3.0175267135406774,3.002237897065753
1.076632763887302,0.5251388582460743,0.3553900940247289,2.9745421652042756,3.0053777135181656,3.019198688540627,3.003945647065751
1.0767920357623053,0.5251740151210749,0.35538190977122114,2.974824633954258,3.00547125101817,3.0193844635406215,3.003945647065751
1.076632763887302,0.5252091719960754,0.35538190977122114,2.974824633954258,3.00547125101817,3.0195702385406156,3.0040405220657513
1.0767466678331095,0.5252168946918807,0.3553900940247289,2.9745421652042756,3.00547125101817,3.0195702385406156,3.004135397065751
1.0766935772081083,0.5251465809418796,0.35538190977122114,2.9744480089542815,3.005564788518174,3.0190129135406325,3.0038507720657517
1.076587395958106,0.5251114240668793,0.35539418615148266,2.974824633954258,3.005658326018178,3.0193844635406215,3.003945647065751
1.0767466678331095,0.5251894605126854,0.35538190977122114,2.974824633954258,3.00547125101817,3.0194773510406185,3.0040405220657513
1.0766404865831072,0.5251894605126854,0.35539418615148266,2.9744480089542815,3.006593701018219,3.0204991135405876,3.00517902206575
1.076632763887302,0.5251894605126854,0.355386001897975,2.9743538527042874,3.0053777135181656,3.01910580104063,3.003945647065751
1.0767389451373042,0.5251114240668793,0.3553900940247289,2.9744480089542815,3.005564788518174,3.01910580104063,3.0038507720657517
1.0767389451373042,0.5251817378168802,0.355386001897975,2.974730477704264,3.0053777135181656,3.0193844635406215,3.0036610220657516
1.076587395958106,0.5251114240668793,0.35538190977122114,2.974824633954258,3.00547125101817,3.0193844635406215,3.0038507720657517
1.0766935772081083,0.525252051566881,0.3553655412642058,2.9745421652042756,3.0053777135181656,3.019291576040624,3.003945647065751
1.0766404865831072,0.5251465809418796,0.35538190977122114,2.9746363214542697,3.0053777135181656,3.019198688540627,3.0040405220657513
1.0767466678331095,0.5251114240668793,0.355386001897975,2.9745421652042756,3.00547125101817,3.019198688540627,3.0037558970657514
1.0766404865831072,0.5251465809418796,0.355386001897975,2.9745421652042756,3.0049100260181456,3.0188271385406384,3.003376397065752
1.0768451263873065,0.525252051566881,0.355386001897975,2.9746363214542697,3.005564788518174,3.0193844635406215,3.0037558970657514
1.0767389451373042,0.5252168946918807,0.355386001897975,2.9745421652042756,3.004629413518133,3.0184555885406494,3.003091772065752
1.076685854512303,0.5250762671918787,0.35539418615148266,2.9745421652042756,3.0068743135182316,3.0205920010405847,3.0052738970657504
1.0766404865831072,0.5252168946918807,0.35538190977122114,2.9745421652042756,3.00547125101817,3.0193844635406215,3.0040405220657513
1.0767466678331095,0.5251817378168802,0.355386001897975,2.9745421652042756,3.0053777135181656,3.019198688540627,3.003945647065751
1.0767466678331095,0.5251817378168802,0.35538190977122114,2.9743538527042874,3.0053777135181656,3.019291576040624,3.003945647065751
1.0767997584581106,0.525252051566881,0.3553900940247289,2.9745421652042756,3.005564788518174,3.01910580104063,3.0038507720657517
1.0767466678331095,0.5251817378168802,0.3553900940247289,2.9745421652042756,3.0049100260181456,3.018734251040641,3.0035661470657518
1.076632763887302,0.5251817378168802,0.3553778176444673,2.974824633954258,3.00547125101817,3.019291576040624,3.0040405220657513
1.0767389451373042,0.5251465809418796,0.3553778176444673,2.9745421652042756,3.0051906385181577,3.019291576040624,3.004135397065751
1.076685854512303,0.5251465809418796,0.355386001897975,2.974824633954258,3.00547125101817,3.0194773510406185,3.003945647065751
1.0766404865831072,0.5251465809418796,0.35539418615148266,2.9745421652042756,3.005564788518174,3.0193844635406215,3.003945647065751
1.0767466678331095,0.5251817378168802,0.35538190977122114,2.974918790204252,3.0050971010181535,3.019198688540627,3.003945647065751
1.076534305333105,0.5251465809418796,0.3553900940247289,2.9745421652042756,3.005564788518174,3.0194773510406185,3.004135397065751
1.076587395958106,0.5251817378168802,0.35539418615148266,2.9744480089542815,3.0068743135182316,3.0212422135405648,3.0056533970657497
1.0767997584581106,0.5251817378168802,0.3553900940247289,2.974824633954258,3.0053777135181656,3.0193844635406215,3.0040405220657513
1.0766404865831072,0.5251817378168802,0.355386001897975,2.9744480089542815,3.0051906385181577,3.01910580104063,3.0038507720657517
1.076632763887302,0.5251817378168802,0.35539418615148266,2.9744480089542815,3.0049100260181456,3.018734251040641,3.0040405220657513
1.076632763887302,0.5251114240668793,0.355386001897975,2.9745421652042756,3.0059389385181907,3.019848901040607,3.004514897065751
1.0767389451373042,0.5251817378168802,0.35538190977122114,2.9746363214542697,3.0050971010181535,3.019291576040624,3.0040405220657513
1.0767920357623053,0.525083989887684,0.3553900940247289,2.9746363214542697,3.005564788518174,3.0193844635406215,3.0038507720657517
1.0767466678331095,0.5252323400834912,0.35538190977122114,2.9744480089542815,3.0040681885181084,3.017805376040669,3.0026173970657526
1.0766404865831072,0.5251971832084907,0.35538190977122114,2.9745421652042756,3.005658326018178,3.0193844635406215,3.004135397065751
1.0766404865831072,0.5251268694584897,0.3553778176444673,2.974730477704264,3.0053777135181656,3.019291576040624,3.003945647065751
1.076632763887302,0.5251620263334902,0.35538190977122114,2.9743538527042874,3.0052841760181614,3.0190129135406325,3.004230272065751
1.076632763887302,0.5252674969584916,0.355386001897975,2.9744480089542815,3.003694038518092,3.0175267135406774,3.002237897065753
1.0767389451373042,0.5251620263334902,0.35538190977122114,2.974824633954258,3.0051906385181577,3.0193844635406215,3.003945647065751
1.0767920357623053,0.5251971832084907,0.355386001897975,2.9744480089542815,3.0053777135181656,3.019291576040624,3.0036610220657516
1.0766935772081083,0.5251620263334902,0.35539418615148266,2.9746363214542697,3.00547125101817,3.01910580104063,3.0038507720657517
1.0768528490831117,0.5251620263334902,0.35538190977122114,2.974730477704264,3.0053777135181656,3.019198688540627,3.004135397065751
1.076587395958106,0.5251620263334902,0.355386001897975,2.9744480089542815,3.006032476018195,3.019848901040607,3.0046097720657508
1.0767466678331095,0.5251543036376849,0.35538190977122114,2.9745421652042756,3.0053777135181656,3.01910580104063,3.0038507720657517
1.076632763887302,0.5251894605126854,0.355386001897975,2.9744480089542815,3.0059389385181907,3.0200346760406016,3.004799522065751
1.0767389451373042,0.5251894605126854,0.35538190977122114,2.974824633954258,3.0068743135182316,3.020777776040579,3.00546364706575
1.076685854512303,0.5251543036376849,0.355386001897975,2.9746363214542697,3.0053777135181656,3.019291576040624,3.0040405220657513
1.0767389451373042,0.5251894605126854,0.355386001897975,2.9744480089542815,3.005564788518174,3.0194773510406185,3.004135397065751
1.0768451263873065,0.5252949311376868,0.355386001897975,2.9746363214542697,3.0053777135181656,3.019291576040624,3.003945647065751
1.0767997584581106,0.5251543036376849,0.3553900940247289,2.9746363214542697,3.005564788518174,3.019198688540627,3.0038507720657517
1.0767466678331095,0.525083989887684,0.3553900940247289,2.9744480089542815,3.0050035635181493,3.019198688540627,3.0035661470657518
1.0767466678331095,0.5251543036376849,0.35539418615148266,2.9743538527042874,3.00547125101817,3.0195702385406156,3.003945647065751
1.0766935772081083,0.5251543036376849,0.355386001897975,2.9744480089542815,3.0057518635181824,3.0194773510406185,3.003945647065751
1.0767389451373042,0.525083989887684,0.3553900940247289,2.9744480089542815,3.00547125101817,3.019291576040624,3.004135397065751
1.0767389451373042,0.5251894605126854,0.355386001897975,2.9746363214542697,3.0053777135181656,3.019198688540627,3.004135397065751
1.076632763887302,0.5251894605126854,0.35539418615148266,2.974918790204252,3.005564788518174,3.0193844635406215,3.0037558970657514
1.076685854512303,0.5251894605126854,0.3553900940247289,2.9744480089542815,3.0051906385181577,3.0195702385406156,3.004135397065751
1.0766935772081083,0.5250136761376831,0.35538190977122114,2.9745421652042756,3.0040681885181084,3.017805376040669,3.0025225220657523
1.0766935772081083,0.5251894605126854,0.35538190977122114,2.974824633954258,3.004161726018112,3.017805376040669,3.0023327720657527
1.0766935772081083,0.5251894605126854,0.355386001897975,2.9746363214542697,3.005658326018178,3.0194773510406185,3.004135397065751
1.0766404865831072,0.5252246173876859,0.35538190977122114,2.9744480089542815,3.0059389385181907,3.0199417885406046,3.004514897065751
1.0767920357623053,0.5251191467626845,0.355386001897975,2.9745421652042756,3.00547125101817,3.0193844635406215,3.004135397065751
1.076632763887302,0.5251894605126854,0.355386001897975,2.9746363214542697,3.006219551018203,3.020313338540593,3.0047046470657506
1.076632763887302,0.5251543036376849,0.3553900940247289,2.9746363214542697,3.0053777135181656,3.019291576040624,3.003945647065751
1.0765796732623008,0.5252597742626863,0.35538190977122114,2.974918790204252,3.0052841760181614,3.019291576040624,3.0037558970657514
1.076632763887302,0.5252674969584916,0.35538190977122114,2.9745421652042756,3.00547125101817,3.0194773510406185,3.003945647065751
1.0767466678331095,0.525204905904296,0.355386001897975,2.9746363214542697,3.005658326018178,3.019291576040624,3.0040405220657513
1.0767466678331095,0.525204905904296,0.35539418615148266,2.9746363214542697,3.0052841760181614,3.019198688540627,3.0038507720657517
1.0766935772081083,0.525134592154295,0.35539418615148266,2.9746363214542697,3.0053777135181656,3.019198688540627,3.0040405220657513
1.076632763887302,0.525134592154295,0.35539827827823656,2.9745421652042756,3.005564788518174,3.0194773510406185,3.0040405220657513
1.0767920357623053,0.525204905904296,0.355386001897975,2.9746363214542697,3.006219551018203,3.0199417885406046,3.004799522065751
1.0767389451373042,0.5252400627792965,0.355386001897975,2.9745421652042756,3.005564788518174,3.0193844635406215,3.0040405220657513
1.076632763887302,0.525204905904296,0.355386001897975,2.9744480089542815,3.0053777135181656,3.0193844635406215,3.003945647065751
1.0767389451373042,0.525204905904296,0.3553778176444673,2.9746363214542697,3.006126013518199,3.0201275635405986,3.0047046470657506
1.0768528490831117,0.5252400627792965,0.355386001897975,2.974824633954258,3.0050035635181493,3.019198688540627,3.0040405220657513
1.0766935772081083,0.5251697490292955,0.35538190977122114,2.9746363214542697,3.0053777135181656,3.0193844635406215,3.0040405220657513
1.076632763887302,0.5251697490292955,0.35539827827823656,2.9746363214542697,3.0057518635181824,3.019848901040607,3.004514897065751
1.076632763887302,0.525204905904296,0.35538190977122114,2.9745421652042756,3.0051906385181577,3.019198688540627,3.0038507720657517
1.076632763887302,0.525134592154295,0.355386001897975,2.974730477704264,3.00547125101817,3.0193844635406215,3.0040405220657513
1.0767920357623053,0.5252400627792965,0.3553778176444673,2.9746363214542697,3.005564788518174,3.019291576040624,3.0040405220657513
1.076632763887302,0.525204905904296,0.35539827827823656,2.9745421652042756,3.0057518635181824,3.0193844635406215,3.004135397065751
1.076632763887302,0.5252323400834912,0.3553778176444673,2.9745421652042756,3.0051906385181577,3.0188271385406384,3.0037558970657514
1.076587395958106,0.5252323400834912,0.355386001897975,2.9746363214542697,3.00547125101817,3.019198688540627,3.0040405220657513
1.0766404865831072,0.5252323400834912,0.35539288985766215,2.9745421652042756,3.0047229510181372,3.0186413635406435,3.003281522065752
1.0766404865831072,0.5251620263334902,0.35538470560415447,2.9746363214542697,3.0053777135181656,3.0194773510406185,3.004135397065751
1.076685854512303,0.5251620263334902,0.3553806134774006,2.9744480089542815,3.005564788518174,3.019198688540627,3.003945647065751
1.0765796732623008,0.5252323400834912,0.35539288985766215,2.9744480089542815,3.00547125101817,3.019198688540627,3.0040405220657513
1.076632763887302,0.5252323400834912,0.3553806134774006,2.974730477704264,3.00547125101817,3.019291576040624,3.003945647065751
1.0768451263873065,0.5251268694584897,0.35538470560415447,2.9745421652042756,3.0053777135181656,3.019291576040624,3.004135397065751
1.0767997584581106,0.5251620263334902,0.35539288985766215,2.974730477704264,3.0053777135181656,3.0194773510406185,3.003945647065751
1.0767997584581106,0.5251971832084907,0.3553806134774006,2.975012946454246,3.006219551018203,3.0201275635405986,3.004799522065751
1.076632763887302,0.5252674969584916,0.3553806134774006,2.9746363214542697,3.0052841760181614,3.019291576040624,3.0037558970657514
1.076632763887302,0.5251620263334902,0.35539288985766215,2.9746363214542697,3.003694038518092,3.017805376040669,3.0020481470657527
1.0767389451373042,0.5252323400834912,0.35538470560415447,2.9744480089542815,3.0053777135181656,3.0193844635406215,3.0040405220657513
1.0767389451373042,0.5252323400834912,0.35538470560415447,2.9745421652042756,3.005658326018178,3.019198688540627,3.003945647065751
1.0767920357623053,0.5251620263334902,0.35537652135064673,2.9746363214542697,3.00547125101817,3.019291576040624,3.004135397065751
1.076685854512303,0.5251971832084907,0.3553806134774006,2.9745421652042756,3.00547125101817,3.0194773510406185,3.004135397065751
1.0767920357623053,0.5251620263334902,0.35538879773090826,2.9744480089542815,3.0052841760181614,3.01910580104063,3.0036610220657516
1.0767389451373042,0.5252674969584916,0.3553806134774006,2.974730477704264,3.00547125101817,3.0193844635406215,3.0040405220657513
1.0767920357623053,0.5251268694584897,0.35539288985766215,2.974730477704264,3.0051906385181577,3.0190129135406325,3.0036610220657516
1.076685854512303,0.5251268694584897,0.35539288985766215,2.9744480089542815,3.005564788518174,3.019291576040624,3.003945647065751
1.0767389451373042,0.5252323400834912,0.35538879773090826,2.9746363214542697,3.004161726018112,3.0179911510406634,3.0025225220657523
1.076632763887302,0.5252674969584916,0.35538470560415447,2.9744480089542815,3.00547125101817,3.019291576040624,3.0040405220657513
1.0767920357623053,0.5251971832084907,0.35538879773090826,2.9744480089542815,3.005564788518174,3.019291576040624,3.003945647065751
1.0767920357623053,0.5251268694584897,0.35540107411116983,2.9745421652042756,3.00547125101817,3.0194773510406185,3.003945647065751
1.0767389451373042,0.5251268694584897,0.35538470560415447,2.974824633954258,3.00547125101817,3.0194773510406185,3.004135397065751
1.076632763887302,0.5251268694584897,0.35538470560415447,2.9744480089542815,3.0053777135181656,3.019198688540627,3.003945647065751
1.076685854512303,0.5251268694584897,0.35539698198441594,2.9746363214542697,3.0052841760181614,3.019291576040624,3.0040405220657513
1.0767389451373042,0.5252323400834912,0.35538470560415447,2.9746363214542697,3.006406626018211,3.02040622604059,3.0050841470657503
1.076685854512303,0.5251620263334902,0.35539288985766215,2.9743538527042874,3.0053777135181656,3.019291576040624,3.003945647065751
1.076632763887302,0.5251268694584897,0.35538879773090826,2.9745421652042756,3.0057518635181824,3.0195702385406156,3.0044200220657507
1.076685854512303,0.5251268694584897,0.35538470560415447,2.9744480089542815,3.0053777135181656,3.019198688540627,3.004135397065751
1.076632763887302,0.5251620263334902,0.3553806134774006,2.9745421652042756,3.00547125101817,3.0193844635406215,3.003945647065751
1.076632763887302,0.5251620263334902,0.35540107411116983,2.974824633954258,3.00547125101817,3.019198688540627,3.004230272065751
1.0767389451373042,0.5251268694584897,0.35538879773090826,2.9745421652042756,3.005658326018178,3.0193844635406215,3.004135397065751
1.076685854512303,0.525134592154295,0.35538470560415447,2.9746363214542697,3.0053777135181656,3.019198688540627,3.004135397065751
1.076685854512303,0.5252477854751018,0.35538470560415447,2.9745421652042756,3.0053777135181656,3.019291576040624,3.0038507720657517
1.076632763887302,0.5252829423501022,0.3553806134774006,2.9744480089542815,3.0053777135181656,3.0193844635406215,3.0038507720657517
1.0767389451373042,0.5251774717251008,0.35539288985766215,2.9745421652042756,3.0053777135181656,3.019198688540627,3.0037558970657514
1.0767389451373042,0.5251774717251008,0.35537652135064673,2.9746363214542697,3.005564788518174,3.019291576040624,3.003945647065751
1.076685854512303,0.5251774717251008,0.3553806134774006,2.9745421652042756,3.005564788518174,3.01910580104063,3.0038507720657517
1.0767389451373042,0.5251774717251008,0.35538470560415447,2.9746363214542697,3.005564788518174,3.019198688540627,3.0040405220657513
1.076632763887302,0.5251423148501003,0.35539698198441594,2.9744480089542815,3.0053777135181656,3.0193844635406215,3.003945647065751
1.0767389451373042,0.5252477854751018,0.3553724292238929,2.9746363214542697,3.006219551018203,3.020313338540593,3.004799522065751
1.0767389451373042,0.5251774717251008,0.35538470560415447,2.9746363214542697,3.0053777135181656,3.0193844635406215,3.003945647065751
1.0767389451373042,0.5253180992251026,0.35539698198441594,2.974730477704264,3.0057518635181824,3.019848901040607,3.0046097720657508
1.076685854512303,0.5252126286001013,0.35538470560415447,2.9742596964542933,3.005658326018178,3.019198688540627,3.0040405220657513
1.076685854512303,0.5251697490292955,0.35540107411116983,2.9745421652042756,3.00547125101817,3.019291576040624,3.003945647065751
1.0768451263873065,0.5252752196542969,0.35538470560415447,2.9746363214542697,3.0053777135181656,3.0194773510406185,3.0040405220657513
1.0765796732623008,0.525134592154295,0.3553806134774006,2.9746363214542697,3.0057518635181824,3.0195702385406156,3.004230272065751
1.0767920357623053,0.5251697490292955,0.35538470560415447,2.9746363214542697,3.005564788518174,3.019198688540627,3.0040405220657513
1.0767389451373042,0.5251697490292955,0.3553806134774006,2.9744480089542815,3.006126013518199,3.0201275635405986,3.0047046470657506
1.0767389451373042,0.5252400627792965,0.35538879773090826,2.9743538527042874,3.00547125101817,3.0194773510406185,3.0038507720657517
1.0768451263873065,0.5251697490292955,0.3553806134774006,2.9746363214542697,3.00547125101817,3.019198688540627,3.004135397065751
1.0767920357623053,0.5252400627792965,0.35538470560415447,2.9746363214542697,3.0053777135181656,3.019291576040624,3.003945647065751
1.0767389451373042,0.5251697490292955,0.35538879773090826,2.9746363214542697,3.005564788518174,3.019291576040624,3.0038507720657517
1.0767389451373042,0.525204905904296,0.35538470560415447,2.9745421652042756,3.005564788518174,3.019198688540627,3.003945647065751
1.0767389451373042,0.5252752196542969,0.35538470560415447,2.9746363214542697,3.0057518635181824,3.0194773510406185,3.0044200220657507
1.0767389451373042,0.525204905904296,0.35538879773090826,2.9745421652042756,3.006219551018203,3.020220451040596,3.0047046470657506
1.0767389451373042,0.5252752196542969,0.35538470560415447,2.974730477704264,3.005564788518174,3.0193844635406215,3.003945647065751
1.076632763887302,0.5252400627792965,0.35538470560415447,2.974824633954258,3.00547125101817,3.019291576040624,3.0035661470657518
1.0767389451373042,0.525204905904296,0.35539288985766215,2.9746363214542697,3.0051906385181577,3.0193844635406215,3.0037558970657514
1.0767389451373042,0.5252400627792965,0.35538879773090826,2.9744480089542815,3.0051906385181577,3.0193844635406215,3.0040405220657513
1.0767389451373042,0.525204905904296,0.35539288985766215,2.9746363214542697,3.0051906385181577,3.019291576040624,3.003945647065751
1.0767389451373042,0.525134592154295,0.35538879773090826,2.9745421652042756,3.0057518635181824,3.0195702385406156,3.0043251470657513
1.076632763887302,0.5251697490292955,0.35538470560415447,2.974824633954258,3.0052841760181614,3.0193844635406215,3.003945647065751
1.0767920357623053,0.5251697490292955,0.35538879773090826,2.9746363214542697,3.006126013518199,3.0199417885406046,3.0047046470657506
1.0767389451373042,0.5252400627792965,0.35539288985766215,2.9745421652042756,3.00547125101817,3.0193844635406215,3.004135397065751
1.076685854512303,0.5252400627792965,0.35539288985766215,2.9746363214542697,3.0051906385181577,3.019291576040624,3.0040405220657513
1.076632763887302,0.5252752196542969,0.35538879773090826,2.9745421652042756,3.0052841760181614,3.019291576040624,3.0040405220657513
1.076632763887302,0.525134592154295,0.35538879773090826,2.974824633954258,3.0053777135181656,3.0193844635406215,3.003945647065751
1.0767920357623053,0.5251697490292955,0.35539698198441594,2.9745421652042756,3.005564788518174,3.01975601354061,3.0043251470657513
1.0767920357623053,0.5251697490292955,0.35538470560415447,2.974730477704264,3.00547125101817,3.019198688540627,3.004135397065751
1.0767389451373042,0.5252400627792965,0.35538879773090826,2.9745421652042756,3.0052841760181614,3.0193844635406215,3.0040405220657513
1.076632763887302,0.5252400627792965,0.35538879773090826,2.9744480089542815,3.0053777135181656,3.019198688540627,3.0037558970657514
1.076632763887302,0.525204905904296,0.3553806134774006,2.974824633954258,3.0051906385181577,3.0188271385406384,3.0038507720657517
1.0765796732623008,0.5252400627792965,0.35538470560415447,2.9745421652042756,3.005564788518174,3.019291576040624,3.0040405220657513
1.0767389451373042,0.5252752196542969,0.35538470560415447,2.9745421652042756,3.0051906385181577,3.019291576040624,3.0037558970657514
1.0767389451373042,0.525134592154295,0.3553806134774006,2.974824633954258,3.0048164885181414,3.0188271385406384,3.003376397065752
1.076685854512303,0.5252400627792965,0.35539288985766215,2.974824633954258,3.00547125101817,3.0193844635406215,3.0040405220657513
1.0765796732623008,0.5251697490292955,0.35538879773090826,2.9746363214542697,3.005564788518174,3.0194773510406185,3.0040405220657513
1.076685854512303,0.5251697490292955,0.35538470560415447,2.9745421652042756,3.0053777135181656,3.0193844635406215,3.0038507720657517
1.076685854512303,0.5252752196542969,0.35538879773090826,2.9746363214542697,3.005564788518174,3.0195702385406156,3.0043251470657513
1.288107138451527,0.6304679389909783,0.3785064546251978,3.563429886380087,3.592878404138566,3.600021174530627,3.594873899509591
1.2881148611473323,0.6304756616867836,0.37849417824493625,3.5631474176301046,3.5931590166385785,3.5995567370306416,3.5947790245095907
1.2880694932181365,0.6303976252409774,0.3785064546251978,3.5632415738800987,3.59297194163857,3.59992828703063,3.594589274509591
1.287955589272329,0.6304679389909783,0.37850236249844393,3.563429886380087,3.59297194163857,3.5996496245306386,3.5946841495095914
1.2879932345057195,0.6304250594201726,0.3785064546251978,3.5633357301300927,3.592223641638537,3.598720749530667,3.5938302745095916
1.2879855118099142,0.6305030958659787,0.3785187310054593,3.5631474176301046,3.591475341638504,3.598349199530678,3.5931661495095923
1.2878870532557172,0.6305030958659787,0.37850236249844393,3.5631474176301046,3.593813779138607,3.600392724530616,3.5955380245095903
1.2880009572015247,0.630510818561784,0.3785064546251978,3.5632415738800987,3.5930654791385743,3.5996496245306386,3.594589274509591
1.2881679517723335,0.6304053479367827,0.3785064546251978,3.5633357301300927,3.5933460916385864,3.5996496245306386,3.594589274509591
1.2880694932181365,0.6304250594201726,0.3785187310054593,3.5632415738800987,3.59297194163857,3.599463849530644,3.594589274509591
1.2881225838431376,0.6304953731701735,0.37850236249844393,3.5632415738800987,3.59297194163857,3.5996496245306386,3.5947790245095907
1.288107138451527,0.6305030958659787,0.37850236249844393,3.5633357301300927,3.593626704138599,3.6006713870306077,3.59572777450959
1.2878416853265213,0.6304327821159779,0.37851463887870546,3.5632415738800987,3.592784866638562,3.5996496245306386,3.594589274509591
1.2880994157557217,0.6304756616867836,0.37850236249844393,3.563429886380087,3.5930654791385743,3.599463849530644,3.5947790245095907
1.2879932345057195,0.630510818561784,0.37850236249844393,3.5631474176301046,3.5930654791385743,3.5996496245306386,3.594589274509591
1.2879401438807183,0.6305382527409793,0.3784982703716901,3.563618198880075,3.5930654791385743,3.5996496245306386,3.594589274509591
1.2878947759515225,0.6304327821159779,0.3785064546251978,3.5632415738800987,3.5930654791385743,3.5997425120306357,3.5947790245095907
1.2880009572015247,0.6304679389909783,0.3785064546251978,3.5630532613801105,3.59297194163857,3.5996496245306386,3.5947790245095907
1.2880009572015247,0.6303976252409774,0.3785064546251978,3.5633357301300927,3.593626704138599,3.6004856120306132,3.5953482745095906
1.2879478665765236,0.6305030958659787,0.37851463887870546,3.5632415738800987,3.5930654791385743,3.5996496245306386,3.594873899509591
1.287955589272329,0.6304327821159779,0.3785105467519516,3.5632415738800987,3.59297194163857,3.5996496245306386,3.594873899509591
1.2878947759515225,0.6304327821159779,0.37851463887870546,3.5632415738800987,3.5931590166385785,3.5996496245306386,3.594589274509591
1.2879478665765236,0.6304679389909783,0.3785064546251978,3.5632415738800987,3.5932525541385827,3.5996496245306386,3.594968774509591
1.2879401438807183,0.6305030958659787,0.37850236249844393,3.563429886380087,3.59297194163857,3.599463849530644,3.594968774509591
1.2880009572015247,0.6304327821159779,0.37851463887870546,3.5633357301300927,3.5932525541385827,3.600021174530627,3.594873899509591
1.28800867989733,0.6304756616867836,0.3785213235931004,3.5632415738800987,3.5940008541386153,3.6002998370306187,3.5955380245095903
1.2881225838431376,0.6305382527409793,0.37851313933959274,3.5631474176301046,3.593907316638611,3.6005784995306103,3.59582264950959
1.2880694932181365,0.6305030958659787,0.37850495508608506,3.5633357301300927,3.5930654791385743,3.5996496245306386,3.5947790245095907
1.2880009572015247,0.6304679389909783,0.3785008629593312,3.563429886380087,3.5932525541385827,3.600021174530627,3.594968774509591
1.2880540478265259,0.6304327821159779,0.37850495508608506,3.5632415738800987,3.59297194163857,3.5997425120306357,3.5946841495095914
1.2879478665765236,0.6304327821159779,0.3785213235931004,3.563524042630081,3.59297194163857,3.5996496245306386,3.594589274509591
1.2880009572015247,0.6304327821159779,0.3785254157198543,3.5632415738800987,3.5930654791385743,3.5997425120306357,3.5947790245095907
1.2880540478265259,0.630362468365977,0.3785172314663466,3.5632415738800987,3.5932525541385827,3.599835399530633,3.594968774509591
1.28800867989733,0.6304327821159779,0.37851313933959274,3.563524042630081,3.5931590166385785,3.5997425120306357,3.594589274509591
1.2880164025931353,0.6304327821159779,0.37851313933959274,3.563429886380087,3.5930654791385743,3.5997425120306357,3.594873899509591
1.2881148611473323,0.6304679389909783,0.3785008629593312,3.563524042630081,3.59297194163857,3.599463849530644,3.594589274509591
1.287955589272329,0.6305030958659787,0.3785172314663466,3.563429886380087,3.5931590166385785,3.5996496245306386,3.5946841495095914
1.2878947759515225,0.6304405048117832,0.37850495508608506,3.563429886380087,3.5930654791385743,3.5996496245306386,3.5946841495095914
1.2879401438807183,0.630510818561784,0.37850495508608506,3.563429886380087,3.5931590166385785,3.5996496245306386,3.594873899509591
1.2880009572015247,0.6305185412575893,0.37851313933959274,3.563429886380087,3.5940008541386153,3.6006713870306077,3.59572777450959
1.2878947759515225,0.630413070632588,0.3785172314663466,3.5633357301300927,3.592784866638562,3.599463849530644,3.594589274509591
1.28800867989733,0.6304833843825889,0.3785090472128389,3.5632415738800987,3.5932525541385827,3.599835399530633,3.594968774509591
1.2880694932181365,0.6304833843825889,0.3785090472128389,3.5632415738800987,3.59297194163857,3.5995567370306416,3.5944943995095913
1.287955589272329,0.6304482275075884,0.37851313933959274,3.563618198880075,3.5933460916385864,3.5997425120306357,3.5946841495095914
1.28800867989733,0.6304482275075884,0.3785090472128389,3.5633357301300927,3.5933460916385864,3.59992828703063,3.594968774509591
1.28800867989733,0.6305888550075903,0.3785172314663466,3.563429886380087,3.59297194163857,3.5997425120306357,3.594873899509591
1.28800867989733,0.6305888550075903,0.37851313933959274,3.5633357301300927,3.593533166638595,3.600392724530616,3.595158524509591
1.2878947759515225,0.6304053479367827,0.3785090472128389,3.563429886380087,3.5931590166385785,3.599463849530644,3.594589274509591
1.2878947759515225,0.630510818561784,0.3785090472128389,3.5632415738800987,3.5932525541385827,3.5996496245306386,3.594968774509591
1.2878947759515225,0.630510818561784,0.37851313933959274,3.5632415738800987,3.59297194163857,3.5997425120306357,3.594589274509591
1.2880540478265259,0.630510818561784,0.3785090472128389,3.563524042630081,3.5931590166385785,3.5997425120306357,3.594873899509591
1.2880540478265259,0.630510818561784,0.3785090472128389,3.5633357301300927,3.5925977916385534,3.5990922995306556,3.594209774509592
1.2879478665765236,0.6304756616867836,0.3785172314663466,3.563429886380087,3.5931590166385785,3.5996496245306386,3.594873899509591
1.28800867989733,0.630581132311785,0.37850495508608506,3.5632415738800987,3.5930654791385743,3.5996496245306386,3.594968774509591
1.2880617705223312,0.630510818561784,0.37851313933959274,3.563429886380087,3.5931590166385785,3.5997425120306357,3.594873899509591
1.2879024986473278,0.6304756616867836,0.3785213235931004,3.5632415738800987,3.59297194163857,3.59927807453065,3.5944943995095913
1.2880540478265259,0.6304756616867836,0.3785090472128389,3.5632415738800987,3.5937202416386027,3.6005784995306103,3.5955380245095903
1.2880009572015247,0.6305459754367846,0.3785254157198543,3.5630532613801105,3.59297194163857,3.5995567370306416,3.594589274509591
1.2879478665765236,0.6304756616867836,0.3785213235931004,3.5632415738800987,3.5931590166385785,3.600021174530627,3.594873899509591
1.2879478665765236,0.6304756616867836,0.3785172314663466,3.5630532613801105,3.592878404138566,3.5996496245306386,3.5946841495095914
1.2880009572015247,0.630581132311785,0.3785008629593312,3.563618198880075,3.59297194163857,3.5996496245306386,3.594968774509591
1.2880617705223312,0.6304756616867836,0.37852002729927986,3.5633357301300927,3.593533166638595,3.6002069495306217,3.5953482745095906
1.2880617705223312,0.6304405048117832,0.3785036587922645,3.563429886380087,3.59297194163857,3.5996496245306386,3.5947790245095907
1.2880009572015247,0.630581132311785,0.3785118430457722,3.563429886380087,3.5932525541385827,3.5997425120306357,3.595158524509591
1.2880009572015247,0.6304756616867836,0.378515935172526,3.563429886380087,3.594281466638628,3.600764274530605,3.59591752450959
1.2880009572015247,0.630510818561784,0.378515935172526,3.563429886380087,3.5924107166385455,3.598720749530667,3.5938302745095916
1.2880009572015247,0.6304405048117832,0.37850775091901834,3.5633357301300927,3.592784866638562,3.5995567370306416,3.5947790245095907
1.2880009572015247,0.6304405048117832,0.37852002729927986,3.5632415738800987,3.5925042541385492,3.599463849530644,3.5943995245095914
1.2880540478265259,0.630510818561784,0.37850775091901834,3.563618198880075,3.5931590166385785,3.599835399530633,3.594589274509591
1.2879024986473278,0.6304756616867836,0.378515935172526,3.5631474176301046,3.59297194163857,3.5996496245306386,3.594968774509591
1.28800867989733,0.630510818561784,0.3785036587922645,3.5633357301300927,3.5917559541385167,3.5982563120306805,3.593355899509592
1.28800867989733,0.630510818561784,0.378515935172526,3.563429886380087,3.591475341638504,3.597977649530689,3.5931661495095923
1.2880540478265259,0.6304756616867836,0.37850775091901834,3.5632415738800987,3.5930654791385743,3.5996496245306386,3.5947790245095907
1.2878947759515225,0.630510818561784,0.37850775091901834,3.563429886380087,3.5931590166385785,3.5997425120306357,3.594873899509591
1.2880540478265259,0.630510818561784,0.37850775091901834,3.563524042630081,3.59297194163857,3.5997425120306357,3.594873899509591
1.2880540478265259,0.630510818561784,0.37850775091901834,3.563429886380087,3.5930654791385743,3.5996496245306386,3.5947790245095907
1.2877885947015202,0.6304405048117832,0.378515935172526,3.5632415738800987,3.5931590166385785,3.5996496245306386,3.5947790245095907
1.2879478665765236,0.630510818561784,0.37852002729927986,3.5632415738800987,3.5931590166385785,3.599835399530633,3.594589274509591
1.2879478665765236,0.6304756616867836,0.37852002729927986,3.5633357301300927,3.59297194163857,3.5996496245306386,3.594589274509591
1.2880540478265259,0.6304756616867836,0.37850775091901834,3.5633357301300927,3.5930654791385743,3.5997425120306357,3.5947790245095907
1.2880009572015247,0.6305262639533946,0.37852002729927986,3.563429886380087,3.59297194163857,3.5996496245306386,3.5950636495095907
1.2880540478265259,0.6305614208283952,0.3785118430457722,3.563429886380087,3.59297194163857,3.5997425120306357,3.5947790245095907
1.2878947759515225,0.6305262639533946,0.37852002729927986,3.5631474176301046,3.59297194163857,3.5995567370306416,3.5947790245095907
1.2880009572015247,0.6305262639533946,0.37852002729927986,3.563429886380087,3.5930654791385743,3.59927807453065,3.594589274509591
1.2880009572015247,0.6305262639533946,0.378515935172526,3.563429886380087,3.5932525541385827,3.600021174530627,3.594968774509591
1.2880009572015247,0.6304911070783942,0.378515935172526,3.5632415738800987,3.59297194163857,3.599463849530644,3.5947790245095907
1.2880009572015247,0.6304911070783942,0.3785118430457722,3.563429886380087,3.5931590166385785,3.5996496245306386,3.594873899509591
1.2878947759515225,0.6303856364533929,0.378515935172526,3.5631474176301046,3.59297194163857,3.5996496245306386,3.594873899509591
1.2880009572015247,0.6304911070783942,0.37850775091901834,3.563429886380087,3.5933460916385864,3.599835399530633,3.5947790245095907
1.2880009572015247,0.6304559502033937,0.37852002729927986,3.5633357301300927,3.593907316638611,3.600764274530605,3.5955380245095903
1.2880009572015247,0.6304207933283933,0.3785118430457722,3.5631474176301046,3.5932525541385827,3.5996496245306386,3.594968774509591
1.2878947759515225,0.6305262639533946,0.378515935172526,3.563429886380087,3.59297194163857,3.599835399530633,3.594873899509591
1.2878947759515225,0.6305262639533946,0.37852002729927986,3.563429886380087,3.5925042541385492,3.5991851870306526,3.594209774509592
1.2879478665765236,0.6305614208283952,0.378515935172526,3.563429886380087,3.5930654791385743,3.600021174530627,3.5947790245095907
1.2879478665765236,0.6305185412575893,0.378515935172526,3.5632415738800987,3.593813779138607,3.6006713870306077,3.5955380245095903
1.2880009572015247,0.6304833843825889,0.378515935172526,3.563429886380087,3.5931590166385785,3.5997425120306357,3.594968774509591
1.2880009572015247,0.6305888550075903,0.37850775091901834,3.563524042630081,3.5901658166384465,3.596862999530723,3.5917430245095936
1.2880009572015247,0.6304482275075884,0.37852002729927986,3.563524042630081,3.592878404138566,3.5997425120306357,3.5946841495095914
1.2880009572015247,0.6305536981325899,0.3785118430457722,3.5633357301300927,3.59297194163857,3.5996496245306386,3.5947790245095907
1.2879478665765236,0.6304833843825889,0.378515935172526,3.5633357301300927,3.5930654791385743,3.5995567370306416,3.594873899509591
1.2878947759515225,0.6305185412575893,0.378515935172526,3.563429886380087,3.592878404138566,3.5995567370306416,3.5946841495095914
1.2879478665765236,0.6304482275075884,0.378515935172526,3.563429886380087,3.591943029138525,3.5984420870306755,3.593735399509592
1.2880540478265259,0.6305185412575893,0.3785036587922645,3.563429886380087,3.593813779138607,3.6002998370306187,3.5953482745095906
1.2880009572015247,0.6305185412575893,0.378515935172526,3.5632415738800987,3.59297194163857,3.599835399530633,3.594589274509591
1.2879478665765236,0.6304482275075884,0.378515935172526,3.5631474176301046,3.5931590166385785,3.5997425120306357,3.5947790245095907
1.2880009572015247,0.6305185412575893,0.37852002729927986,3.563429886380087,3.5924107166385455,3.59927807453065,3.594304649509591
1.2879478665765236,0.6304833843825889,0.37850775091901834,3.5632415738800987,3.59297194163857,3.5996496245306386,3.5947790245095907
1.2878947759515225,0.6305888550075903,0.37852002729927986,3.563429886380087,3.5931590166385785,3.599835399530633,3.594968774509591
1.2880009572015247,0.6304482275075884,0.3785118430457722,3.5632415738800987,3.59297194163857,3.599463849530644,3.594873899509591
1.2880540478265259,0.6305185412575893,0.37850775091901834,3.563524042630081,3.592878404138566,3.5995567370306416,3.594589274509591
1.2880009572015247,0.6304833843825889,0.3785241194260337,3.563524042630081,3.5932525541385827,3.59992828703063,3.594968774509591
1.288107138451527,0.6305888550075903,0.3785118430457722,3.563524042630081,3.5932525541385827,3.5997425120306357,3.5946841495095914
1.2880009572015247,0.6305888550075903,0.378515935172526,3.5632415738800987,3.5931590166385785,3.599835399530633,3.594873899509591
1.2879478665765236,0.6304482275075884,0.37850775091901834,3.563524042630081,3.5930654791385743,3.5997425120306357,3.594873899509591
1.2880540478265259,0.6304833843825889,0.3785036587922645,3.563429886380087,3.59297194163857,3.5995567370306416,3.594873899509591
1.2879478665765236,0.6305888550075903,0.3785241194260337,3.5631474176301046,3.5930654791385743,3.5997425120306357,3.5946841495095914
1.2880009572015247,0.6305536981325899,0.37850775091901834,3.563524042630081,3.5930654791385743,3.599835399530633,3.5950636495095907
1.2879478665765236,0.6304482275075884,0.37852002729927986,3.5633357301300927,3.5930654791385743,3.5996496245306386,3.594873899509591
1.2880540478265259,0.6304482275075884,0.3785241194260337,3.563524042630081,3.5930654791385743,3.600021174530627,3.594968774509591
1.2880540478265259,0.6306240118825908,0.37850775091901834,3.563524042630081,3.59297194163857,3.599463849530644,3.5947790245095907
1.2881602290765282,0.6305888550075903,0.378515935172526,3.5632415738800987,3.5931590166385785,3.599463849530644,3.594968774509591
1.2880009572015247,0.6304482275075884,0.37852002729927986,3.563429886380087,3.592784866638562,3.5996496245306386,3.5947790245095907
1.2878947759515225,0.6304833843825889,0.37852002729927986,3.563429886380087,3.5931590166385785,3.5997425120306357,3.594968774509591
1.2880540478265259,0.6304482275075884,0.3785118430457722,3.563429886380087,3.5931590166385785,3.5995567370306416,3.5946841495095914
1.2878947759515225,0.6305185412575893,0.37852002729927986,3.563524042630081,3.592878404138566,3.599370962030647,3.5944943995095913
1.2880009572015247,0.6305185412575893,0.378515935172526,3.5633357301300927,3.5931590166385785,3.599835399530633,3.594873899509591
1.2880009572015247,0.6304833843825889,0.3785036587922645,3.5633357301300927,3.592878404138566,3.599835399530633,3.594589274509591
1.2880540478265259,0.6305185412575893,0.378515935172526,3.5632415738800987,3.5931590166385785,3.5995567370306416,3.5946841495095914
1.2880009572015247,0.6305262639533946,0.3785241194260337,3.5633357301300927,3.5931590166385785,3.5996496245306386,3.594873899509591
1.2880540478265259,0.6304988297741995,0.3785036587922645,3.563524042630081,3.5930654791385743,3.5996496245306386,3.5950636495095907
1.2880540478265259,0.6305339866491999,0.37850775091901834,3.5632415738800987,3.5932525541385827,3.599463849530644,3.594968774509591
1.2878947759515225,0.6304988297741995,0.3785118430457722,3.5631474176301046,3.593907316638611,3.6005784995306103,3.59572777450959
1.2880009572015247,0.6304988297741995,0.378515935172526,3.5632415738800987,3.592878404138566,3.599835399530633,3.5950636495095907
1.2878947759515225,0.6303933591491981,0.37852002729927986,3.5632415738800987,3.5932525541385827,3.599835399530633,3.594873899509591
1.2878947759515225,0.6304988297741995,0.3785118430457722,3.563429886380087,3.59297194163857,3.5995567370306416,3.5950636495095907
1.2877885947015202,0.6305339866491999,0.37852002729927986,3.5633357301300927,3.5931590166385785,3.599463849530644,3.594589274509591
1.2881602290765282,0.6304988297741995,0.37850775091901834,3.563429886380087,3.593813779138607,3.6002998370306187,3.5955380245095903
1.2880009572015247,0.6305339866491999,0.37849956666551066,3.563524042630081,3.5933460916385864,3.59992828703063,3.5950636495095907
1.2880540478265259,0.6305339866491999,0.3785036587922645,3.5632415738800987,3.5940943916386194,3.6006713870306077,3.59582264950959
1.2879478665765236,0.6304988297741995,0.3785282115527876,3.563429886380087,3.5932525541385827,3.5996496245306386,3.5947790245095907
1.2880540478265259,0.6305339866491999,0.37852002729927986,3.5632415738800987,3.592878404138566,3.5995567370306416,3.594589274509591
1.2880540478265259,0.6305339866491999,0.3785118430457722,3.5633357301300927,3.594281466638628,3.6010429370305967,3.59572777450959
1.2878416853265213,0.6304988297741995,0.3785241194260337,3.563429886380087,3.59297194163857,3.5996496245306386,3.5947790245095907
1.2879478665765236,0.6304559502033937,0.3785118430457722,3.563429886380087,3.5930654791385743,3.5996496245306386,3.5947790245095907
1.2878947759515225,0.6305262639533946,0.378515935172526,3.563429886380087,3.592878404138566,3.599463849530644,3.5944943995095913
1.2877885947015202,0.6303856364533929,0.3785282115527876,3.5632415738800987,3.593907316638611,3.600857162030602,3.59591752450959
1.2880009572015247,0.6305262639533946,0.378515935172526,3.563618198880075,3.5930654791385743,3.5997425120306357,3.5947790245095907
1.2879478665765236,0.6305614208283952,0.3785118430457722,3.563429886380087,3.5931590166385785,3.59992828703063,3.594968774509591
1.2880694932181365,0.6305965777033956,0.3785118430457722,3.5633357301300927,3.5933460916385864,3.599835399530633,3.5950636495095907
1.2879633119681342,0.6304911070783942,0.3785282115527876,3.5632415738800987,3.5931590166385785,3.5996496245306386,3.594873899509591
1.2880164025931353,0.6304911070783942,0.37852002729927986,3.5633357301300927,3.594375004138632,3.6005784995306103,3.59601239950959
1.2879633119681342,0.6304911070783942,0.3785118430457722,3.5632415738800987,3.5931590166385785,3.5996496245306386,3.594873899509591
1.287857130718132,0.6304559502033937,0.37852002729927986,3.5633357301300927,3.592878404138566,3.599463849530644,3.5946841495095914
1.2880164025931353,0.6305262639533946,0.37850775091901834,3.563429886380087,3.5931590166385785,3.5995567370306416,3.5947790245095907
1.2880694932181365,0.6305262639533946,0.3785118430457722,3.5633357301300927,3.5931590166385785,3.5996496245306386,3.594589274509591
1.2878040400931308,0.6304559502033937,0.37852002729927986,3.5632415738800987,3.5930654791385743,3.599835399530633,3.5952533995095903
1.2880164025931353,0.6304911070783942,0.378515935172526,3.563429886380087,3.5932525541385827,3.5997425120306357,3.594589274509591
1.2881225838431376,0.6305262639533946,0.3785118430457722,3.563429886380087,3.5925977916385534,3.59927807453065,3.5943995245095914
1.2879633119681342,0.6304911070783942,0.378515935172526,3.563524042630081,3.592784866638562,3.5995567370306416,3.594873899509591
1.2880164025931353,0.6304559502033937,0.37852002729927986,3.563618198880075,3.5933460916385864,3.599835399530633,3.594873899509591
1.28800867989733,0.6305614208283952,0.37852002729927986,3.563618198880075,3.5925042541385492,3.599370962030647,3.594209774509592
1.2879478665765236,0.6305262639533946,0.378515935172526,3.5633357301300927,3.59297194163857,3.5995567370306416,3.5947790245095907
1.2879478665765236,0.6304207933283933,0.37852002729927986,3.5632415738800987,3.5925042541385492,3.5991851870306526,3.5943995245095914
1.2878947759515225,0.6304911070783942,0.37852002729927986,3.5633357301300927,3.593907316638611,3.6005784995306103,3.5955380245095903
1.2879478665765236,0.6304207933283933,0.37852002729927986,3.5633357301300927,3.59297194163857,3.599835399530633,3.594873899509591
1.2879478665765236,0.6305262639533946,0.37849956666551066,3.563429886380087,3.5930654791385743,3.5996496245306386,3.594968774509591
1.2880009572015247,0.6305614208283952,0.37852002729927986,3.5633357301300927,3.5940943916386194,3.600764274530605,3.5961072745095897
1.2880009572015247,0.6305614208283952,0.378515935172526,3.5633357301300927,3.5931590166385785,3.5996496245306386,3.5946841495095914
1.2880009572015247,0.6305965777033956,0.3785282115527876,3.563429886380087,3.5930654791385743,3.5996496245306386,3.594873899509591
1.2880540478265259,0.6304559502033937,0.378515935172526,3.5632415738800987,3.5930654791385743,3.5997425120306357,3.5947790245095907
1.2878947759515225,0.6304911070783942,0.378515935172526,3.5633357301300927,3.5930654791385743,3.5997425120306357,3.5947790245095907
1.288107138451527,0.6304911070783942,0.37852002729927986,3.563524042630081,3.59297194163857,3.599463849530644,3.594589274509591
1.2878947759515225,0.6304559502033937,0.37852002729927986,3.5632415738800987,3.592784866638562,3.599835399530633,3.5943995245095914
1.2880617705223312,0.6305262639533946,0.3785036587922645,3.5632415738800987,3.5933460916385864,3.599835399530633,3.594873899509591
1.2881756744681387,0.6305965777033956,0.37850775091901834,3.5632415738800987,3.5915688791385083,3.5980705370306865,3.5930712745095925
1.2880164025931353,0.6303933591491981,0.37852002729927986,3.5631474176301046,3.59297194163857,3.5996496245306386,3.5946841495095914
1.287955589272329,0.6304988297741995,0.37852002729927986,3.5632415738800987,3.5947491541386483,3.6015073745305823,3.5963918995095896
1.288107138451527,0.6304713955950043,0.3785118430457722,3.5632415738800987,3.59297194163857,3.599835399530633,3.5947790245095907
1.2880540478265259,0.6304010818450034,0.37852002729927986,3.5632415738800987,3.5933460916385864,3.5997425120306357,3.594873899509591
1.2880540478265259,0.6305417093450052,0.3785241194260337,3.563429886380087,3.5931590166385785,3.5996496245306386,3.594873899509591
1.2878416853265213,0.6305065524700048,0.3785282115527876,3.563429886380087,3.5930654791385743,3.599835399530633,3.594873899509591
1.2880164025931353,0.6305339866491999,0.378515935172526,3.563429886380087,3.5932525541385827,3.5995567370306416,3.594873899509591
1.2880164025931353,0.6305339866491999,0.37850775091901834,3.563524042630081,3.59297194163857,3.5996496245306386,3.5944943995095913
1.2880694932181365,0.6305417093450052,0.37850775091901834,3.5632415738800987,3.5933460916385864,3.600021174530627,3.5947790245095907
1.2880164025931353,0.6305417093450052,0.3785036587922645,3.5632415738800987,3.592878404138566,3.5997425120306357,3.594589274509591
1.287910221343133,0.6305065524700048,0.3785282115527876,3.5632415738800987,3.5931590166385785,3.599835399530633,3.594968774509591
1.287857130718132,0.6304988297741995,0.37850775091901834,3.5633357301300927,3.5931590166385785,3.5997425120306357,3.594873899509591
1.2880164025931353,0.630463672899199,0.3785282115527876,3.5632415738800987,3.5932525541385827,3.5997425120306357,3.5947790245095907
1.287857130718132,0.6305065524700048,0.3785241194260337,3.5633357301300927,3.5931590166385785,3.5997425120306357,3.5950636495095907
1.2880694932181365,0.6304713955950043,0.37852002729927986,3.5632415738800987,3.5931590166385785,3.5997425120306357,3.5946841495095914
1.2880164025931353,0.6305417093450052,0.3785036587922645,3.563524042630081,3.5930654791385743,3.599835399530633,3.594968774509591
1.2880164025931353,0.630463672899199,0.37852002729927986,3.5632415738800987,3.59297194163857,3.59992828703063,3.594968774509591
1.2880540478265259,0.6305339866491999,0.37852002729927986,3.5633357301300927,3.5930654791385743,3.599463849530644,3.5947790245095907
1.2880009572015247,0.6305339866491999,0.3785036587922645,3.563429886380087,3.5924107166385455,3.5990922995306556,3.594304649509591
1.2879478665765236,0.6304713955950043,0.3785241194260337,3.563429886380087,3.5931590166385785,3.5996496245306386,3.594873899509591
1.2880009572015247,0.6304988297741995,0.378515935172526,3.563429886380087,3.5930654791385743,3.5996496245306386,3.5946841495095914
1.2880009572015247,0.6305339866491999,0.3785118430457722,3.563429886380087,3.5930654791385743,3.599463849530644,3.5944943995095913
1.2880009572015247,0.6305339866491999,0.37850775091901834,3.5633357301300927,3.5932525541385827,3.599835399530633,3.5947790245095907
1.2878947759515225,0.6305339866491999,0.37852002729927986,3.5633357301300927,3.59297194163857,3.59992828703063,3.5947790245095907
1.2880009572015247,0.6305691435242005,0.378515935172526,3.563618198880075,3.5931590166385785,3.5995567370306416,3.594873899509591
1.2877885947015202,0.6304285160241986,0.37852002729927986,3.563429886380087,3.5923171791385413,3.598906524530661,3.594304649509591
1.2880009572015247,0.6304988297741995,0.3785282115527876,3.5633357301300927,3.593533166638595,3.600021174530627,3.5953482745095906
1.2880540478265259,0.6305691435242005,0.37850775091901834,3.563524042630081,3.5930654791385743,3.5996496245306386,3.594589274509591
1.2879478665765236,0.6304988297741995,0.3785118430457722,3.5632415738800987,3.5931590166385785,3.5997425120306357,3.594968774509591
1.2878416853265213,0.6304988297741995,0.378515935172526,3.5633357301300927,3.59297194163857,3.5995567370306416,3.5947790245095907
1.288107138451527,0.6305339866491999,0.378515935172526,3.563524042630081,3.5930654791385743,3.5996496245306386,3.595158524509591
1.2878947759515225,0.6304988297741995,0.37852002729927986,3.5632415738800987,3.592784866638562,3.599370962030647,3.594589274509591
1.2879478665765236,0.6306043003992009,0.3785213235931004,3.5632415738800987,3.592878404138566,3.599835399530633,3.594968774509591
1.2879478665765236,0.6305339866491999,0.378522619886921,3.563524042630081,3.5930654791385743,3.599835399530633,3.594589274509591
1.2878947759515225,0.630463672899199,0.378522619886921,3.5633357301300927,3.5932525541385827,3.5996496245306386,3.594873899509591
1.2879478665765236,0.6304988297741995,0.37851852776016714,3.5632415738800987,3.593907316638611,3.600392724530616,3.5955380245095903
1.2880009572015247,0.6305339866491999,0.37851852776016714,3.5632415738800987,3.59297194163857,3.5996496245306386,3.5947790245095907
1.2880009572015247,0.6304988297741995,0.37851852776016714,3.563524042630081,3.593533166638595,3.6002069495306217,3.5956328995095905
1.2878947759515225,0.6304285160241986,0.3785348962671825,3.5632415738800987,3.59297194163857,3.5996496245306386,3.594873899509591
1.2878947759515225,0.6304988297741995,0.37851034350665946,3.5632415738800987,3.59297194163857,3.599370962030647,3.5946841495095914
1.2878947759515225,0.630463672899199,0.3785348962671825,3.5632415738800987,3.59297194163857,3.599835399530633,3.595158524509591
1.2877885947015202,0.6304988297741995,0.378522619886921,3.5631474176301046,3.59297194163857,3.5996496245306386,3.594968774509591
1.2878416853265213,0.6305339866491999,0.3785267120136748,3.563618198880075,3.5930654791385743,3.599835399530633,3.5947790245095907
1.2879478665765236,0.6305339866491999,0.378522619886921,3.563524042630081,3.5937202416386027,3.6002998370306187,3.5952533995095903
1.2880540478265259,0.6305339866491999,0.37851852776016714,3.563429886380087,3.5930654791385743,3.5995567370306416,3.5950636495095907
1.2880009572015247,0.6305339866491999,0.3785267120136748,3.5632415738800987,3.5931590166385785,3.5996496245306386,3.5947790245095907
1.2879024986473278,0.6305339866491999,0.378522619886921,3.5631474176301046,3.59297194163857,3.5996496245306386,3.5947790245095907
1.2880164025931353,0.6304285160241986,0.3785267120136748,3.5632415738800987,3.5931590166385785,3.5996496245306386,3.5950636495095907
1.2880694932181365,0.6305339866491999,0.3785062513799056,3.5633357301300927,3.5930654791385743,3.599835399530633,3.5947790245095907
1.287910221343133,0.6306394572742013,0.37851034350665946,3.563429886380087,3.593533166638595,3.6004856120306132,3.5954431495095904
1.287910221343133,0.6304988297741995,0.378522619886921,3.563524042630081,3.5933460916385864,3.6002998370306187,3.595158524509591
1.2880164025931353,0.630463672899199,0.3785267120136748,3.563429886380087,3.592784866638562,3.59927807453065,3.5946841495095914
1.2880694932181365,0.6305339866491999,0.37851852776016714,3.563429886380087,3.5931590166385785,3.5997425120306357,3.594873899509591
1.2880164025931353,0.630463672899199,0.378522619886921,3.5632415738800987,3.5930654791385743,3.5995567370306416,3.594873899509591
1.2880164025931353,0.6305691435242005,0.378522619886921,3.563429886380087,3.592878404138566,3.599835399530633,3.594873899509591
1.287910221343133,0.6304988297741995,0.378522619886921,3.5632415738800987,3.5931590166385785,3.5996496245306386,3.594968774509591
1.2879633119681342,0.6304988297741995,0.37851852776016714,3.5631474176301046,3.5931590166385785,3.5996496245306386,3.594968774509591
1.2881225838431376,0.6305339866491999,0.378522619886921,3.563429886380087,3.59297194163857,3.5997425120306357,3.594589274509591
1.287910221343133,0.6306043003992009,0.37851852776016714,3.563429886380087,3.59297194163857,3.5996496245306386,3.5946841495095914
1.2880694932181365,0.6306043003992009,0.3785144356334133,3.563524042630081,3.5930654791385743,3.5996496245306386,3.594873899509591
1.2879633119681342,0.6305339866491999,0.3785308041404287,3.5633357301300927,3.5931590166385785,3.5996496245306386,3.594873899509591
1.2880694932181365,0.630463672899199,0.3785144356334133,3.563524042630081,3.5933460916385864,3.600021174530627,3.594968774509591
1.287857130718132,0.6304988297741995,0.3785144356334133,3.563429886380087,3.5932525541385827,3.59992828703063,3.594968774509591
1.2880164025931353,0.630463672899199,0.3785267120136748,3.5633357301300927,3.595310379138673,3.601786037030574,3.596961149509589
1.2880164025931353,0.6305339866491999,0.37851852776016714,3.563429886380087,3.592878404138566,3.599835399530633,3.594968774509591
1.2880694932181365,0.6304988297741995,0.37851034350665946,3.5633357301300927,3.5937202416386027,3.6006713870306077,3.5953482745095906
1.2881225838431376,0.6304988297741995,0.3785348962671825,3.563524042630081,3.5931590166385785,3.5995567370306416,3.5947790245095907
1.2880694932181365,0.6306043003992009,0.37851852776016714,3.563524042630081,3.593813779138607,3.600392724530616,3.5953482745095906
1.287910221343133,0.630463672899199,0.3785430805206902,3.5633357301300927,3.5931590166385785,3.5996496245306386,3.594968774509591
1.2880164025931353,0.630463672899199,0.378522619886921,3.5632415738800987,3.5932525541385827,3.5997425120306357,3.594873899509591
1.2881225838431376,0.6305339866491999,0.37851034350665946,3.563524042630081,3.5932525541385827,3.5996496245306386,3.594589274509591
1.2880164025931353,0.6305339866491999,0.378522619886921,3.5633357301300927,3.5931590166385785,3.5995567370306416,3.5946841495095914
1.2879633119681342,0.6305339866491999,0.37851034350665946,3.5633357301300927,3.5931590166385785,3.5995567370306416,3.5944943995095913
1.2880164025931353,0.6305691435242005,0.378522619886921,3.5633357301300927,3.5930654791385743,3.5996496245306386,3.5947790245095907
1.2880694932181365,0.6305691435242005,0.378522619886921,3.5633357301300927,3.5932525541385827,3.5996496245306386,3.594968774509591
1.498507159861026,0.7345407139071778,0.4016138179909904,4.149963701306046,4.183855926986585,4.1736396894663494,4.1908861355079265
1.498780335681837,0.734618750352984,0.40161791011774417,4.149775388806058,4.183668851986576,4.173546801966352,4.190791260507927
1.4987504131442515,0.7346110276571787,0.4016056337374827,4.150152013806034,4.183762389486581,4.1736396894663494,4.1908861355079265
1.4988334263068381,0.7346384618363739,0.4016056337374827,4.150152013806034,4.183855926986585,4.173361026966358,4.190696385507927
1.4987117996652253,0.734618750352984,0.4016138179909904,4.149963701306046,4.182920551986544,4.172710814466377,4.189557885507928
1.4986432636486136,0.734618750352984,0.4016097258642365,4.149963701306046,4.183388239486565,4.173361026966358,4.190222010507927
1.4986587090402241,0.7346264730487893,0.4016015416107288,4.149963701306046,4.184978376986635,4.17494011446631,4.191834885507926
1.4987272450568359,0.7345561592987884,0.40161791011774417,4.149963701306046,4.183762389486581,4.1736396894663494,4.190696385507927
1.4986818771276398,0.734618750352984,0.40161791011774417,4.150152013806034,4.184604226986618,4.1741970144663325,4.191740010507926
1.4987272450568359,0.7345758707821783,0.4016138179909904,4.149963701306046,4.1846977644866215,4.1745685644663215,4.191645135507926
1.498734967752641,0.7345407139071778,0.40161791011774417,4.149869545056052,4.183855926986585,4.1738254644663435,4.190981010507927
1.4988334263068381,0.7345484366029831,0.4016123184518776,4.149963701306046,4.183668851986576,4.1736396894663494,4.1908861355079265
1.4987195223610306,0.7345913161737888,0.4016164105786315,4.149869545056052,4.183107626986552,4.1730823644663655,4.190127135507927
1.4986587090402241,0.7345913161737888,0.40162868695889303,4.15005785755604,4.184604226986618,4.174475676966324,4.191645135507926
1.4987648902902264,0.7344858455487874,0.40162868695889303,4.150152013806034,4.184230076986601,4.1741970144663325,4.191265635507927
1.4986664317360294,0.7345913161737888,0.40162868695889303,4.149869545056052,4.183668851986576,4.173546801966352,4.1908861355079265
1.4986664317360294,0.7345561592987884,0.4016164105786315,4.149963701306046,4.184978376986635,4.174661451966319,4.191740010507926
1.4986741544318347,0.7346616299237897,0.40160413419836993,4.149963701306046,4.18441715198661,4.174475676966324,4.191550260507926
1.4986741544318347,0.7345561592987884,0.4016205027053853,4.15005785755604,4.183668851986576,4.173546801966352,4.1908861355079265
1.498788058377642,0.7346264730487893,0.40160822632512383,4.150152013806034,4.183855926986585,4.1736396894663494,4.190791260507927
1.4988334263068381,0.734618750352984,0.40162868695889303,4.150246170056028,4.183668851986576,4.173546801966352,4.190981010507927
1.4986664317360294,0.7346539072279845,0.4016123184518776,4.150246170056028,4.183762389486581,4.173546801966352,4.190696385507927
1.4986587090402241,0.7345132797279825,0.4016205027053853,4.149963701306046,4.18394946448659,4.173453914466355,4.190791260507927
1.4986664317360294,0.7344781228529822,0.4016205027053853,4.149963701306046,4.183481776986568,4.173361026966358,4.190506635507927
1.4986664317360294,0.7345561592987884,0.4016123184518776,4.150152013806034,4.18394946448659,4.173546801966352,4.190696385507927
1.4986741544318347,0.7344858455487874,0.4016205027053853,4.150246170056028,4.183481776986568,4.173453914466355,4.190411760507927
1.498780335681837,0.7346890641029848,0.40160822632512383,4.150246170056028,4.183855926986585,4.173732576966346,4.190981010507927
1.498780335681837,0.7344781228529822,0.4016164105786315,4.149963701306046,4.183855926986585,4.173546801966352,4.190601510507927
1.498780335681837,0.7345132797279825,0.4016205027053853,4.150246170056028,4.18394946448659,4.1738254644663435,4.190791260507927
1.4987726129860317,0.734618750352984,0.4016123184518776,4.149775388806058,4.18394946448659,4.173546801966352,4.190696385507927
1.4987117996652253,0.7345835934779836,0.4016164105786315,4.15005785755604,4.18235932698652,4.172246376966392,4.189273260507928
1.4988787942360342,0.734618750352984,0.4016123184518776,4.149963701306046,4.183481776986568,4.173546801966352,4.190791260507927
1.4986133411110283,0.7344429659779816,0.4016205027053853,4.149587076306069,4.183762389486581,4.173732576966346,4.190696385507927
1.4987272450568359,0.7345484366029831,0.4016164105786315,4.150246170056028,4.183388239486565,4.173361026966358,4.190127135507927
1.4986818771276398,0.7345484366029831,0.4016205027053853,4.15005785755604,4.183668851986576,4.173546801966352,4.1908861355079265
1.4989396075568404,0.7346539072279845,0.4016205027053853,4.149963701306046,4.184978376986635,4.174754339466316,4.191834885507926
1.4986664317360294,0.7345835934779836,0.4016151142848109,4.149775388806058,4.183762389486581,4.173732576966346,4.1908861355079265
1.4987648902902264,0.7346539072279845,0.4016232985383186,4.150152013806034,4.183855926986585,4.173732576966346,4.190791260507927
1.4986587090402241,0.7345835934779836,0.4016110221580571,4.149775388806058,4.183575314486573,4.173546801966352,4.1908861355079265
1.4987726129860317,0.7345835934779836,0.4016151142848109,4.150152013806034,4.184604226986618,4.1745685644663215,4.191550260507926
1.4987272450568359,0.7346539072279845,0.4016314827918263,4.149963701306046,4.183855926986585,4.173546801966352,4.190601510507927
1.498780335681837,0.7346890641029848,0.4016192064115648,4.149963701306046,4.183855926986585,4.173546801966352,4.1908861355079265
1.498788058377642,0.7345835934779836,0.40162739066507247,4.150340326306022,4.183855926986585,4.1738254644663435,4.190601510507927
1.4988334263068381,0.7346890641029848,0.4016192064115648,4.150246170056028,4.184043001986593,4.173453914466355,4.1908861355079265
1.4986741544318347,0.7345913161737888,0.40162739066507247,4.150152013806034,4.183481776986568,4.173546801966352,4.1908861355079265
1.4987272450568359,0.7346341957445945,0.4016232985383186,4.15005785755604,4.18394946448659,4.173732576966346,4.1908861355079265
1.4987195223610306,0.7345990388695941,0.40162739066507247,4.149963701306046,4.183107626986552,4.172896589466372,4.189842510507928
1.4986664317360294,0.7345990388695941,0.4016110221580571,4.149869545056052,4.182733476986536,4.17261792696638,4.189463010507928
1.4987195223610306,0.7345638819945937,0.40162739066507247,4.150152013806034,4.184043001986593,4.173732576966346,4.190791260507927
1.4986741544318347,0.7345990388695941,0.40162739066507247,4.15005785755604,4.183762389486581,4.1736396894663494,4.190791260507927
1.498788058377642,0.7345638819945937,0.4016151142848109,4.150246170056028,4.182733476986536,4.172339264466389,4.189368135507928
1.4986741544318347,0.7345990388695941,0.4016151142848109,4.150246170056028,4.183668851986576,4.173453914466355,4.190696385507927
1.4986741544318347,0.7346341957445945,0.4016151142848109,4.15005785755604,4.183668851986576,4.173546801966352,4.1908861355079265
1.4986741544318347,0.7346341957445945,0.4016192064115648,4.150246170056028,4.183575314486573,4.173361026966358,4.190696385507927
1.4986741544318347,0.7345990388695941,0.4016151142848109,4.15005785755604,4.184323614486606,4.174289901966329,4.191360510507926
1.4986664317360294,0.7345990388695941,0.4016192064115648,4.150246170056028,4.183575314486573,4.173732576966346,4.190791260507927
1.4986210638068336,0.7345990388695941,0.40162739066507247,4.150152013806034,4.184136539486597,4.1736396894663494,4.190696385507927
1.4988411490026434,0.734669352619595,0.4016110221580571,4.150246170056028,4.183855926986585,4.173546801966352,4.1908861355079265
1.4988411490026434,0.7345990388695941,0.4016151142848109,4.150246170056028,4.1846977644866215,4.174475676966324,4.191645135507926
1.498780335681837,0.7345913161737888,0.4016151142848109,4.150152013806034,4.183855926986585,4.173453914466355,4.191075885507926
1.4986133411110283,0.7346264730487893,0.40162739066507247,4.15005785755604,4.183855926986585,4.173732576966346,4.190981010507927
1.4987272450568359,0.7346264730487893,0.40162739066507247,4.150152013806034,4.183481776986568,4.172989476966369,4.190316885507928
1.4987195223610306,0.7345561592987884,0.4016192064115648,4.149963701306046,4.183575314486573,4.173361026966358,4.190222010507927
1.4986664317360294,0.7345561592987884,0.4016192064115648,4.15005785755604,4.18394946448659,4.173732576966346,4.190696385507927
1.498825703611033,0.7345561592987884,0.4016192064115648,4.149963701306046,4.184043001986593,4.173732576966346,4.190696385507927
1.4986664317360294,0.7346616299237897,0.4016192064115648,4.15005785755604,4.183668851986576,4.1738254644663435,4.190601510507927
1.498825703611033,0.7345913161737888,0.4016314827918263,4.150152013806034,4.183855926986585,4.173732576966346,4.1908861355079265
1.4986664317360294,0.7346264730487893,0.4016151142848109,4.150152013806034,4.183762389486581,4.1738254644663435,4.1908861355079265
1.4986664317360294,0.7345913161737888,0.4016192064115648,4.15005785755604,4.183575314486573,4.173361026966358,4.190981010507927
1.4986741544318347,0.7346264730487893,0.40162739066507247,4.15005785755604,4.184136539486597,4.173732576966346,4.1908861355079265
1.4986741544318347,0.7346264730487893,0.4016110221580571,4.149963701306046,4.183762389486581,4.1736396894663494,4.190696385507927
1.4986664317360294,0.7346264730487893,0.4016192064115648,4.149869545056052,4.183762389486581,4.1736396894663494,4.1908861355079265
1.498780335681837,0.7346264730487893,0.4016314827918263,4.149963701306046,4.183762389486581,4.173361026966358,4.190601510507927
1.498788058377642,0.7344858455487874,0.4016314827918263,4.149963701306046,4.183855926986585,4.1736396894663494,4.190791260507927
1.4986818771276398,0.7345561592987884,0.4016314827918263,4.149963701306046,4.183388239486565,4.172989476966369,4.190411760507927
1.498734967752641,0.7346616299237897,0.40162739066507247,4.15005785755604,4.183668851986576,4.173175251966363,4.190601510507927
1.498780335681837,0.7346616299237897,0.40162739066507247,4.149963701306046,4.183481776986568,4.173546801966352,4.190506635507927
1.4987726129860317,0.7346264730487893,0.40162739066507247,4.150152013806034,4.183855926986585,4.1736396894663494,4.190601510507927
1.4987726129860317,0.7346264730487893,0.4016151142848109,4.149963701306046,4.18394946448659,4.1736396894663494,4.190791260507927
1.4986664317360294,0.7345913161737888,0.40162739066507247,4.150152013806034,4.183575314486573,4.173175251966363,4.190601510507927
1.4986741544318347,0.7346616299237897,0.40162739066507247,4.149963701306046,4.18394946448659,4.1736396894663494,4.190791260507927
1.4986287865026386,0.7346967867987901,0.4016192064115648,4.149869545056052,4.184043001986593,4.173732576966346,4.190791260507927
1.4986818771276398,0.734571604690399,0.4016232985383186,4.150246170056028,4.183855926986585,4.1738254644663435,4.1908861355079265
1.4985679731818324,0.7346770753154003,0.40162739066507247,4.149869545056052,4.1832947019865605,4.173361026966358,4.190601510507927
1.4986664317360294,0.7346770753154003,0.4016028379045494,4.150246170056028,4.183855926986585,4.173732576966346,4.190696385507927
1.4986664317360294,0.734571604690399,0.40162739066507247,4.150152013806034,4.184136539486597,4.173546801966352,4.1908861355079265
1.4987195223610306,0.7345364478153984,0.4016314827918263,4.15005785755604,4.183668851986576,4.1736396894663494,4.190696385507927
1.4986664317360294,0.7344935682445927,0.4016151142848109,4.150152013806034,4.18394946448659,4.1738254644663435,4.190981010507927
1.4986133411110283,0.7346341957445945,0.4016192064115648,4.149963701306046,4.183855926986585,4.173453914466355,4.1908861355079265
1.4985602504860271,0.7346067615653994,0.4016192064115648,4.15005785755604,4.183481776986568,4.173175251966363,4.190316885507928
1.4987195223610306,0.7346067615653994,0.4016151142848109,4.150246170056028,4.1832947019865605,4.172803701966375,4.190127135507927
1.4987726129860317,0.7345364478153984,0.4016192064115648,4.15005785755604,4.18394946448659,4.1736396894663494,4.1908861355079265
1.4987726129860317,0.7346341957445945,0.4016151142848109,4.149775388806058,4.18394946448659,4.1736396894663494,4.1908861355079265
1.4987195223610306,0.7345990388695941,0.4016314827918263,4.15005785755604,4.183855926986585,4.173453914466355,4.190791260507927
1.4985602504860271,0.734669352619595,0.40162739066507247,4.150152013806034,4.181985176986503,4.171967714466399,4.1890835105079285
1.4986664317360294,0.7347045094945954,0.4016314827918263,4.149963701306046,4.183762389486581,4.173361026966358,4.190696385507927
1.498825703611033,0.7346341957445945,0.4016110221580571,4.15005785755604,4.18394946448659,4.173918351966341,4.190791260507927
1.4987726129860317,0.7345990388695941,0.4016314827918263,4.149963701306046,4.183855926986585,4.1736396894663494,4.190791260507927
1.4986664317360294,0.734669352619595,0.4016151142848109,4.150152013806034,4.183481776986568,4.1730823644663655,4.190601510507927
1.4986133411110283,0.7345990388695941,0.4016110221580571,4.150152013806034,4.18441715198661,4.174289901966329,4.191455385507926
1.4987195223610306,0.7345990388695941,0.40163557491858015,4.15005785755604,4.183762389486581,4.1738254644663435,4.190601510507927
1.4987726129860317,0.7345990388695941,0.4016192064115648,4.15005785755604,4.183855926986585,4.173453914466355,4.190791260507927
1.4986664317360294,0.734669352619595,0.40162739066507247,4.150246170056028,4.184043001986593,4.173546801966352,4.1908861355079265
1.4986664317360294,0.734669352619595,0.40162739066507247,4.150152013806034,4.183855926986585,4.173453914466355,4.190696385507927
1.4986664317360294,0.7345990388695941,0.40163557491858015,4.149587076306069,4.1847913019866265,4.174382789466327,4.191645135507926
1.4987195223610306,0.7345638819945937,0.40162739066507247,4.150152013806034,4.183014089486548,4.172896589466372,4.190032260507928
1.4986664317360294,0.7345287251195931,0.40162739066507247,4.149963701306046,4.18394946448659,4.173918351966341,4.1908861355079265
1.4987726129860317,0.7345990388695941,0.4016192064115648,4.149963701306046,4.183668851986576,4.173732576966346,4.190791260507927
1.4986664317360294,0.7346341957445945,0.40163557491858015,4.150246170056028,4.183668851986576,4.173546801966352,4.190791260507927
1.4985602504860271,0.7346341957445945,0.4016151142848109,4.150246170056028,4.183575314486573,4.173361026966358,4.190506635507927
1.4987726129860317,0.7346341957445945,0.40162739066507247,4.150152013806034,4.18394946448659,4.1736396894663494,4.1908861355079265
1.4986133411110283,0.7345990388695941,0.4016110221580571,4.150152013806034,4.184043001986593,4.1738254644663435,4.191075885507926
1.498825703611033,0.734669352619595,0.4016151142848109,4.150152013806034,4.18394946448659,4.173732576966346,4.190696385507927
1.4987726129860317,0.7346341957445945,0.4016151142848109,4.15005785755604,4.183855926986585,4.173546801966352,4.190601510507927
1.4986133411110283,0.7345990388695941,0.40162739066507247,4.149963701306046,4.183855926986585,4.1736396894663494,4.190981010507927
1.4987195223610306,0.734669352619595,0.40162739066507247,4.149869545056052,4.183388239486565,4.173175251966363,4.190127135507927
1.4986664317360294,0.734669352619595,0.4016192064115648,4.150152013806034,4.184604226986618,4.174754339466316,4.191740010507926
1.4986664317360294,0.7345990388695941,0.40162739066507247,4.15005785755604,4.183762389486581,4.1736396894663494,4.1908861355079265
1.4986664317360294,0.7346341957445945,0.4016299832527136,4.15005785755604,4.183668851986576,4.173361026966358,4.190411760507927
1.4986664317360294,0.7346144842612047,0.4016381675062213,4.15005785755604,4.184230076986601,4.1741970144663325,4.191360510507926
1.4986664317360294,0.7346496411362051,0.40163407537946744,4.15005785755604,4.184043001986593,4.1736396894663494,4.190601510507927
1.4986664317360294,0.7346496411362051,0.4016217989992059,4.150152013806034,4.183668851986576,4.173453914466355,4.1908861355079265
1.4986664317360294,0.7345441705112037,0.4016299832527136,4.150152013806034,4.183855926986585,4.173732576966346,4.190791260507927
1.4988787942360342,0.7346144842612047,0.4016299832527136,4.150246170056028,4.1846977644866215,4.174754339466316,4.191740010507926
1.4986664317360294,0.7346144842612047,0.40163407537946744,4.15005785755604,4.183855926986585,4.173546801966352,4.190601510507927
1.4987726129860317,0.7345793273862042,0.4016381675062213,4.15005785755604,4.18394946448659,4.173546801966352,4.190791260507927
1.4988787942360342,0.7345793273862042,0.40163407537946744,4.15005785755604,4.183668851986576,4.173175251966363,4.190506635507927
1.498825703611033,0.7346144842612047,0.4016217989992059,4.149963701306046,4.183762389486581,4.173732576966346,4.190791260507927
1.4987195223610306,0.7345441705112037,0.4016299832527136,4.150152013806034,4.185726676986667,4.17559032696629,4.192783635507925
1.4987726129860317,0.734571604690399,0.40161361474569823,4.150152013806034,4.18394946448659,4.173361026966358,4.190791260507927
1.4987195223610306,0.7346067615653994,0.4016258911259597,4.150152013806034,4.18394946448659,4.173546801966352,4.190791260507927
1.4987195223610306,0.7346067615653994,0.4016258911259597,4.15005785755604,4.183388239486565,4.173361026966358,4.190222010507927
1.4987726129860317,0.734719954886206,0.4016217989992059,4.15005785755604,4.183668851986576,4.173546801966352,4.190506635507927
1.4986133411110283,0.7346496411362051,0.40163407537946744,4.149869545056052,4.183481776986568,4.173453914466355,4.190316885507928
1.498780335681837,0.7346144842612047,0.4016381675062213,4.149963701306046,4.18394946448659,4.1736396894663494,4.190791260507927
1.4986818771276398,0.7346067615653994,0.4016299832527136,4.15005785755604,4.183668851986576,4.173546801966352,4.190791260507927
1.4988411490026434,0.7345364478153984,0.4016299832527136,4.150246170056028,4.183575314486573,4.173361026966358,4.190601510507927
1.498780335681837,0.7346067615653994,0.4016299832527136,4.149963701306046,4.18394946448659,4.173918351966341,4.1908861355079265
1.4986664317360294,0.7346419184403998,0.4016381675062213,4.149963701306046,4.184323614486606,4.174475676966324,4.191455385507926
1.4987726129860317,0.7346067615653994,0.4016299832527136,4.149963701306046,4.183762389486581,4.1736396894663494,4.190791260507927
1.4986741544318347,0.7346067615653994,0.4016381675062213,4.149963701306046,4.184136539486597,4.173546801966352,4.1908861355079265
1.4986741544318347,0.7346067615653994,0.4016299832527136,4.149963701306046,4.182546401986528,4.172432151966386,4.189557885507928
1.4986287865026386,0.734501290940398,0.4016217989992059,4.150152013806034,4.183855926986585,4.1736396894663494,4.190791260507927
1.4986818771276398,0.7346067615653994,0.4016299832527136,4.149869545056052,4.183388239486565,4.173175251966363,4.190506635507927
1.498734967752641,0.734571604690399,0.4016217989992059,4.149963701306046,4.183668851986576,4.17326813946636,4.190506635507927
1.4986818771276398,0.7347122321904007,0.401617706872452,4.149963701306046,4.183855926986585,4.173361026966358,4.190601510507927
1.4986287865026386,0.7346770753154003,0.4016381675062213,4.149963701306046,4.183668851986576,4.173175251966363,4.190411760507927
1.4986818771276398,0.734571604690399,0.4016299832527136,4.149963701306046,4.184043001986593,4.173546801966352,4.190791260507927
1.498788058377642,0.7346067615653994,0.4016299832527136,4.150152013806034,4.184323614486606,4.173732576966346,4.191075885507926
1.4986818771276398,0.7346067615653994,0.4016299832527136,4.150152013806034,4.183855926986585,4.173453914466355,4.190791260507927
1.4986818771276398,0.734571604690399,0.40163407537946744,4.149963701306046,4.184604226986618,4.174289901966329,4.191360510507926
1.498734967752641,0.7347122321904007,0.4016299832527136,4.149963701306046,4.184043001986593,4.1736396894663494,4.190696385507927
1.4986818771276398,0.734571604690399,0.40164635175972896,4.15005785755604,4.184043001986593,4.173453914466355,4.190696385507927
1.498788058377642,0.7346847980112056,0.4016299832527136,4.150246170056028,4.183575314486573,4.173732576966346,4.190696385507927
1.4986818771276398,0.7346144842612047,0.4016217989992059,4.15005785755604,4.18394946448659,4.173918351966341,4.190981010507927
1.498734967752641,0.7346573638320104,0.4016299832527136,4.15005785755604,4.182452864486523,4.172060601966397,4.189463010507928
1.4985756958776375,0.73462220695701,0.401617706872452,4.149963701306046,4.183668851986576,4.173546801966352,4.1908861355079265
1.4986818771276398,0.73462220695701,0.40163407537946744,4.15005785755604,4.183762389486581,4.173546801966352,4.190696385507927
1.498788058377642,0.7346573638320104,0.40163407537946744,4.149963701306046,4.183668851986576,4.1736396894663494,4.190506635507927
1.498734967752641,0.7346573638320104,0.4016258911259597,4.150152013806034,4.18394946448659,4.1736396894663494,4.190601510507927
1.4986287865026386,0.7345167363320085,0.4016299832527136,4.149775388806058,4.183388239486565,4.173175251966363,4.190411760507927
1.4986818771276398,0.7345870500820095,0.4016299832527136,4.149869545056052,4.182920551986544,4.172803701966375,4.189937385507927
1.4986818771276398,0.7346925207070109,0.4016299832527136,4.149963701306046,4.183668851986576,4.173546801966352,4.190601510507927
1.4986818771276398,0.7347276775820113,0.4016217989992059,4.150246170056028,4.183855926986585,4.1736396894663494,4.1908861355079265
1.4984695146276352,0.73462220695701,0.40163407537946744,4.15005785755604,4.18235932698652,4.172432151966386,4.189463010507928
1.498734967752641,0.7346925207070109,0.401617706872452,4.150152013806034,4.183762389486581,4.173546801966352,4.1908861355079265
1.4988411490026434,0.7347276775820113,0.4016258911259597,4.149963701306046,4.183855926986585,4.173732576966346,4.1908861355079265
1.4986818771276398,0.7346573638320104,0.4016299832527136,4.150340326306022,4.183855926986585,4.1736396894663494,4.190696385507927
1.4986818771276398,0.7346496411362051,0.4016299832527136,4.149963701306046,4.18394946448659,4.173732576966346,4.190981010507927
1.4985756958776375,0.734719954886206,0.4016217989992059,4.150152013806034,4.183855926986585,4.173732576966346,4.190601510507927
1.4986818771276398,0.7346144842612047,0.4016299832527136,4.150152013806034,4.18394946448659,4.1736396894663494,4.190791260507927
1.4986287865026386,0.7346496411362051,0.4016381675062213,4.150152013806034,4.183855926986585,4.173546801966352,4.190981010507927
1.4986287865026386,0.7345793273862042,0.401617706872452,4.149963701306046,4.183855926986585,4.1738254644663435,4.190981010507927
1.4986818771276398,0.7346144842612047,0.4016299832527136,4.149963701306046,4.18394946448659,4.173732576966346,4.190791260507927
1.498734967752641,0.7346144842612047,0.40163407537946744,4.149963701306046,4.183855926986585,4.1738254644663435,4.190791260507927
1.4986818771276398,0.7346847980112056,0.4016299832527136,4.150246170056028,4.183855926986585,4.173732576966346,4.1908861355079265
1.498788058377642,0.7346496411362051,0.4016217989992059,4.150152013806034,4.183668851986576,4.1730823644663655,4.190791260507927
1.498734967752641,0.7346144842612047,0.4016381675062213,4.149775388806058,4.183762389486581,4.173546801966352,4.190791260507927
1.498788058377642,0.7346144842612047,0.40163407537946744,4.149963701306046,4.184978376986635,4.174754339466316,4.191740010507926
1.4986818771276398,0.7346847980112056,0.4016299832527136,4.15005785755604,4.184136539486597,4.173732576966346,4.190981010507927
1.4986818771276398,0.7345793273862042,0.4016381675062213,4.15005785755604,4.183855926986585,4.173546801966352,4.190791260507927
1.4986818771276398,0.7346144842612047,0.4016217989992059,4.149869545056052,4.183855926986585,4.1736396894663494,4.190791260507927
1.4986818771276398,0.7346144842612047,0.4016299832527136,4.149963701306046,4.18394946448659,4.1738254644663435,4.190696385507927
1.4986818771276398,0.7346144842612047,0.4016381675062213,4.149963701306046,4.183855926986585,4.173546801966352,4.190981010507927
1.498788058377642,0.7346847980112056,0.4016217989992059,4.150246170056028,4.183668851986576,4.1738254644663435,4.190791260507927
1.498734967752641,0.7346496411362051,0.40163407537946744,4.150152013806034,4.184604226986618,4.1741970144663325,4.191265635507927
1.498734967752641,0.7346144842612047,0.4016299832527136,4.149963701306046,4.18394946448659,4.173732576966346,4.190981010507927
1.4986818771276398,0.7346496411362051,0.4016217989992059,4.150152013806034,4.1846977644866215,4.174382789466327,4.191550260507926
1.4986818771276398,0.7346496411362051,0.4016299832527136,4.150246170056028,4.183855926986585,4.173546801966352,4.190696385507927
1.4986818771276398,0.7346496411362051,0.4016299832527136,4.15005785755604,4.184136539486597,4.1738254644663435,4.190791260507927
1.498788058377642,0.7346496411362051,0.4016299832527136,4.149775388806058,4.184043001986593,4.173453914466355,4.191075885507926
1.498788058377642,0.7346496411362051,0.4016258911259597,4.150246170056028,4.183668851986576,4.1736396894663494,4.190791260507927
1.4986287865026386,0.7345793273862042,0.4016299832527136,4.15005785755604,4.183855926986585,4.1736396894663494,4.190981010507927
1.4986818771276398,0.7346496411362051,0.4016299832527136,4.149869545056052,4.183855926986585,4.173546801966352,4.190791260507927
1.4986818771276398,0.7346144842612047,0.4016381675062213,4.150246170056028,4.18394946448659,4.173546801966352,4.190791260507927
1.498734967752641,0.7346496411362051,0.40163407537946744,4.150152013806034,4.184136539486597,4.1738254644663435,4.1911707605079265
1.4985756958776375,0.7345793273862042,0.40162868695889303,4.150340326306022,4.183855926986585,4.173732576966346,4.1908861355079265
1.498788058377642,0.7346847980112056,0.40162868695889303,4.149963701306046,4.184043001986593,4.173732576966346,4.190981010507927
1.4986287865026386,0.7346847980112056,0.40162868695889303,4.150152013806034,4.183762389486581,4.173453914466355,4.190791260507927
1.4986818771276398,0.7346496411362051,0.40160822632512383,4.150434482556016,4.183107626986552,4.173175251966363,4.190127135507927
1.4986287865026386,0.7345793273862042,0.4016245948321392,4.150246170056028,4.18488483948663,4.17494011446631,4.192214385507926
1.4986287865026386,0.7346925207070109,0.4016327790856469,4.149963701306046,4.183855926986585,4.173732576966346,4.190696385507927
1.4985756958776375,0.7346925207070109,0.4016368712124007,4.150246170056028,4.183855926986585,4.1736396894663494,4.190696385507927
1.4986287865026386,0.7346650865278157,0.4016368712124007,4.149963701306046,4.184043001986593,4.173732576966346,4.190981010507927
1.4986818771276398,0.7346299296528153,0.4016205027053853,4.150152013806034,4.184604226986618,4.1741970144663325,4.191645135507926
1.498734967752641,0.7345947727778148,0.4016205027053853,4.150152013806034,4.184043001986593,4.173732576966346,4.190981010507927
1.4986818771276398,0.7346650865278157,0.4016327790856469,4.149869545056052,4.18394946448659,4.173546801966352,4.190981010507927
1.4986818771276398,0.7345947727778148,0.40162868695889303,4.149963701306046,4.183575314486573,4.173453914466355,4.190696385507927
1.4986818771276398,0.7346573638320104,0.40162868695889303,4.150152013806034,4.184043001986593,4.1738254644663435,4.190981010507927
1.4985602504860271,0.7345870500820095,0.4016164105786315,4.149963701306046,4.184136539486597,4.174104126966336,4.190981010507927
1.4986664317360294,0.7345947727778148,0.4016327790856469,4.150152013806034,4.183388239486565,4.173175251966363,4.190222010507927
1.4986210638068336,0.7347354002778166,0.40162868695889303,4.150340326306022,4.183855926986585,4.1736396894663494,4.190981010507927
1.4987272450568359,0.7347002434028161,0.4016205027053853,4.149963701306046,4.1847913019866265,4.174754339466316,4.191645135507926
1.4986818771276398,0.7346925207070109,0.4016205027053853,4.149963701306046,4.183762389486581,4.173361026966358,4.190411760507927
1.498788058377642,0.7347276775820113,0.40162868695889303,4.150152013806034,4.183855926986585,4.173546801966352,4.190791260507927
1.498788058377642,0.7346925207070109,0.4016164105786315,4.15005785755604,4.184604226986618,4.174661451966319,4.191550260507926
1.4986818771276398,0.7346925207070109,0.4016164105786315,4.15005785755604,4.183855926986585,4.173732576966346,4.1908861355079265
1.498788058377642,0.7347979913320123,0.40162868695889303,4.150152013806034,4.183855926986585,4.1738254644663435,4.190696385507927
1.4986287865026386,0.73462220695701,0.4016327790856469,4.15005785755604,4.184043001986593,4.173732576966346,4.190791260507927
1.4986818771276398,0.7346573638320104,0.40162868695889303,4.15005785755604,4.183855926986585,4.173732576966346,4.1908861355079265
1.4986818771276398,0.7346573638320104,0.40162868695889303,4.150152013806034,4.1846977644866215,4.1745685644663215,4.191645135507926
1.4985756958776375,0.7345167363320085,0.4016205027053853,4.149963701306046,4.183855926986585,4.173546801966352,4.190791260507927
1.4986818771276398,0.73462220695701,0.40162868695889303,4.149963701306046,4.184323614486606,4.173918351966341,4.191360510507926
1.4988411490026434,0.7346925207070109,0.4016205027053853,4.15005785755604,4.183762389486581,4.173453914466355,4.190601510507927
1.4986818771276398,0.73462220695701,0.4016327790856469,4.149775388806058,4.183481776986568,4.173453914466355,4.190222010507927
1.4984695146276352,0.7345167363320085,0.4016327790856469,4.149963701306046,4.183762389486581,4.1738254644663435,4.190696385507927
1.4986287865026386,0.7345870500820095,0.40162868695889303,4.150152013806034,4.18235932698652,4.172060601966397,4.189273260507928
1.498734967752641,0.73462220695701,0.4016327790856469,4.150152013806034,4.183762389486581,4.173361026966358,4.190601510507927
1.4986818771276398,0.7346925207070109,0.4016205027053853,4.15005785755604,4.183201164486556,4.1730823644663655,4.190127135507927
1.498788058377642,0.73462220695701,0.4016245948321392,4.149963701306046,4.183575314486573,4.173361026966358,4.190411760507927
1.4986818771276398,0.7346925207070109,0.4016327790856469,4.149775388806058,4.183855926986585,4.1738254644663435,4.190791260507927
1.498788058377642,0.7346573638320104,0.40162868695889303,4.15005785755604,4.18394946448659,4.173546801966352,4.190601510507927
1.4984695146276352,0.7346573638320104,0.4016368712124007,4.149869545056052,4.183201164486556,4.172989476966369,4.189842510507928
1.4986287865026386,0.7346573638320104,0.4016327790856469,4.15005785755604,4.183762389486581,4.1738254644663435,4.190601510507927
1.4986287865026386,0.73462220695701,0.4016368712124007,4.15005785755604,4.183668851986576,4.173732576966346,4.1908861355079265
1.498788058377642,0.7346925207070109,0.40162868695889303,4.149963701306046,4.18394946448659,4.173732576966346,4.190791260507927
1.4986741544318347,0.73462220695701,0.4016327790856469,4.150152013806034,4.183201164486556,4.17261792696638,4.190127135507927
1.498734967752641,0.73462220695701,0.40162868695889303,4.149963701306046,4.183575314486573,4.173453914466355,4.190411760507927
1.498788058377642,0.7345870500820095,0.4016327790856469,4.150152013806034,4.183481776986568,4.173546801966352,4.190127135507927
1.498788058377642,0.7346650865278157,0.4016164105786315,4.150152013806034,4.18394946448659,4.1736396894663494,4.1908861355079265
1.498734967752641,0.7346024954736201,0.40162868695889303,4.149869545056052,4.184136539486597,4.173732576966346,4.190696385507927
1.498788058377642,0.734672809223621,0.40162868695889303,4.149963701306046,4.1846977644866215,4.1741970144663325,4.191740010507926
1.4988411490026434,0.7346376523486206,0.40162868695889303,4.150152013806034,4.184136539486597,4.1738254644663435,4.1908861355079265
1.4988942396276446,0.7346376523486206,0.40162868695889303,4.149963701306046,4.183855926986585,4.1736396894663494,4.190791260507927
1.4986818771276398,0.734672809223621,0.4016245948321392,4.150246170056028,4.183855926986585,4.173732576966346,4.190696385507927
1.498734967752641,0.734672809223621,0.4016205027053853,4.150246170056028,4.183762389486581,4.173732576966346,4.191075885507926
1.498788058377642,0.7347079660986214,0.4016205027053853,4.150246170056028,4.184136539486597,4.173546801966352,4.1908861355079265
1.4986818771276398,0.7345321817236191,0.40162868695889303,4.149869545056052,4.184323614486606,4.173732576966346,4.190981010507927
1.498734967752641,0.7346376523486206,0.4016205027053853,4.15005785755604,4.183762389486581,4.173732576966346,4.190791260507927
1.4986287865026386,0.7346376523486206,0.40162868695889303,4.15005785755604,4.182546401986528,4.172060601966397,4.189463010507928
1.7100606978745754,0.8399366517980567,0.424729772100875,4.736605858340982,4.764609587997675,4.744616100456647,4.780391262951767
1.7100153299453797,0.8398586153522505,0.42473795635438266,4.736511702090988,4.766293262997749,4.7461951879566,4.782004137951766
1.710076143266186,0.8398234584772499,0.4247338642276288,4.736417545840994,4.766293262997749,4.746102300456602,4.782004137951766
1.7100684205703809,0.8399563632814466,0.42472288414118786,4.736605858340982,4.766293262997749,4.7461951879566,4.782004137951766
1.710098343107966,0.8398234584772499,0.4247405489420238,4.736511702090988,4.766386800497752,4.746380962956594,4.782193887951766
1.7100906204121609,0.839893772227251,0.4247405489420238,4.736605858340982,4.766293262997749,4.7461951879566,4.782004137951766
1.7098328899829602,0.8399014949230563,0.4247323646885161,4.736229233341006,4.767041562997781,4.74684540045658,4.782668262951765
1.7102276924453843,0.8399014949230563,0.42473645681526995,4.736511702090988,4.766386800497752,4.7461951879566,4.781909262951766
1.7102276924453843,0.8397883016022496,0.42473645681526995,4.736511702090988,4.766293262997749,4.746102300456602,4.782004137951766
1.7101369565869926,0.8398860495314457,0.4247405489420238,4.736417545840994,4.766480337997757,4.746102300456602,4.781814387951766
1.710121511195382,0.8399289291022514,0.42473645681526995,4.736417545840994,4.766386800497752,4.746380962956594,4.782099012951766
1.7100076072495742,0.8399289291022514,0.42473645681526995,4.736417545840994,4.766106187997741,4.7461951879566,4.781814387951766
1.7101137884995765,0.839893772227251,0.4247351605214494,4.736511702090988,4.765919112997732,4.745637862956617,4.781434887951766
1.7100076072495742,0.8399366517980567,0.4247392526482032,4.736417545840994,4.766199725497744,4.746009412956605,4.781909262951766
1.7101137884995765,0.8399366517980567,0.4247269762679417,4.736323389591,4.766293262997749,4.746102300456602,4.781814387951766
1.7101137884995765,0.8399289291022514,0.4247351605214494,4.736700014590976,4.766293262997749,4.746380962956594,4.782193887951766
1.7100684205703809,0.8398586153522505,0.42474334477495707,4.736417545840994,4.766106187997741,4.7461951879566,4.781814387951766
1.7100230526411848,0.839893772227251,0.4247392526482032,4.736417545840994,4.765732037997724,4.745544975456619,4.781434887951766
1.710129233891187,0.8398586153522505,0.42474334477495707,4.736417545840994,4.766293262997749,4.746009412956605,4.781814387951766
1.710121511195382,0.8399014949230563,0.42472288414118786,4.736700014590976,4.766106187997741,4.746009412956605,4.782004137951766
1.7101746018203832,0.8399366517980567,0.4247351605214494,4.736229233341006,4.766293262997749,4.7461951879566,4.782004137951766
1.7102199697495788,0.8399289291022514,0.4247351605214494,4.736605858340982,4.766293262997749,4.746009412956605,4.781814387951766
1.7101060658037714,0.8399366517980567,0.42473106839469554,4.736605858340982,4.766293262997749,4.7461951879566,4.782099012951766
1.7101137884995765,0.8398311811730552,0.42473106839469554,4.736511702090988,4.766573875497761,4.746288075456597,4.782004137951766
1.7100153299453797,0.8399092176188616,0.4247392526482032,4.736511702090988,4.766012650497736,4.746102300456602,4.781909262951766
1.710129233891187,0.8399092176188616,0.42472288414118786,4.736511702090988,4.766106187997741,4.7461951879566,4.781909262951766
1.7101746018203832,0.8399092176188616,0.4247351605214494,4.736417545840994,4.766293262997749,4.7461951879566,4.781814387951766
1.710121511195382,0.8398740607438611,0.4247269762679417,4.736417545840994,4.766573875497761,4.7461951879566,4.782099012951766
1.709901425999572,0.8399014949230563,0.4247351605214494,4.736605858340982,4.766106187997741,4.7461951879566,4.781909262951766
1.7101591564287726,0.8399718086730572,0.42474334477495707,4.736605858340982,4.766573875497761,4.746380962956594,4.782004137951766
1.7101060658037714,0.8399366517980567,0.42472288414118786,4.736605858340982,4.766573875497761,4.746102300456602,4.781814387951766
1.7100153299453797,0.8399092176188616,0.42474334477495707,4.736511702090988,4.766293262997749,4.7461951879566,4.782004137951766
1.7100230526411848,0.8398037469938602,0.4247474369017109,4.736135077091012,4.766293262997749,4.7461951879566,4.781814387951766
1.710129233891187,0.8399366517980567,0.4247351605214494,4.736511702090988,4.766293262997749,4.746102300456602,4.782099012951766
1.710121511195382,0.8398663380480558,0.42474334477495707,4.736417545840994,4.766199725497744,4.7461951879566,4.781814387951766
1.7099622393203786,0.8399014949230563,0.4247351605214494,4.736700014590976,4.765919112997732,4.745823637956611,4.781529762951767
1.710121511195382,0.8400069655480575,0.4247351605214494,4.736511702090988,4.767602787997806,4.7475885004565574,4.783237512951764
1.710121511195382,0.8399366517980567,0.4247351605214494,4.736700014590976,4.766480337997757,4.746102300456602,4.781909262951766
1.7100606978745754,0.8397960242980549,0.42474334477495707,4.736323389591,4.766573875497761,4.746102300456602,4.781719512951766
1.7100076072495742,0.8398663380480558,0.4247392526482032,4.736417545840994,4.766293262997749,4.746380962956594,4.781909262951766
1.7099622393203786,0.8399014949230563,0.4247351605214494,4.736511702090988,4.766573875497761,4.746288075456597,4.782004137951766
1.7102885057661907,0.8399366517980567,0.4247351605214494,4.736417545840994,4.766012650497736,4.746009412956605,4.781814387951766
1.7099091486953775,0.8398663380480558,0.4247392526482032,4.736229233341006,4.766106187997741,4.7461951879566,4.781624637951767
1.7099622393203786,0.8398663380480558,0.42473106839469554,4.736511702090988,4.766199725497744,4.745916525456607,4.781719512951766
1.7100153299453797,0.8399366517980567,0.42472288414118786,4.736417545840994,4.766293262997749,4.746288075456597,4.781909262951766
1.7100153299453797,0.8400421224230581,0.4247351605214494,4.736511702090988,4.766573875497761,4.746566737956588,4.782193887951766
1.7100076072495742,0.8399014949230563,0.42474334477495707,4.736511702090988,4.766480337997757,4.7461951879566,4.782004137951766
1.7100606978745754,0.8399366517980567,0.4247351605214494,4.736417545840994,4.766386800497752,4.74647385045659,4.782004137951766
1.7100606978745754,0.8399366517980567,0.4247351605214494,4.736511702090988,4.765919112997732,4.745823637956611,4.781814387951766
1.709954516624573,0.8399366517980567,0.4247351605214494,4.736417545840994,4.766667412997765,4.746566737956588,4.782193887951766
1.7099091486953775,0.8398740607438611,0.4247351605214494,4.736605858340982,4.766293262997749,4.746288075456597,4.781719512951766
1.710121511195382,0.8398740607438611,0.4247351605214494,4.736323389591,4.766386800497752,4.746102300456602,4.781909262951766
1.7099091486953775,0.8399092176188616,0.4247351605214494,4.736417545840994,4.766480337997757,4.746102300456602,4.782004137951766
1.710121511195382,0.839944374493862,0.4247515290284648,4.736417545840994,4.766667412997765,4.746659625456585,4.7823836379517655
1.7101137884995765,0.8399092176188616,0.4247351605214494,4.736605858340982,4.766480337997757,4.745823637956611,4.782193887951766
1.709954516624573,0.839944374493862,0.42472288414118786,4.736511702090988,4.765825575497728,4.745730750456614,4.781340012951766
1.7101137884995765,0.8398389038688605,0.4247392526482032,4.736323389591,4.766386800497752,4.7461951879566,4.782004137951766
1.709901425999572,0.8398389038688605,0.4247392526482032,4.736417545840994,4.766386800497752,4.7461951879566,4.782099012951766
1.709954516624573,0.8399092176188616,0.42474334477495707,4.736511702090988,4.765825575497728,4.745637862956617,4.781340012951766
1.7100684205703809,0.8399092176188616,0.4247351605214494,4.736417545840994,4.766293262997749,4.74647385045659,4.781814387951766
1.7100684205703809,0.8399092176188616,0.4247515290284648,4.736323389591,4.766480337997757,4.746288075456597,4.782099012951766
1.709901425999572,0.8399092176188616,0.4247351605214494,4.736040920841018,4.7675092504978025,4.747402725456563,4.783522137951765
1.7100076072495742,0.8399092176188616,0.4247351605214494,4.736417545840994,4.766573875497761,4.746380962956594,4.781909262951766
1.7100606978745754,0.8398389038688605,0.4247459373625982,4.736323389591,4.766199725497744,4.746288075456597,4.781909262951766
1.7101137884995765,0.8398740607438611,0.4247377531090905,4.736417545840994,4.766106187997741,4.745823637956611,4.781909262951766
1.709901425999572,0.8398740607438611,0.4247459373625982,4.736417545840994,4.766199725497744,4.746009412956605,4.781814387951766
1.7100076072495742,0.8398740607438611,0.42474184523584435,4.736511702090988,4.766199725497744,4.745916525456607,4.781814387951766
1.7100153299453797,0.8399795313688625,0.42474184523584435,4.736511702090988,4.766199725497744,4.7461951879566,4.781814387951766
1.7100076072495742,0.8399169403146669,0.4247459373625982,4.736417545840994,4.766760950497769,4.746752512956583,4.782573387951766
1.7100606978745754,0.8398817834396664,0.42474184523584435,4.7368883270909645,4.766106187997741,4.746288075456597,4.781624637951767
1.7100606978745754,0.8398817834396664,0.42473366098233667,4.736511702090988,4.767041562997781,4.746938287956577,4.782763137951765
1.7101137884995765,0.8398817834396664,0.4247377531090905,4.736605858340982,4.766199725497744,4.746102300456602,4.782004137951766
1.7101137884995765,0.8399169403146669,0.42475412161610593,4.736417545840994,4.766386800497752,4.74647385045659,4.782004137951766
1.7100606978745754,0.8399246630104722,0.4247377531090905,4.736511702090988,4.767883400497818,4.747681387956554,4.783617012951765
1.7100606978745754,0.8400224109396681,0.4247377531090905,4.736511702090988,4.766573875497761,4.746380962956594,4.782099012951766
1.7100153299453797,0.8399169403146669,0.42474184523584435,4.736417545840994,4.766760950497769,4.747124062956571,4.782668262951765
1.7100076072495742,0.8398817834396664,0.42472956885558283,4.736417545840994,4.766573875497761,4.7461951879566,4.782099012951766
1.7100606978745754,0.8399520971896672,0.42472956885558283,4.736605858340982,4.766480337997757,4.7461951879566,4.782004137951766
1.7100076072495742,0.8399872540646678,0.424725476728829,4.736417545840994,4.766106187997741,4.746009412956605,4.781719512951766
1.7100606978745754,0.8399520971896672,0.4247459373625982,4.736511702090988,4.766199725497744,4.7461951879566,4.782004137951766
1.7100076072495742,0.8398466265646658,0.4247377531090905,4.736323389591,4.766386800497752,4.7461951879566,4.781814387951766
1.7100076072495742,0.8400224109396681,0.4247377531090905,4.736605858340982,4.7684446254978425,4.748238712956537,4.784091387951764
1.7100076072495742,0.8400224109396681,0.4247377531090905,4.736511702090988,4.766293262997749,4.7461951879566,4.781909262951766
1.7100076072495742,0.8398817834396664,0.42472956885558283,4.736323389591,4.766480337997757,4.7461951879566,4.781814387951766
1.709901425999572,0.8399872540646678,0.4247377531090905,4.736511702090988,4.766480337997757,4.7461951879566,4.782004137951766
1.7101137884995765,0.8398817834396664,0.4247377531090905,4.736511702090988,4.766293262997749,4.7461951879566,4.781719512951766
1.7100606978745754,0.8400575678146687,0.42474184523584435,4.736417545840994,4.766480337997757,4.746288075456597,4.781814387951766
1.7100076072495742,0.8399169403146669,0.42475002948935203,4.736417545840994,4.766012650497736,4.746009412956605,4.781624637951767
1.7100076072495742,0.8399169403146669,0.4247377531090905,4.736511702090988,4.766293262997749,4.746288075456597,4.781909262951766
1.7100606978745754,0.8399872540646678,0.42474184523584435,4.736417545840994,4.766106187997741,4.7461951879566,4.781909262951766
1.709901425999572,0.8398817834396664,0.42473366098233667,4.736511702090988,4.767415712997797,4.747124062956571,4.783047762951766
1.7100606978745754,0.8399598198854725,0.4247377531090905,4.736511702090988,4.766386800497752,4.7461951879566,4.782099012951766
1.7100076072495742,0.8399598198854725,0.4247377531090905,4.736511702090988,4.766480337997757,4.7461951879566,4.782004137951766
1.709954516624573,0.8398895061354716,0.4247377531090905,4.736323389591,4.766386800497752,4.745916525456607,4.781909262951766
1.709954516624573,0.8398972288312769,0.4247459373625982,4.736511702090988,4.766573875497761,4.7461951879566,4.782004137951766
1.7100076072495742,0.8399323857062775,0.4247377531090905,4.736605858340982,4.766293262997749,4.746288075456597,4.782004137951766
1.7100076072495742,0.8399323857062775,0.4247377531090905,4.736417545840994,4.766480337997757,4.746288075456597,4.782193887951766
1.709954516624573,0.8398895061354716,0.42475002948935203,4.736229233341006,4.766106187997741,4.7461951879566,4.781909262951766
1.7100076072495742,0.8399598198854725,0.4247377531090905,4.736511702090988,4.766293262997749,4.745916525456607,4.782004137951766
1.709901425999572,0.8398895061354716,0.4247459373625982,4.736323389591,4.76563850049772,4.745266312956628,4.781150262951767
1.7097952447495697,0.8399598198854725,0.4247459373625982,4.736605858340982,4.766480337997757,4.746288075456597,4.782099012951766
1.7101668791245777,0.8399598198854725,0.4247377531090905,4.736511702090988,4.766293262997749,4.746288075456597,4.782004137951766
1.709954516624573,0.8398895061354716,0.42474184523584435,4.736323389591,4.7649837379976905,4.744616100456647,4.780486137951767
1.7100606978745754,0.8399598198854725,0.42474184523584435,4.736229233341006,4.766293262997749,4.7461951879566,4.781909262951766
1.7100076072495742,0.8399246630104722,0.42474184523584435,4.736511702090988,4.766480337997757,4.746102300456602,4.782099012951766
1.7100606978745754,0.8399246630104722,0.4247377531090905,4.736700014590976,4.766760950497769,4.746102300456602,4.782099012951766
1.709954516624573,0.8399246630104722,0.42474184523584435,4.736417545840994,4.766386800497752,4.746009412956605,4.782099012951766
1.7100076072495742,0.8399598198854725,0.42473366098233667,4.736700014590976,4.766386800497752,4.7461951879566,4.782099012951766
1.7098483353745708,0.8398543492604711,0.42474184523584435,4.736417545840994,4.766199725497744,4.746009412956605,4.781909262951766
1.7098483353745708,0.8399246630104722,0.4247459373625982,4.736417545840994,4.766480337997757,4.7461951879566,4.782193887951766
1.709954516624573,0.8399246630104722,0.4247459373625982,4.736511702090988,4.766573875497761,4.746288075456597,4.782288762951765
1.7100076072495742,0.8400301336354734,0.4247377531090905,4.736511702090988,4.767415712997797,4.747309837956566,4.783142637951765
1.709954516624573,0.8399246630104722,0.42474184523584435,4.736511702090988,4.766293262997749,4.74647385045659,4.781909262951766
1.7100076072495742,0.8400301336354734,0.42474184523584435,4.736229233341006,4.766480337997757,4.746009412956605,4.782004137951766
1.7100076072495742,0.8399598198854725,0.42473366098233667,4.736417545840994,4.766667412997765,4.746288075456597,4.781814387951766
1.7100076072495742,0.8399598198854725,0.42474184523584435,4.736511702090988,4.766386800497752,4.746102300456602,4.781909262951766
1.7100606978745754,0.8399246630104722,0.42475412161610593,4.736511702090988,4.767041562997781,4.7470311754565735,4.782668262951765
1.709954516624573,0.8399675425812778,0.42474184523584435,4.736417545840994,4.766386800497752,4.746380962956594,4.782004137951766
1.709954516624573,0.8398972288312769,0.4247459373625982,4.736229233341006,4.766480337997757,4.7461951879566,4.782099012951766
1.709901425999572,0.8399401084020827,0.4247459373625982,4.736511702090988,4.766480337997757,4.746380962956594,4.782099012951766
1.709901425999572,0.8398697946520817,0.42474184523584435,4.736511702090988,4.766386800497752,4.746102300456602,4.781529762951767
1.7101137884995765,0.8399323857062775,0.4247377531090905,4.736417545840994,4.767322175497794,4.747309837956566,4.783047762951766
1.7101137884995765,0.8400026994562784,0.4247377531090905,4.736417545840994,4.766293262997749,4.746288075456597,4.781909262951766
1.7100076072495742,0.8399675425812778,0.42473366098233667,4.736323389591,4.766386800497752,4.746102300456602,4.781814387951766
1.7101137884995765,0.8399675425812778,0.42474184523584435,4.73679417084097,4.766386800497752,4.746102300456602,4.781719512951766
1.709901425999572,0.8399323857062775,0.42472956885558283,4.736511702090988,4.766386800497752,4.746380962956594,4.782099012951766
1.7100076072495742,0.8398972288312769,0.42474464106877763,4.736229233341006,4.766386800497752,4.746102300456602,4.781909262951766
1.709901425999572,0.8398620719562764,0.42474873319553147,4.736417545840994,4.766480337997757,4.746566737956588,4.782478512951766
1.7101137884995765,0.8400730132062793,0.4247323646885161,4.736229233341006,4.766386800497752,4.746380962956594,4.782099012951766
1.7100076072495742,0.8399323857062775,0.4247405489420238,4.736700014590976,4.766480337997757,4.7461951879566,4.782099012951766
1.7100076072495742,0.8399675425812778,0.4247323646885161,4.73679417084097,4.766386800497752,4.7461951879566,4.782004137951766
1.7097952447495697,0.8398972288312769,0.4247405489420238,4.736229233341006,4.766480337997757,4.74647385045659,4.782004137951766
1.7100606978745754,0.8400026994562784,0.42473645681526995,4.736605858340982,4.765919112997732,4.745823637956611,4.781529762951767
1.7098483353745708,0.8399323857062775,0.42474464106877763,4.736417545840994,4.766293262997749,4.746102300456602,4.781909262951766
1.7100076072495742,0.8398972288312769,0.4247528253222853,4.736511702090988,4.767415712997797,4.747309837956566,4.783142637951765
1.709901425999572,0.8399323857062775,0.4247405489420238,4.736605858340982,4.766199725497744,4.745730750456614,4.781624637951767
1.709954516624573,0.8399323857062775,0.42473645681526995,4.736605858340982,4.766293262997749,4.7461951879566,4.782099012951766
1.709954516624573,0.8399675425812778,0.42473645681526995,4.736417545840994,4.766480337997757,4.7461951879566,4.782004137951766
1.709901425999572,0.8399675425812778,0.42473645681526995,4.736511702090988,4.766480337997757,4.746288075456597,4.782099012951766
1.7098483353745708,0.8399752652770831,0.42474464106877763,4.736323389591,4.766386800497752,4.7461951879566,4.782099012951766
1.7100076072495742,0.839947831097888,0.42473645681526995,4.736417545840994,4.766293262997749,4.746288075456597,4.781719512951766
1.709954516624573,0.839947831097888,0.42473645681526995,4.736605858340982,4.766667412997765,4.746659625456585,4.7823836379517655
1.7100076072495742,0.8399829879728884,0.42473645681526995,4.736511702090988,4.766480337997757,4.7461951879566,4.782004137951766
1.709954516624573,0.8399829879728884,0.42473645681526995,4.736511702090988,4.766573875497761,4.7461951879566,4.782099012951766
1.709954516624573,0.8399829879728884,0.42474464106877763,4.736323389591,4.766480337997757,4.7461951879566,4.782004137951766
1.7100076072495742,0.8399401084020827,0.42474464106877763,4.736511702090988,4.764796662997682,4.744616100456647,4.780296387951768
1.7100076072495742,0.8399401084020827,0.42473645681526995,4.736417545840994,4.766012650497736,4.746102300456602,4.781624637951767
1.7102199697495788,0.8400104221520835,0.4247323646885161,4.736323389591,4.7649837379976905,4.744894762956639,4.780391262951767
1.7100230526411848,0.8399829879728884,0.4247405489420238,4.736511702090988,4.766386800497752,4.746380962956594,4.782004137951766
1.7099168713911825,0.839947831097888,0.42474873319553147,4.736417545840994,4.766760950497769,4.746380962956594,4.782288762951765
1.7099168713911825,0.8399401084020827,0.4247528253222853,4.736323389591,4.766386800497752,4.745916525456607,4.781434887951766
1.7099168713911825,0.8399401084020827,0.4247405489420238,4.736511702090988,4.766760950497769,4.746380962956594,4.782193887951766
1.709856058070376,0.8399049515270822,0.42474873319553147,4.736417545840994,4.766293262997749,4.746009412956605,4.782099012951766
1.709954516624573,0.8399752652770831,0.42473645681526995,4.736511702090988,4.766667412997765,4.746566737956588,4.782004137951766
1.7100076072495742,0.8399401084020827,0.42473645681526995,4.736700014590976,4.766573875497761,4.7461951879566,4.781909262951766
1.7101746018203832,0.8400104221520835,0.4247569174490392,4.736511702090988,4.766386800497752,4.746102300456602,4.781909262951766
1.7098106901411803,0.8399049515270822,0.42474873319553147,4.736323389591,4.766012650497736,4.746009412956605,4.781434887951766
1.7099699620161837,0.8399049515270822,0.42474464106877763,4.736417545840994,4.766293262997749,4.7461951879566,4.782004137951766
1.7100230526411848,0.8399401084020827,0.42473645681526995,4.736417545840994,4.765732037997724,4.745823637956611,4.781150262951767
1.710076143266186,0.8399049515270822,0.42474464106877763,4.736417545840994,4.766480337997757,4.746380962956594,4.781909262951766
1.7100230526411848,0.8399401084020827,0.42474464106877763,4.736417545840994,4.766386800497752,4.746009412956605,4.781909262951766
1.7098483353745708,0.8399049515270822,0.42473645681526995,4.736417545840994,4.767041562997781,4.746752512956583,4.782478512951766
1.7098483353745708,0.8400104221520835,0.42474464106877763,4.736323389591,4.766293262997749,4.746102300456602,4.781624637951767
1.7097952447495697,0.8399049515270822,0.42473645681526995,4.736605858340982,4.766386800497752,4.746380962956594,4.781814387951766
1.7099699620161837,0.8400104221520835,0.4247405489420238,4.736417545840994,4.765732037997724,4.745637862956617,4.781245137951767
1.7099168713911825,0.8399401084020827,0.42473645681526995,4.736700014590976,4.766012650497736,4.746009412956605,4.781529762951767
1.7099168713911825,0.8399752652770831,0.42474464106877763,4.736511702090988,4.766480337997757,4.746380962956594,4.781814387951766
1.7099168713911825,0.8399401084020827,0.42474464106877763,4.736605858340982,4.766386800497752,4.7461951879566,4.781814387951766
1.7099699620161837,0.8399752652770831,0.4247405489420238,4.736511702090988,4.766012650497736,4.745823637956611,4.781624637951767
1.710076143266186,0.8399752652770831,0.4247405489420238,4.736511702090988,4.766480337997757,4.74647385045659,4.782004137951766
1.7099168713911825,0.839947831097888,0.42474464106877763,4.736511702090988,4.766573875497761,4.746288075456597,4.781814387951766
1.7100230526411848,0.8399907106686937,0.4247405489420238,4.736511702090988,4.765919112997732,4.746009412956605,4.781719512951766
1.7099168713911825,0.8399203969186928,0.42474464106877763,4.736511702090988,4.766106187997741,4.746288075456597,4.781909262951766
1.7098637807661814,0.8400610244186946,0.42473645681526995,4.736605858340982,4.766386800497752,4.746288075456597,4.781814387951766
1.7099699620161837,0.8399907106686937,0.4247405489420238,4.736323389591,4.767041562997781,4.7470311754565735,4.782288762951765
1.7098637807661814,0.8399203969186928,0.4247405489420238,4.736040920841018,4.766293262997749,4.746288075456597,4.781814387951766
1.7099699620161837,0.8399203969186928,0.42474464106877763,4.736605858340982,4.766480337997757,4.7461951879566,4.782004137951766
1.7099168713911825,0.8399829879728884,0.42474464106877763,4.736323389591,4.766199725497744,4.746288075456597,4.782099012951766
1.7099699620161837,0.8399829879728884,0.42474464106877763,4.736417545840994,4.766293262997749,4.746102300456602,4.781624637951767
1.7100230526411848,0.8399203969186928,0.4247528253222853,4.736417545840994,4.766386800497752,4.746102300456602,4.781909262951766
1.7099699620161837,0.8399555537936932,0.42474464106877763,4.736511702090988,4.766854487997773,4.746659625456585,4.782573387951766
1.7099168713911825,0.8399126742228875,0.4247405489420238,4.736323389591,4.765357887997707,4.745359200456624,4.780675887951768
1.7099168713911825,0.839947831097888,0.42474464106877763,4.736511702090988,4.766106187997741,4.746380962956594,4.782004137951766
1.7099168713911825,0.8400181448478888,0.42474464106877763,4.736417545840994,4.766480337997757,4.74647385045659,4.781909262951766
1.7100230526411848,0.839877517347887,0.42474464106877763,4.736417545840994,4.767041562997781,4.746938287956577,4.782763137951765
1.7099699620161837,0.839877517347887,0.42473645681526995,4.736417545840994,4.766386800497752,4.746102300456602,4.782099012951766
1.7099168713911825,0.8400884585978897,0.42473645681526995,4.736417545840994,4.766573875497761,4.746102300456602,4.782004137951766
1.710076143266186,0.839947831097888,0.42473645681526995,4.736417545840994,4.766386800497752,4.746566737956588,4.782004137951766
1.7099168713911825,0.8399829879728884,0.4247405489420238,4.736700014590976,4.765170812997699,4.744894762956639,4.780675887951768
1.7099699620161837,0.8399829879728884,0.4247405489420238,4.736511702090988,4.766386800497752,4.746380962956594,4.782004137951766
1.7099699620161837,0.839877517347887,0.4247405489420238,4.736417545840994,4.766199725497744,4.7461951879566,4.781909262951766
1.7100230526411848,0.8399829879728884,0.42473645681526995,4.736605858340982,4.766480337997757,4.7461951879566,4.781909262951766
1.7099168713911825,0.8399829879728884,0.4247405489420238,4.736511702090988,4.766106187997741,4.745823637956611,4.781434887951766
1.7099168713911825,0.8399829879728884,0.4247405489420238,4.736417545840994,4.763861287997642,4.743687225456675,4.779157887951769
1.7100230526411848,0.8400181448478888,0.42473645681526995,4.736605858340982,4.765264350497704,4.744987650456636,4.7808656379517664
1.7099699620161837,0.839947831097888,0.42474873319553147,4.736323389591,4.765825575497728,4.745359200456624,4.781150262951767
1.7099168713911825,0.8399829879728884,0.4247405489420238,4.736323389591,4.767415712997797,4.747309837956566,4.783142637951765
1.7099699620161837,0.839947831097888,0.42472827256176227,4.736417545840994,4.766293262997749,4.74647385045659,4.781909262951766
1.7098106901411803,0.8399829879728884,0.42474464106877763,4.736605858340982,4.766480337997757,4.746380962956594,4.782004137951766
1.7098637807661814,0.8399907106686937,0.42474464106877763,4.736511702090988,4.766854487997773,4.746752512956583,4.782478512951766
1.7099699620161837,0.8399555537936932,0.4247405489420238,4.736511702090988,4.766012650497736,4.746102300456602,4.781624637951767
1.7099168713911825,0.8401742177395013,0.42474464106877763,4.736417545840994,4.766480337997757,4.746288075456597,4.781909262951766
1.7099168713911825,0.8399632764894985,0.42474464106877763,4.736417545840994,4.764796662997682,4.744708987956645,4.780581012951767
1.7098106901411803,0.8399203969186928,0.42474464106877763,4.736229233341006,4.766480337997757,4.7461951879566,4.781814387951766
1.7100230526411848,0.8399203969186928,0.4247405489420238,4.736511702090988,4.766854487997773,4.746566737956588,4.782573387951766
1.7098637807661814,0.8398852400436922,0.42474464106877763,4.736229233341006,4.766386800497752,4.7461951879566,4.781814387951766
1.7099699620161837,0.8399555537936932,0.4247528253222853,4.736417545840994,4.766573875497761,4.7461951879566,4.782193887951766
1.7099168713911825,0.8399203969186928,0.4247405489420238,4.736417545840994,4.766667412997765,4.745916525456607,4.782004137951766
1.710076143266186,0.8400258675436941,0.42474873319553147,4.736417545840994,4.766293262997749,4.7461951879566,4.782099012951766
1.710129233891187,0.8399907106686937,0.42474464106877763,4.736700014590976,4.766854487997773,4.746380962956594,4.782099012951766
1.7099168713911825,0.8399203969186928,0.4247528253222853,4.736323389591,4.766480337997757,4.746380962956594,4.782099012951766
1.7099699620161837,0.8399555537936932,0.42474464106877763,4.736323389591,4.766293262997749,4.746288075456597,4.781814387951766
1.7100230526411848,0.8399907106686937,0.42473645681526995,4.736605858340982,4.766480337997757,4.746380962956594,4.781909262951766
1.7099699620161837,0.8399555537936932,0.42474873319553147,4.736605858340982,4.765732037997724,4.745266312956628,4.781245137951767
1.7099168713911825,0.8399907106686937,0.4247405489420238,4.736417545840994,4.766667412997765,4.7461951879566,4.782193887951766
1.7099699620161837,0.8399555537936932,0.42474464106877763,4.736700014590976,4.765357887997707,4.745080537956634,4.7808656379517664
1.7099168713911825,0.8399907106686937,0.42473645681526995,4.736229233341006,4.766199725497744,4.746009412956605,4.781814387951766
1.7099699620161837,0.8400258675436941,0.4247405489420238,4.736417545840994,4.764609587997675,4.744523212956651,4.780391262951767
1.7099699620161837,0.8398852400436922,0.42474464106877763,4.736605858340982,4.766573875497761,4.746380962956594,4.781814387951766
1.7099699620161837,0.8399907106686937,0.42474464106877763,4.736417545840994,4.766293262997749,4.746102300456602,4.781814387951766
1.7098637807661814,0.8399907106686937,0.42474873319553147,4.736417545840994,4.766480337997757,4.746659625456585,4.782099012951766
1.7100230526411848,0.8399907106686937,0.4247405489420238,4.73679417084097,4.764890200497687,4.744894762956639,4.780296387951768
1.7098637807661814,0.8398852400436922,0.4247405489420238,4.736511702090988,4.766293262997749,4.746288075456597,4.782004137951766
1.7100230526411848,0.8399907106686937,0.42474464106877763,4.736417545840994,4.766667412997765,4.746566737956588,4.782288762951765
1.7099168713911825,0.8399907106686937,0.4247405489420238,4.736700014590976,4.766386800497752,4.7461951879566,4.781909262951766
1.710076143266186,0.8399907106686937,0.4247405489420238,4.736511702090988,4.766573875497761,4.746380962956594,4.781909262951766
1.7100230526411848,0.8399203969186928,0.4247569174490392,4.736417545840994,4.766573875497761,4.7461951879566,4.782099012951766
1.7099699620161837,0.8399203969186928,0.4247405489420238,4.736229233341006,4.766293262997749,4.746102300456602,4.782099012951766
1.7099168713911825,0.8399907106686937,0.42474464106877763,4.736323389591,4.766293262997749,4.746009412956605,4.781909262951766
1.7098637807661814,0.8399907106686937,0.4247528253222853,4.736511702090988,4.7675092504978025,4.747495612956561,4.783142637951765
1.7098106901411803,0.8400258675436941,0.42474464106877763,4.736605858340982,4.766760950497769,4.746380962956594,4.782573387951766
1.7099699620161837,0.8399555537936932,0.4247405489420238,4.736511702090988,4.766480337997757,4.7461951879566,4.781909262951766
1.7099699620161837,0.8399203969186928,0.4247528253222853,4.736323389591,4.7650772754976956,4.744616100456647,4.780581012951767
1.7098106901411803,0.8398852400436922,0.42474464106877763,4.736605858340982,4.766480337997757,4.746380962956594,4.781719512951766
1.7098637807661814,0.8399555537936932,0.42474464106877763,4.736700014590976,4.76563850049772,4.745637862956617,4.781245137951767
1.7099699620161837,0.8399632764894985,0.42473645681526995,4.736417545840994,4.766386800497752,4.746102300456602,4.781909262951766
1.7099168713911825,0.8399358423103034,0.4247405489420238,4.736605858340982,4.7675092504978025,4.747216950456568,4.783142637951765
1.7099168713911825,0.8400061560603043,0.4247405489420238,4.736417545840994,4.766293262997749,4.746102300456602,4.781909262951766
1.7100230526411848,0.8400413129353047,0.42473645681526995,4.736511702090988,4.7649837379976905,4.744616100456647,4.780486137951767
1.7100230526411848,0.8400061560603043,0.42474464106877763,4.736605858340982,4.766480337997757,4.7461951879566,4.781719512951766
1.7099699620161837,0.8400413129353047,0.4247528253222853,4.736417545840994,4.766480337997757,4.7461951879566,4.781814387951766
1.7100230526411848,0.8398929627394975,0.42474873319553147,4.736323389591,4.766480337997757,4.7461951879566,4.782004137951766
1.7100230526411848,0.839998433364499,0.42474464106877763,4.736417545840994,4.766480337997757,4.746288075456597,4.782099012951766
1.7100230526411848,0.8398226489894967,0.42474464106877763,4.736417545840994,4.766293262997749,4.746288075456597,4.782004137951766
1.710076143266186,0.839998433364499,0.42474464106877763,4.736700014590976,4.766573875497761,4.7461951879566,4.782004137951766
1.7099699620161837,0.8400687471144999,0.42473645681526995,4.736511702090988,4.766199725497744,4.74647385045659,4.781909262951766
1.7099699620161837,0.8399632764894985,0.42474873319553147,4.736700014590976,4.766386800497752,4.7461951879566,4.782004137951766
1.7098637807661814,0.8399632764894985,0.42474873319553147,4.736605858340982,4.766386800497752,4.7461951879566,4.782099012951766
1.7099168713911825,0.8399281196144981,0.42474464106877763,4.736417545840994,4.766386800497752,4.7461951879566,4.781909262951766
1.7098637807661814,0.8398929627394975,0.42474464106877763,4.736417545840994,4.766573875497761,4.7461951879566,4.781814387951766
1.9212754287876097,0.9456337748253416,0.4477296471225392,5.322843018657975,5.344240799008715,5.313548986447008,5.372094857504608
1.9211769702334127,0.9455557383795354,0.4477296471225392,5.32274886240798,5.3443343365087195,5.313270323947016,5.372094857504608
1.9213362421084161,0.9455831725587306,0.4477296471225392,5.322843018657975,5.344427874008724,5.313548986447008,5.372094857504608
1.921184692929218,0.9456457636129262,0.44772146286903153,5.322843018657975,5.344427874008724,5.313456098947011,5.372094857504608
1.9214347006626131,0.9456963658795373,0.44772146286903153,5.323031331157964,5.3443343365087195,5.313548986447008,5.372094857504608
1.9211538021459968,0.9455986179503412,0.4477296471225392,5.323031331157964,5.344427874008724,5.313177436447019,5.372094857504608
1.921206892770998,0.9456766543961472,0.44773373924929305,5.322937174907969,5.343866649008699,5.313177436447019,5.372189732504609
1.9212754287876097,0.945668931700342,0.44772555499578537,5.322937174907969,5.344240799008715,5.313270323947016,5.372094857504608
1.921283151483415,0.9456260521295363,0.4477296471225392,5.323125487407957,5.344708486508736,5.314013423946994,5.372379482504607
1.9213362421084161,0.9456963658795373,0.4477296471225392,5.322937174907969,5.344427874008724,5.313456098947011,5.372094857504608
1.9213439648042214,0.9456963658795373,0.4477173707422777,5.323313799907945,5.344427874008724,5.313456098947011,5.372189732504609
1.9211769702334127,0.9457040885753426,0.44772146286903153,5.322937174907969,5.344521411508728,5.313641873947005,5.372189732504609
1.9211692475376074,0.945739245450343,0.44772146286903153,5.322937174907969,5.344147261508711,5.313270323947016,5.371999982504608
1.9212754287876097,0.9456766543961472,0.4477296471225392,5.323219643657952,5.344521411508728,5.313270323947016,5.372284607504608
1.9211615248418021,0.945668931700342,0.4477296471225392,5.322654706157987,5.344708486508736,5.313641873947005,5.372379482504607
1.9212754287876097,0.945668931700342,0.4477296471225392,5.322937174907969,5.34321188650867,5.312062786447052,5.370956357504609
1.9212377835542191,0.9456963658795373,0.4477296471225392,5.322937174907969,5.344240799008715,5.313641873947005,5.372094857504608
1.9212908741792203,0.9457040885753426,0.44772555499578537,5.322843018657975,5.344240799008715,5.3133632114470135,5.372094857504608
1.9212908741792203,0.9456337748253416,0.44773373924929305,5.322937174907969,5.3448020240087395,5.313641873947005,5.372569232504608
1.9212908741792203,0.945668931700342,0.4477378313760469,5.32274886240798,5.344240799008715,5.313548986447008,5.372094857504608
1.921283151483415,0.9456414975211469,0.4477296471225392,5.322937174907969,5.344427874008724,5.313270323947016,5.371999982504608
1.9213285194126108,0.9457821250211487,0.4477378313760469,5.323125487407957,5.344053724008707,5.312898773947028,5.371810232504608
1.9211161569126063,0.9456337748253416,0.44773373924929305,5.32274886240798,5.344427874008724,5.313270323947016,5.372189732504609
1.9211692475376074,0.9456337748253416,0.44773373924929305,5.322843018657975,5.3448020240087395,5.313641873947005,5.372664107504608
1.9213362421084161,0.9454931473253398,0.4477173707422777,5.323125487407957,5.3443343365087195,5.313270323947016,5.372284607504608
1.9212300608584139,0.945739245450343,0.4477296471225392,5.32274886240798,5.344521411508728,5.314570748946977,5.373328232504607
1.9212377835542191,0.9457040885753426,0.44772555499578537,5.323031331157964,5.345363249008765,5.314292086446985,5.373233357504607
1.9211769702334127,0.9456337748253416,0.4477296471225392,5.322937174907969,5.3443343365087195,5.313456098947011,5.371999982504608
1.9212300608584139,0.9457040885753426,0.4477296471225392,5.322843018657975,5.343866649008699,5.3129916614470245,5.371999982504608
1.9211692475376074,0.945668931700342,0.4477173707422777,5.323125487407957,5.344427874008724,5.313548986447008,5.372094857504608
1.9212146154668033,0.9457040885753426,0.44774192350280073,5.322843018657975,5.344521411508728,5.313177436447019,5.372094857504608
1.9211161569126063,0.9455986179503412,0.44773373924929305,5.322937174907969,5.344053724008707,5.3129916614470245,5.371810232504608
1.9211238796084116,0.9455986179503412,0.4477363318369342,5.322937174907969,5.343773111508694,5.313084548947021,5.371620482504609
1.921283151483415,0.9456337748253416,0.4477240554566726,5.322937174907969,5.344427874008724,5.313641873947005,5.371999982504608
1.921184692929218,0.9456337748253416,0.4477322397101803,5.323031331157964,5.344614949008731,5.313641873947005,5.372284607504608
1.9212300608584139,0.9456337748253416,0.44774042396368796,5.323031331157964,5.344521411508728,5.313084548947021,5.372379482504607
1.9212300608584139,0.9457195339669531,0.4477322397101803,5.322843018657975,5.344427874008724,5.313270323947016,5.372094857504608
1.9211615248418021,0.9457195339669531,0.4477322397101803,5.322937174907969,5.3443343365087195,5.313456098947011,5.372379482504607
1.9213207967168056,0.9456843770919525,0.44771996332991876,5.322937174907969,5.345643861508776,5.314663636446974,5.373328232504607
1.9212223381626086,0.9457195339669531,0.4477281475834265,5.323125487407957,5.344427874008724,5.3133632114470135,5.372284607504608
1.9212300608584139,0.9457195339669531,0.4477281475834265,5.32274886240798,5.344240799008715,5.313456098947011,5.372094857504608
1.9212300608584139,0.9456492202169522,0.4477281475834265,5.323031331157964,5.3443343365087195,5.313270323947016,5.372094857504608
1.921283151483415,0.9457195339669531,0.44771996332991876,5.322937174907969,5.344240799008715,5.313456098947011,5.371999982504608
1.921283151483415,0.9457195339669531,0.4477281475834265,5.322843018657975,5.344240799008715,5.313270323947016,5.372094857504608
1.9211769702334127,0.9457195339669531,0.4477240554566726,5.323031331157964,5.34526971150876,5.314384973946982,5.3730436075046075
1.9211769702334127,0.9456843770919525,0.4477322397101803,5.322654706157987,5.344521411508728,5.313548986447008,5.372189732504609
1.9212223381626086,0.9457195339669531,0.4477240554566726,5.323219643657952,5.344614949008731,5.313641873947005,5.372284607504608
1.921283151483415,0.9456414975211469,0.4477322397101803,5.322843018657975,5.344053724008707,5.313177436447019,5.372094857504608
1.921283151483415,0.9455360268961455,0.4477322397101803,5.32274886240798,5.344708486508736,5.313548986447008,5.372094857504608
1.921184692929218,0.9457118112711478,0.4477281475834265,5.322937174907969,5.344427874008724,5.313177436447019,5.372094857504608
1.921283151483415,0.9457118112711478,0.4477281475834265,5.323031331157964,5.344427874008724,5.313548986447008,5.372094857504608
1.9211769702334127,0.9456414975211469,0.4477363318369342,5.323031331157964,5.344895561508745,5.314199198946988,5.372853857504607
1.9211769702334127,0.9456766543961472,0.4477240554566726,5.322937174907969,5.344427874008724,5.313456098947011,5.372284607504608
1.921283151483415,0.9456414975211469,0.4477363318369342,5.32274886240798,5.344240799008715,5.313456098947011,5.371905107504608
1.9211692475376074,0.9456063406461463,0.44774042396368796,5.322843018657975,5.344427874008724,5.313270323947016,5.371999982504608
1.921063066287605,0.9456414975211469,0.4477281475834265,5.323031331157964,5.344427874008724,5.313270323947016,5.372094857504608
1.921283151483415,0.9456766543961472,0.4477322397101803,5.322937174907969,5.344427874008724,5.313270323947016,5.372189732504609
1.9212908741792203,0.9456766543961472,0.4477281475834265,5.323031331157964,5.344521411508728,5.313270323947016,5.372284607504608
1.9212754287876097,0.9457118112711478,0.4477322397101803,5.323125487407957,5.3448020240087395,5.313920536446997,5.372664107504608
1.9212300608584139,0.9457469681461483,0.4477322397101803,5.322843018657975,5.344053724008707,5.3133632114470135,5.371905107504608
1.9212300608584139,0.9456414975211469,0.4477363318369342,5.32274886240798,5.345082636508752,5.314013423946994,5.372758982504608
1.9212223381626086,0.9457469681461483,0.4477363318369342,5.323031331157964,5.344147261508711,5.313177436447019,5.371905107504608
1.9211692475376074,0.9456766543961472,0.4477322397101803,5.322843018657975,5.344614949008731,5.313456098947011,5.372379482504607
1.9211238796084116,0.9456766543961472,0.4477281475834265,5.32274886240798,5.34321188650867,5.311969898947055,5.370861482504609
1.9212908741792203,0.9457469681461483,0.44774042396368796,5.322937174907969,5.345643861508776,5.314570748946977,5.373423107504607
1.9211316023042169,0.9457821250211487,0.4477281475834265,5.323031331157964,5.34592447400879,5.314756523946971,5.373802607504606
1.9210707889834104,0.9456766543961472,0.44774042396368796,5.322937174907969,5.343586036508686,5.312527223947038,5.371430732504608
1.9212223381626086,0.9457118112711478,0.4477350355431136,5.323125487407957,5.344708486508736,5.3133632114470135,5.372189732504609
1.9212754287876097,0.9456843770919525,0.4477309434163598,5.322843018657975,5.345456786508769,5.314570748946977,5.373233357504607
1.9211692475376074,0.9457195339669531,0.44773912766986745,5.322843018657975,5.344427874008724,5.313177436447019,5.372284607504608
1.9212223381626086,0.9456217860377569,0.4477350355431136,5.322843018657975,5.345176174008756,5.314199198946988,5.372758982504608
1.9212223381626086,0.9457272566627584,0.4477350355431136,5.323125487407957,5.3443343365087195,5.313548986447008,5.372094857504608
1.9211161569126063,0.9456569429127575,0.44773912766986745,5.322937174907969,5.344147261508711,5.3128058864470304,5.371810232504608
1.9211692475376074,0.9457272566627584,0.4477309434163598,5.32274886240798,5.344708486508736,5.313920536446997,5.372474357504608
1.9211692475376074,0.9456920997877578,0.44772685128960593,5.322654706157987,5.345737399008781,5.314663636446974,5.373423107504607
1.9211692475376074,0.9456843770919525,0.4477350355431136,5.323125487407957,5.3443343365087195,5.313548986447008,5.371999982504608
1.9211692475376074,0.9457195339669531,0.4477432197966213,5.322937174907969,5.344427874008724,5.3133632114470135,5.372189732504609
1.9211692475376074,0.9457546908419536,0.4477350355431136,5.322654706157987,5.344895561508745,5.313641873947005,5.372569232504608
1.9211161569126063,0.9457195339669531,0.4477350355431136,5.323031331157964,5.344614949008731,5.313270323947016,5.372189732504609
1.9211692475376074,0.9457195339669531,0.4477350355431136,5.322843018657975,5.345643861508776,5.314570748946977,5.373328232504607
1.9212754287876097,0.9457195339669531,0.4477350355431136,5.322843018657975,5.344240799008715,5.313270323947016,5.372379482504607
1.9211692475376074,0.9457195339669531,0.44772685128960593,5.323031331157964,5.3443343365087195,5.313177436447019,5.371999982504608
1.9212223381626086,0.9457546908419536,0.4477350355431136,5.323031331157964,5.3443343365087195,5.3133632114470135,5.371999982504608
1.9210707889834104,0.9456843770919525,0.4477432197966213,5.32274886240798,5.344521411508728,5.313548986447008,5.371999982504608
1.9212754287876097,0.9457701362335642,0.44772685128960593,5.322843018657975,5.345456786508769,5.314292086446985,5.3730436075046075
1.9212754287876097,0.9457349793585637,0.44772685128960593,5.322843018657975,5.344147261508711,5.313270323947016,5.372189732504609
1.9211692475376074,0.9456998224835631,0.4477309434163598,5.323125487407957,5.345082636508752,5.314013423946994,5.372948732504607
1.9212754287876097,0.9456998224835631,0.4477350355431136,5.323031331157964,5.344427874008724,5.313270323947016,5.371999982504608
1.9212223381626086,0.9457349793585637,0.4477350355431136,5.323125487407957,5.344240799008715,5.313177436447019,5.371999982504608
1.9211161569126063,0.9456646656085628,0.44773912766986745,5.32274886240798,5.344427874008724,5.3133632114470135,5.372189732504609
1.9211692475376074,0.9456998224835631,0.44773912766986745,5.322937174907969,5.3443343365087195,5.313270323947016,5.371810232504608
1.9212300608584139,0.9457624135377589,0.4477432197966213,5.322937174907969,5.3443343365087195,5.313270323947016,5.372189732504609
1.9211692475376074,0.9456998224835631,0.4477309434163598,5.323031331157964,5.344427874008724,5.313734761447002,5.372379482504607
1.9212754287876097,0.9457701362335642,0.4477309434163598,5.322843018657975,5.344427874008724,5.313270323947016,5.372189732504609
1.9210707889834104,0.9456998224835631,0.4477309434163598,5.32274886240798,5.344240799008715,5.313548986447008,5.372094857504608
1.9210785116792155,0.9456998224835631,0.4477432197966213,5.323219643657952,5.344147261508711,5.313456098947011,5.372189732504609
1.9210785116792155,0.9456920997877578,0.44772685128960593,5.32274886240798,5.343679574008691,5.3126201114470355,5.371620482504609
1.9210785116792155,0.9456569429127575,0.4477350355431136,5.32274886240798,5.3443343365087195,5.313270323947016,5.371999982504608
1.9212223381626086,0.9457272566627584,0.44773912766986745,5.32274886240798,5.344708486508736,5.313270323947016,5.372189732504609
1.9210099756626038,0.9456920997877578,0.4477350355431136,5.32274886240798,5.3443343365087195,5.313548986447008,5.372094857504608
1.9212223381626086,0.9456920997877578,0.44772685128960593,5.322843018657975,5.343492499008683,5.312527223947038,5.3712409825046095
1.9212223381626086,0.9456920997877578,0.4477309434163598,5.322843018657975,5.3443343365087195,5.313456098947011,5.372379482504607
1.9211692475376074,0.9456569429127575,0.4477309434163598,5.322843018657975,5.344708486508736,5.314013423946994,5.372664107504608
1.921063066287605,0.9456920997877578,0.4477432197966213,5.323031331157964,5.344053724008707,5.3128058864470304,5.371620482504609
1.921063066287605,0.9456217860377569,0.4477309434163598,5.32274886240798,5.344427874008724,5.313456098947011,5.372284607504608
1.9211238796084116,0.9456569429127575,0.4477309434163598,5.323031331157964,5.3443343365087195,5.313456098947011,5.371905107504608
1.9212223381626086,0.9456920997877578,0.4477350355431136,5.322843018657975,5.344614949008731,5.313641873947005,5.372189732504609
1.9213285194126108,0.9456920997877578,0.4477350355431136,5.323031331157964,5.3443343365087195,5.313641873947005,5.372189732504609
1.9211692475376074,0.9457624135377589,0.4477309434163598,5.323125487407957,5.3443343365087195,5.313548986447008,5.372094857504608
1.9211692475376074,0.9456569429127575,0.4477350355431136,5.323031331157964,5.343960186508703,5.313177436447019,5.371620482504609
1.9213285194126108,0.9457272566627584,0.4477350355431136,5.322937174907969,5.344240799008715,5.313270323947016,5.372094857504608
1.9212754287876097,0.9456920997877578,0.44772685128960593,5.323219643657952,5.344240799008715,5.313456098947011,5.372189732504609
1.9211692475376074,0.9456920997877578,0.4477350355431136,5.323031331157964,5.344147261508711,5.313084548947021,5.372094857504608
1.9211692475376074,0.9457272566627584,0.4477350355431136,5.322843018657975,5.344427874008724,5.313456098947011,5.372189732504609
1.9212223381626086,0.9456920997877578,0.44773912766986745,5.323125487407957,5.344427874008724,5.313548986447008,5.372284607504608
1.9211692475376074,0.9456569429127575,0.4477309434163598,5.322937174907969,5.344427874008724,5.313270323947016,5.371999982504608
1.9212223381626086,0.9457272566627584,0.44774731192337514,5.322937174907969,5.344521411508728,5.313641873947005,5.372284607504608
1.9212223381626086,0.9456920997877578,0.4477432197966213,5.32274886240798,5.344614949008731,5.313270323947016,5.372379482504607
1.9212754287876097,0.9456920997877578,0.44773912766986745,5.322937174907969,5.344614949008731,5.313548986447008,5.372189732504609
1.9211161569126063,0.9456217860377569,0.4477350355431136,5.322843018657975,5.344427874008724,5.313641873947005,5.372094857504608
1.9211692475376074,0.9456998224835631,0.44773912766986745,5.322937174907969,5.344427874008724,5.313456098947011,5.372094857504608
1.9212754287876097,0.9457427020543689,0.44773912766986745,5.322937174907969,5.344053724008707,5.313548986447008,5.372094857504608
1.9211692475376074,0.9458130158043698,0.44774731192337514,5.322843018657975,5.344147261508711,5.3129916614470245,5.371810232504608
1.9212223381626086,0.9457778589293695,0.44773912766986745,5.322937174907969,5.344521411508728,5.313270323947016,5.372189732504609
1.9211692475376074,0.9457427020543689,0.44772685128960593,5.323031331157964,5.3443343365087195,5.313548986447008,5.372189732504609
1.921184692929218,0.9457075451793684,0.4477350355431136,5.32274886240798,5.344521411508728,5.313270323947016,5.372284607504608
1.9212377835542191,0.9457778589293695,0.4477350355431136,5.322843018657975,5.344240799008715,5.313177436447019,5.371999982504608
1.9212377835542191,0.9457075451793684,0.44774731192337514,5.322937174907969,5.344053724008707,5.3133632114470135,5.372094857504608
1.9213439648042214,0.9456998224835631,0.4477309434163598,5.322937174907969,5.34526971150876,5.314292086446985,5.372948732504607
1.9212377835542191,0.9457349793585637,0.44773912766986745,5.322654706157987,5.344240799008715,5.3133632114470135,5.372189732504609
1.9211316023042169,0.9456646656085628,0.44772685128960593,5.322937174907969,5.344427874008724,5.3133632114470135,5.372284607504608
1.9212377835542191,0.9457349793585637,0.4477309434163598,5.322843018657975,5.3443343365087195,5.3133632114470135,5.372284607504608
1.9212908741792203,0.9456646656085628,0.4477350355431136,5.322937174907969,5.344240799008715,5.313548986447008,5.372284607504608
1.9213362421084161,0.9457427020543689,0.44773912766986745,5.323031331157964,5.344240799008715,5.3133632114470135,5.372379482504607
1.9211316023042169,0.9456998224835631,0.44774731192337514,5.322937174907969,5.344240799008715,5.313548986447008,5.372284607504608
1.921184692929218,0.9456646656085628,0.4477432197966213,5.322843018657975,5.343773111508694,5.312712998947033,5.371430732504608
1.921184692929218,0.9457349793585637,0.4477309434163598,5.323125487407957,5.344427874008724,5.313456098947011,5.372284607504608
1.9212377835542191,0.9456646656085628,0.44773912766986745,5.322843018657975,5.344240799008715,5.313456098947011,5.372379482504607
1.9211316023042169,0.9456646656085628,0.4477350355431136,5.322843018657975,5.344240799008715,5.313548986447008,5.371999982504608
1.9212377835542191,0.9457349793585637,0.44774731192337514,5.32274886240798,5.344427874008724,5.313641873947005,5.372189732504609
1.9211316023042169,0.9456998224835631,0.44773912766986745,5.322843018657975,5.344614949008731,5.313641873947005,5.372284607504608
1.9212377835542191,0.9458052931085645,0.4477350355431136,5.322843018657975,5.345176174008756,5.314384973946982,5.372948732504607
1.9212377835542191,0.9456998224835631,0.44773912766986745,5.32274886240798,5.344427874008724,5.3133632114470135,5.372094857504608
1.921184692929218,0.9457349793585637,0.44773912766986745,5.322843018657975,5.3443343365087195,5.3133632114470135,5.372189732504609
1.921184692929218,0.9457701362335642,0.4477227591628521,5.322843018657975,5.344240799008715,5.313548986447008,5.372189732504609
1.9212908741792203,0.9456998224835631,0.4477309434163598,5.322843018657975,5.3428377365086535,5.311505461447069,5.370481982504609
1.9212377835542191,0.9457349793585637,0.4477350355431136,5.322843018657975,5.344521411508728,5.313641873947005,5.372189732504609
1.9211316023042169,0.9457349793585637,0.44773912766986745,5.322843018657975,5.344521411508728,5.3133632114470135,5.372284607504608
1.9212377835542191,0.9456646656085628,0.4477432197966213,5.322843018657975,5.344427874008724,5.313270323947016,5.372094857504608
1.9211316023042169,0.9456998224835631,0.44773912766986745,5.32274886240798,5.344521411508728,5.3133632114470135,5.372094857504608
1.921184692929218,0.9456646656085628,0.44773912766986745,5.322937174907969,5.344989099008748,5.313920536446997,5.372569232504608
1.921184692929218,0.9456998224835631,0.44772685128960593,5.322937174907969,5.345456786508769,5.314013423946994,5.373138482504608
1.921184692929218,0.9456998224835631,0.44774731192337514,5.322937174907969,5.344427874008724,5.313270323947016,5.372284607504608
1.9212908741792203,0.9456998224835631,0.4477335360040009,5.322843018657975,5.344708486508736,5.313548986447008,5.372284607504608
1.921184692929218,0.9455943518585619,0.4477335360040009,5.322560549907992,5.344614949008731,5.313177436447019,5.371810232504608
1.9211316023042169,0.9456998224835631,0.4477376281307547,5.323031331157964,5.344427874008724,5.3133632114470135,5.372284607504608
1.9211316023042169,0.9456646656085628,0.4477376281307547,5.322843018657975,5.344521411508728,5.313548986447008,5.372189732504609
1.921184692929218,0.9456998224835631,0.44774990451101626,5.32274886240798,5.344427874008724,5.313456098947011,5.372094857504608
1.9212908741792203,0.9456646656085628,0.4477376281307547,5.322937174907969,5.344240799008715,5.313641873947005,5.372094857504608
1.9212908741792203,0.9456998224835631,0.4477376281307547,5.322843018657975,5.3443343365087195,5.313270323947016,5.371999982504608
1.9212377835542191,0.9456998224835631,0.4477417202575086,5.323031331157964,5.344614949008731,5.313641873947005,5.372284607504608
1.921184692929218,0.9457701362335642,0.4477253517504932,5.322937174907969,5.344614949008731,5.313270323947016,5.371999982504608
1.9212377835542191,0.9457427020543689,0.4477417202575086,5.322937174907969,5.3443343365087195,5.313456098947011,5.372094857504608
1.9212377835542191,0.9457504247501742,0.4477376281307547,5.323031331157964,5.344521411508728,5.3133632114470135,5.372284607504608
1.921184692929218,0.9457152678751737,0.4477335360040009,5.32274886240798,5.344240799008715,5.313548986447008,5.372094857504608
1.9212377835542191,0.9457504247501742,0.4477376281307547,5.322937174907969,5.344427874008724,5.313548986447008,5.372094857504608
1.9212377835542191,0.9458207385001751,0.4477376281307547,5.323313799907945,5.344427874008724,5.313456098947011,5.372379482504607
1.921184692929218,0.9456723883043681,0.4477376281307547,5.323031331157964,5.344240799008715,5.313456098947011,5.372094857504608
1.921184692929218,0.9457075451793684,0.44774990451101626,5.322937174907969,5.3443343365087195,5.313548986447008,5.372379482504607
1.9211316023042169,0.9457504247501742,0.4477376281307547,5.322843018657975,5.344427874008724,5.313548986447008,5.372379482504607
1.9212908741792203,0.9457152678751737,0.4477376281307547,5.322843018657975,5.343866649008699,5.313270323947016,5.371620482504609
1.921184692929218,0.9457504247501742,0.4477376281307547,5.323031331157964,5.344427874008724,5.3133632114470135,5.372094857504608
1.921283151483415,0.9457504247501742,0.4477417202575086,5.323125487407957,5.344427874008724,5.313641873947005,5.372189732504609
1.9211316023042169,0.9456801110001734,0.4477417202575086,5.322937174907969,5.344614949008731,5.313641873947005,5.372189732504609
1.921184692929218,0.9456372314293675,0.4477335360040009,5.322937174907969,5.344521411508728,5.313270323947016,5.372284607504608
1.9212377835542191,0.9457075451793684,0.44774990451101626,5.323031331157964,5.344240799008715,5.313456098947011,5.371999982504608
1.9212377835542191,0.9456723883043681,0.4477376281307547,5.323031331157964,5.345737399008781,5.314756523946971,5.373517982504607
1.9212377835542191,0.9456372314293675,0.4477376281307547,5.32274886240798,5.344521411508728,5.313827648946999,5.372379482504607
1.921184692929218,0.9457427020543689,0.4477417202575086,5.322843018657975,5.344521411508728,5.313456098947011,5.372379482504607
1.9212908741792203,0.9457778589293695,0.4477417202575086,5.323219643657952,5.344521411508728,5.313641873947005,5.372189732504609
1.9211769702334127,0.9457427020543689,0.44774581238426236,5.322843018657975,5.342744199008649,5.311598348947067,5.370481982504609
1.921184692929218,0.9457778589293695,0.44774581238426236,5.322843018657975,5.3443343365087195,5.313456098947011,5.371999982504608
1.9213439648042214,0.9457427020543689,0.44774581238426236,5.323219643657952,5.344427874008724,5.313456098947011,5.372094857504608
1.9213439648042214,0.9457075451793684,0.4477376281307547,5.322937174907969,5.3448020240087395,5.313827648946999,5.372569232504608
1.921184692929218,0.9457075451793684,0.4477376281307547,5.322843018657975,5.346111549008798,5.314942298946965,5.373612857504607
1.9213439648042214,0.9457427020543689,0.4477376281307547,5.322937174907969,5.342931274008658,5.311691236447064,5.37038710750461
1.9211316023042169,0.9457427020543689,0.447729443877247,5.32274886240798,5.3443343365087195,5.3133632114470135,5.371999982504608
1.9210785116792155,0.9456020745543672,0.447729443877247,5.322843018657975,5.345176174008756,5.314199198946988,5.372853857504607
1.921184692929218,0.9457075451793684,0.4477376281307547,5.322937174907969,5.345363249008765,5.31447786144698,5.372758982504608
1.921184692929218,0.9457427020543689,0.4477376281307547,5.322937174907969,5.343866649008699,5.313177436447019,5.371905107504608
1.9213439648042214,0.9457778589293695,0.4477376281307547,5.323125487407957,5.34526971150876,5.314013423946994,5.372664107504608
1.9210785116792155,0.9456723883043681,0.4477376281307547,5.322937174907969,5.344427874008724,5.313456098947011,5.371999982504608
1.9212377835542191,0.9457075451793684,0.4477376281307547,5.323031331157964,5.344427874008724,5.313270323947016,5.371999982504608
1.9212908741792203,0.9457778589293695,0.4477376281307547,5.322843018657975,5.344521411508728,5.313641873947005,5.372189732504609
1.9210785116792155,0.9457427020543689,0.4477417202575086,5.323031331157964,5.344240799008715,5.313270323947016,5.371999982504608
1.921184692929218,0.9457427020543689,0.4477335360040009,5.323031331157964,5.3443343365087195,5.313548986447008,5.372094857504608
1.921184692929218,0.9457427020543689,0.44774581238426236,5.322937174907969,5.344614949008731,5.313548986447008,5.372284607504608
1.9212377835542191,0.9457427020543689,0.4477417202575086,5.323031331157964,5.344427874008724,5.313456098947011,5.371999982504608
1.921184692929218,0.9457427020543689,0.4477376281307547,5.322937174907969,5.344427874008724,5.313548986447008,5.372284607504608
1.921184692929218,0.9457778589293695,0.4477376281307547,5.323031331157964,5.345176174008756,5.314013423946994,5.3730436075046075
1.9212377835542191,0.9457427020543689,0.4477376281307547,5.323031331157964,5.3443343365087195,5.313177436447019,5.371905107504608
1.921184692929218,0.9457075451793684,0.4477376281307547,5.323125487407957,5.345082636508752,5.314199198946988,5.372758982504608
1.9212908741792203,0.9457855816251748,0.4477376281307547,5.323031331157964,5.345082636508752,5.314199198946988,5.372948732504607
1.9212908741792203,0.9457581474459795,0.4477376281307547,5.322937174907969,5.344708486508736,5.313827648946999,5.372474357504608
1.921184692929218,0.945722990570979,0.44774581238426236,5.322654706157987,5.3443343365087195,5.313456098947011,5.372189732504609
1.921184692929218,0.9456878336959785,0.44774990451101626,5.322843018657975,5.344521411508728,5.313641873947005,5.372284607504608
1.921184692929218,0.9457581474459795,0.4477335360040009,5.322937174907969,5.344427874008724,5.313641873947005,5.371999982504608
1.9213970554292226,0.9456878336959785,0.44774990451101626,5.322937174907969,5.343305424008674,5.312527223947038,5.371146107504609
1.9213439648042214,0.94579330432098,0.44774581238426236,5.323031331157964,5.344147261508711,5.313270323947016,5.372284607504608
1.921184692929218,0.9457152678751737,0.447729443877247,5.323031331157964,5.345550324008773,5.314756523946971,5.373517982504607
1.9210785116792155,0.94579330432098,0.44774581238426236,5.323219643657952,5.344427874008724,5.313641873947005,5.372189732504609
1.9211769702334127,0.9456878336959785,0.44774581238426236,5.32274886240798,5.344053724008707,5.313084548947021,5.3715256075046085
1.9211238796084116,0.9457581474459795,0.4477335360040009,5.323031331157964,5.344427874008724,5.313456098947011,5.372189732504609
1.9212377835542191,0.94579330432098,0.4477376281307547,5.323219643657952,5.3443343365087195,5.313548986447008,5.371999982504608
1.9212377835542191,0.9457152678751737,0.4477417202575086,5.323219643657952,5.344521411508728,5.313548986447008,5.372379482504607
1.9213439648042214,0.9456449541251728,0.4477376281307547,5.322937174907969,5.344053724008707,5.312341448947044,5.3715256075046085
1.9212377835542191,0.9457504247501742,0.4477253517504932,5.323031331157964,5.3443343365087195,5.313177436447019,5.372094857504608
1.9212908741792203,0.945722990570979,0.4477335360040009,5.32274886240798,5.34321188650867,5.312062786447052,5.37076660750461
1.9212377835542191,0.9456801110001734,0.4477417202575086,5.322937174907969,5.344614949008731,5.313270323947016,5.372284607504608
1.9212377835542191,0.9456801110001734,0.4477253517504932,5.323031331157964,5.344427874008724,5.313456098947011,5.372284607504608
1.9212377835542191,0.9457152678751737,0.4477376281307547,5.323031331157964,5.343024811508662,5.312062786447052,5.37076660750461
1.9212908741792203,0.9456449541251728,0.4477417202575086,5.32274886240798,5.344521411508728,5.3133632114470135,5.372094857504608
1.9210785116792155,0.9457855816251748,0.4477253517504932,5.32274886240798,5.344427874008724,5.313548986447008,5.372189732504609
1.9212377835542191,0.9457504247501742,0.4477417202575086,5.323031331157964,5.344614949008731,5.313641873947005,5.372189732504609
1.921184692929218,0.9457504247501742,0.4477376281307547,5.323031331157964,5.344614949008731,5.313641873947005,5.372189732504609
1.9212377835542191,0.9457504247501742,0.4477417202575086,5.32274886240798,5.344614949008731,5.313548986447008,5.372189732504609
1.9212377835542191,0.9457152678751737,0.44774581238426236,5.322843018657975,5.344614949008731,5.313641873947005,5.372189732504609
1.9212377835542191,0.9456801110001734,0.44774990451101626,5.322937174907969,5.344708486508736,5.313548986447008,5.372379482504607
1.9212300608584139,0.9456449541251728,0.4477417202575086,5.322654706157987,5.3443343365087195,5.313456098947011,5.372189732504609
1.9212908741792203,0.9457152678751737,0.4477417202575086,5.322937174907969,5.344427874008724,5.313641873947005,5.372094857504608
1.9211316023042169,0.9457581474459795,0.4477376281307547,5.322843018657975,5.344614949008731,5.313548986447008,5.372094857504608
1.921184692929218,0.945722990570979,0.4477417202575086,5.323031331157964,5.3448020240087395,5.313641873947005,5.372569232504608
1.9212908741792203,0.9456955563917838,0.44774581238426236,5.322937174907969,5.3443343365087195,5.313270323947016,5.372094857504608
1.9212377835542191,0.9457658701417848,0.44774990451101626,5.322843018657975,5.344614949008731,5.313270323947016,5.372379482504607
1.9212908741792203,0.9457658701417848,0.44774990451101626,5.323031331157964,5.343960186508703,5.312712998947033,5.371430732504608
1.921184692929218,0.94579330432098,0.4477212596237393,5.323031331157964,5.344427874008724,5.313456098947011,5.372094857504608
1.9211316023042169,0.9457581474459795,0.4477417202575086,5.323031331157964,5.344427874008724,5.313548986447008,5.372189732504609
1.921184692929218,0.9457658701417848,0.4477335360040009,5.322937174907969,5.344427874008724,5.313270323947016,5.372189732504609
1.9212908741792203,0.9456603995167834,0.447729443877247,5.322843018657975,5.344427874008724,5.313456098947011,5.372189732504609
1.921184692929218,0.9456955563917838,0.44774990451101626,5.322843018657975,5.344521411508728,5.313641873947005,5.372284607504608
1.9212908741792203,0.945722990570979,0.44774581238426236,5.32274886240798,5.344427874008724,5.313641873947005,5.372284607504608
1.9211316023042169,0.9457581474459795,0.4477335360040009,5.323031331157964,5.344427874008724,5.313548986447008,5.372189732504609
1.9212908741792203,0.9457581474459795,0.4477376281307547,5.322937174907969,5.344521411508728,5.313548986447008,5.372379482504607
1.9212377835542191,0.945722990570979,0.4477417202575086,5.32274886240798,5.344427874008724,5.313548986447008,5.372189732504609
1.9212377835542191,0.9456878336959785,0.4477539966377701,5.323031331157964,5.344240799008715,5.313270323947016,5.372379482504607
1.921184692929218,0.9457581474459795,0.44774990451101626,5.322937174907969,5.344427874008724,5.313177436447019,5.372094857504608
1.9213439648042214,0.9457581474459795,0.44774581238426236,5.322843018657975,5.344521411508728,5.313641873947005,5.372189732504609
1.9210785116792155,0.9456878336959785,0.44774990451101626,5.322843018657975,5.344521411508728,5.313548986447008,5.371999982504608
1.9211316023042169,0.9457581474459795,0.44774990451101626,5.32274886240798,5.343305424008674,5.311969898947055,5.370861482504609
1.9213970554292226,0.94579330432098,0.44774990451101626,5.323031331157964,5.343773111508694,5.312434336447041,5.371335857504609
